# sector=11 Eg=892.8858603552436 eta=0.065 area=25.98076211353316 Kexp=4.779242292992208 source_norm2=32.62436867954273 lattice=corrected Np=13 t1=1.0 t3=0.2 V1=100.0 V2=0.0 V3=0.0 requested_mmax=600 lanczos_steps=600 lanczos_breakdown=false residual=3.654533872867244e-12 drude_weight=-2.864875821641294
# omega Re_total Im_total Re_regular Im_regular Re_drude Im_drude
0 -10.27412967400981 -0 0.3849676468167767 -0 -10.65909732082659 -0
0.002 -10.26397735914097 -0.3377951167208184 0.385038053602544 -0.01013310402101793 -10.64901541274352 -0.3276620126998005
0.004 -10.23363443749066 -0.6737379179984631 0.3852493588998879 -0.02026814591289062 -10.61888379639055 -0.6534697720855724
0.006 -10.18343976419552 -1.006010900558252 0.3856018177083311 -0.03040706222866505 -10.56904158190386 -0.9756038383295866
0.008 -10.11394755321202 -1.332864821805814 0.3860958556227492 -0.04055178687230379 -10.50004340883477 -1.29231303493351
0.01 -10.02591213385431 -1.652649511818024 0.3867320697277338 -0.05070424972847948 -10.41264420358204 -1.601945262089545
0.012 -9.920267708229398 -1.963840948431145 0.3875112298553653 -0.06086637524626572 -10.30777893808476 -1.902974573184879
0.014 -9.798104100364784 -2.265063732148173 0.3884342802034867 -0.07104008094885292 -10.18653838056827 -2.19402365119932
0.016 -9.660639631558226 -2.555108376873134 0.3895023413255776 -0.08122727585558256 -10.0501419728838 -2.473881101017552
0.018 -9.509192318174403 -2.832943128832257 0.3907167124899909 -0.09142985880211695 -9.899909030664395 -2.74151327003014
0.02 -9.345150570009352 -3.097720314913595 0.3920788744214229 -0.1016497166272026 -9.737229444430774 -2.996070598286392
0.022 -9.169944479012594 -3.348777481781933 0.3935904924234498 -0.1118887222189644 -9.563534971436043 -3.236888759562969
0.024 -8.98501864435989 -3.585633802262018 0.3952534198959579 -0.1221487323829351 -9.380272064255848 -3.463485069879082
0.026 -8.791807298461661 -3.807982385811973 0.3970697022509154 -0.1324315855269435 -9.188877000712576 -3.67555080028503
0.028 -8.5917122978772 -4.015679231659432 0.3990415812388581 -0.1427390991171303 -8.990753879116058 -3.872940132542301
0.03 -8.386084340402967 -4.208729608480022 0.4011714996930991 -0.1530730668972229 -8.787255840096066 -4.055656541582799
0.032 -8.176207579043611 -4.387272639584466 0.4034621067045943 -0.1634352558315027 -8.579669685748206 -4.223837383752963
0.034 -7.963287635760125 -4.551564826830211 0.4059162632349191 -0.1738274027404966 -8.369203898995044 -4.377737424089715
0.036 -7.748442879454733 -4.701963170525524 0.4085370481837979 -0.1842512106026452 -8.156979927638531 -4.517711959922878
0.038 -7.532698726611194 -4.838908447222805 0.4113277649203519 -0.194708344481287 -7.944026491531546 -4.644200102741518
0.04 -7.316984649217934 -4.96290910242393 0.4142919482914773 -0.2052004270335228 -7.731276597509411 -4.757708675390408
0.042 -7.102133530615123 -5.074526109188234 0.4174333721219499 -0.21572903357351 -7.519566902737073 -4.858797075614724
0.044 -6.888882991717708 -5.17435904282603 0.4207560572179086 -0.2262956866234587 -7.309639048935616 -4.948063356202571
0.046 -6.677878312838017 -5.26303353092849 0.4242642798906264 -0.2369018499205277 -7.102142592728644 -5.026131681007962
0.048 -6.469676595049139 -5.341190159520433 0.4279625810103388 -0.2475489218149733 -6.897639176059477 -5.09364123770546
0.05 -6.264751834873097 -5.409474851451929 0.4318557756090333 -0.2582382280041358 -6.696607610482131 -5.151236623447793
0.052 -6.063500622829409 -5.468530682231066 0.4359489630404618 -0.2689710135351708 -6.49944958586987 -5.199559668695895
0.054 -5.866248216451657 -5.518991060544481 0.4402475377133527 -0.2797484340073973 -6.30649575416501 -5.239242626537084
0.056 -5.673254779007793 -5.561474174320173 0.4447572004097224 -0.2905715458989291 -6.118011979417515 -5.270902628421243
0.058 -5.4847216142663 -5.596578586681898 0.4494839701970457 -0.3014412959299889 -5.934205584463346 -5.295137290751909
0.06 -5.300797263820739 -5.62487985777792 0.4544341969450538 -0.3123585093787262 -5.755231460765793 -5.312521348399193
0.062 -5.121583365873771 -5.646928066471949 0.4596145744524563 -0.3233238772377009 -5.581197940326228 -5.323604189234248
0.064 -4.947140202560744 -5.663246108757382 0.4650321541863215 -0.3343379421141179 -5.412172356747066 -5.328908166643264
0.066 -4.77749188677649 -5.674328656033861 0.4706943596391172 -0.3454010827503211 -5.248186246415607 -5.32892757328354
0.068 -4.612631159233543 -5.680641664968282 0.4766090012922026 -0.3565134970336551 -5.089240160525746 -5.324128167934627
0.07 -4.452523782391093 -5.682622340594961 0.4827842921834089 -0.3676751833608833 -4.935308074574501 -5.314947157234078
0.072 -4.297112530405294 -5.68067946482709 0.4892288640566404 -0.3788859201923324 -4.786341394461934 -5.301793544634758
0.074 -4.146320783751142 -5.675194013172055 0.4959517840761259 -0.3901452436456265 -4.642272567827268 -5.285048769526428
0.076 -4.000055744151264 -5.666519992661579 0.5029625720663479 -0.4014524229302178 -4.503018316217612 -5.265067569731361
0.078 -3.858211290296097 -5.654985443679243 0.5102712182393897 -0.412806433436659 -4.368482508535487 -5.242179010242585
0.08 -3.720670497987148 -5.640893557224286 0.5178882013533063 -0.424205927266803 -4.238558699340454 -5.216687629957483
0.082 -3.587307850114806 -5.624523867141319 0.5258245072230637 -0.435649200961238 -4.11313235733787 -5.188874666180081
0.084 -3.457991162572877 -5.606133483983044 0.5340916475053369 -0.4471341601896596 -3.992082810078214 -5.158999323793384
0.086 -3.332583252130457 -5.585958343371489 0.542701678640761 -0.4586582811203389 -3.875284930771218 -5.12730006225115
0.088 -3.210943371586154 -5.56421444712414 0.5516672208185862 -0.4702185681761841 -3.76261059240474 -5.093995878947956
0.09 -3.092928436416146 -5.541099080032452 0.5610014768083846 -0.4818115078754109 -3.65392991322453 -5.059287572157041
0.092 -2.978394065763376 -5.516791989043214 0.5707182504547921 -0.4934330183959605 -3.549112316218168 -5.023358970647253
0.094 -2.867195459053733 -5.491456514902886 0.5808319646115561 -0.5050783945253912 -3.448027423665289 -4.986378120377495
0.096 -2.759188127921353 -5.465240668982215 0.5913576782308929 -0.516742247588129 -3.350545806152246 -4.948498421394086
0.098 -2.654228501478277 -5.43827815025158 0.6023111022886127 -0.5284184399568831 -3.25653960376689 -4.909859710294697
0.1 -2.552174421381761 -5.410689299135863 0.6137086141537277 -0.5401000136966502 -3.165883035535489 -4.870589285439213
0.102 -2.45288554161793 -5.382581986438466 0.6255672699544492 -0.5517791128941176 -3.078452811572379 -4.830802873544348
0.104 -2.35622364648859 -5.354052436639175 0.6379048144177543 -0.5634468991890232 -2.994128460906345 -4.790605537450151
0.106 -2.262052898978309 -5.325185985749383 0.6507396875615225 -0.5750934600075037 -2.912792586539832 -4.750092525741879
0.108 -2.170240030459632 -5.296057774583119 0.6640910275359831 -0.5867077089904049 -2.834331057995615 -4.709350065592714
0.11 -2.080654481629022 -5.266733378786572 0.6779786687839842 -0.5982772780876389 -2.758633150413007 -4.668456100698934
0.112 -1.993168503597492 -5.237269377340278 0.6924231345736772 -0.6097884007991864 -2.685591638171169 -4.627480976541091
0.114 -1.907657227221049 -5.20771386150458 0.7074456228162496 -0.6212257860545476 -2.615102850037299 -4.586488075450032
0.116 -1.823998708045901 -5.17810688633301 0.7230679839111332 -0.6325724822250712 -2.547066691957034 -4.545534404107939
0.118 -1.742073953618323 -5.148480867017039 0.7393126891990408 -0.6438097308255174 -2.481386642817364 -4.504671136191521
0.12 -1.661766939425734 -5.118860922374904 0.7562027883859347 -0.6549168094918241 -2.417969727811669 -4.46394411288308
0.122 -1.582964619302225 -5.089265167880603 0.7737618541130421 -0.6658708639319486 -2.356726473415267 -4.423394303948654
0.124 -1.50555693586052 -5.059704960649914 0.7920139115703426 -0.6766467286279612 -2.297570847430862 -4.383058232021953
0.126 -1.429436836251031 -5.030185098890188 0.8109833508288321 -0.6872167362430687 -2.240420187079863 -4.342968362647119
0.128 -1.354500298419063 -5.000703978399244 0.8306948192718645 -0.6975505158694169 -2.185195117690927 -4.303153462529827
0.13 -1.280646372973713 -4.971253708817915 0.8511730911916043 -0.7076147804872804 -2.131819464165317 -4.263638928330634
0.132 -1.207777245729519 -4.941820192556312 0.8724429113443566 -0.71737310434475 -2.080220157073875 -4.224447088211562
0.134 -1.135798326053337 -4.912383169545158 0.8945288089041641 -0.7267856913250789 -2.030327134957501 -4.185597478220079
0.136 -1.064618366220454 -4.882916231316607 0.9174548779365953 -0.7358091358495497 -1.98207324415705 -4.147107095467057
0.138 -0.9941496170590304 -4.853386808372124 0.9412445202262988 -0.7443961784432718 -1.935394137285329 -4.108990629928853
0.14 -0.9243080253104888 -4.823756135339168 0.9659201459588639 -0.7524954587590232 -1.890228171269353 -4.071260676580144
0.142 -0.8550134781807854 -4.793979199132179 0.9915028275509927 -0.7600512696873721 -1.846516305731778 -4.033927929444807
0.144 -0.7861901006390093 -4.7640046761557 1.01801190170434 -0.7670033171181274 -1.804202002343349 -3.997001359037573
0.146 -0.7177666109639673 -4.733774865609594 1.045464514696435 -0.7732864910493066 -1.763231125660402 -3.960488374560288
0.148 -0.6496767399199899 -4.703225627110753 1.073875105940638 -0.7788306549973245 -1.723551845860627 -3.924394972113429
0.15 -0.5818597186182854 -4.672286332207102 1.103254825085824 -0.7835604621206959 -1.68511454370411 -3.888725870086407
0.152 -0.5142608395993054 -4.640879840886681 1.133610878373995 -0.7873952080875787 -1.647871717973301 -3.853484632799103
0.154 -0.4468320948736415 -4.608922515867531 1.164945800709635 -0.7902487324856143 -1.611777895583277 -3.818673783381917
0.156 -0.3795328934866615 -4.576324289294599 1.197256651014313 -0.7920293824922601 -1.576789544500975 -3.784294906802339
0.158 -0.3123308595898575 -4.542988798401794 1.230534129977868 -0.7926400545294772 -1.542864989567725 -3.750348743872316
0.16 -0.2452027098796228 -4.508813608670044 1.264761621402601 -0.7919783316676466 -1.509964331282224 -3.716835277002398
0.162 -0.1781352065261654 -4.473690544938334 1.2999141610439 -0.7899367365329399 -1.478049367570066 -3.683753808405394
0.164 -0.1111261783456825 -4.437506152667606 1.335957340194607 -0.7864031212736465 -1.447083518540289 -3.651103031393959
0.166 -0.04418559874395322 -4.400142312980737 1.372846155464295 -0.7812612176181349 -1.417031754208248 -3.618881095362602
0.168 0.02266329595775085 -4.361477035983013 1.410523821104668 -0.7743913709879029 -1.387860525146918 -3.58708566499511
0.17 0.08938287008543178 -4.321385456983228 1.448920566100294 -0.7656714827905108 -1.359537696014863 -3.555713974192718
0.172 0.1559199628149261 -4.279741059284484 1.487952444713011 -0.7549781841080152 -1.332032481898084 -3.524762875176469
0.174 0.222204809084996 -4.236417144893258 1.527520196479342 -0.7421882617145465 -1.305315387394346 -3.494228883178711
0.176 0.288150050941351 -4.191288570462318 1.567508199303396 -0.7271803533589352 -1.279358148362045 -3.464108217103382
0.178 0.3536498908221133 -4.144233759698808 1.607783567072979 -0.7098369231964374 -1.254133676250865 -3.43439683650237
0.18 0.4185794458260774 -4.095136995035316 1.648195450754196 -0.6900465198497574 -1.229616004928119 -3.405090475185558
0.182 0.4827943685048 -4.043890980353063 1.68857460841731 -0.667706308598035 -1.20578023991251 -3.376184671755028
0.184 0.5461308045483084 -3.990399652895718 1.728733314474317 -0.6427248555667092 -1.182602509926009 -3.347674797329009
0.186 0.6084057601246289 -3.934581206245269 1.768465680798809 -0.6150251255468471 -1.16005992067418 -3.319556080698422
0.188 0.6694179502992745 -3.876371267845782 1.807548461065084 -0.5845476367077479 -1.13813051076581 -3.291823631138034
0.19 0.7289491944283473 -3.815726154556647 1.845742404111976 -0.5512536954814251 -1.116793209683629 -3.264472459075222
0.192 0.7867664133050407 -3.752626109312318 1.882794211024438 -0.5151286145104047 -1.096027797719398 -3.237497494801913
0.194 0.8426242659341703 -3.687078402419364 1.918439133722621 -0.4761847970199884 -1.07581486778845 -3.210893605399376
0.196 0.8962684405097332 -3.619120164188095 1.952404229550617 -0.4344645541571226 -1.056135789040884 -3.184655610030973
0.198 0.9474395849027886 -3.54882080341361 1.984412257091702 -0.390042509668919 -1.036972672188914 -3.158778293744691
0.2 0.9958778275551314 -3.476283860790294 2.014186164027541 -0.3430274408751869 -1.01830833647241 -3.133256419915107
0.202 1.041327801687149 -3.401648149660913 2.041454079874369 -0.2935634082175518 -1.00012627818722 -3.108084741443361
0.204 1.083544046669411 -3.325088050052525 2.065954687372981 -0.2418300392290144 -0.9824106407035695 -3.08325801082351
0.206 1.122296623136691 -3.246812846699899 2.087442809041244 -0.1880418575254704 -0.9651461859045527 -3.058770989174429
0.208 1.157376746510738 -3.167065037508801 2.105695013488193 -0.1324465831809473 -0.9483182669774544 -3.034618454327854
0.21 1.188602220511703 -3.086117584480845 2.120515023005078 -0.07532237642532656 -0.9319128024933747 -3.010795208055518
0.212 1.215822441169806 -3.004270132076629 2.131738692883129 -0.01697404956548614 -0.9159162517133221 -2.987296082511143
0.214 1.238922745321884 -2.921844274594264 2.139238336383484 0.04227167136239016 -0.9003155910616006 -2.964115945956654
0.216 1.25782789668224 -2.839178010170867 2.142926188392158 0.1020716976651674 -0.8850982917099178 -2.941249707836035
0.218 1.27250453717687 -2.756619569379131 2.142756835395045 0.1620727538756712 -0.8702522982181748 -2.918692323254802
0.22 1.282962479266798 -2.674520846748501 2.138728487447175 0.2219179501696973 -0.8557660081803767 -2.896438796918198
0.222 1.289254773177193 -2.59323068965452 2.130883026003676 0.2812534969220865 -0.8416282528264839 -2.874484186576606
0.224 1.291476546571769 -2.513088308544257 2.119304825105111 0.3397352974783367 -0.8278282785333418 -2.852823606022593
0.226 1.289762678059634 -2.434417064357395 2.10411840725969 0.3970351633228019 -0.8143557292000565 -2.831452227680197
0.228 1.284284424688849 -2.357518863938703 2.085485054134176 0.452846420884902 -0.8012006294453261 -2.810365284823605
0.23 1.275245172570378 -2.282669354997073 2.063598541156677 0.5068887184621386 -0.7883533685862989 -2.789558073459212
0.232 1.262875515488511 -2.210114062336659 2.038680200849023 0.5589118915654734 -0.7758046853605113 -2.769025953902133
0.234 1.247427886695158 -2.140065551296807 2.010973540049498 0.6086988007788164 -0.76354565335434 -2.748764352075624
0.236 1.229170973749212 -2.072701647673121 1.980738640852437 0.6560671128862798 -0.7515676671032249 -2.728768760559401
0.238 1.208384136232853 -2.008164689915525 1.948246565063495 0.7008700494951319 -0.7398624288306418 -2.709034739410658
0.24 1.185352023945089 -1.946561743243395 1.913773959739547 0.7429961735361406 -0.7284219357944576 -2.689557916779536
0.242 1.160359561775891 -1.887965668633932 1.877598029986761 0.7823683207049996 -0.7172384682108701 -2.670333989338932
0.244 1.133687430535824 -1.832416914099681 1.839992008263468 0.8189418084471682 -0.7063045777276443 -2.651358722546849
0.246 1.105608133931296 -1.779925881200053 1.801221210351066 0.8527020695578459 -0.6956130764197701 -2.632627950757899
0.248 1.07638270374146 -1.73047571567376 1.761539730023502 0.8836618615254156 -0.6851570262820419 -2.614137577199175
0.25 1.046258060507981 -1.684025375917014 1.721187789702321 0.9118581979073705 -0.6749297291943399 -2.595883573824384
0.252 1.015465017298336 -1.640512844698506 1.680389734634962 0.9373491363604126 -0.6649247173366258 -2.577861981058919
0.254 0.9842168903921251 -1.599858366083105 1.63935263442396 0.960210541364371 -0.6551357440318344 -2.560068907447476
0.256 0.9527086632657147 -1.561967608884768 1.598265438261663 0.9805329203300427 -0.6455567749959481 -2.542500529214811
0.258 0.9211166387871034 -1.52673467836373 1.557298618762697 0.9984184113855512 -0.636181979975594 -2.525153089749281
0.26 0.8895985085290783 -1.494044917938772 1.516604233283583 1.013977981079248 -0.6270057247545051 -2.50802289901802
0.262 0.8582937665320454 -1.463777461194921 1.476316330043173 1.027328871726853 -0.6180225635111272 -2.491106332921774
0.264 0.8273243969696688 -1.435807510907096 1.436551628480232 1.038592321689652 -0.609227231510563 -2.474399832596748
0.266 0.7967957698088518 -1.410008335613214 1.397410407923739 1.047891568056938 -0.6006146381148868 -2.457899903670152
0.268 0.7667976850039941 -1.386252985470089 1.358977545100673 1.055350130005448 -0.5921798600966788 -2.441603115475537
0.27 0.7374055132062644 -1.364415737724817 1.321323648447656 1.061090362508657 -0.5839181352413917 -2.425506100233473
0.272 0.708681388729164 -1.344373288340611 1.284506244954053 1.065232263862001 -0.5758248562248888 -2.409605552202612
0.274 0.6806754182590863 -1.326005710481396 1.248570983012271 1.067892516324338 -0.567895564753185 -2.393898226805734
0.276 0.6534268760160734 -1.309197202942019 1.213552821968143 1.069183736792921 -0.5601259459520692 -2.37838093973494
0.278 0.6269653627607837 -1.293836652633771 1.179477185755696 1.069213913406009 -0.5525118229949125 -2.36305056603978
0.28 0.6013119118143958 -1.27981803512738 1.146361063771943 1.068086004074361 -0.545049151957547 -2.347904039201741
0.282 0.5764800303493279 -1.267040676387041 1.11421404723899 1.065897673811187 -0.5377340168896624 -2.332938350198228
0.284 0.5524766683882705 -1.25540939738485 1.083039293480957 1.062741149173965 -0.5305626250926867 -2.318150546558815
0.286 0.5293031113905504 -1.244834561495247 1.052834413985177 1.058703169921108 -0.5235313025946262 -2.303537731416355
0.288 0.5069557950555709 -1.235232042597446 1.023592284868375 1.053865019957748 -0.5166364898128043 -2.289097062555194
0.29 0.4854270431033281 -1.226523129768708 0.995301780499222 1.048302621689896 -0.509874737395894 -2.274825751458604
0.292 0.4647057303458246 -1.218634382438816 0.9679484325828854 1.042086679918442 -0.5032427022370608 -2.260721062357258
0.294 0.4447778745506969 -1.211497447955906 0.9415150182011347 1.035282863324535 -0.4967371436504378 -2.246780311280441
0.296 0.4256271613247271 -1.205048851721808 0.9159820810282617 1.027952013389674 -0.4903549197035347 -2.233000865111481
0.298 0.4072354067416079 -1.199229768429142 0.8913283904401571 1.020150372219592 -0.4840929836985493 -2.219380140648733
0.3 0.3895829626611944 -1.193985781468457 0.8675313434570801 1.011929822204862 -0.4779483807958857 -2.205915603673319
0.302 0.3726490697554865 -1.189266636284971 0.8445673145290075 1.003338131739696 -0.471918244773521 -2.192604768024667
0.304 0.3564121631606461 -1.185025992341836 0.8224119580768031 0.9944192023429599 -0.4659997949161571 -2.179445194684796
0.306 0.3408501355018553 -1.181221177378159 0.8010404685302562 0.9852133134940046 -0.4601903330284009 -2.166434490872164
0.308 0.3259405618024898 -1.17781294682456 0.7804278023689738 0.9757573623212403 -0.454487240566484 -2.153570309145801
0.31 0.311660890481768 -1.174765250547166 0.7605488663650706 0.9660850959732006 -0.4488879758833026 -2.140850346520366
0.312 0.2979886043488357 -1.172045008507531 0.7413786759306404 0.9562273350851315 -0.4433900715818048 -2.128272343592663
0.314 0.284901355171693 -1.169621896450154 0.7228924871436863 0.9462121872299369 -0.4379911319719933 -2.115834083680091
0.316 0.2723770750712233 -1.167468142338773 0.7050659056982573 0.9360652496326543 -0.432688830627034 -2.103533391971427
0.318 0.2603940676939939 -1.165558333943989 0.6878749757281692 0.9258098007462837 -0.4274809080341753 -2.091368134690273
0.32 0.2489310818004348 -1.163869237738292 0.6712962511368225 0.9154669805331547 -0.4223651693363876 -2.079336218271447
0.322 0.2379673696451581 -1.16237962905017 0.6553068518059818 0.9050559595003722 -0.4173394821608237 -2.067435588550542
0.324 0.2274827322372647 -1.161070133287548 0.6398845067676475 0.8945940966792832 -0.4124017745303828 -2.055664229966831
0.326 0.2174575533608846 -1.15992307791306 0.6250075862157214 0.8840970868665833 -0.4075500328548368 -2.044020164779643
0.328 0.2078728239876472 -1.15892235478281 0.6106551239857899 0.8735790975155099 -0.4027822999981427 -2.03250145229832
0.33 0.19871015853041 -1.158053292392934 0.5968068319491266 0.8630528957328587 -0.3980966734187166 -2.021106188125792
0.332 0.1899518042088605 -1.157302537541357 0.5834431075884647 0.8525299658744679 -0.3934913033796043 -2.009832503415825
0.334 0.1815806446226761 -1.156657945895915 0.5705450358482859 0.8420206182479874 -0.3889643912256098 -1.998678564143903
0.336 0.1735801985008225 -1.15610848094319 0.5580943862254178 0.8315340894485641 -0.3845141877245953 -1.987642570391754
0.338 0.1659346144627015 -1.15564412079512 0.546073605932979 0.8210786348503234 -0.3801389914702776 -1.976722755645444
0.34 0.158628662503935 -1.155255772345275 0.5344658098479144 0.810661613761694 -0.3758371473439793 -1.965917386106969
0.342 0.1516477228406901 -1.154935192268181 0.5232547678735918 0.8002895677510864 -0.3716070450329017 -1.955224760019268
0.344 0.1449777726364659 -1.154674914387033 0.5124248902390666 0.7899682926174996 -0.3674471176026006 -1.944643207004532
0.346 0.1386053710774567 -1.154468182944414 0.5019612111989044 0.7797029044712915 -0.3633558401214476 -1.934171087415705
0.348 0.1325176431795926 -1.154308891343093 0.4918493715145536 0.7694979003579292 -0.359331728334961 -1.923806791701022
0.35 0.1267022626663371 -1.1541915259395 0.4820756000543217 0.7593572138419551 -0.3553733373879845 -1.913548739781455
0.352 0.1211474341945125 -1.154111114503469 0.4726266947872927 0.7492842659374324 -0.3514792605927802 -1.903395380440902
0.354 0.1158418751638887 -1.154063178979576 0.4634900034050813 0.7392820117493802 -0.3476481282411927 -1.893345190728957
0.356 0.1107747973115347 -1.154043692209346 0.454653403770651 0.7293529831667369 -0.3438786064591163 -1.883396675376083
0.358 0.1059358882542287 -1.154049038297325 0.4461052843558107 0.719499327923696 -0.340169396101582 -1.873548366221021
0.36 0.1013152931167288 -1.154075976326257 0.4378345248035762 0.7097228453239741 -0.3365192316868473 -1.863798821650231
0.362 0.09690359635811591 -1.154121607147478 0.4298304767260667 0.7000250189017251 -0.3329268803679508 -1.854146626049203
0.364 0.09269180388419751 -1.154183342996889 0.4220829448244505 0.6904070462685276 -0.329391140940253 -1.844590389265417
0.366 0.08867132552216156 -1.154258879699551 0.4145821684057152 0.6808698663832283 -0.3259108428835537 -1.835128746082779
0.368 0.08483395791244197 -1.154346171250145 0.4073188033498767 0.671414184457178 -0.3224848454374348 -1.825760355707323
0.37 0.08117186786487346 -1.154443406568301 0.4002839045734108 0.6620404946956803 -0.3191120367085373 -1.816483901263982
0.372 0.07767757620756571 -1.154548988250002 0.3934689090161005 0.6527491010542281 -0.3157913328085348 -1.80729808930423
0.374 0.07434394215730478 -1.154661513143248 0.3868656191789238 0.6435401361811449 -0.312521677021619 -1.798201649324393
0.376 0.07116414822371125 -1.15477975459698 0.3804661872240775 0.6344135786974464 -0.3093020390003663 -1.789193333294426
0.378 0.06813168565704864 -1.154902646240322 0.3742630996459435 0.6253692689566361 -0.3061314139888949 -1.780271915196958
0.38 0.06524034044530369 -1.155029267161968 0.3682491625175818 0.6164069234144274 -0.3030088220722781 -1.771436190576395
0.382 0.06248417985707178 -1.15515882837121 0.3624174873082858 0.607526147726694 -0.299933307451214 -1.762684976097904
0.384 0.05985753952598794 -1.155290660433521 0.356761477266986 0.5987264486825291 -0.2969039377409981 -1.75401710911605
0.386 0.05735501107206825 -1.155424202175868 0.351274814365953 0.5900072450770476 -0.2939198032938848 -1.745431447252916
0.388 0.05497143024441953 -1.155558990376321 0.3459514467883807 0.58136787760917 -0.2909800165439612 -1.736926867985491
0.39 0.05270186557948364 -1.155694650348758 0.3407855769531751 0.5728076178933912 -0.2880837113736915 -1.728502268242149
0.392 0.0505416075556594 -1.155830887350731 0.3357716500569883 0.5643256766572836 -0.2852300425013289 -1.720156564008014
0.394 0.04848615823386732 -1.155967478740265 0.3309043431222872 0.555921211198773 -0.2824181848884199 -1.711888689939038
0.396 0.04653122136581345 -1.156104266821057 0.3261785545324749 0.5475933321635262 -0.2796473331666615 -1.703697598984584
0.398 0.04467269295568616 -1.156241152314519 0.3215893940390865 0.5393411097038405 -0.2769167010834004 -1.69558226201836
0.4 0.04290665225814982 -1.156378088406348 0.3171321732232424 0.5311635790711453 -0.2742255209650926 -1.687541667477493
0.402 0.04122935319599358 -1.156515075318568 0.312802396394061 0.5230597456910182 -0.2715730431980674 -1.679574821009586
0.404 0.03963721618102661 -1.156652155362409 0.3085957519069977 0.5150285897651653 -0.2689585357259711 -1.671680745127574
0.406 0.03812682032176568 -1.15678940842973 0.3045081038850495 0.5070690704424733 -0.2663812835632838 -1.663858478872204
0.408 0.03669489600201531 -1.156926947886755 0.3005354843263499 0.4991801295952214 -0.2638405883243345 -1.656107077481976
0.41 0.03533831781446894 -1.157064916834366 0.2966740855817246 0.4913606952360156 -0.2613357677672556 -1.648425612070382
0.412 0.03405409783215485 -1.157203484705911 0.2929202531845012 0.4836096846043453 -0.2588661553523463 -1.640813169310256
0.414 0.03283937920534069 -1.157342844170585 0.28927047901967 0.4759260069545281 -0.2564310998143293 -1.633268851125113
0.416 0.03169143006599501 -1.157483208320241 0.2857213948140071 0.4683085660670362 -0.2540299647480121 -1.625791774387278
0.418 0.03060763772901137 -1.157624808109899 0.2822697659358878 0.4607562625127832 -0.2516621282068764 -1.618381070622682
0.42 0.02958550317266878 -1.157767890036639 0.2789124854868132 0.4532679956855249 -0.2493269823141444 -1.611035885722164
0.422 0.02862263578858257 -1.157912714030984 0.275646568674465 0.445842665628129 -0.2470239328858824 -1.603755379659113
0.424 0.02771674838560953 -1.158059551545937 0.2724691474513338 0.4384791746674034 -0.2447523990657243 -1.59653872621334
0.426 0.02686565243684694 -1.158208683826 0.2693774654076567 0.4311764288749995 -0.2425118129708097 -1.589385112700999
0.428 0.02606725355817582 -1.158360400339258 0.2663688729067255 0.4239333393711921 -0.2403016193485496 -1.58229373971045
0.43 0.02531954720602983 -1.158514997360599 0.2634408224498757 0.4167488234833034 -0.2381212752438458 -1.575263820843903
0.432 0.02462061458404891 -1.158672776692637 0.2605908642604545 0.4096218057720897 -0.2359702496764056 -1.568294582464726
0.434 0.02396861874962944 -1.158834044510292 0.2578166420774361 0.402551218939986 -0.2338480233278067 -1.561385263450278
0.436 0.02336180090757528 -1.158999110322555 0.2551158891455543 0.3955360046275819 -0.2317540882379791 -1.554535114950137
0.438 0.02279847688521269 -1.159168286036518 0.2524864243959988 0.388575114113087 -0.2296879475107861 -1.547743400149605
0.44 0.02227703377671017 -1.159341885119136 0.2499261488051056 0.3816675089192329 -0.2276491150283955 -1.541009394038369
0.442 0.02179592675028838 -1.159520221845146 0.2474330419244329 0.374812161339037 -0.2256371151741445 -1.534332383184183
0.444 0.02135367600902016 -1.159703610625769 0.2450051585726364 0.3680080548857017 -0.2236514825636162 -1.527711665511471
0.446 0.02094886389844783 -1.159892365409549 0.2426406256820973 0.3612541846751835 -0.2216917617836494 -1.521146550084733
0.448 0.02058013215308577 -1.160086799149484 0.2403376392921062 0.3545495577471496 -0.2197575071390205 -1.514636356896633
0.45 0.02024617927467209 -1.160287223332003 0.2380944616812138 0.34789319332867 -0.2178482824065417 -1.508180416660673
0.452 0.01994575803637733 -1.16049394756023 0.2359094186327084 0.3412841230481034 -0.2159636605963311 -1.501778070608333
0.454 0.01967767310566074 -1.160707279188351 0.2337808968256788 0.3347213911022372 -0.2141032237200181 -1.495428670290588
0.456 0.01944077878093176 -1.16092752300141 0.2317073413465886 0.3282040543822755 -0.2122665625656569 -1.489131577383685
0.458 0.01923397683550832 -1.161154980937251 0.2296872533146373 0.3217311825618425 -0.210453276479129 -1.482886163499093
0.46 0.01905621446375227 -1.161389951846388 0.2277191876155759 0.3153018581511329 -0.2086629731518236 -1.476691809997521
0.462 0.01890648232426145 -1.16163273128698 0.2258017507386537 0.3089151765199304 -0.2068952684143922 -1.470547907806911
0.464 0.01878381267539667 -1.16188361135126 0.2239335987117773 0.3025702458930577 -0.2051497860363806 -1.464453857244318
0.466 0.01868727759873087 -1.162142880519569 0.222113435130282 0.296266187322013 -0.2034261575315512 -1.458409067841582
0.468 0.0186159873051493 -1.162410823542212 0.2203400092738583 0.290002134632493 -0.201724021968709 -1.452412958174705
0.47 0.01856908852111727 -1.162687721342963 0.2186121143089788 0.2837772343538824 -0.2000430257878615 -1.446464955696845
0.472 0.01854576294926552 -1.162973850945395 0.2169285855708019 0.2775906456294536 -0.1983828226215363 -1.440564496574848
0.474 0.01854522580104453 -1.163269485417953 0.215288298922142 0.2714415401112805 -0.1967430731210975 -1.434711025529234
0.476 0.01856672439744714 -1.163574893836377 0.2136901691853481 0.2653291018411745 -0.195123444787901 -1.428903995677552
0.478 0.0186095368342506 -1.163890341261875 0.2121331486433871 0.2592525271191591 -0.1935236118091365 -1.423142868381034
0.48 0.01867297070862087 -1.164216088734465 0.2106162256068301 0.2532110243600033 -0.1919432548982092 -1.417427113094468
0.482 0.01875636190479521 -1.164552393277497 0.2091384230443153 0.247203813941713 -0.1903820611395201 -1.41175620721921
0.484 0.01885907343475929 -1.164899507915259 0.2076987972722655 0.2412301280440182 -0.1888397238375062 -1.406129635959277
0.486 0.01898049433240531 -1.165257681699684 0.2062964367022163 0.2352892104807492 -0.187315942369811 -1.400546892180433
0.488 0.01912003859778899 -1.165627159747321 0.2049304606422432 0.2293803165248897 -0.1858104220444542 -1.39500747627221
0.49 0.01927714418947171 -1.166008183283658 0.2036000181503531 0.22350271272914 -0.1843228739608813 -1.389510896012798
0.492 0.01945127206238706 -1.16640098969544 0.2023042869371575 0.2176556767412836 -0.1828530148747704 -1.384056666436724
0.494 0.01964190524932699 -1.166805812589457 0.2010424723158108 0.2118384971158196 -0.1814005670664838 -1.378644309705277
0.496 0.01984854798376973 -1.167222881856343 0.1998138061968217 0.2060504731232532 -0.1799652582130519 -1.373273354979596
0.498 0.02007072486205316 -1.167652423740378 0.1986175461256364 0.2002909145559974 -0.1785468212635832 -1.367943338296376
0.5 0.02030798004309897 -1.168094660913395 0.1974529743610942 0.194559141532722 -0.1771449943179952 -1.362653802446117
0.502 0.0205598764838906 -1.16854981255257 0.1963193969928584 0.1888544843013052 -0.1757595205089678 -1.357404296853875
0.504 0.02082599520901562 -1.169018094421688 0.1952161430960372 0.1831762830407559 -0.1743901478870215 -1.352194377462444
0.506 0.02110593461289054 -1.169499718954752 0.1941425639215166 0.1775238876631683 -0.1730366293086261 -1.34702360661792
0.508 0.02139930979255147 -1.169994895342917 0.1930980321198024 0.171896657614675 -0.1716987223272509 -1.341891552957592
0.51 0.02170575191029542 -1.170503829622857 0.1920819409975642 0.1662939616772518 -0.1703761890872688 -1.336797791300109
0.512 0.02202490758423206 -1.171026724767525 0.1910937038048595 0.1607151777703407 -0.1690687962206275 -1.331741902537866
0.514 0.02235643830579356 -1.171563780777477 0.1901327530520032 0.1551596927540879 -0.1677763147462096 -1.326723473531565
0.516 0.02270001988291798 -1.172115194773746 0.1891985398547176 0.1496269022331549 -0.1664985199717996 -1.321742097006901
0.518 0.02305534190746186 -1.172681161091883 0.1882905333060446 0.1441162103614382 -0.1652351913985828 -1.316797371453321
0.52 0.02342210724607616 -1.173261871376102 0.1874082198741775 0.1386270296487081 -0.1639861126281013 -1.31188890102481
0.522 0.02380003155321964 -1.17385751467439 0.1865511028248166 0.1331587807682805 -0.162751071271597 -1.307016295442671
0.524 0.02418884280568454 -1.174468277533078 0.1857187016673541 0.1277108923671497 -0.1615298588616695 -1.302179169900228
0.526 0.02458828085692921 -1.175094344092549 0.1849105516231149 0.1222828008768923 -0.1603222707661857 -1.297377144969441
0.528 0.02499809701136166 -1.175735896181657 0.184126203115734 0.1168739503277062 -0.1591281061043724 -1.292609846509363
0.53 0.02541805361674568 -1.17639311341304 0.183365221281778 0.1114837921633769 -0.1579471676650323 -1.287876905576417
0.532 0.02584792367434879 -1.177066173277425 0.1826271855011692 0.1061117850590124 -0.1567792618268204 -1.283177958336438
0.534 0.02628749046617312 -1.177755251237675 0.1819116889466965 0.1007573947407786 -0.1556241984805233 -1.278512645978453
0.536 0.02673654719829727 -1.178460520822272 0.1812183381515814 0.09542009380788609 -0.1544817909532841 -1.273880614630158
0.538 0.02719489665944916 -1.179182153718512 0.1805467525941659 0.09009936155652815 -0.1533518559347167 -1.26928151527504
0.54 0.02766235089480407 -1.179920319864142 0.1798965642996628 0.08479468380699214 -0.1522342134048587 -1.264715003671134
0.542 0.02813873089348903 -1.180675187539858 0.1792674174573969 0.07950555273149644 -0.1511286865639078 -1.260180740271355
0.544 0.02862386629003183 -1.181446923458925 0.1786589680537264 0.07423146668645689 -0.1500351017636946 -1.255678390145382
0.546 0.02911759507842415 -1.182235692857809 0.1780708835192652 0.06897193004525586 -0.148953288440841 -1.251207622903065
0.548 0.02961976333890273 -1.183041659584972 0.1775028423904621 0.06372645303432865 -0.1478830790515594 -1.246768112619301
0.55 0.03013022497636908 -1.183864986189043 0.1769545339844132 0.0584945515713299 -0.1468243090080441 -1.242359537760373
0.552 0.03064884147037009 -1.184705834006152 0.1764256580867846 0.05327574710555285 -0.1457768166164145 -1.237981581111705
0.554 0.0311754816360463 -1.185564363246002 0.1759159246522104 0.04806956646099703 -0.1447404430161641 -1.233633929706999
0.556 0.03171002139534151 -1.186440733077345 0.175425053516417 0.04287554168139266 -0.1437150321210754 -1.229316274758738
0.558 0.03225234355844853 -1.187335101712249 0.174952774120009 0.03769320987776272 -0.1427004305615605 -1.225028311590012
0.56 0.03280233761479309 -1.188247626490099 0.1744988252431808 0.03252211307754908 -0.1416964876283877 -1.220769739567648
0.562 0.03335989953328752 -1.189178463959525 0.1740629547510447 0.02736179807708354 -0.1407030552177572 -1.216540262036608
0.564 0.03392493157149576 -1.190127769960023 0.1736449193491843 0.02221181629561226 -0.1397199877776885 -1.212339586255635
0.566 0.03449734209330527 -1.191095699703011 0.1732444843489898 0.01707172363110314 -0.1387471422556845 -1.208167423334114
0.568 0.0350770453947597 -1.192082407851004 0.1728614234423974 0.01194108031912221 -0.1377843780476377 -1.204023488170126
0.57 0.03566396153772577 -1.193088048596901 0.1724955184856706 0.006819450792768682 -0.1368315569479448 -1.19990749938967
0.572 0.03625801619135485 -1.19411277574153 0.1721465592921528 0.001706403545491564 -0.1358885431007979 -1.195819179287021
0.574 0.03685914048045286 -1.195156742771104 0.1718143434330731 -0.003398489004887825 -0.1349552029526203 -1.191758253766216
0.576 0.03746727084125484 -1.196220102932661 0.1714986760468713 -0.008495650649044577 -0.1340314052056165 -1.187724452283617
0.578 0.03808234888369047 -1.197303009310199 0.1711993696560978 -0.01358550151863929 -0.1331170207724073 -1.18371750779156
0.58 0.03870432126014584 -1.198405614898878 0.1709162439918664 -0.01866845821583251 -0.1322119227317206 -1.179737156683045
0.582 0.03933313954069578 -1.199528072678455 0.1706491258258062 -0.02374493394100499 -0.1313159862851104 -1.17578313873745
0.584 0.03996876009418554 -1.200670535686792 0.1703978488088624 -0.02881533861954138 -0.1304290887146768 -1.17185519706725
0.586 0.04061114397516549 -1.201833157091851 0.1701622533169266 -0.03388007902612814 -0.1295511093417611 -1.167953078065723
0.588 0.04126025681655865 -1.203016090262906 0.1699421863031484 -0.03893955890729461 -0.1286819294865898 -1.164076531355612
0.59 0.04191606872764425 -1.204219488842158 0.1697375011564879 -0.04399417910342323 -0.1278214324288436 -1.160225309738735
0.592 0.04257855419737139 -1.205443506814058 0.1695480575664985 -0.04904433766754609 -0.1269695033691271 -1.156399169146512
0.594 0.04324769200269463 -1.206688298575444 0.1693737213940097 -0.05409042998404186 -0.126126029391315 -1.152597868591402
0.596 0.04392346512191944 -1.207954019004315 0.1692143645476731 -0.05913284888509665 -0.1252908994257537 -1.148821170119218
0.598 0.04460586065264707 -1.209240823528429 0.1690698648659421 -0.06417198476611477 -0.124464004213295 -1.145068838762314
0.6 0.04529486973451037 -1.210548868192898 0.168940106004652 -0.0692082256992831 -0.1236452362701416 -1.141340642493615
0.602 0.04599048747633235 -1.211878309727766 0.1688249773298146 -0.07424195754628492 -0.1228344898534822 -1.137636352181481
0.604 0.04669271288753644 -1.213229305614863 0.1687243738154343 -0.07927356406947396 -0.1220316609278978 -1.133955741545389
0.606 0.04740154881389824 -1.214602014154182 0.1686381959464164 -0.08430342704178209 -0.1212366471325182 -1.1302985871124
0.608 0.04811700187736724 -1.215996594530404 0.1685663496262776 -0.08933192635598136 -0.1204493477489103 -1.126664668174423
0.61 0.04883908241983123 -1.21741320687809 0.1685087460895112 -0.094359440131862 -0.11966966366968 -1.123053766746228
0.612 0.049567804450868 -1.218852012347124 0.1684653018186366 -0.09938634482290309 -0.1188974973677686 -1.119465667524221
0.614 0.05030318559925305 -1.220313173168065 0.1684359384656805 -0.1044130153221194 -0.1181327528664275 -1.115900157845945
0.616 0.05104524706810498 -1.221796852716528 0.1684205827779586 -0.1094398250662233 -0.1173753357098536 -1.112357027650305
0.618 0.05179401359374268 -1.223303215578183 0.1684191665282118 -0.1144671461396918 -0.1166251529344692 -1.108836069438491
0.62 0.05254951340811181 -1.224832427612695 0.1684316264489412 -0.1194953493770912 -0.1158821130408294 -1.105337078235604
0.622 0.05331177820452525 -1.22638465601806 0.1684579041706686 -0.12452480446512 -0.1151461259661433 -1.10185985155294
0.624 0.0540808431069741 -1.227960069394502 0.1684979461643656 -0.1295558800435443 -0.1144171030573915 -1.098404189350958
0.626 0.05485674664273782 -1.229558837808485 0.168551703687765 -0.134588943805607 -0.1136949570450272 -1.094969894002878
0.628 0.05563953071813668 -1.231181132856474 0.1686191327353825 -0.1396243625975458 -0.1129796020172458 -1.091556770258929
0.63 0.05642924059776686 -1.232827127728706 0.1687001939925748 -0.1446625025174908 -0.1122709533948079 -1.088164625211215
0.632 0.05722592488667666 -1.234496997272725 0.1687948527930813 -0.1497037290135287 -0.1115689279064047 -1.084793268259196
0.634 0.05802963551581811 -1.236190918057527 0.1689030790803677 -0.1547484069817661 -0.1108734435645496 -1.081442511075761
0.636 0.05884042773063203 -1.237909068437132 0.1690248473726184 -0.1597969008632339 -0.1101844196419864 -1.078112167573898
0.638 0.05965836008254954 -1.239651628614433 0.1691601367311477 -0.1648495747404996 -0.1095017766485982 -1.074802053873933
0.64 0.0604834944236864 -1.241418780705152 0.1693089307324941 -0.1699067924338152 -0.1088254363088077 -1.071511988271337
0.642 0.06131589590453529 -1.243210708802255 0.1694712174439908 -0.1749689175971717 -0.1081553215394555 -1.068241791205083
0.644 0.06215563297455536 -1.245027599039724 0.169646989402701 -0.1800363138131736 -0.1074913564281456 -1.064991285226551
0.646 0.06300277738586205 -1.246869639657556 0.1698362435979086 -0.1851093446886009 -0.1068334662120466 -1.061760294968955
0.648 0.06385740419987018 -1.248737021066416 0.1700389814570074 -0.1901883739491099 -0.1061815772571372 -1.058548647117306
0.65 0.06471959179685295 -1.250629935912165 0.17025520883474 -0.1952737655332952 -0.105535617037887 -1.05535617037887
0.652 0.06558942188853371 -1.252548579141544 0.1704849360058943 -0.2003658836874034 -0.1048955141173606 -1.05218269545414
0.654 0.06646697953364479 -1.254493148067729 0.1707281776613806 -0.2054650930594333 -0.1042611981277358 -1.049028055008296
0.656 0.06735235315639958 -1.25646384243613 0.1709849529076251 -0.2105717587929922 -0.1036325997512256 -1.045892083643138
0.658 0.0682456345680625 -1.258460864490859 0.1712552852694579 -0.2156862466213491 -0.1030096507013954 -1.04277461786951
0.66 0.06914691899146261 -1.260484419041189 0.1715392026963278 -0.22080892296102 -0.1023922837048652 -1.03967549608017
0.662 0.07005630508856514 -1.262534713528904 0.1718367375719534 -0.2259401550057805 -0.1017804324833883 -1.036594558523124
0.664 0.07097389499106933 -1.264611958095735 0.1721479267273665 -0.2310803108203303 -0.1011740317362971 -1.033531647275405
0.666 0.07189979433417923 -1.266716365651767 0.172472811457488 -0.23622975943448 -0.1005730171233088 -1.030486606217287
0.668 0.07283411229338187 -1.268848151943507 0.1728114375410621 -0.2413888709365779 -0.09997732524768026 -1.027459281006929
0.67 0.07377696162449769 -1.271007535623472 0.1731638552642049 -0.2465580165680281 -0.09938689363970719 -1.024449519055443
0.672 0.07472845870693307 -1.273194738319659 0.1735301194474896 -0.2517375688172902 -0.09880166074055652 -1.021457169502369
0.674 0.07568872359007801 -1.275409984705579 0.1739102894765043 -0.2569279015140206 -0.09822156588642626 -1.018482083191558
0.676 0.07665788004320055 -1.277653502571698 0.1743044293362253 -0.2621293899242397 -0.09764654929302478 -1.015524112647458
0.678 0.07763605560861747 -1.279925522896353 0.1747126076489795 -0.2673424108445762 -0.09707655204036206 -1.012583112051777
0.68 0.07862338165830582 -1.2822262799181 0.1751348977161517 -0.2725673426975589 -0.09651151605784586 -1.009658937220541
0.682 0.0796199934540904 -1.284556011208606 0.1755713775637664 -0.2778045656270827 -0.09595138410967599 -1.006751445581524
0.684 0.08062603021141211 -1.286914957745903 0.176022129991942 -0.2830544615938653 -0.09539609978052986 -1.003860496152037
0.686 0.08164163516673816 -1.289303363988784 0.1764872426282706 -0.288317414471687 -0.09484560746153249 -1.000985949517097
0.688 0.08266695564880634 -1.291721477951412 0.1769668079853113 -0.293593810143483 -0.09429985233650497 -0.9981276678079294
0.69 0.08370214315374783 -1.2941695512792 0.1774609235222324 -0.2988840365983644 -0.09375878036848456 -0.9952855146808358
0.692 0.08474735342409764 -1.296647839324901 0.1779696917106087 -0.3041884840285062 -0.09322233828651105 -0.9924593552963945
0.694 0.08580274653197334 -1.29915660122582 0.178493220104646 -0.309507544926822 -0.09269047357267271 -0.9896490562989978
0.696 0.08686848696650513 -1.301696099981955 0.1790316214159114 -0.3148416141852355 -0.09216313444940628 -0.9868544857967195
0.698 0.08794474372539465 -1.304266602533814 0.1795850135924402 -0.3201910891923096 -0.09164026986704557 -0.9840755133415046
0.7 0.08903169041118959 -1.306868379842421 0.1801535199028024 -0.3255563699327442 -0.09112182949161281 -0.9813120099096763
0.702 0.0901295053320206 -1.309501706969185 0.1807372690248682 -0.3309378590864316 -0.09060776369284756 -0.9785638478827536
0.704 0.09123837160707525 -1.312166863156805 0.1813363951395432 -0.336335962128229 -0.090098023532468 -0.9758309010285764
0.706 0.09235847727709157 -1.314864131910824 0.1819510380297506 -0.3417510874280965 -0.08959256075265901 -0.9731130444827272
0.708 0.09349001541985821 -1.317593801081924 0.1825813431846411 -0.3471836463516737 -0.0890913277647829 -0.9704101547302505
0.71 0.09463318427098162 -1.320356162948906 0.1832274619092885 -0.3526340533612471 -0.08859427763830684 -0.9677221095876594
0.712 0.09578818735010851 -1.323151514302329 0.183889551440052 -0.3581027261171015 -0.0881013640899435 -0.9650487881852273
0.714 0.09695523359287428 -1.325980156529442 0.1845677750658731 -0.3635900855798859 -0.08761254147299885 -0.9623900709495564
0.716 0.09813453748855087 -1.328842395698302 0.1852623022554747 -0.3690965561118801 -0.08712776476692378 -0.959745839586422
0.718 0.09932631922388699 -1.331738542643915 0.1859733087909517 -0.3746225655800306 -0.08664698956706474 -0.9571159770638843
0.72 0.1005308048333042 -1.334668913054336 0.1867009769079129 -0.3801685454586713 -0.08617017207460864 -0.9545003675956647
0.722 0.101748226355469 -1.3376338275569 0.1874454954421874 -0.3857349309321197 -0.08569726908671847 -0.9518988966247806
0.724 0.102978821996891 -1.340633611805722 0.1882070599837463 -0.391322160998287 -0.0852282379868553 -0.9493114508074345
0.726 0.1042228363025025 -1.343668596568853 0.188985873037785 -0.3969306785716974 -0.0847630367352825 -0.9467379179971553
0.728 0.1054805203335773 -1.346739117815613 0.1897821441933257 -0.4025609305864308 -0.0843016238597484 -0.944178187229182
0.73 0.106752131853466 -1.349845516804956 0.1905960902998097 -0.4082133680998657 -0.08384395844634367 -0.9416321487050902
0.732 0.1080379355212046 -1.352988140172793 0.1914279356517341 -0.4138884463951373 -0.08339000013052952 -0.9390996937776556
0.734 0.1093382030935554 -1.356167340020314 0.1922779121818887 -0.4195866250843657 -0.08293970908833334 -0.9365807149359489
0.736 0.1106532136356331 -1.359383474001016 0.193146259663341 -0.4253083682103539 -0.08249304602770792 -0.934075105790662
0.738 0.111983253740766 -1.36263690540852 0.1940332259208168 -0.4310541443488654 -0.08204997218005086 -0.9315827610596543
0.74 0.1133286177595797 -1.365928003262898 0.1949390670514609 -0.4368244267091742 -0.08161044929188119 -0.9291035765537241
0.742 0.1146896080391739 -1.369257142397115 0.1958640476558431 -0.4426196932345211 -0.08117443961666927 -0.9266374491625938
0.744 0.1160665351725029 -1.372624703542122 0.1968084410793202 -0.4484404267010133 -0.0807419059068173 -0.9241842768411089
0.746 0.1174597182583921 -1.376031073410375 0.197772529664179 -0.4542871148147292 -0.08031281140578687 -0.9217439585956462
0.748 0.118869485173019 -1.379476644779056 0.1987566050133897 -0.4601602503083286 -0.0798871198403707 -0.9193163944707273
0.75 0.1202961728529801 -1.382961816570851 0.1997609682660858 -0.4660603310350166 -0.07946479541310569 -0.9169014855358349
0.752 0.1217401275906235 -1.386486993932808 0.2007859303854476 -0.471987860060382 -0.07904580279482409 -0.9144991338724263
0.754 0.1232017053422206 -1.390052588312929 0.2018318124595604 -0.4779433457517872 -0.07863010711733982 -0.912109242561142
0.756 0.1246812720495465 -1.393659017534168 0.2028989460158144 -0.483927301864961 -0.07821767396626783 -0.9097317156692073
0.758 0.126179203975431 -1.397306705865053 0.2039876733494038 -0.4899402476270324 -0.07780846937397279 -0.9073664582380211
0.76 0.1276958880538753 -1.40099608408645 0.2050983478665205 -0.4959827078155209 -0.07740245981264526 -0.9050133762709293
0.762 0.1292317222557126 -1.404727589555371 0.206231334443215 -0.502055212834189 -0.07699961218750238 -0.9026723767211817
0.764 0.1307871159699519 -1.408501666262321 0.2073870098000623 -0.5081582987822545 -0.0765998938301104 -0.9003433674800667
0.766 0.132362490402 -1.412318764884328 0.2085657628938268 -0.5142925075191068 -0.07620327249182686 -0.898026257365221
0.768 0.1339582789895128 -1.41617934283235 0.2097679953268728 -0.5204583867232353 -0.07580971633735993 -0.8957209561091143
0.77 0.1355749278361979 -1.420083864290485 0.2109941217746401 -0.5266564899427851 -0.07541919393844224 -0.8934273743477004
0.772 0.1372128961650628 -1.424032800249019 0.2122445704326801 -0.5328873766397798 -0.07503167426761732 -0.8911454236092397
0.774 0.138872656791462 -1.428026628528085 0.213519783483598 -0.5391516122248041 -0.07464712669213597 -0.8888750163032807
0.776 0.1405546966170345 -1.43206583379184 0.2148202175849952 -0.5454497680820323 -0.07426552096796069 -0.8866160657098076
0.778 0.1422595171454498 -1.436150907552041 0.2161463443793255 -0.5517824215834984 -0.07388682723387567 -0.8843684859685427
0.78 0.1439876350209974 -1.440282348159962 0.217498651026698 -0.5581501560915549 -0.07351101600570059 -0.8821321920684072
0.782 0.1457395825909111 -1.444460660784916 0.2188776407615168 -0.5645535609477815 -0.07313805817060577 -0.879907099837134
0.784 0.147515908492338 -1.448686357377467 0.2202838334738648 -0.5709932314464357 -0.07276792498152686 -0.8776931259310317
0.786 0.1493171782655045 -1.452959956617595 0.2217177663171818 -0.5774697687926983 -0.07240058805167725 -0.8754901878248971
0.788 0.1511439749935526 -1.45728198384374 0.2231799943427083 -0.583983780041668 -0.07203601934915571 -0.8732982038020723
0.79 0.1529968999704681 -1.461652970961742 0.2246710911621162 -0.590535878017095 -0.07167419119164815 -0.8711170929446469
0.792 0.1548765733985118 -1.466073456332911 0.2261916496397327 -0.5971266812091116 -0.07131507624122088 -0.868946775123799
0.794 0.156783635115522 -1.470543984635599 0.227742282614726 -0.603756813645322 -0.07095864749920403 -0.8667871709902769
0.796 0.1587187453541672 -1.475065106701408 0.2293236236553305 -0.6104269047363919 -0.07060487830116333 -0.8646382019650156
0.798 0.1606825855336655 -1.479637379320649 0.2309363278456238 -0.6171375890907606 -0.07025374231195831 -0.8624997902298883
0.8 0.1626758590854488 -1.484261365015363 0.2325810726063341 -0.6238895062967749 -0.06990521352088529 -0.8603718587185881
0.802 0.1646992923137011 -1.48893763177533 0.2342585585506048 -0.6306833006676872 -0.0695592662369037 -0.8582543311076427
0.804 0.1667536352920254 -1.493666752754524 0.2359695103759692 -0.6375196209469717 -0.06921587508394388 -0.856147131807552
0.806 0.1688396627973542 -1.498449305923602 0.237714677793649 -0.6443991199695461 -0.06887501499629481 -0.8540501859540557
0.808 0.1709581752817211 -1.503285873673088 0.2394948364957915 -0.6513224542735661 -0.06853666121407044 -0.8519634193995217
0.81 0.1731099998835522 -1.50817704236489 0.2413107891623049 -0.658290283660434 -0.06820078927875263 -0.8498867587044558
0.812 0.1752959914782397 -1.513123401823128 0.2431633665070495 -0.6653032706939953 -0.06786737502880986 -0.8478201311291325
0.814 0.1775170337693732 -1.518125544761479 0.2450534283647628 -0.6723620801361379 -0.06753639459538967 -0.8457634646253412
0.816 0.1797740404211457 -1.523184066140539 0.2469818648192294 -0.6794673783122881 -0.06720782439808372 -0.8437166878282509
0.818 0.1820679562313234 -1.528299562445701 0.2489495973720875 -0.6866198323973161 -0.06688164114076406 -0.8416797300483845
0.82 0.184399758345806 -1.53347263088152 0.2509575801532952 -0.6938201096178106 -0.06655782180748912 -0.8396525212637089
0.822 0.1867704575134201 -1.53870386847141 0.2530068011718984 -0.7010688763595767 -0.06623634365847832 -0.8376349921118335
0.824 0.1891810993808309 -1.543993871055621 0.2550982836069845 -0.708366797173305 -0.06591718422615356 -0.8356270738823158
0.826 0.1916327658257588 -1.549343232176545 0.2572330871370058 -0.7157145336674688 -0.06560032131124693 -0.8336286985090764
0.828 0.1941265763269811 -1.554752541841469 0.259412309305954 -0.723112743278552 -0.06528573297897292 -0.8316397985629166
0.83 0.1966636893684333 -1.560222385151213 0.2616370869236973 -0.7305620779070733 -0.06497339755526396 -0.8296603072441397
0.832 0.1992453038736479 -1.565753340780712 0.2639085974967163 -0.7380631824054369 -0.06466329362306836 -0.8276901583752749
0.834 0.2018726606670781 -1.571345979301057 0.2662280606857872 -0.7456166929071577 -0.06435540001870918 -0.8257292863938993
0.836 0.2045470439558222 -1.577000861324861 0.2685967397841253 -0.753223234979301 -0.06404969582830314 -0.8237776263455604
0.838 0.2072697828255001 -1.582718535461124 0.2710159432097382 -0.7608834215843309 -0.06374616038423814 -0.8218351138767932
0.84 0.2100422527422855 -1.588499536062918 0.2734870260039942 -0.768597850834683 -0.06344477326170864 -0.8199016852282347
0.842 0.2128658770500628 -1.594344380747421 0.2760113913253704 -0.7763671035195902 -0.06314551427530758 -0.8179772772278304
0.844 0.2157421284516941 -1.600253567671205 0.278590491927368 -0.7841917403870703 -0.06284836347567385 -0.8160618272841343
0.846 0.2186725304592149 -1.606227572538665 0.2812258316054093 -0.7920722991589657 -0.06255330114619438 -0.8141552733796993
0.848 0.2216586587958657 -1.612266845320737 0.2839189665956253 -0.8000092912561806 -0.06226030779975964 -0.8122575540645565
0.85 0.2247021427297194 -1.618371806661537 0.2866715069052911 -0.8080031982117534 -0.06196936417557168 -0.8103686084497834
0.852 0.2278046663148724 -1.624542843947955 0.2894851175508764 -0.8160544677467954 -0.06168045123600396 -0.8084883762011595
0.854 0.2309679695120159 -1.630780307015015 0.2923615196755273 -0.8241635094821111 -0.06139355016351143 -0.8066167975329039
0.856 0.234193849155696 -1.63708450346195 0.2953024915132866 -0.8323306902604487 -0.06110864235759061 -0.804753813201501
0.858 0.2374841597303792 -1.643455693550835 0.2983098691621676 -0.840556329051229 -0.06082570943178835 -0.8028993644996061
0.86 0.2408408139102847 -1.649894084657944 0.301385547121043 -0.84884069140791 -0.06054473321075836 -0.8010533932500336
0.862 0.244265782812615 -1.656399825251901 0.3045314785399801 -0.857183983452076 -0.06026569572736503 -0.7992158417998254
0.864 0.2477610959055796 -1.662972998371031 0.3077496751254127 -0.8655863453566338 -0.05998857921983311 -0.797386653014397
0.866 0.2513288405026199 -1.669613614570929 0.3110422066315628 -0.8740478442991657 -0.05971336612894296 -0.7955657702717631
0.868 0.2549711607672834 -1.676321604321623 0.3144111998625536 -0.8825684668647849 -0.05944003909527016 -0.7937531374568384
0.87 0.2586902561392485 -1.683096809829854 0.3178588370957173 -0.8911481108740402 -0.05916858095646882 -0.7919486989558134
0.872 0.2624883790833745 -1.689938976272412 0.3213873538279725 -0.8997865766218049 -0.05889897474459799 -0.7901523996506069
0.874 0.2663678320478139 -1.69684774242823 0.3249990357313039 -0.9084835575148423 -0.05863120368348997 -0.7883641849133882
0.876 0.2703309635055705 -1.703822630709447 0.3286962146917305 -0.9172386301082737 -0.05836525118616012 -0.7865840006011733
0.878 0.2743801629371434 -1.710863036597734 0.3324812637894007 -0.9260512435472423 -0.05810110085225733 -0.7848117930504913
0.88 0.2785178545960156 -1.717968217509571 0.33635659106157 -0.9349207084374492 -0.05783873646555445 -0.7830475090721218
0.882 0.2827464898831153 -1.725137281129859 0.3403246318745931 -0.9438461851839606 -0.05757814199147776 -0.7812910959458981
0.884 0.28706853813765 -1.732369173274459 0.3443878397123251 -0.9528266718588777 -0.05731930157467513 -0.7795425014155818
0.886 0.2914864756346947 -1.739662665368127 0.3485486751713167 -0.9618609916843261 -0.05706219953662197 -0.7778016736838009
0.888 0.2960027725640891 -1.74701634165578 0.3528095929373533 -0.9709477802487235 -0.05680682037326425 -0.7760685614070563
0.89 0.3006198777481189 -1.754428586303611 0.357173026500817 -0.9800854726128216 -0.05655314875269812 -0.7743431136907896
0.892 0.305340200844518 -1.761897570591012 0.3616413703574033 -0.9892722905064932 -0.05630116951288533 -0.7726252800845187
0.894 0.3101660917688665 -1.769421240443723 0.3662169594282704 -0.9985062298666905 -0.05605086765940392 -0.7709150105770324
0.896 0.3150998170705644 -1.776997304626614 0.3709020454337979 -1.007785049034964 -0.05580222836323351 -0.7692122555916495
0.898 0.3201435329953329 -1.784623223976112 0.3756987699539074 -1.017106257994574 -0.05555523695857456 -0.7675169659815377
0.9 0.3252992549835626 -1.792296202136655 0.3806091339242637 -1.026467109111563 -0.05530987894070108 -0.7658290930250918
0.902 0.3305688233792821 -1.800013178353541 0.3856349633431282 -1.035864589932168 -0.05506613996384616 -0.7641485884213728
0.904 0.3359538651656469 -1.807770822970089 0.3907778710047666 -1.045295418684486 -0.05482400583911971 -0.7624754042856032
0.906 0.3414557516057893 -1.815565536379005 0.3960392141382473 -1.054756043234283 -0.05458346253245801 -0.7608094931447222
0.908 0.3470755517549414 -1.823393452292394 0.4014200479175457 -1.064242644359399 -0.05434449616260423 -0.7591508079329944
0.91 0.3528139819250385 -1.831250446299742 0.4069210749241583 -1.073751144312066 -0.05410709299911973 -0.7574993019876762
0.912 0.3586713513322735 -1.839132150791226 0.4125425907926989 -1.083277221746489 -0.05387123946042537 -0.7558549290447374
0.914 0.3646475043456014 -1.847033977421766 0.4182844264574737 -1.092816334187131 -0.05363692211187229 -0.754217643234635
0.916 0.3707417599838242 -1.854951148366739 0.4241458876476662 -1.102363749288596 -0.05340412766384197 -0.7525873990781423
0.918 0.376952849578949 -1.862878737664011 0.4301256925488236 -1.111914586181781 -0.05317284296987461 -0.7509641514822292
0.92 0.3832788538467162 -1.870811723947604 0.4362219088715418 -1.12146386821161 -0.05294305502482566 -0.7493478557359941
0.922 0.3897171409574031 -1.878745055813952 0.4424318919204532 -1.131006588307304 -0.05271475096305005 -0.7477384675066484
0.924 0.3962643075994228 -1.886673730933768 0.4487522256560362 -1.140537788098218 -0.05248791805661337 -0.74613594283555
0.926 0.4029161254432893 -1.894592889796892 0.455178669156819 -1.150052651662606 -0.05226254371352979 -0.7445402381342858
0.928 0.409667495832771 -1.902497924632112 0.4617061113087971 -1.159546614451307 -0.05203861547602616 -0.7429513101808044
0.93 0.4165124159351763 -1.910384603581832 0.4683285369540082 -1.169015487466236 -0.05181612101883195 -0.7413691161155957
0.932 0.4234439599238463 -1.918249209598474 0.4750390080713407 -1.178455596160554 -0.05159504814749438 -0.7397936134379196
0.934 0.4304542790181548 -1.926088692779365 0.4818296638148733 -1.187863932777287 -0.05137538479671853 -0.7382247600020787
0.936 0.4375346243147177 -1.933900833966104 0.4886917433434496 -1.197238319952364 -0.05115711902873193 -0.7366625140137398
0.938 0.4446753962515866 -1.941684416428634 0.4956156352832599 -1.206577582402334 -0.05094023903167325 -0.7351068340263001
0.94 0.4518662242186524 -1.949439401372649 0.5025909573366569 -1.215881722435353 -0.05072473311800449 -0.7335576789372956
0.942 0.4590960791941955 -1.957167101901507 0.5096066689171422 -1.225152093916649 -0.05051058972294672 -0.7320150079848584
0.944 0.4663534213415071 -1.964870349028101 0.5166512187444455 -1.234391568283888 -0.05029779740293841 -0.7304787807442131
0.946 0.473626383201591 -1.97255364243547 0.5237127280357075 -1.243604685311252 -0.05008634483411649 -0.7289489571242184
0.948 0.4809029875076868 -1.980223278064847 0.5307792083185062 -1.252797780700897 -0.04987622081081939 -0.7274254973639503
0.95 0.4881713967628723 -1.987887444363833 0.5378388110069842 -1.261979082334506 -0.04966741424411187 -0.7259083620293273
0.952 0.495420189655101 -1.995556279256492 0.5448801038154324 -1.271158767246716 -0.04945991416033134 -0.7243975120097759
0.954 0.5026386572781669 -2.003241880696348 0.5518923669778221 -1.28034897218141 -0.04925370969965509 -0.7228929085149377
0.956 0.5098171101343583 -2.010958265063538 0.5588659002490466 -1.289563751992122 -0.04904879011468832 -0.7213945130714158
0.958 0.5169471852125271 -2.018721269659544 0.5657923299815996 -1.298818982139984 -0.04884514476907244 -0.71990228751956
0.96 0.5240221412484209 -2.026548398064083 0.5726649043845345 -1.30813220405379 -0.04864276313611356 -0.7184161940102924
0.962 0.531037129757095 -2.034458610014417 0.5794787645545254 -1.317522415012447 -0.0484416347974304 -0.71693619500197
0.964 0.5379894296999642 -2.042472060529661 0.5862311791415862 -1.327009807272376 -0.04824174944162192 -0.7154622532572851
0.966 0.5448786347742735 -2.05060979601211 0.5929217316372271 -1.336615464171907 -0.04804309686295363 -0.7139943318402031
0.968 0.5517067842674486 -2.058893417735972 0.5995524512275116 -1.346361023623034 -0.04784566696006299 -0.7125323941129381
0.97 0.5584784310817438 -2.067344725237789 0.6061278808164269 -1.356268321504826 -0.04764944973468307 -0.7110764037329627
0.972 0.5652006437222202 -2.075985353443048 0.6126550790126045 -1.366359028792993 -0.04745443529038432 -0.7096263246500547
0.974 0.571882942499923 -2.084836417785993 0.6191435563312574 -1.376654296682613 -0.04726061383133435 -0.7081821211033793
0.976 0.5785371736312869 -2.093918181028537 0.625605149292362 -1.387174423409932 -0.04706797566107512 -0.7067437576186049
0.978 0.5851773280502957 -2.103249754049201 0.6320538392316132 -1.397938555044147 -0.04687651118131747 -0.7053111990050536
0.98 0.5918193143293149 -2.112848840677731 0.6385055252200676 -1.408964430324845 -0.04668621089075271 -0.703884410352887
0.982 0.5984806969503127 -2.122731533909519 0.6449777623341935 -1.420268176879197 -0.04649706538388078 -0.7024633570303217
0.984 0.6051804121793175 -2.132912167804218 0.6514894775291725 -1.431864163123337 -0.04630906534985499 -0.7010480046808817
0.986 0.6119384739614984 -2.143403226313864 0.6580606755328414 -1.443764907093183 -0.04612220157134303 -0.6996383192206803
0.988 0.6187756816376128 -2.154215307432648 0.6647121465610164 -1.455981040596912 -0.04593646492340367 -0.6982342668357358
0.99 0.6257133400192267 -2.165357138606672 0.6714651863916061 -1.468521324627355 -0.04575184637237938 -0.6968358139793166
0.992 0.6327730006286104 -2.176835637429346 0.6783413376034146 -1.481392710060026 -0.04556833697480426 -0.6954429273693203
0.994 0.6399762308886929 -2.188656010319606 0.6853621587650202 -1.494600436333924 -0.04538592787632722 -0.6940555739856809
0.996 0.6473444159389187 -2.200821881164206 0.6925490262495687 -1.508148160096398 -0.04520461031065006 -0.6926737210678071
0.998 0.6548985957093096 -2.213335441741852 0.6999229713077899 -1.522038105629801 -0.04502437559848028 -0.691297336112051
1 0.6626593380290602 -2.226197616042587 0.7075045531755586 -1.536271229173381 -0.04484521514649838 -0.6899263868692058
1.002 0.6706466469762816 -2.239408231261606 0.715313767422621 -1.550847389919574 -0.0446671204463394 -0.688560841342032
1.004 0.678879904430719 -2.252966189162101 0.7233699875043075 -1.565765521379288 -0.04449008307358852 -0.6872006677828136
1.006 0.6873778418826095 -2.266869632549831 0.7316919365694 -1.58102379785889 -0.04431409468679044 -0.6858458346909411
1.008 0.6961585389674323 -2.28111610270581 0.7402976859939046 -1.596619791895286 -0.04413914702647224 -0.6844963108105232
1.01 0.7052394448995651 -2.295702684694489 0.749204676813745 -1.612550619566462 -0.04396523191417991 -0.6831520651280263
1.012 0.7146374189215542 -2.310626138455035 0.7584297601730819 -1.628813071585096 -0.04379234125152774 -0.6818130668699395
1.014 0.7243687860113248 -2.325883014442655 0.7679892530305857 -1.645403728942185 -0.04362046701926088 -0.6804792855004697
1.016 0.7344494043636729 -2.341469753326843 0.7778990056400034 -1.662319062607584 -0.04344960127633052 -0.6791506907192586
1.018 0.7448947415136533 -2.357382769829852 0.788174477672635 -1.679555517370722 -0.04327973615898178 -0.6778272524591301
1.02 0.7557199563765213 -2.373618521230709 0.7988308202563752 -1.697109580346848 -0.04311086387985385 -0.6765089408838604
1.022 0.7669399849054239 -2.390173561386914 0.8098829616325163 -1.714977835000938 -0.04294297672709238 -0.6751957263859757
1.024 0.778569627479998 -2.407044581319569 0.8213456945434718 -1.733157001734996 -0.04277606706347385 -0.6738875795845727
1.026 0.7906236365324313 -2.42422843753285 0.833233763857973 -1.751643966209685 -0.04261012732554168 -0.6725844713231656
1.028 0.8031168032715834 -2.441722169265977 0.8455619532943375 -1.770435796598419 -0.04244515002275412 -0.6712863726675574
1.03 0.8160640426790451 -2.45952300586784 0.8583451704156885 -1.789529750964106 -0.04228112773664343 -0.6699932549037343
1.032 0.8294804762173026 -2.477628365412892 0.871598529337289 -1.808923275877108 -0.04211805311998639 -0.6687050895357839
1.034 0.8433815119137417 -2.496035845588918 0.8853374308097276 -1.82861399730508 -0.04195591889598598 -0.6674218482838385
1.036 0.8577829216701919 -2.514743207783132 0.8995776395276558 -1.848599704701092 -0.04179471785746387 -0.6661435030820396
1.038 0.8727009157840372 -2.533748355159803 0.914335358650101 -1.868878329083278 -0.04163444286606376 -0.664870026076526
1.04 0.8881522147854675 -2.553049305407225 0.9296273016369327 -1.88944791578378 -0.04147508685146532 -0.6636013896234451
1.042 0.9041541187741065 -2.572644158708068 0.9454707615847149 -1.910306592421082 -0.04131664281060848 -0.6623375662869853
1.044 0.9207245744918855 -2.592531061355134 0.9618836782988137 -1.931452532517703 -0.04115910380692817 -0.6610785288374308
1.046 0.9378822404117937 -2.612708165334201 0.9788847033813927 -1.952883915084962 -0.04100246296959899 -0.6598242502492392
1.048 0.9556465501398881 -2.633173584079121 0.9964932636326782 -1.974598880379983 -0.04084671349279007 -0.6585747036991382
1.05 0.9740377744304809 -2.653925344503537 1.01472962306541 -1.996595481939291 -0.04069184863492948 -0.6573298625642455
1.052 0.9930770821156431 -2.674961335323831 1.033614943833622 -2.018871634903622 -0.04053786171797868 -0.6560897004202086
1.054 1.012786600233328 -2.69627925159938 1.053171346360044 -2.041425060560014 -0.04038474612671612 -0.6548541910393659
1.056 1.033189473617796 -2.717876535334653 1.073421968925826 -2.064253226945726 -0.0402324953080305 -0.6536233083889263
1.058 1.054309924191918 -2.739750311913897 1.094391026962141 -2.087353285284726 -0.04008110277022321 -0.6523970266291717
1.06 1.076173310168114 -2.761897322068262 1.116103872250434 -2.110722001956586 -0.0399305620823198 -0.6511753201116767
1.062 1.098806185327141 -2.784313849002079 1.138587052200531 -2.134355685624529 -0.03978086687339051 -0.6499581633775496
1.064 1.122236358507137 -2.806995640246406 1.161868369339017 -2.158250109090714 -0.03963201083187966 -0.6487455311556917
1.066 1.146492953393815 -2.829937823743709 1.185976941098759 -2.182400425382633 -0.03948398770494364 -0.6475373983610758
1.068 1.171606468642877 -2.853134817593322 1.210943259940675 -2.206801077500278 -0.03933679129779763 -0.6463337400930442
1.07 1.197608838327812 -2.876580232841051 1.236799253800882 -2.231445701207426 -0.03919041547307067 -0.6451345316336248
1.072 1.224533492634527 -2.900266768617653 1.263578346784696 -2.256327020171788 -0.03904485415016905 -0.6439397484458649
1.074 1.252415418664373 -2.924186098873156 1.291315519969021 -2.281436732700971 -0.03890010130464804 -0.6427493661721844
1.076 1.281291221133486 -2.948328749887041 1.320047372101077 -2.306765389254295 -0.03875615096759153 -0.641563360632746
1.078 1.311199182672466 -2.97268396766476 1.349812179897466 -2.332302259840917 -0.03861299722499982 -0.6403817078238433
1.08 1.34217932334047 -2.997239574261305 1.380649957557655 -2.358035190344998 -0.03847063421718511 -0.6392043839163065
1.082 1.374273458854512 -3.021981811997963 1.412602514992687 -2.383950446744039 -0.03832905613817478 -0.6380313652539249
1.084 1.407525256933685 -3.046895174476895 1.445713514168807 -2.410032546125008 -0.03818825723512236 -0.6368626283518867
1.086 1.441980290997897 -3.071962223203903 1.480028522805623 -2.436264073308668 -0.03804823180772589 -0.6356981498952357
1.088 1.477686090329269 -3.09716338857745 1.515595064536923 -2.462625481840106 -0.03790897420765384 -0.6345379067373442
1.09 1.514692185621346 -3.122476753917832 1.552462664459324 -2.489094878019429 -0.03777047883797818 -0.6333818758984033
1.092 1.553050148628668 -3.147877821135298 1.590682888781283 -2.515647786571371 -0.03763274015261469 -0.6322300345639269
1.094 1.592813624432494 -3.173339256590868 1.630309377088264 -2.542256896507593 -0.03749575265577046 -0.6310823600832751
1.096 1.634038354550079 -3.198830615625697 1.671397865451477 -2.568891785657506 -0.03735951090139818 -0.6299388299681909
1.098 1.676782188842465 -3.224318044200678 1.714006198335123 -2.595518622309325 -0.03722400949265749 -0.6287994218913528
1.1 1.721105083839958 -3.249763956058341 1.75819432692134 -2.622099842373397 -0.03708924308138304 -0.6276641136849438
1.102 1.767069084728327 -3.2751266838044 1.804024291095886 -2.648593800465165 -0.03695520636755922 -0.6265328833392348
1.104 1.814738287829178 -3.300360102332261 1.851560181927979 -2.674954393331078 -0.03682189409880153 -0.625405709001183
1.106 1.864178779925654 -3.325413223062616 1.900868080995498 -2.70113065408957 -0.03668930106984444 -0.6242825689730453
1.108 1.915458550277757 -3.350229757577802 1.952015972399793 -2.727066315866795 -0.0365574221220356 -0.623163441711007
1.11 1.968647370563652 -3.37474764937586 2.005073622706489 -2.752699343552037 -0.03642625214283649 -0.6220483058238232
1.112 2.023816637365211 -3.39889857271013 2.060112423430541 -2.777961432638654 -0.03629578606532911 -0.6209371400714764
1.114 2.081039171105759 -3.422607397793752 2.117205189973487 -2.802777474429905 -0.03616601886772896 -0.6198299233638471
1.116 2.14038896455494 -3.445791622057212 2.176425910127844 -2.827064987297813 -0.03603694557290406 -0.618726634759399
1.118 2.20194087322698 -3.468360767718867 2.237849434474879 -2.85073351425499 -0.03590856124789983 -0.6176272534638771
1.12 2.265770239071498 -3.49021574661483 2.301551100074967 -2.87368398778581 -0.03578086100346992 -0.6165317588290201
1.122 2.331952437964549 -3.511248194135555 2.367606277958162 -2.895808063784268 -0.03565383999361284 -0.6154401303512864
1.124 2.400562340502966 -3.531339775212964 2.43608983391808 -2.916987427542372 -0.03552749341511431 -0.6143523476705921
1.126 2.471673674672764 -3.55036146666783 2.507075491179859 -2.937093076098765 -0.03540181650709522 -0.6132683905690648
1.128 2.545358277973239 -3.568172821868055 2.580635082523804 -2.955984582898248 -0.03527680455056507 -0.6121882389698062
1.13 2.6216852256889 -3.584621225637852 2.656837678556881 -2.97350935270218 -0.03515245286798113 -0.611111872935672
1.132 2.700719821226816 -3.599541149716067 2.735748578049629 -2.989501877048005 -0.03502875682281271 -0.6100392726680613
1.134 2.782522433819873 -3.612753421845897 2.817428145638984 -3.003783003340178 -0.03490571181911091 -0.6089704185057195
1.136 2.867147168528164 -3.624064524811681 2.901930481829247 -3.016159233888127 -0.03478331330108367 -0.6079052909235544
1.138 2.954640353555082 -3.633265945477741 2.989301910307757 -3.026422074946278 -0.03466155675267581 -0.6068438705314625
1.14 3.045038830344665 -3.640133598124264 3.079579268041819 -3.034347460051094 -0.0345404376971544 -0.6057861380731695
1.142 3.138368033190742 -3.644427351138542 3.172787984887441 -3.039695276713461 -0.03441995169669902 -0.6047320744250813
1.144 3.234639847023743 -3.645890691366614 3.26893994137574 -3.042209030771467 -0.034300094351997 -0.6036816605951472
1.146 3.333850235195361 -3.644250566119986 3.368031096497205 -3.041615688398251 -0.03418086130184361 -0.6026348777217351
1.148 3.435976633346009 -3.639217448829916 3.470038881568756 -3.037625741757398 -0.03406224822274705 -0.6015917070725172
1.15 3.540975111355826 -3.63048568050097 3.574919362184364 -3.029933550457602 -0.0339442508285382 -0.600552130043368
1.152 3.648777313059604 -3.617734145170988 3.682604177929588 -3.018218017013715 -0.03382686486998506 -0.5995161281572736
1.154 3.759287193052269 -3.600627343203245 3.792997279186681 -3.002143660139994 -0.03371008613441188 -0.5984836830632508
1.156 3.872377581935393 -3.578816930950889 3.905971492380716 -2.98136215441561 -0.03359391044532277 -0.5974547765352788
1.158 3.987886625701297 -3.551943798608602 4.021364959363327 -2.955514408137362 -0.0334783336620299 -0.5964293904712402
1.16 4.105614161864595 -3.519640759139622 4.138977513543881 -2.924233252247747 -0.03336335167928609 -0.5954075068918747
1.162 4.225318114202857 -3.481535919274956 4.258567074629778 -2.887146811335216 -0.0332489604269218 -0.5943891079397404
1.164 4.34671100935985 -3.437256797753958 4.379846165229337 -2.843882621875769 -0.03313515586948648 -0.5933741758781886
1.166 4.46945674149717 -3.38643524519871 4.502478675503064 -2.794072552108363 -0.03302193400589415 -0.5923626930903474
1.168 4.593167734698449 -3.32871320331488 4.626077025567522 -2.737358561236765 -0.03290929086907319 -0.5913546420781152
1.17 4.717402675841363 -3.263749317450591 4.750199898366984 -2.673399311989426 -0.03279722252562028 -0.5903500054611649
1.172 4.841665011093244 -3.191226385336758 4.874350736168702 -2.6018776193608 -0.03268572507545845 -0.5893487659759584
1.174 4.965402415312133 -3.110859585502835 4.997977209963633 -2.522508679028065 -0.03257479465149923 -0.5883509064747706
1.176 5.088007452593277 -3.022405381720895 5.120471880012586 -2.435048971796173 -0.03246442741930862 -0.587356409924722
1.178 5.208819645241583 -2.925670945738753 5.24117426481836 -2.33930568633193 -0.03235461957677717 -0.5863652594068232
1.18 5.327129154825754 -2.82052388119237 5.359374522179548 -2.235146443077343 -0.03224536735379385 -0.5853774381150267
1.182 5.442182249693091 -2.706901970035041 5.474318916705014 -2.122509040679751 -0.03213666701192375 -0.5843929293552903
1.184 5.553188686429713 -2.584822602906304 5.585217201273802 -2.001410886361657 -0.03202851484408958 -0.5834117165446472
1.186 5.659331067060704 -2.454391501642398 5.691251974234961 -1.87195771843211 -0.03192090717425693 -0.5824337832102878
1.188 5.759776149497816 -2.315810301679131 5.791589989854939 -1.734351188690482 -0.03181384035712306 -0.5814591129886492
1.19 5.853687988212339 -2.169382540390775 5.885395298990149 -1.588894850766262 -0.03170731077780955 -0.5804876896245131
1.192 5.940242669515867 -2.015517600875318 5.971843984367426 -1.435998103905203 -0.03160131485155828 -0.5795194969701148
1.194 6.018644288030089 -1.854732194039436 6.05014013705352 -1.276177675055177 -0.03149584902343118 -0.5785545189842589
1.196 6.08814169636671 -1.687649028577737 6.119532606134723 -1.110056288846293 -0.03139090976801327 -0.5775927397314442
1.198 6.148045459052128 -1.514992418783591 6.179331952641247 -0.9383582754025928 -0.03128649358911925 -0.5766341433809979
1.2 6.197744365001685 -1.337580711191097 6.228926962021188 -0.7619019969848799 -0.03118259701950342 -0.575678714206217
1.202 6.236720810255067 -1.156315566507267 6.26780002687564 -0.5815891299237473 -0.03107921662057304 -0.57472643658352
1.204 6.264564362458754 -0.9721683025636754 6.295540711440858 -0.3983910075720712 -0.03097634898210488 -0.5737772949916041
1.206 6.280982865172647 -0.7861636746932492 6.311856855894613 -0.2133324006826353 -0.0308739907219651 -0.572831274010614
1.208 6.285810533825048 -0.5993616272360426 6.31658267231088 -0.02747326891472716 -0.03077213848583238 -0.5718883583213155
1.21 6.279012631418484 -0.4128376796650418 6.309683420365409 0.1581108530392375 -0.0306707889469241 -0.5709485327042794
1.212 6.260686481588278 -0.2276627006342428 6.291256420394004 0.3423490814048298 -0.03056993880572584 -0.5700117820390725
1.214 6.231058766058952 -0.04488286400164154 6.261528350848676 0.5241952273018149 -0.03046958478972378 -0.5690780913034564
1.216 6.190479247473832 0.1344994311701923 6.220848971126973 0.702646876742786 -0.03036972365314029 -0.5681474455725938
1.218 6.139411240686031 0.3095429588473064 6.169681592862704 0.8767627888655696 -0.0302703521766725 -0.5672198300182631
1.22 6.078419311416612 0.4793827738740961 6.108590778583846 1.045678003782176 -0.03017146716723379 -0.5662952299080803
1.222 6.008154798868087 0.6432425650495708 6.038227864325786 1.208616195654299 -0.03007306545769831 -0.5653736306047281
1.224 5.92933983139402 0.8004439542197026 5.959314975300669 1.364898971784895 -0.02997514390664831 -0.5644550175651928
1.226 5.842750529236733 0.9504126138643983 5.872628228634857 1.513951990204407 -0.02987769939812442 -0.5635393763400082
1.228 5.749200067881659 1.092681240228348 5.778980796723038 1.655307932800855 -0.02978072884137863 -0.562626692572507
1.23 5.649522216341999 1.226889564230956 5.679206445512629 1.788606516229035 -0.02968422917063019 -0.561716951998079
1.232 5.544555875503653 1.35278170013102 5.574144072848478 1.913591840574457 -0.0295881973448242 -0.5608101404434371
1.234 5.435131033126072 1.470201217026557 5.464623663473465 2.030107460852447 -0.02949263034739288 -0.5599062438258895
1.236 5.322056434947493 1.579084369471969 5.351453960133512 2.138089617624588 -0.0293975251860196 -0.5590052481526189
1.238 5.206109154841482 1.679451942725185 5.235412033733887 2.237559082245154 -0.02930287889240549 -0.5581071395199692
1.24 5.088026139305302 1.771400159281601 5.117234827827341 2.328612063394339 -0.0292086885220387 -0.5572119041127384
1.242 4.968497707948431 1.855091062400742 4.997612659102397 2.411410590604221 -0.02911495115396627 -0.5563195282034785
1.244 4.848162915789316 1.930742745150272 4.877184579679884 2.486172743302074 -0.02902166389056841 -0.5554299981518016
1.246 4.727606626079025 1.998619736572144 4.756535449936361 2.553163036975837 -0.0289288238573355 -0.5545433004036928
1.248 4.607358103721311 2.059023795321014 4.636194531923959 2.612683216811844 -0.02883642820264741 -0.5536594214908301
1.25 4.487890917656105 2.112285300050964 4.516635391753661 2.665063648080873 -0.02874447409755531 -0.5527783480299097
1.252 4.369623932967974 2.158755368627991 4.39827689170354 2.710655435349969 -0.02865295873556594 -0.5519000667219779
1.254 4.252923177575074 2.198798787069383 4.281485056907502 2.749823351421154 -0.0285618793324283 -0.5510245643517706
1.256 4.138104380867448 2.232787785477035 4.166575613993371 2.782939613264092 -0.02847123312592251 -0.5501518277870566
1.258 4.025436000111664 2.261096662587005 4.053817017487315 2.810378506564994 -0.02838101737565129 -0.5492818439779895
1.26 3.915142572411089 2.284097232841034 3.943433801773922 2.832511832797497 -0.02829122936283344 -0.5484145999564636
1.262 3.807408253417933 2.302155049493736 3.835610119808032 2.849705132329213 -0.02820186639009983 -0.5475500828354767
1.264 3.702380427556641 2.315626343378742 3.730493353337932 2.862314623187243 -0.02811292578129155 -0.5466882798085002
1.266 3.600173296855452 2.324855608580392 3.628197701736712 2.870684786729244 -0.02802440488126016 -0.5458291781488517
1.268 3.500871376086467 2.330173762355752 3.528807677142137 2.875146527564829 -0.02793630105567035 -0.5449727652090769
1.27 3.404532840280771 2.33189680627049 3.432381451971576 2.876015834690825 -0.02784861169080456 -0.5441190284203353
1.272 3.311192686466651 2.33032491776211 3.338954020660021 2.873592873053902 -0.02776133419336986 -0.5432679552917917
1.274 3.220865684976447 2.325741905459782 3.248540150966754 2.868161438869796 -0.02767446599030685 -0.5424195334100144
1.276 3.133549106597575 2.318414966907078 3.161137111126176 2.859988717345455 -0.02758800452860071 -0.541573750438377
1.278 3.04922522077542 2.308594693425659 3.076727168050515 2.849325287542128 -0.02750194727509426 -0.5407305941164686
1.28 2.967863566904458 2.296515273190471 2.995279858620761 2.836405325449978 -0.02741629171630306 -0.5398900522595065
1.282 2.889423005937978 2.282394849987529 2.916754041296211 2.821446962745285 -0.02733103535823255 -0.5390521127577559
1.284 2.813853563280361 2.26643600132771 2.841099739006558 2.804652764903664 -0.02724617572619706 -0.5382167635759543
1.286 2.741098076316873 2.248826305380687 2.768259786681514 2.786210298133429 -0.02716171036464093 -0.5373839927527422
1.288 2.671093661427106 2.229738971598327 2.698171298264068 2.766292759998425 -0.02707763683696144 -0.5365537884000976
1.29 2.603773015860374 2.209333514737916 2.630766968585708 2.745059653440692 -0.02699395272533369 -0.5357261387027763
1.292 2.539065569724416 2.187756456261424 2.565976225354953 2.722657488179181 -0.02691065563053735 -0.5349010319177578
1.294 2.476898502737825 2.165142040824075 2.50372624590961 2.69922049719777 -0.02682774317178533 -0.5340784563736956
1.296 2.417197639269136 2.141612958632588 2.44394285225569 2.67487135910296 -0.02674521298655415 -0.533258400470372
1.298 2.359888233916612 2.117281067010411 2.386551296647029 2.64972191968857 -0.02666306273041631 -0.5324408526781595
1.3 2.304895658340349 2.092248106427256 2.331476948417223 2.623873907964741 -0.02658129007687428 -0.5316258015374856
1.302 2.252145998537179 2.066606407680314 2.278645891254376 2.597419643338617 -0.02649989271719638 -0.5308132356583029
1.304 2.20156657023998 2.04043958781243 2.227985438600234 2.570442731531994 -0.02641886836025435 -0.5300031437195641
1.306 2.153086358772833 2.01382323282452 2.179424573505195 2.543018747293222 -0.02633821473236265 -0.5291955144687018
1.308 2.106636388579419 1.986825565388932 2.132894318156538 2.515215902110045 -0.02625792957711951 -0.5283903367211126
1.31 2.062150026774985 1.959508095610115 2.088328037430235 2.487095694969761 -0.02617801065524963 -0.5275875993596464
1.312 2.019563224552957 1.931926252621246 2.045661680297406 2.458713543955346 -0.02609845574444855 -0.5267872913340998
1.314 1.978814700024903 1.904129994452453 2.004833962664132 2.430119396113168 -0.02601926263922863 -0.5259894016607141
1.316 1.939846066130552 1.876164393339367 1.965786495281319 2.401358312761045 -0.02594042915076678 -0.525193919421678
1.318 1.902601907531584 1.848070193508631 1.928463860638338 2.372471027273266 -0.02586195310675363 -0.5244008337646352
1.32 1.867029810790136 1.819884338512723 1.892813643141381 2.343494472414918 -0.02578383235124444 -0.5236101339021949
1.322 1.833080352627416 1.791640465497208 1.858786417371928 2.314462274608656 -0.02570606474451146 -0.5228218091114485
1.324 1.800707051453899 1.763369364236786 1.826335699616797 2.285405212970275 -0.02562864816289789 -0.5220358487334893
1.326 1.769866287703678 1.735099399513608 1.795417868202352 2.256351641686545 -0.02555158049867337 -0.5212522421729369
1.328 1.740517198617036 1.70685689617939 1.765992058276927 2.227327875076856 -0.02547485965989104 -0.5204709788974663
1.33 1.712621553050195 1.67866648713687 1.738020036620441 2.19835853557421 -0.02539848357024594 -0.51969204843734
1.332 1.686143611601461 1.650551425346521 1.711466061770396 2.169466865731466 -0.02532245016893503 -0.5189154403849455
1.334 1.66104997682621 1.622533861698292 1.686296734236729 2.140675006092628 -0.02524675741051863 -0.5181411443943361
1.336 1.637309437672967 1.594635091253821 1.66248084093775 2.112004241434597 -0.02517140326478328 -0.5173691501807763
1.338 1.614892811486137 1.566875770809618 1.639989197202743 2.083475218329909 -0.02509638571660604 -0.5165994475202906
1.34 1.593772786085322 1.539276110949075 1.618794488851142 2.055108137198292 -0.02502170276582019 -0.5158320262492163
1.342 1.573923763615342 1.511856045855599 1.598871116042424 2.026922922119361 -0.02494735242708233 -0.5150668762637614
1.344 1.555321707064497 1.484635383966817 1.580195039794238 1.998939371486382 -0.02487333272974085 -0.5143039875195647
1.346 1.537943989666519 1.457633942296857 1.562743631384224 1.971177292328118 -0.02479964171770577 -0.5135433500312609
1.348 1.521769246835391 1.430871666799041 1.546495524284711 1.94365662067109 -0.02472627744931988 -0.5127849538720491
1.35 1.506777229846199 1.404368740658056 1.53143046784343 1.916397529831321 -0.02465323799723129 -0.5120287891732652
1.352 1.492948660194879 1.378145681805236 1.517529181643147 1.889420527929193 -0.02458052144826719 -0.5112748461239577
1.354 1.480265083441254 1.352223430366553 1.504773209344563 1.86274654533702 -0.024508125903309 -0.5105231149704675
1.356 1.468708721343286 1.326623426184447 1.493144770820455 1.836397012200459 -0.02443604947716871 -0.5097735860160119
1.358 1.458262321246191 1.30136767596934 1.482626611544658 1.810393925589611 -0.02436429029846657 -0.5090262496202709
1.36 1.448909001961232 1.276478809173987 1.473201848470742 1.784759905372965 -0.02429284650950997 -0.5082810961989779
1.362 1.44063209576704 1.251980121231516 1.464853812033213 1.759518237455031 -0.0242217162661736 -0.5075381162235145
1.364 1.433414986663148 1.22789560247606 1.457565884400928 1.734692902696568 -0.02415089773778078 -0.5067973002205075
1.366 1.427240945603057 1.204249950870835 1.451321334710044 1.710308589642266 -0.02408038910698608 -0.5060586387714304
1.368 1.422092964107213 1.18106856656698 1.446103152676872 1.686390689079188 -0.024010188569659 -0.5053221225122079
1.37 1.417953588379756 1.158377526451785 1.441893882714525 1.662965268584608 -0.02394029433476899 -0.5045877421328234
1.372 1.414804756829484 1.136203537072745 1.438675461453756 1.640059025449676 -0.02387070462427155 -0.5038554883769318
1.374 1.412627644629791 1.114573864887062 1.436429062302787 1.617699216928535 -0.02380141767299543 -0.5031253520414726
1.376 1.411402519667867 1.093516243469169 1.435134951396398 1.595913567445458 -0.0237324317285311 -0.5023973239762891
1.378 1.411108614807108 1.073058758322312 1.434772359858228 1.57473015340606 -0.02366374505112022 -0.5016713950837485
1.38 1.411724021772749 1.053229711184979 1.435319377686295 1.554177267503347 -0.02359535591354632 -0.5009475563183678
1.382 1.413225612096317 1.034057467161384 1.436752874697343 1.534283265847825 -0.02352726260102654 -0.500225798686441
1.384 1.415588990284146 1.015570289688396 1.439048453695251 1.515076402934065 -0.02345946341110442 -0.4995061132456694
1.386 1.418788483663403 0.9977961701062636 1.442180440316947 1.49658466121106 -0.02339195665354385 -0.4987884911047964
1.388 1.422797172108125 0.9807626603332409 1.446121912758349 1.478835583756485 -0.02332474065022399 -0.4980729234232447
1.39 1.427586958971578 0.9644967187825733 1.450844772706613 1.461856120193329 -0.02325781373503536 -0.4973594014107561
1.392 1.433128682103124 0.9490245808665529 1.4563198563569 1.445672497193588 -0.02319117425377678 -0.496647916327035
1.394 1.439392260765222 0.9343716661628551 1.462517081329276 1.43031012564425 -0.02312482056405357 -0.495938459481395
1.396 1.446346870761886 0.9205625342161223 1.469405621797062 1.41579355644853 -0.0230587510351766 -0.4952310222324081
1.398 1.453961136297019 0.9076208999098093 1.476954100345081 1.402146495897366 -0.02299296404806236 -0.4945255959875566
1.4 1.462203323279502 0.8955697171341033 1.485130781274636 1.389391889336992 -0.02292745799513413 -0.4938221722028889
1.402 1.471041515328011 0.8844313360564493 1.493903746608235 1.377552078439127 -0.02286223128022399 -0.4931207423826774
1.404 1.480443750953689 0.8742277346945753 1.503241033272165 1.366649032773654 -0.02279728231847589 -0.4924212980790793
1.406 1.490378098770236 0.8649808197799602 1.513110708306485 1.356704650671761 -0.02273260953624968 -0.4917238308918008
1.408 1.500812647407134 0.8567127854582043 1.52348085877816 1.347741117925968 -0.02266821137102603 -0.4910283324677639
1.41 1.511715388428416 0.8494465115092601 1.534319474699728 1.339781306010035 -0.02260408627131233 -0.4903347945007751
1.412 1.523053974128605 0.8432059760624617 1.545594206825154 1.33284918479366 -0.02254023269654951 -0.4896432087311986
1.414 1.534795337587952 0.8380166517764075 1.557271986704972 1.326970218722038 -0.0224766491170198 -0.4889535669456307
1.416 1.546905169715564 0.833905849695733 1.56931850372932 1.322171710672311 -0.02241333401375534 -0.4882658609765778
1.418 1.559347256767652 0.8309029720543557 1.5816975426461 1.318483054756492 -0.02235028587844771 -0.4875800827021362
1.42 1.572082691639397 0.8290396345121647 1.594370194852755 1.315935858557841 -0.0222875032133584 -0.486896224045676
1.422 1.585068982357957 0.8283496200222735 1.607293966889187 1.3145638969978 -0.0222249845312301 -0.4862142769755262
1.424 1.598259091198769 0.8288686307419495 1.620421819553968 1.314402864246613 -0.0221627283551988 -0.4855342335046631
1.426 1.611600446919212 0.8306338111127078 1.633701180137919 1.315489896803109 -0.02210073321870694 -0.4848560856904013
1.428 1.625033980277445 0.8336830241927247 1.647072977942862 1.317862849826811 -0.02203899766541712 -0.4841798256340868
1.43 1.638493238783162 0.838053874178146 1.660470759032289 1.32155931965894 -0.02197752024912699 -0.4835054454807937
1.432 1.65190364002088 0.8437824804300091 1.673819939554565 1.326615417849031 -0.02191629953368463 -0.4828329374190214
1.434 1.665181923674983 0.8509020217061933 1.687037257767888 1.33306431538659 -0.02185533409290503 -0.482162293680397
1.436 1.678235860282625 0.8594410832116819 1.700030482793112 1.34093458975106 -0.02179462251048716 -0.4814935065393778
1.438 1.690964269496214 0.8694218529472062 1.712698432876146 1.350248421260164 -0.021734163379932 -0.4808265683129573
1.44 1.70325739229299 0.8808582270580616 1.724931347597451 1.361019698418435 -0.02167395530446132 -0.4801614713603737
1.442 1.714997649889948 0.8937538957507842 1.736611646786885 1.373252103833605 -0.02161399689693713 -0.4794982080828206
1.444 1.726060807387254 0.9081004911116516 1.747615094167037 1.386937262034811 -0.02155428677978211 -0.4788367709231595
1.446 1.736317542493924 0.92387588493131 1.757812366078825 1.402053037296946 -0.02149482358490065 -0.478177152365636
1.448 1.745635399722565 0.9410427275657085 1.767071005676166 1.418562072501305 -0.02143560595360068 -0.4775193449355968
1.45 1.753881088917325 0.9595473170804645 1.775257721453841 1.436410658279675 -0.02137663253651632 -0.4768633411992101
1.452 1.760923065065843 0.9793188807310109 1.782240967059374 1.455528014494199 -0.02131790199353113 -0.4762091337631877
1.454 1.76663430553968 1.00026933785528 1.787893718533383 1.47582605312979 -0.0212594129937023 -0.47555671527451
1.456 1.770895182817234 1.022293594495953 1.792096347032419 1.497199672916105 -0.02120116421518535 -0.4749060784201519
1.458 1.773596317215789 1.045270396128581 1.794739471560949 1.519527612055394 -0.02114315434515969 -0.4742572159268126
1.46 1.774641286807482 1.069063736916889 1.795726668887237 1.542673857477536 -0.02108538207975482 -0.4736101205606467
1.462 1.773949071833343 1.093524793704261 1.794976917957321 1.566489578831258 -0.0210278461239773 -0.4729647851269971
1.464 1.771456119366686 1.118494322770296 1.792426664558325 1.590815525240427 -0.02097054519163832 -0.4723212024701309
1.466 1.767117930637513 1.143805429670649 1.788031408642795 1.615484795143626 -0.02091347800528208 -0.4716793654729773
1.468 1.760910097540576 1.169286599847095 1.78176674083669 1.640325866903962 -0.02085664329611469 -0.4710392670568671
1.47 1.752828744671596 1.194764862183136 1.77362878447553 1.66516576236441 -0.02080003980393388 -0.4704009001812738
1.472 1.742890366464486 1.220068950988561 1.763634032741545 1.68983320883212 -0.02074366627705935 -0.4697642578435593
1.474 1.731131082776305 1.245032334626648 1.751818604248569 1.714161667705367 -0.0206875214722637 -0.4691293330787185
1.476 1.717605367732558 1.269495990910448 1.738236971887262 1.737992109869575 -0.02063160415470413 -0.4684961189591276
1.478 1.702384333113598 1.293310829361559 1.722960246211453 1.761175437955854 -0.02057591309785464 -0.4678646085942947
1.48 1.685553666941242 1.316339686310084 1.706074114024681 1.783574481440695 -0.02052044708343901 -0.4672347951306112
1.482 1.667211338948951 1.338458848193106 1.687676543850315 1.805065519944212 -0.02046520490136431 -0.4666066717511062
1.484 1.647465186885692 1.359559088516473 1.667875372235347 1.825539320191675 -0.0204101853496551 -0.4659802316752026
1.486 1.626430491673263 1.379546232068854 1.646785878907651 1.844901700227328 -0.02035538723438818 -0.4653554681584743
1.488 1.60422763660315 1.398341284076202 1.624528445972778 1.86307365856861 -0.02030080936962802 -0.4647323744924075
1.49 1.580979927893817 1.415880180291025 1.60122637847118 1.879991124295186 -0.02024645057736272 -0.4641109440041608
1.492 1.556811633168162 1.43211322585744 1.577003942855602 1.89560439591377 -0.02019230968744066 -0.4634911700563301
1.494 1.531846272936828 1.447004295951413 1.551984658474336 1.909877341998127 -0.02013838553750762 -0.4628730460467136
1.496 1.506205179902563 1.460529870334765 1.526289856875507 1.922786435742845 -0.02008467697294463 -0.4622565654080794
1.498 1.480006323369869 1.472677968099059 1.500037506216676 1.934319689706993 -0.02003118284680623 -0.4616417216079344
1.5 1.453363382296036 1.48344703941576 1.473341284315795 1.944475547564056 -0.01997790201975949 -0.4610285081482958
1.502 1.426385040992472 1.492844859587146 1.446309874352495 1.953261778152609 -0.0199248333600234 -0.4604169185654639
1.504 1.399174476190557 1.500887458512899 1.419046451933866 1.960694404942695 -0.019871975743309 -0.4598069464297959
1.506 1.371829002642084 1.507598107123108 1.391648330694844 1.966796692468592 -0.01981932805275993 -0.4591985853454839
1.508 1.344439845932522 1.51300637226526 1.364206735111415 1.971598201215592 -0.0197668891788936 -0.4585918289503316
1.51 1.317092014832961 1.517147243568393 1.336806672852504 1.975133914483928 -0.0197146580195429 -0.457986670915535
1.512 1.28986425038635 1.520060330166305 1.309526883866149 1.977443435111769 -0.01966263347979838 -0.4573831049454637
1.514 1.262829034212162 1.521789121752163 1.282439848684113 1.978570246529608 -0.01961081447195106 -0.4567811247774448
1.516 1.236052643498462 1.522380306995377 1.255611843413897 1.978561031176924 -0.01955919991543571 -0.4561807241815468
1.518 1.20959524441702 1.521883142402209 1.229103033153795 1.977465039362576 -0.01950778873677463 -0.4555818969603674
1.52 1.183511018955737 1.520348865777576 1.202967598825259 1.975333502726398 -0.01945657986952199 -0.4549846369488219
1.522 1.157848322322099 1.517830150065845 1.177253894576307 1.972219088079777 -0.01940557225420866 -0.454388938013932
1.524 1.132649869272851 1.514380595095263 1.152004634111139 1.968175389149882 -0.01935476483828756 -0.453794794054619
1.526 1.107952948042492 1.510054256335255 1.127257104618571 1.963256455336751 -0.01930415657607945 -0.4532021990014961
1.528 1.083789660328334 1.504905210990064 1.103043406757053 1.957516357806727 -0.01925374642871931 -0.4526111468166632
1.53 1.060187185154406 1.498987162507476 1.079390718518509 1.95100879400098 -0.01920353336410312 -0.4520216314935042
1.532 1.037168063695905 1.492353084879818 1.056321580052741 1.943786731936302 -0.01915351635683517 -0.4514336470564842
1.534 1.01475050141767 1.485054907999195 1.033854195805846 1.935902095560145 -0.01910369438817583 -0.4508471875609497
1.536 0.9929486832767368 1.477143244899918 1.012002749722727 1.927405491992847 -0.01905406644598983 -0.4502622470929289
1.538 0.9717730973902888 1.468667161086872 0.9907777289149837 1.918345980855807 -0.01900463152469494 -0.4496788197689356
1.54 0.9512308624301735 1.459673985412493 0.9701862510553847 1.908770885148266 -0.01895538862521117 -0.4490968997357724
1.542 0.9313260540991277 1.450209161209959 0.9502323908540381 1.898725642380295 -0.01890633675491043 -0.4485164811703366
1.544 0.9120600263670695 1.440316135711572 0.9309175012946361 1.888253693990999 -0.01885747492756657 -0.4479375582794276
1.546 0.8934317235734115 1.430036285190934 0.9122405257367175 1.877396410490489 -0.01880880216330603 -0.4473601252995558
1.548 0.8754379800808304 1.419408872833821 0.8941982975693891 1.866193049330573 -0.0187603174885587 -0.4467841764967518
1.55 0.8580738047641064 1.408471036039666 0.8767858247001159 1.854680742206045 -0.01871201993600944 -0.4462097061663791
1.552 0.8413326482532614 1.397257799704823 0.8599965567978113 1.84289450833777 -0.01866390854454994 -0.4456367086329462
1.554 0.8252066514429737 1.385802112010116 0.8438226338022047 1.830867290260038 -0.01861598235923095 -0.4450651782499215
1.556 0.8096868743382848 1.374134899313671 0.8282551147694999 1.818630008713221 -0.01856824043121512 -0.4444951093995496
1.558 0.794763504802603 1.362285136922207 0.8132841866203331 1.806211633414874 -0.01852068181773002 -0.4439264964926673
1.56 0.7804260471782335 1.350279932734707 0.7988993527602553 1.793639266703231 -0.01847330558202181 -0.4433593339685235
1.562 0.7666634911016202 1.338144621031914 0.7850896018949294 1.780938237326513 -0.01842611079330916 -0.4427936162945986
1.564 0.7534644610891925 1.325902863969831 0.7718435576159302 1.768132201936257 -0.01837909652673765 -0.442229337966426
1.566 0.7408173476629664 1.31357675863664 0.759149609526301 1.755243252144055 -0.01833226186333458 -0.4416664935074147
1.568 0.7287104209198307 1.301186947831864 0.7469960268097949 1.742292025300538 -0.01828560588996415 -0.4411050774686737
1.57 0.717131927511521 1.288752732997081 0.735371055210804 1.729297817425919 -0.01823912769928308 -0.4405450844288374
1.572 0.7060701720363864 1.27629218799335 0.724262998426083 1.716278696987241 -0.01819282638969654 -0.4399865089938918
1.574 0.6955135838194361 1.263822272638243 0.7136602848847506 1.703251618435246 -0.01814670106531461 -0.4394293457970029
1.576 0.685450770022264 1.251358945129752 0.703551520858173 1.690232534628098 -0.01810075083590896 -0.4388735894983465
1.578 0.6758705559455109 1.238917272638472 0.6939255307623809 1.67723650742341 -0.01805497481687006 -0.4383192347849377
1.58 0.6667620133032864 1.226511539493932 0.6847713854324511 1.664277815864396 -0.01800937212916464 -0.4377662763704636
1.582 0.6581144771515218 1.214155352496599 0.6760784190508154 1.651370061491715 -0.01796394189929365 -0.4372147089951163
1.584 0.6499175520377779 1.201861742951007 0.6678362352970284 1.638526270376434 -0.01791868325925049 -0.4366645274254273
1.586 0.6421611078387492 1.189643265063772 0.6600347031852288 1.625758991517875 -0.01787359534647962 -0.4361157264541027
1.588 0.6348352656402131 1.177512090365798 0.6526639429440487 1.613080391265659 -0.01782867730383561 -0.4355683008998606
1.59 0.6279303739090645 1.165480097783418 0.6457143021886069 1.600502343390687 -0.01778392827954245 -0.4350222456072691
1.592 0.6214369751217588 1.153558958959493 0.6391763225489121 1.588036514406078 -0.01773934742715328 -0.434477555446585
1.594 0.6153457629256821 1.141760218328808 0.6330406968311926 1.575694443642403 -0.01769493390551045 -0.4339342253135947
1.596 0.6096475298558288 1.130095367362763 0.6272982167345348 1.563487617492219 -0.01765068687870593 -0.4333922501294563
1.598 0.6043331055877449 1.118575912264784 0.621939711103787 1.551427537105326 -0.01760660551604205 -0.4328516248405415
1.6 0.5993932857013563 1.107213434245131 0.616955974693349 1.539525778663412 -0.01756268899199264 -0.4323123444182804
1.602 0.5948187509564193 1.096019641328488 0.6123376874425838 1.527794045187494 -0.01751893648616441 -0.4317744038590058
1.604 0.5905999771503174 1.085006410448368 0.6080753243335761 1.516244208632169 -0.01747534718325875 -0.4312377981838006
1.606 0.586727135751943 1.074185818382803 0.6041590560249769 1.504888340821147 -0.01743192027303386 -0.4307025224383443
1.608 0.5831899856831047 1.0635701598619 0.6005786406333717 1.493738731554662 -0.01738865495026711 -0.4301685716927617
1.61 0.5799777568709905 1.053171950975147 0.5973233072857084 1.48280789201662 -0.01734555041471785 -0.429635941041473
1.612 0.5770790265169409 1.04300391580907 0.5943816323880313 1.472108541412114 -0.01730260587109049 -0.4291046256030441
1.614 0.5744815894374642 1.033078954083808 0.5917414099664621 1.461653574603847 -0.01725982052899786 -0.4285746205200392
1.616 0.572172324329049 1.023410087463444 0.5893895179319739 1.451456008422316 -0.01721719360292494 -0.4280459209588725
1.618 0.5701370583918444 1.01401038218086 0.5873117827040373 1.441528904290524 -0.01717472431219291 -0.4275185221096635
1.62 0.5683604334157111 1.004892845719102 0.5854928452966345 1.431885264905193 -0.01713241188092342 -0.4269924191860914
1.622 0.5668257771721797 0.9960702955119265 0.583916032710183 1.422537902937178 -0.0170902555380033 -0.4264676074252515
1.624 0.5655149847398027 0.9875551980513 0.5825632392568522 1.413499280138812 -0.01704825451704944 -0.4259440820875123
1.626 0.5644084151950313 0.9793594774080814 0.5814148232514054 1.404781315864455 -0.01700640805637411 -0.4254218384563739
1.628 0.5634848098635958 0.9714942930500527 0.5804495252625462 1.39639516488838 -0.01696471539895041 -0.4249008718383271
1.63 0.5627212389961814 0.9639697879856461 0.5796444147885595 1.38835096554836 -0.01692317579237816 -0.4243811775627138
1.632 0.5620930842250152 0.9567948096747512 0.5789748727138653 1.38065756065634 -0.01688178848885005 -0.4238627509815888
1.634 0.5615740643805257 0.9499766078426379 0.5784146171256437 1.373322195312219 -0.01684055274511798 -0.4233455874695811
1.636 0.5611363121047432 0.9435205152453037 0.577935779927203 1.366350197669062 -0.01679946782245983 -0.4228296824237581
1.638 0.5607505080922414 0.9374296195019927 0.5775090410788878 1.359744650765482 -0.01675853298664642 -0.4223150312634897
1.64 0.560386078619956 0.9317044362390337 0.5771038261278648 1.353506065669347 -0.01671774750790877 -0.4218016294303135
1.642 0.5600114602420918 0.926342595799063 0.5766885709029974 1.347632068186864 -0.01667711066090565 -0.4212894723878011
1.644 0.5595944330836806 0.9213385575121845 0.576231054808372 1.34211711313361 -0.01663662172469139 -0.4207785556214253
1.646 0.5591025211001788 0.9166833667670332 0.5756988010828628 1.336952241405462 -0.016596279982684 -0.4202688746384288
1.648 0.5585034540722016 0.9123644706566444 0.5750595387948351 1.332124895624337 -0.0165560847226335 -0.4197604249676924
1.65 0.5577656821486757 0.9083656075966874 0.5742817173852662 1.327618809756293 -0.01651603523659054 -0.4192532021596059
1.652 0.5568589296797326 0.9046667848635441 0.5733350605006079 1.323413986649483 -0.01647613082087532 -0.418747201785939
1.654 0.5557547712169014 0.9012443553911055 0.5721911419929482 1.319486774830818 -0.01643637077604676 -0.4182424194397129
1.656 0.5544272092543954 0.8980712014044332 0.5708239636612672 1.315810052139507 -0.01639675440687184 -0.4177388507350734
1.658 0.55285323091296 0.8951170276981228 0.5692105119352554 1.312353519005288 -0.01635728102229536 -0.4172364913071646
1.66 0.5510133196584505 0.892348761836391 0.5673312695938603 1.309084098648395 -0.01631794993540979 -0.416735336812004
1.662 0.5488918985499698 0.8897310526514761 0.5651706590133952 1.305966435577833 -0.01627876046342552 -0.4162353829263571
1.664 0.546477683551912 0.887226852595264 0.5627173954795531 1.302963477942879 -0.01623971192764121 -0.4157366253476151
1.666 0.5437639290826318 0.8847980642710203 0.5599647327360464 1.300037124064692 -0.01620080365341454 -0.4152390597936712
1.668 0.5407485530149114 0.8824062273162345 0.5569105879850444 1.297148909319034 -0.01616203497013307 -0.4147426820027995
1.67 0.5374341344168911 0.8800132191230159 0.5535575396280766 1.294260706856549 -0.01612340521118544 -0.4142474877335336
1.672 0.5338277839567631 0.8775819419453788 0.5499126976706958 1.291335414709926 -0.01608491371393275 -0.4137534727645469
1.674 0.5299408935313535 0.8750769698403535 0.5459874533510337 1.288337602734887 -0.01604655981968021 -0.4132606328945334
1.676 0.5257887777719517 0.8724651315332268 0.5417971206456007 1.285234095475316 -0.01600834287364903 -0.4127689639420889
1.678 0.5213902251486152 0.8697160094256866 0.5373604873735637 1.281994471171281 -0.01597026222494851 -0.4122784617455939
1.68 0.5167669800644966 0.8668023401730074 0.532699297291045 1.278591462336104 -0.01593231722654839 -0.4117891221630967
1.682 0.5119431794069709 0.863700308064738 0.5278376866422223 1.275001249136936 -0.0158945072352514 -0.4113009410721978
1.684 0.5069447674607972 0.8603897283489028 0.5228015990724633 1.271203642718837 -0.01585683161166612 -0.4108139143699346
1.686 0.5017989120050683 0.8568541231733184 0.5176182017252482 1.267182161145985 -0.01581928972017992 -0.410328037972667
1.688 0.4965334420740902 0.853080697610278 0.5123153230030225 1.262924005426242 -0.01578188092893227 -0.4098433078159642
1.69 0.4911763245688243 0.8490602270041259 0.5069209291786124 1.258419946858618 -0.01574460460978817 -0.4093597198544923
1.692 0.4857551930560204 0.844786869517232 0.5014626531943323 1.253664139579134 -0.01570746013831183 -0.4088772700619018
1.694 0.4802969380198758 0.8402579192146205 0.4959673849136165 1.248653873645338 -0.01567044689374063 -0.4083959544307172
1.696 0.4748273638733866 0.8354735154258428 0.4904609281323458 1.243389284398069 -0.01563356425895915 -0.4079157689722264
1.698 0.4693709144298239 0.8304363235960379 0.4849677260502975 1.237873033312409 -0.01559681162047355 -0.4074367097163706
1.7 0.4639504654566164 0.8251512016030821 0.4795106538250026 1.232109974314719 -0.01556018836838613 -0.4069587727116372
1.702 0.4585871804867418 0.8196248637854078 0.4741108743831118 1.226106817810357 -0.01552369389636999 -0.4064819540249495
1.704 0.4533004242586592 0.813865552901878 0.4687877518603032 1.21987180264344 -0.01548732760164409 -0.4060062497415619
1.706 0.4481077269864627 0.807882728124879 0.4635588158714111 1.21341438408983 -0.01545108888494831 -0.4055316559649511
1.708 0.4430247920442557 0.8016867750828262 0.4584397691947746 1.206744943899538 -0.01541497715051891 -0.4050581688167122
1.71 0.4380655395029877 0.7952887420451389 0.4534445313090517 1.199874526481592 -0.01537899180606399 -0.4045857844364527
1.712 0.4332421781850449 0.7887001046451071 0.4485853104477842 1.192814603626795 -0.01534313226273933 -0.4041144989816882
1.714 0.4285652993917103 0.7819325600990612 0.4438726973268346 1.1855768687268 -0.0153073979351243 -0.4036443086277393
1.716 0.4240439861372947 0.7749978507316833 0.4393157743784927 1.178173060299312 -0.01527178824119805 -0.4031752095676284
1.718 0.4196859324925421 0.7679076157205802 0.4349222350948579 1.170614813732558 -0.0152363026023158 -0.4027071980119777
1.72 0.4154975684574832 0.760673269345715 0.4306985089006687 1.162913539534623 -0.01520094044318547 -0.4022402701889077
1.722 0.4114841865813542 0.7533059035922292 0.4266498877731985 1.155080325936165 -0.01516570119184429 -0.4017744223439363
1.724 0.4076500673027141 0.7458162127195309 0.4227806515823499 1.14712586345941 -0.01513058427963582 -0.4013096507398793
1.726 0.4039986006718876 0.7382144373073033 0.4190941898130746 1.139060388964054 -0.015095589141187 -0.4008459516567503
1.728 0.400532402721136 0.7305103253002412 0.4155931179355214 1.130893646691904 -0.01506071521438546 -0.4003833213916627
1.73 0.3972534252698549 0.7227131076722044 0.4122793872102118 1.122634863930936 -0.01502596194035695 -0.3999217562587312
1.732 0.394163058388215 0.7148314864836574 0.409154387151658 1.114292739072632 -0.01499132876344305 -0.3994612525889747
1.734 0.3912622250956867 0.7068736332885056 0.4062190402268657 1.105875440018726 -0.01495681513117895 -0.39900180673022
1.736 0.3885514681569295 0.6988471960666434 0.403473888651201 1.097390611113648 -0.0149224204942715 -0.3985434150470049
1.738 0.3860310290516369 0.6907593130591128 0.4009191733582143 1.088845386979596 -0.01488814430657735 -0.3980860739204837
1.74 0.3837009193614389 0.6826166321078577 0.3985549053865202 1.08024641185619 -0.01485398602508137 -0.3976297797483321
1.742 0.3815609849293858 0.6744253342944097 0.3963809300392609 1.071599863239063 -0.01481994510987513 -0.3971745289446534
1.744 0.3796109632272158 0.6661911608681993 0.3943969842513514 1.062911478808084 -0.01478602102413562 -0.3967203179398849
1.746 0.3778505344097964 0.6579194426229904 0.3926027476439005 1.054186585803696 -0.01475221323410415 -0.3962671431807053
1.748 0.3762793665581324 0.6496151310348754 0.3909978877671977 1.045430132164818 -0.01471852120906535 -0.3958150011299421
1.75 0.3748971556143383 0.6412828306169074 0.3895821000356648 1.036646718883389 -0.01468494442132644 -0.3953638882664811
1.752 0.3737036604991726 0.6329268320601871 0.3883551428453691 1.027840633145361 -0.01465148234619653 -0.3949138010851743
1.754 0.3726987338792438 0.6245511458418903 0.38731686834121 1.019015881938641 -0.01461813446196624 -0.3944647360967505
1.756 0.3718823490203583 0.6161595360659737 0.3864672492702456 1.010176225893699 -0.01458490024988732 -0.3940166898277251
1.758 0.3712546231269624 0.6077555543779911 0.385806402321115 1.001325213198303 -0.0145517791941526 -0.3935696588203119
1.76 0.3708158375279529 0.59934257386743 0.3853346083098289 0.9924662134997631 -0.01451877078187594 -0.3931236396323331
1.762 0.3705664550269281 0.5909238229146634 0.3850523295300006 0.9836024517517965 -0.01448587450307245 -0.3926786288371331
1.764 0.3705071346922452 0.5825024189964156 0.384960224542884 0.9747370420199059 -0.01445308985063881 -0.3922346230234902
1.766 0.3706387443185273 0.5740814024923038 0.3850591606388611 0.965873021287834 -0.01442041632033379 -0.3917916187955303
1.768 0.3709623707472727 0.5656637705677122 0.3853502241580315 0.9570133833403529 -0.01438785341075885 -0.3913496127726407
1.77 0.3714793281911089 0.5572525112378101 0.3858347288144479 0.9481611128271948 -0.01435540062333899 -0.3909086015893848
1.772 0.3721911646617797 0.5488506377290829 0.3865142221240834 0.9393192196244996 -0.01432305746230366 -0.3904685818954167
1.774 0.373099666557826 0.5404612232791033 0.3873904899924939 0.9304907736345005 -0.01429082343466788 -0.3900295503553973
1.776 0.3742068614254828 0.5320874365140347 0.3884655594756963 0.9216789401629448 -0.01425869805021349 -0.3895915036489101
1.778 0.3755150188579379 0.5237325775642191 0.3897416996794084 0.9128870160345973 -0.01422668082147052 -0.3891544384703782
1.78 0.3770266494558183 0.515400115067167 0.391221420719517 0.9041184665961488 -0.01419477126369877 -0.3887183515289819
1.782 0.3787445017217844 0.5070937242144374 0.3929074706166539 0.895376963763013 -0.01416296889486948 -0.3882832395485756
1.784 0.3806715567128814 0.4988173259937077 0.3948028299485285 0.8866664252613148 -0.01413127323564712 -0.3878490992676071
1.786 0.3828110202244337 0.4905751277588603 0.3969107040338051 0.8779910551978967 -0.01409968380937143 -0.3874159274390364
1.788 0.3851663122248378 0.4823716652523674 0.3992345123668772 0.8693553860826222 -0.01406820014203946 -0.3869837208302548
1.79 0.3877410532007154 0.4742118461819871 0.4017778749630033 0.8607643224049923 -0.0140368217622879 -0.3865524762230053
1.792 0.3905390470194636 0.4661009954140924 0.404544595220839 0.8522231858273953 -0.01400554820137538 -0.3861221904133029
1.794 0.3935642598449518 0.4580449018224302 0.4075386388381169 0.843737762033786 -0.01397437899316507 -0.3856928602113558
1.796 0.3968207945854408 0.4500498667656685 0.4107641082595481 0.8353143492071557 -0.01394331367410728 -0.3852644824414873
1.798 0.4003128602801371 0.442122754117849 0.4142252120633594 0.8269598080599061 -0.01391235178322231 -0.3848370539420571
1.8 0.4040447357661496 0.4342710416919182 0.4179262286282329 0.818681613257303 -0.01388149286208334 -0.3844105715653848
1.802 0.4080207268970427 0.4265028738084661 0.4218714633518422 0.8104879059861388 -0.01385073645479951 -0.3839850321776727
1.804 0.4122451165203996 0.4188271146473683 0.4260651986283988 0.8023875473062975 -0.01382008210799911 -0.3835604326589291
1.806 0.4167221063613404 0.411253401883137 0.4305116357321533 0.7943901717860303 -0.01378952937081288 -0.3831367699028933
1.808 0.4214557499033069 0.4037921999529136 0.4352148276981644 0.7865062407698729 -0.0137590777948575 -0.3827140408169593
1.81 0.4264498753210356 0.3964548521107096 0.4401786022552547 0.7787470944328112 -0.01372872693421912 -0.3822922423221016
1.812 0.4317079974960741 0.3892536302128501 0.4454064738415112 0.7711250015656507 -0.01369847634543711 -0.3818713713528006
1.814 0.4372332181507482 0.3822017809254349 0.450901543738236 0.7636532057824038 -0.01366832558748786 -0.3814514248569689
1.816 0.443028113176988 0.3753135667624135 0.4566663873987567 0.7563459665582908 -0.01363827422176874 -0.3810323997958773
1.818 0.449094606314474 0.3686043000528409 0.4627029281265561 0.7492185931969239 -0.01360832181208218 -0.380614293144083
1.82 0.4554338284777585 0.3620903675824224 0.4690122964023784 0.7422874694717784 -0.01357846792461986 -0.380197101889356
1.822 0.4620459622347796 0.3557892432885927 0.4755946743627267 0.7355700663212006 -0.01354871212794704 -0.3797808230326079
1.824 0.4689300712459703 0.3497194859858065 0.4824491252389573 0.7290849395736267 -0.01351905399298701 -0.3793654535878202
1.826 0.4760839148568263 0.3439007187088879 0.489573407949832 0.722851709290861 -0.01348949309300561 -0.378950990581973
1.828 0.4835037485668581 0.3383535858615922 0.4969637775704541 0.7168910169165672 -0.01346002900359594 -0.378537431054975
1.83 0.491184111742375 0.3330996840056331 0.5046147730450381 0.711224456065226 -0.01343066130266313 -0.3781247720595929
1.832 0.4991176047400916 0.3281614618322029 0.512518994310501 0.7058744724935848 -0.01340138957040929 -0.3777130106613819
1.834 0.5072946585769599 0.3235620846606989 0.5206668719662784 0.7008642285993152 -0.01337221338931846 -0.3773021439386163
1.836 0.515703301394829 0.3193252587721674 0.5290464337389709 0.696217427754389 -0.01334313234414183 -0.3768921689822216
1.838 0.524328927244617 0.3154750110449075 0.5376430732665 0.6919580939406125 -0.01331414602188293 -0.376483082895705
1.84 0.5331540741310901 0.3120354197828359 0.5464393281428731 0.688110302577924 -0.013285254011783 -0.3760748827950882
1.842 0.5421582197443039 0.3090302933941542 0.5554146756496104 0.6846978592029942 -0.01325645590530651 -0.37566756580884
1.844 0.5513176048508444 0.3064827947255941 0.564545356146971 0.6817439238034032 -0.01322775129612668 -0.3752611290778091
1.846 0.560605095776985 0.3044150104812938 0.5738042355570963 0.6792705802364514 -0.01319913978011118 -0.3748555697551576
1.848 0.5699900987238095 0.3028474672661696 0.5831607196791174 0.6772983522724646 -0.013170620955308 -0.374450885006295
1.85 0.5794385396259818 0.3017985984419891 0.592580734047913 0.6758456704508014 -0.01314219442193124 -0.3740470720088123
1.852 0.5889129237635382 0.3012841691285217 0.6020267835458855 0.6749282970809384 -0.01311385978234724 -0.3736441279524166
1.854 0.5983724891553985 0.3013166702729835 0.6114581057964591 0.6745587203118504 -0.0130856166410606 -0.3732420500388669
1.856 0.6077734667121327 0.3019046966165347 0.6208309313168332 0.6747455320984435 -0.01305746460470046 -0.3728408354819087
1.858 0.6170694580525222 0.3030523274000179 0.6300988613345291 0.6754928089072287 -0.01302940328200684 -0.3724404815072108
1.86 0.626211938633179 0.3047585325151142 0.639213370916996 0.6767995178674153 -0.01300143228381697 -0.3720409853523011
1.862 0.6351508893652333 0.3070166301729464 0.6481244405882853 0.6786589744394501 -0.01297355122305195 -0.3716423442665037
1.864 0.6438355542174178 0.3098138246441178 0.656781313932121 0.6810583801549935 -0.01294575971470329 -0.3712445555108758
1.866 0.6522153145932853 0.3131308538122813 0.6651333719691049 0.683978470170427 -0.01291805737581965 -0.3708476163581457
1.868 0.6602406638488855 0.3169417757857406 0.6731311076743792 0.687393299878391 -0.01289044382549373 -0.3704515240926505
1.87 0.6678642576046548 0.3212139213164494 0.680727176289504 0.6912701973267238 -0.01286291868484911 -0.3700562760102744
1.872 0.6750420081312767 0.3259080341023251 0.687877489708304 0.6955699035207126 -0.01283548157702734 -0.3696618694183875
1.874 0.6817341846642687 0.3309786141834057 0.6945423167914437 0.7002469158191911 -0.01280813212717505 -0.3692683016357854
1.876 0.6879064767907926 0.3363744708367601 0.7006873467532237 0.7052500408293881 -0.01278086996243114 -0.368875569992628
1.878 0.6935309756308229 0.3420394810635611 0.706284670342737 0.7105231528939412 -0.01275369471191411 -0.3684836718303801
1.88 0.6985870279300165 0.347913538658994 0.711313633936726 0.7160061431607451 -0.01272660600670948 -0.3680926045017511
1.882 0.703061921658622 0.3539336678074309 0.7157615251384792 0.7216360331780671 -0.01269960347985726 -0.3677023653706363
1.884 0.7069513682077977 0.3600352651000412 0.7196240549741373 0.7273482169120986 -0.01267268676633956 -0.3673129518120574
1.886 0.7102597554731267 0.3661534257457781 0.722905610976195 0.7330777869578825 -0.01264585550306828 -0.3669243612121044
1.888 0.7130001573586934 0.3722243043346632 0.7256192666875663 0.7387608953025401 -0.01261910932887288 -0.3665365909678768
1.89 0.7151940976074794 0.3781864583213403 0.7277865454919676 0.744336096808767 -0.01259244788448822 -0.3661496384874267
1.892 0.7168710783850725 0.3839821236778344 0.729436949197615 0.7497456248675347 -0.01256587081254256 -0.3657635011897003
1.894 0.7180678956160237 0.3895583767416409 0.7306072733735692 0.7549365532461223 -0.01253937775754556 -0.3653781765044814
1.896 0.7188277728133617 0.3948681437266663 0.7313407411792382 0.7598618055990009 -0.01251296836587645 -0.3649936618723345
1.898 0.7191993523000355 0.3998710289058569 0.7316859945858077 0.7644809836504054 -0.01248664228577221 -0.3646099547445485
1.9 0.7192355869008074 0.4045339432365571 0.7316959860681232 0.7687609958196374 -0.01246039916731591 -0.3642270525830803
1.902 0.7189925762669687 0.408831526213412 0.7314268149293938 0.7726764790739118 -0.01243423866242507 -0.3638449528604998
1.904 0.7185283901911301 0.4127463641123122 0.7309365506159703 0.7762100171722458 -0.01240816042484017 -0.3634636530599336
1.906 0.7179019170265289 0.4162690167951332 0.7302840811366421 0.7793521674701441 -0.01238216411011317 -0.3630831506750109
1.908 0.7171717692580077 0.4193978723508934 0.7295280186336039 0.7821013155607017 -0.0123562493755962 -0.3627034432098084
1.91 0.7163952710841714 0.4221388537689647 0.7287256869646017 0.7844633819477606 -0.01233041588043023 -0.3623245281787959
1.912 0.7156275452534305 0.4245050045259309 0.7279322085389645 0.7864514076327136 -0.01230466328553393 -0.3619464031067827
1.914 0.7149207089657528 0.4265159805555848 0.7271997002193453 0.7880850460844482 -0.01227899125359254 -0.3615690655288634
1.916 0.7143231819195675 0.4281974748597845 0.7265765813686142 0.7893899878501499 -0.01225339944904684 -0.3611925129903654
1.918 0.7138791038953359 0.4295805983824214 0.7261069914334182 0.7903973414292164 -0.01222788753808221 -0.360816743046795
1.92 0.7136278548455893 0.4307012371313277 0.7258303100342071 0.7911429903951132 -0.01220245518861774 -0.3604417532637854
1.922 0.7136036673826762 0.4315994012987803 0.7257807694529717 0.7916669425158245 -0.01217710207029546 -0.3600675412170442
1.924 0.7138353198086783 0.4323185776796597 0.725987147663148 0.792012682171961 -0.01215182785446964 -0.3596941044923013
1.926 0.7143458973029496 0.4329050923234151 0.7264725295171457 0.7922265330086723 -0.01212663221419612 -0.3593214406852572
1.928 0.7151526094325532 0.4334074863417293 0.7272541242567749 0.7923570337432613 -0.01210151482422178 -0.358949547401532
1.93 0.7162666536026451 0.4338759043013787 0.7283431289636191 0.7924543265579926 -0.01207647536097405 -0.358578422256614
1.932 0.7176931162277949 0.4343614918133181 0.7297446297303454 0.7925695546891268 -0.0120515135025505 -0.3582080628758087
1.934 0.7194309061018782 0.4349157968535415 0.7314575350305867 0.7927542637477308 -0.01202662892870854 -0.3578384668941893
1.936 0.7214727175099666 0.4355901680950466 0.7334745388308217 0.7930598000515924 -0.0120018213208551 -0.3574696319565457
1.938 0.7238050238670553 0.4364351431145698 0.7357821142290918 0.7935366988319051 -0.01197709036203653 -0.3571015557173353
1.94 0.7264081059573232 0.4374998197930385 0.7383605416942516 0.7942340556336714 -0.01195243573692842 -0.3567342358406329
1.942 0.7292561219798991 0.438831205545757 0.7411839791117247 0.7951988755458391 -0.01192785713182561 -0.3563676700000821
1.944 0.7323172294352741 0.4404735412008659 0.7442205836699063 0.7964753970797122 -0.0119033542346322 -0.3560018558788463
1.946 0.7355537712024008 0.4424675993372568 0.7474326979372525 0.7981043905068163 -0.01187892673485168 -0.3556367911695595
1.948 0.738922539769673 0.4448499606358678 0.7507771140932501 0.8001224342101469 -0.01185457432357707 -0.3552724735742791
1.95 0.7423751342737367 0.447652276166534 0.7542054309672179 0.8025611769709708 -0.01183029669348123 -0.3549089008044369
1.952 0.7458584245564835 0.450900528337969 0.7576645180952907 0.8054465989187608 -0.0118060935388071 -0.3545460705807919
1.954 0.7493151347030272 0.4546143082341637 0.7610970992583854 0.8087982888675465 -0.01178196455535818 -0.3541839806333828
1.956 0.7526845553036293 0.458806131910133 0.7644424647441183 0.8126287606116137 -0.01175790944048888 -0.3538226287014807
1.958 0.7559033889593932 0.4634808225228325 0.7676373168524884 0.8169428350563753 -0.01173392789309514 -0.3534620125335429
1.96 0.7589067273571566 0.4686349884670792 0.7706167469707615 0.8217371183542445 -0.01171001961360497 -0.3531021298871652
1.962 0.7616291507709688 0.4742566295007611 0.7733153350749379 0.8269996080297979 -0.01168618430396911 -0.3527429785290368
1.964 0.7640059324721602 0.4803249027126673 0.7756683541398119 0.8327094589475608 -0.01166242166765177 -0.3523845562348935
1.966 0.7659743217563159 0.4868100777478039 0.7776130531659373 0.8388369385372764 -0.01163873140962142 -0.3520268607894724
1.968 0.7674748708167571 0.4936737057406543 0.7790899840530988 0.8453435957271208 -0.01161511323634162 -0.3516698899864665
1.97 0.7684527632562709 0.5008690188851043 0.7800443301120329 0.8521826605135833 -0.011591566855762 -0.351313641628479
1.972 0.7688590964782036 0.5083415677707446 0.7804271884555127 0.8592996812977238 -0.01156809197730915 -0.3509581135269793
1.974 0.768652067240811 0.5160300920225696 0.7801967555526889 0.866633395524827 -0.01154468831187778 -0.3506033035022574
1.976 0.767798009907979 0.5238676072033464 0.7793193654798007 0.8741168165867268 -0.01152135557182173 -0.3502492093833804
1.978 0.7662722406941821 0.5317826783494559 0.7777703341651273 0.8816785073576038 -0.01149809347094521 -0.3498958290081479
1.98 0.764059668466411 0.5397008389894244 0.7755345701909051 0.8892439992124729 -0.01147490172449402 -0.3495431602230485
1.982 0.7611551430669833 0.5475461051138449 0.7726069231161301 0.8967373059970607 -0.01145178004914683 -0.3491912008832158
1.984 0.7575635249191635 0.5552425272511716 0.76899225308217 0.904082476103557 -0.01142872816300658 -0.3488399488523854
1.986 0.7532994738680437 0.5627157211551244 0.7647052196536356 0.9112051231579766 -0.01140574578559184 -0.3484894020028523
1.988 0.7483869696202498 0.5698943189563196 0.7597698022580781 0.9180338771717468 -0.01138283263782835 -0.3481395582154272
1.99 0.742858589572055 0.5767112877820268 0.7542185780140955 0.9245017031614216 -0.01135998844204053 -0.3477904153793948
1.992 0.7367545811772674 0.5831050713462618 0.7480917940992106 0.9305470427387326 -0.01133721292194307 -0.3474419713924708
1.994 0.7301217744641335 0.5890205209911803 0.7414362802667661 0.936114745151941 -0.01131450580263262 -0.3470942241607608
1.996 0.7230123853541914 0.5944095951249719 0.7343042521647709 0.9411567667236896 -0.01129186681057948 -0.3467471715987177
1.998 0.7154827619279868 0.5992318188453282 0.7267520576016061 0.9456326304744287 -0.01126929567361939 -0.3464008116291005
2 0.707592123927578 0.6034545077327274 0.7188389160485233 0.9495096499156608 -0.01124679212094534 -0.3460551421829334
2.002 0.6994013410774962 0.6070527704985498 0.7106256969605956 0.9527629316980136 -0.01122435588309948 -0.3457101611994639
2.004 0.6909717889460549 0.6100093137509653 0.70217377563802 0.9553751803770884 -0.01120198669196507 -0.345365866626123
2.006 0.6823643128368607 0.6123140782690726 0.6935439971176192 0.9573363346875565 -0.01117968428075846 -0.345022256418484
2.008 0.6736383213929545 0.6139637397682385 0.6847957697769756 0.958643068308461 -0.01115744838402115 -0.3446793285402225
2.01 0.6648510229142018 0.6149611083595553 0.6759863016518137 0.9592981893226317 -0.01113527873761192 -0.3443370809630764
2.012 0.6560568094026689 0.6153144600729541 0.6671699844813679 0.9593099717397596 -0.01111317507869899 -0.3439955116668055
2.014 0.6473067864596332 0.615036831357254 0.6583979236053854 0.9586914499964071 -0.01109113714575221 -0.3436546186391531
2.016 0.6386484415998462 0.6141453038595228 0.6497176062783816 0.9574597037353281 -0.01106916467853539 -0.3433143998758052
2.018 0.6301254394055718 0.6126603024807025 0.6411726968236703 0.9556351558610552 -0.01104725741809858 -0.3429748533803527
2.02 0.6217775291719729 0.6106049251102537 0.6328029442787434 0.9532409022745052 -0.01102541510677047 -0.3426359771642515
2.022 0.6136405491643725 0.6080043179005886 0.6246441866525233 0.9503020871473732 -0.01100363748815084 -0.3422977692467846
2.024 0.6057465111324952 0.604885105699537 0.6167284354395982 0.94684533335456 -0.01098192430710301 -0.341960227655023
2.026 0.5981237490782638 0.6012748834849796 0.6090840243880102 0.9428982339087677 -0.01096027530974641 -0.3416233504237881
2.028 0.5907971172661758 0.5972017714464724 0.601735807509625 0.9384889070420858 -0.01093869024344915 -0.3412871355956134
2.03 0.5837882238512988 0.5926940337487763 0.5947053927081195 0.9336456149694832 -0.01091716885682066 -0.3409515812207068
2.032 0.5771156881586392 0.5877797590016516 0.5880113990583437 0.9283964443585646 -0.0108957108997044 -0.340616685356913
2.034 0.5707954113864773 0.5824865989894461 0.5816697275096478 0.9227690450591226 -0.01087431612317059 -0.3402824460696766
2.036 0.564840852246161 0.5768415612179798 0.57569383652567 0.9167904226499838 -0.01085298427950897 -0.3399488614320039
2.038 0.5592633007010128 0.5708708502518713 0.5700950158232345 0.9104867797762992 -0.01083171512222169 -0.3396159295244278
2.04 0.5540721444764485 0.5645997525567152 0.5648826528824646 0.9038834009916845 -0.01081050840601618 -0.3392836484349692
2.042 0.5492751243417804 0.5580525595474888 0.5600644882285785 0.8970045758065909 -0.01078936388679806 -0.338952016259102
2.044 0.5448785753221573 0.5512525237409123 0.5556468566438215 0.8898735548406285 -0.01076828132166416 -0.3386210310997162
2.046 0.5408876519547111 0.5442218432129997 0.5516349124236067 0.8825125342800819 -0.01074726046889557 -0.3382906910670821
2.048 0.5373065364947224 0.5369816699751494 0.5480328375826731 0.8749426642539635 -0.01072630108795064 -0.3379609942788141
2.05 0.5341386295999072 0.5295521383251712 0.5448440325393654 0.867184077185007 -0.01070540293945821 -0.3376319388598358
2.052 0.5313867235021003 0.5219524097017364 0.542071289287311 0.8592559326440802 -0.0106845657852107 -0.3373035229423438
2.054 0.5290531580295453 0.5142007310332681 0.5397169474177027 0.8511764756990412 -0.01066378938815738 -0.3369757446657731
2.056 0.5271399600911808 0.5063145040147995 0.5377830336035784 0.8429631061915613 -0.01064307351239763 -0.3366486021767618
2.058 0.5256489673944494 0.498310363170391 0.5362713853176236 0.8346324567995076 -0.01062241792317424 -0.3363220936291166
2.06 0.5245819372539441 0.4902042609307687 0.5351837596408109 0.8262004781145463 -0.01060182238686677 -0.3359962171837776
2.062 0.5239406413762304 0.4820115583057999 0.5345219280472154 0.8176825293145847 -0.01058128667098497 -0.3356709710087848
2.064 0.5237269474856375 0.4737471200296492 0.5342877580297998 0.8090934733088923 -0.01056081054416221 -0.3353463532792431
2.066 0.52394288860181 0.4654254133174597 0.5344832823779591 0.8004477754947484 -0.01054039377614897 -0.3350223621772887
2.068 0.5245907206931115 0.4570606096054071 0.5351107568309179 0.7917596054974626 -0.01052003613780639 -0.3346989958920555
2.07 0.5256729693255298 0.4486666888258199 0.5361727067266296 0.7830429414454608 -0.01049973740109984 -0.3343762526196409
2.072 0.5271924657991685 0.4402575459353943 0.537671963138261 0.7743116764984672 -0.01047949733909254 -0.3340541305630729
2.074 0.5291523731324944 0.4318470995248771 0.5396116888584337 0.765579727457154 -0.01045931572593925 -0.3337326279322769
2.076 0.5315562021023382 0.423449402448024 0.5419953944392182 0.7568611453920659 -0.01043919233687992 -0.3334117429440419
2.078 0.5344078173949498 0.4150787544581563 0.5448269443431834 0.7481702282801452 -0.01041912694823353 -0.3330914738219889
2.08 0.537711433761941 0.4067498168867157 0.5481105530993328 0.739521635683253 -0.01039911933739179 -0.3327718187965373
2.082 0.5414716019023065 0.3984777294089289 0.5518507711851195 0.7309305055138018 -0.01037916928281303 -0.3324527761048728
2.084 0.5456931836266252 0.3902782289128126 0.5560524601906413 0.7224125729037276 -0.01035927656401606 -0.3321343439909151
2.086 0.550381315677076 0.3821677704502843 0.5607207566386502 0.7139842911555699 -0.0103394409615741 -0.3318165207052857
2.088 0.5555413613994451 0.3741636501672324 0.5658610236565538 0.7056629546725083 -0.01031966225710869 -0.3314993045052759
2.09 0.5611788492889072 0.3662841299873559 0.5714787895221909 0.6974668236421716 -0.01029994023328374 -0.3311826936548157
2.092 0.5672993972429202 0.3585485636890984 0.5775796719167198 0.6894152501135397 -0.01028027467379956 -0.3308666864244413
2.094 0.5739086211918362 0.3509775238056537 0.584169286555223 0.6815288048969184 -0.01026066536338692 -0.3305512810912646
2.096 0.5810120266027057 0.3435929285527289 0.5912531386905068 0.6738294044916703 -0.01024111208780114 -0.3302364759389413
2.098 0.5886148812097821 0.3364181676906387 0.5988364958435984 0.6663404369482794 -0.01022161463381632 -0.3299222692576407
2.1 0.5967220671880673 0.3294782258870268 0.6069242399772867 0.6590868852310405 -0.01020217278921947 -0.3296086593440137
2.102 0.6053379108967006 0.3227998017347204 0.6155206972395054 0.652095446235884 -0.01018278634280478 -0.3292956445011636
2.104 0.6144659882690859 0.3164114201046018 0.6246294433534537 0.6453946431432159 -0.01016345508436783 -0.3289832230386142
2.106 0.6241089039258909 0.3103435349751273 0.6342530827305909 0.6390149282474078 -0.01014417880470002 -0.3286713932722805
2.108 0.6342680421894495 0.3046286192578574 0.6443929994850323 0.6329887727822954 -0.01012495729558276 -0.328360153524438
2.11 0.6449432883550603 0.2993012374587598 0.6550490787048423 0.6273507395824529 -0.01010579034978202 -0.3280495021236931
2.112 0.6561327189019932 0.294398096260867 0.6662193966630358 0.6221375336658198 -0.01008667776104258 -0.3277394374049528
2.114 0.6678322598015496 0.2899580673096669 0.6778998791256322 0.6173880250190628 -0.01006761932408265 -0.3274299577093958
2.116 0.680035312742657 0.2860221756449826 0.6900839275772453 0.6131432370294249 -0.01004861483458825 -0.3271210613844422
2.118 0.6927323499921246 0.282633546372051 0.7027620140813324 0.609446293155776 -0.0100296640892078 -0.3268127467837251
2.12 0.70591047975295 0.2798373013508935 0.7159212466384967 0.6063423136179537 -0.01001076688554666 -0.3265050122670602
2.122 0.7195529853443552 0.2776803969451432 0.729544908366517 0.6038782531455615 -0.009991923022161731 -0.3261978562004184
2.124 0.7336388432766709 0.2762113932974052 0.7436119755752271 0.6021026702533007 -0.009973132298556123 -0.3258912769558955
2.126 0.7481422274189961 0.2754801452504455 0.7580966219341698 0.6010654181621303 -0.009954394515173808 -0.3255852729116848
2.128 0.7630320088981176 0.2755374050372585 0.7729677183715119 0.6008172474893062 -0.009935709473394312 -0.3252798424520477
2.13 0.7782712641189035 0.2764343273234072 0.7881883410944309 0.6014093112906931 -0.009917076975527505 -0.3249749839672859
2.132 0.7938168063497645 0.2782218682382505 0.8037153031745728 0.6028925640919632 -0.009898496824808315 -0.3246706958537127
2.134 0.8096187594853687 0.2809500718256719 0.8194987283107602 0.6053170483392978 -0.009879968825391603 -0.3243669765136259
2.136 0.8256201958219918 0.2846672400055597 0.8354816886043387 0.6087310643608386 -0.009861492782346968 -0.3240638243552789
2.138 0.8417568627393397 0.2894189857930409 0.8515999312409933 0.6131802235858944 -0.009843068501653639 -0.3237612377928535
2.14 0.8579570257507008 0.2952471742529513 0.8677817215408962 0.6187063894993837 -0.009824695790195377 -0.3234592152464325
2.142 0.8741414572679499 0.3021887615047287 0.8839478317237054 0.6253465166467007 -0.009806374455755452 -0.323157755141972
2.144 0.8902236011212504 0.3102745489654002 0.900011705428262 0.6331314048766746 -0.009788104307011587 -0.3228568559112744
2.146 0.9061099421018833 0.3195278777767701 0.9158798272554143 0.6420843937687313 -0.009769885153530979 -0.3225565159919612
2.148 0.9217006070678981 0.3299632966729228 0.9314523238736635 0.6522200305003686 -0.009751716805765351 -0.3222567338274457
2.15 0.9368902191984096 0.3415852449815444 0.9466238182734557 0.6635427528484514 -0.009733599075046029 -0.3219575078669071
2.152 0.9515690195007532 0.3543868003848288 0.9612845512743322 0.6760456369500916 -0.009715531773579032 -0.3216588365652627
2.154 0.9656242595919923 0.3683485477521621 0.9753217743064325 0.6897092661353049 -0.009697514714440242 -0.3213607183831428
2.156 0.9789418572671424 0.3834376299714229 0.988621404978713 0.7045007817582857 -0.009679547711570537 -0.3210631517868627
2.158 0.9914082917914968 0.3996070433677892 1.001069922371268 0.7203731786161873 -0.009661630579771029 -0.3207661352483981
2.16 1.002912699997343 0.4167952382318256 1.012556463132041 0.7372649054771834 -0.009643763134698264 -0.3204696672453577
2.162 1.013349118120689 0.4349260785812579 1.022975063313549 0.7550998248422164 -0.009625945192859531 -0.3201737462609585
2.164 1.022618799164832 0.4539092042254219 1.03222697573644 0.7737875750094207 -0.009608176571608099 -0.3198783707839989
2.166 1.030632522904001 0.4736408226596439 1.04022297999314 0.7932243619684778 -0.009590457089138598 -0.3195835393088339
2.168 1.037312806838937 0.4940049388212507 1.046885593403419 0.8132941891565998 -0.009572786564482329 -0.3192892503353491
2.17 1.042595922836214 0.5148750084872061 1.052151087653717 0.8338705108561418 -0.009555164817502683 -0.3189955023689357
2.172 1.04643362667675 0.5361159775230647 1.055971218345641 0.8548182714435298 -0.009537591668890531 -0.3187022939204651
2.174 1.048794516797305 0.5575866463218936 1.058314583737465 0.8759962698281575 -0.009520066940159685 -0.3184096235062639
2.176 1.049664953821942 0.5791422784765218 1.059167544275584 0.8972597681246106 -0.00950259045364236 -0.3181174896480888
2.178 1.049049493193246 0.6006373569662073 1.058534655225731 0.9184632478393095 -0.009485162032484685 -0.3178258908731022
2.18 1.046970807794756 0.6219283814518075 1.056438589295399 0.9394632071656545 -0.009467781500642225 -0.3175348257138469
2.182 1.043469103925274 0.6428765975748757 1.052919552608149 0.9601208902830981 -0.009450448682875553 -0.3172442927082224
2.184 1.038601060158406 0.6633505537580007 1.048034223563152 0.9803048441574602 -0.009433163404745818 -0.3169542903994595
2.186 1.032438342323755 0.6832283924619891 1.041854267816365 0.9998932097980863 -0.009415925492610394 -0.3166648173360972
2.188 1.025065767212856 0.7023997999264753 1.034464501986474 1.018775671998433 -0.009398734773618481 -0.3163758720719574
2.19 1.016579201282521 0.7207675596010904 1.025960792358228 1.036855012767212 -0.009381591075706819 -0.3160874531661221
2.192 1.007083287881094 0.7382486776583721 1.016447782108689 1.05404823684128 -0.009364494227595357 -0.3157995591829081
2.194 0.9966890972947412 0.7547750723151551 1.006036541353524 1.070287261007 -0.009347444058783003 -0.3155121886918447
2.196 0.9855117887855936 0.7702938402512558 0.994842229185137 1.085519180518905 -0.009330440399543352 -0.3152253402676493
2.198 0.973668363791682 0.7847671318500793 0.9829818468726025 1.099706144340283 -0.0093134830809205 -0.314939012490204
2.2 0.9612755759469249 0.798171681254662 0.9705721478816497 1.112824885199194 -0.009296571934724815 -0.3146532039445322
2.202 0.9484480480326959 0.8104980468860969 0.9577277548262247 1.124865960106873 -0.009279706793528813 -0.314367913220776
2.204 0.9352966297817821 0.8217496231374518 0.944559517272445 1.135832762051624 -0.009262887490662964 -0.3140831389141719
2.206 0.9219270148845761 0.831941484773937 0.9311731287447877 1.145740364398966 -0.00924611386021165 -0.3137988796250292
2.208 0.9084386215183462 0.8410991228639868 0.9176680072553552 1.154614256822693 -0.009229385737009002 -0.3135151339587058
2.21 0.8949237289046308 0.849257125607995 0.9041364318612657 1.162489026133582 -0.009212702956634906 -0.3132319005255868
2.212 0.8814668531430047 0.8564578501133261 0.8906629184984156 1.169407028054387 -0.009196065355410919 -0.3129491779410608
2.214 0.8681443389332327 0.8627501228114099 0.8773238117036291 1.175417087636908 -0.009179472770396281 -0.3126669648254979
2.216 0.8550241396951606 0.8681879975165121 0.8641870647345445 1.18057325732074 -0.009162925039383929 -0.3123852598042275
2.218 0.8421657566991886 0.8728295917060285 0.8513121787000851 1.184933653213544 -0.009146422000896538 -0.3121040615075157
2.22 0.8296203078500434 0.8767360138299463 0.838750271344226 1.18855938240049 -0.009129963494182575 -0.3118233685705433
2.222 0.8174306982485469 0.8799703876733349 0.8265442476077592 1.191513567306719 -0.009113549359212405 -0.3115431796333841
2.224 0.8056318672758398 0.8825969741129114 0.8147290467125142 1.193860467453894 -0.009097179436674388 -0.3112634933409821
2.226 0.7942510903182275 0.8846803861085393 0.8033319438861986 1.19566469445167 -0.009080853567971036 -0.3109843083431312
2.228 0.7833083170594212 0.8862848894380484 0.7923728886546363 1.1969905127325 -0.009064571595215161 -0.310705623294452
2.23 0.7728165323037524 0.8874737794448641 0.7818648656649785 1.197901216299236 -0.009048333361226076 -0.3104274368543715
2.232 0.7627821293089618 0.8883088228505862 0.7718142680184876 1.198458570537687 -0.009032138709525782 -0.3101497476871007
2.234 0.7532052894585606 0.8888497533730495 0.7622212769428959 1.198722307834664 -0.009015987484335242 -0.3098725544616143
2.236 0.7440803656826162 0.8891538103912566 0.7530802452131867 1.198749666242885 -0.00899987953057059 -0.3095958558516283
2.238 0.7353962701880556 0.889275311113811 0.7443800848818951 1.198594961649391 -0.008983814693839463 -0.3093196505355802
2.24 0.727136869753177 0.8892652485277053 0.7361046625736143 1.198309185724312 -0.008967792820437255 -0.309043937196607
2.242 0.7192813939283831 0.8891709097487015 0.7282332076857266 1.197939624271226 -0.008951813757343496 -0.3087687145225249
2.244 0.7118048629371223 0.8890355121407123 0.7207407402893404 1.197529493346521 -0.008935877352218156 -0.3084939812058083
2.246 0.7046785427620001 0.8888978576041733 0.7135985262153982 1.197117593547743 -0.008919983453398051 -0.3082197359435696
2.248 0.6978704347844344 0.8887920086048999 0.7067745666943277 1.196737986042438 -0.008904131909893217 -0.3079459774375378
2.25 0.6913458063713971 0.8887469926449367 0.7002341289427805 1.196419697038976 -0.008888322571383356 -0.3076727043940392
2.252 0.6850677669259291 0.8887865447633372 0.6939403222141433 1.196186460287313 -0.008872555288214234 -0.3073999155239762
2.254 0.6789978911962096 0.8889289000615903 0.6878547211076037 1.196056509604398 -0.008856829911394175 -0.3071276095428073
2.256 0.6730968881417075 0.8891866499335541 0.6819380344342981 1.196042435104081 -0.008841146292590552 -0.3068557851705274
2.258 0.6673253095689354 0.8895666764009387 0.6761508138530616 1.196151117532586 -0.008825504284126255 -0.3065844411316475
2.26 0.661644288315518 0.8900701785131461 0.6704541920544943 1.196383754668321 -0.008809903738976263 -0.3063135761551746
2.262 0.6560162913135856 0.8906928030200336 0.6648106358243497 1.196735991994626 -0.008794344510764156 -0.3060431889745927
2.264 0.6504058687923382 0.8914248884317207 0.6591846952460969 1.197198166759563 -0.008778826453758711 -0.3057732783278418
2.266 0.644780377592982 0.8922518272209632 0.6535437270158525 1.197755670178263 -0.008763349422870473 -0.3055038429572999
2.268 0.6391106544782412 0.8931545455186906 0.6478585677518897 1.198389427128453 -0.008747913273648393 -0.3052348816097624
2.27 0.6333716147520518 0.894110093566008 0.6421041326143283 1.199076486602431 -0.008732517862276429 -0.304966393036423
2.272 0.6275427526731933 0.8950923338801324 0.6362599157187635 1.199790709872987 -0.008717163045570232 -0.3046983759928548
2.274 0.621608523129379 0.8960727081142635 0.6303103718103528 1.200503537353254 -0.008701848680973788 -0.3044308292389907
2.276 0.6155585886763615 0.8970210584984748 0.6242451633029177 1.201184810037579 -0.008686574626556151 -0.3041637515391046
2.278 0.6093879220688762 0.8979064760331181 0.6180592628098843 1.20180361769491 -0.008671340741008117 -0.3038971416617922
2.28 0.6030967613178537 0.8986981456575862 0.6117529082014928 1.202329144037539 -0.008656146883638999 -0.3036309983799525
2.282 0.5966904215477921 0.8993661586358513 0.6053314144621654 1.20273147910662 -0.008640992914373339 -0.3033653204707686
2.284 0.5901789748822148 0.8998822643937476 0.5988048535759626 1.202982371109437 -0.008625878693747729 -0.3031001067156894
2.286 0.5835768156667663 0.9002205378251372 0.5921876197496739 1.203055893725548 -0.008610804082907569 -0.3028353559004108
2.288 0.5769021330957588 0.9003579432745904 0.5854979020393627 1.202929010089448 -0.008595768943603907 -0.3025710668148575
2.29 0.5701763163980441 0.9002747825243302 0.5787570895362344 1.202582020777494 -0.008580773138190249 -0.3023072382531641
2.292 0.5634233190353264 0.8999550206099236 0.5719891355649458 1.201998889623581 -0.008565816529619432 -0.3020438690136575
2.294 0.5566690079274353 0.8993864896223346 0.5652199069088758 1.201167447521173 -0.008550898981440486 -0.3017809578988381
2.296 0.5499405217184589 0.8985609763602885 0.5584765420762544 1.200079480075651 -0.008536020357795531 -0.3015185037153622
2.298 0.5432656588993604 0.8974742044143424 0.5517868394227771 1.198730709688366 -0.00852118052341668 -0.3012565052740235
2.3 0.5366723125559373 0.8961257247750076 0.5451786918995603 1.197120686164744 -0.008506379343622974 -0.300994961389736
2.302 0.5301879640490627 0.8945187312768108 0.53867958073338 1.195252602158326 -0.008491616684317322 -0.300733870881515
2.304 0.5238392434148272 0.8926598181604284 0.5323161358268107 1.193133050732889 -0.008476892411983484 -0.3004732325724606
2.306 0.5176515600194939 0.8905586968922327 0.5261137664131769 1.190771742181972 -0.008462206393683024 -0.3002130452897392
2.308 0.5116488032489159 0.8882278883243919 0.5200963617459683 1.188181196188959 -0.008447558497052355 -0.2999533078645666
2.31 0.5058531099002926 0.885682404544007 0.5142860584905924 1.185376423676197 -0.008432948590299716 -0.2996940191321899
2.312 0.5002846925514546 0.8829394325810378 0.5087030690936568 1.182374610512908 -0.008418376542202247 -0.2994351779318707
2.314 0.4949617215009205 0.8800180297358478 0.5033655637230235 1.179194812842715 -0.00840384222210302 -0.2991767831068675
2.316 0.4899002518558868 0.8769388378322345 0.4982895973557949 1.175857671336653 -0.00838934549990813 -0.2989188335044189
2.318 0.4851141869154946 0.8737238213418594 0.4934890731615784 1.172385149317585 -0.008374886246083773 -0.2986613279757259
2.32 0.4806152690365931 0.8703960321556282 0.4889757333682465 1.168800297531564 -0.008360464331653371 -0.2984042653759357
2.322 0.4764130895953412 0.8669794018657129 0.4847591692235358 1.165127046429837 -0.00834607962819468 -0.2981476445641238
2.324 0.4725151103491581 0.8634985607813257 0.480846842356995 1.161390025184604 -0.00833173200783696 -0.2978914644032783
2.326 0.468926689395076 0.8599786815533468 0.4772441107383341 1.157614405313629 -0.008317421343258101 -0.2976357237602822
2.328 0.4656511059243464 0.8564453441926767 0.4739542534320282 1.153825765698574 -0.00830314750768184 -0.2973804215058973
2.33 0.4626895790518015 0.8529244184236988 0.4709784894266765 1.150049974938446 -0.008288910374874926 -0.2971255565147473
2.332 0.4600412771074457 0.8494419586850877 0.46831598692659 1.146313086350389 -0.008274709819144348 -0.2968711276653018
2.334 0.4577033149027432 0.8460241066385717 0.4659638606180778 1.142641240478431 -0.008260545715334555 -0.2966171338398592
2.336 0.4556707376122907 0.8426969957661727 0.4639171555511153 1.139060569690704 -0.00824641793882471 -0.2963635739245311
2.338 0.4539364910448364 0.8394866524963353 0.4621688174103623 1.135597099305561 -0.008232326365525939 -0.2961104468092254
2.34 0.4524913792219352 0.836418888301744 0.4607096500938139 1.132276639689375 -0.008218270871878635 -0.2958577513876308
2.342 0.4513240113380945 0.8335191773648982 0.4595282626729442 1.129124663922098 -0.008204251334849704 -0.2956054865572002
2.344 0.4504207413507453 0.8308125147132983 0.4586110089826752 1.126166165932433 -0.008190267631929942 -0.2953536512191351
2.346 0.4497656046348059 0.828323250224159 0.4579419242759372 1.123425494502528 -0.008176319641131292 -0.2951022442783694
2.348 0.4493402573168352 0.8260748946060807 0.4575026645578194 1.120926159249634 -0.008162407240984241 -0.2948512646435538
2.35 0.4491239250522824 0.8240898944250268 0.4572724553628176 1.118690605652066 -0.00814853031053514 -0.2946007112270397
2.352 0.4490933690768177 0.8223893744820372 0.4572280578061614 1.116739957426901 -0.008134688729343614 -0.2943505829448643
2.354 0.4492228782825267 0.8209928473988468 0.4573437606600066 1.115093726115581 -0.008120882377479911 -0.2941008787167341
2.356 0.4494842967591298 0.819917892139675 0.4575914078946521 1.113769489605685 -0.008107111135522344 -0.2938515974660099
2.358 0.4498470965936076 0.8191798053744925 0.4579404714781623 1.112782543494184 -0.00809337488455468 -0.2936027381196913
2.36 0.4502785056283328 0.8187912320405049 0.4583581791344964 1.112145531648906 -0.008079673506163601 -0.2933542996084015
2.362 0.4507436992159782 0.818761784095861 0.4588097060984143 1.111868064962233 -0.008066006882436135 -0.2931062808663716
2.364 0.4512060636741371 0.8190976591613561 0.4592584385700943 1.111956339992782 -0.008052374895957145 -0.292858680831426
2.366 0.4516275370443048 0.8198012733408575 0.4596663144741115 1.112412771785824 -0.00803877742980677 -0.2926114984449664
2.368 0.4519690298633276 0.8208709247791678 0.4599942442308856 1.113235657431126 -0.008025214367557973 -0.2923647326519582
2.37 0.4521909249805656 0.8223005062108455 0.4602026105738396 1.114418888611759 -0.008011685593274002 -0.2921183824009136
2.372 0.4522536511061869 0.8240792856121204 0.4602518420976928 1.115951732255999 -0.007998190991505951 -0.2918724466438787
2.374 0.4521183199468718 0.8261917738292168 0.460103050394162 1.117818698165634 -0.007984730447290275 -0.2916269243364171
2.376 0.4517474117730484 0.8286176965315241 0.4597187156191948 1.11999951096912 -0.007971303846146364 -0.2913818144375963
2.378 0.4511054894362793 0.8313320848859049 0.4590634005103534 1.122469200795877 -0.007957911074074087 -0.291137115909972
2.38 0.4501599166500947 0.8343054949788831 0.4581044686676461 1.125198322698458 -0.007944552017551407 -0.2908928277195745
2.382 0.4488815532214798 0.8375043603656274 0.4568127797850118 1.128153309201521 -0.007931226563531941 -0.2906489488358936
2.384 0.4472453982791284 0.8408914754872037 0.455163332878571 1.131296953719068 -0.00791793459944261 -0.2904054782318643
2.386 0.4452311527222671 0.8444266005173025 0.4531358287354483 1.134589015401155 -0.007904676013181221 -0.2901624148838522
2.388 0.4428236742835182 0.8480671710434924 0.4507151249766324 1.137986928815132 -0.007891450693114147 -0.2899197577716398
2.39 0.4400133027486218 0.851769089436515 0.4478915612766958 1.141446595314926 -0.007878258528073952 -0.2896775058784115
2.392 0.4367960387884224 0.8554875694572703 0.4446611381957795 1.14492322764801 -0.007865099407357065 -0.28943565819074
2.394 0.4331735671240466 0.8591780020683448 0.4410255403447681 1.148372215766917 -0.00785197322072146 -0.2891942136985719
2.396 0.4291531227803609 0.8627968089375968 0.4369920026387453 1.151749980332811 -0.007838879858384358 -0.2889531713952142
2.398 0.4247472073383167 0.8663022508807559 0.4325730265493367 1.155014781158075 -0.007825819211019916 -0.2887125302773194
2.4 0.4199731696808652 0.8696551614205839 0.4277859608506222 1.158127450765456 -0.007812791169756963 -0.2884722893448725
2.402 0.4148526721343598 0.8728195804415688 0.4226524677605366 1.161052028042746 -0.007799795626176723 -0.2882324476011768
2.404 0.4094110676738321 0.875763269124878 0.4171979001461427 1.163756273177718 -0.007786832472310572 -0.2879930040528402
2.406 0.4036767166902799 0.8784580943826279 0.4114506182909177 1.16621205209239 -0.007773901600637784 -0.2877539577097617
2.408 0.3976802726444248 0.8808802782501349 0.4054412755485082 1.168395585835252 -0.00776100290408332 -0.2875153075851175
2.41 0.3914539648686353 0.8830105145676949 0.3992021011446509 1.170287567263042 -0.007748136276015592 -0.2872770526953473
2.412 0.3850309041094876 0.8848339613017183 0.3927662057197319 1.17187315336186 -0.00773530161024429 -0.2870391920601419
2.414 0.3784444325260356 0.8863401216728015 0.3861669313270538 1.17314184637523 -0.00772249880101816 -0.2868017247024283
2.416 0.3717275352109492 0.8875226306938632 0.3794372629539721 1.174087280342221 -0.007709727743022864 -0.2865646496483575
2.418 0.3649123253397267 0.8883789657233286 0.3726093136711055 1.174706931650619 -0.007696988331378776 -0.2863279659272905
2.42 0.3580296101547227 0.888910100310795 0.3657138906163616 1.175001772882581 -0.007684280461638875 -0.2860916725717858
2.422 0.3511085405077132 0.8891201201169129 0.3587801445374998 1.174975888734498 -0.007671604029786562 -0.2858557686175854
2.424 0.3441763427998962 0.8890158182967789 0.3518353017321297 1.174636071400382 -0.007658958932233572 -0.2856202531036027
2.426 0.3372581290461319 0.8886062856825759 0.3449044741119497 1.173991410754484 -0.007646345065817828 -0.2853851250719085
2.428 0.3303767784666384 0.8879025086673105 0.3380105407944398 1.173052892235029 -0.007633762327801366 -0.2851503835677187
2.43 0.3235528824572709 0.8869169850971526 0.3311740930731391 1.171833012736534 -0.007621210615868226 -0.2849160276393814
2.432 0.3168047439429955 0.8856633659136273 0.3244134337711179 1.170345422251991 -0.007608689828122382 -0.2846820563383636
2.434 0.3101484218627963 0.8841561278943684 0.317744621725882 1.168604596613607 -0.007596199863085673 -0.284448468719239
2.436 0.303597811740392 0.8824102807162015 0.3111815523600878 1.166625544555876 -0.007583740619695759 -0.2842152638396749
2.438 0.2971647538658525 0.8804411097566929 0.3047360658631565 1.164423550517113 -0.007571311997304053 -0.2839824407604197
2.44 0.2908591614011992 0.8782639545851179 0.2984180752968729 1.162013953130409 -0.007558913895673728 -0.2837499985452907
2.442 0.2846891616640611 0.8758940219588579 0.2922357078790387 1.159411958220019 -0.00754654621497766 -0.2835179362611607
2.444 0.2786612448291861 0.8733462313117712 0.2861954536849826 1.156632484289718 -0.007534208855796453 -0.2832862529779466
2.446 0.2727804152762029 0.870635090163548 0.2803023169953193 1.153690037932144 -0.007521901719116406 -0.2830549477685959
2.448 0.2670503417428731 0.8677745965464027 0.2745599664492007 1.150598616255478 -0.007509624706327579 -0.2828240197090756
2.45 0.2614735032990321 0.8647781653974327 0.2689708810182538 1.147371633275791 -0.00749737771922176 -0.2825934678783587
2.452 0.2560513289136928 0.8616585758611461 0.2635364895736833 1.144021867219559 -0.007485160659990557 -0.282363291358413
2.454 0.2507843290403289 0.8584279365471787 0.2582573024715524 1.140561425781367 -0.007472973431223413 -0.2821334892341885
2.456 0.2456722181944607 0.855097665963966 0.2531330341303664 1.137001726557571 -0.007460815935905675 -0.2819040605936052
2.458 0.2407140279470718 0.8516784855718429 0.2481627160244885 1.133353490099384 -0.007448688077416667 -0.2816750045275411
2.46 0.2359082101167946 0.8481804231480138 0.2433447998763224 1.129626743277834 -0.007436589759527781 -0.2814463201298206
2.462 0.2312527302242488 0.8446128244153099 0.2386772511106494 1.125830830912512 -0.007424520886400547 -0.2812180064972023
2.464 0.2267451514804852 0.840984371143282 0.23415763284307 1.121974433872649 -0.007412481362584763 -0.280990062729367
2.466 0.2223827097357434 0.8373031041772059 0.22978318082876 1.118065592106112 -0.007400471093016579 -0.280762487928906
2.468 0.2181623799129908 0.8335764500779481 0.2255508698960075 1.114111731279258 -0.007388489983016661 -0.2805352812013095
2.47 0.2140809345219736 0.8298112502690096 0.2214574724602619 1.110119691923965 -0.007376537938288295 -0.2803084416549552
2.472 0.2101349948761118 0.826013791772102 0.2174996097410274 1.106095760173198 -0.007364614864915542 -0.2800819684010957
2.474 0.2063210756483544 0.8221898387807893 0.2136737963177159 1.102045699334637 -0.007352720669361403 -0.2798558605538479
2.476 0.2026356233941498 0.8183446644687444 0.2099764786526158 1.097974781698925 -0.007340855258465976 -0.2796301172301809
2.478 0.1990750496439591 0.8144830825506404 0.2064040681834038 1.093887820100545 -0.007329018539444639 -0.2794047375499049
2.48 0.1956357591425818 0.8106094782245704 0.202952969562468 1.08978919886023 -0.007317210419886237 -0.2791797206356595
2.482 0.1923141737742651 0.8067278382140655 0.1996196045820164 1.085682903826968 -0.007305430807751275 -0.2789550656129026
2.484 0.1891067526712272 0.8028417797010909 0.1964004322825973 1.08157255131099 -0.007293679611370144 -0.278730771609899
2.486 0.1860100089666248 0.7989545780080796 0.1932919657060661 1.077461415765788 -0.007281956739441303 -0.2785068377577089
2.488 0.1830205236072671 0.7950691929335504 0.1902907857082966 1.073352456123728 -0.007270262101029555 -0.2782832631901774
2.49 0.1801349566051383 0.7911882936908168 0.1873935522107026 1.069248340734739 -0.007258595605564236 -0.2780600470439223
2.492 0.1773500560661573 0.7873142824299222 0.1845970132289948 1.065151470888246 -0.007246957162837507 -0.2778371884583241
2.494 0.1746626653001612 0.7834493163506384 0.1818980119831638 1.061064002926153 -0.007235346683002581 -0.2776146865755144
2.496 0.1720697282813798 0.779595328433679 0.1792934923579518 1.056987868974044 -0.007223764076572005 -0.277392540540365
2.498 0.1695682936975985 0.7757540468318124 0.1767805029520144 1.052924796332289 -0.007212209254415928 -0.2771707495004768
2.5 0.1671555177990945 0.7719270129761637 0.1743561999268549 1.048876325582333 -0.007200682127760407 -0.2769493126061695
2.502 0.1648286662310829 0.768115598458488 0.1720178488392685 1.044843827468958 -0.007189182608185673 -0.2767282290104701
2.504 0.1625851150113755 0.7643210207577316 0.1697628256189999 1.040828518626834 -0.007177710607624465 -0.2765074978691025
2.506 0.1604223507930954 0.7605443578814066 0.1675886168314557 1.036831476221883 -0.007166266038360333 -0.2762871183404768
2.508 0.1583379705335307 0.7567865619937753 0.1654928193465566 1.032853651579454 -0.007154848813025957 -0.2760670895856784
2.51 0.1563296806740163 0.7530484721045352 0.1634731395186178 1.028895882872993 -0.007143458844601498 -0.2758474107684578
2.512 0.1543952959198933 0.7493308258896763 0.1615273919663063 1.024958906944896 -0.007132096046412924 -0.2756280810552195
2.514 0.1525327376968744 0.745634270716425 0.1596534980290048 1.021043370331437 -0.007120760332130379 -0.2754090996150119
2.516 0.1507400323477787 0.7419593739412783 0.1578494839635452 1.017149839560795 -0.007109451615766523 -0.2751904656195164
2.518 0.1490153091224905 0.7383066325475014 0.1561134789341654 1.013278810790539 -0.007098169811674926 -0.2749721782430379
2.52 0.1473567980056242 0.734676482188344 0.1544437128401726 1.009430718850837 -0.007086914834548433 -0.274754236662493
2.522 0.1457628274163319 0.7310693056966077 0.1528385140157495 1.005605945754009 -0.00707568659941756 -0.2745366400574013
2.524 0.1442318218082713 0.7274854411218648 0.1512963068299202 1.001804828731738 -0.007064485021648885 -0.2743193876098736
2.526 0.1427622991890143 0.7239251893503202 0.1498156092059578 0.9980276678549231 -0.007053310016943462 -0.2741024785046028
2.528 0.1413528685734773 0.7203888213636371 0.1483950300748126 0.9942747332924906 -0.007042161501335235 -0.2738859119288534
2.53 0.14000222737802 0.7168765851868135 0.1470332667692094 0.9905462722592644 -0.007031039391189453 -0.2736696870724509
2.532 0.1387091587572261 0.7133887125747762 0.1457291023604272 0.9868425157025487 -0.007019943603201111 -0.2734538031277725
2.534 0.1374725288797876 0.7099254254852546 0.144481402934181 0.9831636847749913 -0.007008874054393404 -0.2732382592897367
2.536 0.1362912841334732 0.7064869423799 0.1432891147955893 0.9795099971356928 -0.006997830662116141 -0.2730230547557928
2.538 0.1351644482449372 0.7030734843963936 0.1421512615889814 0.9758816731223059 -0.006986813344044247 -0.2728081887259123
2.54 0.1340911192943646 0.6996852814302175 0.1410669413125408 0.9722789418327948 -0.006975822018176195 -0.2725936604025774
2.542 0.1330704665986348 0.6963225781597293 0.1400353232014673 0.9687020471505019 -0.006964856602832505 -0.2723794689907726
2.544 0.1321017274326128 0.6929856400495751 0.139055644449267 0.9651512537475491 -0.006953917016654208 -0.2721656136979739
2.546 0.1311842035504545 0.6896747593583196 0.1381272067290559 0.9616268530924591 -0.006943003178601363 -0.2719520937341395
2.548 0.1303172574640577 0.686390261176511 0.1372493724720092 0.9581291694882109 -0.006932115007951527 -0.2717389083116999
2.55 0.1295003084286222 0.6831325095137351 0.1364215608529205 0.9546585661592836 -0.006921252424298297 -0.2715260566455485
2.552 0.1287328280788103 0.6799019134492031 0.1356432434263601 0.9512154514022351 -0.006910415347549795 -0.2713135379530319
2.554 0.1280143356517606 0.6766989333526234 0.1349139393496878 0.9478002848065634 -0.006899603697927214 -0.27110135145394
2.556 0.1273443927263104 0.673524087174288 0.1342332101222738 0.9444135835447851 -0.006888817395963345 -0.2708894963704971
2.558 0.1267225974002218 0.6703779567946883 0.1336006537627229 0.9410559287220399 -0.006878056362501118 -0.2706779719273517
2.56 0.1261485778198295 0.6672611944110167 0.1330158983385217 0.9377279717625843 -0.006867320518692146 -0.2704667773515676
2.562 0.1256219849699977 0.6641745289268723 0.1324785947559929 0.9344304407994869 -0.006856609785995296 -0.2702559118726146
2.564 0.1251424846250301 0.6611187722935826 0.1319884087112053 0.931164147015941 -0.006845924086175232 -0.2700453747223583
2.566 0.1247097483562545 0.6580948257337658 0.1315450116975556 0.9279299908688178 -0.006835263341301009 -0.2698351651350521
2.568 0.1243234434875748 0.6551036857574813 0.1311480709613195 0.924728968104808 -0.006824627473744639 -0.2696252823473266
2.57 0.1239832218883731 0.6521464498544409 0.1307972382945528 0.9215621754526224 -0.006814016406179689 -0.2694157255981815
2.572 0.1236887074939298 0.6492243217201119 0.1304921375555097 0.9184308158490876 -0.006803430061579866 -0.2692064941289757
2.574 0.1234394824483845 0.6463386158383562 0.1302323508116022 0.9153362030217745 -0.006792868363217638 -0.2689975871834184
2.576 0.1232350717747275 0.6434907612113333 0.1300174030093903 0.9122797652188935 -0.006782331234662815 -0.2687890040075602
2.578 0.1230749264926412 0.6406823039853474 0.1298467450924224 0.9092630478351311 -0.006771818599781203 -0.2685807438497837
2.58 0.1229584051288664 0.6379149086809155 0.1297197355115996 0.9062877146417102 -0.0067613303827332 -0.2683728059607948
2.582 0.1228847535980021 0.635190357692245 0.1296356201059745 0.9033555472858584 -0.006750866507972454 -0.2681651895936135
2.584 0.122853083477145 0.6325105486739186 0.1295935103773895 0.9004684426774837 -0.006740426900244478 -0.2679578940035651
2.586 0.1228623487556173 0.6298774893920879 0.1295923602402026 0.8976284078403594 -0.006730011484585324 -0.2677509184482715
2.588 0.122911321213997 0.6272932895768218 0.1296309414003172 0.8948375517644638 -0.006719620186320219 -0.2675442621876419
2.59 0.1229985646773888 0.6247601492783909 0.129707817608451 0.8920980737622554 -0.006709252931062237 -0.2673379244838645
2.592 0.1231224084940842 0.6222803432130166 0.1298213181387952 0.889412247814414 -0.006698909644710968 -0.2671319046013974
2.594 0.123280920717166 0.6198562005756707 0.1299695109706172 0.8867824023826305 -0.006688590253451191 -0.2669262018069599
2.596 0.1234718816078994 0.6174900798200356 0.1301501762916509 0.8842108951895595 -0.006678294683751564 -0.266720815369524
2.598 0.1236927582370199 0.615184337951977 0.1303607810993833 0.8817000825122828 -0.00666802286236331 -0.2665157445603059
2.6 0.1239406811258624 0.6129412939709153 0.1305984558421813 0.8792522826236721 -0.006657774716318917 -0.2663109886527567
2.602 0.1242124240391666 0.6107631862220744 0.1308599742120975 0.8768697331446291 -0.006647550172930847 -0.2661065469225548
2.604 0.1245043882033974 0.6086521236049338 0.1311417373631877 0.8745545422525305 -0.00663734915979024 -0.2659024186475967
2.606 0.1248125923664239 0.6066100308200757 0.1314397639711895 0.8723086339280643 -0.006627171604765641 -0.2656986031079886
2.608 0.1251326702204908 0.604638588130942 0.1317496876564925 0.8701336877169803 -0.006617017436001722 -0.2654950995860383
2.61 0.1254598767608997 0.6027391664686206 0.1320667633428177 0.8680310738348672 -0.006606886581918018 -0.2652919073662466
2.612 0.1257891051283832 0.6009127591050454 0.1323858840995909 0.866001784840344 -0.006596778971207658 -0.2650890257352985
2.614 0.1261149153615456 0.5991599115522793 0.1327016098943817 0.8640463655343351 -0.006586694532836125 -0.2648864539820558
2.616 0.1264315762491687 0.5974806517887856 0.1330082094452087 0.8621648431863337 -0.006576633196039992 -0.264684191397548
2.618 0.1267331211059675 0.5958744233356862 0.1332997159962932 0.8603566606106506 -0.006566594890325704 -0.2644822372749644
2.62 0.1270134177928876 0.5943400240733525 0.1335699973383559 0.8586206149829986 -0.006556579545468318 -0.2642805909096461
2.622 0.1272662526710294 0.5928755539525261 0.1338128397625397 0.8569548055516031 -0.006546587091510301 -0.264079251599077
2.624 0.1274854274319715 0.5914783748749752 0.1340220448907318 0.855356593517852 -0.006536617458760287 -0.2638782186428768
2.626 0.1276648669268048 0.5901450859486722 0.1341915375045967 0.8538225772914642 -0.006526670577791879 -0.2636774913427919
2.628 0.1277987352679385 0.588871517031849 0.1343154816473809 0.8523485860345371 -0.006516746379442438 -0.2634770690026881
2.63 0.1278815566694638 0.5876527429474628 0.1343884014642757 0.8509296938760048 -0.006506844794811874 -0.263276950928542
2.632 0.1279083367983869 0.5864831199762927 0.1344053025536484 0.8495602564047259 -0.006496965755261459 -0.2630771364284332
2.634 0.127874679904893 0.5853563452525963 0.1343617890973056 0.8482339700651329 -0.006487109192412635 -0.2628776248125366
2.636 0.1277768967565457 0.5842655385393551 0.1342541717946915 0.8469439539324692 -0.006477275038145831 -0.262678415393114
2.638 0.127612098472185 0.5832033446332572 0.1340795616967843 0.8456828521177641 -0.006467463224599298 -0.2624795074845069
2.64 0.1273782717605811 0.5821620534349154 0.133835945444749 0.8444429538380432 -0.006457673684167917 -0.2622809004031277
2.642 0.1270743318147142 0.5811337336237901 0.1335222381642163 0.8432163270912429 -0.006447906349502059 -0.2620825934674529
2.644 0.1267001501508289 0.5801103750010754 0.1331383113043353 0.8419949609990899 -0.006438161153506407 -0.2618845859980145
2.646 0.1262565559400093 0.5790840339906977 0.1326849939693481 0.8407709113080905 -0.006428438029338824 -0.2616868773173927
2.648 0.1257453107587077 0.5780469765779734 0.1321640476691169 0.8395364433281818 -0.006418736910409192 -0.2614894667502083
2.65 0.1251690580696861 0.5769918131368074 0.1315781158000644 0.8382841667599219 -0.006409057730378281 -0.2612923536231145
2.652 0.1245312500207463 0.5759116201325573 0.1309306504439029 0.8370071573973472 -0.006399400423156616 -0.26109553726479
2.654 0.1238360552144499 0.5748000445368389 0.1302258201373533 0.8356990615427694 -0.006389764922903348 -0.2608990170059305
2.656 0.1230882518801615 0.5736513878673261 0.1294684030441866 0.8343541800465679 -0.006380151164025121 -0.2607027921792419
2.658 0.1222931113262155 0.5724606679729027 0.1286636704073905 0.8329675300923354 -0.006370559081174988 -0.2605068621194326
2.66 0.1214562766547163 0.5712236579155674 0.1278172652639676 0.831534884078773 -0.006360988609251263 -0.2603112261632056
2.662 0.1205836415091758 0.569936902458412 0.1269350811925722 0.8300527861076635 -0.006351439683396448 -0.2601158836492515
2.664 0.1196812331457287 0.5685977136746245 0.1260231453847249 0.8285185475928654 -0.006341912238996114 -0.2599208339182408
2.666 0.1187551034409624 0.567204147988699 0.1250875096526402 0.8269302243015156 -0.006332406211677825 -0.2597260763128166
2.668 0.1178112306498196 0.5657549675200222 0.1241341521871296 0.8252865776976095 -0.006322921537310036 -0.2595316101775873
2.67 0.1168554338795434 0.5642495889138113 0.1231688920315444 0.8235870237729305 -0.006313458152001028 -0.2593374348591191
2.672 0.1158933014197051 0.5626880229368105 0.1221973174118029 0.8218315726427393 -0.006304015992097818 -0.2591435497059288
2.674 0.114930133312326 0.5610708080121585 0.1212247283065112 0.8200207620806349 -0.006294594994185105 -0.2589499540684765
2.676 0.1139708979007311 0.5593989406161098 0.1202560929958153 0.8181555879152681 -0.006285195095084188 -0.2587566472991583
2.678 0.1130202015799454 0.5576738051024674 0.1192960178117973 0.8162374338547669 -0.006275816231851929 -0.2585636287522994
2.68 0.1120822705899749 0.5558971050999491 0.1183487289317546 0.8142680028840954 -0.00626645834177967 -0.2583708977841464
2.682 0.1111609434445387 0.5540707981869015 0.1174180648069309 0.8122492519397624 -0.006257121362392227 -0.2581784537528608
2.684 0.1102596724551345 0.5521970351130989 0.1165074776865813 0.8101833311316101 -0.006247805231446806 -0.2579862960185112
2.686 0.1093815327756554 0.550278104434801 0.1156200426625874 0.8080725283778678 -0.006238509886931997 -0.2577944239430668
2.688 0.1085292374375767 0.5483163830750502 0.1147584727046434 0.8059192199654402 -0.006229235267066727 -0.2576028368903902
2.69 0.1077051569459133 0.5463142930180123 0.1139251382562126 0.8037258272442422 -0.006219981310299239 -0.25741153422623
2.692 0.106911342145806 0.5442742641052466 0.1131220901011121 0.801494779423461 -0.006210747955306069 -0.2572205153182144
2.694 0.1061495492299836 0.5421987027128938 0.1123510843709746 0.7992284822487379 -0.006201535140991039 -0.257029779535844
2.696 0.1054212659268868 0.5400899659551101 0.1116136087333711 0.7969292922055947 -0.006192342806484236 -0.2568393262504847
2.698 0.1047277380758731 0.5379503409675606 0.1109109089670141 0.7945994958029216 -0.006183170891141018 -0.256649154835361
2.7 0.104069995954006 0.5357820287723609 0.110244015288547 0.7922412934379102 -0.006174019334541 -0.2564592646655492
2.702 0.1034488798628905 0.5335871322051799 0.1096137679393776 0.7898567873231505 -0.006164888076487079 -0.2562696551179706
2.704 0.1028650646108513 0.5313676473852007 0.1090208416678557 0.7874479729565849 -0.006155777057004426 -0.2560803255713842
2.706 0.1023190826352102 0.5291254582297669 0.1084657688515497 0.7850167336361475 -0.006146686216339521 -0.2558912754063807
2.708 0.1018113456008409 0.5268623335451527 0.1079489610958001 0.7825648375505277 -0.006137615494959151 -0.2557025040053751
2.71 0.1013421643862489 0.5245799262644271 0.1074707292197984 0.7800939370170276 -0.00612856483354946 -0.2555140107526005
2.712 0.1009117674278842 0.5222797744469863 0.1070313016008991 0.7776055694810874 -0.006119534173014959 -0.2553257950341011
2.714 0.1005203174398951 0.5199633036977658 0.1066308408943727 0.7751011599354912 -0.006110523454477582 -0.2551378562377255
2.716 0.1001679265609175 0.5176318307098797 0.1062694591801932 0.7725820244630003 -0.00610153261927571 -0.2549501937531205
2.718 0.09985467000437208 0.5152865676735352 0.1059472316133353 0.7700493746452591 -0.006092561608963228 -0.2547628069717239
2.72 0.09958059830564413 0.5129286273373052 0.1056642086709527 0.7675043226240637 -0.006083610365308566 -0.2545756952867585
2.722 0.09934574826964525 0.5105590285397501 0.105420427099939 0.7649478866329754 -0.00607467883029377 -0.2543888580932253
2.724 0.09915015272761199 0.5081787020638018 0.1052159196737255 0.7623809968516985 -0.006065766946113542 -0.2542022947878967
2.726 0.09899384921302079 0.5057884966951638 0.1050507238681951 0.7598045014644749 -0.006056874655174327 -0.254016004769311
2.728 0.09887688766484307 0.503389185388609 0.1049248895649364 0.7572191728263737 -0.006048001900093367 -0.2538299874377647
2.73 0.0987993372623328 0.5009814714702401 0.1048384858860306 0.754625713665547 -0.006039148623697784 -0.2536442421953069
2.732 0.098761292490219 0.4985659948214458 0.1047916072592427 0.7520247632671784 -0.006030314769023654 -0.2534587684457326
2.734 0.09876287852678756 0.4961433380047927 0.1047843788061027 0.7494169035993694 -0.006021500279315101 -0.2532735655945767
2.736 0.09880425604003047 0.4937140323083752 0.1048169611380538 0.7468026653574821 -0.006012705098023373 -0.2530886330491069
2.738 0.09888562547036227 0.4912785636930567 0.1048895546391682 0.7441825339113751 -0.006003929168805953 -0.2529039702183184
2.74 0.09900723087045259 0.4888373786394115 0.1050024033059782 0.7415569551523381 -0.00599517243552563 -0.2527195765129266
2.742 0.09916936336608968 0.486390889896746 0.1051557982083393 0.7389263412421078 -0.00598643484224964 -0.2525354513453618
2.744 0.09937236429459859 0.4839394821451029 0.1053500806278473 0.7362910762748649 -0.005977716333248735 -0.252351594129762
2.746 0.09961662807078189 0.4814835175853163 0.1055856449237782 0.733651521867284 -0.005969016852996322 -0.2521680042819677
2.748 0.09990260482428744 0.4790233414766505 0.105862941170455 0.7310080226961655 -0.005960336346167566 -0.251984681219515
2.75 0.1002308028454396 0.4765592876470159 0.1061824776030782 0.7283609120086456 -0.00595167475763852 -0.2518016243616297
2.752 0.1006017908717356 0.474091684002061 0.1065448229042208 0.7257105171312822 -0.005943032032485238 -0.2516188331292212
2.754 0.1010162002409359 0.4716208580639992 0.1069506083569188 0.7230571650088755 -0.005934408115982919 -0.2514363069448763
2.756 0.1014747269315302 0.4691471425728047 0.1074005298851352 0.7204011878056581 -0.005925802953605033 -0.2512540452328534
2.758 0.1019781335067357 0.4666708811840211 0.1078953499977581 0.7177429286030971 -0.005917216491022459 -0.251072047419076
2.76 0.1025272509720968 0.4641924343015241 0.1084358996461994 0.7150827472326515 -0.005908648674102639 -0.2508903129311274
2.762 0.1031229805527263 0.4617121850832613 0.109023080001635 0.7124210262815051 -0.005900099448908704 -0.2507088411982437
2.764 0.1037662953903474 0.4592305456622002 0.1096578641520461 0.7097581773135091 -0.005891568761698655 -0.2505276316513089
2.766 0.1044582421553217 0.4567479636248791 0.1103412987142462 0.7070946473477272 -0.005883056558924487 -0.2503466837228481
2.768 0.105199942563702 0.4542649287924253 0.1110745053509334 0.7044309256394478 -0.00587456278723138 -0.2501659968470225
2.77 0.1059925947827399 0.451781980351448 0.1118586821761968 0.7017675508110702 -0.005866087393456838 -0.2499855704596222
2.772 0.1068374747030243 0.4492997143826809 0.1126951050276542 0.6991051183807427 -0.005857630324629877 -0.2498054039980618
2.774 0.1077359370473933 0.4468187918390836 0.1135851285753635 0.6964442887404571 -0.005849191527970179 -0.2496254969013735
2.776 0.1086894162811831 0.4443399470236628 0.1145301872320704 0.6937857956338647 -0.005840770950887292 -0.2494458486102019
2.778 0.109699427278012 0.4418639966226456 0.1155317958189918 0.6911304551894435 -0.005832368540979791 -0.2492664585667979
2.78 0.1107675656880819 0.4393918493473913 0.1165915499341164 0.6884791755624042 -0.005823984246034476 -0.2490873262150129
2.782 0.1118955079454262 0.4369245162408721 0.1177111259594518 0.6858329672411656 -0.005815618014025548 -0.2489084510002935
2.784 0.1130850108379798 0.4344631217063184 0.1188922806310937 0.6831929540759936 -0.005807269793113825 -0.2487298323696752
2.786 0.1143379105543871 0.4320089153114838 0.1201368500860331 0.680560385083261 -0.005798939531645914 -0.2485514697717772
2.788 0.1156561211052392 0.4295632844247417 0.1214467482833927 0.677936647081538 -0.005790627178153431 -0.2483733626567964
2.79 0.1170416320016496 0.4271277677349423 0.1228239646830018 0.6753232782114442 -0.005782332681352195 -0.2481955104765019
2.792 0.1184965050580996 0.4247040697021346 0.1242705610482411 0.6727219823863642 -0.005774055990141449 -0.2480179126842296
2.794 0.1200228701647795 0.4222940759834017 0.1257886672183826 0.6701346447182779 -0.005765797053603059 -0.2478405687348761
2.796 0.1216229198570074 0.419899869866479 0.1273804756780082 0.6675633479513728 -0.005757555821000752 -0.2476634780848938
2.798 0.1232989024832944 0.4175237497360175 0.1290482347250738 0.6650103899283022 -0.005749332241779308 -0.2474866401922847
2.8 0.1250531137518704 0.4151682475801183 0.1307942400174342 0.6624783020967134 -0.005741126265563818 -0.2473100545165952
2.802 0.1268878864056784 0.4128361485289757 0.1326208242478373 0.6599698690478863 -0.005732937842158886 -0.2471337205189107
2.804 0.1288055777500242 0.4105305113913095 0.1345303446715721 0.6574881490531596 -0.005724766921547879 -0.2469576376618501
2.806 0.1308085547268281 0.4082546901254225 0.1365251681807203 0.6550364955349824 -0.005716613453892157 -0.2467818054095599
2.808 0.132899176197397 0.4060123561458264 0.1386076535869273 0.6526185793735361 -0.005708477389530317 -0.2466062232277097
2.81 0.1350797720673707 0.4038075213197084 0.1407801307463481 0.650238411903194 -0.005700358678977425 -0.2464308905834856
2.812 0.1373526188554434 0.4016445614547451 0.1430448761283677 0.6479003684003313 -0.005692257272924288 -0.2462558069455861
2.814 0.1397199112807375 0.3995282400134201 0.1454040844029741 0.6456092117976358 -0.005684173122236679 -0.2460809717842156
2.816 0.1421837294215196 0.3974637317109782 0.1478598355994742 0.6433701162820581 -0.005676106177954616 -0.24590638457108
2.818 0.1447460009772144 0.3954566455650501 0.150414057368506 0.6411886903444306 -0.005668056391291601 -0.2457320447793805
2.82 0.1474084581610728 0.393513046856876 0.1530684818747067 0.6390709987406853 -0.0056600237136339 -0.2455579518838092
2.822 0.1501725887511366 0.3916394773449842 0.1558245968476764 0.6370235827055274 -0.005652008096539798 -0.2453841053605432
2.824 0.1530395808531971 0.3898429729318212 0.158683590344936 0.6350534776190611 -0.005644009491738876 -0.2452105046872398
2.826 0.1560102609668026 0.3881310778331281 0.1616462888179339 0.6331682271761587 -0.005636027851131278 -0.2450371493430306
2.828 0.1590850250214023 0.3865118541280874 0.1647130881481893 0.6313758929366048 -0.005628063126786998 -0.2448640388085173
2.83 0.1622637621530654 0.3849938853882935 0.1678838774240105 0.6296850579540592 -0.005620115270945147 -0.2446911725657656
2.832 0.1655457711384473 0.3835862728926396 0.1711579553744605 0.6281048229909402 -0.005612184236013257 -0.2445185500983006
2.834 0.1689296696047168 0.3822986227401903 0.1745339395792834 0.6266447936312917 -0.005604269974566547 -0.2443461708911014
2.836 0.1724132963870732 0.3811410219857932 0.1780096688264205 0.6253150564163894 -0.005596372439347233 -0.2441740344305961
2.838 0.1759936077272285 0.3801240017517582 0.1815820993104923 0.624126141956415 -0.00558849158326381 -0.2440021402046568
2.84 0.1796665684062141 0.3792584851282557 0.1852471957656045 0.62308897283085 -0.005580627359390362 -0.2438304877025943
2.842 0.1834270393694509 0.3785557175889981 0.1889998190904168 0.6222147940041513 -0.005572779720965853 -0.2436590764151532
2.844 0.187268663960367 0.3780271776327744 0.1928336125817604 0.6215150834672812 -0.005564948621393441 -0.2434879058345069
2.846 0.191183755496638 0.3776844654499493 0.1967408895108778 0.6210014409042017 -0.005557134014239779 -0.2433169754542525
2.848 0.1951631896153627 0.3775391676306104 0.2007125254685971 0.6206854524000163 -0.005549335853234334 -0.2431462847694059
2.85 0.1991963055392887 0.377602696313464 0.2047378596315574 0.6205785295898607 -0.005541554092268698 -0.2429758332763967
2.852 0.2032708211606007 0.3778861017505047 0.2088046098459966 0.6206917222235683 -0.005533788685395911 -0.2428056204730636
2.854 0.207372767548679 0.3783998580645038 0.2128988071355088 0.6210355039231528 -0.005526039586829777 -0.242635645858649
2.856 0.2114864491039948 0.3791536230200709 0.2170047558549389 0.6216195319538653 -0.005518306750944202 -0.2424659089337944
2.858 0.215594436045683 0.380155973929903 0.2211050261779555 0.6224523831304385 -0.005510590132272501 -0.2422964092005355
2.86 0.2196775961298298 0.3814141233578468 0.2251804858153365 0.6235412695201441 -0.005502889685506758 -0.2421271461622973
2.862 0.2237151723826663 0.3829336200331391 0.2292103777481635 0.6248917393570282 -0.005495205365497134 -0.2419581193238892
2.864 0.2276849130898072 0.384718042286004 0.2331724502170584 0.6265073704775043 -0.005487537127251228 -0.2417893281915003
2.866 0.2315632592298901 0.3867686932537968 0.2370431441558235 0.6283894655264913 -0.005479884925933407 -0.2416207722726945
2.868 0.2353255929269831 0.3890843089620667 0.2407978416438472 0.6305367600384726 -0.00547224871686415 -0.2414524510764059
2.87 0.238946548276699 0.3916607919782956 0.2444111767322183 0.6329451560912293 -0.005464628455519402 -0.2412843641129336
2.872 0.2424003831211467 0.3944909844926795 0.2478574072186766 0.6356074953866171 -0.005457024097529925 -0.2411165108939376
2.874 0.2456614070651542 0.3975644951832109 0.2511108426638348 0.6385133861156443 -0.005449435598680647 -0.2409488909324335
2.876 0.2487044574259334 0.4008675939059979 0.2541463203408434 0.6416490976487862 -0.005441862914910027 -0.2407815037427883
2.878 0.2515054110903945 0.404383186951182 0.2569397170927039 0.6449975357918971 -0.005434306002309409 -0.2406143488407151
2.88 0.2540417167172593 0.4080908832451329 0.2594684815343817 0.648538308988402 -0.005426764817122396 -0.2404474257432692
2.882 0.2562929286985845 0.4119671584780926 0.2617121680143287 0.6522478924469354 -0.005419239315744198 -0.2402807339688428
2.884 0.2582412221034063 0.4159856197949192 0.2636529515581273 0.6560998928320798 -0.005411729454721027 -0.2401142730371606
2.886 0.2598718667904731 0.4201173686554849 0.2652761019812225 0.6600654111247605 -0.00540423519074945 -0.2399480424692756
2.888 0.2611736392164643 0.4243314540936728 0.2665703956971401 0.6641134958812366 -0.005396756480675778 -0.2397820417875638
2.89 0.2621391522923947 0.4285954032811357 0.2675284455738902 0.6682116737968558 -0.005389293281495434 -0.23961627051572
2.892 0.2627650869393848 0.4328758115260627 0.2681469324897372 0.6723265397048163 -0.005381845550352345 -0.2394507281787536
2.894 0.2630523135678731 0.4371389700154434 0.2684267268124114 0.6764243843184266 -0.005374413244538321 -0.2392854143029831
2.896 0.2630058972361074 0.4413515071404669 0.2683728935575999 0.6804718355564998 -0.00536699632149245 -0.2391203284160329
2.898 0.2626349862891337 0.445481018352812 0.2679945810279342 0.6844364883996396 -0.005359594738800481 -0.2389554700468275
2.9 0.2619525903421541 0.4494966602931868 0.2673047987963483 0.688287499018775 -0.005352208454194218 -0.2387908387255881
2.902 0.2609752590449486 0.4533696873212805 0.2663200964704995 0.6919961213051079 -0.005344837425550925 -0.2386264339838275
2.904 0.2597226777068206 0.4570739123183906 0.2650601593177133 0.6955361676727364 -0.005337481610892726 -0.2384622553543458
2.906 0.2582171992378408 0.4605860783820874 0.2635473402062268 0.6988843807533135 -0.005330140968385993 -0.2382983023712261
2.908 0.2564833337797369 0.4638861333253613 0.2618061492360777 0.7020207078951914 -0.00532281545634077 -0.2381345745698301
2.91 0.254547217822762 0.4669574042906633 0.2598627228559722 0.704928475777457 -0.005315505033210167 -0.2379710714867936
2.912 0.2524360836374602 0.4697866748562683 0.25774429329505 0.7075944675162906 -0.005308209657589782 -0.2378077926600222
2.914 0.2501777477220146 0.4723641713979669 0.2554786770102317 0.7100089090266539 -0.00530092928821711 -0.237644737628687
2.916 0.2478001339693106 0.47468346894451 0.2530937978532816 0.7121653748777301 -0.005293663883970958 -0.2374819059332202
2.918 0.2453308437385517 0.4767413291843871 0.2506172571424226 0.7140606262996977 -0.005286413403870868 -0.2373192971153106
2.92 0.2427967812906555 0.4785374846496341 0.2480759590977321 0.7156943953675341 -0.005279177807076543 -0.2371569107179
2.922 0.2402238394188116 0.4800743834737901 0.2454957964716989 0.7170691297589682 -0.00527195705288726 -0.2369947462851781
2.924 0.237636646790076 0.4813569086622886 0.2429013978908173 0.7181897120248673 -0.005264751100741317 -0.2368328033625786
2.926 0.2350583756820834 0.482392084691358 0.2403159355922988 0.7190631661881332 -0.005257559910215442 -0.2366710814967751
2.928 0.2325106065348669 0.4831887826714739 0.2377609899758911 0.7196983629071507 -0.005250383441024246 -0.2365095802356768
2.93 0.230013244062632 0.4837574334680423 0.2352564657156516 0.7201057325964662 -0.005243221653019641 -0.2363482991284238
2.932 0.2275844785722559 0.4841097562206542 0.2328205530784462 0.7202969939460382 -0.0052360745061903 -0.236187237725384
2.934 0.2252407855423947 0.4842585077933462 0.2304697275030557 0.7202849033714939 -0.005228941960661076 -0.2360263955781476
2.936 0.2229969563520257 0.4842172569118623 0.2282187803287181 0.7200830291513866 -0.005221823976692464 -0.2358657722395242
2.938 0.2208661532254005 0.4840001851688061 0.2260808737400805 0.7197055524323438 -0.005214720514680039 -0.2357053672635378
2.94 0.2188599818772164 0.4836219157422793 0.2240676134123704 0.7191670959477021 -0.005207631535153906 -0.2355451802054228
2.942 0.2169885759317074 0.4830973695834638 0.2221891329304856 0.7184825802050844 -0.005200556998778155 -0.2353852106216205
2.944 0.2152606878646551 0.4824416479790029 0.2204541847310054 0.7176671060487771 -0.005193496866350315 -0.2352254580697743
2.946 0.2136837819341391 0.4816699397605784 0.2188702330329399 0.7167358618693042 -0.005186451098800806 -0.2350659221087258
2.948 0.21226412526999 0.4807974509903128 0.2174435449271824 0.7157040532888239 -0.005179419657192408 -0.2349066022985111
2.95 0.2110068739599339 0.4798393546602748 0.2161792764626536 0.7145868528606312 -0.005172402502719716 -0.2347474982003564
2.952 0.2099161515811813 0.4788107577765118 0.21508155117789 0.713399367153186 -0.005165399596708612 -0.2345886093766742
2.954 0.2089951181675619 0.4777266831217111 0.2141535290681776 0.71215661851277 -0.005158410900615718 -0.2344299353910589
2.956 0.2082460280781988 0.476602062974015 0.2133974644542267 0.7108735387822986 -0.005151436376027887 -0.2342714758082836
2.958 0.2076702756418873 0.4754517420838441 0.212814751626549 0.7095649722781393 -0.005144475984661659 -0.2341132301942952
2.96 0.2072684278058606 0.4742904872512268 0.2124059574942233 0.7082456853674378 -0.005137529688362742 -0.233955198116211
2.962 0.2070402433257525 0.4731330008932266 0.212170840774858 0.7069303800355413 -0.005130597449105489 -0.2337973791423147
2.964 0.2069846783109761 0.4719939360286425 0.2121083575399685 0.705633708870695 -0.005123679228992381 -0.2336397728420525
2.966 0.2070998781996365 0.4708879101351874 0.21221665318989 0.7043702889212162 -0.005116774990253499 -0.2334823787860289
2.968 0.2073831564955734 0.4698295153443266 0.2124930411908194 0.7031547118903297 -0.005109884695246024 -0.2333251965460031
2.97 0.2078309608698218 0.4688333224406505 0.2129339691762755 0.7020015481355355 -0.005103008306453714 -0.2331682256948851
2.972 0.2084388275267418 0.4679138761239094 0.2135349733132282 0.7009253419306412 -0.005096145786486394 -0.2330114658067317
2.974 0.2092013250703636 0.4670856789926171 0.214290622168443 0.6999405954493598 -0.005089297098079448 -0.2328549164567427
2.976 0.2101119894914908 0.4663631617235898 0.2151944516955842 0.6990617389448472 -0.005082462204093324 -0.2326985772212574
2.978 0.2111632523382767 0.4657606369797149 0.2162388934057898 0.698303084657465 -0.005075641067513014 -0.2325424476777501
2.98 0.2123463646328324 0.4652922346938663 0.2174151982842799 0.6976787620986932 -0.005068833651447566 -0.2323865274048268
2.982 0.2136513196506421 0.464971816583736 0.2187133595697717 0.6972026325659576 -0.005062039919129578 -0.2322308159822216
2.984 0.2150667782821734 0.4648128680724481 0.2201220381160881 0.6968881810632402 -0.005055259833914708 -0.2320753129907921
2.986 0.2165800013165716 0.4648283662586147 0.2216284946758527 0.6967483842711314 -0.005048493359281174 -0.2319200180125167
2.988 0.2181767936073548 0.465030623222852 0.2232185340661841 0.6967955538533421 -0.005041740458829268 -0.2317649306304901
2.99 0.2198414656446553 0.4654311047987654 0.2248764667409362 0.6970411552276851 -0.005035001096280863 -0.2316100504289197
2.992 0.2215568185206076 0.4660402259944877 0.2265850937560866 0.69749560298761 -0.005028275235478928 -0.2314553769931223
2.994 0.2233041585615152 0.466867125521052 0.2283257214019023 0.698168035430572 -0.005021562840387041 -0.23130090990952
2.996 0.2250633479395623 0.4679194233565683 0.2300782118146513 0.699066072122205 -0.005014863875088912 -0.2311466487656366
2.998 0.2268128972849523 0.4692029669039065 0.2318210755887402 0.7001955600540005 -0.005008178303787895 -0.230992593150094
3 0.2285301056182167 0.4707215730144906 0.2335316117090233 0.7015603156670992 -0.00500150609080652 -0.2308387426526086
3.002 0.2301912517486815 0.4724767748553255 0.2351860989492675 0.7031618717193129 -0.004994847200586003 -0.2306850968639874
3.004 0.2317718395936567 0.4744675841513465 0.2367600411913425 0.7049992395274712 -0.004988201597685787 -0.2305316553761247
3.006 0.2332468976616768 0.4766902805907807 0.2382284669084598 0.7070686983727791 -0.004981569246783067 -0.2303784177819984
3.008 0.23459133025477 0.4791382409601399 0.2395662803674423 0.7093636246358063 -0.004974950112672312 -0.2302253836756664
3.01 0.2357803148813754 0.4818018207030053 0.2407486590416402 0.711874373355268 -0.004968344160264811 -0.2300725526522628
3.012 0.2367897371013869 0.4846682999311023 0.2417514884559751 0.714588224239097 -0.004961751354588199 -0.2299199243079947
3.014 0.237596650771616 0.4877219043366503 0.242551822432402 0.7174894025767887 -0.004955171660785998 -0.2297674982401384
3.016 0.2381797486978044 0.4909439089380893 0.2431283537419216 0.7205591829851253 -0.004948605044117156 -0.229615274047036
3.018 0.2385198263229748 0.4943128291813154 0.2434618777929304 0.7237760805094071 -0.004942051469955589 -0.2294632513280918
3.02 0.2386002195819651 0.4978046997663644 0.2435357304857548 0.7271161294501333 -0.004935510903789726 -0.2293114296837688
3.022 0.2384071976689809 0.5013934369395699 0.2433361809802029 0.7305532456551552 -0.004928983311222054 -0.2291598087155853
3.024 0.2379302923628552 0.5050512752059462 0.2428527610208238 0.7340596632320573 -0.00492246865796866 -0.2290083880261112
3.026 0.2371625477749371 0.5087492648906116 0.2420785146847959 0.7376064321095763 -0.004915966909858793 -0.2288571672189648
3.028 0.2361006778422866 0.5124578130880213 0.241010155875121 0.7411639589868304 -0.004909478032834409 -0.2287061458988091
3.03 0.2347451233610462 0.516147247683351 0.2396481253539959 0.7447025713546996 -0.004903001992949724 -0.2285553236713486
3.032 0.2331000055009771 0.5197883825637701 0.2379965442573478 0.7481930827070961 -0.004896538756370772 -0.2284047001433259
3.034 0.2311729781474081 0.5233530620314174 0.2360630664367831 0.7516073369539351 -0.004890088289374968 -0.2282542749225177
3.036 0.2289749866235554 0.5268146637980677 0.233858637181906 0.7549187114158 -0.004883650558350659 -0.2281040476177323
3.038 0.2265199449380199 0.5301485426288119 0.2313971704678165 0.7581025604676176 -0.004877225529796697 -0.2279540178388056
3.04 0.2238243473172845 0.5333324004604109 0.2286951604876065 0.7611365856570086 -0.004870813170321991 -0.2278041851965977
3.042 0.2209068321851241 0.5363465732864963 0.2257712456317691 0.7640011225894865 -0.00486441344664509 -0.2276545493029902
3.044 0.2177877178387906 0.5391742298609549 0.2226457441643843 0.7666793396318368 -0.004858026325593733 -0.2275051097708819
3.046 0.2144885288590322 0.5418014819509072 0.2193401806331366 0.7691573481650934 -0.004851651774104434 -0.2273558662141863
3.048 0.2110315309434357 0.5442174100940737 0.2158768207026577 0.7714242283419013 -0.004845289759222047 -0.2272068182478277
3.05 0.2074392895843057 0.5464140123411197 0.212278229832405 0.773471977828858 -0.00483894024809934 -0.2270579654877383
3.052 0.2037342651249388 0.5483860861048315 0.2085668683329354 0.7752953936556861 -0.004832603207996576 -0.2269093075508546
3.054 0.1999384535062448 0.5501310549442586 0.2047647321125259 0.7768918989993732 -0.004826278606281089 -0.2267608440551146
3.056 0.1960730787437802 0.5516487528999459 0.200893045154207 0.7782613275193995 -0.004819966410426862 -0.2266125746194537
3.058 0.1921583400884924 0.5529411789665392 0.1969720066765065 0.7794056778303414 -0.00481366658801411 -0.2264644988638023
3.06 0.188213214087374 0.5540122335934585 0.1930205931941028 0.7803288500025405 -0.004807379106728865 -0.2263166164090819
3.062 0.1842553094996039 0.5548674479059718 0.1890564134339665 0.7810363747831744 -0.004801103934362566 -0.2261689268772027
3.064 0.1803007712756139 0.5555137148198137 0.1850956123144255 0.7815351447108728 -0.004794841038811635 -0.2260214298910592
3.066 0.1763642285829858 0.555959029538234 0.1811528189710628 0.781833154612762 -0.004788590388077081 -0.2258741250745281
3.068 0.1724587811260978 0.5562122452081681 0.1772411330763619 0.7819392572606326 -0.004782351950264078 -0.2257270120524645
3.07 0.1685960176825387 0.5562828478811002 0.1733721433761203 0.781862938331799 -0.004776125693581572 -0.2255800904506989
3.072 0.1647860608086652 0.5561807534443726 0.169555972395007 0.7816141133404063 -0.004769911586341862 -0.2254333598960338
3.074 0.1610376319462345 0.5559161279117282 0.1658013415431948 0.7812029479279695 -0.004763709596960209 -0.2252868200162413
3.076 0.1573581316402219 0.555499231401953 0.1621156513341764 0.7806397018420119 -0.00475751969395443 -0.2251404704400589
3.078 0.1537537301577363 0.5549402853010337 0.1585050720036808 0.7799345960982207 -0.004751341845944497 -0.224994310797187
3.08 0.1502294644447046 0.5542493614763589 0.1549746404663567 0.7790977021946449 -0.004745176021652139 -0.224848340718286
3.082 0.1467893380129442 0.5534362919748537 0.1515283602028447 0.778138851809826 -0.004739022189900455 -0.2247025598349723
3.084 0.1434364209787497 0.5525105973605346 0.1481693012983632 0.7770675651403509 -0.004732880319613507 -0.2245569677798162
3.086 0.1401729480645836 0.551481431703936 0.1448996984443995 0.7758929958902744 -0.004726750379815941 -0.2244115641863384
3.088 0.1370004129005844 0.550357542197536 0.141721045240217 0.7746238908865424 -0.004720632339632584 -0.2242663486890065
3.09 0.1339196574187907 0.5491472414123399 0.1386341835870787 0.7732685623355728 -0.004714526168288071 -0.2241213209232329
3.092 0.1309309555272984 0.5478583903095928 0.1356393873624049 0.7718348708349636 -0.004708431835106434 -0.2239764805253707
3.094 0.1280340905691026 0.5464983902567632 0.1327364398786133 0.7703302173894748 -0.00470234930951075 -0.2238318271327117
3.096 0.1252284263350805 0.545074182456745 0.1299247048961032 0.7687615428402275 -0.004696278561022726 -0.2236873603834824
3.098 0.1225129716024748 0.5435922533678786 0.1272031911617371 0.7671353332847205 -0.004690219559262338 -0.2235430799168419
3.1 0.1198864383287886 0.5420586448638043 0.124570610602736 0.7654576302366822 -0.00468417227394744 -0.2233989853728779
3.102 0.1173472937443526 0.5404789680476996 0.122025430419246 0.7637340444403043 -0.004678136674893395 -0.2232550763926048
3.104 0.1148938066668617 0.5388584197914086 0.1195659193988744 0.7619697724093685 -0.00467211273201269 -0.2231113526179599
3.106 0.112524088415433 0.5372018012148256 0.1171901888307475 0.7601696149066263 -0.004666100415314566 -0.2229678136918006
3.108 0.110236128728721 0.5355135374497308 0.1148962284236257 0.7583379967076328 -0.004660099694904643 -0.222824459257902
3.11 0.1080278271064436 0.5337976981493758 0.1126819376474281 0.7564789871103289 -0.004654110540984551 -0.2226812889609531
3.112 0.1058970199907996 0.5320580183056356 0.1105451529146512 0.7545963207521902 -0.004648132923851557 -0.2225383024465545
3.114 0.10384150419351 0.5302979190236381 0.1084836710074082 0.7526934183848535 -0.004642166813898203 -0.2223954993612154
3.116 0.1018590569578378 0.5285205279800371 0.1064952691394497 0.7507734073323873 -0.004636212181611928 -0.2222528793523502
3.118 0.09994745302044226 0.5267286993536358 0.104577722018017 0.7488391414219122 -0.004630268997574718 -0.2221104420682764
3.12 0.09810447901483037 0.5249250330721671 0.1027288162472931 0.7468932202303781 -0.004624337232462727 -0.2219681871582109
3.122 0.09632794552880905 0.5231118932618345 0.100946362385855 0.7449380075341023 -0.004618416857045934 -0.2218261142722678
3.124 0.09461569710441087 0.521291425824564 0.09922820494659863 0.7429756488860192 -0.004612507842187768 -0.2216842230614552
3.126 0.09296562043921834 0.5194655750961241 0.09757223059806309 0.7410080882737964 -0.004606610158844752 -0.2215425131776722
3.128 0.09137565102393191 0.5176360995626933 0.09597637480199807 0.7390370838363998 -0.004600723778066151 -0.2214009842737065
3.13 0.08984377842710729 0.5158045866330522 0.09443862709810091 0.7370642226362834 -0.00459484867099362 -0.2212596360032312
3.132 0.08836805041327032 0.5139724664765946 0.09295703522213115 0.7350909344973967 -0.004588984808860835 -0.2211184680208021
3.134 0.08694657606152066 0.5121410249501294 0.09152970822451383 0.7331185049319844 -0.004583132162993164 -0.220977479981855
3.136 0.08557752803195384 0.510311415644512 0.09015481873676114 0.7311480871872147 -0.004577290704807294 -0.2208366715427027
3.138 0.0842591441083174 0.5084846710868707 0.0888306045141283 0.729180713447403 -0.0045714604058109 -0.2206960423605324
3.14 0.08298972813199884 0.5066617131408144 0.08755536936960112 0.727217305234217 -0.004565641237602281 -0.2205555920934025
3.142 0.08176765042529725 0.5048433626466378 0.08632748359716728 0.7252586830468786 -0.004559833171870036 -0.2204153204002408
3.144 0.08059134779171319 0.5030303483476831 0.08514538397210589 0.7233055752885237 -0.004554036180392696 -0.2202752269408405
3.146 0.07945932316766433 0.5012233151472471 0.08400757340270272 0.7213586265231055 -0.004548250235038397 -0.2201353113758584
3.148 0.07837014499134121 0.4994228317417932 0.08291262029910575 0.719418405108605 -0.004542475307764538 -0.2199955733668118
3.15 0.07732244634478679 0.4976293976745472 0.08185915771540422 0.7174854102506227 -0.004536711370617433 -0.2198560125760756
3.152 0.07631492391717828 0.4958434498519726 0.08084588231291026 0.7155600785188525 -0.004530958395731978 -0.2197166286668799
3.154 0.07534633683134158 0.4940653685653989 0.0798715531866729 0.7136427898687063 -0.00452521635533132 -0.2195774213033074
3.156 0.07441550536837269 0.4922954830569187 0.0789349905900992 0.7117338732072089 -0.00451948522172651 -0.2194383901502902
3.158 0.073521309620681 0.4905340766679883 0.07803507458799717 0.7098336115415959 -0.004513764967316179 -0.2192995348736075
3.16 0.07266268809883313 0.4887813916067759 0.07717074366341932 0.7079422467466588 -0.004508055564586199 -0.2191608551398829
3.162 0.07183863631316924 0.4870376333681259 0.0763409932992786 0.7060599839847075 -0.004502356986109362 -0.2190223506165816
3.164 0.07104820534840475 0.4853029748392343 0.0755448745529498 0.7041869958112421 -0.00449666920454504 -0.2188840209720078
3.166 0.07029050044529821 0.4835775601209004 0.07478149263793707 0.7023234259962026 -0.004490992192638862 -0.2187458658753021
3.168 0.06956467960196404 0.4818615080945635 0.07405000552518642 0.7004693930910024 -0.00448532592322239 -0.218607884996439
3.17 0.06886995220346546 0.4801549157610526 0.07334962257267826 0.6986249937672764 -0.004479670369212791 -0.2184700780062238
3.172 0.06820557768781955 0.4784578613784586 0.07267960319143206 0.696790305954749 -0.004474025503612509 -0.2183324445762904
3.174 0.0675708642533903 0.4767704074228507 0.07203925555289926 0.6949653918019496 -0.004468391299508958 -0.218194984379099
3.176 0.06696516761154178 0.4750926033953827 0.07142793534161597 0.6931503004833152 -0.004462767730074184 -0.2180576970879324
3.178 0.06638788978704423 0.4734244884986845 0.07084504455560878 0.6913450708755793 -0.004457154768564556 -0.2179205823768948
3.18 0.06583847796665486 0.4717660942030124 0.0702900303549753 0.6895497341239204 -0.004451552388320445 -0.217783639920908
3.182 0.06531642339563287 0.4701174467230329 0.06976238395839879 0.6877643161187427 -0.004445960562765913 -0.2176468693957097
3.184 0.06482126032038475 0.4684785694252077 0.06926163958579314 0.6859888399030584 -0.004440379265408383 -0.2175102704778507
3.186 0.06435256497403304 0.4668494851839112 0.06878737344387138 0.6842233280286032 -0.004434808469838348 -0.217373842844692
3.188 0.06390995460092333 0.4652302187059254 0.06833920275065238 0.6824678048803281 -0.004429248149729038 -0.2172375861744027
3.19 0.06349308651416544 0.4636207988400265 0.06791678479300156 0.6807222989859838 -0.004423698278836121 -0.2171015001459573
3.192 0.06310165717970358 0.4620212608903397 0.06751981601070096 0.678986845329473 -0.004418158830997387 -0.2169655844391332
3.194 0.06273540131827696 0.4604316489497642 0.0671480310984094 0.6772614876842725 -0.004412629780132449 -0.2168298387345083
3.196 0.06239409101569381 0.4588520182710948 0.06680120211593624 0.6755462809845529 -0.004407111100242422 -0.2166942627134582
3.198 0.06207753482985904 0.4572824376922123 0.06647913759526868 0.6738412937503663 -0.004401602765409634 -0.216558856058154
3.2 0.06178557688107961 0.4557229921312966 0.06618168163087691 0.6721466105828564 -0.004396104749797308 -0.2164236184515598
3.202 0.0615180959105454 0.4541737851688731 0.06590871293819467 0.6704623347463031 -0.004390617027649267 -0.21628854957743
3.204 0.06127500428908138 0.4526349417315206 0.06566014386237101 0.6687885908518278 -0.004385139573289628 -0.2161536491203072
3.206 0.06105624695621602 0.4511066108930342 0.06543591931733853 0.6671255276585536 -0.004379672361122509 -0.2160189167655194
3.208 0.06086180026647518 0.4495889688073637 0.0652360156321069 0.6654733210065413 -0.004374215365631717 -0.2158843521991777
3.21 0.06069167071680798 0.4480822217866494 0.06506043927818846 0.6638321768948233 -0.00436876856138047 -0.215749955108174
3.212 0.06054589352559291 0.4465866095373709 0.06490922544860399 0.6622023347175491 -0.004363331923011078 -0.2156157251801782
3.214 0.06042453102972552 0.4451024085651296 0.06478243645497019 0.6605840706687659 -0.004357905425244667 -0.2154816621036363
3.216 0.06032767086218842 0.4436299357577133 0.0646801599050693 0.6589777013254809 -0.004352489042880876 -0.2153477655677677
3.218 0.06025542386773856 0.442169552151911 0.06460250661853613 0.6573835874144736 -0.004347082750797565 -0.2152140352625626
3.22 0.06020792170945904 0.4407216668884144 0.06454960823340956 0.6558021377671943 -0.004341686523950526 -0.2150804708787799
3.222 0.06018531411343157 0.4392867413529586 0.06452161445080476 0.6542338134609037 -0.004336300337373192 -0.214947072107945
3.224 0.06018776569316588 0.4378652934978452 0.06451868985934223 0.6526791321401921 -0.004330924166176349 -0.214813838642347
3.226 0.06021545228933684 0.4364579023317499 0.06454101027488469 0.6511386725067863 -0.004325557985547852 -0.2146807701750364
3.228 0.06026855675436538 0.4350652125567404 0.06458875852511771 0.6496130789565636 -0.004320201770752326 -0.2145478663998232
3.23 0.06034726410524452 0.4336879393228544 0.06466211960237542 0.6481030663341283 -0.004314855497130898 -0.2144151270112739
3.232 0.06045175596190839 0.4323268730592487 0.0647612751020093 0.6466094247639583 -0.004309519140100906 -0.2142825517047096
3.234 0.06058220418348083 0.430982884325635 0.06488639685863644 0.6451330245018388 -0.004304192675155611 -0.2141501401762038
3.236 0.06073876360964579 0.4296569286138607 0.06503763968750971 0.6436748207364401 -0.004298876077863925 -0.2140178921225794
3.238 0.06092156381170147 0.4283500510080046 0.06521513313557159 0.6422358582494118 -0.004293569323870126 -0.2138858072414072
3.24 0.06113069975640198 0.4270633905914132 0.06541897214529556 0.6408172758224163 -0.004288272388893581 -0.2137538852310031
3.242 0.06136622128719762 0.425798184462285 0.06564920653592608 0.639420310252711 -0.004282985248728466 -0.2136221257904259
3.244 0.06162812133253014 0.4245557711922176 0.06590582921177363 0.6380462998116927 -0.004277707879243491 -0.2134905286194751
3.246 0.06191632276059841 0.4233375935296021 0.06618876301698004 0.6366966869482907 -0.004272440256381627 -0.2133590934186886
3.248 0.06223066381562302 0.4221452001150496 0.06649784617178285 0.63537302000439 -0.004267182356159829 -0.2132278198893404
3.25 0.06257088209331028 0.4209802459396789 0.06683281624797906 0.6340769536731172 -0.004261934154668768 -0.2130967077334384
3.252 0.06293659704510855 0.4198444912371873 0.0671932926731811 0.6328102478909091 -0.004256695628072548 -0.2129657566537219
3.254 0.06332729104266217 0.4187397984625076 0.06757875779527062 0.6315747648161673 -0.004251466752608445 -0.2128349663536597
3.256 0.06374228908814802 0.4176681269716456 0.06798853659273467 0.6303724635090934 -0.004246247504586642 -0.2127043365374478
3.258 0.06418073732408201 0.4166315249835068 0.06842177518447196 0.6292053918935138 -0.004241037860389949 -0.212573866910007
3.26 0.06464158057846069 0.415632118378688 0.06887741837493423 0.6280756755556688 -0.004235837796473544 -0.2124435571769808
3.262 0.06512353927976232 0.4146720958739496 0.06935418656912702 0.6269855029186827 -0.0042306472893647 -0.2123134070447331
3.264 0.06562508619000189 0.4137536901124719 0.06985055250566442 0.6259371063328181 -0.004225466315662532 -0.2121834162203462
3.266 0.06614442353291866 0.4128791542314747 0.07036471838495638 0.6249327386430931 -0.00422029485203772 -0.2120535844116184
3.268 0.06667946123504247 0.4120507335186641 0.07089459411027473 0.623974644845726 -0.004215132875232259 -0.2119239113270618
3.27 0.06722779714549826 0.4112706318533766 0.07143777750755743 0.623065028529277 -0.004209980362059182 -0.2117943966759004
3.272 0.06778670024965432 0.4105409727520202 0.07199153753905664 0.6222060129200878 -0.004204837289402321 -0.2116650401680676
3.274 0.06835309803224933 0.4098637550089693 0.07255280166646536 0.6213995965231733 -0.004199703634216024 -0.211535841514204
3.276 0.06892356926622883 0.4092408031434605 0.07311814863975376 0.6206476035691165 -0.004194579373524921 -0.211406800425656
3.278 0.06949434358715782 0.4086737131358554 0.07368380807158147 0.6199516297503278 -0.004189464484423646 -0.2112779166144724
3.28 0.07006130924634149 0.4081637942553055 0.07424566819041808 0.6193129840487088 -0.004184358944076592 -0.2111491897934034
3.282 0.07062003039651037 0.4077120081415415 0.07479929312622803 0.6187326278174393 -0.004179262729717658 -0.2110206196758978
3.284 0.07116577513597928 0.4073189066890067 0.07533995095462928 0.6182111126651078 -0.004174175818649992 -0.2108922059761011
3.286 0.0716935553051528 0.406984570671771 0.07586265349339853 0.6177485190806243 -0.00416909818824573 -0.2107639484088534
3.288 0.07219817867927503 0.4067085514144406 0.0763622084952208 0.6173443981041279 -0.004164029815945764 -0.2106358466896873
3.29 0.07267431373186106 0.4064898181218376 0.07683328441112053 0.6169977186566632 -0.004158970679259473 -0.2105079005348256
3.292 0.07311656656155643 0.4063267136909878 0.07727048731732092 0.6167068233521675 -0.004153920755764483 -0.2103801096611797
3.294 0.07351956889754846 0.4062169219019984 0.07766844892065487 0.6164693956883452 -0.004148880023106418 -0.2102524737863468
3.296 0.07387807536439883 0.4061574487837132 0.07802192382339748 0.6162824414123216 -0.004143848458998649 -0.2101249926286084
3.298 0.07418706743888343 0.4061446206479676 0.07832589348010548 0.6161422865548957 -0.00413882604122205 -0.209997665906928
3.3 0.0744418608334478 0.4061741007691066 0.07857567358107255 0.6160445941100559 -0.004133812747624759 -0.2098704933409493
3.302 0.07463821245693242 0.4062409259595646 0.07876702101305434 0.615984400610558 -0.004128808556121918 -0.2097434746509934
3.304 0.07477242270249906 0.406339563386012 0.07889623614719452 0.6159561729440698 -0.004123813444695448 -0.2096166095580578
3.306 0.07484142865351977 0.4064639869360895 0.07896025604491357 0.6159538847199031 -0.004118827391393793 -0.2094898977838136
3.308 0.07484288392280447 0.4066077713549731 0.07895673429713616 0.6159711104055766 -0.00411385037433169 -0.2093633390506036
3.31 0.07477522126818151 0.4067642013120225 0.07888410363987143 0.616001134393463 -0.00410888237168992 -0.2092369330814406
3.312 0.07463769484527058 0.4069263916231552 0.07874161820698565 0.6160370712231603 -0.004103923361715075 -0.209110679600005
3.314 0.07443039992451152 0.4070874141308767 0.07852937324723083 0.6160719924615198 -0.004098973322719314 -0.2089845783306431
3.316 0.0741542690427224 0.4072404263031343 0.07824830127580254 0.6160990553014992 -0.004094032233080133 -0.2088586289983649
3.318 0.07381104478826409 0.4073787964967436 0.07790014485950421 0.6161116278255855 -0.004089100071240122 -0.2087328313288419
3.32 0.07340323063102665 0.4074962210540842 0.07748740744673339 0.61610340610249 -0.004084176815706741 -0.2086071850484058
3.322 0.07293402230403603 0.4075868289398873 0.0770132847490881 0.616068518823933 -0.004079262445052067 -0.2084816898840457
3.324 0.0724072231361438 0.407645270425436 0.07648158007405638 0.6160016159888426 -0.004074356937912586 -0.2083563455634067
3.326 0.07182714736318796 0.4076667873113846 0.07589660763617689 0.6158979391261723 -0.004069460272988936 -0.2082311518147877
3.328 0.07119851577462086 0.4076472632607064 0.07526308820366655 0.6157533716278459 -0.004064572429045693 -0.2081061083671395
3.33 0.07052634808303267 0.4075832538939356 0.0745860414679438 0.6155644688439983 -0.004059693384911135 -0.2079812149500627
3.332 0.06981585616152959 0.4074719972996265 0.0738706792810066 0.6153284685934326 -0.004054823119477012 -0.2078564712938062
3.334 0.06907234182686749 0.4073114064658913 0.07312230343856581 0.6150432835951557 -0.004049961611698318 -0.2077318771292645
3.336 0.06830110221848365 0.4071000457994315 0.07234621105907672 0.614707477987408 -0.004045108840593067 -0.2076074321879765
3.338 0.06750734510251448 0.4068370943459427 0.07154760988775655 0.6143202305480659 -0.004040264785242064 -0.2074831362021232
3.34 0.06669611567939504 0.4065222985611958 0.07073154510418372 0.6138812874657218 -0.00403542942478868 -0.207358988904526
3.342 0.06587223575382579 0.4061559175231317 0.06990283849226442 0.6133909075517762 -0.004030602738438625 -0.2072349900286444
3.344 0.06504025547545629 0.4057386633536775 0.06906604018091603 0.612849802662252 -0.004025784705459732 -0.2071111393085745
3.346 0.0642044173119465 0.4052716393729802 0.06822539261712822 0.6122590758520272 -0.004020975305181726 -0.206987436479047
3.348 0.06336863148429328 0.4047562781777087 0.06738480600128929 0.6116201594531339 -0.004016174516996008 -0.2068638812754252
3.35 0.06253646178410158 0.4041942814575289 0.06654784410445701 0.6109347548912319 -0.004011382320355431 -0.206740473433703
3.352 0.06171112049424696 0.4035875629723172 0.06571771918902104 0.6102047756628207 -0.004006598694774084 -0.2066172126905035
3.354 0.06089547103740668 0.4029381957328607 0.06489729465723375 0.6094322945159375 -0.004001823619827069 -0.2064940987830768
3.356 0.06009203696332485 0.4022483640801235 0.06408909403847514 0.6086194955294213 -0.003997057075150285 -0.2063711314492978
3.358 0.05930301593621327 0.4015203210524916 0.06329531497665349 0.6077686314801567 -0.003992299040440212 -0.2062483104276651
3.36 0.05853029748202825 0.4007563511759999 0.06251784697748194 0.6068819866332986 -0.003987549495453695 -0.2061256354572987
3.362 0.05777548338306229 0.399958738607566 0.06175829180307002 0.6059618448855041 -0.003982808420007725 -0.206003106277938
3.364 0.05703990975191924 0.3991297404064029 0.06101798554589847 0.6050104630363433 -0.00397807579397923 -0.2058807226299404
3.366 0.05632466996703631 0.3982715645980283 0.06029802156434116 0.6040300488523074 -0.003973351597304855 -0.2057584842542791
3.368 0.05563063779790248 0.3973863526225487 0.05959927360788324 0.6030227435150901 -0.003968635809980758 -0.2056363908925414
3.37 0.05495849018583131 0.3964761657194905 0.0589224185978937 0.6019906080064175 -0.003963928412062391 -0.205514442286927
3.372 0.05430872926942783 0.3955429747858747 0.05826795865309213 0.6009356129661209 -0.003959229383664294 -0.2053926381802461
3.374 0.05368170335401184 0.3945886532505853 0.05763624205897172 0.5998596315665028 -0.003954538704959881 -0.2052709783159175
3.376 0.05307762661632126 0.3936149725263416 0.0570274829725025 0.5987644349643085 -0.003949856356181236 -0.2051494624379669
3.378 0.05249659741430646 0.3926235996305084 0.05644177973192535 0.5976516899215335 -0.003945182317618898 -0.2050280902910251
3.38 0.05193861513492275 0.3916160966012509 0.05587913170454441 0.5965229582215771 -0.003940516569621659 -0.2049068616203262
3.382 0.05140359556242213 0.3905939213731526 0.05533945465501849 0.5953796975448585 -0.003935859092596358 -0.2047857761717059
3.384 0.05089138478871588 0.3895584298163648 0.05482259465572355 0.5942232635079643 -0.003931209867007674 -0.2046648336915995
3.386 0.05040177171591429 0.3885108786815684 0.05432834058929221 0.5930549126086088 -0.003926568873377915 -0.2045440339270403
3.388 0.04993449922095277 0.3874524292286428 0.0538564353132396 0.5918758058543009 -0.003921936092286829 -0.2044233766256581
3.39 0.04948927406663116 0.3863841513521309 0.05340658557100254 0.5906870128878076 -0.003917311504371382 -0.2043028615356767
3.392 0.04906577565055825 0.385307028045615 0.05297847074088383 0.589489516451528 -0.003912695090325574 -0.204182488405913
3.394 0.04866366368791594 0.3842219600759287 0.05257175051881616 0.5882842170617035 -0.003908086830900224 -0.2040622569857748
3.396 0.04828258492409374 0.3831297707611123 0.05218607163099652 0.5870719377863712 -0.003903486706902778 -0.203942167025259
3.398 0.0479221789715106 0.3820312107678608 0.0518210736707077 0.5858534290428109 -0.003898894699197103 -0.2038222182749501
3.4 0.04758208336116371 0.3809269628618658 0.051476394149867 0.5846293733478841 -0.003894310788703293 -0.2037024104860184
3.402 0.04726193789442178 0.3798176465594659 0.05115167285081924 0.5834003899696841 -0.003889734956397467 -0.2035827434102182
3.404 0.04696138837527188 0.3787038226428387 0.05084655555858346 0.582167039442725 -0.003885167183311577 -0.2034632167998863
3.406 0.0466800897969334 0.3775859975107573 0.0505606972474666 0.5809298279186972 -0.003880607450533205 -0.2033438304079399
3.408 0.04641770905071161 0.3764646273467003 0.05029376478991698 0.5796892113345758 -0.003876055739205372 -0.2032245839878755
3.41 0.04617392721882151 0.3753401220928442 0.05004543924934785 0.5784455993866108 -0.003871512030526342 -0.2031054772937665
3.412 0.04594844150689491 0.3742128492242884 0.04981541781264433 0.5771993593045506 -0.003866976305749426 -0.2029865100802622
3.414 0.04574096686642962 0.3730831373232544 0.04960341541261241 0.5759508194258397 -0.00386244854618279 -0.2028676821025853
3.416 0.04555123735195649 0.3719512794557475 0.04940916608514576 0.5747002725722787 -0.003857928733189266 -0.2027489931165313
3.418 0.04537900725294564 0.3708175363572822 0.04923242410113179 0.573447979235748 -0.003853416848186155 -0.2026304428784658
3.42 0.04522405203573956 0.369682139434897 0.04907296490838459 0.5721941705802205 -0.003848912872645038 -0.2025120311453235
3.422 0.04508616912699386 0.3685452935962676 0.04893058591508544 0.5709390512708737 -0.003844416788091583 -0.2023937576746061
3.424 0.04496517856597128 0.3674071799161596 0.04880510714207665 0.5696828021405408 -0.003839928576105368 -0.2022756222243812
3.426 0.04486092355002854 0.36626795815239 0.04869637176834821 0.56842558270567 -0.003835448218319673 -0.20215762455328
3.428 0.0447732708943532 0.3651277691241465 0.04860424659077451 0.5671675335446427 -0.00383097569642131 -0.2020397644204961
3.43 0.04470211142437538 0.363986736964896 0.0485286224165258 0.5659087785506798 -0.003826510992150422 -0.2019220415857838
3.432 0.04464736031684094 0.3628449712633693 0.04846941440414124 0.5646494270728255 -0.003822054087300306 -0.2018044558094562
3.434 0.04460895740338051 0.3617025691059998 0.04842656236709774 0.5633895759583838 -0.003817604963717227 -0.201687006852384
3.436 0.04458686744840122 0.3605596170333333 0.04840003105170144 0.5621293115093268 -0.003813163603300227 -0.2015696944759935
3.438 0.04458108041144984 0.3594161929245783 0.04838981039945078 0.5608687113668436 -0.003808729988000944 -0.2014525184422653
3.44 0.0445916117026074 0.358272367822564 0.04839591580243083 0.5596078463362965 -0.003804304099823434 -0.2013354785137325
3.442 0.0446185024380379 0.3571282077128937 0.04841838835886187 0.5583467821663726 -0.003799885920823978 -0.2012185744534789
3.444 0.04466181970159939 0.35598377526985 0.0484572951347103 0.5570855812949882 -0.003795475433110913 -0.2011018060251382
3.446 0.0447216568171048 0.3548391315827311 0.04851272943594924 0.5558243045756224 -0.003791072618844438 -0.2009851729928913
3.448 0.04479813363486158 0.353694337875351 0.04858481109509802 0.5545630129968164 -0.003786677460236442 -0.2008686751214654
3.45 0.04489139683495648 0.3525494572319706 0.0486736867745068 0.5533017694081032 -0.003782289939550324 -0.2007523121761325
3.452 0.04500162024876204 0.3514045563433029 0.04877953028786285 0.5520406402660105 -0.003777910039100809 -0.2006360839227076
3.454 0.04512900519916292 0.3502597072858482 0.0489025429404167 0.5507796974133949 -0.003773537741253776 -0.2005199901275468
3.456 0.04527378085892052 0.3491149893487959 0.04904295388734659 0.5495190199063423 -0.003769173028426076 -0.2004040305575464
3.458 0.04543620462557139 0.3479704909224997 0.04920102050865675 0.5482586959026406 -0.003764815883085357 -0.200288204980141
3.46 0.04561656251018605 0.3468263114630208 0.04937702879793594 0.5469988246263227 -0.00376046628774989 -0.2001725131633018
3.462 0.04581516953605397 0.3456825635481263 0.04957129376104236 0.5457395184236618 -0.00375612422498839 -0.2000569548755355
3.464 0.04603237014214483 0.3445393750399394 0.04978415981956467 0.5444809049258216 -0.003751789677419844 -0.1999415298858822
3.466 0.04626853858460869 0.3433968913710951 0.05001600121232203 0.5432231293350094 -0.003747462627713337 -0.1998262379639142
3.468 0.04652407932834891 0.3422552779702744 0.05026722238693678 0.5419663568500092 -0.003743143058587876 -0.1997110788797347
3.47 0.04679942741840983 0.3411147228455994 0.05053825837122206 0.540710775249575 -0.003738830952812223 -0.1995960524039756
3.472 0.04709504881941057 0.3399754393434145 0.05082957511261529 0.5394565976512111 -0.003734526293204718 -0.1994811583077966
3.474 0.04741144070878482 0.3388376691014227 0.05114166977141793 0.5382040654643061 -0.003730229062633109 -0.1993663963628834
3.476 0.04774913170679165 0.3377016852162532 0.05147507095080604 0.5369534515576995 -0.003725939244014387 -0.1992517663414463
3.478 0.04810868202395489 0.3365677956449431 0.0518303388442695 0.5357050636611616 -0.003721656820314605 -0.1991372680162184
3.48 0.04849068350270068 0.3354363468615236 0.0522080652772494 0.5344592480219783 -0.003717381774548724 -0.1990229011604547
3.482 0.0488957595264484 0.3343077277900413 0.05260887361622883 0.5332163933379713 -0.003713114089780428 -0.19890866554793
3.484 0.04932456476555761 0.3331823740347454 0.05303341851467958 0.5319769349876832 -0.003708853749121974 -0.1987945609529378
3.486 0.04977778472399982 0.3320607724296867 0.05348238545973383 0.5307413595799751 -0.003704600735734007 -0.1986805871502884
3.488 0.05025613504621132 0.3309434659279306 0.05395649007903672 0.5295102098432386 -0.003700355032825408 -0.1985667439153081
3.49 0.05076036053681431 0.3298310588511342 0.05445647716046743 0.5282840898749711 -0.003696116623653122 -0.1984530310238369
3.492 0.05129123383987127 0.3287242225177212 0.05498311933139326 0.5270636707699489 -0.003691885491521993 -0.1983394482522277
3.494 0.05184955371629747 0.3276237012668113 0.05553721533608207 0.5258496966441559 -0.003687661619784603 -0.1982259953773446
3.496 0.05243614285043564 0.3265303188911436 0.05611958784227674 0.524642991067705 -0.0036834449918411 -0.1981126721765613
3.498 0.05305184510762693 0.3254449854883951 0.05673108069876598 0.523444463916155 -0.003679235591139048 -0.1979994784277599
3.5 0.05369752215464131 0.3243687047350666 0.05737255555581457 0.5222551186443958 -0.003675033401173255 -0.1978864139093291
3.502 0.05437404934474546 0.3233025815794157 0.05804488775023108 0.521076059979579 -0.003670838405485612 -0.1977734784001632
3.504 0.05508231075748012 0.3222478303413309 0.05874896134514505 0.5199085020209913 -0.003666650587664932 -0.1976606716796604
3.506 0.05582319327168914 0.3212057831952286 0.05948566320303594 0.5187537767229499 -0.0036624699313468 -0.1975479935277212
3.508 0.05659757953846224 0.3201778989976041 0.06025587595867564 0.5176133427223516 -0.003658296420213395 -0.1974354437247475
3.51 0.05740633970752481 0.3191657724041911 0.06106046974551815 0.5164887944558317 -0.003654130037993346 -0.1973230220516407
3.512 0.05825032174959797 0.3181711431994163 0.06190029251805954 0.5153818714892164 -0.003649970768461563 -0.1972107282898001
3.514 0.05913034020502819 0.317195905736486 0.06277615880046727 0.5142944679576086 -0.003645818595439091 -0.1970985622211225
3.516 0.06004716317984044 0.3162421183553332 0.06368883668263338 0.5132286419833328 -0.003641673502792939 -0.1969865236279996
3.518 0.06100149740302323 0.3153120126101552 0.06463903287745916 0.5121866249034723 -0.003637535474435934 -0.1968746122933172
3.52 0.06199397115397483 0.3144080020975383 0.06562737564830139 0.511170830097992 -0.00363340449432656 -0.1967628280004537
3.522 0.06302511487104874 0.3135326906273492 0.06665439541751754 0.510183861160628 -0.003629280546468801 -0.1966511705332787
3.524 0.06409533925791996 0.3126888794256191 0.06772050287283196 0.5092285191017708 -0.003625163614911994 -0.1965396396761518
3.526 0.06520491072212582 0.3118795729966481 0.06882596440587649 0.5083078082105689 -0.003621053683750666 -0.1964282352139207
3.528 0.06635392400434056 0.3111079832060341 0.06997087474146495 0.5074249401379545 -0.003616950737124384 -0.1963169569319204
3.53 0.06754227189901565 0.3103775310731441 0.07115512665823326 0.5065833356891155 -0.003612854759217604 -0.1962058046159714
3.532 0.06876961202221779 0.3096918456857427 0.07237837775647731 0.5057866237381213 -0.003608765734259515 -0.1960947780523786
3.534 0.07003533065800235 0.3090547595720862 0.07364001430452624 0.505038636600016 -0.003604683646523893 -0.1959838770279299
3.536 0.07133850381506172 0.3084702997886596 0.07493911229539067 0.504343401118554 -0.003600608480328942 -0.1958731013298945
3.538 0.0726778557487391 0.307942673912309 0.07627439596877625 0.5037051246583309 -0.003596540220037149 -0.195762450746022
3.54 0.07405171535714074 0.3074762500665867 0.07764419420719587 0.5031281751311275 -0.003592478850055129 -0.1956519250645408
3.542 0.07545797104608643 0.3070755300727458 0.07904639540091991 0.5026170541469027 -0.003588424354833485 -0.195541524074157
3.544 0.07689402487076033 0.3067451148051043 0.08047840158962698 0.5021763623691567 -0.00358437671886665 -0.1954312475640524
3.546 0.07835674701049747 0.3064896608574923 0.08193708293719021 0.5018107561813764 -0.003580335926692744 -0.1953210953238841
3.548 0.07984243190318682 0.3063138277063152 0.08341873386608024 0.5015248948500977 -0.003576301962893421 -0.1952110671437824
3.55 0.08134675765769457 0.3062222146967923 0.0849190324697883 0.5013233775111422 -0.00357227481209373 -0.1951011628143499
3.552 0.08286475065977247 0.3062192873973317 0.08643300511873443 0.5012106695239915 -0.003568254458961961 -0.1949913821266598
3.554 0.08439075757516884 0.3063092931725301 0.08795499846337834 0.5011910180447852 -0.003564240888209505 -0.1948817248722551
3.556 0.08591842721052993 0.3064961662287232 0.08947866129512064 0.5012683570718699 -0.003560234084590702 -0.1947721908431467
3.558 0.08744070488784081 0.3067834228901926 0.09099693892074351 0.5014462027220052 -0.003556234032902705 -0.1946627798318127
3.56 0.08894984209456108 0.3071740484678622 0.0925020828125464 0.5017275400990586 -0.003552240717985327 -0.1945534916311964
3.562 0.09043742414684088 0.3076703777722296 0.09398567827156178 0.5021147038069351 -0.003548254124720905 -0.1944443260347056
3.564 0.09189441841659286 0.3082739720755402 0.09543869265462701 0.5026092549117511 -0.003544274238034151 -0.194335282836211
3.566 0.09331124528657096 0.3089854961070682 0.09685154632946298 0.5032118579371131 -0.003540301042892014 -0.1942263618300449
3.568 0.09467787338548417 0.3098045994176883 0.0982142079097877 0.5039221622286885 -0.003536334524303534 -0.1941175628110001
3.57 0.0959839398065853 0.3107298071118164 0.09951631447390501 0.5047386926861448 -0.003532374667319705 -0.1940088855743284
3.572 0.09721889492923527 0.3117584254400292 0.1007473163862686 0.5056587553557685 -0.003528421457033331 -0.1939003299157394
3.574 0.0983721701798588 0.3128864679974646 0.1018966450584377 0.5066783636288638 -0.003524474878578889 -0.1937918956313991
3.576 0.09943336563493997 0.314108608199386 0.1029539005520723 0.5077921907173152 -0.003520534917132381 -0.1936835825179291
3.578 0.1003924528816133 0.3154181632527618 0.1039090544395245 0.5089935536251665 -0.003516601557911209 -0.1935753903724047
3.58 0.1012399871114518 0.3168071139637919 0.1047526618976258 0.5102744329561457 -0.003512674786174023 -0.1934673189923539
3.582 0.101967321167247 0.3182661634199682 0.1054760757544676 0.5116255315957244 -0.003508754587220591 -0.1933593681757562
3.584 0.1025668133241314 0.3197848359014218 0.1060716542705231 0.5130363736224632 -0.003504840946391657 -0.1932515377210415
3.586 0.1030320200876892 0.3213516153928987 0.106532953936758 0.514495442819987 -0.003500933849068807 -0.1931438274270883
3.588 0.1033578653351952 0.322954120919297 0.1068548986158695 0.51599035801252 -0.003497033280674331 -0.1930362370932231
3.59 0.1035407777643609 0.3245793137816878 0.107033916991032 0.5175080803009063 -0.003493139226671088 -0.1929287665192185
3.592 0.1035787898439075 0.3262137298005993 0.1070680415164698 0.519035145305892 -0.003489251672562369 -0.1928214155052928
3.594 0.1034715932221267 0.3278437280727536 0.1069569638260184 0.5205579119248613 -0.003485370603891765 -0.1927141838521077
3.596 0.1032205477174827 0.3294557466573298 0.1067020437237257 0.522062818018098 -0.003481496006243029 -0.1926070713607682
3.598 0.1028286434217021 0.3310365551463955 0.1063062712869421 0.5235366329792158 -0.003477627865239945 -0.1925000778328203
3.6 0.1023004178906781 0.3325734942816813 0.1057741840572243 0.524966697351932 -0.003473766166546194 -0.1923932030702507
3.602 0.1016418326800119 0.3340546936396545 0.1051117435758771 0.5263411405151395 -0.003469910895865221 -0.192286446875485
3.604 0.1008601154154725 0.3354692598299712 0.1043261774544126 0.5276490688813578 -0.003466062038940101 -0.1921798090513865
3.606 0.09996357503284582 0.3368074295001595 0.1034257946143992 0.528880718901415 -0.003462219581553413 -0.1920732894012555
3.608 0.09896139868908813 0.3380606835414808 0.1024197821986152 0.5300275712703081 -0.0034583835095271 -0.1919668877288273
3.61 0.09786343911324048 0.3392218210587425 0.1013179929219628 0.5310824248970143 -0.003454553808722346 -0.1918606038382718
3.612 0.09668000086429088 0.3402849937311023 0.1001307313293303 0.5320394312652941 -0.003450730465039442 -0.1917544375341917
3.614 0.09542163317899538 0.3412457030013573 0.09886854664341303 0.5328940916229791 -0.003446913464417658 -0.1916483886216218
3.616 0.09409893594157891 0.3421007639863768 0.09754203873441401 0.5336432208924039 -0.00344310279283511 -0.1915424569060271
3.618 0.09272238392234806 0.3428482410428507 0.0961616823586567 0.5342848832361531 -0.003439298436308639 -0.1914366421933024
3.62 0.09130217294868881 0.3434873605346217 0.09473767332958248 0.5348183048243924 -0.003435500380893673 -0.1913309442897707
3.622 0.08984809020502577 0.3440184065614729 0.09327979881770987 0.535243769563655 -0.003431708612684108 -0.1912253630021821
3.624 0.08836940951165778 0.3444426052705339 0.09179733262946996 0.5355625034082465 -0.003427923117812174 -0.1911198981377125
3.626 0.08687481126500572 0.3447620029623506 0.09029895514745404 0.5357765524663134 -0.003424143882448313 -0.1910145495039628
3.628 0.08537232578310892 0.3449793425944326 0.08879269667590997 0.5358886595033896 -0.003420370892801049 -0.190909316908957
3.63 0.08386929809847783 0.345097942559374 0.0872859022335947 0.5359021427205161 -0.003416604135116868 -0.1908042001611421
3.632 0.08237237176941602 0.3451215808394628 0.0857852153650961 0.5358207799088485 -0.003412843595680086 -0.1906991990693857
3.634 0.08088748902239024 0.3450543868709222 0.08429657828320296 0.5356487003138983 -0.003409089260812727 -0.1905943134429761
3.636 0.0794199044563996 0.3449007427336093 0.082825245573274 0.5353902858252295 -0.0034053411168744 -0.1904895430916203
3.638 0.07797420959876328 0.3446651946435416 0.08137580874902545 0.5350500824689844 -0.003401599150262174 -0.1903848878254429
3.64 0.07655436577021962 0.3443523751822067 0.07995222911763007 0.534632722637192 -0.003397863347410452 -0.1902803474549853
3.642 0.07516374295131781 0.3439669362553723 0.07855787664610867 0.5341428580465768 -0.003394133694790854 -0.1901759217912045
3.644 0.07380516262312538 0.3435134924318882 0.07719557280203747 0.53358510307736 -0.003390410178912092 -0.1900716106454717
3.646 0.07248094285027597 0.3429965740626081 0.07586763563659581 0.5329639878921796 -0.003386692786319842 -0.1899674138295714
3.648 0.07119294417025901 0.3424205894105709 0.07457592567385564 0.5322839205662711 -0.003382981503596632 -0.1898633311557002
3.65 0.06994261513247464 0.3417897949226186 0.07332189144983636 0.5315491573590843 -0.003379276317361717 -0.1897593624364657
3.652 0.06873103658733035 0.3411082727269773 0.0721066138016013 0.5307637802118624 -0.003375577214270957 -0.1896555074848851
3.654 0.06755896405342739 0.3403799144395059 0.07093084823444408 0.5299316805538907 -0.003371884181016698 -0.1895517661143848
3.656 0.0664268676867935 0.339608410390445 0.06979506489112115 0.5290565485292433 -0.003368197204327651 -0.1894481381387984
3.658 0.06533496954191054 0.3387972434362279 0.06869948581287931 0.528141866808594 -0.00336451627096878 -0.1893446233723661
3.66 0.06428327794909711 0.3379496865869729 0.06764411931683828 0.5271909082167064 -0.00336084136774117 -0.1892412216297336
3.662 0.06327161894148506 0.3370688037549875 0.06662879142296699 0.5262067364809383 -0.003357172481481923 -0.1891379327259508
3.664 0.06229966474924717 0.3361574530074788 0.06565317434831119 0.5251922094839496 -0.003353509599064028 -0.1890347564764708
3.666 0.06136695944187298 0.3352182917833181 0.06471681214926923 0.5241499844804668 -0.003349852707396254 -0.1889316926971487
3.668 0.06047294184562896 0.3342537836083405 0.06381914363905199 0.5230825248125813 -0.003346201793423026 -0.1888287412042409
3.67 0.05961696589352565 0.3332662059114462 0.06295952273764996 0.5219921077258495 -0.003342556844124309 -0.1887259018144033
3.672 0.05879831858639586 0.3322576586084257 0.06213723643291136 0.5208808329531165 -0.003338917846515496 -0.1886231743446908
3.674 0.05801623575206465 0.3312300731756046 0.06135152053971193 0.5197506317881607 -0.003335284787647291 -0.1885205586125561
3.676 0.05726991579386062 0.3301852219863716 0.06060157344846621 0.5186032764222199 -0.003331657654605589 -0.1884180544358484
3.678 0.05655853161734785 0.3291247277276615 0.05988656805185922 0.5174403893604742 -0.003328036434511371 -0.1883156616328127
3.68 0.05588124091684706 0.3280500727501469 0.05920566203136764 0.5162634527722351 -0.003324421114520578 -0.1882133800220882
3.682 0.05523719499543722 0.3269626082391821 0.05855800667726123 0.5150738176618898 -0.003320811681824007 -0.1881112094227076
3.684 0.05462554628105313 0.32586356312062 0.05794275440470032 0.5138727127747164 -0.003317208123647194 -0.1880091496540964
3.686 0.05404545468879791 0.3247540526373133 0.05735906511604821 0.5126612531733841 -0.003313610427250298 -0.1879072005360708
3.688 0.05349609296861828 0.3236350865527046 0.05680611154854628 0.5114404484415421 -0.003310018579927993 -0.1878053618888375
3.69 0.05297665116396487 0.3225075769514698 0.05628308373297422 0.5102112104844624 -0.003306432569009354 -0.1877036335329925
3.692 0.05248634029602899 0.3213723456210254 0.05578919267788673 0.5089743609105453 -0.003302852381857745 -0.1876020152895199
3.694 0.05202439537615398 0.3202301310067245 0.05532367338202469 0.5077306379865152 -0.003299278005870707 -0.1875005069797906
3.696 0.05159007783866768 0.3190815947421889 0.05488578726714753 0.5064807031677508 -0.003295709428479851 -0.187399108425562
3.698 0.05118267747593582 0.3179273277616961 0.05447482411308657 0.5052251472106721 -0.003292146637150742 -0.187297819448976
3.7 0.05080151394841079 0.3167678560061475 0.05409010356779358 0.5039644958787065 -0.003288589619382793 -0.187196639872559
3.702 0.05044593793402127 0.3156036457382263 0.05373097629673042 0.5026992152574462 -0.003285038362709156 -0.1870955695192199
3.704 0.05011533197347839 0.3144351084837095 0.053396824828175 0.5014297166959591 -0.003281492854696606 -0.1869946082122497
3.706 0.04980911106125566 0.3132626056186942 0.0530870641442011 0.5001563613940144 -0.003277953082945444 -0.1868937557753202
3.708 0.04952672302577916 0.3120864526224824 0.05280114206086853 0.4988794646549655 -0.003274419035089375 -0.1867930120324831
3.71 0.04926764873669031 0.3109069230167207 0.05253853943548572 0.4975992998248897 -0.003270890698795412 -0.1866923768081689
3.712 0.04903140217243848 0.3097242520118148 0.05229877023420224 0.4963161019390006 -0.003267368061763759 -0.1865918499271857
3.714 0.04881753037682356 0.3085386398806783 0.05208138148855127 0.4950300710953972 -0.003263851111727714 -0.1864914312147189
3.716 0.04862561332952008 0.3073502550806488 0.05188595316597363 0.4937413755769778 -0.003260339836453548 -0.186391120496329
3.718 0.04845526375194326 0.3061592371420184 0.05171209797568367 0.4924501547399703 -0.003256834223740417 -0.1862909175979519
3.72 0.04830612686729011 0.3049656993431351 0.05155946112871034 0.4911565216890318 -0.003253334261420238 -0.1861908223458967
3.722 0.04817788013052864 0.3037697311892791 0.05142772006788623 0.4898605657561249 -0.003249839937357597 -0.1860908345668458
3.724 0.04807023294229362 0.3025714007128375 0.05131658418174326 0.4885623548006903 -0.003246351239449633 -0.1859909540878528
3.726 0.04798292635842222 0.3013707566116993 0.05122579451404817 0.4872619373480419 -0.003242868155625944 -0.1858911807363426
3.728 0.04791573280527897 0.3001678302407784 0.05115512347912744 0.4859593445808879 -0.003239390673848474 -0.1857915143401094
3.73 0.04786845580947838 0.298962637472058 0.0511043745915898 0.4846545921993746 -0.003235918782111416 -0.1856919547273166
3.732 0.04784092974950045 0.2977551804375157 0.05107338221794154 0.4833476821640108 -0.003232452468441097 -0.185592501726495
3.734 0.04783301963538519 0.2965454491677776 0.05106201135628109 0.4820386043343202 -0.003228991720895894 -0.1854931551665426
3.736 0.04784462092194686 0.2953334231402525 0.05107015744951297 0.4807273380169752 -0.003225536527566108 -0.1853939148767228
3.738 0.04787565936001245 0.2941190727483281 0.05109774623658633 0.4794138534349923 -0.003222086876573884 -0.1852947806866642
3.74 0.0479260908895232 0.2929023607039665 0.05114473364559629 0.4780981131303256 -0.003218642756073088 -0.1851957524263592
3.742 0.04799590157777854 0.2916832433848029 0.05121110573202776 0.4767800733109659 -0.003215204154249224 -0.185096829926163
3.744 0.04808510760550691 0.290461672137019 0.05129687866482623 0.4754596851538119 -0.00321177105931932 -0.1849980130167928
3.746 0.04819375530296796 0.2892375945447814 0.05140209876249979 0.4741368960741083 -0.003208343459531834 -0.1848993015293269
3.748 0.04832192123804441 0.2880109556763687 0.05152684258121096 0.4728116509715721 -0.003204921343166547 -0.1848006952952034
3.75 0.04846971235765185 0.2867816993179294 0.05167121705618632 0.471483893464149 -0.003201504698534473 -0.1847021941462196
3.752 0.04863726618371883 0.2855497692047114 0.05183535969769658 0.4701535671192422 -0.003198093513977747 -0.1846037979145309
3.754 0.0488247510644642 0.2843151102605005 0.05201943884233373 0.4688206166931502 -0.003194687777869533 -0.1845055064326496
3.756 0.04903236648146857 0.2830776698554366 0.0522236539600825 0.4674849893888813 -0.003191287478613926 -0.1844073195334447
3.758 0.04926034341279541 0.2818373990925906 0.05244823601744127 0.4661466361427306 -0.00318789260464585 -0.18430923705014
3.76 0.04950894475188775 0.28059425413445 0.0526934478963187 0.4648055129507639 -0.003184503144430958 -0.1842112588163139
3.762 0.04977846578185292 0.2793481975799637 0.05295958486831846 0.4634615822458616 -0.003181119086465541 -0.1841133846658979
3.764 0.05006923470413262 0.2780991999040104 0.05324697512340904 0.4621148143371866 -0.003177740419276423 -0.1840156144331762
3.766 0.05038161322022838 0.2768472409710288 0.05355598035164925 0.4607651889238131 -0.003174367131420866 -0.1839179479527843
3.768 0.05071599716477994 0.2755923116350106 0.05388699637626642 0.4594126966947191 -0.003170999211486479 -0.1838203850597085
3.77 0.05107281718738132 0.2743344154394547 0.05424045383547243 0.4580573410287391 -0.00316763664809111 -0.1837229255892844
3.772 0.05145253948027852 0.2730735704305207 0.05461681891016128 0.4566991398077174 -0.003164279429882763 -0.1836255693771967
3.774 0.05185566654786353 0.2718098110986874 0.05501659409340302 0.4553381273581649 -0.003160927545539491 -0.1835283162594775
3.776 0.05228273801351983 0.2705431904634443 0.05544031899728914 0.4539743565359505 -0.003157580983769307 -0.1834311660725061
3.778 0.05273433145773156 0.2692737823184884 0.05588857119104165 0.4526079009714961 -0.003154239733310085 -0.1833341186530077
3.78 0.05321106328067612 0.2680016836540356 0.05636196706360559 0.451238857492088 -0.003150903782929472 -0.1832371738380524
3.782 0.05371358958088678 0.2667270172751623 0.05686116270231156 0.4498673487402167 -0.003147573121424784 -0.1831403314650543
3.784 0.05424260703965191 0.2654499346363536 0.05738685477727484 0.4484935260081249 -0.003144247737622922 -0.1830435913717713
3.786 0.05479885379957685 0.2641706189124895 0.05793978141995712 0.4471175723087926 -0.003140927620380269 -0.1829469533963031
3.788 0.05538311032288939 0.2628892883291347 0.05852072308147199 0.4457397057062256 -0.003137612758582606 -0.1828504173770909
3.79 0.05599620021267872 0.2616061997759183 0.05913050335382373 0.4443601829288348 -0.003134303141145006 -0.1827539831529165
3.792 0.05663899097778854 0.2603216527272513 0.05976998973480031 0.4429793032901527 -0.003130998757011761 -0.1826576505629015
3.794 0.05731239471776589 0.2590359934977566 0.06044009431292216 0.4415974129442625 -0.003127699595156267 -0.1825614194465058
3.796 0.05801736870150914 0.2577496198589567 0.0611417743460901 0.4402149095024842 -0.003124405644580951 -0.1824652896435275
3.798 0.0587549158077748 0.2564629860467649 0.06187603270209197 0.4388322470408664 -0.003121116894317166 -0.1823692609941015
3.8 0.05952608479153463 0.2551766081889162 0.06264391812495974 0.437449941527615 -0.003117833333425112 -0.1822733333386988
3.802 0.0603319703336254 0.2538910701834127 0.06344652528461914 0.4360685767015383 -0.003114554950993731 -0.1821775065181256
3.804 0.06117371282517581 0.252607030058615 0.06428499456131644 0.4346888104321374 -0.003111281736140629 -0.1820817803735224
3.806 0.06205249783083409 0.2513252268458267 0.06516051150884607 0.4333113815921897 -0.003108013678011979 -0.181986154746363
3.808 0.06296955516607869 0.2500464879951549 0.06607430593186112 0.4319371174736088 -0.003104750765782432 -0.1818906294784539
3.81 0.06392615751530649 0.2487717373632034 0.06702765050396152 0.4305669417751366 -0.003101492988655028 -0.1817952044119332
3.812 0.06492361850611683 0.2475020037999965 0.06802185884197794 0.4292018831892664 -0.003098240335861109 -0.18169987938927
3.814 0.06596329014438725 0.2462384303581999 0.06905828294104747 0.4278430846114629 -0.003094992796660226 -0.1816046542532631
3.816 0.06704655950193168 0.2449822841428915 0.07013830986227174 0.4264918129899319 -0.003091750360340049 -0.1815095288470404
3.818 0.06817484453389028 0.2437349668143659 0.07126335755010656 0.4251494698284241 -0.003088513016216286 -0.1814145030140582
3.82 0.06934958888899076 0.2424980257461631 0.07243486964262336 0.4238176023442631 -0.003085280753632592 -0.1813195765981
3.822 0.07057225555797463 0.2412731658307106 0.0736543091199351 0.4224979152739866 -0.003082053561960476 -0.181224749443276
3.824 0.0718443191901946 0.2400622619083153 0.07492315062079381 0.421192283302337 -0.00307883143059922 -0.1811300213940218
3.826 0.07316725688775087 0.2388673717792318 0.07624287123672666 0.4199027640743297 -0.003075614348975788 -0.1810353922950979
3.828 0.07454253727021477 0.2376907497335407 0.07761493957675952 0.4186316117251297 -0.003072402306544746 -0.180940861991589
3.83 0.075971607582781 0.2365348605072082 0.07904080287556917 0.4173812908361108 -0.003069195292788164 -0.1808464303289026
3.832 0.07745587860247048 0.2354023935387909 0.08052187189968603 0.4161544906915594 -0.003065993297215542 -0.1807520971527685
3.834 0.07899670708147824 0.2342962773599893 0.08205950339084196 0.4149541396692276 -0.003062796309363716 -0.1806578623092383
3.836 0.0805953754513192 0.233219693906146 0.08365497977011598 0.4137834195508296 -0.003059604318796777 -0.1805637256446836
3.838 0.08225306850077913 0.2321760924766465 0.08530948581588511 0.4126457794824429 -0.003056417315105983 -0.1804696870057963
3.84 0.08397084673823285 0.2311692030082969 0.08702408202614252 0.4115449492478839 -0.003053235287909676 -0.180375746239587
3.842 0.08574961614844231 0.2302030482521639 0.08879967437529551 0.4104849514455483 -0.003050058226853197 -0.1802819031933844
3.844 0.08759009407173159 0.2292819543567051 0.09063698019334039 0.4094701120715395 -0.003046886121608803 -0.1801881577148344
3.846 0.08949277095733664 0.2284105592674288 0.09253648991921222 0.4085050689193285 -0.00304371896187558 -0.1800945096518997
3.848 0.09145786779002604 0.2275938182476882 0.09449842452740541 0.4075947771005464 -0.003040556737379362 -0.1800009588528582
3.85 0.09348528905359381 0.2268370057143366 0.09652268849146646 0.4067445108806395 -0.003037399437872647 -0.1799075051663029
3.852 0.09557457118815561 0.2261457124642455 0.09860881824129013 0.4059598609053863 -0.003034247053134515 -0.1798141484411408
3.854 0.09772482662201365 0.2255258372489257 0.1007559261949842 0.4052467257755176 -0.003031099572970543 -0.1797208885265919
3.856 0.09993468361678336 0.224983571539768 0.1029626406039961 0.4046112968119566 -0.003027956987212724 -0.1796277252721886
3.858 0.1022022223669827 0.2245253762217329 0.1052270416527021 0.404060034749508 -0.003024819285719384 -0.1795346585277751
3.86 0.1045249080379527 0.2241579488701308 0.1075465944963278 0.4035996370136369 -0.003021686458375104 -0.1794416881435061
3.862 0.1068995217203836 0.2238881802129334 0.1099180802154743 0.4032369941827799 -0.003018558495090633 -0.1793488139698465
3.864 0.1093220906198369 0.2237230983762889 0.1123375260056397 0.4029791342338591 -0.003015435385802811 -0.1792560358575701
3.866 0.1117878191836889 0.2236697995688419 0.1148001363041633 0.4028331532266012 -0.003012317120474484 -0.1791633536577593
3.868 0.1142910232934787 0.2237353639998017 0.1173002269825731 0.4028061312216055 -0.003009203689094428 -0.1790707672218038
3.87 0.1168250700962785 0.2239267560670641 0.1198311651779558 0.4029050324684644 -0.003006095081677266 -0.1789782764014003
3.872 0.1193823265068899 0.2242507082133168 0.1223853177951533 0.4031365892618682 -0.003002991288263388 -0.1788858810485514
3.874 0.1219541198402741 0.2247135883479401 0.124954012139193 0.403507169363505 -0.002999892298918875 -0.1787935810155649
3.876 0.1245307144130692 0.2253212513833309 0.1275275125168046 0.4040226275383839 -0.002996798103735408 -0.178701376155053
3.878 0.1271013082242142 0.2260788762400082 0.1300950169170444 0.4046881425599397 -0.002993708692830207 -0.1786092663199315
3.88 0.1296540539447891 0.2269907906286131 0.1326446780011351 0.4055080419920321 -0.002990624056345936 -0.178517251363419
3.882 0.1321761083634067 0.2280602869980883 0.1351636525478573 0.4064856181371245 -0.002987544184450633 -0.1784253311390363
3.884 0.1346537140792703 0.2292894342040356 0.1376381831466079 0.407622939704641 -0.002984469067337629 -0.1783335055006054
3.886 0.1370723165711727 0.2306788906397174 0.1400537152663982 0.4089206649419661 -0.002981398695225468 -0.1782417743022487
3.888 0.1394167187575026 0.2322277257018381 0.1423950518158604 0.4103778631002267 -0.002978333058357834 -0.1781501373983886
3.89 0.1416712737780794 0.2339332574255592 0.1446465459250828 0.4119918520693055 -0.002975272147003472 -0.1780585946437463
3.892 0.1438201150040749 0.2357909148095734 0.146792330955531 0.4137580607029145 -0.002972215951456108 -0.1779671458933411
3.894 0.1458474202550196 0.2377941336322219 0.148816584717054 0.4156699246347118 -0.002969164462034372 -0.1778757910024899
3.896 0.1477377049853937 0.2399342943273193 0.1507038226544754 0.4177188241541257 -0.00296611766908173 -0.1777845298268064
3.898 0.1494761369257596 0.2422007096504281 0.1524392124887259 0.4198940718726281 -0.002963075562966391 -0.1776933622221999
3.9 0.151048862512637 0.2445806683793035 0.1540089006467183 0.4221829564241786 -0.002960038134081251 -0.1776022880448751
3.902 0.152443333612336 0.2470595391649492 0.1554003389851798 0.4245708463162802 -0.002957005372843801 -0.1775113071513309
3.904 0.1536486217436712 0.2496209359566047 0.1566025990133672 0.4270413553549648 -0.002953977269696058 -0.1774204193983601
3.906 0.1546557064204448 0.2522469433215426 0.1576066602355493 0.4295765679645908 -0.002950953815104489 -0.1773296246430482
3.908 0.1554577244991544 0.2549183966729918 0.1584056594987143 0.4321573194157647 -0.00294793499955994 -0.177238922742773
3.91 0.1560501685993661 0.2576152091760399 0.1589950894129436 0.4347635227312434 -0.002944920813577551 -0.1771483135552035
3.912 0.1564310247396791 0.2603167341987298 0.1593729359873758 0.4373745311370293 -0.002941911247696696 -0.1770577969382996
3.914 0.1566008421806304 0.2630021498819604 0.1595397484731113 0.4399695226322712 -0.002938906292480891 -0.1769673727503109
3.916 0.1565627318872127 0.2656508509462908 0.1594986378257305 0.4425278917960672 -0.00293590593851774 -0.1768770408497764
3.918 0.1563222937395039 0.2682428323720035 0.1592552039159227 0.4450296334675269 -0.002932910176418843 -0.1767868010955235
3.92 0.1558874763268982 0.2707590501427408 0.1588173953237179 0.4474557034894079 -0.002929918996819735 -0.1766966533466671
3.922 0.1552683765499228 0.2731817457590039 0.1581953089403026 0.4497883432216131 -0.002926932390379806 -0.1766065974626092
3.924 0.1544769890558226 0.2754947235755657 0.1574009394036048 0.4520113568786041 -0.002923950347782235 -0.1765166333030383
3.926 0.1535269175507916 0.2776835729502236 0.1564478904105256 0.4541103336781516 -0.002920972859733908 -0.176426760727928
3.928 0.1524330611500523 0.2797358304503376 0.1553510610670176 0.4560728100478746 -0.002917999916965353 -0.176336979597537
3.93 0.1512112891305977 0.2816410806668996 0.1541263206408284 0.4578883704393075 -0.002915031510230665 -0.1762472897724079
3.932 0.1498781168117632 0.2833909972676918 0.1527901844420707 0.4595486883810586 -0.002912067630307437 -0.1761576911133668
3.934 0.1484503939471875 0.2849793285791051 0.1513595022151842 0.4610475120606274 -0.002909108267996681 -0.1760681834815222
3.936 0.1469450151516477 0.2864018340761179 0.1498511685657705 0.4623806008143826 -0.002906153414122767 -0.1759787667382648
3.938 0.145378659720456 0.287656179600406 0.1482818627799893 0.4635456203456722 -0.002903203059533344 -0.1758894407452662
3.94 0.1437675659186685 0.2887417999257532 0.1466678231137678 0.4645420052902321 -0.002900257195099271 -0.1758002053644789
3.942 0.1421273426079729 0.2896597374833499 0.1450246584196875 0.4653707979414845 -0.002897315811714548 -0.1757110604581346
3.944 0.1404728190697649 0.2904124657505085 0.1433671979700612 0.4660344716392532 -0.002894378900296248 -0.1756220058887447
3.946 0.1388179321758417 0.2910037050993647 0.1417093786276261 0.4665367466184631 -0.002891446451784439 -0.1755330415190983
3.948 0.1371756486993606 0.2914382379254522 0.1400641671565027 0.4668824051377151 -0.002888518457142119 -0.1754441672122629
3.95 0.1355579195651847 0.2917217287424202 0.1384435144725399 0.4670771115740024 -0.002885594907355152 -0.1753553828315823
3.952 0.1339756621949169 0.2918605537405187 0.136858337988349 0.4671272419811955 -0.002882675793432185 -0.1752666882406769
3.954 0.1324387667657302 0.2918616431480441 0.1353185278721348 0.4670397264514867 -0.002879761106404594 -0.1751780833034425
3.956 0.1309561221280164 0.2917323386630998 0.1338329729653428 0.4668219065471498 -0.002876850837326404 -0.17508956788405
3.958 0.1295356572544683 0.2914802672805187 0.1324096022317425 0.4664814091274629 -0.002873944977274223 -0.1750011418469442
3.96 0.1281843943698498 0.291113232044776 0.131055437887197 0.4660260371016196 -0.00287104351734718 -0.1749128050568436
3.962 0.1269085102854911 0.2906391196210719 0.1297766567341579 0.4654636769998111 -0.002868146448666847 -0.1748245573787392
3.964 0.1257134028898148 0.2900658240874486 0.128578656652192 0.4648022227653431 -0.00286525376237718 -0.1747363986778945
3.966 0.1246037601937638 0.2894011859987866 0.1274661256434083 0.4640495148186305 -0.002862365449644443 -0.174648328819844
3.968 0.1235836297670073 0.2886529455393406 0.1264431112686644 0.4632132932097339 -0.002859481501657148 -0.1745603476703933
3.97 0.1226564868139715 0.2878287084471572 0.1255130887235975 0.462301163542775 -0.002856601909625982 -0.1744724550956177
3.972 0.1218252995081485 0.2869359233381262 0.1246790261729322 0.4613205742999885 -0.002853726664783749 -0.1743846509618623
3.974 0.1210925905289531 0.2859818690639903 0.1239434462873383 0.4602788041997309 -0.002850855758385288 -0.1742969351357406
3.976 0.1204604940211497 0.2849736507887794 0.1233084832028571 0.4591829582729135 -0.002847989181707424 -0.1742093074841341
3.978 0.119930807422192 0.2839182035465829 0.1227759343482409 0.4580399714207747 -0.002845126926048885 -0.1741217678741918
3.98 0.1195050377852771 0.2828223021417262 0.1223473067680074 0.4568566183150555 -0.002842268982730253 -0.1740343161733293
3.982 0.119184442363896 0.2816925763567372 0.1220238577069899 0.4556395286059654 -0.002839415343093882 -0.1739469522492283
3.984 0.1189700633256621 0.2805355305371724 0.1218066293241659 0.4543952065070081 -0.002836565998503846 -0.1738596759698357
3.986 0.1188627565334975 0.2793575667235951 0.1216964774738434 0.4531300539269583 -0.002833720940345862 -0.1737724872033632
3.988 0.1188632143753819 0.2781650105877403 0.1216940945354092 0.4518503964060268 -0.002830880160027236 -0.1736853858182864
3.99 0.118971982645618 0.276964139507293 0.1218000262945948 0.4505625111906375 -0.00282804364897679 -0.1735983716833445
3.992 0.1191894714851574 0.2757612121733746 0.1220146828838022 0.4492726568409137 -0.0028252113986448 -0.1735114446675391
3.994 0.1195159603806659 0.2745624991687132 0.1223383437811688 0.4479871038088473 -0.002822383400502933 -0.1734246046401341
3.996 0.1199515972052923 0.2733743139798172 0.1227711568513365 0.4467121654504717 -0.00281955964604418 -0.1733378514706545
3.998 0.1204963912638694 0.2722030439130214 0.1233131313906522 0.4454542289419076 -0.002816740126782793 -0.1732511850288863
4 0.1211502002830279 0.2710551803732644 0.1239641251172821 0.4442197855581398 -0.002813924834254225 -0.1731646051848754
4.002 0.1219127112695497 0.2699373479323628 0.1247238250295648 0.4430154597412901 -0.002811113760015061 -0.1730781118089273
4.004 0.1227834151486541 0.2688563315647345 0.1255917220442971 0.4418480363363407 -0.002808306895642959 -0.1729917047716062
4.006 0.1237615750953614 0.2678191013599193 0.126567079328098 0.4407244853036538 -0.00280550423273658 -0.1729053839437345
4.008 0.124846188489576 0.2668328339358134 0.1276488942524915 0.4396519831322052 -0.002802705762915537 -0.1728191491963919
4.01 0.126035942463163 0.2659049296769845 0.1288358539409833 0.4386379300778998 -0.002799911477820321 -0.1727330004009152
4.012 0.1273291630737483 0.2650430248076253 0.1301262844428606 0.4376899622365226 -0.002797121369112245 -0.1726469374288973
4.014 0.1287237582363327 0.2642549971873811 0.1315180936648061 0.4368159573395678 -0.002794335428473377 -0.1725609601521867
4.016 0.1302171546809696 0.2635489645911384 0.1330087083285761 0.4360240330340253 -0.002791553647606486 -0.1724750684428869
4.018 0.1318062293849935 0.2629332741115705 0.1345950054032285 0.4353225362849262 -0.002788776018234972 -0.1723892621733556
4.02 0.133487236157665 0.2624164812130943 0.1362732386897678 0.4347200224292986 -0.002786002532102807 -0.1723035412162043
4.022 0.1352557283406536 0.2620073168808272 0.1380389615216281 0.4342252223251248 -0.002783233180974476 -0.1722179054442976
4.024 0.1371064789265414 0.2617146412624126 0.1398869468831763 0.4338469959931648 -0.002780467956634914 -0.1721323547307522
4.026 0.1390333997975726 0.2615473822113413 0.141811106648462 0.4335942711602783 -0.002777706850889445 -0.172046888948937
4.028 0.1410294622323668 0.261514457229629 0.1438044120879306 0.4334759652021008 -0.002774949855563722 -0.1719615079724719
4.03 0.1430866213225695 0.2616246774942635 0.1458588182850732 0.4335008891694906 -0.002772196962503664 -0.1718762116752271
4.032 0.1451957474571925 0.2618866329628035 0.1479651956207679 0.4336776328941268 -0.002769448163575401 -0.1717909999313234
4.034 0.1473465685485736 0.2623085580070562 0.1501132719992388 0.4340144306221863 -0.00276670345066521 -0.1717058726151301
4.036 0.1495276271620355 0.2628981776435959 0.152291589977715 0.4345190072448618 -0.002763962815679455 -0.1716208296012659
4.038 0.151726257115738 0.2636625352239095 0.1544874833662825 0.4351984059885065 -0.002761226250544528 -0.171535870764597
4.04 0.1539285843956142 0.2646078034224237 0.156687078142821 0.4360587994026613 -0.002758493747206792 -0.1714509959802376
4.042 0.1561195573186007 0.2657390815034022 0.1588753226162332 0.4371052866269505 -0.002755765297632518 -0.1713662051235483
4.044 0.1582830107041151 0.2670601831264101 0.1610360515979229 0.4383416811965463 -0.002753040893807828 -0.1712814980701362
4.046 0.1604017683280226 0.2685734203159288 0.1631520888557613 0.4397702950117827 -0.002750320527738632 -0.171196874695854
4.048 0.1624577870651635 0.2702793905899562 0.165205391256614 0.4413917254667555 -0.002747604191450583 -0.1711123348767994
4.05 0.1644323448512368 0.272176775518906 0.1671772367282258 0.4432046540082205 -0.002744891876988999 -0.1710278784893146
4.052 0.1663062728924215 0.2742621600395175 0.1690484564688403 0.445205665449503 -0.002742183576418819 -0.1709435054099855
4.054 0.1680602304583774 0.2765298825462609 0.1707997097402019 0.4473890980619021 -0.002739479281824538 -0.1708592155156412
4.056 0.1696750181806474 0.2789719259809503 0.1724117971659576 0.4497469346643041 -0.002736778985310157 -0.1707750086833538
4.058 0.171131923169091 0.281577859713523 0.1738660058480901 0.45226874450396 -0.002734082678999114 -0.170690884790437
4.06 0.1724130866336983 0.2843348408645855 0.1751444769887325 0.4549416845790316 -0.002731390355034235 -0.1706068437144461
4.062 0.1735018822640245 0.287227681814928 0.1762305842696021 0.4577505671481051 -0.002728702005577675 -0.1705228853331771
4.064 0.1743832916189382 0.2902389880164087 0.1771093092417491 0.4606779975410754 -0.00272601762281086 -0.1704390095246667
4.066 0.1750442614446066 0.2933493669656074 0.177767598643541 0.4637045831327981 -0.002723337198934431 -0.1703552161671907
4.068 0.1754740273753826 0.2965377055177013 0.1781946881015508 0.4668092106569656 -0.002720660726168186 -0.1702715051392643
4.07 0.1756643890233289 0.2997815088725911 0.1783823772200799 0.4699693851922322 -0.002717988196751025 -0.1701878763196411
4.072 0.175609923078077 0.3030572908573519 0.1783252426810179 0.4731616204446645 -0.002715319602940894 -0.1701043295873126
4.074 0.1753081236711333 0.3063410019030703 0.1780207786081481 0.476361866724578 -0.002712654937014727 -0.1700208648215077
4.076 0.1747594627415234 0.3096084786507113 0.1774694569327918 0.4795459605524031 -0.002709994191268392 -0.1699374819016918
4.078 0.1739673672187219 0.3128358976851227 0.1766747045767385 0.4826900783926894 -0.002707337358016634 -0.1698541807075667
4.08 0.1729381141799842 0.3160002156121126 0.1756427986095772 0.4857711767311823 -0.002704684429593023 -0.1697709611190698
4.082 0.1716806493868167 0.3190795785997463 0.1743826847851666 0.4887674016161196 -0.002702035398349892 -0.1696878230163732
4.084 0.1702063384035866 0.322053686512758 0.172905728660245 0.4916584527926418 -0.002699390256658288 -0.1696047662798838
4.086 0.1685286625607443 0.3249040996671579 0.1712254115576522 0.4944258904573999 -0.002696748996907913 -0.169521790790242
4.088 0.166662874131762 0.3276144797544012 0.1693569857432691 0.4970533761827231 -0.002694111611507076 -0.169438896428322
4.09 0.1646256261414748 0.3301707603075319 0.1673171042343574 0.4995268433827619 -0.002691478092882629 -0.16935608307523
4.092 0.1624345922272423 0.3325612458714038 0.1651234406607222 0.5018345964837088 -0.002688848433479918 -0.169273350612305
4.094 0.1601080910233302 0.3347766425271522 0.162794313649093 0.5039673414482694 -0.002686222625762729 -0.1691906989211171
4.096 0.1576647278265975 0.3368100253571897 0.1603483284888107 0.5059181532406576 -0.002683600662213235 -0.1691081278834679
4.098 0.1551230640396465 0.3386567506928675 0.1578040465749785 0.5076823880742564 -0.002680982535331937 -0.1690256373813889
4.1 0.1525013223255627 0.3403143224826307 0.1551796905632004 0.5092575497797726 -0.002678368237637615 -0.1689432272971419
4.102 0.1498171327669803 0.3417822228732437 0.1524928905286476 0.5106431203864615 -0.002675757761667275 -0.1688608975132179
4.104 0.1470873227995882 0.3430617171756848 0.1497604738995643 0.5118403650880214 -0.002673151099976092 -0.1687786479123367
4.106 0.1443277514372389 0.3441556429052656 0.1469982996823762 0.5128521212827118 -0.002670548245137361 -0.1686964783774462
4.108 0.1415531864140585 0.3450681916809659 0.144221135603801 0.5136825804726881 -0.002667949189742441 -0.1686143887917222
4.11 0.1387772213960258 0.3458046915779535 0.1414425753224265 0.5143370706165209 -0.002665353926400701 -0.1685323790385674
4.112 0.136012229360491 0.346371396186821 0.1386749918082305 0.5148218451884322 -0.002662762447739476 -0.1684504490016112
4.114 0.1332693475845206 0.3467752852524824 0.1359295223309246 0.5151438838171911 -0.002660174746404004 -0.1683685985647088
4.116 0.130558489376289 0.3470238804364154 0.1332160801913463 0.5153107080483564 -0.002657590815057379 -0.1682868276119411
4.118 0.1278883776588679 0.3471250785331378 0.1305433883052484 0.5153302145607516 -0.002655010646380498 -0.1682051360276137
4.12 0.1252665957195223 0.3470870034140159 0.1279190299525943 0.5152105271102728 -0.002652434233072014 -0.1681235236962569
4.122 0.1226996507910706 0.3469178770907315 0.1253495123589189 0.514959867593356 -0.002649861567848275 -0.1680419905026244
4.124 0.1201930465978449 0.3466259095893801 0.1228403392412882 0.5145864459210737 -0.00264729264344328 -0.1679605363316936
4.126 0.1177513615066684 0.3462192067957954 0.120396088959277 0.5140983678644596 -0.002644727452608622 -0.1678791610686642
4.128 0.115378329454205 0.3457056950576426 0.1180204954423184 0.5135035596566011 -0.002642165988113446 -0.1677978645989585
4.13 0.1130769213360938 0.3450930610868203 0.1157165295788382 0.5128097078950405 -0.002639608242744387 -0.1677166468082203
4.132 0.1108494250196665 0.3443887055745015 0.113486479228972 0.5120242131568159 -0.002637054209305528 -0.1676355075823144
4.134 0.1086975225770871 0.3435997088882274 0.1113320264577054 0.511154155695554 -0.002634503880618342 -0.1675544468073265
4.136 0.1066223637136004 0.3427328072451234 0.109254320963122 0.5102062716146856 -0.002631957249521649 -0.1674734643695622
4.138 0.1046246346862591 0.3417943778272665 0.1072540489951306 0.509186937982813 -0.002629414308871562 -0.1673925601555465
4.14 0.1027046222805608 0.3407904314121433 0.1053314973321022 0.508102165464167 -0.002626875051541434 -0.1673117340520237
4.142 0.1008622726262725 0.3397266112160755 0.1034866120966943 0.5069575971620317 -0.002624339470421814 -0.1672309859459562
4.144 0.0990972448087422 0.3386081967850976 0.1017190523671626 0.5057585125096223 -0.002621807558420394 -0.1671503157245248
4.146 0.09740895936150758 0.3374401119051933 0.1000282386699695 0.5045098351803207 -0.002619279308461959 -0.1670697232751274
4.148 0.09579664182561255 0.336226935639528 0.09841339653910089 0.5032161441249069 -0.002616754713488339 -0.1669892084853788
4.15 0.09425936162805915 0.3349729157270603 0.09687359539451751 0.5018816869701708 -0.002614233766458356 -0.1669087712431104
4.152 0.09279606657794148 0.3336819836952934 0.09540778303828927 0.5005103951316627 -0.002611716460347786 -0.1668284114363693
4.154 0.09140561330582675 0.332357771147296 0.09401481609397605 0.499105900100714 -0.002609202788149295 -0.166748128953418
4.156 0.09008679398262219 0.3310036267780459 0.09269348672549459 0.4976715504607797 -0.0026066927428724 -0.1666679236827338
4.158 0.08883835965607285 0.3296226337601044 0.09144254597361627 0.4962104292731125 -0.002604186317543417 -0.1665877955130081
4.16 0.08765904053397053 0.3282176272110047 0.09026072403917594 0.4947253715441513 -0.002601683505205415 -0.1665077443331466
4.162 0.08654756352990009 0.3267912115177234 0.08914674782881826 0.4932189815499912 -0.002599184298918165 -0.1664277700322678
4.164 0.08550266737002336 0.325345777347727 0.08809935606178146 0.4916936498474302 -0.002596688691758095 -0.1663478724997032
4.166 0.084523115537868 0.3238835182202978 0.08711731221468623 0.4901515698452941 -0.002594196676818234 -0.1662680516249964
4.168 0.08360770731389244 0.3224064465507429 0.08619941556110063 0.4885947538486459 -0.00259170824720818 -0.166188307297903
4.17 0.08275528714250381 0.3209164091093487 0.08534451053855785 0.4870250485177383 -0.002589223396054034 -0.1661086394083896
4.172 0.08196475253924654 0.3194151018651635 0.08455149465574491 0.4854441497117973 -0.002586742116498368 -0.1660290478466337
4.174 0.08123506072758566 0.3179040842027872 0.08381932512928582 0.4838536167058101 -0.002584264401700165 -0.1659495325030229
4.176 0.08056523417534854 0.3163847925188805 0.08314702442018332 0.4822548857870352 -0.002581790244834783 -0.1658700932681547
4.178 0.07995436518150628 0.3148585532183524 0.08253368482060018 0.4806492832511881 -0.002579319639093899 -0.1657907300328356
4.18 0.07940161964502891 0.3133265951395022 0.08197847222271439 0.4790380378275832 -0.002576852577685471 -0.165711442688081
4.182 0.07890624013153491 0.3117900614466849 0.08148062918536859 0.4774222925717994 -0.002574389053833678 -0.1656322311251145
4.184 0.07846754833754727 0.3102500210359175 0.08103947739832616 0.4758031162712849 -0.002571929060778892 -0.1655530952353675
4.186 0.07808494703715775 0.3087074795013603 0.08065441962893537 0.4741815144118388 -0.002569472591777615 -0.1654740349104784
4.188 0.07775792158330959 0.3071633897173086 0.08032494122341204 0.4725584397596012 -0.002567019640102441 -0.1653950500422926
4.19 0.07748604102266224 0.3056186620900581 0.08005061122170425 0.4709348026129197 -0.002564570199042006 -0.1653161405228616
4.192 0.07726895887177179 0.3040741745379948 0.07983108313367274 0.4693114807824377 -0.002562124261900951 -0.1652373062444429
4.194 0.07710641359116491 0.3025307822579503 0.07966609541316477 0.4676893293574492 -0.002559681821999863 -0.1651585470994988
4.196 0.0769982287835109 0.3009893273381345 0.07955547165618614 0.4660691903188315 -0.002557242872675238 -0.1650798629806969
4.198 0.07694431313207371 0.2994506482770777 0.07949912053935315 0.4644519020579864 -0.002554807407279435 -0.1650012537809087
4.2 0.07694466008574052 0.2979155894684357 0.07949703550492115 0.4628383088616455 -0.002552375419180629 -0.1649227193932099
4.202 0.07699934728755689 0.2963850107120015 0.07954929418931965 0.4612292704228805 -0.002549946901762764 -0.164844259710879
4.204 0.07710853573373005 0.2948597968097514 0.07965605758215556 0.4596256714371493 -0.002547521848425514 -0.1647658746273978
4.206 0.07727246864037886 0.293340867305774 0.07981756889296308 0.4580284313422243 -0.00254510025258423 -0.1646875640364503
4.208 0.07749146998511304 0.2918291864273808 0.08003415209278295 0.4564385142593032 -0.002542682107669904 -0.1646093278319224
4.21 0.07776594267993482 0.2903257732826917 0.08030621008706394 0.4548569391905931 -0.002540267407129119 -0.1645311659079014
4.212 0.07809636632076 0.2888317123687086 0.08063422246518401 0.453284790527384 -0.002537856144424003 -0.1644530781586754
4.214 0.07848329444693455 0.2873481644398059 0.08101874275996675 0.4517232289185389 -0.00253544831303219 -0.1643750644787331
4.216 0.0789273512312352 0.2858763777842425 0.08146039513768198 0.4501735025470055 -0.002533043906446774 -0.1642971247627631
4.218 0.0794292275076668 0.2844176999488087 0.08195987042584307 0.4486369588544623 -0.002530642918176264 -0.1642192589056536
4.22 0.07998967602884043 0.2829735899483017 0.08251792137058496 0.4471150567507934 -0.002528245341744539 -0.1641414668024916
4.222 0.08060950582992221 0.2815456309851897 0.08313535700061302 0.4456093793337527 -0.002525851170690809 -0.164063748348563
4.224 0.08128957555868344 0.2801355436962069 0.08381303595725301 0.4441216471355584 -0.002523460398569567 -0.1639861034393516
4.226 0.08203078561312316 0.278745199929273 0.08455185863207371 0.4426537318998117 -0.002521073018950547 -0.1639085319705386
4.228 0.08283406891025202 0.2773766370361958 0.08535275793567071 0.4412076708741986 -0.002518689025418682 -0.1638310338380028
4.23 0.08370038008920982 0.2760320726479388 0.08621668850078389 0.4397856815857581 -0.002516308411574056 -0.1637536089378193
4.232 0.08463068293198663 0.2747139198740466 0.08714461410301849 0.4383901770403063 -0.002513931171031871 -0.1636762571662597
4.234 0.08562593576611191 0.2734248028364659 0.0881374930635343 0.4370237812562571 -0.002511557297422396 -0.1635989784197912
4.236 0.0866870745928574 0.2721675724139228 0.08919626137724833 0.4356893450089989 -0.002509186784390924 -0.1635217725950762
4.238 0.08781499366873474 0.2709453220275453 0.09032181329433248 0.4343899616165175 -0.002506819625597733 -0.1634446395889722
4.24 0.08901052325165912 0.2697614032493157 0.09151497906637716 0.4331289825478468 -0.002504455814718046 -0.163367579298531
4.242 0.0902744042137352 0.2686194409538885 0.09277649955917718 0.4319100325748866 -0.002502095345441981 -0.1632905916209982
4.244 0.09160725921700899 0.2675233476661825 0.09410699742848351 0.4307370241199955 -0.002499738211474516 -0.163213676453813
4.246 0.09300956015319625 0.2664773366774549 0.09550694455973169 0.4296141703720623 -0.002497384406535441 -0.1631368336946075
4.248 0.09448159156324759 0.2654859334130901 0.09697662548760691 0.4285459966542965 -0.002495033924359325 -0.1630600632412064
4.25 0.09602340978154063 0.264553984436383 0.09851609654023609 0.4275373494280096 -0.002492686758695465 -0.1629833649916266
4.252 0.09763479759816455 0.2636866633626715 0.1001251405014724 0.426593402206748 -0.002490342903307849 -0.1629067388440765
4.254 0.09931521430206157 0.2628894728421088 0.1018032166540367 0.4257196575390647 -0.002488002351975113 -0.1628301846969558
4.256 0.1010637410667212 0.2621682416464183 0.1035494061652117 0.4249219440952732 -0.002485665098490499 -0.1627537024488548
4.258 0.1028790217706156 0.261529115771341 0.1053623529072775 0.4242064077698955 -0.002483331136661823 -0.1626772919985545
4.26 0.1047591995119394 0.2609785423480335 0.1072401999722508 0.4235794955930589 -0.00248100046031142 -0.1626009532450254
4.262 0.1067018492894598 0.2605232450483523 0.1091805223527359 0.4230479311357797 -0.002478673063276109 -0.1625246860874273
4.264 0.1087039075778339 0.2601701895844888 0.1111802565172411 0.4226186800095983 -0.002476348939407156 -0.1624484904251094
4.266 0.1107615998336245 0.2599265378517696 0.1132356279161947 0.4222989040093788 -0.00247402808257023 -0.1623723661576092
4.268 0.1128703673251439 0.2597995892620977 0.1153420778117893 0.42209590244675 -0.002471710486645361 -0.1622963131846523
4.27 0.1150247950812247 0.2597967078806072 0.1174941912267516 0.4220170392867591 -0.002469396145526904 -0.162220331406152
4.272 0.1172185431972754 0.2599252341293961 0.1196856282503989 0.4220696548516047 -0.002467085053123492 -0.1621444207222086
4.274 0.1194442842016191 0.2601923800801863 0.1219090614049771 0.4222609611132958 -0.002464777203358005 -0.1620685810331095
4.276 0.1216936496593224 0.2606051077424635 0.1241561222494899 0.4225979199817916 -0.002462472590167524 -0.1619928122393282
4.278 0.1239571896325948 0.2611699902829564 0.1264173608400981 0.4230871045244806 -0.00246017120750329 -0.1619171142415242
4.28 0.1262243490042596 0.2618930567984219 0.1286822220535902 0.4237345437389643 -0.002457873049330668 -0.1618414869405424
4.282 0.1284834649435436 0.2627796221112624 0.1309390430531727 0.4245455523486754 -0.002455578109629109 -0.161765930237413
4.284 0.1307217899052233 0.2638341040571482 0.1331750762876154 0.4255245480904985 -0.002453286382392103 -0.1616904440333503
4.286 0.1329255444484243 0.2650598318635424 0.1353765423100515 0.4266748600932956 -0.00245099786162715 -0.1616150282297533
4.288 0.135080003773616 0.2664588504311335 0.1375287163149717 0.4279985331593378 -0.002448712541355709 -0.1615396827282043
4.29 0.1371696211624791 0.2680317265621074 0.1396160515780923 0.4294961339925767 -0.002446430415613171 -0.1614644074304693
4.292 0.1391781904277534 0.2697773643434944 0.1416223419062022 0.4311665665819914 -0.002444151478448813 -0.161389202238497
4.294 0.1410890480175972 0.2716928378767125 0.143530923741523 0.433006904931131 -0.002441875723925758 -0.1613140670544185
4.296 0.1428853136046957 0.2737732502317065 0.1453249167508166 0.4350122520122536 -0.00243960314612094 -0.1612390017805471
4.298 0.1445501658692834 0.2760116277612844 0.1469874996084085 0.437175634080662 -0.002437333739125069 -0.1611640063193776
4.3 0.1460671478736041 0.2783988586290094 0.1485022153706466 0.4394879392025955 -0.002435067497042582 -0.1610890805735861
4.302 0.1474204940653486 0.2809236834885328 0.1498532984793402 0.4419379079345623 -0.002432804413991612 -0.1610142244460295
4.304 0.1485954687303163 0.2835727446613504 0.1510260132144202 0.4445121825010951 -0.002430544484103952 -0.1609394378397447
4.306 0.1495787038470491 0.2863306979069009 0.1520069915485741 0.4471954185648501 -0.00242828770152501 -0.1608647206579492
4.308 0.1503585229928529 0.2891803880486878 0.1527845570532667 0.4499704608527271 -0.002426034060413778 -0.1607900728040393
4.31 0.1509252374006251 0.292103086476141 0.1533490209555679 0.4528185806577319 -0.002423783554942787 -0.1607154941815909
4.312 0.1512714006052909 0.2950787851035065 0.153692936784589 0.455719769797865 -0.002421536179298075 -0.1606409846943585
4.314 0.1513920094123557 0.2980865380153096 0.1538113013400348 0.4586530822615842 -0.00241929192767915 -0.1605665442462747
4.316 0.1512846411344925 0.3011048390485954 0.1537016919287914 0.4615970117900455 -0.002417050794298948 -0.1604921727414501
4.318 0.1509495200501551 0.3041120212349948 0.1533643328235389 0.4645298913191677 -0.002414812773383797 -0.1604178700841728
4.32 0.1503895096181802 0.3070866625794236 0.1528020874773535 0.4674302987583315 -0.002412577859173382 -0.1603436361789078
4.322 0.149610030851814 0.3100079822258843 0.1520203768977347 0.4702774531561812 -0.002410346045920708 -0.1602694709302969
4.324 0.1486189110895456 0.3128562117071843 0.1510270284174377 0.4730515859503423 -0.002408117327892061 -0.160195374243158
4.326 0.1474261708847457 0.315612927613573 0.1498320625841126 0.4757342736360578 -0.002405891699366971 -0.1601213460224848
4.328 0.1460437595948668 0.3182613345026777 0.148447428749505 0.4783087206761242 -0.002403669154638176 -0.1600473861734465
4.33 0.1444852522821872 0.3207864899492473 0.1468867019701988 0.4807599845506347 -0.002401449688011589 -0.1599734946013874
4.332 0.1427655216347475 0.323175467027882 0.1451647549285537 0.4830751382397082 -0.002399233293806255 -0.1598996712118261
4.334 0.1409003987626528 0.3254174529427621 0.1432974187290071 0.4852433688532178 -0.002397019966354321 -0.1598259159104557
4.336 0.1389063360073557 0.327503785691678 0.1413011457073567 0.487256014294821 -0.00239480970000099 -0.159752228603143
4.338 0.1368000834652673 0.3294279333732479 0.1391926859543718 0.4891065425691761 -0.002392602489104502 -0.1596786091959282
4.34 0.1345983889680809 0.3311854228693976 0.136988787296117 0.490790480464422 -0.002390398328036079 -0.1596050575950244
4.342 0.1323177290014214 0.3327737260827343 0.1347059262126013 0.4923052997895518 -0.002388197211179903 -0.1595315737068175
4.344 0.1299740756759667 0.3341921126908279 0.1323600748088997 0.4936502701286933 -0.002385999132933069 -0.1594581574378654
4.346 0.1275827025844738 0.3354414785397327 0.1299665066721793 0.4948262872346308 -0.002383804087705564 -0.1593848086948981
4.348 0.1251580303127313 0.3365241584436192 0.1275396423826516 0.495835685828436 -0.002381612069920215 -0.1593115273848168
4.35 0.1227135106263928 0.337443731399113 0.1250929337004054 0.4966820448138066 -0.002379423074012663 -0.1592383134146936
4.352 0.1202615469737037 0.338204825192195 0.1226387840681351 0.4973699918839666 -0.002377237094431332 -0.1591651666917716
4.354 0.1178134479415593 0.3388129261898462 0.1201885020671967 0.4979050133133101 -0.00237505412563738 -0.1590920871234639
4.356 0.1153794096608206 0.3392741988732482 0.1177522838229253 0.4982932734906015 -0.002372874162104677 -0.1590190746173534
4.358 0.1129685228320024 0.3395953184687183 0.1153392200303222 0.4985414475499109 -0.002370697198319762 -0.1589461290811926
4.36 0.1105887999864652 0.3397833189273192 0.112957323215247 0.4986565693502222 -0.002368523228781812 -0.1588732504229031
4.362 0.1082472187479376 0.3398454575337691 0.1106135709959402 0.4986458960843441 -0.002366352248002608 -0.158800438550575
4.364 0.105949777160243 0.3397890966111582 0.1083139614107495 0.498516789983625 -0.002364184250506495 -0.1587276933724668
4.366 0.1037015575488519 0.3396216021343208 0.1060635767796822 0.4982766169313259 -0.002362019230830356 -0.1586550147970051
4.368 0.1015067958352949 0.3393502585668273 0.1038666530188184 0.497932661299611 -0.002359857183523566 -0.1585824027327837
4.37 0.09936895369878394 0.3389821988793356 0.1017266518019319 0.4974920559678994 -0.002357698103147973 -0.1585098570885637
4.372 0.09729079143820386 0.338524348472486 0.09964633342248171 0.4969617262457591 -0.002355541984277849 -0.1584373777732731
4.374 0.09527443982748166 0.337983381595765 0.09762782864898152 0.4963483462917712 -0.002353388821499863 -0.1583649646960061
4.376 0.09332146964623797 0.3373656888035916 0.09567270825565101 0.4956583065696145 -0.002351238609413046 -0.1582926177660229
4.378 0.09143295791768695 0.3366773540029024 0.09378204926031571 0.4948976908956519 -0.002349091342628762 -0.1582203368927495
4.38 0.08960955018183447 0.3359241397060781 0.09195649719760514 0.494072261691855 -0.002346947015770662 -0.1581481219857769
4.382 0.08785151837821625 0.3351114791927811 0.09019632400169092 0.4931874521476424 -0.002344805623474666 -0.1580759729548613
4.384 0.08615881411634908 0.3342444743954844 0.088501481276738 0.4922483641054075 -0.002342667160388914 -0.1580038897099231
4.386 0.08453111727154546 0.3333278984435554 0.0868716488927192 0.4912597706046023 -0.002340531621173746 -0.1579318721610469
4.388 0.0829678799658331 0.3323662019238931 0.08530627896633476 0.4902261221423743 -0.002338399000501659 -0.1578599202184812
4.39 0.08146836608832782 0.3313635220383704 0.08380463538138509 0.4891515558310081 -0.002336269293057278 -0.1577880337926377
4.392 0.08003168657181416 0.3303236939521537 0.08236582906535148 0.4880399067462448 -0.002334142493537323 -0.1577162127940911
4.394 0.0786568306885301 0.3292502637351951 0.08098884928518069 0.486894720868774 -0.002332018596650576 -0.1576444571335789
4.396 0.07734269365280552 0.328146502395407 0.07967259124992337 0.4857192691174078 -0.002329897597117846 -0.1575727667220008
4.398 0.07608810083185245 0.3270154205896975 0.0784158803215244 0.4845165620601157 -0.002327779489671939 -0.1575011414704183
4.4 0.07489182886743373 0.3258597836752912 0.07721749313649136 0.4832893649653456 -0.002325664269057622 -0.1574295812900544
4.402 0.07375262400518144 0.3246821268301025 0.07607617593521304 0.482040212922396 -0.002323551930031595 -0.1573580860922935
4.404 0.07266921791776772 0.3234847700293112 0.07499066038513016 0.4807714258179919 -0.002321442467362453 -0.1572866557886807
4.406 0.07164034129196065 0.322269832712901 0.07395967716779131 0.4794851230038223 -0.002319335875830659 -0.1572152902909213
4.408 0.07066473543272292 0.3210392480212415 0.07298196758295143 0.4781832375321224 -0.002317232150228507 -0.157143989510881
4.41 0.06974116211773522 0.3197947765091547 0.07205629340309531 0.4768675298697397 -0.002315131285360096 -0.157072753360585
4.412 0.06886841191674301 0.3185380192776562 0.0711814451927843 0.4755396010298742 -0.002313033276041289 -0.1570015817522179
4.414 0.06804531117068172 0.3172704304859444 0.07035624928778141 0.4742009050840678 -0.002310938117099688 -0.1569304745981234
4.416 0.06727072780644182 0.3159933292243212 0.06957957360981643 0.4728527610351249 -0.0023088458033746 -0.1568594318108036
4.418 0.06654357614595302 0.3147079107448945 0.06885033247567003 0.4714963640478136 -0.002306756329717008 -0.1567884533029191
4.42 0.06586282085022253 0.3134152570567864 0.06816749054121207 0.4701327960440746 -0.002304669690989533 -0.1567175389872882
4.422 0.06522748012477708 0.3121163469042066 0.06753006600684348 0.4687630356810935 -0.002302585882066406 -0.1566466887768869
4.424 0.0646366282973177 0.3108120651505574 0.06693713319515114 0.4673879677354058 -0.00230050489783344 -0.1565759025848483
4.426 0.06408939786592482 0.3095032115981711 0.06638782459911281 0.4660083919226336 -0.002298426733187994 -0.1565051803244625
4.428 0.06358498110418932 0.3081905092773249 0.06588133248722826 0.4646250311865008 -0.002296351383038941 -0.1564345219091758
4.43 0.06312263129842068 0.3068746122395425 0.06541691014072731 0.4632385394921335 -0.002294278842306641 -0.156363927252591
4.432 0.06270166368271651 0.3055561128931646 0.06499387278863941 0.461849509161631 -0.002292209105922905 -0.1562933962684664
4.434 0.06232145612907125 0.3042355489201659 0.06461159829790222 0.4604584777908817 -0.002290142168830972 -0.1562229288707159
4.436 0.06198144964128018 0.3029134098123073 0.06426952766726565 0.4590659347857156 -0.002288078025985468 -0.1561525249734083
4.438 0.06168114869516633 0.3015901430672208 0.06396716536751872 0.4576723275579881 -0.002286016672352383 -0.1560821844907673
4.44 0.06142012146071989 0.300266160082338 0.06370407956362892 0.456278067419509 -0.002283958102909034 -0.156011907337171
4.442 0.06119799993652133 0.2989418417863139 0.06347990224916537 0.4548835352134653 -0.002281902312644043 -0.1559416934271513
4.444 0.06101448002149236 0.2976175440457713 0.06329432931804965 0.4534890867211656 -0.002279849296557297 -0.1558715426753942
4.446 0.06086932154460037 0.2962936028857472 0.06314712059426029 0.4520950578824859 -0.002277799049659922 -0.1558014549967387
4.448 0.06076234826868199 0.2949703395611066 0.06303809983565625 0.4507017698672835 -0.002275751566974257 -0.1557314303061769
4.45 0.06069344788084744 0.2936480655157463 0.06296715472438126 0.4493095340345999 -0.002273706843533816 -0.1556614685188536
4.452 0.06066257197817213 0.2923270872667902 0.06293423685255539 0.4479186568168561 -0.002271664874383262 -0.1555915695500659
4.454 0.06066973605390179 0.2910077112497936 0.06293936170848016 0.4465294445650564 -0.002269625654578375 -0.1555217333152628
4.456 0.06071501948599875 0.2896902486618184 0.06298260866518478 0.4451422083918635 -0.002267589179186026 -0.1554519597300451
4.458 0.06079856552657176 0.288375020338471 0.06306412096985591 0.4437572690486358 -0.002265555443284143 -0.1553822487101648
4.46 0.06092058128727234 0.2870623617011497 0.06318410572923402 0.4423749618726745 -0.002263524441961685 -0.1553126001715248
4.462 0.06108133771228412 0.2857526278117061 0.06334283388260273 0.4409956418418848 -0.002261496170318606 -0.1552430140301787
4.464 0.06128116952702937 0.2844461985708965 0.06354064015049521 0.4396196887732268 -0.002259470623465831 -0.1551734902023304
4.466 0.06152047514649979 0.2831434840988821 0.06377792294302502 0.4382475127032158 -0.002257447796525232 -0.1551040286043336
4.468 0.06179971652347767 0.2818449303343605 0.06405514420810725 0.4368795594870524 -0.002255427684629582 -0.1550346291526919
4.47 0.062119418911671 0.2805510248919437 0.06437282919459354 0.4355163166560014 -0.00225341028292254 -0.1549652917640578
4.472 0.06248017051441326 0.2792623032154931 0.06473156610097187 0.434158319570726 -0.002251395586558618 -0.154896016355233
4.474 0.06288262198360878 0.2779793550666443 0.06513200557431192 0.432806157909812 -0.002249383590703152 -0.1548268028431677
4.476 0.06332748572735274 0.2767028313883297 0.06557486001788501 0.4314604825332903 -0.002247374290532269 -0.1547576511449606
4.478 0.06381553497821606 0.275433451581352 0.06606090265944892 0.43012201275921 -0.002245367681232865 -0.154688561177858
4.48 0.06434760256592018 0.2741720112331356 0.06659096632392275 0.4287915440923896 -0.002243363758002569 -0.154619532859254
4.482 0.06492457932966009 0.272919390336637 0.06716594184570981 0.4274699564433271 -0.002241362516049722 -0.1545505661066901
4.484 0.06554741209625875 0.2716765620340902 0.06778677604685208 0.4261582228719447 -0.002239363950593341 -0.1544816608378545
4.486 0.06621710113861909 0.2704446019204227 0.06845446919548219 0.424857418891005 -0.002237368056863096 -0.1544128169705823
4.488 0.06693469701836234 0.2692246979346947 0.06917007184846162 0.4235687323575494 -0.002235374830099276 -0.1543440344228546
4.49 0.06770129670245943 0.268018160865003 0.0699346809680122 0.4222934739778019 -0.002233384265552768 -0.1542753131127989
4.492 0.06851803883040286 0.2668264354839122 0.07074943518888788 0.4210330884426002 -0.002231396358485023 -0.154206652958688
4.494 0.06938609799201673 0.2656511123239161 0.07161550909618475 0.4197891662028563 -0.002229411104168027 -0.1541380538789402
4.496 0.07030667786004267 0.2644939400896751 0.07253410635792695 0.4185634558817938 -0.002227428497884278 -0.1540695157921187
4.498 0.0712810030039797 0.2633568386896605 0.07350645153890646 0.417357877306592 -0.002225448534926756 -0.1540010386169315
4.5 0.07231030919215699 0.2622419128518602 0.07453378040275588 0.4161745351240911 -0.002223471210598891 -0.1539326222722309
4.502 0.07339583197092883 0.2611514662647637 0.07561732849114337 0.415015732941777 -0.002221496520214542 -0.1538642666770134
4.504 0.07453879328927637 0.2600880161579299 0.07675831774837434 0.4138839879083488 -0.002219524459097965 -0.1537959717504189
4.506 0.07574038591895051 0.2590543082022283 0.07795794094153428 0.4127820456139594 -0.002217555022583781 -0.1537277374117311
4.508 0.07700175540251704 0.2580533315694153 0.079217343608534 0.4117128951497918 -0.002215588206016963 -0.1536595635803765
4.51 0.07832397924528009 0.2570883339434889 0.08053760325003288 0.4106797841194134 -0.002213624004752791 -0.1535914501759245
4.512 0.07970804305679804 0.2561628362189993 0.08191970547095488 0.4096862333370861 -0.002211662414156837 -0.1535233971180869
4.514 0.08115481333974894 0.2552806465567654 0.08336451676935387 0.4087360508834831 -0.00220970342960493 -0.1534554043267177
4.516 0.08266500662630349 0.2544458733913955 0.08487275367278663 0.4078333451132083 -0.002207747046483135 -0.1533874717218128
4.518 0.08423915467369235 0.2536629368993794 0.08644494793388006 0.4069825361228889 -0.00220579326018772 -0.1533195992235095
4.52 0.08587756545429893 0.2529365783411957 0.08808140752042407 0.406188365093282 -0.002203842066125135 -0.1532517867520863
4.522 0.08758027971934317 0.2522718665842735 0.08978217317905514 0.405455900812236 -0.002201893459711979 -0.1531840342279626
4.524 0.08934702297597322 0.2516742010007124 0.09154697041234819 0.4047905425724108 -0.002199947436374978 -0.1531163415716985
4.526 0.09117715280971096 0.2511493098118387 0.09337515680126192 0.4041980185158328 -0.002198003991550955 -0.1530487087039941
4.528 0.09306960160060088 0.2507032428304543 0.09526566472128768 0.4036843783761442 -0.002196063120686802 -0.1529811355456898
4.53 0.09502281484074479 0.2503423574295233 0.09721693965998425 0.4032559794472887 -0.00219412481923946 -0.1529136220177655
4.532 0.097034685456324 0.2500732964560956 0.09922687453899989 0.4029194644974358 -0.002192189082675887 -0.1528461680413403
4.534 0.09910248477943086 0.2499029567164238 0.1012927406859039 0.4026817302540963 -0.00219025590647303 -0.1527787735376726
4.536 0.1012227911084921 0.2498384465960507 0.1034111163946099 0.40254988502421 -0.002188325286117803 -0.1527114384281593
4.538 0.1033914171349102 0.2498870313612994 0.1055778143520172 0.4025311939956353 -0.002186397217107058 -0.1526441626343359
4.54 0.1056033379018989 0.2500560647320204 0.1077878095968465 0.4026330108098963 -0.002184471694947563 -0.1525769460778759
4.542 0.1078526213939658 0.2503529054389877 0.1100351701091218 0.4028626941195785 -0.002182548715155966 -0.1525097886805907
4.544 0.1101323643104503 0.2507848177032218 0.112312992583709 0.403227508067651 -0.002180628273258781 -0.1524426903644292
4.546 0.1124346360512577 0.2513588549186402 0.11461334641605 0.4037345059701177 -0.002178710364792353 -0.1523756510514775
4.548 0.1147504343944947 0.252081726302889 0.1169272293797975 0.4043903969668475 -0.002176794985302837 -0.1523086706639585
4.55 0.1170696567526814 0.2529596469179922 0.1192445388830275 0.4052013960422243 -0.002174882130346172 -0.152241749124232
4.552 0.1193810912028667 0.2539981722592681 0.1215540629983548 0.4061730586140619 -0.002172971795488049 -0.1521748863547938
4.554 0.1216724316525218 0.2552020195643093 0.1238434956288257 0.4073101018425851 -0.002171063976303894 -0.1521080822782759
4.556 0.1239303214665354 0.256574879084536 0.1260994801349142 0.4086162159019819 -0.002169158668378837 -0.1520413368174459
4.558 0.1261404295820667 0.2581192197505716 0.1283076854493744 0.4100938696457785 -0.00216725586730769 -0.1519746498952069
4.56 0.1282875625297097 0.259836094893801 0.1304529180984046 0.4117441163283981 -0.002165355568694916 -0.1519080214345971
4.562 0.130355814811105 0.2617249548738957 0.1325192725792596 0.4135664062326853 -0.002163457768154608 -0.1518414513587896
4.564 0.1323287587424792 0.2637834745081224 0.1344903212037897 0.4155584140992142 -0.002161562461310466 -0.1517749395910918
4.566 0.1341896731631 0.266007403981014 0.1363493428068957 0.4177158900359595 -0.002159669643795765 -0.1517084860549456
4.568 0.1359218083761752 0.2683904523070558 0.1380795876874286 0.4200325429809824 -0.002157779311253334 -0.1516420906739266
4.57 0.1375086824311534 0.2709242123075658 0.1396645738904889 0.4224999656793101 -0.002155891459335531 -0.1515757533717443
4.572 0.138934401500657 0.2735981353410717 0.1410884075843613 0.425107609413313 -0.002154006083704218 -0.1515094740722413
4.574 0.1401839948372086 0.276399562644091 0.1423361180172393 0.4278428153434846 -0.002152123180030735 -0.1514432526993936
4.576 0.1412437528071657 0.2793138180785515 0.1433939955511616 0.430690907255861 -0.002150242743995875 -0.1513770891773095
4.578 0.1421015550191126 0.2823243644238993 0.1442499197904024 0.4336353478541295 -0.002148364771289858 -0.1513109834302303
4.58 0.1427471747773084 0.285413022218466 0.1448936640349207 0.4366579576009951 -0.002146489257612313 -0.1512449353825291
4.582 0.1431725461591285 0.2885602467611282 0.1453171623578008 0.4397391917198394 -0.002144616198672245 -0.1511789449587111
4.584 0.1433719810248915 0.2917454554937146 0.1455147266150795 0.4428584675771278 -0.002142745590188014 -0.1511130120834132
4.586 0.1433423252119924 0.2949473948756159 0.1454832026398797 0.4459945315570192 -0.002140877427887312 -0.1510471366814033
4.588 0.1430830459483313 0.298144533329222 0.1452220576558385 0.4491258520068027 -0.002139011707507137 -0.1509813186775807
4.59 0.1425962459455049 0.3013154651210355 0.1447333943702987 0.4522310231180108 -0.002137148424793768 -0.1509155579969753
4.592 0.1418866034324445 0.3044393093066164 0.1440218910079472 0.455289163871364 -0.002135287575502741 -0.1508498545647475
4.594 0.1409612412530825 0.3074960882049488 0.1430946704084814 0.4582802965111367 -0.002133429155398827 -0.1507842083061879
4.596 0.1398295317538572 0.3104670712194254 0.1419611049141132 0.4611856903661424 -0.002131573160256006 -0.150718619146717
4.598 0.1385028472413472 0.3133350720752235 0.1406325668272047 0.4639881590871086 -0.002129719585857445 -0.1506530870118851
4.6 0.1369942680705866 0.316084690460312 0.139122136498582 0.4666723022876834 -0.002127868427995466 -0.1505876118273714
4.602 0.1353182617938507 0.3187024923782393 0.1374442814763223 0.469224685897224 -0.002126019682471535 -0.1505221935189847
4.604 0.1334903472196238 0.3211771269468631 0.1356145205647201 0.4716339589595254 -0.002124173345096231 -0.1504568320126622
4.606 0.1315267567562175 0.3234993806333864 0.1336490861679067 0.4738909078678563 -0.002122329411689219 -0.1503915272344699
4.608 0.1294441091737565 0.3256621727798062 0.1315645970518358 0.4759884518904081 -0.002120487878079236 -0.1503262791106018
4.61 0.1272591031012082 0.3276604985679447 0.1293777518413123 0.4779215861353246 -0.002118648740104055 -0.1502610875673799
4.612 0.1249882393864875 0.3294913272189731 0.127105051380098 0.4796872797502271 -0.002116811993610474 -0.150195952531254
4.614 0.1226475781031044 0.3311534641902872 0.1247625557375586 0.4812843381190884 -0.002114977634454286 -0.1501308739288012
4.616 0.1202525336738008 0.33264738646484 0.1223656793323011 0.4827132381515657 -0.002113145658500253 -0.1500658516867257
4.618 0.1178177094488581 0.3339750598148399 0.1199290255104801 0.4839759455466984 -0.002111316061622089 -0.1500008857318585
4.62 0.1153567712396241 0.3351397462689467 0.1174662600793265 0.4850757222601041 -0.002109488839702432 -0.1499359759911575
4.622 0.1128823578191615 0.3361458090550402 0.1149900218077943 0.4860169314467467 -0.002107663988632825 -0.1498711223917064
4.624 0.110406025298259 0.3369985211402358 0.1125118668025727 0.4868048460009511 -0.002105841504313689 -0.1498063248607154
4.626 0.1079382215393002 0.3377038822674397 0.1100422429219545 0.4874454655929598 -0.002104021382654302 -0.14974158332552
4.628 0.1054882863628301 0.3382684481729751 0.1075904899824029 0.4879453458865568 -0.002102203619572776 -0.1496768977135817
4.63 0.1030644731726627 0.3386991745364961 0.1051648613836588 0.4883114424889828 -0.002100388210996033 -0.1496122679524867
4.632 0.1006739877188939 0.3390032772065747 0.1027725628717537 0.4885509711765213 -0.002098575152859785 -0.1495476939699465
4.634 0.0983230399818307 0.3391881093867326 0.1004198044229392 0.4886712850805297 -0.002096764441108506 -0.1494831756937972
4.636 0.09601690553428162 0.3392610557699587 0.09811186160597703 0.4886797688219578 -0.002094956071695415 -0.1494187130519991
4.638 0.0937599931776301 0.3392294430694837 0.09585314321821256 0.4885837490421207 -0.00209315004058245 -0.149354305972637
4.64 0.09155591611923876 0.3391004659979054 0.09364726246297901 0.4883904203818246 -0.002091346343740248 -0.1492899543839192
4.642 0.08940756442038741 0.338881127480307 0.09149710939753553 0.4881067856944848 -0.002089544977148117 -0.1492256582141778
4.644 0.08731717689029417 0.3385781917270692 0.08940492282708819 0.4877396091189375 -0.002087745936794022 -0.1491614173918683
4.646 0.08528641100418645 0.3381981487208359 0.087372360222861 0.487295380566405 -0.002085949218674558 -0.1490972318455691
4.648 0.08331640978502219 0.3377471886683368 0.08540056460381712 0.4867802901723183 -0.002084154818794923 -0.1490331015039816
4.65 0.08140786489686617 0.3372311850148144 0.08349022763003508 0.4862002113107439 -0.002082362733168907 -0.1489690262959295
4.652 0.07956107545910929 0.3366556847009842 0.08164164841692814 0.4855606908513431 -0.002080572957818859 -0.148905006150359
4.654 0.07777600230585237 0.3360259044478391 0.07985478779462804 0.4848669454441772 -0.002078785488775673 -0.1488410409963382
4.656 0.07605231758423009 0.3353467319721897 0.07812931790630885 0.4841238627352467 -0.002077000322078758 -0.1487771307630569
4.658 0.07438944972007963 0.3346227311587021 0.07646466717385565 0.4833360065385288 -0.002075217453776027 -0.1487132753798267
4.66 0.07278662387849162 0.333858150335827 0.07486006075841549 0.482507625111907 -0.002073436879923863 -0.14864947477608
4.662 0.07124289811919703 0.3330569329196612 0.07331455671578413 0.4816426618010319 -0.002071658596587107 -0.1485857288813706
4.664 0.06975719549709744 0.3322227297990649 0.07182707809693648 0.4807447674244377 -0.002069882599839029 -0.1485220376253728
4.666 0.06832833238771156 0.3313589129345679 0.07039644127347287 0.4798173138724491 -0.002068108885761311 -0.1484584009378812
4.668 0.06695504333523393 0.330468589733886 0.06902138078567796 0.4788634084826969 -0.002066337450444025 -0.1483948187488109
4.67 0.06563600272326651 0.3295546178447729 0.06770057101325212 0.4778859088329697 -0.002064568289985609 -0.1483312909881968
4.672 0.06436984356747544 0.3286196200767481 0.06643264496796829 0.4768874376629416 -0.002062801400492847 -0.1482678175861935
4.674 0.0631551737167667 0.3276659992212883 0.06521621049484755 0.4758703976943633 -0.002061036778080847 -0.1482043984730751
4.676 0.06199058973706531 0.3266959525920763 0.06404986415593833 0.474836986171311 -0.002059274418873023 -0.1481410335792347
4.678 0.0608746887345382 0.3257114861497399 0.06293220305353926 0.4737892089849244 -0.002057514319001068 -0.1480777228351845
4.68 0.05980607835544292 0.32471442811081 0.06186183483004785 0.4727288942823653 -0.002055756474604935 -0.1480144661715553
4.682 0.05878338518166689 0.3237064419710148 0.06083738606349971 0.4716577054901111 -0.002054000881832819 -0.1479512635190963
4.684 0.05780526172128885 0.3226890388975125 0.05985750925812999 0.4705771537061875 -0.002052247536841134 -0.1478881148086749
4.686 0.05687039217377553 0.3216635894632415 0.05892088860957002 0.4694886094345179 -0.002050496435794488 -0.1478250199712765
4.688 0.05597749713299507 0.3206313347140127 0.05802624470786074 0.4683933136520165 -0.002048747574865668 -0.1477619789380038
4.69 0.05512533737224869 0.3195933965696676 0.05717233832248431 0.4672923882097449 -0.002047000950235613 -0.1476989916400774
4.692 0.05431271684144047 0.3185507875716115 0.05635797339953388 0.4661868455804462 -0.002045256558093404 -0.1476360580088346
4.694 0.05353848499037533 0.3175044199954435 0.05558199938501156 0.4650775979711735 -0.002043514394636228 -0.1475731779757301
4.696 0.05280153852004635 0.3164551143534872 0.05484331297611571 0.4639654658258219 -0.002041774456069369 -0.1475103514723347
4.698 0.05210082265070727 0.3154036073153902 0.05414085938931346 0.4628511857457263 -0.002040036738606182 -0.147447578430336
4.7 0.05143533198494159 0.3143505590777343 0.05347363322340967 0.4617354178592721 -0.002038301238468076 -0.1473848587815378
4.702 0.05080411103428546 0.3132965602153417 0.05284067898616995 0.4606187526732013 -0.00203656795188449 -0.1473221924578596
4.704 0.05020625446876061 0.3122421380476412 0.05224109134385348 0.4595017174389778 -0.002034836875092874 -0.1472595793913366
4.706 0.04964090714132469 0.3111877625538851 0.05167401514566335 0.4583847820680045 -0.002033108004338666 -0.1471970195141194
4.708 0.04910726393191642 0.3101338518705199 0.0511386452677917 0.4572683646289941 -0.00203138133587528 -0.1471345127584741
4.71 0.04860456944980611 0.3090807774035019 0.05063422631577019 0.4561528364602833 -0.002029656865964075 -0.1470720590567814
4.712 0.04813211762765942 0.3080288685877176 0.05016005221853376 0.4550385269292544 -0.002027934590874341 -0.1470096583415368
4.714 0.04768925123568864 0.3069784173244067 0.04971546574257192 0.4539257278697568 -0.002026214506883275 -0.1469473105453502
4.716 0.04727536134049064 0.305929682126985 0.04929985795076661 0.4528146977279308 -0.00202449661027597 -0.1468850156009458
4.718 0.04688988672886292 0.3048828920033314 0.0489126676262083 0.451705665444493 -0.002022780897345381 -0.1468227734411617
4.72 0.04653231331436521 0.3038382501032861 0.04855338067875753 0.4505988341022358 -0.002021067364392316 -0.1467605839989497
4.722 0.04620217354090026 0.3027959371570761 0.04822152954862567 0.4494943843644514 -0.002019356007725411 -0.1466984472073753
4.724 0.04589904579542879 0.3017561147307419 0.0479166926190899 0.4483924777303588 -0.002017646823661113 -0.1466363629996169
4.726 0.04562255383962834 0.300718928323326 0.04763849364815199 0.4472932596322922 -0.002015939808523657 -0.1465743313089662
4.728 0.04537236626813644 0.2996845103290973 0.04738660122678149 0.4461968623979247 -0.002014234958645048 -0.1465123520688275
4.73 0.04514819599937518 0.2986529828879811 0.04716072826974022 0.4451034081006988 -0.002012532270365042 -0.1464504252127176
4.732 0.0449497998032767 0.2976244606468192 0.04696063154330783 0.4440130113210851 -0.002010831740031124 -0.1463885506742658
4.734 0.04477697786852498 0.296599053452331 0.04678611123252348 0.4429257818395443 -0.002009133363998494 -0.1463267283872134
4.736 0.04462957341076344 0.2955768689979569 0.04663701054939348 0.4418418272833701 -0.002007437138630038 -0.1462649582854133
4.738 0.04450747232149956 0.2945580154446841 0.04651321538179588 0.4407612557475142 -0.002005743060296318 -0.1462032403028301
4.74 0.04441060285637122 0.2935426040369636 0.04641465398174677 0.4396841784105034 -0.002004051125375546 -0.1461415743735398
4.742 0.04433893535979617 0.2925307517339284 0.04634129669004974 0.438610712165658 -0.002002361330253569 -0.1460799604317296
4.744 0.04429248202175508 0.2915225838766994 0.04629315569307892 0.4375409822883968 -0.002000673671323846 -0.1460183984116973
4.746 0.04427129666090107 0.2905182369121609 0.0462702848058885 0.4364751251600126 -0.001998988144987433 -0.1459568882478517
4.748 0.04427547452658169 0.2895178611938183 0.04627277927423465 0.4354132910685299 -0.00199730474765296 -0.1458954298747116
4.75 0.04430515211061235 0.2885216238808825 0.04630077558634896 0.4343556471077888 -0.001995623475736613 -0.1458340232269064
4.752 0.04436050695775499 0.2875297119566498 0.04635445128341711 0.4333023801958249 -0.001993944325662118 -0.1457726682391751
4.754 0.04444175746159618 0.2865423353880088 0.0464340247554569 0.4322537002343755 -0.001992267293860715 -0.1457113648463667
4.756 0.0445491626303179 0.2855597304478562 0.04653975500708904 0.4312098434312956 -0.001990592376771144 -0.1456501129834394
4.758 0.04468302180399263 0.2845821632227004 0.04667194137483226 0.4301710758081614 -0.001988919570839632 -0.145588912585461
4.76 0.04484367430212864 0.2836099333282416 0.0468309231746485 0.4291376969158497 -0.001987248872519858 -0.145527763587608
4.762 0.04503149897673396 0.2826433778556803 0.04701707925500691 0.4281100437808463 -0.001985580278272951 -0.145466665925166
4.764 0.04524691364226918 0.2816828755719489 0.04723082742683664 0.4270884951054778 -0.001983913784567458 -0.1454056195335288
4.766 0.04549037434963799 0.2807288513966478 0.04747262373751732 0.4260734757448467 -0.001982249387879339 -0.1453446243481989
4.768 0.04576237446642067 0.2797817811781164 0.0477429615511126 0.4250654614829031 -0.001980587084691934 -0.1452836803047867
4.77 0.04606344352010892 0.2788421967906888 0.04804237039160487 0.4240649841296995 -0.001978926871495952 -0.1452227873390107
4.772 0.04639414575500461 0.277910691573489 0.04837141449979407 0.4230726369601857 -0.001977268744789457 -0.1451619453866967
4.774 0.04675507834646556 0.2769879261300167 0.04873069104754339 0.4220890805137951 -0.001975612701077838 -0.1451011543837784
4.776 0.04714686920916671 0.2760746345039293 0.04912082794604051 0.4211150487702257 -0.001973958736873799 -0.1450404142662964
4.778 0.04757017432694537 0.2751716307446069 0.04954248117564271 0.4201513557150052 -0.001972306848697339 -0.1449797249703983
4.78 0.04802567452359249 0.2742798158695688 0.04999633155666822 0.4191989023019073 -0.001970657033075733 -0.1449190864323385
4.782 0.04851407158363142 0.2734001852258333 0.05048308087017493 0.4182586838143115 -0.001969009286543514 -0.1448584985884782
4.784 0.04903608362145973 0.2725338362442615 0.05100344722710218 0.4173317976195461 -0.001967363605642453 -0.1447979613752846
4.786 0.04959243958668574 0.2716819765701698 0.05155815957360729 0.4164194512995008 -0.001965719986921546 -0.144737474729331
4.788 0.05018387278139237 0.2708459325418122 0.05214795120832936 0.4155229711291091 -0.001964078426936987 -0.1446770385872968
4.79 0.05081111325290177 0.2700271579730937 0.05277355217515393 0.4146438108590607 -0.001962438922252161 -0.144616652885967
4.792 0.05147487891480675 0.2692272431770877 0.05343568038424437 0.4137835607393194 -0.001960801469437618 -0.1445563175622318
4.794 0.05217586523621563 0.2684479241459678 0.05413503130128669 0.4129439566990547 -0.001959166065071058 -0.1444960325530869
4.796 0.05291473333022735 0.2676910917744854 0.05487226603596466 0.4121268895701183 -0.001957532705737309 -0.1444357977956329
4.798 0.05369209626320211 0.2669588009833821 0.05564799765123043 0.4113344142104572 -0.00195590138802832 -0.1443756132270751
4.8 0.05450850340111037 0.2662532795611573 0.0564627755096535 0.4105687583458808 -0.001954272108543131 -0.1443154787847235
4.802 0.05536442260705633 0.2655769364999837 0.05731706747094419 0.4098323309059761 -0.001952644863887861 -0.1442553944059924
4.804 0.05626022010798779 0.2649323695517326 0.05821123975866347 0.4091277295801327 -0.001951019650675688 -0.1441953600284001
4.806 0.05719613785927746 0.2643223716746367 0.0591455343248043 0.4084577472642058 -0.001949396465526839 -0.1441353755895691
4.808 0.05817226825565052 0.2637499359792632 0.06012004356071908 0.4078253770064884 -0.00194777530506856 -0.1440754410272252
4.81 0.05918852606884939 0.2632182587147847 0.0611346822347845 0.4072338149939827 -0.001946156165935108 -0.144015556279198
4.812 0.06024461753825444 0.2627307397644693 0.06218915658302217 0.4066864610478895 -0.00194453904476773 -0.1439557212834202
4.814 0.06134000660427399 0.2622909800442378 0.06328293054248864 0.4061869160221656 -0.001942923938214646 -0.1438959359779278
4.816 0.06247387835852541 0.2619027751226226 0.06441518920145645 0.4057389754234817 -0.001941310842931031 -0.1438362003008591
4.818 0.06364509989203607 0.2615701043088675 0.06558479964761507 0.4053466184993232 -0.001939699755579 -0.1437765141904557
4.82 0.06485217885751135 0.2612971143921831 0.06679026953033894 0.4050139919772441 -0.001938090672827587 -0.1437168775850611
4.822 0.06609322022427969 0.2610880971663353 0.06802970381563242 0.4047453875894564 -0.001936483591352732 -0.1436572904231211
4.824 0.06736588189971861 0.2609474598473899 0.06930076040755587 0.4045452124905737 -0.001934878507837261 -0.1435977526431838
4.826 0.06866733011252787 0.2608796874985378 0.07060060553149874 0.4044179516824365 -0.00193327541897087 -0.1435382641838987
4.828 0.06999419570731569 0.2608892966243384 0.07192587002876578 0.4043681216083553 -0.001931674321450104 -0.143478824984017
4.83 0.07134253277228228 0.2609807792011118 0.07327260798426063 0.404400214183503 -0.001930075211978349 -0.1434194349823912
4.832 0.07270778130915888 0.2611585365812441 0.07463625939642468 0.4045186306992192 -0.001928478087265808 -0.1433600941179752
4.834 0.07408473594283771 0.2614268029607625 0.07601161888686719 0.4047276052905859 -0.001926882944029483 -0.1433008023298234
4.836 0.07546752293479643 0.2617895584408934 0.07739281271378959 0.4050311179979847 -0.001925289778993163 -0.1432415595570913
4.838 0.07684958798863994 0.262250432152553 0.07877328657752734 0.4054327978915878 -0.001923698588887404 -0.1431823657390348
4.84 0.07822369749080965 0.2628125964500341 0.08014580686125916 0.4059358172650442 -0.001922109370449516 -0.1431232208150101
4.842 0.07958195587267222 0.2634786538078139 0.08150247799309576 0.4065427785322874 -0.00192052212042354 -0.1430641247244735
4.844 0.08091584168872754 0.2642505187584919 0.08283477852428776 0.4072555961654731 -0.001918936835560234 -0.1430050774069812
4.846 0.08221626473216763 0.2651292979576015 0.08413361824478469 0.4080753767597906 -0.001917353512617063 -0.142946078802189
4.848 0.08347364603305003 0.2661151722128183 0.0853894181814082 0.4090023010626708 -0.001915772148358171 -0.1428871288498525
4.85 0.0846780218792432 0.2672072850113274 0.08659221461879757 0.4100355125011536 -0.001914192739554372 -0.1428282274898262
4.852 0.08581917206562217 0.2684036426544062 0.0877317873486053 0.4111730173164702 -0.001912615282983132 -0.1427693746620639
4.854 0.08688677142612433 0.2697010314851304 0.08879781120155289 0.4124116017917486 -0.001911039775428552 -0.1427105703066183
4.856 0.08787056237797634 0.2710949577960898 0.08978002859165769 0.4137467721597304 -0.001909466213681351 -0.1426518143636406
4.858 0.08876054477953341 0.2725796157636451 0.09066843937407226 0.4151727225370258 -0.001907894594538852 -0.1425931067733806
4.86 0.08954717796465661 0.2741478881179627 0.09145350287946158 0.4166823355941491 -0.001906324914804962 -0.1425344474761864
4.862 0.09022158848958846 0.2757913832077465 0.09212634566087861 0.4182672196202504 -0.00190475717129016 -0.1424758364125039
4.864 0.09077577603935064 0.2775005106683191 0.09267896740016211 0.4199177841911965 -0.001903191360811478 -0.1424172735228774
4.866 0.09120280922047375 0.2792645961128037 0.09310443670066623 0.4216233548607519 -0.001901627480192484 -0.1423587587479481
4.868 0.09149700272601703 0.2810720332475216 0.09339706825228031 0.423372325275977 -0.001900065526263271 -0.1423002920284554
4.87 0.09165406767399659 0.2829104697032472 0.09355257316985702 0.4251523430084828 -0.001898505495860434 -0.1422418733052356
4.872 0.09167122782016049 0.2847670208529312 0.09356817520598755 0.4269505233721531 -0.001896947385827058 -0.142183502519222
4.874 0.09154729579879226 0.2866285041214111 0.09344268699180495 0.428753683732856 -0.001895391193012704 -0.1421251796114449
4.876 0.09128270546388051 0.288481684962538 0.0931765423781539 0.4305485894855692 -0.001893836914273386 -0.1420669045230313
4.878 0.09087949864111403 0.2903135249025799 0.0927717831875856 0.4323222020977844 -0.001892284546471565 -0.1420086771952045
4.88 0.09034126698138469 0.2921114219099075 0.09223200106786081 0.4340619194791918 -0.001890734086476123 -0.1419504975692843
4.882 0.08967305192774903 0.2938634338653487 0.09156223745891139 0.435755799452035 -0.001889185531162354 -0.1418923655866863
4.884 0.08888120788160915 0.2955584770161553 0.0907688467590211 0.4373927582050776 -0.001887638877411947 -0.1418342811889223
4.886 0.08797323531750506 0.2971864928962168 0.08985932943961802 0.4389627372138163 -0.001886094122112968 -0.1417762443175994
4.888 0.08695759173610412 0.2987385791319721 0.08884214299826397 0.4404568340463926 -0.001884551262159848 -0.1417182549144206
4.89 0.08584348890740193 0.3002070816440323 0.0877264992018553 0.4418673945652161 -0.001883010294453364 -0.1416603129211838
4.892 0.08464068484202594 0.3015856478344032 0.08652215605792657 0.4431880661141854 -0.001881471215900622 -0.1416024182797822
4.894 0.0833592783998711 0.3028692422480813 0.08523921242328615 0.4444138131802852 -0.00187993402341505 -0.141544570932204
4.896 0.08200951349617824 0.3040541278020211 0.08388791221009462 0.4455408986225529 -0.001878398713916374 -0.1414867708205318
4.898 0.0806015986230971 0.3051378168978116 0.0824784639074277 0.4465668347847546 -0.001876865284330603 -0.141429017886943
4.9 0.07914554599769288 0.3061189975457362 0.0810208797292829 0.4474903096194454 -0.001875333731590019 -0.1413713120737091
4.902 0.07765103320137301 0.3069974400312797 0.07952483725400616 0.4483110933544758 -0.001873804052633158 -0.141313653323196
4.904 0.07612728879819812 0.3077738896898351 0.07799956504260291 0.4490299312676984 -0.001872276244404796 -0.1412560415778633
4.906 0.07458300218715744 0.3084499510867164 0.07645375249101337 0.4496484278669808 -0.00187075030385593 -0.1411984767802645
4.908 0.07302625691541652 0.3090279683977912 0.07489548314336028 0.4501689272708376 -0.001869226227943769 -0.1411409588730464
4.91 0.07146448587601605 0.3095109061327136 0.07333218988964776 0.4505943939316631 -0.001867704013631714 -0.1410834877989495
4.912 0.06990444624239051 0.309902233606462 0.07177062990027985 0.4509282971072692 -0.001866183657889347 -0.1410260635008073
4.914 0.06835221163781187 0.3102058158090756 0.07021687679550428 0.4511745017306218 -0.001864665157692411 -0.1409686859215462
4.916 0.06681317887141655 0.3104258125971484 0.06867632738143935 0.451337167601334 -0.001863148510022796 -0.1409113550041856
4.918 0.06529208656571693 0.3105665874674554 0.06715372027758547 0.4514206581592929 -0.001861633711868531 -0.1408540706918375
4.92 0.06379304310963994 0.3106326265968917 0.0656531638698637 0.4514294595245977 -0.001860120760223759 -0.140796832927706
4.922 0.06231956157232571 0.3106284683518189 0.06417817122441444 0.4513681100069067 -0.001858609652088727 -0.1407396416550878
4.924 0.06087459946301995 0.3105586430889526 0.06273169984748972 0.4512411399063242 -0.001857100384469771 -0.1406824968173715
4.926 0.05946060150529738 0.3104276227810123 0.06131619445967668 0.45105302113905 -0.001855592954379303 -0.1406253983580376
4.928 0.05807954388341793 0.3102397797969219 0.05993363124225373 0.4508081260175801 -0.001854087358835793 -0.1405683462206583
4.93 0.05673297869759353 0.3099993540353844 0.05858556229245729 0.4505106943842813 -0.001852583594863754 -0.140511340348897
4.932 0.05542207762895649 0.3097104275399825 0.05727315928845022 0.4501648082264911 -0.001851081659493728 -0.1404543806865087
4.934 0.05414767405024348 0.3093769057014609 0.05599725560000576 0.4497743728788005 -0.001849581549762277 -0.1403974671773396
4.936 0.05291030302380159 0.3090025041666772 0.05475838628651355 0.4493431039320037 -0.001848083262711958 -0.1403405997653266
4.938 0.05171023880664661 0.30859074061425 0.05355682560203793 0.4488745190087473 -0.001846586795391318 -0.1402837783944973
4.94 0.05054752962617175 0.3081449306147969 0.05239262177102662 0.448371933623767 -0.00184509214485487 -0.1402270030089701
4.942 0.04942202961086191 0.3076681868631119 0.051265628919025 0.4478384604160657 -0.001843599308163091 -0.1401702735529538
4.944 0.04833342785223501 0.3071634211435244 0.05017553613461741 0.4472770111142714 -0.001842108282382394 -0.140113589970747
4.946 0.0472812746473153 0.3066333484656203 0.04912189371190043 0.4466903006723592 -0.001840619064585124 -0.1400569522067388
4.948 0.04626500502314005 0.30608049288089 0.04810413667498958 0.4460808530862979 -0.001839131651849537 -0.1400003602054078
4.95 0.04528395968201686 0.3055071945603557 0.04712160572327665 0.4454510084716781 -0.00183764604125979 -0.1399438139113225
4.952 0.04433740353185876 0.304915617778007 0.04617356576176469 0.4448029310471476 -0.001836162229905925 -0.1398873132691406
4.954 0.04342454197896992 0.3043077595026068 0.04525922219385377 0.4441386177262162 -0.001834680214883853 -0.1398308582236094
4.956 0.04254453516818656 0.3036854583529089 0.0443777351614819 0.4434599070724739 -0.001833199993295343 -0.139774448719565
4.958 0.04169651035470474 0.3030504037166726 0.04352823191695274 0.4427684884186052 -0.001831721562248007 -0.1397180847019326
4.96 0.04087957258774341 0.3024041448734883 0.04270981750659869 0.4420659109892147 -0.001830244918855284 -0.1396617661157263
4.962 0.04009281387924948 0.301748099995781 0.0419215839394859 0.4413535929018295 -0.001828770060236428 -0.1396054929060485
4.964 0.03933532102030775 0.3010835649307458 0.04116261800382424 0.440632829948836 -0.001827296983516491 -0.1395492650180901
4.966 0.03860618219789542 0.3004117216908592 0.04043200788372173 0.4399048040879895 -0.001825825685826314 -0.1394930823971303
4.968 0.03790449255160936 0.2997336465998901 0.03972884871591187 0.4391705915884265 -0.001824356164302509 -0.1394369449885363
4.97 0.03722935879954014 0.2990503180589874 0.03905224721562758 0.4384311707967504 -0.001822888416087444 -0.1393808527377631
4.972 0.03657990304933197 0.2983626239100098 0.03840132548766121 0.4376874295003632 -0.001821422438329237 -0.1393248055903533
4.974 0.03595526589977242 0.2976713683845003 0.03777522412795415 0.4369401718764376 -0.00181995822818173 -0.1392688034919373
4.976 0.03535460892757306 0.2969772786356536 0.03717310471037755 0.4361901250238863 -0.001818495782804487 -0.1392128463882327
4.978 0.0347771166430715 0.2962810108565052 0.03659415174243427 0.4354379450815493 -0.00181703509936277 -0.1391569342250441
4.98 0.03422199798999191 0.2955831559935138 0.03603757416501945 0.4346842229417772 -0.001815576175027533 -0.1391010669482633
4.982 0.03368848745551699 0.2948842450683188 0.0355026064624924 0.4339294895721877 -0.001814119006975407 -0.1390452445038689
4.984 0.03317584584861916 0.2941847541227557 0.03498850944100784 0.4331742209606816 -0.001812663592388681 -0.138989466837926
4.986 0.03268336079842474 0.2934851088051057 0.03449457072688004 0.4324188427016918 -0.001811209928455295 -0.1389337338965862
4.988 0.03221034701694522 0.2927856886156416 0.03402010502931404 0.431663734241729 -0.001809758012368822 -0.1388780456260874
4.99 0.03175614636565539 0.2920868308311558 0.03356445420698385 0.4309092328039097 -0.001808307841328457 -0.1388224019727539
4.992 0.03132012775971824 0.2913888341276543 0.03312698717225725 0.4301556370106497 -0.001806859412539003 -0.1387668028829954
4.994 0.03090168693954299 0.2906919619208782 0.03270709966275385 0.4294032102241861 -0.001805412723210855 -0.1387112483033079
4.996 0.03050024613510953 0.2899964454435151 0.03230421390566952 0.4286521836237877 -0.001803967770559991 -0.1386557381802725
4.998 0.03011525364498093 0.2893024865774603 0.03191777819678888 0.4279027590380166 -0.001802524551807956 -0.1386002724605563
5 0.02974618334907584 0.288610260459118 0.03154726641325768 0.4271551115500293 -0.001801083064181847 -0.1385448510909113
5.002 0.02939253417123859 0.2879199178744762 0.03119217747615289 0.4264093918926508 -0.001799643304914303 -0.1384894740181745
5.004 0.0290538295055713 0.2872315874602541 0.03085203477681479 0.4256657286495222 -0.00179820527124349 -0.1384341411892681
5.006 0.02872961661824939 0.2865453777263527 0.03052638557866248 0.4249242302775516 -0.001796768960413089 -0.1383788525511988
5.008 0.02841946603474864 0.2858613789137961 0.03021480040442092 0.4241849869648543 -0.001795334369672281 -0.1383236080510582
5.01 0.02812297092103109 0.2851796647019242 0.02991687241730683 0.4234480723379463 -0.001793901496275735 -0.138268407636022
5.012 0.02783974646566665 0.284500293777212 0.02963221680315025 0.4227135450305622 -0.001792470337483594 -0.1382132512533503
5.014 0.02756942926893837 0.2838233112757785 0.02936047015949983 0.4219814501261657 -0.001791040890561462 -0.1381581388503872
5.016 0.02731167674380973 0.2831487501105151 0.02910128989659013 0.421251820485076 -0.001789613152780394 -0.1381030703745609
5.018 0.02706616653280331 0.2824766321929812 0.02885435365422019 0.4205246779663642 -0.001788187121416879 -0.138048045773383
5.02 0.02683259594424344 0.2818069695599249 0.02861935873799627 0.419800034554374 -0.001786762793752827 -0.137993064994449
5.022 0.02661068141048413 0.2811397654130728 0.02839602157755968 0.4190778933985106 -0.001785340167075558 -0.1379381279854377
5.024 0.02640015797044879 0.280475015080881 0.02818407720912658 0.4183582497749921 -0.001783919238677791 -0.1378832346941111
5.026 0.02620077877807783 0.2798127069095319 0.02798327878393546 0.4176410919778461 -0.001782500005857626 -0.1378283850683142
5.028 0.02601231463820316 0.2791528230909607 0.02779339710412169 0.4169264021469359 -0.001781082465918535 -0.1377735790559752
5.03 0.02583455357077983 0.2784953404342995 0.02761422018694918 0.4162141570394043 -0.001779666616169346 -0.1377188166051048
5.032 0.02566730040428377 0.277840231087204 0.02744555285820801 0.4155043287510004 -0.001778252453924237 -0.1376640976637963
5.034 0.02551037639886923 0.2771874632133127 0.02728721637537194 0.4147968853935382 -0.001776839976502714 -0.1376094221802256
5.036 0.02536361889953785 0.2765370016310688 0.02713904808076746 0.4140917917337193 -0.001775429181229604 -0.1375547901026506
5.038 0.02522688101958778 0.2758888084195328 0.02700090108502283 0.4133890097989442 -0.001774020065435042 -0.1375002013794114
5.04 0.0251000313543857 0.275242843496372 0.02687264398084016 0.4126884994553023 -0.001772612626454458 -0.1374456559589303
5.042 0.02498295372532238 0.2745990651724947 0.02675416058695094 0.4119902189622056 -0.001771206861628562 -0.1373911537897109
5.044 0.02487554695389636 0.2739574306886026 0.02664534972219969 0.4112941255089413 -0.001769802768303334 -0.1373366948203387
5.046 0.02477772466555407 0.2733178967376841 0.02654612500938408 0.4106001757371647 -0.001768400343830012 -0.1372822789994806
5.048 0.02468941512300938 0.2726804199782465 0.02645641470857446 0.4099083262541313 -0.001766999585565078 -0.1372279062758848
5.05 0.02461056108857648 0.2720449575424464 0.02637616157944673 0.4092185341408269 -0.001765600490870244 -0.1371735765983805
5.052 0.02454111971503183 0.2714114675435794 0.02630532277214428 0.4085307574594574 -0.001764203057112445 -0.137119289915878
5.054 0.02448106246438343 0.2707799095871987 0.02624386974604724 0.4078449557645671 -0.00176280728166382 -0.1370650461773684
5.056 0.02443037505386313 0.270150245290092 0.02619178821576483 0.4071610906220153 -0.001761413161901705 -0.1370108453319234
5.058 0.02438905742836012 0.2695224388116372 0.02614907812356874 0.4064791261403322 -0.001760020695208616 -0.1369566873286951
5.06 0.02435712375834421 0.2688964574018732 0.02611575363731645 0.4057990295187892 -0.001758629878972242 -0.136902572116916
5.062 0.02433460246226412 0.2682722719710216 0.02609184317284955 0.4051207716169204 -0.001757240710585426 -0.1368484996458988
5.064 0.0243215362521515 0.2676498576851248 0.02607738943959766 0.4044443275501612 -0.001755853187446162 -0.1367944698650363
5.066 0.0243179822010394 0.2670291945925525 0.02607244950799697 0.4037696773163535 -0.001754467306957573 -0.136740482723801
5.068 0.0243240118305397 0.2664102682867708 0.02607709489706761 0.4030968064585159 -0.001753083066527906 -0.1366865381717451
5.07 0.02433971121665856 0.2657930706104539 0.02609141168022907 0.4024257067689541 -0.001751700463570515 -0.1366326361585002
5.072 0.02436518111159029 0.2651776004068985 0.02611550060709414 0.4017563770406762 -0.001750319495503854 -0.1365787766337777
5.074 0.02440053707891826 0.2645638643242091 0.02614947723866972 0.4010888238715769 -0.00174894015975146 -0.1365249595473678
5.076 0.02444590963910878 0.2639518776789938 0.02619347209285073 0.4004230625281339 -0.001747562453741944 -0.1364711848491401
5.078 0.02450144442176828 0.2633416653858011 0.02624763079667726 0.3997591178748438 -0.001746186374908975 -0.1364174524890427
5.08 0.02456730232050207 0.2627332629593481 0.02631211424119334 0.399097025376451 -0.001744811920691278 -0.136363762417103
5.082 0.02464365964544061 0.262126717597129 0.02638709873397322 0.3984368321805555 -0.00174343908853261 -0.1363101145834265
5.084 0.02473070826783649 0.2615220893497867 0.02647277614371824 0.3977785982879841 -0.001742067875881754 -0.1362565089381975
5.086 0.02482865575010789 0.260919452387612 0.02656935403030039 0.3971223978192903 -0.001740698280192506 -0.1362029454316783
5.088 0.02493772545356911 0.2603188963718642 0.02667705575249277 0.3964683203860737 -0.001739330298923667 -0.1361494240142095
5.09 0.02505815661507846 0.2597205279394035 0.02679612054461749 0.3958164725756133 -0.001737963929539026 -0.1360959446362099
5.092 0.0251902043821053 0.2591244723104924 0.02692680355161265 0.395166979558668 -0.001736599169507348 -0.1360425072481756
5.094 0.02533413979441189 0.2585308750288192 0.02706937581071426 0.3945199868295001 -0.001735236016302367 -0.1359891118006809
5.096 0.02549024969846894 0.2579399038439184 0.02722412416587171 0.3938756620882957 -0.001733874467402772 -0.1359357582443773
5.098 0.02565883657880787 0.2573517507456191 0.02739135109910006 0.393234197275613 -0.001732514520292195 -0.135882446529994
5.1 0.02584021828800933 0.2567666341606414 0.02757137446046852 0.3925958107689784 -0.001731156172459197 -0.1358291766083369
5.102 0.02603472765446991 0.2561848013208813 0.02776452707586717 0.3919607497511709 -0.00172979942139726 -0.1357759484302896
5.104 0.02624271194411831 0.255606530812525 0.02797115620872309 0.3913292927593371 -0.001728444264604778 -0.1357227619468121
5.106 0.02646453214885673 0.2550321353145811 0.02819162284844176 0.3907017524235226 -0.001727090699585037 -0.1356696171089415
5.108 0.02670056207085998 0.2544619645340543 0.02842630079470619 0.3900784784018456 -0.00172573872384621 -0.1356165138677913
5.11 0.02695118716780704 0.2538964083434758 0.02867557550270838 0.3894598605180276 -0.001724388334901343 -0.1355634521745518
5.112 0.02721680311959297 0.2533359001243696 0.02893984264986132 0.3888463321048588 -0.001723039530268348 -0.1355104319804892
5.114 0.02749781407242491 0.2527809203170627 0.0292195063798949 0.3882383735540088 -0.001721692307469985 -0.1354574532369462
5.116 0.02779463051075071 0.2522320001739461 0.02951497717478456 0.3876365160692874 -0.001720346664033852 -0.1354045158953413
5.118 0.02810766670220254 0.2516897257080715 0.02982666929969492 0.3870413456152405 -0.001719002597492377 -0.135351619907169
5.12 0.02843733765466025 0.251154741823544 0.03015499776004306 0.3864535070475437 -0.001717660105382808 -0.1352987652239997
5.122 0.02878405551914859 0.2506277566060553 0.03050037470439578 0.3858737084035342 -0.001716319185247195 -0.1352459517974789
5.124 0.02914822536561518 0.2501095457438309 0.03086320520024756 0.385302725323159 -0.001714979834632382 -0.1351931795793281
5.126 0.02953024025368652 0.249600957037494 0.03124388230477651 0.3847414055588376 -0.001713642051089999 -0.1351404485213436
5.128 0.02993047551479541 0.2491029149448134 0.03164278134697186 0.3841906735202106 -0.001712305832176446 -0.1350877585753971
5.13 0.03034928215764369 0.2486164250908913 0.03206025333309657 0.3836515347843267 -0.001710971175452886 -0.1350351096934354
5.132 0.03078697930626362 0.2481425786557326 0.03249661738474885 0.3831250804832124 -0.001709638078485228 -0.1349825018274799
5.134 0.03124384557833789 0.2476825565306578 0.03295215211718201 0.3826124914602844 -0.001708306538844124 -0.1349299349296266
5.136 0.03172010931271441 0.247237633110752 0.03342708586681935 0.3821150420627986 -0.001706976554104951 -0.1348774089520466
5.138 0.03221593756039638 0.24680917956301 0.03392158568224418 0.3816341034099949 -0.001705648121847804 -0.1348249238469848
5.14 0.03273142376158353 0.2463986663801045 0.03443574500124101 0.3811711459468652 -0.001704321239657481 -0.1347724795667608
5.142 0.03326657404719938 0.2460076649957772 0.03496956995232285 0.3807277410595452 -0.001702995905123477 -0.134720076063768
5.144 0.03382129212425317 0.2456378482028685 0.03552296424009314 0.3803055614933425 -0.001701672115839971 -0.1346677132904741
5.146 0.03439536273532445 0.2452909890772798 0.03609571260473027 0.3799063802767 -0.001700349869405814 -0.1346153911994203
5.148 0.03498843372212288 0.2449689580740358 0.0366874628855474 0.3795320678172576 -0.001699029163424518 -0.1345631097432217
5.15 0.03559999677522841 0.2446737179252138 0.03729770677073266 0.3791845867997808 -0.001697709995504244 -0.1345108688745671
5.152 0.03622936701710347 0.2444073159370845 0.03792575938036127 0.3788659844833028 -0.0016963923632578 -0.1344586685462182
5.154 0.03687566164406683 0.2441718732584929 0.03857073790836945 0.3785783819695035 -0.001695076264302617 -0.1344065087110106
5.156 0.03753777794785655 0.2439695706772916 0.0392315396441173 0.3783239599991441 -0.001693761696260747 -0.1343543893218525
5.158 0.03821437114597286 0.2438026305021403 0.0399068198027317 0.3781049408338655 -0.001692448656758848 -0.1343023103317252
5.16 0.0389038325738464 0.2436732941077634 0.04059496971727458 0.3779235658014466 -0.00169113714342818 -0.1342502716936832
5.162 0.03960426892696012 0.2435837947691769 0.0412940960808647 0.3777820681300302 -0.001689827153904583 -0.1341982733608532
5.164 0.04031348338286456 0.2435363254906806 0.04200200206869303 0.3776826407771154 -0.001688518685828478 -0.1341463152864348
5.166 0.04102895957709102 0.2435330016542868 0.04271617131393587 0.3776273990779866 -0.001687211736844848 -0.1340943974236998
5.168 0.04174784954145685 0.2435758184755898 0.04343375584606008 0.3776183382015822 -0.001685906304603233 -0.1340425197259924
5.17 0.04246696683020831 0.24366660346628 0.04415156921696603 0.377657285613009 -0.001684602386757715 -0.133990682146729
5.172 0.04318278613979191 0.2438069643626877 0.04486608612075883 0.3777458490020855 -0.00168329998096691 -0.1339388846393978
5.174 0.04389145076139651 0.2439982332864361 0.04557344984629046 0.3778853604439951 -0.001681999084893956 -0.1338871271575589
5.176 0.04458878916843127 0.244241408248682 0.04626948886463778 0.3780768179035264 -0.001680699696206509 -0.1338354096548444
5.178 0.04527034191966028 0.2445370934796738 0.046949743732237 0.3783208255646315 -0.001679401812576718 -0.1337837320849576
5.18 0.04593139983749371 0.2448854404408671 0.04760950526917494 0.3786175348425406 -0.001678105431681232 -0.1337320944016735
5.182 0.04656705408611704 0.2452860917293571 0.04824386463731822 0.3789665882881954 -0.001676810551201175 -0.1336804965588383
5.184 0.04717225832485523 0.2457381303810701 0.04884777549367738 0.3793670688914395 -0.001675517168822147 -0.1336289385103693
5.186 0.04774190255491789 0.246240037283992 0.04941612783715209 0.3798174574942471 -0.001674225282234204 -0.1335774202102551
5.188 0.04827089762726922 0.2467896594839392 0.04994383251640108 0.380315601096494 -0.001672934889131855 -0.1335259416125548
5.19 0.04875426867490423 0.2473841920727668 0.05042591466211827 0.3808586947441654 -0.001671645987214049 -0.1334745026713987
5.192 0.0491872550131402 0.2480201760604412 0.05085761358732436 0.3814432794014285 -0.001670358574184163 -0.1334231033409873
5.194 0.04956541338001937 0.2486935141394914 0.05123448602776936 0.3820652577150833 -0.001669072647749995 -0.1333717435755919
5.196 0.04988472082542655 0.2493995055551282 0.0515525090310503 0.3827199288846822 -0.001667788205623751 -0.133320423329554
5.198 0.0501416731696699 0.2501329004261853 0.05180817841519194 0.3834020429834706 -0.001666505245522037 -0.1332691425572853
5.2 0.05033337479529967 0.2508879728692842 0.05199859856046551 0.3841058740825519 -0.001665223765165847 -0.1332179012132678
5.202 0.05045761565149607 0.2516586112305619 0.05212155941377662 0.3848253104826149 -0.001663943762280555 -0.133166699252053
5.204 0.05051293175702291 0.2524384227112085 0.05217559699161881 0.3855539593394713 -0.001662665234595903 -0.1331155366282628
5.206 0.05049864617328135 0.2532208487717716 0.05216003435312734 0.3862852620683598 -0.001661388179845991 -0.1330644132965882
5.208 0.05041488834452191 0.2539992870020944 0.05207500094029118 0.3870126162138846 -0.00166011259576927 -0.1330133292117902
5.21 0.05026259079874194 0.2547672147153617 0.05192142927885046 0.3877294990440606 -0.001658838480108527 -0.1329622843286989
5.212 0.05004346338283466 0.2555183094088574 0.05170102921344553 0.3884295880110713 -0.001657565830610879 -0.1329112786022138
5.214 0.04975994637142504 0.2562465614441076 0.05141624101645281 0.3891068734314113 -0.001656294645027759 -0.1328603119873037
5.216 0.04941514484370502 0.2569463748110401 0.05107016976481994 0.3897557592500461 -0.001655024921114914 -0.1328093844390061
5.218 0.04901274758367306 0.2576126526078129 0.05066650424030544 0.3903711485202405 -0.001653756656632386 -0.1327584959124276
5.22 0.04855693436685472 0.2582408648102035 0.05020942421619923 0.3909485111729469 -0.001652489849344507 -0.1327076463627435
5.222 0.048052275817311 0.2588270969425749 0.04970350031433088 0.3914839326877725 -0.001651224497019886 -0.1326568357451976
5.224 0.0475036300523978 0.2593680793011306 0.0491535906498292 0.391974143316233 -0.001649960597431404 -0.1326060640151024
5.226 0.04691604010325445 0.2598611973431649 0.04856473825161065 0.3924165284710036 -0.001648698148356203 -0.1325553311278387
5.228 0.04629463565304025 0.260304484678604 0.04794207280061592 0.3928091217174594 -0.001647437147575669 -0.1325046370388553
5.23 0.04564454203354863 0.2606966007373044 0.04729071962642406 0.3931505824409738 -0.001646177592875433 -0.1324539817036694
5.232 0.04497079872884404 0.2610367956187353 0.0466157182108894 0.3934401606966013 -0.001644919482045354 -0.1324033650778661
5.234 0.04427828891358981 0.2613248648602381 0.04592195172646932 0.3936776519773361 -0.001643662812879513 -0.132352787117098
5.236 0.04357168086104598 0.2615610969012213 0.04521408844422218 0.3938633446783072 -0.0016424075831762 -0.1323022477770859
5.238 0.04285538142979611 0.2617462159068907 0.04449653522053401 0.3939979629205085 -0.001641153790737907 -0.1322517470136178
5.24 0.04213350131106721 0.2618813223793075 0.04377340274443853 0.3940826071618569 -0.001639901433371319 -0.1322012847825494
5.242 0.04140983130224524 0.2619678336671017 0.04304848181113254 0.3941186947069054 -0.001638650508887301 -0.1321508610398036
5.244 0.04068782857203776 0.2620074261223769 0.04232522958713865 0.3941079018637473 -0.001637401015100892 -0.1321004757413704
5.246 0.03997061169112754 0.2620019802772979 0.04160676464095883 0.394052109120605 -0.001636152949831293 -0.1320501288433071
5.248 0.03926096310730848 0.261953530047876 0.04089586941821034 0.3939533503496137 -0.001634906310901858 -0.1319998203017377
5.25 0.0385613377301655 0.2618642166371042 0.04019499882630558 0.3938137667099574 -0.001633661096140087 -0.1319495500728531
5.252 0.03787387633807989 0.2617362475162169 0.0395062936414575 0.3936355656291279 -0.001632417303377611 -0.131899318112911
5.254 0.03720042261419933 0.2615718606166462 0.03883159754464952 0.3934209849948816 -0.001631174930450191 -0.1318491243782354
5.256 0.03654254274041612 0.2613732936684644 0.03817247671561382 0.3931722624936814 -0.001629933975197698 -0.1317989688252169
5.258 0.03590154661736612 0.2611427584711123 0.03753024105283023 0.3928916098814247 -0.001628694435464114 -0.1317488514103125
5.26 0.03527850992236937 0.2608824197752416 0.03690596623146689 0.3925811918652867 -0.001627456309097515 -0.131698772090045
5.262 0.03467429635790423 0.2605943783844945 0.0363005159518543 0.3922431092054982 -0.001626219593950065 -0.1316487308210037
5.264 0.03408957957536506 0.2602806580470758 0.03571456386324307 0.3918793856069193 -0.001624984287878006 -0.1315987275598435
5.266 0.03352486437812879 0.259943195692688 0.03514861476687044 0.3914919579559732 -0.001623750388741652 -0.1315487622632852
5.268 0.03298050691286906 0.2595838345750203 0.03460302480727444 0.3910826694631357 -0.001622517894405372 -0.1314988348881154
5.27 0.03245673364810873 0.2592043198986322 0.03407802045084633 0.3906532652898183 -0.001621286802737589 -0.131448945391186
5.272 0.03195365901356036 0.2588062965368564 0.03357371612517113 0.3902053902662709 -0.001620057111610763 -0.1313990937294145
5.274 0.03147130163512758 0.2583913084813884 0.03309013045402897 0.3897405883411721 -0.001618828818901392 -0.1313492798597838
5.276 0.03100959914811764 0.2579607997006882 0.03262720107060763 0.3892603034400298 -0.001617601922489993 -0.1312995037393416
5.278 0.03056842160911943 0.2575161161223889 0.03218479802938053 0.38876588144759 -0.001616376420261097 -0.1312497653252011
5.28 0.03014758355400055 0.2570585084914365 0.03176273586410379 0.3882585730659766 -0.001615152310103239 -0.13120006457454
5.282 0.02974685476939613 0.2565891358908433 0.03136078435930508 0.3877395373354446 -0.001613929589908952 -0.1311504014446013
5.284 0.029365969858289 0.2561090697446685 0.03097867811586375 0.3872098456373607 -0.001612708257574753 -0.1311007758926922
5.286 0.02900463668765071 0.2556192981518295 0.03061612499865185 0.3866704860280144 -0.001611488311001138 -0.1310511878761849
5.288 0.02866254381015692 0.2551207304261637 0.03027281355824949 0.3861223677786793 -0.00161026974809257 -0.1310016373525155
5.29 0.02833936695250979 0.2546142017414165 0.02994841951926727 0.3855663260206015 -0.001609052566757472 -0.130952124279185
5.292 0.02803477466062555 0.2541004777995757 0.02964261142553376 0.3850031264133341 -0.001607836764908218 -0.1309026486137583
5.294 0.02774843318903126 0.2535802594591231 0.02935505552949238 0.3844334697729875 -0.001606622340461124 -0.1308532103138644
5.296 0.02748001071655604 0.2530541872738986 0.02908542000789248 0.3838579966110948 -0.001605409291336434 -0.1308038093371962
5.298 0.02722918096531393 0.2525228459061984 0.02883337858077225 0.3832772915477091 -0.001604197615458322 -0.1307544456415106
5.3 0.02699562629408075 0.2519867683879746 0.02859861360483563 0.3826918875726028 -0.001602987310754873 -0.1307051191846281
5.302 0.02677904033120602 0.2514464402127883 0.0283808187063641 0.3821022701372211 -0.001601778375158079 -0.1306558299244328
5.304 0.02657913020626021 0.2509023032480149 0.02817970101286403 0.3815088810668872 -0.001600570806603828 -0.1306065778188723
5.306 0.02639561843390413 0.2503547594626843 0.02799498303693603 0.3809121222886419 -0.001599364603031897 -0.1305573628259576
5.308 0.02622824449803235 0.2498041744709315 0.02782640426041829 0.3803123593746943 -0.001598159762385943 -0.1305081849037628
5.31 0.02607676617903365 0.2492508808946137 0.02767372246164714 0.379709924905039 -0.001596956282613493 -0.1304590440104253
5.312 0.02594096066229595 0.2486951815516713 0.02753671482396189 0.3791051216558166 -0.001595754161665935 -0.1304099401041453
5.314 0.02582062546159038 0.2481373524788671 0.0274151788590889 0.3784982256220532 -0.001594553397498512 -0.1303608731431861
5.316 0.02571557918694462 0.2475776457992084 0.02730893317501493 0.3778894888850819 -0.001593353988070312 -0.1303118430858735
5.318 0.0256256621829655 0.2470162924458256 0.02721781811430975 0.3772791423364218 -0.001592155931344257 -0.1302628498905962
5.32 0.02555073706013773 0.2464535047547977 0.02714169628542482 0.3766673982706031 -0.001590959225287095 -0.1302138935158053
5.322 0.02549068913865954 0.2458894789403317 0.02708045300652894 0.3760544528603461 -0.001589763867869398 -0.1301649739200144
5.324 0.02544542682151004 0.2453243974657057 0.02703399667857558 0.3754404885275049 -0.001588569857065542 -0.1301160910617992
5.326 0.02541488191106247 0.2447584313244112 0.02700225910191618 0.3748256762242089 -0.001587377190853709 -0.1300672448997977
5.328 0.02539900988114355 0.2441917422453715 0.02698519574835942 0.3742101776380815 -0.001586185867215869 -0.13001843539271
5.33 0.02539779011446961 0.243624484836817 0.0269827859986074 0.3735941473361152 -0.001584995884137783 -0.1299696624992982
5.332 0.02541122611334424 0.2430568086833933 0.02699503335295322 0.3729777348617792 -0.00158380723960898 -0.1299209261783859
5.334 0.02543934568980911 0.2424888604108578 0.02702196562143188 0.3723610867997166 -0.001582619931622764 -0.1298722263888588
5.336 0.02548220113968474 0.2419207857330862 0.02706363509786093 0.3717443488227501 -0.001581433958176191 -0.1298235630896639
5.338 0.02553986940328893 0.2413527314963673 0.02712011872055901 0.3711276677361772 -0.001580249317270073 -0.12977493623981
5.34 0.02561245221414766 0.2407848477353897 0.02719151822105662 0.3705111935337566 -0.00157906600690896 -0.1297263457983669
5.342 0.02570007623529768 0.2402172897563972 0.02727796026039882 0.3698950814808631 -0.001577884025101138 -0.1296777917244659
5.344 0.02580289318132686 0.2396502202623043 0.02737959655118547 0.3692794942396035 -0.001576703369858618 -0.1296292739772993
5.346 0.02592107992255672 0.2390838115353152 0.02749660396175384 0.3686646040514358 -0.001575524039197126 -0.1295807925161205
5.348 0.02605483856617779 0.2385182476925213 0.02762918459731389 0.3680505949927652 -0.001574346031136098 -0.1295323473002439
5.35 0.02620439650717823 0.2379537270303989 0.0277775658508769 0.3674376653194433 -0.001573169343698671 -0.1294839382890444
5.352 0.0263700064400669 0.2373904644741769 0.02794200041497858 0.3668260299161349 -0.001571993974911672 -0.1294355654419579
5.354 0.02655194632026914 0.2368286941482627 0.02812276624307475 0.3662159228667434 -0.001570819922805612 -0.1293872287184807
5.356 0.02675051926156876 0.2362686720843189 0.02832016644698344 0.3656076001624885 -0.00156964718541468 -0.1293389280781696
5.358 0.02696605335358996 0.2357106790834515 0.02853452911436668 0.3650013425640931 -0.001568475760776727 -0.1292906634806416
5.36 0.02719890138023545 0.2351550237491716 0.02876620702716872 0.3643974586347458 -0.001567305646933268 -0.1292424348855742
5.362 0.02744944041690683 0.2346020457076279 0.02901557725883629 0.3637962879603326 -0.001566136841929468 -0.1291942422527047
5.364 0.02771807128082566 0.2340521190310874 0.02928304062463979 0.3631982045729182 -0.001564969343814131 -0.1291460855418308
5.366 0.02800521780461785 0.2335056558804335 0.02956902095525755 0.3626036205932432 -0.001563803150639699 -0.1290979647128097
5.368 0.0283113258991611 0.2329631103811337 0.02987396415962335 0.3620129901066922 -0.00156263826046224 -0.1290498797255585
5.37 0.02863686236650513 0.2324249827461997 0.03019833703784656 0.3614268132862539 -0.001561474671341438 -0.1290018305400542
5.372 0.02898231341880276 0.2318918236570984 0.03054262580014335 0.3608456407734315 -0.001560312381340589 -0.128953817116333
5.374 0.02934818285262824 0.2313642389118118 0.03090733424115483 0.3602700783263026 -0.001559151388526593 -0.1289058394144909
5.376 0.02973498982229909 0.2308428943449631 0.03129298151326903 0.359700791739646 -0.001557991690969938 -0.1288578973946829
5.378 0.03014326614852791 0.2303285210209967 0.03170009943527261 0.3591385120381201 -0.001556833286744705 -0.1288099910171234
5.38 0.03057355309114864 0.2298219206956723 0.03212922926507719 0.3585840409377584 -0.001555676173928549 -0.128762120242086
5.382 0.03102639750740014 0.2293239715335697 0.03258091785800284 0.3580382565634729 -0.001554520350602696 -0.1287142850299032
5.384 0.03150234730857072 0.2288356340607338 0.03305571312342266 0.3575021194017001 -0.001553365814851933 -0.1286664853409663
5.386 0.03200194611956204 0.2283579573206843 0.03355415868432664 0.35697667845641 -0.001552212564764606 -0.1286187211357256
5.388 0.03252572703824209 0.2278920851881748 0.0340767876366747 0.3564630775628648 -0.001551060598432601 -0.1285709923746901
5.39 0.03307420538270594 0.2274392627797103 0.03462411529665729 0.3559625617981373 -0.001549909913951346 -0.128523299018427
5.392 0.03364787030849459 0.2270008428800093 0.03519663081791438 0.3554764839075716 -0.001548760509419797 -0.1284756410275623
5.394 0.0342471751713541 0.2265782922814517 0.03579478755429454 0.355006310644232 -0.001547612382940437 -0.1284280183627803
5.396 0.03487252650794107 0.2261731979068174 0.03641899204056032 0.3545536288916409 -0.001546465532619261 -0.1283804309848236
5.398 0.03552427150560408 0.2257872725553429 0.03706959146216985 0.3541201514098355 -0.00154531995656577 -0.1283328788544927
5.4 0.03620268383580146 0.2254223600770016 0.03774685948869443 0.3537077220096479 -0.001544175652892965 -0.1282853619326463
5.402 0.03690794773397329 0.2250804397407575 0.03845098035369063 0.3533183199209586 -0.00154303261971734 -0.1282378801802011
5.404 0.03764014022313505 0.2247636295190987 0.03918203107829393 0.3529540630772303 -0.001541890855158873 -0.1281904335581316
5.406 0.03839921140227458 0.2244741879636351 0.0399399617596156 0.3526172099911047 -0.001540750357341016 -0.1281430220274697
5.408 0.03918496275358169 0.224214514296191 0.04072457387797238 0.3523101598454963 -0.001539611124390688 -0.1280956455493052
5.41 0.03999702346874304 0.2239871462874959 0.04153549662318131 0.3520354503722815 -0.001538473154438273 -0.1280483040847855
5.412 0.04083482485508248 0.2237947554434767 0.04237216130070009 0.3517957530385918 -0.001537336445617606 -0.1280009975951151
5.414 0.0416975729589257 0.2236401389698822 0.04323377395499167 0.3515938650114381 -0.001536200996065966 -0.127953726041556
5.416 0.04258421964028867 0.223526207942906 0.04411928644421274 0.3514326973283331 -0.001535066803924069 -0.1279064893854271
5.418 0.04349343244806276 0.2234559710814426 0.04502736631539882 0.3513152586695473 -0.001533933867336066 -0.1278592875881047
5.42 0.04442356378383608 0.2234325135009148 0.0459563659682856 0.3512446341119367 -0.001532802184449526 -0.127812120611022
5.422 0.04537261999862974 0.223458969836479 0.04690429175204517 0.3512239582521477 -0.001531671753415432 -0.1277649884156688
5.424 0.04633823124578368 0.2235384911618728 0.04786877381817186 0.3512563821254648 -0.001530542572388178 -0.127717890963592
5.426 0.0473176231039306 0.2236742052084143 0.04884703774345616 0.3513450334248093 -0.001529414639525557 -0.1276708282163949
5.428 0.04830759118388164 0.2238691695145652 0.0498358791368704 0.3514929696503029 -0.001528287952988752 -0.1276238001357376
5.43 0.04930448013258042 0.2241263173194753 0.05083164264352275 0.3517031240028118 -0.001527162510942333 -0.1275768066833365
5.432 0.05030416862896306 0.2244483962595514 0.05183020694051731 0.3519782440805155 -0.001526038311554246 -0.1275298478209641
5.434 0.05130206211691908 0.2248379002410415 0.05282697746991489 0.3523208237514912 -0.001524915352995809 -0.1274829235104497
5.436 0.05229309511884836 0.225296995243519 0.05381688875229006 0.3527330289571972 -0.0015237936334417 -0.1274360337136781
5.438 0.0532717449914799 0.2258274402527874 0.05479441814254985 0.3532166186453782 -0.001522673151069953 -0.1273891783925908
5.44 0.05423205890649786 0.2264305050161701 0.0557536128105598 0.3537728625253547 -0.001521553904061948 -0.1273423575091846
5.442 0.05516769563020353 0.2271068868342721 0.05668813152080594 0.3544024578597846 -0.001520435890602409 -0.1272955710255125
5.444 0.05607198332492617 0.2278566291223927 0.05759130243380556 0.3551054480260758 -0.001519319108879391 -0.1272488189036831
5.446 0.05693799408348652 0.2286790449491871 0.05845619764057079 0.3558811460550478 -0.001518203557084273 -0.1272021011058608
5.448 0.05775863523749088 0.2295726491437252 0.05927572447090264 0.3567280667379903 -0.001517089233411753 -0.1271554175942651
5.45 0.05852675666296626 0.2305351028003743 0.06004273279902611 0.3576438711315457 -0.001515976136059843 -0.1271087683311714
5.452 0.05923527237370636 0.2315631740508089 0.06075013663693622 0.358625327329719 -0.001514864263229853 -0.1270621532789102
5.454 0.05987729369659189 0.2326527187695461 0.06139104730971828 0.3596682911694131 -0.001513753613126395 -0.127015572399867
5.456 0.06044627033021309 0.2337986843977698 0.06195891451417045 0.3607677100542527 -0.001512644183957366 -0.1269690256564829
5.458 0.06093613468468753 0.2349951393016883 0.06244767065862148 0.361917652312942 -0.001511535973933948 -0.1269225130112537
5.46 0.06134144417492201 0.236235329039711 0.0628518731561926 0.363111363466441 -0.001510428981270595 -0.12687603442673
5.462 0.061657515681426 0.2375117596438942 0.06316683888561103 0.3643413495094116 -0.00150932320418503 -0.1268295898655174
5.464 0.06188054627648781 0.2388163066054323 0.06338876491738604 0.3655994858957086 -0.001508218640898236 -0.1267831792902763
5.466 0.06200771458774897 0.2401403467905706 0.06351482987738342 0.3668771494542921 -0.001507115289634449 -0.1267368026637215
5.468 0.0620372578509886 0.2414749091286403 0.06354327099960976 0.3681653690772628 -0.001506013148621153 -0.1266904599486225
5.47 0.0619685207611295 0.2428108387233295 0.06347343297721857 0.3694549898311325 -0.001504912216089067 -0.126644151107803
5.472 0.06180197359943714 0.2441389681643655 0.06330578608970928 0.3707368442685066 -0.001503812490272144 -0.1265978761041411
5.474 0.06153919868945248 0.2454502893359877 0.06304191265886004 0.3720019242365571 -0.001502713969407565 -0.1265516349005694
5.476 0.06118284588872715 0.2467361189855626 0.06268446254046287 0.3732415464456366 -0.001501616651735721 -0.126505427460074
5.478 0.06073655941825994 0.2479882517325502 0.06223707995376016 0.3744475054782458 -0.001500520535500222 -0.1264592537456956
5.48 0.06020487973741127 0.2491990950199274 0.06170430535635914 0.3756122087404559 -0.001499425618947875 -0.1264131137205285
5.482 0.05959312528048074 0.2503617816590394 0.06109145718080942 0.3767287890067605 -0.001498331900328688 -0.126367007347721
5.484 0.0589072596083016 0.251470256985696 0.06040449898619746 0.377791191576171 -0.001497239377895856 -0.126320934590475
5.486 0.05815374986236305 0.2525193391017111 0.05964989791226881 0.3787942345137571 -0.001496148049905758 -0.126274895412046
5.488 0.05733942234671381 0.2535047521087654 0.05883448026133176 0.3797336418845085 -0.001495057914617948 -0.1262288897757431
5.49 0.05647132065128491 0.2544231335350228 0.05796528962158005 0.3806060511799515 -0.00149396897029515 -0.1261829176449288
5.492 0.05555657103800812 0.2552720182348487 0.05704945225321137 0.3814089972178676 -0.001492881215203246 -0.1261369789830189
5.494 0.05460225892820126 0.2560498018519038 0.05609405357581254 0.3821408756053864 -0.00149179464761128 -0.1260910737534826
5.496 0.05361531934427818 0.2567556874592803 0.05510602861006962 0.3828008893791224 -0.001490709265791435 -0.126045201919842
5.498 0.05260244315803507 0.257389619232867 0.05409206822605411 0.3833889826785394 -0.001489625068019044 -0.1259993634456724
5.5 0.05157000005268605 0.2579522070063211 0.05305854210525861 0.3839057653009231 -0.001488542052572569 -0.125953558294602
5.502 0.05052397826845911 0.2584446453440157 0.05201143848619271 0.3843524317743275 -0.0014874602177336 -0.1259077864303118
5.504 0.0494699405086907 0.2588686304026405 0.05095632007047755 0.3847306782191761 -0.001486379561786849 -0.1258620478165356
5.506 0.04841299484841277 0.2592262773876194 0.04989829493143291 0.3850426198046793 -0.001485300083020141 -0.1258163424170599
5.508 0.04735777911246604 0.2595200408956715 0.04884200089219045 0.3852907110913952 -0.001484221779724408 -0.1257706701957237
5.51 0.04630845696353074 0.2597526399110487 0.04779160161372442 0.3854776710274671 -0.001483144650193684 -0.1257250311164184
5.512 0.04526872384191306 0.2599269887239147 0.04675079253463816 0.3856064138670027 -0.001482068692725095 -0.125679425143088
5.514 0.04424182090636002 0.2600461345865969 0.04572281481197887 0.3856799868263254 -0.001480993905618852 -0.1256338522397285
5.516 0.0432305552120423 0.2601132025323617 0.04471047549922055 0.38570151490275 -0.001479920287178252 -0.1255883123703883
5.518 0.04223732450574287 0.2601313474573834 0.04371617234145253 0.3856741529565511 -0.001478847835709659 -0.1255428054991676
5.52 0.04126414519797586 0.2601037133108576 0.04274192174749837 0.3856010449010767 -0.001477776549522508 -0.1254973315902191
5.522 0.0403126822680067 0.2600333990467107 0.04178938869493599 0.3854852896544576 -0.00147670642692929 -0.1254518906077468
5.524 0.03938428005888686 0.2599234308564026 0.04085991752513242 0.3853299133724095 -0.001475637466245556 -0.1254064825160069
5.526 0.03847999311203742 0.2597767401178013 0.03995456277782732 0.3851378473971085 -0.001474569665789897 -0.1253611072793072
5.528 0.03760061637200457 0.2595961464511625 0.03907411939588852 0.3849119113131697 -0.001473503023883949 -0.1253157648620072
5.53 0.03674671425147857 0.2593843452615745 0.03821915179033095 0.3846548004900922 -0.001472437538852378 -0.1252704552285177
5.532 0.0359186481880517 0.2591438991597614 0.03739002139707458 0.3843690775030625 -0.00147137320902288 -0.1252251783433011
5.534 0.0351166024436113 0.2588772326832977 0.03658691247633748 0.3840571668541689 -0.00147031003272617 -0.1251799341708711
5.536 0.03434060799495449 0.2585866297817936 0.03580985600325046 0.3837213524575864 -0.001469248008295978 -0.1251347226757928
5.538 0.03359056444520347 0.2582742335784458 0.03505875157927251 0.3833637774011279 -0.001468187134069039 -0.1250895438226821
5.54 0.03286625994782473 0.2579420479720865 0.03433338735620983 0.3829864455482929 -0.001467127408385092 -0.1250443975762064
5.542 0.03216738918249486 0.2575919406961582 0.03363345801208174 0.3825912245972417 -0.00146606882958687 -0.1249992839010836
5.544 0.0314935694582384 0.2572256475020531 0.0329585808542585 0.3821798502641359 -0.00146501139602009 -0.1249542027620828
5.546 0.0308443550427487 0.2568447771817987 0.03230831014878215 0.3817539313058225 -0.001463955106033456 -0.1249091541240238
5.548 0.03021924983362057 0.2564508171894453 0.03168214979159922 0.3813149551412225 -0.001462899957978644 -0.1248641379517771
5.55 0.02961771849587553 0.2560451396601848 0.03107956444608583 0.3808642938704487 -0.001461845950210298 -0.1248191542102639
5.552 0.02903919619417233 0.2556290076618134 0.03049998927525836 0.380403210526269 -0.001460793081086026 -0.1247742028644556
5.554 0.02848309704761913 0.255203581544226 0.02994283839658552 0.3799328654236003 -0.001459741348966391 -0.1247292838793744
5.556 0.02794882143167483 0.2547699252794967 0.02940751218388974 0.3794543224995892 -0.001458690752214906 -0.1246843972200925
5.558 0.02743576224651967 0.2543290127084205 0.0288934035357177 0.3789685555601532 -0.001457641289198026 -0.1246395428517327
5.56 0.02694331026397815 0.2538817336287266 0.0283999032222633 0.3784764543681942 -0.001456592958285143 -0.1245947207394676
5.562 0.02647085865774282 0.2534288996768704 0.0279264044155914 0.3779788305253904 -0.001455545757848579 -0.12454993084852
5.564 0.0260178068131596 0.2529712499687481 0.02747230649942319 0.3774764231129108 -0.001454499686263582 -0.1245051731441627
5.566 0.02558356350457936 0.252509456475896 0.02703701824648767 0.3769699040676143 -0.001453454741908317 -0.1244604475917183
5.568 0.02516754952039867 0.2520441291230839 0.02661996044356253 0.3764598832796432 -0.001452410923163858 -0.1244157541565594
5.57 0.02476919980765004 0.2515758206001875 0.02622056803606422 0.3759469134042954 -0.001451368228414186 -0.1243710928041079
5.572 0.02438796520099753 0.251105030887438 0.02583829185704371 0.3754314943872738 -0.001450326656046182 -0.1243264634998358
5.574 0.02402331379344672 0.2506322114971296 0.02547259999789633 0.3749140777063938 -0.001449286204449619 -0.1242818662092643
5.576 0.02367473200034225 0.2501577694389912 0.0251229788723594 0.3743950703369551 -0.001448246872017155 -0.124237300897964
5.578 0.02334172536163718 0.2496820709183564 0.02478893401878151 0.3738748384499114 -0.00144720865714433 -0.124192767531555
5.58 0.02302381912246896 0.2492054447785702 0.02446999068069852 0.3733537108542769 -0.001446171558229558 -0.1241482660757067
5.582 0.02272055862717863 0.248728185700305 0.02416569420085275 0.3728319821964425 -0.00144513557367412 -0.1241037964961375
5.584 0.02243150955726728 0.2482505571709783 0.02387561025914944 0.3723099159295933 -0.001444100701882158 -0.1240593587586149
5.586 0.02215625804017963 0.2477727942382629 0.02359932498144031 0.3717877470672185 -0.001443066941260672 -0.1240149528289556
5.588 0.02189441065228237 0.2472951060617842 0.02333644494250188 0.3712656847348092 -0.001442034290219511 -0.123970578673025
5.59 0.02164559433601547 0.2468176782766698 0.02308659708318683 0.3707439145334072 -0.001441002747171365 -0.1239262362567374
5.592 0.02140945624898464 0.2463406751830517 0.0228494285595164 0.3702226007291075 -0.001439972310531764 -0.1238819255460557
5.594 0.02118566355981289 0.2458642417745493 0.02262460653853196 0.3697018882815409 -0.001438942978719066 -0.1238376465069917
5.596 0.02097390320387755 0.2453885056189022 0.02241181795403201 0.3691819047245076 -0.001437914750154459 -0.1237933991056054
5.598 0.02077388160992391 0.2449135786030729 0.02221076923318586 0.3686627619110786 -0.001436887623261946 -0.1237491833080057
5.6 0.02058532440711241 0.2444395585548376 0.02202118600358075 0.3681445576351872 -0.001435861596468344 -0.1237049990803496
5.602 0.02040797612049348 0.2439665307522579 0.02184281278869675 0.3676273771411003 -0.001434836668203276 -0.1236608463888424
5.604 0.02024159986169021 0.2434945693317762 0.02167541269858938 0.3671112945315138 -0.001433812836899169 -0.1236167251997376
5.606 0.02008597702057246 0.2430237386054792 0.0215187671215637 0.3665963740848163 -0.001432790100991244 -0.1235726354793371
5.608 0.01994090696261288 0.242554094297218 0.02137267542153039 0.3660826714912085 -0.001431768458917507 -0.1235285771939905
5.61 0.01980620673590287 0.2420856847071627 0.02123695464502162 0.3655702350172581 -0.001430747909118753 -0.1234845503100954
5.612 0.01968171079099985 0.2416185518136525 0.0211114392410384 0.3650591066077502 -0.00142972845003855 -0.1234405547940976
5.614 0.01956727071611307 0.2411527323209149 0.02099598079623631 0.3645493229334051 -0.001428710080123239 -0.1233965906124902
5.616 0.01946275498965798 0.2406882586610252 0.02089044778747991 0.3640409163928396 -0.001427692797821926 -0.1233526577318144
5.618 0.01936804875154415 0.2402251599578905 0.02079472535313063 0.3635339160765493 -0.001426676601586476 -0.1233087561186588
5.62 0.01928305359423023 0.2397634629611696 0.02070871508410174 0.3630283487008291 -0.001425661489871507 -0.1232648857396595
5.622 0.01920768737401236 0.2393031929573095 0.02063233483514675 0.3625242395188097 -0.001424647461134386 -0.1232210465615003
5.624 0.01914188404267454 0.2388443746653137 0.02056551855650976 0.3620216132162257 -0.00142363451383522 -0.123177238550912
5.626 0.01908559349920151 0.2383870331242007 0.02050821614563837 0.3615204947988736 -0.001422622646436854 -0.1231334616746729
5.628 0.01903878146084176 0.2379311945792865 0.02046039331824662 0.361020910478895 -0.001421611857404861 -0.1230897158996085
5.63 0.01900142935241284 0.237476887374547 0.02042203149762038 0.3605228885671384 -0.001420602145207538 -0.1230460011925914
5.632 0.01897353421231498 0.2370241428578167 0.02039312772063089 0.3600264603783578 -0.001419593508315905 -0.1230023175205411
5.634 0.0189551086132709 0.2365729963061154 0.02037369455847458 0.3595316611565396 -0.001418585945203687 -0.1229586648504242
5.636 0.0189461805953089 0.2361234878783332 0.02036376004965622 0.3590385310275872 -0.001417579454347323 -0.122915043149254
5.638 0.01894679360798595 0.2356756636022685 0.0203633676422119 0.3585471159863592 -0.001416574034225948 -0.1228714523840907
5.64 0.0189570064582558 0.2352295764038318 0.0203725761415772 0.358057468925873 -0.001415569683321397 -0.1228278925220412
5.642 0.01897689325969601 0.234785287185588 0.0203914596598142 0.3575696507158468 -0.00141456640011819 -0.1227843635302588
5.644 0.01900654337809465 0.234342865962699 0.02042010756119818 0.3570837313386427 -0.001413564183103533 -0.1227408653759437
5.646 0.01904606136753082 0.233902393063943 0.02045862439829813 0.3565997910902852 -0.001412563030767312 -0.1226973980263422
5.648 0.0190955668900937 0.2334639604061383 0.02050712983169579 0.3561179218548855 -0.001411562941602083 -0.1226539614487472
5.65 0.01915519461135334 0.2330276728501441 0.02056575852545641 0.3556382284606417 -0.00141056391410307 -0.1226105556104976
5.652 0.01922509406241762 0.2325936496467796 0.02063466000918578 0.3551608301257584 -0.001409565946768157 -0.1225671804789788
5.654 0.01930542945800763 0.2321620259813572 0.02071399849610552 0.3546858620029794 -0.001408569038097885 -0.1225238360216222
5.656 0.0193963794584224 0.2317329546251713 0.02080395264501785 0.3542134768310764 -0.001407573186595445 -0.1224805222059051
5.658 0.01949813686143765 0.2313066077025975 0.02090471525220432 0.3537438467019486 -0.00140657839076667 -0.1224372389993511
5.66 0.01961090820817739 0.2308831785819474 0.02101649285729743 0.3532771649514767 -0.001405584649120035 -0.1223939863695292
5.662 0.01973491328481321 0.2304628838979388 0.02113950524497986 0.3528136481819934 -0.001404591960166646 -0.1223507642840546
5.664 0.01987038449927471 0.2300459657131967 0.02127398482169495 0.3523535384237848 -0.001403600322420238 -0.1223075727105881
5.666 0.02001756610953901 0.229632693825047 0.02142017584393617 0.3518971054418829 -0.001402609734397165 -0.1222644116168359
5.668 0.02017671327676933 0.2292233682230536 0.02157833347138573 0.3514446491936037 -0.001401620194616401 -0.1222212809705501
5.67 0.02034809091346612 0.2288183217005065 0.02174872261506565 0.3509965024400346 -0.001400631701599528 -0.1221781807395281
5.672 0.02053197229275994 0.2284179226216537 0.02193161654663068 0.3505530335132663 -0.001399644253870737 -0.1221351108916126
5.674 0.02072863738137226 0.2280225778429752 0.02212729523132907 0.3501146492376669 -0.001398657849956814 -0.1220920713946917
5.676 0.02093837085430883 0.2276327357836581 0.02233604334269598 0.349681798000357 -0.001397672488387144 -0.1220490622166989
5.678 0.02116145974490861 0.2272488896360252 0.02255814791260231 0.3492549729616378 -0.001396688167693698 -0.1220060833256126
5.68 0.02139819067955248 0.2268715807007732 0.02279389556596352 0.3488347153902294 -0.001395704886411031 -0.1219631346894563
5.682 0.02164884664150783 0.2265014018255573 0.02304356928458411 0.3484216181018558 -0.001394722643076276 -0.1219202162762985
5.684 0.0219137032038681 0.2261390009172274 0.02330744464009724 0.3480163289714803 -0.001393741436229141 -0.1218773280542529
5.686 0.02219302416782257 0.2257850844879021 0.02358578543223446 0.3476195544793797 -0.001392761264411896 -0.1218344699914776
5.688 0.02248705653828023 0.2254404211840557 0.02387883866444961 0.3472320632402313 -0.001391782126169377 -0.1217916420561757
5.69 0.02279602476689098 0.225105845233585 0.02418682878693996 0.3468546894501798 -0.001390804020048975 -0.1217488442165949
5.692 0.0231201241907397 0.2247822597304025 0.02450995113534033 0.3464883361714301 -0.001389826944600631 -0.1217060764410276
5.694 0.02345951359586757 0.224470639657673 0.02484836449424441 0.3461339783554836 -0.001388850898376834 -0.1216633386978106
5.696 0.02381430683767448 0.2241720345303485 0.02520218271760709 0.3457926654856737 -0.001387875879932609 -0.1216206309553253
5.698 0.02418456345675927 0.2238875705145129 0.02557146534458479 0.34546552369651 -0.00138690188782552 -0.1215779531819971
5.7 0.02457027823938759 0.2236184518556831 0.02595620716000325 0.3451537572019793 -0.001385928920615658 -0.1215353053462962
5.702 0.0249713696871885 0.2233659614211153 0.02635632666405414 0.3448586488378519 -0.001384956976865639 -0.1214926874167366
5.704 0.02538766738309689 0.2231314601323099 0.02677165343823749 0.3445815594941865 -0.0013839860551406 -0.1214500993618766
5.706 0.02581889826966308 0.2229163850349453 0.02720191442367127 0.3443239261852638 -0.001383016154008185 -0.1214075411503185
5.708 0.0262646718944016 0.2227222457249912 0.02764671916644015 0.3440872584757 -0.001382047272038555 -0.1213650127507088
5.71 0.02672446472492295 0.2225506188238937 0.02810554413272731 0.3438731329556312 -0.001381079407804367 -0.1213225141317374
5.712 0.02719760369542109 0.222403140174727 0.02857771625530187 0.3436831854368657 -0.00138011255988078 -0.1212800452621386
5.714 0.02768324921705952 0.222281494417539 0.02906239594390496 0.3435191005282291 -0.001379146726845442 -0.1212376061106901
5.716 0.02818037796656888 0.2221874015998129 0.02955855987384737 0.3433825982460261 -0.001378181907278492 -0.1211951966462133
5.718 0.02868776586177465 0.2221226004904041 0.0300649839615372 0.3432754173279773 -0.00137721809976255 -0.1211528168375732
5.72 0.02920397173461295 0.2220888282976405 0.03058022703749566 0.343199294951319 -0.00137625530288271 -0.1211104666536785
5.722 0.02972732232280246 0.2220877965487804 0.031102615838029 0.3431559426122614 -0.001375293515226541 -0.121068146063481
5.724 0.03025589931207757 0.222121162973848 0.03163023204746165 0.3431470180098242 -0.001374332735384077 -0.1210258550359763
5.726 0.03078752926754091 0.222190499356044 0.03216090222948872 0.3431740928962469 -0.001373372961947814 -0.1209835935402029
5.728 0.03131977738703859 0.2222972554670441 0.03269219158055129 0.3432386170122868 -0.001372414193512705 -0.1209413615452427
5.73 0.03184994607838198 0.222442719399389 0.03322140250705813 0.3433418784196097 -0.00137145642867615 -0.1208991590202206
5.732 0.03237507939596102 0.2226279748387406 0.03374557906199902 0.3434849607730455 -0.001370499666038001 -0.1208569859343049
5.734 0.03289197435679638 0.2228538560812847 0.03426151826099692 0.3436686983379912 -0.001369543904200545 -0.1208148422567065
5.736 0.03339720007525491 0.2231209018852947 0.03476578921702342 0.3438936298419741 -0.001368589141768508 -0.1207727279566794
5.738 0.03388712550137173 0.2234293095377673 0.03525476087872078 0.3441599525412877 -0.001367635377349047 -0.1207306430035205
5.74 0.03435795630607447 0.2237788907954542 0.03572463891562621 0.3444674781620234 -0.001366682609551742 -0.1206885873665692
5.742 0.03480578112693376 0.2241690316008478 0.03617151196392236 0.3448155926160558 -0.001365730836988596 -0.1206465610152079
5.744 0.03522662697139204 0.2245986576484433 0.03659140702966607 0.3452032215673048 -0.001364780058274025 -0.1206045639188615
5.746 0.0356165230846219 0.2250662079559636 0.03698035335664675 0.3456288040029609 -0.001363830272024856 -0.1205625960469973
5.748 0.03597157204837254 0.2255696185502419 0.03733445352523287 0.3460902759193673 -0.001362881476860324 -0.1205206573691253
5.75 0.0362880263190346 0.2261063181862607 0.03764995999043666 0.3465850660410584 -0.001361933671402061 -0.1204787478547977
5.752 0.03656236788147432 0.2266732376680876 0.03792335473574842 0.3471101051416969 -0.001360986854274096 -0.1204368674736092
5.754 0.03679138823740175 0.2272668338321143 0.0381514292615046 0.3476618500273109 -0.001360041024102847 -0.1203950161951966
5.756 0.03697226561548057 0.2278831286052516 0.03833136179499769 0.3482363225944906 -0.001359096179517118 -0.120353193989239
5.758 0.03710263612938557 0.2285177627970515 0.03846078844853366 0.3488291636225089 -0.001358152319148095 -0.1203114008254574
5.76 0.03718065565519737 0.2291660634763517 0.0385378650968267 0.3494357001499667 -0.001357209441629336 -0.120269636673615
5.762 0.03720504946892934 0.2298231229842271 0.03856131701452611 0.350051024487744 -0.001356267545596772 -0.1202279015035169
5.764 0.03717514717430296 0.2304838869128127 0.03853047380399166 0.3506700821978229 -0.001355326629688699 -0.1201861952850101
5.766 0.03709090113394033 0.2311432478023015 0.0384452878264861 0.351287765790285 -0.001354386692545773 -0.1201445179879835
5.768 0.03695288744495479 0.2317961409308164 0.03830633517776579 0.3518990105131838 -0.001353447732811006 -0.1201028695823674
5.77 0.0367622894071482 0.2324376384316061 0.03811479915627796 0.3524988884697404 -0.001352509749129762 -0.1200612500381343
5.772 0.03652086434357328 0.2330630380844534 0.03787243708372303 0.3530826974097511 -0.001351572740149749 -0.1200196593252977
5.774 0.03623089547357428 0.2336679434797071 0.0375815321780953 0.3536460408936202 -0.001350636704521017 -0.1199780974139131
5.776 0.03589513124025149 0.2342483328124152 0.03724483288114744 0.3541848970864924 -0.001349701640895952 -0.1199365642740772
5.778 0.0355167150074811 0.2348006142710579 0.03686548255541038 0.3546956741469861 -0.001348767547929271 -0.1198950598759281
5.78 0.03509910833589028 0.2353216667810341 0.03644694276016831 0.3551752509706795 -0.001347834424278019 -0.1198535841896453
5.782 0.0346460111172195 0.2358088656724471 0.03599291338582106 0.3556210028578966 -0.00134690226860156 -0.1198121371854495
5.784 0.03416128170747006 0.236260093604344 0.03550725278703163 0.3560308124379464 -0.001345971079561577 -0.1197707188336025
5.786 0.03364885988396167 0.2366737377402415 0.03499390073978374 0.3564030668446487 -0.001345040855822065 -0.1197293291044071
5.788 0.03311269500597909 0.2370486746939626 0.03445680660202841 0.3567366426621701 -0.001344111596049324 -0.1196879679682075
5.79 0.03255668123255673 0.2373842451329348 0.0338998645314687 0.3570308805283232 -0.00134318329891196 -0.1196466353953884
5.792 0.03198460109313968 0.2376802201352679 0.03332685705622055 0.3572855514916436 -0.001342255963080873 -0.1196053313563757
5.794 0.03140007816314441 0.2379367614562707 0.03274140775037367 0.3575008172779066 -0.00134132958722926 -0.1195640558216359
5.796 0.03080653909850711 0.2381543777944205 0.03214694326853971 0.3576771865560968 -0.001340404170032602 -0.1195228087616763
5.798 0.03020718485852334 0.23833387898053 0.03154666456869201 0.3578154691275751 -0.001339479710168667 -0.1194815901470451
5.8 0.02960497060568993 0.2384763297790291 0.03094352681200743 0.3579167297273597 -0.001338556206317498 -0.1194403999483306
5.802 0.02900259352089882 0.2385830047142888 0.03034022717806024 0.3579822428504509 -0.001337633657161417 -0.1193992381361621
5.804 0.02840248760741141 0.2386553450439624 0.02973919966879642 0.3580134497251716 -0.00133671206138501 -0.1193581046812092
5.806 0.02780682446945539 0.2386949187154051 0.02914261588713052 0.3580119182695868 -0.001335791417675132 -0.1193169995541817
5.808 0.02721751902889544 0.2387033838759752 0.02855239075361634 0.3579793066018053 -0.001334871724720895 -0.1192759227258301
5.81 0.02663623917181634 0.2386824562735117 0.02797019215303001 0.3579173304404565 -0.001333952981213668 -0.1192348741669448
5.812 0.02606441838343701 0.2386338806850722 0.02739745356928408 0.3578277345334288 -0.001333035185847071 -0.1191938538483565
5.814 0.02550327052106803 0.2385594063517557 0.026835388858385 0.3577122680926918 -0.001332118337316967 -0.1191528617409361
5.816 0.02495380598040064 0.2384607662742343 0.0262850084147221 0.3575726640898287 -0.001331202434321465 -0.1191118978155944
5.818 0.02441684862214963 0.2383396601342165 0.02574713609771053 0.3574106221774989 -0.001330287475560907 -0.1190709620432824
5.82 0.02389305293543286 0.2381977405474606 0.02522242639517073 0.3572277949424512 -0.001329373459737867 -0.1190300543949906
5.822 0.02338292101887085 0.2380366023192685 0.024711381404428 0.3570257771610183 -0.001328460385557151 -0.1189891748417497
5.824 0.02288681905411295 0.2378577743588221 0.02421436730583873 0.3568060977134523 -0.001327548251725783 -0.1189483233546302
5.826 0.02240499303126382 0.2376627139096841 0.02373163008821683 0.356570213814426 -0.001326637056953008 -0.1189074999047419
5.828 0.02193758355656286 0.2374528027662494 0.02326331035651314 0.356319507229484 -0.001325726799950283 -0.1188667044632346
5.83 0.02148463963361717 0.2372293451663139 0.02280945711304845 0.3560552821676115 -0.001324817479431277 -0.1188259370012976
5.832 0.02104613135870683 0.2369935670754316 0.02237004045281869 0.3557787645655913 -0.001323909094111861 -0.1187851974901596
5.834 0.02062196150962193 0.2367466166067767 0.02194496315233203 0.3554911025078655 -0.001323001642710108 -0.1187444859010888
5.836 0.02021197603825605 0.2364895653494744 0.02153407116220233 0.355193367554867 -0.001322095123946286 -0.1187038022053927
5.838 0.01981597350002536 0.2362234104070606 0.02113716303656821 0.3548865567814787 -0.001321189536542853 -0.1186631463744181
5.84 0.01943371346902223 0.2359490769750733 0.02075399834824669 0.3545715953546245 -0.001320284879224456 -0.1186225183795511
5.842 0.01906492399964657 0.2356674213125682 0.02038430515036449 0.3542493395047852 -0.001319381150717922 -0.118581918192217
5.844 0.01870930820150802 0.2353792339853579 0.02002778655126027 0.3539205797692379 -0.001318478349752258 -0.1185413457838799
5.846 0.01836654999834507 0.2350852432799022 0.01968412647340371 0.3535860444059455 -0.001317576475058641 -0.1185008011260433
5.848 0.01803631914224366 0.2347861187050578 0.01935299466761408 0.3532464028953073 -0.00131667552537042 -0.1184602841902495
5.85 0.01771827555348279 0.234482474515064 0.0190340510529059 0.3529022694631436 -0.001315775499423107 -0.1184197949480796
5.852 0.01741207305373159 0.2341748732009479 0.01872694944968597 0.3525542065721015 -0.001314876395954372 -0.1183793333711536
5.854 0.01711736255680098 0.2338638289092748 0.01843134077050502 0.3522027283404052 -0.001313978213704044 -0.1183388994311304
5.856 0.01683379477720752 0.2335498107572553 0.01814687572862162 0.3518483038569626 -0.001313080951414101 -0.1182984930997074
5.858 0.01656102251215103 0.2332332460213302 0.0178732071199797 0.3514913603699508 -0.001312184607828668 -0.1182581143486206
5.86 0.01629870254813482 0.2329145231834187 0.01760999172982883 0.3511322863330634 -0.001311289181694011 -0.1182177631496447
5.862 0.01604649723865941 0.232593994824424 0.01735689191041795 0.3507714342990169 -0.001310394671758536 -0.1181774394745929
5.864 0.01580407579507034 0.23227198035918 0.01711357687184312 0.3504091236544968 -0.001309501076772782 -0.1181371432953168
5.866 0.01557111532841193 0.231948768610697 0.01687972372390134 0.3500456431944034 -0.001308608395489416 -0.1180968745837064
5.868 0.0153473016760216 0.2316246202242288 0.01665501830268483 0.3496812535359185 -0.001307716626663229 -0.1180566333116897
5.87 0.01513233004307221 0.2312997699241282 0.01643915581212334 0.3493161893753615 -0.001306825769051136 -0.1180164194512334
5.872 0.01492590548550549 0.230974428617704 0.01623184130691765 0.348950661592046 -0.001305935821412165 -0.117976232974342
5.874 0.01472774325810874 0.230648785351989 0.01603279004061619 0.3485848592050474 -0.001305046782507456 -0.1179360738530584
5.876 0.01453756904823158 0.2303230091297221 0.01584172769933184 0.3482189511891855 -0.001304158651100258 -0.1178959420594633
5.878 0.01435511911333893 0.229997250591664 0.01565839053929485 0.3478530881573396 -0.001303271425955923 -0.1178558375656756
5.88 0.01418014033829674 0.2296716435727105 0.01548252544413864 0.3474874039165623 -0.001302385105841899 -0.1178157603438518
5.882 0.01401239022605355 0.2293463065391605 0.01531388991558128 0.347122016905347 -0.001301499689527732 -0.1177757103661865
5.884 0.01385163683376563 0.2290213439147515 0.01515225200955069 0.3467570315196635 -0.001300615175785057 -0.117735687604912
5.886 0.01369765866477233 0.2286968473029194 0.01499739022815992 0.3463925393352177 -0.001299731563387596 -0.1176956920322983
5.888 0.01355024452524673 0.2283728966123193 0.01484909337635788 0.3460286202329725 -0.001298848851111151 -0.1176557236206532
5.89 0.01340919335337453 0.228049561092797 0.01470716039110813 0.3456653434351188 -0.001297967037733603 -0.1176157823423218
5.892 0.01327431402754738 0.2277269002882759 0.01457140014958228 0.3453027684579629 -0.001297086122034904 -0.117575868169687
5.894 0.01314542515931171 0.2274049649130674 0.01444163126210879 0.3449409459882365 -0.00129620610279708 -0.117535981075169
5.896 0.0130223548758475 0.227083797657513 0.01431768185465171 0.3445799186887386 -0.001295326978804217 -0.1174961210312255
5.898 0.01290494059611855 0.2267634339287408 0.01419938934496101 0.3442197219390923 -0.001294448748842464 -0.1174562880103515
5.9 0.01279302880415556 0.2264439025318454 0.01408660021585558 0.3438603845169247 -0.001293571411700026 -0.1174164819850792
5.902 0.01268647482237956 0.2261252262964608 0.01397916978854672 0.343501929224439 -0.001292694966167161 -0.1173767029279782
5.904 0.01258514258746495 0.2258074226535148 0.01387696199850113 0.3431443734651697 -0.001291819411036174 -0.1173369508116549
5.906 0.01248890443078663 0.2254905041664968 0.01377984917588805 0.34278772977525 -0.001290944745101415 -0.1172972256087532
5.908 0.01239764086516899 0.2251744790213849 0.01368771183232826 0.3424320063133386 -0.001290070967159274 -0.1172575272919537
5.91 0.01231124037936103 0.2248593514790721 0.01360043845536921 0.3420772073130463 -0.001289198076008177 -0.1172178558339742
5.912 0.0122295992413839 0.2245451222938097 0.01351792531183248 0.3417233335013788 -0.001288326070448579 -0.1171782112075692
5.914 0.01215262131172383 0.2242317891011045 0.01344007626100679 0.3413703824866345 -0.001287454949282965 -0.1171385933855301
5.916 0.01208021786711983 0.2239193467781114 0.01336680257843568 0.3410183491187964 -0.001286584711315843 -0.117099002340685
5.918 0.01201230743558297 0.2236077877795795 0.01329802279093671 0.3406672258254785 -0.00128571535535374 -0.117059438045899
5.92 0.01194881564308871 0.2232971024519196 0.01323366252329391 0.3403170029259931 -0.001284846880205198 -0.1170199004740734
5.922 0.01188967507235761 0.2229872793281954 0.01317365435703838 0.3399676689263419 -0.001283979284680771 -0.1169803895981466
5.924 0.01183482513397345 0.222678305406324 0.01311793770156647 0.3396192107974169 -0.001283112567593018 -0.1169409053910929
5.926 0.01178421195004104 0.2223701664128526 0.01306645867779754 0.3392716142387763 -0.001282246727756504 -0.1169014478259237
5.928 0.01173778825054048 0.2220628470546097 0.01301917001452827 0.338924863930296 -0.001281381763987789 -0.1168620168756864
5.93 0.01169551328242502 0.2217563312602033 0.01297603095753046 0.3385789437736682 -0.001280517675105432 -0.1168226125134648
5.932 0.01165735273151171 0.2214506024134858 0.01293700719144169 0.3382338371258649 -0.00127965445992998 -0.1167832347123791
5.934 0.01162327865715089 0.2211456435810153 0.01290207077443486 0.3378895270266009 -0.001278792117283967 -0.1167438834455855
5.936 0.01159326943961233 0.2208414377352741 0.01287120008560424 0.3375459964215509 -0.001277930645991912 -0.1167045586862767
5.938 0.01156730974011705 0.2205379679757525 0.01284437978499736 0.3372032283834337 -0.00127707004488031 -0.1166652604076812
5.94 0.01154539047338152 0.2202352177495737 0.01282160078615915 0.3368612063326373 -0.001276210312777632 -0.1166259885830636
5.942 0.01152750879252773 0.2199331710736873 0.01280286024104205 0.3365199142594117 -0.00127535144851432 -0.1165867431857244
5.944 0.01151366808616052 0.2196318127603889 0.0127881615370833 0.3361793369493892 -0.001274493450922783 -0.1165475241890004
5.946 0.0115038779873817 0.2193311286481779 0.01277751430621909 0.3358394602144416 -0.001273636318837393 -0.1165083315662637
5.948 0.01149815439446514 0.219031105839847 0.01277093444555962 0.3355002711307695 -0.001272780051094479 -0.1164691652909225
5.95 0.01149651950285228 0.2187317329497603 0.01276844414938461 0.3351617582861811 -0.001271924646532328 -0.1164300253364208
5.952 0.01149900184807663 0.2184330003624675 0.01277007195206781 0.3348239120387055 -0.001271070103991175 -0.116390911676238
5.954 0.01150563635915986 0.2181349005047098 0.01277585278147306 0.3344867247885993 -0.001270216422313204 -0.1163518242838895
5.956 0.01151646442190313 0.2178374281331382 0.01278582802224567 0.3341501912660639 -0.001269363600342541 -0.1163127631329258
5.958 0.01153153395143296 0.2175405806400569 0.01280004558835821 0.3338143088369901 -0.001268511636925253 -0.1162737281969332
5.96 0.01155089947322238 0.2172443583796174 0.01281856000413172 0.3334790778291508 -0.001267660530909341 -0.1162347194495334
5.962 0.01157462221165438 0.2169487650171644 0.01284143249279912 0.3331445018815478 -0.001266810281144737 -0.1161957368643834
5.964 0.0116027701850602 0.2166538079043929 0.0128687310715435 0.3328105883195684 -0.001265960886483301 -0.1161567804151755
5.966 0.01163541830590673 0.2163594984833954 0.01290053065168555 0.3324773485590328 -0.001265112345778818 -0.1161178500756374
5.968 0.01167264848466966 0.2160658527224922 0.01293691314255665 0.3321447985420239 -0.001264264657886991 -0.1160789458195317
5.97 0.01171454973554756 0.2157728915873698 0.012977967557213 0.3318129592080264 -0.001263417821665441 -0.1160400676206566
5.972 0.01176121828195294 0.2154806415508558 0.01302379011792663 0.3314818570037008 -0.001262571835973697 -0.1160012154528449
5.974 0.01181275765931409 0.2151891351450836 0.01307448435898729 0.3311515244350484 -0.001261726699673202 -0.1159623892899648
5.976 0.01186927881226275 0.2148984115600396 0.01313016122389005 0.3308220006659586 -0.001260882411627299 -0.1159235891059191
5.978 0.01193090018287966 0.2146085172925035 0.01319093915358089 0.3304933321671493 -0.001260038970701234 -0.1158848148746458
5.98 0.01199774778604767 0.2143195068497756 0.01325694416180982 0.3301655734198933 -0.001259196375762148 -0.1158460665701176
5.982 0.01206995526729695 0.2140314435128087 0.01332830989297603 0.3298387876791509 -0.001258354625679078 -0.1158073441663422
5.984 0.01214766393791426 0.2137444001632923 0.01340517765723721 0.329513047800654 -0.001257513719322946 -0.1157686476373617
5.986 0.01223102278105539 0.2134584601797754 0.01348769643662195 0.3291884371370283 -0.001256673655566563 -0.115729976957253
5.988 0.01232018842184901 0.2131737184076374 0.01357602285513363 0.3288650505077651 -0.001255834433284619 -0.1156913321001277
5.99 0.0124153250532352 0.2128902822080799 0.01367032110458888 0.3285429952482118 -0.001254996051353685 -0.1156527130401319
5.992 0.01251660430816069 0.2126082725910853 0.01377076281681289 0.3282223923425315 -0.001254158508652204 -0.1156141197514462
5.994 0.01262420506730573 0.212327825437329 0.01387752687136622 0.3279033776456147 -0.001253321804060488 -0.1155755522082857
5.996 0.01273831319001137 0.2120490928136938 0.01399079912647208 0.3275861031985934 -0.00125248593646072 -0.1155370103848996
5.998 0.01285912115438093 0.2117722443866067 0.01411077205911787 0.3272707386421786 -0.001251650904736941 -0.1154984942555719
6 0.01298682759052725 0.2114974689369688 0.01423764429830231 0.3269574727315893 -0.001250816707775055 -0.1154600037946205
6.002 0.01312163668895907 0.2112249759794147 0.01437162003342189 0.3266465149558123 -0.001249983344462819 -0.1154215389763976
6.004 0.01326375746366117 0.2109549974876623 0.01451290827735102 0.3263380972629518 -0.001249150813689844 -0.1153830997752895
6.006 0.01341340284701738 0.2106877897260937 0.01466172196136497 0.3260324758918106 -0.001248319114347585 -0.1153446861657169
6.008 0.0135707885910692 0.2104236351857292 0.01481827683639855 0.3257299333078633 -0.001247488245329347 -0.1153062981221341
6.01 0.01373613194661969 0.2101628446204154 0.01498279015214996 0.3254307802394452 -0.001246658205530272 -0.1152679356190297
6.012 0.01390965008889494 0.2099057591757647 0.01515547908274228 0.3251353578066909 -0.001245828993847339 -0.1152295986309262
6.014 0.01409155825526416 0.2096527525997109 0.01533655886444352 0.3248440397320906 -0.001245000609179362 -0.1151912871323797
6.016 0.01428206755760439 0.2094042335187338 0.01552624060803137 0.3245572346167142 -0.001244173050426983 -0.1151530010979804
6.018 0.01448138242895975 0.2091606477581433 0.01572472874545242 0.3242753882604956 -0.001243346316492672 -0.1151147405023523
6.02 0.01468969766138131 0.2089224806781434 0.01593221806766203 0.3239989859982962 -0.00124252040628072 -0.1150765053201528
6.022 0.01490719498977821 0.2086902594891896 0.01614889030847545 0.3237285550152628 -0.001241695318697236 -0.1150382955260732
6.024 0.01513403917480836 0.2084645555009542 0.01637491022745851 0.3234646665957925 -0.001240871052650148 -0.1150001110948383
6.026 0.015370373537701 0.2082459862480347 0.01661042114475019 0.3232079382492412 -0.00124004760704919 -0.1149619520012064
6.028 0.01561631490017695 0.2080352174233655 0.01685553988098286 0.3229590356433349 -0.001239224980805908 -0.1149238182199694
6.03 0.01587194788570911 0.2078329645359049 0.01711035105854276 0.3227186742618575 -0.001238403172833651 -0.1148857097259526
6.032 0.01613731854303438 0.2076399941936431 0.01737490072508195 0.3224876206876575 -0.001237582182047569 -0.1148476264940144
6.034 0.01641242726058187 0.2074571248957977 0.01764918926794648 0.3222666933948446 -0.00123676200736461 -0.114809568499047
6.036 0.01669722095235013 0.2072852271995815 0.01793316360005365 0.3220567629155568 -0.001235942647703512 -0.1147715357159754
6.038 0.01699158451129829 0.2071252231079185 0.0182267086132831 0.3218587512276765 -0.001235124101984808 -0.1147335281197581
6.04 0.01729533154736202 0.2069780845051749 0.01852963791649283 0.3216736301905614 -0.001234306369130815 -0.1146955456853865
6.042 0.01760819445474268 0.2068448304494112 0.01884168390280831 0.3215024188372967 -0.001233489448065633 -0.1146575883878855
6.044 0.01792981388621789 0.2067265231134026 0.01916248722393303 0.3213461793157151 -0.001232673337715141 -0.1146196562023125
6.046 0.01825972775416332 0.206624262153668 0.01949158579117031 0.3212060112574263 -0.001231858037006995 -0.1145817491037583
6.048 0.01859735992635802 0.2065391772797156 0.01982840347122864 0.3210830443470621 -0.001231043544870622 -0.1145438670673465
6.05 0.01894200884171585 0.2064724187964468 0.02017223870195307 0.3209784288646804 -0.00123022986023722 -0.1145060100682335
6.052 0.01929283633464121 0.2064251459043311 0.02052225331668096 0.3208933239859398 -0.001229416982039749 -0.1144681780816087
6.054 0.01964885702658363 0.2063985125673709 0.02087746193579656 0.3208288836500649 -0.001228604909212935 -0.114430371082694
6.056 0.02000892871675417 0.2063936508014601 0.02123672235744743 0.3207862398482043 -0.001227793640693259 -0.1143925890467442
6.058 0.02037174427709037 0.206411651298388 0.02159872745250932 0.3207664832474349 -0.001226983175418958 -0.1143548319490469
6.06 0.0207358256260244 0.2064535413863552 0.02196199913835442 0.3207706411512771 -0.001226173512330021 -0.1143170997649219
6.062 0.02109952041361562 0.2065202604381411 0.0223248850639838 0.3207996529078631 -0.001225364650368183 -0.1142793924697219
6.064 0.02146100209140514 0.2066126329735284 0.02268555867988207 0.3208543430123604 -0.001224556588476926 -0.114241710038832
6.066 0.02181827405443302 0.206731339861751 0.02304202338003449 0.3209353923094207 -0.001223749325601472 -0.1142040524476697
6.068 0.02216917852127405 0.2068768882082338 0.02339212138196282 0.3210433078799186 -0.001222942860688779 -0.1141664196716848
6.07 0.02251141075238799 0.2070495807008509 0.02373354794507554 0.3211783923872106 -0.001222137192687542 -0.1141288116863597
6.072 0.02284253908858772 0.2072494853831191 0.0240638714091359 0.321340713850328 -0.001221332320548185 -0.1140912284672089
6.074 0.02316003111622118 0.2074764070017343 0.02438055935944404 0.3215300769915135 -0.001220528243222859 -0.1140536699897792
6.076 0.02346128602990841 0.2077298612251666 0.02468101098957385 0.321745997454816 -0.00121972495966544 -0.1140161362296494
6.078 0.02374367297380118 0.2080090531309589 0.02496259544263271 0.3219876802933896 -0.001218922468831523 -0.1139786271624307
6.08 0.02400457480606666 0.2083128613908053 0.02522269557574508 0.3222540041545716 -0.001218120769678423 -0.1139411427637663
6.082 0.02424143636699985 0.2086398295271561 0.02545875622816502 0.3225435125364873 -0.001217319861165164 -0.1139036830093312
6.084 0.02445181596356699 0.2089881654605504 0.02566833570581948 0.3228544133353831 -0.001216519742252486 -0.1138662478748327
6.086 0.0246334384400714 0.2093557503050366 0.02584915885197423 0.3231845876410462 -0.00121572041190283 -0.1138288373360096
6.088 0.02478424792126978 0.209740157005269 0.02599916979035012 0.323531608373902 -0.001214921869080346 -0.113791451368633
6.09 0.02490245812267812 0.2101386789576652 0.026116582235429 0.3238927689061709 -0.001214124112750881 -0.1137540899485057
6.092 0.02498659805138831 0.2105483682438288 0.02619992519327029 0.3242651212952907 -0.00121332714188198 -0.1137167530514619
6.094 0.02503555099135785 0.2109660825669415 0.02624808194680073 0.3246455232203095 -0.001212530955442881 -0.1136794406533679
6.096 0.02504858488616371 0.2113885394606229 0.02626032043856822 0.3250306921907446 -0.001211735552404513 -0.1136421527301217
6.098 0.02502537259465175 0.2118123758839463 0.02623631352639124 0.3254172651415989 -0.001210940931739491 -0.1136048892576525
6.1 0.02496600097754179 0.2122342109659587 0.0261761480699639 0.3258018611778801 -0.001210147092422114 -0.1135676502119214
6.102 0.02487096834123087 0.2126507094545782 0.02608032237465923 0.3261811450234991 -0.001209354033428361 -0.1135304355689209
6.104 0.02474117037222226 0.2130586433774569 0.02594973212595815 0.3265518886821318 -0.001208561753735889 -0.1134932453046749
6.106 0.02457787529183822 0.2134549495415686 0.02578564554416224 0.3269110289368072 -0.001207770252324027 -0.1134560793952386
6.108 0.02438268949679663 0.2138367807725856 0.0255896690249704 0.3272557185892845 -0.001206979528173777 -0.1134189378166989
6.11 0.02415751538508566 0.2142015491958948 0.02536370496535346 0.3275833697410684 -0.001206189580267804 -0.1133818205451736
6.112 0.02390450336806469 0.2145469603513814 0.02510990377565514 0.3278916879081934 -0.001205400407590441 -0.113344727556812
6.114 0.02362600022389094 0.214871037467923 0.02483061223301862 0.3281786962957174 -0.00120461200912768 -0.1133076588277944
6.116 0.02332449595412604 0.2151721357558192 0.02452832033799321 0.3284427500901516 -0.001203824383867169 -0.1132706143343324
6.118 0.02300257117841498 0.2154489470660289 0.02420560870921319 0.3286825411186974 -0.001203037530798211 -0.1132335940526685
6.12 0.02266284686656642 0.2157004956805612 0.02386509831547818 0.3288970936396378 -0.001202251448911762 -0.1131965979590766
6.122 0.02230793789346243 0.2159261263191417 0.02350940403066285 0.3290857523490028 -0.001201466137200421 -0.1131596260298612
6.124 0.02194041154508714 0.2161254856612914 0.02314109313974557 0.3292481639026493 -0.001200681594658436 -0.1131226782413578
6.126 0.02156275173366612 0.2162984987938128 0.02276264955394781 0.3293842533637458 -0.001199897820281692 -0.113085754569933
6.128 0.02117732932582566 0.2164453420085493 0.02237644413889337 0.3294941970005334 -0.001199114813067717 -0.1130488549919841
6.13 0.02078637866997018 0.2165664133111663 0.02198471124198585 0.3295783927951055 -0.001198332572015668 -0.1130119794839392
6.132 0.02039198014152982 0.2166623018776119 0.02158953123765616 0.3296374298998689 -0.001197551096126338 -0.112975128022257
6.134 0.01999604831586655 0.2167337575294475 0.0211928187002687 0.3296720581128746 -0.001196770384402146 -0.1129383005834271
6.136 0.0196003252284552 0.2167816611121365 0.02079631566430234 0.3296831582561062 -0.001195990435847136 -0.1129014971439697
6.138 0.01920637808709115 0.2168069964673813 0.02040158933655813 0.3296717141478167 -0.001195211249466977 -0.1128647176804354
6.14 0.01881560075620803 0.2168108245035723 0.02001003358047699 0.329638786672978 -0.001194432824268952 -0.1128279621694057
6.142 0.01842921832791209 0.2167942596980287 0.01962287348717405 0.3295854902855207 -0.001193655159261964 -0.112791230587492
6.144 0.01804829412165531 0.21675844921532 0.01924117237511184 0.3295129721266568 -0.001192878253456526 -0.1127545229113368
6.146 0.01767373850338108 0.216704554701575 0.01886584060924584 0.3294223938191876 -0.001192102105864761 -0.1127178391176126
6.148 0.0173063189791982 0.2166337367152375 0.0184976456946986 0.3293149158982597 -0.001191326715500398 -0.1126811791830222
6.15 0.0169466710900048 0.2165471416795269 0.01813722317138356 0.3291916847638258 -0.001190552081378769 -0.1126445430842989
6.152 0.01659530970745966 0.2164458911882683 0.01778508790997647 0.3290538219864745 -0.001189778202516808 -0.1126079307982062
6.154 0.01625264040387526 0.2163310734620872 0.0174416454818083 0.3289024157636248 -0.001189005077933043 -0.1125713423015376
6.156 0.01591897063579593 0.2162037367330018 0.01710720334244353 0.3287385143041187 -0.001188232706647597 -0.112534777571117
6.158 0.01559452054205041 0.2160648843288211 0.01678198162973259 0.3285631209126192 -0.001187461087682182 -0.1124982365837981
6.16 0.01527943321023923 0.2159154712318229 0.01646612343029933 0.3283771905482879 -0.001186690220060101 -0.112461719316465
6.162 0.01497378431116756 0.2157564018960498 0.0161597044139738 0.3281816276420813 -0.001185920102806239 -0.1124252257460314
6.164 0.01467759103882296 0.2155885291222024 0.01586274177377002 0.3279772849716438 -0.001185150734947062 -0.1123887558494414
6.166 0.01439082032403698 0.2154126538065907 0.01557520243954759 0.3277649634102592 -0.001184382115510615 -0.1123523096036685
6.168 0.01411339631465034 0.2152295253996034 0.01529701055817686 0.3275454123853199 -0.001183614243526519 -0.1123158869857164
6.17 0.01384520713321045 0.215039842928358 0.01502805425123642 0.3273193309009765 -0.001182847118025965 -0.1122794879726186
6.172 0.01358611093770011 0.214844256457211 0.01476819167574183 0.327087368998649 -0.001182080738041716 -0.112243112541438
6.174 0.01333594132002769 0.214643368877547 0.01451725642263579 0.3268501295468146 -0.001181315102608098 -0.1122067606692677
6.176 0.01309451208388486 0.2144377379348928 0.01427506229464587 0.3266081702681229 -0.001180550210761003 -0.11217043233323
6.178 0.01286162144731918 0.2142278784164377 0.01404140750885706 0.3263620059269149 -0.00117978606153788 -0.1121341275104772
6.18 0.01263705571697541 0.2140142644353283 0.01381607837095315 0.3261121106135191 -0.001179022653977736 -0.1120978461781909
6.182 0.01242059248127543 0.2137973317599907 0.01359885246839656 0.3258589200735729 -0.001178259987121133 -0.1120615883135822
6.184 0.01221200336880617 0.2135774801469853 0.01338950142881635 0.3256028340408772 -0.001177498060010183 -0.1120253538938919
6.186 0.01201105641605726 0.213355075644545 0.01318779328774581 0.325344218540935 -0.001176736871688546 -0.11198914289639
6.188 0.01181751808659559 0.2131304528416463 0.01299349450779702 0.3250834081400222 -0.001175976421201428 -0.1119529552983759
6.19 0.01163115498056771 0.2129039170435004 0.01280637168816328 0.3248207081206788 -0.001175216707595573 -0.1119167910771784
6.192 0.01145173527072833 0.2126757463597622 0.0126261930006476 0.3245563965699178 -0.001174457729919269 -0.1118806502101556
6.194 0.01127902989796795 0.2124461936959409 0.01245272938519028 0.3242907263706356 -0.001173699487222337 -0.1118445326746946
6.196 0.01111281355637482 0.212215488642062 0.01228575553493095 0.3240239270902741 -0.00117294197855613 -0.1118084384482121
6.198 0.01095286549492526 0.2119838392554427 0.01212505069789879 0.3237562067635961 -0.001172185202973535 -0.1117723675081534
6.2 0.01079897016003611 0.2117514337365966 0.01197039931956508 0.32348775356859 -0.001171429159528963 -0.1117363198319934
6.202 0.01065091770075031 0.2115184419991694 0.01182159154802865 0.323218737396405 -0.001170673847278348 -0.1117002953972356
6.204 0.01050850435577375 0.2112850171360239 0.0116784236210529 0.3229493113174366 -0.001169919265279148 -0.1116642941814128
6.206 0.01037153273947252 0.2110512967846948 0.01154069815206286 0.3226796129467814 -0.001169165412590337 -0.1116283161620866
6.208 0.01023981204182858 0.2108174043960828 0.01140822433010099 0.3224097657129305 -0.001168412288272407 -0.1115923613168477
6.21 0.01011315815555371 0.2105834504107804 0.01128081804694107 0.3221398800340957 -0.001167659891387358 -0.1115564296233153
6.212 0.009991393741943973 0.2103495333477787 0.01115830196294268 0.3218700544069164 -0.001166908220998704 -0.1115205210591377
6.214 0.009874348245526288 0.2101157408104069 0.01104050552169775 0.3216003764123987 -0.001166157276171462 -0.1114846356019918
6.216 0.009761857866328598 0.2098821504145561 0.01092726492230075 0.3213309236441395 -0.001165407055972155 -0.1114487732295833
6.218 0.00965376549726607 0.2096488306439598 0.01081842305673488 0.3210617645636064 -0.001164657559468805 -0.1114129339196466
6.22 0.009549920633348169 0.2094158416375555 0.0107138294190791 0.3207929592875001 -0.001163908785730933 -0.1113771176499446
6.222 0.009450179258260121 0.2091832359134684 0.01061333999208967 0.3205245603117373 -0.001163160733829553 -0.1113413243982689
6.224 0.00935440371323309 0.208951059034198 0.01051681711607026 0.3202566131766376 -0.001162413402837174 -0.1113055541424395
6.226 0.009262462552389251 0.2087193502173599 0.01042412934421704 0.319989157077665 -0.001161666791827791 -0.1112698068603051
6.228 0.009174230388064631 0.2084881428959927 0.01033515128794152 0.3197222254257351 -0.001160920899876889 -0.1112340825297425
6.23 0.0090895877291596 0.2082574652323331 0.01024976345522103 0.3194558463609902 -0.001160175726061431 -0.1111983811286572
6.232 0.009008420815101779 0.2080273405887564 0.01016785208456165 0.3191900432237392 -0.001159431269459866 -0.1111627026349829
6.234 0.008930621447516445 0.2077977879591615 0.01008930897666856 0.3189248349858432 -0.001158687529152118 -0.1111270470266816
6.236 0.008856086821487997 0.2075688223641333 0.01001403132570758 0.3186602366458771 -0.001157944504219587 -0.1110914142817437
6.238 0.008784719357864812 0.2073404552127207 0.009941921551609955 0.3183962595909083 -0.001157202193745142 -0.1110558043781877
6.24 0.008716426537899448 0.2071126946336858 0.009872887134712575 0.318132911927746 -0.001156460596813126 -0.1110202172940601
6.242 0.008651120741233047 0.2068855457787116 0.009806840453742393 0.3178701987861475 -0.001155719712509346 -0.1109846530074359
6.244 0.008588719088094139 0.2066590111000206 0.00974369862801521 0.3176081225964384 -0.00115497953992107 -0.1109491114964179
6.246 0.008529143286372519 0.2064330906045417 0.009683383364509551 0.3173466833436787 -0.001154240078137032 -0.1109135927391369
6.248 0.008472319484121133 0.2062077820866784 0.009625820810368552 0.3170858788004303 -0.001153501326247419 -0.1108780967137519
6.25 0.008418178127921285 0.2059830813415681 0.009570941411265162 0.3168257047400178 -0.001152763283343877 -0.1108426233984497
6.252 0.00836665382743545 0.2057589823605482 0.009518679775954952 0.3165661551319932 -0.001152025948519502 -0.110807172771445
6.254 0.00831768522640889 0.2055354775104694 0.009468974547277732 0.3163072223214499 -0.001151289320868841 -0.1107717448109805
6.256 0.008271214880299905 0.2053125576983231 0.009421768279787791 0.3160488971936494 -0.001150553399487885 -0.1107363394953263
6.258 0.008227189140654508 0.2050902125225265 0.009377007324128581 0.3157911693253073 -0.001149818183474074 -0.1107009568027808
6.26 0.008185558046323094 0.2048684304121908 0.009334641718249378 0.3155340271238606 -0.001149083671926284 -0.1106655967116698
6.262 0.008146275221548673 0.2046471987554904 0.009294625085493505 0.3152774579558372 -0.001148349863944833 -0.1106302592003468
6.264 0.008109297780950736 0.2044265040182867 0.009256914539582209 0.3150214482654797 -0.001147616758631473 -0.110594944247193
6.266 0.008074586241391688 0.2042063318539876 0.009221470596481077 0.3147659836846048 -0.00114688435508939 -0.1105596518306172
6.268 0.008042104440688586 0.2039866672055643 0.009188257093111786 0.3145110491346199 -0.0011461526524232 -0.1105243819290556
6.27 0.008011819463145588 0.2037674944006751 0.009157241112884533 0.3142566289216472 -0.001145421649738946 -0.1104891345209721
6.272 0.007983701571839506 0.2035487972406413 0.009128392917983601 0.3140027068254992 -0.001144691346144095 -0.1104539095848579
6.274 0.007957724147620977 0.2033305590841705 0.009101685888368516 0.3137492661834022 -0.001143961740747539 -0.1104187070992317
6.276 0.007933863634750082 0.2031127629264174 0.009077096467409668 0.3134962899690569 -0.001143232832659587 -0.1103835270426395
6.278 0.007912099493124138 0.2028953914742362 0.009054604114116101 0.3132437608678909 -0.001142504620991964 -0.1103483693936546
6.28 0.007892414157023908 0.2026784272181713 0.00903419126188172 0.312991661349049 -0.001141777104857811 -0.1103132341308778
6.282 0.007874793000326797 0.2024618525018853 0.009015843283698477 0.3127399737348221 -0.00114105028337168 -0.1102781212329368
6.284 0.007859224308134046 0.2022456495896775 0.008999548463783575 0.3124886802681643 -0.001140324155649529 -0.1102430306784868
6.286 0.007845699254751962 0.2020298007326263 0.008985297975560688 0.3122377631788363 -0.001139598720808725 -0.1102079624462099
6.288 0.007834211887991448 0.2018142882339892 0.008973085865959485 0.3119872047488048 -0.001138873977968036 -0.1101729165148155
6.29 0.007824759119736879 0.2015990945145006 0.008962909045984511 0.3117369873775407 -0.001138149926247632 -0.1101378928630401
6.292 0.007817340722749594 0.2013842021780333 0.008954767287518673 0.3114870936476802 -0.001137426564769079 -0.1101028914696469
6.294 0.007811959333672139 0.201169594078367 0.00894866322632748 0.3112375063917934 -0.001136703892655341 -0.1100679123134264
6.296 0.007808620462204754 0.2009552533875337 0.008944602371235524 0.3109882087607295 -0.001135981909030771 -0.1100329553731959
6.298 0.00780733250642357 0.2007411636664341 0.008942593119444684 0.3107391842942337 -0.001135260613021113 -0.1099980206277996
6.3 0.00780810677422009 0.2005273089383143 0.008942646777973592 0.3104904169944229 -0.001134540003753502 -0.1099631080561086
6.302 0.007810957510827562 0.200313673765792 0.008944777591184012 0.3102418914028128 -0.001133820080356451 -0.1099282176370208
6.304 0.007815901932408699 0.2001002433320953 0.008949002774368558 0.309993592681556 -0.001133100841959859 -0.1098933493494608
6.306 0.007822960265673763 0.1998870035272129 0.008955342553368767 0.3097455066995929 -0.001132382287695004 -0.10985850317238
6.308 0.007832155793476937 0.1996739410397467 0.008963820210171478 0.309497620124503 -0.001131664416694541 -0.1098236790847563
6.31 0.007843514906348607 0.1994610434552219 0.008974462134441103 0.3092499205208165 -0.001130947228092496 -0.1097888770655946
6.312 0.007857067159881848 0.1992482993617593 0.008987297880906119 0.3090023964556854 -0.001130230721024271 -0.1097540970939261
6.314 0.007872845337888146 0.1990356984639761 0.009002360232514779 0.3087550376127847 -0.001129514894626632 -0.1097193391488086
6.316 0.007890885521210138 0.1988232317060782 0.009019685269247854 0.3085078349154047 -0.001128799748037717 -0.1096846032093264
6.318 0.007911227162030413 0.1986108914052172 0.009039312442427434 0.3082607806598077 -0.001128085280397021 -0.1096498892545904
6.32 0.00793391316350071 0.1983986713961873 0.009061284654346115 0.3080138686599252 -0.001127371490845405 -0.1096151972637378
6.322 0.00795898996443024 0.1981865671887302 0.009085648342955327 0.3077670944046625 -0.001126658378525087 -0.1095805272159323
6.324 0.007986507628766975 0.1979745761386401 0.009112453571346615 0.3075204552290039 -0.00112594594257964 -0.1095458790903638
6.326 0.008016519939462346 0.1977626976341749 0.009141754121616339 0.3072739505004234 -0.001125234182153992 -0.1095112528662485
6.328 0.008049084496293379 0.197550933299189 0.0091736075926878 0.3070275818220181 -0.00112452309639442 -0.1094766485228291
6.33 0.008084262817081991 0.1973392872146272 0.009208075501530541 0.3067813532540015 -0.001123812684448551 -0.1094420660393742
6.332 0.008122120441610172 0.1971277661601825 0.009245223387075526 0.3065352715553614 -0.001123102945465355 -0.1094075053951789
6.334 0.008162727037453929 0.1969163798778923 0.009285120916049078 0.3062893464474565 -0.001122393878595149 -0.1093729665695642
6.336 0.008206156506734907 0.1967051413597496 0.009327841989724493 0.3060435909016267 -0.001121685482989586 -0.1093384495418772
6.338 0.008252487092609697 0.1964940671615191 0.009373464850411357 0.3057980214530103 -0.001120977757801661 -0.1093039542914912
6.34 0.008301801484149574 0.196283177744963 0.009422072186335275 0.3055526585427684 -0.001120270702185702 -0.1092694807978054
6.342 0.008354186917900247 0.1960724978510905 0.009473751233197618 0.3053075268913356 -0.001119564315297371 -0.109235029040245
6.344 0.008409735274242099 0.1958620569069408 0.009528593870535758 0.305062655905202 -0.00111885859629366 -0.1092005989982612
6.346 0.008468543166210731 0.1956518894687573 0.009586696710543621 0.3048180801200883 -0.001118153544332889 -0.109166190651331
6.348 0.008530712018141273 0.1954420357044658 0.009648161176715978 0.3045738396834231 -0.001117449158574705 -0.1091318039789573
6.35 0.00859634813096396 0.1952325419185896 0.009713093569144035 0.3043299808792583 -0.001116745438180074 -0.1090974389606687
6.352 0.008665562730520965 0.1950234611228061 0.009781605112832251 0.3040865566988259 -0.001116042382311286 -0.1090630955760198
6.354 0.008738471994685087 0.1948148536554784 0.009853811984817036 0.3038436274600692 -0.001115339990131948 -0.1090287738045907
6.356 0.008815197054328761 0.1946067878536338 0.009929835315135742 0.3036012614796211 -0.001114638260806982 -0.1089944736259874
6.358 0.008895863962527473 0.1943993407808227 0.0100098011560301 0.3033595358006639 -0.001113937193502624 -0.1089601950198412
6.36 0.008980603625423756 0.1941925990143874 0.01009384041281017 0.3031185369801969 -0.001113236787386417 -0.1089259379658094
6.362 0.009069551687281357 0.193986659495513 0.01018208872890857 0.3028783619390877 -0.001112537041627217 -0.1088917024435747
6.364 0.009162848361181327 0.1937816304452739 0.01027468631657651 0.3026391188781192 -0.001111837955395183 -0.1088574884328453
6.366 0.009260638195541153 0.1935776323497065 0.01037177772340293 0.3024009282630614 -0.001111139527861776 -0.1088232959133549
6.368 0.009363069765389535 0.1933747990163867 0.01047351152358929 0.3021639238812494 -0.001110441758199759 -0.1087891248648626
6.37 0.009470295275735164 0.1931732787045906 0.01058003992131836 0.3019282539717437 -0.001109744645583195 -0.1087549752671531
6.372 0.009582470062944036 0.1929732353300783 0.01069151825213147 0.3016940824301146 -0.001109048189187438 -0.1087208471000363
6.374 0.009699751978042268 0.1927748497447747 0.01080810436623141 0.301461590088122 -0.00110835238818914 -0.1086867403433473
6.376 0.009822300634220333 0.1925783210900065 0.01092995787598657 0.3012309760669534 -0.00110765724176624 -0.1086526549769469
6.378 0.009950276498688555 0.1923838682203836 0.01105723924778652 0.3010024592011043 -0.001106962749097969 -0.1086185909807207
6.38 0.01008383980691138 0.1921917311932465 0.01119010871627622 0.3007762795278264 -0.001106268909364842 -0.1085845483345799
6.382 0.01022314927528106 0.1920021728158237 0.01132872499702971 0.3005526998342841 -0.001105575721748657 -0.1085505270184604
6.384 0.01036836058600608 0.1918154802390659 0.01147324377143858 0.3003320072513897 -0.001104883185432495 -0.1085165270123238
6.386 0.01051962461592098 0.1916319665832119 0.01162381591552169 0.3001145148793682 -0.001104191299600714 -0.1084825482961563
6.388 0.01067708537925983 0.191451972575227 0.01178058544269878 0.2999005634251964 -0.00110350006343895 -0.1084485908499694
6.39 0.01084087765251924 0.1912758681729181 0.01194368712865336 0.2996905228267178 -0.001102809476134112 -0.1084146546537996
6.392 0.01101112424879667 0.1911040541436912 0.01211324378567105 0.2994847938313994 -0.00110211953687438 -0.1083807396877083
6.394 0.01118793290827908 0.1909369635585228 0.01228936315312829 0.2992838094903046 -0.001101430244849205 -0.1083468459317818
6.396 0.01137139277230767 0.1907750631528491 0.01247213437155697 0.2990880365189806 -0.001100741599249304 -0.1083129733661315
6.398 0.01156157041000091 0.1906188544963204 0.01266162400926756 0.2988979764672137 -0.001100053599266657 -0.1082791219708934
6.4 0.01175850536998613 0.1904688749023229 0.01285787161408064 0.2987141666285513 -0.001099366244094508 -0.1082452917262284
6.402 0.01196220523517497 0.1903256979961841 0.01306088476810233 0.2985371806085065 -0.001098679532927359 -0.1082114826123224
6.404 0.01217264016638394 0.1901899338481469 0.01327063363134491 0.2983676284575326 -0.001097993464960973 -0.1081776946093857
6.406 0.01238973693179761 0.190062228563728 0.01348704497118997 0.2982061562613814 -0.001097308039392362 -0.1081439276976534
6.408 0.01261337243371463 0.1899432632106161 0.01370999568913443 0.2980534450680015 -0.001096623255419796 -0.1081101818573854
6.41 0.01284336676301595 0.1898337519482164 0.01393930587525874 0.2979102090170827 -0.001095939112242793 -0.1080764570688662
6.412 0.01307947583535151 0.189734439214387 0.01417473144441363 0.2977771925267917 -0.001095255609062119 -0.1080427533124047
6.414 0.01332138369161394 0.1896460958148066 0.01441595643669373 0.2976551663831412 -0.001094572745079786 -0.1080090705683346
6.416 0.01356869457963518 0.1895695137552238 0.01466258509913423 0.2975449225722376 -0.001093890519499049 -0.1079754088170138
6.418 0.01382092497335835 0.1895054996571876 0.01491413390488276 0.2974472676960126 -0.001093208931524404 -0.107941768038825
6.42 0.01407749573076016 0.1894548666057058 0.01517002371112175 0.297363014819881 -0.001092527980361587 -0.1079081482141752
6.422 0.01433772464007193 0.1894184242948036 0.0154295723052895 0.2972929736182992 -0.001091847665217567 -0.1078745493234956
6.424 0.01460081965570139 0.1893969673663074 0.01569198764100194 0.2972379387135495 -0.001091167985300551 -0.1078409713472421
6.426 0.01486587317658123 0.1893912618806877 0.0159563621164012 0.2971986761465825 -0.001090488939819975 -0.1078074142658948
6.428 0.01513185776817154 0.189402029918216 0.01622166829615804 0.2971759079781738 -0.001089810527986506 -0.1077738780599578
6.43 0.0153976237710058 0.1894299323855102 0.01648675652001783 0.2971702950954701 -0.001089132749012037 -0.1077403627099599
6.432 0.01566189926731235 0.1894755501969737 0.01675035486942204 0.2971824183934275 -0.001088455602109686 -0.1077068681964538
6.434 0.01592329288784877 0.1895393641116693 0.01701107197434257 0.2972127586116858 -0.001087779086493794 -0.1076733945000165
6.436 0.01618029992742788 0.1896217336311952 0.0172674031288078 0.2972616752324442 -0.001087103201379923 -0.107639941601249
6.438 0.01643131219194416 0.1897228754976209 0.01751774013792901 0.2973293849783974 -0.001086427945984851 -0.1076065094807765
6.44 0.01667463191885899 0.1898428424658586 0.01776038523838557 0.2974159405851069 -0.001085753319526574 -0.1075730981192483
6.442 0.01690848999061983 0.1899815031511443 0.01799356931184413 0.2975212106484818 -0.0010850793212243 -0.1075397074973376
6.444 0.01713106849739925 0.1901385238584664 0.0182154744476977 0.2976448614542079 -0.001084405950298449 -0.1075063375957416
6.446 0.01734052750268859 0.190313353372531 0.01842426070865923 0.2977863417677125 -0.001083733205970648 -0.1074729883951815
6.448 0.01753503563068252 0.1905052117109803 0.01861809671814625 0.2979448715873828 -0.001083061087463734 -0.1074396598764024
6.45 0.01771280383940305 0.1907130838072283 0.0187951934334048 0.2981194358274016 -0.001082389594001747 -0.1074063520201733
6.452 0.01787212148480281 0.1909357189827353 0.01895384020961274 0.2983087837900222 -0.001081718724809928 -0.1073730648072869
6.454 0.01801139354007586 0.1911716368880405 0.01909244201919058 0.2985114351066004 -0.001081048479114719 -0.1073397982185599
6.456 0.01812917763342735 0.191419140338641 0.01920955648957111 0.2987256925734735 -0.00108037885614376 -0.1073065522348325
6.458 0.01822421943064997 0.1916763351569912 0.01930392928577585 0.2989496619939601 -0.001079709855125887 -0.1072733268369689
6.46 0.01829548483586749 0.1919411567728836 0.01937452631115862 0.2991812787787403 -0.001079041475291128 -0.1072401220058567
6.462 0.01834218752943656 0.1922114029566334 0.01942056124530727 0.2994183406790408 -0.001078373715870703 -0.1072069377224074
6.464 0.01836381051252616 0.1924847716938131 0.01944151708862318 0.2996585456613691 -0.00107770657609702 -0.107173773967556
6.466 0.01836012057859861 0.1927589028875856 0.01943716063380229 0.2998995336098467 -0.001077040055203676 -0.107140630722261
6.468 0.01833117496839119 0.1930314223269851 0.01940754912081664 0.3001389302944898 -0.001076374152425449 -0.1071075079675047
6.47 0.01827731986177582 0.1932999862084907 0.01935302872877412 0.3003743918927833 -0.001075708866998303 -0.1070744056842926
6.472 0.01819918078565724 0.1935623244619103 0.01927422498381662 0.3006036483155641 -0.001075044198159379 -0.1070413238536538
6.474 0.01809764543607727 0.1938162812110189 0.01917202558122427 0.3008245436676599 -0.001074380145146997 -0.107008262456641
6.476 0.0179738397906809 0.194059850888177 0.01904755649788155 0.3010350723625068 -0.001073716707200655 -0.1069752214743298
6.478 0.0178290986947857 0.1942912088012598 0.01890215257834672 0.3012334096890796 -0.00107305388356102 -0.1069422008878198
6.48 0.01766493231925573 0.194508735293001 0.01873732399272567 0.3014179359712344 -0.001072391673469934 -0.1069092006782334
6.482 0.01748299000014941 0.1947110330069419 0.01855472007631982 0.3015872538336585 -0.001071730076170407 -0.1068762208267166
6.484 0.01728502297806233 0.1948969371485214 0.01835609206896894 0.3017401984629599 -0.001071069090906617 -0.1068432613144385
6.486 0.0170728474692395 0.1950655189747291 0.0181432561861634 0.3018758410973205 -0.001070408716923904 -0.1068103221225914
6.488 0.0168483093371431 0.1952160830401025 0.01791805829061187 0.3019934862724935 -0.001069748953468775 -0.106777403232391
6.49 0.01661325141491323 0.1953481589534453 0.01768234121470213 0.3020926635785211 -0.001069089799788895 -0.1067445046250758
6.492 0.01636948427874283 0.1954614885531391 0.01743791553387592 0.3021731148350468 -0.001068431255133086 -0.1067116262819077
6.494 0.01611876101288521 0.1955560094884101 0.01718653433163654 0.3022347776725816 -0.001067773318751331 -0.1066787681841714
6.496 0.01586275625767531 0.1956318362068646 0.01692987224757007 0.3022777665200397 -0.001067115989894762 -0.106645930313175
6.498 0.01560304960791847 0.1956892393052888 0.01666950887573414 0.3023023519555381 -0.001066459267815667 -0.1066131126502493
6.5 0.01534111324043826 0.1957286241145426 0.01640691639220574 0.3023089392912908 -0.001065803151767482 -0.1065803151767482
6.502 0.01507830350115155 0.1957505092744274 0.01614345114215634 0.3022980471484759 -0.001065147641004791 -0.1065475378740484
6.504 0.01481585607557201 0.1957555059232858 0.01588034881035533 0.3022702866468355 -0.001064492734783323 -0.1065147807235497
6.506 0.01455488429892334 0.1957442979916452 0.01561872273128329 0.3022263416983198 -0.001063838432359952 -0.1064820437066746
6.508 0.01429638012921435 0.1957176239579601 0.01535956486220704 0.3021669507628285 -0.001063184732992693 -0.1064493268048684
6.51 0.01404121730251695 0.1956762603042329 0.01510374893845766 0.3020928903038322 -0.001062531635940701 -0.1064166299995994
6.512 0.01379015620764969 0.1956210068041827 0.01485203534811396 0.3020049600765412 -0.001061879140464266 -0.1063839532723584
6.514 0.01354385005179996 0.1955526736886257 0.01460507729762478 0.3019039702932849 -0.001061227245824815 -0.1063512966046591
6.516 0.01330285193304746 0.1954720706624605 0.01436342788433237 0.3017907306404984 -0.001060575951284908 -0.1063186599780379
6.518 0.0130676224858615 0.1953799976943043 0.01412754774196974 0.3016660410683578 -0.001059925256108236 -0.1062860433740536
6.52 0.01283853781766969 0.1952772374617476 0.01389781297722931 0.3015306842360355 -0.001059275159559618 -0.1062534467742879
6.522 0.01261589750500164 0.1951645493104992 0.01367452316590664 0.3013854194708441 -0.001058625660905001 -0.1062208701603449
6.524 0.01239993246535137 0.195042664572014 0.01345790922476283 0.3012309780858654 -0.001057976759411456 -0.1061883135138514
6.526 0.01219081256344371 0.194912283079316 0.01324814101779089 0.3010680598957726 -0.001057328454347177 -0.1061557768164566
6.528 0.01198865384856031 0.1947740707226881 0.01304533459354178 0.3008973307725203 -0.001056680744981478 -0.1061232600498322
6.53 0.01179352535137715 0.1946286578936597 0.01284955898196194 0.300719421089332 -0.001056033630584793 -0.1060907631956723
6.532 0.01160545539572793 0.1944766386759351 0.0126608425061566 0.3005349249116286 -0.001055387110428671 -0.1060582862356935
6.534 0.01142443740251996 0.1943185706541409 0.01247917858630573 0.3003443998057758 -0.001054741183785777 -0.1060258291516348
6.536 0.01125043518004724 0.1941549752244887 0.01230453102997712 0.3001483671497462 -0.001054095849929886 -0.1059933919252574
6.538 0.01108338770838124 0.193986338305059 0.01213683881651713 0.299947312843404 -0.001053451108135886 -0.105960974538345
6.54 0.01092321343534088 0.1938131113566845 0.01197602039302065 0.2997416883293877 -0.001052806957679772 -0.1059285769727032
6.542 0.01076981410831824 0.19363571263788 0.01182197750615688 0.2995319118480403 -0.001052163397838646 -0.1058961992101603
6.544 0.01062307817118935 0.1934545286290931 0.01167459859908006 0.2993183698616596 -0.001051520427890713 -0.1058638412325665
6.546 0.01048288375795 0.1932699155719252 0.01153376180506528 0.2991014185937196 -0.001050878047115281 -0.1058315030217943
6.548 0.01034910131626431 0.1930822010785837 0.01139933757105707 0.2988813856383221 -0.00105023625479276 -0.1057991845597383
6.55 0.01022159589406538 0.192891685775029 0.01127119094427003 0.2986585716033442 -0.001049595050204655 -0.1057668858283153
6.552 0.01010022912179392 0.1926986449485716 0.01114918355442749 0.2984332517580355 -0.00104895443263357 -0.1057346068094638
6.554 0.009984860921490485 0.1925033301768669 0.01103317532285369 0.2982056776620118 -0.001048314401363201 -0.1057023474851449
6.556 0.009875350972237681 0.192305970920484 0.01092302592791602 0.2979760787578252 -0.001047674955678337 -0.1056701078373412
6.558 0.009771559959595421 0.1921067760657673 0.01081859605446028 0.2977446639138249 -0.001047036094864859 -0.1056378878480576
6.56 0.009673350634462324 0.1919059354083061 0.01071974845267206 0.2975116229076269 -0.001046397818209734 -0.1056056874993208
6.562 0.009580588704762558 0.1917036210704686 0.01062634882976357 0.297277127843648 -0.001045760125001015 -0.1055735067731794
6.564 0.009493143581161441 0.1914999888488817 0.01053826659568928 0.2970413345005855 -0.001045123014527841 -0.1055413456517038
6.566 0.009410888995987628 0.1912951794897416 0.01045537548206806 0.296804383606728 -0.001044486486080432 -0.1055092041169864
6.568 0.009333703512623925 0.1910893198915129 0.01037755405157401 0.2965664020426542 -0.00104385053895009 -0.1054770821511413
6.57 0.009261470940726761 0.1908825242357232 0.01030468611315595 0.2963275039720277 -0.001043215172429191 -0.1054449797363045
6.572 0.009194080671042576 0.1906748950476711 0.01023666105685377 0.2960877919023044 -0.001042580385811194 -0.1054128968546334
6.574 0.009131427941891961 0.1904665241893903 0.01017337412028259 0.2958473576776977 -0.001041946178390627 -0.1053808334883074
6.576 0.009073414048121557 0.1902574937880212 0.01011472659758465 0.2956062834075487 -0.001041312549463092 -0.1053487896195275
6.578 0.009019946501915172 0.1900478771028564 0.01006062600024043 0.2953646423333728 -0.001040679498325261 -0.1053167652305164
6.58 0.00897093915376743 0.1898377393347564 0.01001098617804231 0.2951224996382747 -0.001040047024274876 -0.1052847603035183
6.582 0.008926312280880269 0.189627138381792 0.009965727407491016 0.2948799132025909 -0.001039415126610746 -0.1052527748207989
6.584 0.008885992649274563 0.1894161255448953 0.009924776453907306 0.294636934309541 -0.001038783804632741 -0.1052208087646457
6.586 0.008849913555139113 0.1892047461874859 0.00988806661278091 0.2943936083048532 -0.001038153057641797 -0.1051888621173674
6.588 0.008818014850187468 0.1889930403530072 0.009855537735127378 0.2941499752143015 -0.001037522884939911 -0.1051569348612943
6.59 0.008790242955131412 0.1887810433440651 0.009827136240961548 0.2939060703228434 -0.001036893285830135 -0.1051250269787783
6.592 0.008766550864854263 0.1885687862670971 0.009802815124470845 0.2936619247192896 -0.001036264259616583 -0.1050931384521925
6.594 0.0087468981483194 0.1883562965460912 0.00978253395392382 0.2934175658100227 -0.00103563580560442 -0.1050612692639314
6.596 0.008731250945838053 0.1881435984090338 0.009766258868937918 0.2931730178054447 -0.001035007923099865 -0.105029419396411
6.598 0.008719581965918781 0.187930713350498 0.009753962577328973 0.2929283021825663 -0.001034380611410191 -0.1049975888320683
6.6 0.008711870483575338 0.1877176605738223 0.009745624353419054 0.2926834381271842 -0.001033753869843716 -0.1049657775533619
6.602 0.008708102341661177 0.1875044574161576 0.009741230039370984 0.2924384429589291 -0.001033127697709806 -0.1049339855427714
6.604 0.008708269956527617 0.1872911197595956 0.009740772050846494 0.2921933325423935 -0.001032502094318877 -0.1049022127827979
6.606 0.008712372329057543 0.1870776624315901 0.009744249388039927 0.2919481216875535 -0.001031877058982383 -0.1048704592559634
6.608 0.008720415061891459 0.1868640995977593 0.009751667652904281 0.2917028245425705 -0.001031252591012822 -0.1048387249448112
6.61 0.008732410383459196 0.1866504451501974 0.009763039073182928 0.291457454982103 -0.001030628689723731 -0.1048070098319056
6.612 0.008748377179232074 0.186436713094366 0.009778382533661761 0.2912120269941981 -0.001030005354429687 -0.1047753138998321
6.614 0.008768341030425897 0.1862229179375764 0.009797723614872196 0.2909665550687737 -0.0010293825844463 -0.1047436371311973
6.616 0.00879233426018531 0.1860090750822611 0.009821094639275526 0.2907210545908898 -0.001028760379090215 -0.1047119795086287
6.618 0.008820395987108744 0.1857952012270565 0.009848534724787856 0.2904755422418312 -0.001028138737679111 -0.1046803410147747
6.62 0.008852572185755291 0.1855813147789979 0.009880089845286986 0.2902300364113028 -0.001027517659531695 -0.1046487216323049
6.622 0.008888915753607307 0.1853674362799336 0.00991581289757501 0.2899845576238433 -0.001026897143967704 -0.1046171213439097
6.624 0.008929486583687229 0.1851535888506595 0.00995576377399513 0.2897391289829599 -0.0010262771903079 -0.1045855401323004
6.626 0.008974351641848606 0.1849397986560931 0.01000000943972268 0.2894937766363023 -0.001025657797874072 -0.1045539779802092
6.628 0.009023585047458592 0.1847260953950955 0.01004862401344762 0.2892485302654846 -0.00102503896598903 -0.1045224348703891
6.63 0.009077268155869971 0.1845125128187167 0.01010168884984658 0.2890034236043305 -0.001024420693976606 -0.1044909107856138
6.632 0.009135489640815011 0.1842990892806009 0.01015929262197666 0.2887584949892789 -0.001023802981161651 -0.104459405708678
6.634 0.009198345574412703 0.1840858683236301 0.01022153140128274 0.2885137879460271 -0.001023185826870034 -0.104427919622397
6.636 0.009265939502045982 0.1838728993070338 0.01028850873247462 0.2882693518166405 -0.001022569230428637 -0.1043964525096067
6.638 0.009338382508956805 0.1836602380781848 0.01036033570012217 0.2880252424313487 -0.00102195319116536 -0.104365004353164
6.64 0.009415793274712579 0.1834479476937723 0.01043713098312169 0.2877815228297183 -0.00102133770840911 -0.104333575135946
6.642 0.009498298111205504 0.1832360991948923 0.01051902089269531 0.2875382640357432 -0.001020722781489808 -0.1043021648408508
6.644 0.009586030979006533 0.183024772440987 0.01060613938874491 0.287295545891784 -0.001020108409738381 -0.104270773450797
6.646 0.009679133476150343 0.1828140570075227 0.01069862806863711 0.2870534579562463 -0.001019494592486763 -0.1042394009487235
6.648 0.009777754792427162 0.1826040531525109 0.01079663612149506 0.286812100470101 -0.001018881329067893 -0.1042080473175901
6.65 0.009882051621252223 0.1823948728568995 0.01090032024006793 0.2865715853972762 -0.001018268618815712 -0.1041767125403767
6.652 0.009992188019995766 0.1821866409438536 0.01100984448106093 0.2863320375439377 -0.001017656461065163 -0.104145396600084
6.654 0.01010833520825629 0.1819794962818623 0.01112538006340847 0.2860935957615953 -0.001017044855152186 -0.104114099479733
6.656 0.01023067129214235 0.1817735930762668 0.01124710509255607 0.2858564142386317 -0.001016433800413721 -0.104082821162365
6.658 0.01035938090088732 0.1815691022534726 0.01137520419707502 0.2856206638845143 -0.001015823296187701 -0.1040515616310417
6.66 0.01049465472029634 0.181366212941472 0.0115098680621094 0.2853865338103174 -0.001015213341813056 -0.1040203208688454
6.662 0.01063668890556142 0.1811651340494042 0.01165129284219112 0.2851542329082825 -0.001014603936629704 -0.1039890988588783
6.664 0.0107856843535901 0.180966095947884 0.01179967943356865 0.2849239915321472 -0.001013995079978557 -0.1039578955842631
6.666 0.01094184581277491 0.1807693522501727 0.01195523258397642 0.2846960632783155 -0.001013386771201513 -0.1039267110281428
6.668 0.01110538080532596 0.1805751816925372 0.01211815981496742 0.2844707268662177 -0.001012779009641456 -0.1038955451736805
6.67 0.01127649833480752 0.1803838901094746 0.01228867012944978 0.284248288113534 -0.001012171794642258 -0.1038643980040594
6.672 0.01145540734834372 0.1801958124967046 0.01246697247389249 0.2840290819991877 -0.001011565125548772 -0.1038332695024831
6.674 0.01164231492034254 0.1800113151508615 0.01265327392204937 0.2838134748030366 -0.00101095900170683 -0.1038021596521752
6.676 0.0118374241214628 0.1798307978703656 0.01284777754392605 0.2836018663067448 -0.001010353422463249 -0.1037710684363793
6.678 0.01204093153375603 0.1796546961964504 0.01305067992092185 0.2833946920348095 -0.00100974838716582 -0.1037399958383591
6.68 0.01225302437055413 0.1794834836665997 0.01326216826571744 0.2831924255079983 -0.00100914389516331 -0.1037089418413986
6.682 0.01247387715738987 0.1793176740449491 0.01348241710319533 0.2829955804737505 -0.001008539945805461 -0.1036779064288014
6.684 0.01270364792879611 0.1791578234850718 0.0137115844672391 0.282804713068963 -0.001007936538442988 -0.1036468895838913
6.686 0.01294247389564949 0.1790045325698442 0.01394980756807707 0.2826204238598563 -0.001007333672427577 -0.103615891290012
6.688 0.01319046653813675 0.1788584481611929 0.01419719788524863 0.2824433596917201 -0.001006731347111882 -0.1035849115305272
6.69 0.013447706082538 0.1787202649786364 0.01445383564438753 0.2822742152674567 -0.001006129561849525 -0.1035539502888203
6.692 0.01371423532450018 0.1785907268105288 0.01471976364049527 0.2821137343588236 -0.001005528315995092 -0.1035230075482948
6.694 0.01399005276955316 0.178470627245199 0.0149949803784573 0.2819627105375727 -0.001004927608904136 -0.1034920832923737
6.696 0.01427510507265379 0.1783608097915406 0.01527943251258696 0.2818219872960406 -0.00100432743993317 -0.1034611775045001
6.698 0.01456927877427813 0.1782621672401226 0.0155730065827178 0.2816924574082593 -0.001003727808439666 -0.1034302901681367
6.7 0.01487239135120426 0.1781756400973934 0.01587552006498632 0.2815750613641594 -0.001003128713782058 -0.103399421266766
6.702 0.01518418162637085 0.178102213907912 0.01618671178169059 0.2814707846918023 -0.001002530155319735 -0.1033685707838902
6.704 0.01550429961539088 0.1780429152638852 0.01650623174780392 0.2813806539669164 -0.001001932132413042 -0.1033377387030312
6.706 0.01583229592717337 0.1779988062892696 0.01683363057159665 0.281305731297 -0.001001334644423275 -0.1033069250077305
6.708 0.01616761088377389 0.1779709773792109 0.01716834857448658 0.2812471070607601 -0.001000737690712686 -0.1032761296815492
6.71 0.01650956357965382 0.1779605379769917 0.01750970485029829 0.2812058906850597 -0.001000141270644474 -0.103245352708068
6.712 0.01685734116202593 0.1779686051825785 0.01785688654560872 0.2811831992534657 -0.000999545383582788 -0.1032145940708873
6.714 0.01720998868161043 0.177996290012335 0.01820893871050315 0.2811801437659617 -0.0009989500288927228 -0.1031838537536268
6.716 0.01756639993330993 0.1780446811714625 0.01856475513925025 0.2811978129113884 -0.0009983552059403189 -0.1031531317399259
6.718 0.01792530977742016 0.1781148262624626 0.01892307069151272 0.2812372542759059 -0.0009977609140925596 -0.1031224280134433
6.72 0.01828528849704417 0.1782077104365244 0.01928245564976154 0.2812994529943818 -0.0009971671527173704 -0.1030917425578574
6.722 0.01864473880348347 0.178324232602542 0.01964131272466709 0.2813853079594077 -0.0009965739211836165 -0.1030610753568657
6.724 0.01900189613842663 0.1784651794401092 0.01999787735728773 0.2814956058342946 -0.0009959812188611015 -0.1030304263941853
6.726 0.01935483293328204 0.1786311976171045 0.02035022197840261 0.2816309932706572 -0.0009953890451205657 -0.1029997956535527
6.728 0.01970146746347343 0.1788227647853727 0.02069626486280711 0.2817919479040961 -0.0009947973993336839 -0.1029691831187235
6.73 0.02003957786858985 0.1790401601117504 0.02103378414946291 0.2819787488852231 -0.0009942062808730649 -0.1029385887734727
6.732 0.02036682179239026 0.1792834352861753 0.02136043748150251 0.2821914478877701 -0.0009936156891122488 -0.1029080126015948
6.734 0.02068076192440459 0.1795523871203816 0.02167378754783029 0.2824298417072847 -0.0009930256234257056 -0.1028774545869031
6.736 0.02097889749451139 0.1798465329915388 0.02197133357770022 0.2826934477047693 -0.0009924360831888338 -0.1028469147132305
6.738 0.02125870149020239 0.1801650904786507 0.02225054855798035 0.2829814834430797 -0.0009918470677779585 -0.102816392964429
6.74 0.02151766304035524 0.1805069625645437 0.02250892161692557 0.2832928518889133 -0.0009912585765703297 -0.1027858893243696
6.742 0.0217533340586614 0.1808707297176631 0.02274400466760552 0.2836261334946057 -0.0009906706089441216 -0.1027554037769426
6.744 0.02196337888638062 0.1812546500119916 0.02295346205065905 0.2839795863180489 -0.0009900831642784284 -0.1027249363060573
6.746 0.02214562534768965 0.1816566681857054 0.02313512158964291 0.2843511550813474 -0.0009894962419532657 -0.102694486895642
6.748 0.02229811536311581 0.1820744341835179 0.02328702520446537 0.2847384897131623 -0.0009889098413495682 -0.1026640555296444
6.75 0.02241915308874357 0.1825053312882985 0.02340747705059276 0.2851389734803293 -0.0009883239618491855 -0.1026336421920308
6.752 0.02250734848930248 0.1829465134518935 0.02349508709213736 0.2855497603186802 -0.0009877386028348839 -0.1026032468667867
6.754 0.02256165432967953 0.1833949509168212 0.02354880809336987 0.2859678204547377 -0.0009871537636903429 -0.1025728695379165
6.756 0.02258139478983631 0.1838474827232273 0.02356796423363646 0.2863899929126709 -0.0009865694438001534 -0.1025425101894436
6.758 0.02256628426444754 0.184300874262263 0.02355226990699736 0.2868130430676732 -0.0009859856425498176 -0.1025121688054102
6.76 0.02251643537930317 0.1847518777083982 0.02350183773862892 0.2872337230782757 -0.0009854023593257454 -0.1024818453698775
6.762 0.02243235580634962 0.1851972929724902 0.02341717539986487 0.2876488328394156 -0.0009848195935152548 -0.1024515398669254
6.764 0.02231493404389304 0.1856340267820576 0.02329917138839961 0.2880552790627104 -0.0009842373445065682 -0.1024212522806527
6.766 0.02216541489916311 0.1860591476205728 0.02314907051085193 0.2884501302157499 -0.0009836556116888137 -0.1023909825951771
6.768 0.02198536592035497 0.1864699345298022 0.02296844031480699 0.288830665324437 -0.0009830743944520192 -0.1023607307946349
6.77 0.02177663643475686 0.1868639181712628 0.02275913012694397 0.2891944150344439 -0.0009824936921871154 -0.1023304968631811
6.772 0.02154131113041454 0.1872389130185125 0.02252322463470047 0.2895391938035021 -0.000981913504285931 -0.1023002807849896
6.774 0.02128166025779979 0.1875930400657384 0.02226299408794098 0.2898631226099913 -0.0009813338301411924 -0.1022700825442529
6.776 0.02100008852514036 0.1879247399493071 0.02198084319428689 0.2901646420744892 -0.0009807546691465222 -0.1022399021251821
6.778 0.02069908463192496 0.1882327768455026 0.0216792606526214 0.2904425163575095 -0.0009801760206964371 -0.1022097395120069
6.78 0.02038117315224591 0.1885162339028031 0.02136077103643226 0.2906958285917789 -0.0009795978841863461 -0.1021795946889758
6.782 0.02004887017467828 0.1887745012679313 0.02102789043369083 0.290923968908287 -0.0009790202590125509 -0.1021494676403557
6.784 0.0197046437600902 0.1890072579646198 0.02068308690466244 0.2911266163150518 -0.0009784431445722412 -0.1021193583504321
6.786 0.01935087992313635 0.1892144489840858 0.02032874646339984 0.2913037157875947 -0.0009778665402634949 -0.1020892668035089
6.788 0.01898985450459639 0.1893962589549753 0.01996714495008166 0.2914554519388839 -0.0009772904454852765 -0.1020591929839086
6.79 0.0186237109991109 0.1895530836946377 0.01960042585874834 0.29158222057061 -0.0009767148596374372 -0.1020291368759723
6.792 0.01825444414907701 0.1896855008212203 0.01923058393119772 0.2916845992852796 -0.0009761397821207084 -0.1019990984640592
6.794 0.01788388891877759 0.1897942404448534 0.0188594541311143 0.2917633181774006 -0.0009755652123367051 -0.1019690777325473
6.796 0.01751371432134971 0.1898801567760396 0.01848870547103763 0.2918192314418723 -0.0009749911496879224 -0.1019390746658326
6.798 0.01714542148431546 0.1899442013032309 0.0181198390778932 0.2918532905515607 -0.0009744175935777336 -0.1019090892483297
6.8 0.01678034529817717 0.1899873980132473 0.01775418984158756 0.2918665194777188 -0.0009738445434103898 -0.1018791214644715
6.802 0.01641965899056276 0.1900108209650415 0.01739293098915378 0.2918599922637506 -0.0009732719985910168 -0.1018491712987092
6.804 0.01606438099557321 0.1900155743855951 0.01703708095409882 0.2918348131211072 -0.0009726999585256148 -0.101819238735512
6.806 0.01571538353652949 0.1900027753385515 0.01668751195915055 0.2917920990979194 -0.0009721284226210567 -0.1017893237593679
6.808 0.01537340240260391 0.1899735389222164 0.016344959792889 0.291732965276999 -0.0009715573902850861 -0.1017594263547826
6.81 0.01503904746869019 0.1899289658826482 0.01601003432961651 0.2916585123889284 -0.000970986860926316 -0.1017295465062802
6.812 0.01471281357916234 0.1898701324773878 0.01568323041311656 0.2915698166757907 -0.0009704168339542268 -0.101699684198403
6.814 0.01439509148506086 0.1897980823931081 0.01536493879384003 0.2914679218088195 -0.0009698473087791665 -0.1016698394157114
6.816 0.0140861785885836 0.1897138205030529 0.01505545687339594 0.2913538326458369 -0.0009692782848123468 -0.1016400121427839
6.818 0.01378628930704763 0.1896183082445529 0.01475499906851347 0.2912285106087701 -0.0009687097614658432 -0.1016102023642172
6.82 0.01349556491894036 0.1895124604002492 0.01446370665709295 0.291092870464875 -0.0009681417381525923 -0.1015804100646258
6.822 0.01321408279835671 0.189397143076592 0.01418165701264311 0.2909477783052346 -0.0009675742142863919 -0.1015506352286425
6.824 0.01294186497960101 0.1892731726874204 0.01390887216888291 0.2907940505283385 -0.0009670071892818984 -0.1015208778409181
6.826 0.01267888602352346 0.189141315767431 0.01364532668607808 0.290632453653552 -0.0009664406625546247 -0.101491137886121
6.828 0.01242508017960275 0.1890022894585573 0.01339095481312369 0.2904637048074954 -0.0009658746335209397 -0.1014614153489381
6.83 0.01218034785581167 0.1888567625308974 0.01314565695740974 0.2902884727449712 -0.0009653091015980673 -0.1014317102140738
6.832 0.0119445614213128 0.1887053568178926 0.01290930548751688 0.2901073792841433 -0.0009647440662040832 -0.1014020224662507
6.834 0.01171757037600415 0.1885486489625698 0.01268174990276207 0.2899210010527789 -0.000964179526757915 -0.1013723520902091
6.836 0.01149920592724068 0.1883871723875024 0.01246282140992002 0.2897298714582095 -0.0009636154826793394 -0.1013426990707071
6.838 0.01128928501757032 0.1882214194155049 0.01225233695095931 0.2895344828080257 -0.0009630519333889818 -0.1013130633925209
6.84 0.01108761384865014 0.1880518434807495 0.01205010272695845 0.2893352885211937 -0.0009624888783083147 -0.1012834450404442
6.842 0.0108939909469806 0.1878788613814159 0.01185591726384025 0.2891327053807045 -0.0009619263168596545 -0.1012538439992886
6.844 0.01070820981562001 0.1877028555345417 0.01166957406408618 0.2889271157884251 -0.0009613642484661629 -0.1012242602538834
6.846 0.01053006121454425 0.1875241762022729 0.0114908638870961 0.2887188699913486 -0.0009608026725518436 -0.1011946937890757
6.848 0.01035933510971366 0.1873431436657215 0.0113195766982552 0.2885082882554518 -0.0009602415885415404 -0.1011651445897303
6.85 0.01019582232835666 0.1871600503287003 0.0111555033242176 0.2882956629694298 -0.0009596809958609371 -0.1011356126407295
6.852 0.01003931595499492 0.1869751627384985 0.01099843684893148 0.288081260665472 -0.000959120893936555 -0.1011060979269735
6.854 0.009889612499817426 0.1867887235149874 0.01084817378201318 0.2878653239483673 -0.0009585612821957527 -0.1010766004333798
6.856 0.009746512868175688 0.1866009531827099 0.01070451502824241 0.2876480733275938 -0.0009580021600667229 -0.1010471201448839
6.858 0.009609823157077056 0.1864120519032273 0.01056726668405555 0.2874297089496657 -0.0009574435269784918 -0.1010176570464384
6.86 0.00947935530197554 0.1862222011072121 0.01043624068433646 0.2872104122302259 -0.0009568853823609181 -0.1009882111230138
6.862 0.009354927594609258 0.1860315650273937 0.01031125532025395 0.2869903473869917 -0.0009563277256446908 -0.100958782359598
6.864 0.009236365090304156 0.1858402921347187 0.01019213564656548 0.286769662875915 -0.0009557705562613283 -0.1009293707411963
6.866 0.009123499921124286 0.1856485164811732 0.01007871379476746 0.2865484927340047 -0.0009552138736431766 -0.1008999762528315
6.868 0.009016171529214519 0.1854563589532699 0.009970829206437926 0.286326957832814 -0.0009546576772234076 -0.1008705988795441
6.87 0.008914226833033995 0.1852639284408764 0.009868328799470014 0.2861051670472679 -0.0009541019664360188 -0.1008412386063915
6.872 0.008817520337456353 0.1850713229261576 0.009771067078172184 0.2858832183446067 -0.0009535467407158305 -0.100811895418449
6.874 0.008725914197487914 0.1848786304978776 0.009678906196986399 0.2856611997986865 -0.0009529919994984846 -0.1007825693008089
6.876 0.008639278243897144 0.1846859302961237 0.009591715986117588 0.2854391905347048 -0.0009524377422204441 -0.1007532602385811
6.878 0.008557489978066402 0.1844932933927085 0.009509373946385393 0.2852172616096011 -0.000951883968318991 -0.1007239682168926
6.88 0.008480434542338556 0.1843007836124164 0.009431765219570782 0.2849954768333042 -0.000951330677232225 -0.1006946932208878
6.882 0.008408004671191485 0.1841084583000838 0.009358782539590545 0.2847738935358121 -0.0009507778683990614 -0.1006654352357283
6.884 0.008340100627869298 0.1839163690384681 0.009290326169128529 0.2845525632850611 -0.0009502255412592309 -0.100636194246593
6.886 0.008276630130384393 0.183724562321739 0.009226303825637671 0.284331532560417 -0.0009496736952532779 -0.100606970238678
6.888 0.008217508270129598 0.1835330801891097 0.009166630599952156 0.2841108433863062 -0.0009491223298225574 -0.1005777631971965
6.89 0.008162657425907471 0.1833419608232238 0.009111228870316707 0.2838905339306028 -0.0009485714444092362 -0.100548573107379
6.892 0.008112007175575309 0.183151239117496 0.009060028214031599 0.283670639071969 -0.0009480210384562901 -0.1005193999544731
6.894 0.008065494207172905 0.1829609472166719 0.009012965318580406 0.2834511909404152 -0.0009474711114075019 -0.1004902437237433
6.896 0.008023062230930883 0.1827711150345836 0.008969983893638345 0.2832322194350552 -0.0009469216627074615 -0.1004611044004716
6.898 0.007984661893254823 0.1825817707530678 0.008931034585056386 0.2830137527230245 -0.0009463726918015634 -0.1004319819699567
6.9 0.007950250693409011 0.1823929413058415 0.008896074891545017 0.2827958177233559 -0.0009458241981360052 -0.1004028764175144
6.902 0.007919792903332466 0.1822046528509941 0.008865069084490253 0.2825784405794718 -0.0009452761811577874 -0.1003737877284777
6.904 0.007893259490726943 0.1820169312358073 0.008837988131041655 0.2823616471240036 -0.0009447286403147108 -0.1003447158881964
6.906 0.007870628045249912 0.1818298024573909 0.008814809620305288 0.2821454633394282 -0.0009441815750553756 -0.1003156608820373
6.908 0.007851882707384836 0.181643293122719 0.008795517692214016 0.2819299158181033 -0.0009436349848291798 -0.1002866226953842
6.91 0.007837014099239269 0.1814574309115028 0.008780102968325588 0.2817150322251407 -0.0009430888690863184 -0.1002576013136379
6.912 0.007826019256248345 0.1812722450453537 0.008768562483526126 0.2815008417675694 -0.0009425432272777809 -0.1002285967222157
6.914 0.007818901558417609 0.181087766766713 0.008760899617272959 0.2812873756732652 -0.0009419980588553514 -0.1001996089065523
6.916 0.00781567065942391 0.1809040298309337 0.008757124022695515 0.2810746676830325 -0.0009414533632716053 -0.1001706378520988
6.918 0.007816342411496069 0.1807210710150382 0.00875725155147598 0.2808627545593616 -0.0009409091399799108 -0.1001416835443234
6.92 0.007820938783619885 0.1805389306464626 0.008761304172054309 0.2806516766151736 -0.0009403653884344238 -0.100112745968711
6.922 0.007829487770134076 0.1803576531553485 0.008769309878224166 0.2804414782661117 -0.00093982210809009 -0.1000838251107631
6.924 0.007842023286315348 0.1801772876537077 0.008781302584717989 0.280232208609706 -0.000939279298402641 -0.1000549209559983
6.926 0.007858585046987044 0.1799978885448547 0.008797322005815639 0.2800239220348062 -0.0009387369588285951 -0.1000260334899515
6.928 0.007879218423545012 0.179819516166476 0.008817413512370266 0.2798166788646507 -0.0009381950888252536 -0.09999716269817473
6.93 0.007903974274159526 0.1796422374704769 0.008841627962010228 0.2796105460367133 -0.0009376536878507018 -0.09996830856623636
6.932 0.007932908741093609 0.179466126742697 0.008870021496457414 0.2794055978224185 -0.0009371127553638053 -0.0999394710797215
6.934 0.007966083008244147 0.1792912663653576 0.008902655299068358 0.2792019165895896 -0.0009365722908242111 -0.099910650224232
6.936 0.008003563011104369 0.1791177476246831 0.008939595304796714 0.2789995936100692 -0.000936032293692344 -0.09988184598538613
6.938 0.008045419090232878 0.1789456715658888 0.008980911853662286 0.2787987299147077 -0.0009354927634294069 -0.09985305834881886
6.94 0.008091725578274299 0.1787751498969758 0.009026679277771678 0.2785994371971575 -0.0009349536994973787 -0.09982428730018167
6.942 0.00814256030925406 0.1786063059422038 0.009076975410613072 0.2784018387673464 -0.0009344151013590131 -0.09979553282514259
6.944 0.00819800403761433 0.1784392756450445 0.009131881006092166 0.2782060705544306 -0.0009338769684778367 -0.09976679490938611
6.946 0.008258139752981569 0.1782742086193418 0.009191479053299718 0.278012282157955 -0.0009333393003181486 -0.09973807353861322
6.948 0.008323051875202728 0.1781112692458605 0.009255853971547746 0.2778206379444019 -0.0009328020963450189 -0.09970936869854141
6.95 0.008392825312684347 0.1779506378095404 0.009325090668708633 0.277631318184445 -0.0009322653560242871 -0.09968068037490455
6.952 0.008467544365434372 0.1777925116706554 0.009399273444256933 0.2774445202241083 -0.0009317290788225603 -0.09965200855345291
6.954 0.008547291452805538 0.1776371064602442 0.009478484717012752 0.2772604596801975 -0.000931193264207213 -0.09962335321995322
6.956 0.008632145644430041 0.1774846572870281 0.009562803556076426 0.2770793716472166 -0.0009306579116463845 -0.09959471436018848
6.958 0.008722180971678539 0.1773354199391332 0.009652303992287519 0.2769015118990913 -0.0009301230206089793 -0.09956609195995811
6.96 0.008817464496064827 0.1771896720594002 0.00974705308662949 0.276727158064478 -0.0009295885905646633 -0.09953748600507779
6.962 0.008918054110453811 0.1770477142678573 0.009847108731437676 0.2765566107492368 -0.0009290546209838651 -0.09950889648137953
6.964 0.009023996049178029 0.1769098711988232 0.009952517160515801 0.2763901945735348 -0.0009285211113377727 -0.09948032337471154
6.966 0.009135322083961539 0.176776492413319 0.01006331014505987 0.2762282590842574 -0.000927988061098334 -0.09945176667093837
6.968 0.009252046384800719 0.1766479531396706 0.01017950185453897 0.2760711794956113 -0.0009274554697382534 -0.09942322635594075
6.97 0.009374162028069353 0.1765246547868811 0.01030108536480034 0.2759193572024967 -0.0009269233367309919 -0.09939470241561559
6.972 0.009501637139490092 0.1764070251660859 0.01042802880104086 0.2757732200019619 -0.0009263916615507657 -0.09936619483587597
6.974 0.00963441066663576 0.1762955183458908 0.01056027111030831 0.275633221948542 -0.0009258604436725448 -0.09933770360265119
6.976 0.009772387785256536 0.1761906140575694 0.01069771746782859 0.2754998427594559 -0.0009253296825720511 -0.09930922870188659
6.978 0.009915434956481735 0.1760928165564624 0.01084023433420749 0.2753735866760061 -0.0009247993777257582 -0.09928077011954371
6.98 0.01006337466758213 0.1760026528371529 0.01098764419619302 0.2752549806787529 -0.0009242695286108888 -0.09925232784160005
6.982 0.01021597990853558 0.1759206700926856 0.01113972004324099 0.2751445719467349 -0.0009237401347054146 -0.09922390185404931
6.984 0.01037296846013299 0.1758474323032251 0.01129617965562104 0.2750429244461262 -0.0009232111954880546 -0.09919549214290112
6.986 0.0105339970963914 0.1757835158383411 0.01145667980682967 0.2749506145325222 -0.0009226827104382732 -0.09916709869418118
6.988 0.01069865583549581 0.1757295039607406 0.01162081051453209 0.2748682254546718 -0.0009221546790362799 -0.09913872149393113
6.99 0.01086646240751991 0.1756859801294178 0.01178808950828294 0.2747963406576265 -0.0009216271007630275 -0.09911036052820867
6.992 0.01103685714413389 0.175653520018326 0.0119579571192341 0.2747355358014134 -0.0009210999751002112 -0.09908201578308734
6.994 0.01120919853276297 0.1756326821945052 0.01212977183429324 0.2746863694391619 -0.0009205733015302664 -0.09905368724465666
6.996 0.01138275971400029 0.1756239974385624 0.01230280679353665 0.2746493723375844 -0.0009200470795363682 -0.09902537489902204
6.998 0.01155672623309921 0.1756279567416192 0.01247624754170164 0.274625035473924 -0.0009195213086024311 -0.0989970787323048
7 0.01173019538068107 0.1756449980768349 0.01264919136889417 0.2746137968074769 -0.0009189959882131047 -0.09896879873064204
7.002 0.01190217747061561 0.1756754921200739 0.01282064858846938 0.2746160270002606 -0.0009184711178537761 -0.09894053488018675
7.004 0.01207159939926191 0.1757197271814853 0.01298954609627248 0.2746320143485931 -0.0009179466970105658 -0.09891228716710773
7.006 0.01223731080587452 0.175777893704864 0.01315473353104485 0.2746619492824535 -0.0009174227251703282 -0.0988840555775895
7.008 0.01239809310433878 0.1758500687897404 0.01331499230615943 0.2747059088875728 -0.0009168992018206492 -0.09885584009783245
7.01 0.01255267157814161 0.1759362012855324 0.01346904770459146 0.274763841999585 -0.000916376126449846 -0.09882764071405263
7.012 0.01269973062262142 0.1760360980899628 0.01361558412116839 0.2748355555024446 -0.0009158534985469651 -0.09879945741248182
7.014 0.01283793208093172 0.1761494123452478 0.0137532633985335 0.2749207025246153 -0.0009153313176017809 -0.09877129017936756
7.016 0.0129659364576907 0.176275634255826 0.0138807460407955 0.275018773256799 -0.0009148095831047952 -0.09874313900097297
7.018 0.01308242661353858 0.1764140852407786 0.01399671490808582 0.2751290891043555 -0.0009142882945472355 -0.09871500386357689
7.02 0.01318613335613637 0.1765639160747209 0.01409990080755742 0.2752508008281946 -0.0009137674514210535 -0.09868688475347377
7.022 0.01327586216271857 0.1767241095586604 0.0141891092159375 0.2753828912156341 -0.0009132470532189242 -0.09865878165697364
7.024 0.0133505201121851 0.176893488096284 0.01426324721161935 0.2755241826566862 -0.0009127270994342457 -0.09863069456040219
7.026 0.01340914198842013 0.1770707263376364 0.01432134957798127 0.2756733497877369 -0.0009122075895611354 -0.09860262345010058
7.028 0.01345091445599595 0.1772543688010469 0.01436260297909038 0.2758289371134726 -0.0009116885230944315 -0.0985745683124256
7.03 0.01347519721777007 0.1774428521136818 0.01438636711729975 0.2759893812474312 -0.0009111698995296892 -0.09854652913374946
7.032 0.01348154014685127 0.1776345312407994 0.01439219186521445 0.2761530371412594 -0.0009106517183631825 -0.09851850590045998
7.034 0.01346969554315279 0.1778277088273404 0.01437982952224469 0.2763182074263008 -0.0009101339790919 -0.09849049859896038
7.036 0.01343962488875097 0.1780206665759658 0.01434924156996452 0.2764831737916351 -0.0009096166812135456 -0.09846250721566931
7.038 0.01339149975078106 0.1782116974511106 0.0143005995750076 0.2766462291881315 -0.0009090998242265363 -0.09843453173702096
7.04 0.01332569678427085 0.1783991374434322 0.01423428019190085 0.276805709592897 -0.0009085834076300017 -0.0984065721494648
7.042 0.01324278709484617 0.1785813956588209 0.01415085452576995 0.2769600240982867 -0.0009080674309237825 -0.09837862843946579
7.044 0.01314352050730412 0.1787569816066013 0.01405107240091255 0.2771076822001055 -0.0009075518936084289 -0.0983507005935042
7.046 0.01302880552746968 0.1789245287436687 0.01393584232265488 0.2772473173417443 -0.0009070367951851999 -0.09832278859807567
7.048 0.01289968596409032 0.1790828135652622 0.01380620809924638 0.2773777060049533 -0.0009065221351560617 -0.09829489243969111
7.05 0.01275731528388156 0.1792307697986223 0.01366332319690524 0.2774977819034991 -0.0009060079130236873 -0.09826701210487684
7.052 0.01260292980367242 0.1793674975285877 0.01350842393196388 0.277606645108762 -0.0009054941282914536 -0.09823914758017431
7.054 0.01243782178315715 0.179492267343235 0.01334280256362059 0.2777035661953753 -0.0009049807804634425 -0.09821129885214035
7.056 0.01226331338099206 0.17960451981423 0.01316778125003649 0.277787985721577 -0.000904467869044438 -0.09818346590734699
7.058 0.01208073229067969 0.1797038608078445 0.01298468768421961 0.2778595095402259 -0.0009039553935399254 -0.09815564873238142
7.06 0.01189138969746952 0.179790053251815 0.01279483305092561 0.2779179005656611 -0.0009034433534560903 -0.09812784731384612
7.062 0.01169656101057117 0.1798630060583188 0.01259949275887099 0.2779630676966774 -0.0009029317482998173 -0.09810006163835862
7.064 0.01149746964068861 0.1799227609283321 0.0123998902182673 0.2779950526208838 -0.0009024205775786895 -0.09807229169255174
7.066 0.01129527392378131 0.1799694777440052 0.01219718376458229 0.2780140152070785 -0.0009019098408009858 -0.09804453746307333
7.068 0.01109105714633754 0.1800034192027032 0.01199245668381322 0.2780202181392896 -0.0009013995374756807 -0.09801679893658634
7.07 0.01088582050999173 0.1800249352692142 0.01178671017710417 0.2780140113689831 -0.0009008896671124435 -0.09798907609976885
7.072 0.01068047878629977 0.180034447930692 0.01158085901552141 0.277995816870006 -0.0009003802292216361 -0.09796136893931402
7.074 0.01047585835407297 0.1800324366413236 0.01137572957738728 0.2779661140832536 -0.0008998712233143129 -0.09793367744192999
7.076 0.0102726972802436 0.1800194247469322 0.01117205992914582 0.2779254263412722 -0.0008993626489022185 -0.09790600159433997
7.078 0.01007164709534958 0.1799959670898634 0.01097050160084736 0.2778743084731455 -0.0008988545054977871 -0.09787834138328211
7.08 0.009873275923074156 0.1799626389144051 0.0107716227156883 0.2778133357099147 -0.0008983467926141422 -0.09785069679550963
7.082 0.009678072644595487 0.179920026125087 0.01057591215436058 0.2777430939428776 -0.0008978395097650935 -0.09782306781779065
7.084 0.009486451808371502 0.1798687168951439 0.01038378446483664 0.2776641713320522 -0.0008973326564651379 -0.09779545443690825
7.086 0.009298759031461391 0.1798092945797337 0.01019558526369085 0.277577151219394 -0.0008968262322294557 -0.09776785663966035
7.088 0.009115276675755285 0.1797423318574122 0.0100115969123292 0.277482606270272 -0.0008963202365739126 -0.09774027441285989
7.09 0.00893622961945977 0.1796683860024404 0.009832044288474827 0.277381093745775 -0.0008958146690150562 -0.09771270774333458
7.092 0.008761790979651806 0.1795879951780481 0.009657100508721921 0.2772731517959751 -0.0008953095290701154 -0.09768515661792704
7.094 0.00859208767359463 0.1795016756353044 0.00948689248985163 0.2771592966587991 -0.0008948048162569996 -0.09765762102349469
7.096 0.008427205735257954 0.1794099197021299 0.009321506265352251 0.2770400206490398 -0.000894300530094298 -0.09763010094690981
7.098 0.008267195327877553 0.1793131944508467 0.00916099199797883 0.2769157908259061 -0.0008937966701012764 -0.09760259637505939
7.1 0.008112075414201446 0.1792119409393162 0.009005368649999325 0.2767870482341614 -0.000893293235797879 -0.09757510729484525
7.102 0.007961838062886133 0.1791065739291369 0.008854628289590858 0.2766542076223208 -0.0008927902267047248 -0.09754763369318394
7.104 0.007816452383033683 0.1789974819937905 0.00870874002537679 0.2765176575507973 -0.0008922876423431077 -0.09752017555700673
7.106 0.007675868089473437 0.1788850279394171 0.008567653571708432 0.2763777608126768 -0.0008917854822349953 -0.09749273287325964
7.108 0.007540018709131412 0.178769549470571 0.008431302455034439 0.2762348550994743 -0.0008912837459030267 -0.09746530562890329
7.11 0.007408824444690689 0.17865136004263 0.008299606877561202 0.276089253853543 -0.0008907824328705129 -0.09743789381091301
7.112 0.00728219471549944 0.1785307498511661 0.008172476258160874 0.275941247257445 -0.0008902815426614349 -0.09741049740627884
7.114 0.007160030398119637 0.1784079869164949 0.00804981147292008 0.2757911033185003 -0.0008897810748004426 -0.09738311640200535
7.116 0.007042225790237989 0.1782833182287576 0.007931506819050842 0.2756390690138694 -0.0008892810288128535 -0.09735575078511176
7.118 0.006928670321886413 0.1781569709251264 0.007817451726111065 0.2754853714677583 -0.0008887814042246515 -0.09732840054263184
7.12 0.006819250037751866 0.1780291534762666 0.007707532238314353 0.2753302191378806 -0.0008882822005624873 -0.09730106566161399
7.122 0.006713848873360951 0.1779000568638304 0.007601632290714626 0.2751738029929515 -0.0008877834173536744 -0.09727374612912106
7.124 0.006612349746987736 0.1777698557348955 0.007499634801113926 0.2750162976671259 -0.0008872850541261908 -0.09724644193223049
7.126 0.006514635487588832 0.1776387095225694 0.007401422597997507 0.2748578625806036 -0.0008867871104086755 -0.09721915305803418
7.128 0.00642058961767506 0.1775067635248708 0.007306879203405491 0.2746986430185093 -0.0008862895857304303 -0.09719187949363856
7.13 0.006330097008509749 0.1773741499363733 0.007215889488131164 0.2745387711625378 -0.0008857924796214153 -0.09716462122616448
7.132 0.006243044423366137 0.17724098882894 0.007128340214978388 0.2743783670716872 -0.0008852957916122506 -0.09713737824274725
7.134 0.006159320963187861 0.177107389079512 0.007044120484422075 0.2742175396100486 -0.0008847995212342133 -0.09711015053053657
7.136 0.006078818427521736 0.1769734492441289 0.006963122095540974 0.2740563873208255 -0.0008843036680192375 -0.09708293807669659
7.138 0.006001431602171615 0.1768392583782916 0.006885239833671528 0.2738949992466974 -0.0008838082314999129 -0.09705574086840582
7.14 0.005927058483885506 0.1767048968046278 0.006810371695094989 0.2737334556974849 -0.0008833132112094833 -0.09702855889285708
7.142 0.005855600451090205 0.1765704368292829 0.006738419057772051 0.2735718289665405 -0.0008828186066818459 -0.09700139213725759
7.144 0.005786962388733355 0.1764359434089756 0.006669286806184906 0.2734101839978045 -0.0008823244174515511 -0.09697424058882892
7.146 0.005721052774257104 0.1763014747708805 0.006602883417310902 0.2732485790056874 -0.0008818306430537986 -0.09694710423480683
7.148 0.005657783730906155 0.1761670829877602 0.006539121013930595 0.2730870660502017 -0.00088133728302444 -0.09691998306244147
7.15 0.005597071053768101 0.1760328145108484 0.006477915390668075 0.2729256915698455 -0.0008808443368999739 -0.09689287705899714
7.152 0.005538834213239009 0.1758987106630366 0.006419186017456558 0.2727644968747891 -0.0008803518042175495 -0.09686578621175251
7.154 0.005482996340024819 0.1757648080949681 0.00636285602453978 0.2726035186029684 -0.0008798596845149601 -0.09683871050800037
7.156 0.005429484195203831 0.1756311392065621 0.006308852172534476 0.2724427891416099 -0.0008793679773306462 -0.09681164993504776
7.158 0.005378228128421863 0.1754977325364777 0.006257104810625555 0.2722823370166935 -0.0008788766822036921 -0.09678460448021582
7.16 0.005329162026846778 0.1753646131219204 0.006207547825520605 0.2721221872527604 -0.0008783857986738269 -0.09675757413083999
7.162 0.005282223257128568 0.175231802831099 0.006160118583409989 0.2719623617053687 -0.0008778953262814205 -0.09673055887426973
7.164 0.005237352602322541 0.1750993206705833 0.006114757866890027 0.271802879368452 -0.0008774052645674855 -0.0967035586978687
7.166 0.005194494195392535 0.1749671830696407 0.006071409808466208 0.2716437566586552 -0.0008769156130736737 -0.09667657358901456
7.168 0.005153595450720352 0.1748354041436157 0.00603002182206263 0.2714850076787149 -0.0008764263713422777 -0.09664960353509917
7.17 0.005114606994767411 0.1747039959381901 0.005990544533683638 0.2713266444617185 -0.0008759375389162268 -0.09662264852352839
7.172 0.005077482596908196 0.1745729686563934 0.005952931712247284 0.2711686771981155 -0.0008754491153390879 -0.09659570854172213
7.174 0.005042179101240055 0.174442330870028 0.00591714020139512 0.2710111144471423 -0.0008749611001550641 -0.09656878357711431
7.176 0.005008656360051689 0.1743120897171178 0.005883129852960683 0.2708539633342706 -0.0008744734929089934 -0.09654187361715287
7.178 0.004976877169524127 0.1741822510869574 0.005850863462670474 0.2706972297362572 -0.0008739862931463478 -0.09651497864929975
7.18 0.004946807208087662 0.1740528197941436 0.005820306708500893 0.2705409184551745 -0.0008734995004132318 -0.09648809866103084
7.182 0.004918414977795488 0.1739237997430002 0.00579142809205187 0.270385033382836 -0.0008730131142563818 -0.0964612336398359
7.184 0.004891671748989395 0.1737951940837171 0.00576419888321256 0.2702295776569359 -0.0008725271342231655 -0.09643438357321876
7.186 0.004866551508425358 0.1736670053614094 0.005738593068286937 0.2700745538101065 -0.0008720415598615792 -0.09640754844869706
7.188 0.00484303091100625 0.1735392356593525 0.0057145873017265 0.2699199639131549 -0.0008715563907202496 -0.09638072825380237
7.19 0.004821089235156946 0.1734118867375004 0.005692160861505374 0.2697658097135804 -0.0008710716263484285 -0.09635392297608003
7.192 0.004800708341862642 0.1732849601674489 0.00567129560815864 0.2696120927705383 -0.0008705872662959971 -0.09632713260308939
7.194 0.004781872637299176 0.1731584574649043 0.005651975947412635 0.2694588145873078 -0.0008701033101134595 -0.09630035712240349
7.196 0.00476456903895774 0.1730323802207539 0.005634188796309686 0.2693059767423632 -0.0008696197573519459 -0.09627359652160927
7.198 0.004748786945092263 0.1729067302317877 0.005617923552655472 0.2691535810200951 -0.0008691366075632091 -0.09624685078830739
7.2 0.004734518207267367 0.172781509632096 0.005603172067566992 0.2690016295422083 -0.0008686538602996251 -0.09622011991011231
7.202 0.004721757105730725 0.1726567210262238 0.005589928620844915 0.2688501249008761 -0.0008681715151141902 -0.09619340387465228
7.204 0.004710500327260225 0.1725323676250894 0.005578189898820748 0.2686990702946586 -0.000867689571560522 -0.09616670266956924
7.206 0.004700746945073985 0.1724084533857577 0.005567954974266842 0.2685484696682765 -0.0008672080291928564 -0.09614001628251882
7.208 0.004692498400308416 0.1722849831561163 0.005559225287874465 0.2683983278572867 -0.0008667268875660484 -0.09611334470117042
7.21 0.004685758484485891 0.1721619628255273 0.005552004630721461 0.2682486507387344 -0.00086624614623557 -0.09608668791320706
7.212 0.004680533322295041 0.1720393994825879 0.00554629912705255 0.2680994453889133 -0.0008657658047575089 -0.09606004590632544
7.214 0.004676831353896769 0.1719173015810876 0.005542117216585337 0.2679507202493234 -0.000865285862688568 -0.09603341866823584
7.216 0.00467466331584181 0.1717956791153575 0.005539469635427875 0.2678024853020198 -0.0008648063195860655 -0.09600680618666228
7.218 0.004674042219547283 0.1716745438061203 0.005538369394555214 0.2676547522554626 -0.0008643271750079315 -0.09598020844934228
7.22 0.004674983326111882 0.1715539092980889 0.00553883175462459 0.2675075347421159 -0.0008638484285127085 -0.09595362544402698
7.222 0.004677504116071298 0.1714337913704738 0.005540874195730849 0.2673608485289549 -0.0008633700796595499 -0.09592705715848106
7.224 0.004681624252489515 0.1713142081616169 0.005544516380497735 0.2672147117420997 -0.0008628921280082199 -0.09590050358048278
7.226 0.004687365535530435 0.1711951804089764 0.005549780108649526 0.2670691451068002 -0.0008624145731190912 -0.0958739646978239
7.228 0.004694751846416211 0.1710767317056085 0.005556689260969356 0.2669241722039182 -0.0008619374145531446 -0.09584744049830968
7.23 0.004703809078355845 0.1709588887743011 0.005565269730227813 0.2667798197440599 -0.0008614606518719673 -0.09582093096975883
7.232 0.004714565051703531 0.1708416817604464 0.005575549336341286 0.2666361178604501 -0.0008609842846377544 -0.09579443610000368
7.234 0.004727049410249229 0.1707251445445652 0.005587557722662533 0.266493100421455 -0.0008605083124133041 -0.09576795587688987
7.236 0.004741293495099143 0.1706093150753635 0.005601326229861162 0.26635080536364 -0.0008600327347620194 -0.09574149028827648
7.238 0.004757330192197332 0.1704942357238732 0.005616887743445238 0.2662092750459093 -0.000859557551247906 -0.09571503932203607
7.24 0.0047751937490034 0.1703799536590667 0.005634276510438972 0.2660685566251212 -0.0008590827614355723 -0.09568860296605453
7.242 0.004794919555342489 0.1702665212449073 0.005653527920232717 0.2659287024531385 -0.0008586083648902276 -0.0956621812082312
7.244 0.00481654388284573 0.1701539964584116 0.00567467824402341 0.2657897704948903 -0.0008581343611776802 -0.09563577403647869
7.246 0.004840103576811628 0.1700424433276995 0.005697764326675966 0.2656518247664225 -0.0008576607498643383 -0.09560938143872301
7.248 0.004865635693700127 0.1699319323883052 0.005722823224217336 0.2655149357912087 -0.0008571875305172085 -0.09558300340290349
7.25 0.004893177076801018 0.1698225411552083 0.005749891779504912 0.265379181072181 -0.0008567147027038936 -0.09555663991697275
7.252 0.004922763862033464 0.1697143546069421 0.005779006128026056 0.2652446455758388 -0.000856242265992593 -0.09553029096889668
7.254 0.004954430905189424 0.1696074656769273 0.005810201125141524 0.2651114222235817 -0.0008557702199521008 -0.09550395654665443
7.256 0.004988211121429845 0.1695019757456547 0.00584350968558165 0.2649796123838931 -0.0008552985641518053 -0.09547763663823845
7.258 0.005024134727416406 0.1693979951255611 0.005878962025578095 0.2648493263572155 -0.0008548272981616885 -0.0954513312316544
7.26 0.005062228376164903 0.1692956435284187 0.005916584797717227 0.2647206838433399 -0.000854356421552324 -0.09542504031492111
7.262 0.005102514174709338 0.1691950505026281 0.005956400108604215 0.2645938143786987 -0.0008538859338948763 -0.09539876387607064
7.264 0.005145008574888321 0.1690963558251254 0.005998424409649421 0.2644688577282736 -0.0008534158347611006 -0.09537250190314822
7.266 0.005189721128275413 0.1689997098295359 0.006042667251998754 0.2643459642137482 -0.0008529461237233412 -0.09534625438421225
7.268 0.005236653097480396 0.1689052736488077 0.006089129897834926 0.2642252949561419 -0.0008524768003545301 -0.09532002130733422
7.27 0.005285795917855014 0.1688132193469306 0.006137803782083202 0.2641070220075294 -0.0008520078642281877 -0.09529380266059882
7.272 0.005337129506372282 0.1687237299103674 0.006188668821290702 0.2639913283424711 -0.0008515393149184191 -0.09526759843210375
7.274 0.005390620417985454 0.1686369990658638 0.00624169156998537 0.2638784076758237 -0.0008510711519999166 -0.09524140860995989
7.276 0.005446219854659392 0.1685532308872092 0.006296823229707348 0.2637684640695003 -0.0008506033750479553 -0.0952152331822911
7.278 0.0055038615382067 0.1684726391498326 0.006353997521845095 0.2636617112870669 -0.0008501359836383944 -0.09518907213723436
7.28 0.005563459465710504 0.1683954463887819 0.006413128443058179 0.2635583718517215 -0.0008496689773476754 -0.09516292546293964
7.282 0.005624905575363628 0.168321882613298 0.006474107931116449 0.2634586757608679 -0.0008492023557528214 -0.09513679314756991
7.284 0.005688067361268752 0.168252183630117 0.006536803479700187 0.2633628588094182 -0.0008487361184314361 -0.09511067517930123
7.286 0.005752785488160025 0.1681865889283916 0.006601055753121727 0.2632711604747141 -0.0008482702649617021 -0.09508457154632248
7.288 0.005818871470715804 0.1681253390823697 0.006666676265638186 0.2631838213192053 -0.0008478047949223817 -0.09505848223683565
7.29 0.005886105497006178 0.168068672634262 0.006733445204898991 0.2631010798733175 -0.0008473397078928137 -0.09503240723905558
7.292 0.005954234491169752 0.1680168224298304 0.006801109494622666 0.2630231689710404 -0.0008468750034529148 -0.09500634654121007
7.294 0.006022970525493386 0.1679700113937241 0.006869381206676562 0.2629503115252639 -0.0008464106811831762 -0.0949803001315398
7.296 0.006091989706180917 0.1679284477510078 0.006937936446845582 0.2628827157493062 -0.0008459467406646649 -0.09495426799829838
7.298 0.006160931668268161 0.1678923197260042 0.007006414849747182 0.2628205698557564 -0.0008454831814790211 -0.09492825012975226
7.3 0.00622939982229309 0.1678617897794642 0.007074419825501548 0.262764036293645 -0.0008450200032084588 -0.09490224651418076
7.302 0.006296962496206295 0.1678369884797212 0.007141519701642058 0.2627132456195972 -0.0008445572054357635 -0.09487625713987605
7.304 0.006363155109029222 0.1678180081418552 0.007207249896773513 0.2626682901369983 -0.0008440947877442906 -0.09485028199514305
7.306 0.006427483495905106 0.1678048964092472 0.007271116245623074 0.2626292174775468 -0.0008436327497179677 -0.09482432106829956
7.308 0.00648942847589672 0.1677976499917192 0.00733259956683801 0.2625960243393953 -0.0008431710909412901 -0.09479837434767611
7.31 0.006548451713484451 0.1677962088107025 0.007391161524483774 0.2625686506323185 -0.0008427098109993219 -0.09477244182161604
7.312 0.006604002871832261 0.1678004508305811 0.007446251781309955 0.2625469743090565 -0.0008422489094776942 -0.0947465234784754
7.314 0.006655527991982554 0.1678101878726053 0.007497316377945159 0.2625308071792283 -0.0008417883859626053 -0.094720619306623
7.316 0.006702478959593858 0.1678251627094136 0.007543807199634676 0.2625198920038539 -0.0008413282400408178 -0.09469472929444034
7.318 0.006744323843656752 0.1678450477206531 0.007585192314956412 0.2625139011509747 -0.0008408684712996593 -0.09466885343032164
7.32 0.006780557815467001 0.1678694453512614 0.007620966894794022 0.2625124370539351 -0.000840409079327021 -0.09464299170267376
7.322 0.006810714287197791 0.1678978905526052 0.007650664350909148 0.2625150346525215 -0.0008399500637113572 -0.09461714409991627
7.324 0.006834375855080523 0.1679298553047616 0.007673867279122206 0.262521165915243 -0.0008394914240416833 -0.09459131061048136
7.326 0.006851184598807653 0.1679647552188943 0.00769021775871523 0.2625302464417082 -0.0008390331599075759 -0.09456549122281385
7.328 0.006860851282383943 0.1680019581089376 0.007699426553283113 0.2625416440343087 -0.0008385752708991706 -0.09453968592537113
7.33 0.006863163025465384 0.1680407943089964 0.007701280782072549 0.2625546890156197 -0.0008381177566071642 -0.09451389470662327
7.332 0.006857989069307817 0.1680805684067918 0.007695649685930625 0.2625686859618446 -0.0008376606166228092 -0.09448811755505288
7.334 0.006845284345417981 0.1681205719737192 0.007682488195955897 0.2625829264328742 -0.0008372038505379165 -0.09446235445915505
7.336 0.006825090662267807 0.1681600968067424 0.00766183812021266 0.26259670221418 -0.0008367474579448528 -0.09443660540743753
7.338 0.006797535447938489 0.1681984481632672 0.007633826886375029 0.2626093185516877 -0.0008362914384365404 -0.09441087038842053
7.34 0.006762828114200129 0.1682349574707439 0.007598663905806585 0.2626201068613806 -0.0008358357916064562 -0.09438514939063675
7.342 0.006721254229741679 0.1682689940275048 0.00755663474679031 0.2626284364301362 -0.0008353805170486305 -0.09435944240263144
7.344 0.006673167797030683 0.1682999752775371 0.007508093411388329 0.2626337246904994 -0.0008349256143576454 -0.09433374941296227
7.346 0.006618982010533352 0.168327375332137 0.007453453093661988 0.2626354457423364 -0.000834471083128636 -0.09430807041019938
7.348 0.006559158928251558 0.1683507315179247 0.007393175851208846 0.2626331369008502 -0.000834016922957288 -0.09428240538292541
7.35 0.006494198511620606 0.168369648843262 0.007327761645060442 0.2626264031629973 -0.0008335631334398363 -0.09425675431973532
7.352 0.006424627481505095 0.1683838023850081 0.007257737195678161 0.2626149195942447 -0.0008331097141730652 -0.09423111720923652
7.354 0.006350988404121762 0.1683929376962251 0.007183645068876069 0.2625984317362739 -0.0008326566647543069 -0.09420549404004883
7.356 0.00627382936583215 0.1683968694169773 0.007106033350613592 0.2625767542177817 -0.000832203984781442 -0.09417988480080443
7.358 0.006193694526551508 0.1683954783311107 0.007025446200404403 0.2625497678112585 -0.000831751673852896 -0.09415428948014784
7.36 0.006111115765256137 0.1683887071502367 0.006942415496823777 0.2625174152169726 -0.0008312997315676404 -0.0941287080667359
7.362 0.006026605553953452 0.1683765553231406 0.006857453711478643 0.2624796958723785 -0.0008308481575251915 -0.09410314054923784
7.364 0.005940651124102804 0.1683590731667424 0.006771048075428414 0.2624366600830776 -0.000830396951325609 -0.09407758691633515
7.366 0.005853709925846461 0.1683363555971188 0.006683656038415957 0.2623884027538404 -0.0008299461125694953 -0.09405204715672158
7.368 0.005766206327848468 0.1683085357101264 0.006595701968706463 0.2623350569692296 -0.0008294956408579951 -0.0940265212591032
7.37 0.005678529465473621 0.1682757784247946 0.006507575001266416 0.2622767876369929 -0.0008290455357927939 -0.09400100921219832
7.372 0.005591032116998974 0.1682382743627998 0.006419627913975092 0.2622137853675373 -0.0008285957969761172 -0.09397551100473747
7.374 0.005504030471133295 0.1681962340969444 0.006332176895144025 0.2621462607224078 -0.0008281464240107303 -0.09395002662546345
7.376 0.00541780464216626 0.168149882863352 0.006245502058666196 0.2620744389264832 -0.0008276974164999358 -0.09392455606313119
7.378 0.00533259979030452 0.1680994557975105 0.006159848564352095 0.2619985551040183 -0.0008272487740475754 -0.09389909930650787
7.38 0.005248627711945533 0.1680451937245415 0.006075428208203558 0.2619188500689144 -0.0008268004962580262 -0.09387365634437282
7.382 0.005166068775960299 0.1679873395095683 0.0059924213586965 0.2618355666750858 -0.0008263525827362014 -0.09384822716551752
7.384 0.005085074096121845 0.1679261349547388 0.005910979129209394 0.2617489467134844 -0.0008259050330875493 -0.09382281175874559
7.386 0.005005767845079705 0.1678618182151039 0.005831225691997757 0.2616592283279767 -0.000825457846918052 -0.09379741011287279
7.388 0.004928249630619949 0.1677946216955721 0.005753260654454174 0.2615666439122991 -0.0008250110238342249 -0.09377202221672697
7.39 0.00485259686997367 0.1677247703849233 0.005677161433416786 0.2614714184440714 -0.0008245645634431159 -0.09374664805914809
7.392 0.004778867111505818 0.1676524805797315 0.005602985576858122 0.2613737682087196 -0.0008241184653523037 -0.09372128762898813
7.394 0.004707100265548687 0.1675779589503205 0.005530772994718585 0.2612738998654317 -0.000823672729169898 -0.09369594091511119
7.396 0.004637320716739855 0.1675014019019781 0.005460548071244394 0.2611720098083715 -0.0008232273545045389 -0.09367060790639337
7.398 0.004569539299360267 0.1674229951870783 0.005392321640325661 0.2610682837788011 -0.0008227823409653938 -0.09364528859172282
7.4 0.004503755124610392 0.1673429137270327 0.005326092812772552 0.2609628966870324 -0.0008223376881621592 -0.09361998295999967
7.402 0.004439957254798806 0.1672613216067667 0.005261850650503865 0.2608560126069027 -0.0008218933957050589 -0.09359469100013608
7.404 0.004378126224194982 0.1671783722084412 0.005199575687399824 0.2607477849094973 -0.0008214494632048422 -0.09356941270105616
7.406 0.00431823540984201 0.1670942084551684 0.005139241300114794 0.2606383565068643 -0.0008210058902727842 -0.09354414805169597
7.408 0.004260252258314653 0.1670089631393716 0.005080814934835338 0.2605278601803751 -0.0008205626765206845 -0.09351889704100355
7.41 0.004204139376203026 0.1669227593141069 0.005024259197763893 0.2604164189720458 -0.0008201198215608668 -0.09349365965793882
7.412 0.004149855493292054 0.166835710729045 0.004969532818298232 0.2603041466205187 -0.0008196773250061776 -0.09346843589147366
7.414 0.004097356308096532 0.1667479222958474 0.004916591494566517 0.2601911480264392 -0.0008192351864699849 -0.0934432257305918
7.416 0.004046595225623549 0.1666594905703859 0.004865388631189727 0.2600775197346748 -0.0008187934055661782 -0.09341802916428887
7.418 0.003997523997247622 0.1665705042416343 0.00481587597915679 0.2599633504232067 -0.0008183519819091675 -0.09339284618157238
7.42 0.003950093272222658 0.166481044619077 0.004768004187336541 0.2598487213905387 -0.0008179109151138828 -0.0933676767714617
7.422 0.003904253070024613 0.1663911861122944 0.004721723274820384 0.2597337070352824 -0.0008174702047957715 -0.09334252092298792
7.424 0.00385995318208999 0.1663009966978197 0.00467698303266079 0.2596183753230138 -0.0008170298505707996 -0.09331737862519411
7.426 0.003817143510960467 0.1662105383696321 0.004633733363015918 0.2595027882367671 -0.0008165898520554506 -0.09329224986713501
7.428 0.003775774354225674 0.1661198675707029 0.004591924563092397 0.2593870022085801 -0.000816150208866723 -0.0932671346378772
7.43 0.003735796639953669 0.1660290356038164 0.0045515075605758 0.2592710685303154 -0.0008157109206221314 -0.09324203292649902
7.432 0.003697162119735281 0.1659380890206156 0.004512434106674986 0.2591550337427062 -0.0008152719869397049 -0.09321694472209056
7.434 0.0036598235248407 0.1658470699883636 0.004474656932278686 0.2590389400021173 -0.000814833407437986 -0.09319187001375366
7.436 0.003623734690383047 0.1657560166343292 0.004438129872119077 0.2589228254249311 -0.0008143951817360301 -0.09316680879060184
7.438 0.00358885065191507 0.1656649633680836 0.004402807961368475 0.2588067244098439 -0.0008139573094534048 -0.09314176104176036
7.44 0.003555127718317435 0.1655739411822046 0.004368647508527623 0.2586906679385708 -0.0008135197902101883 -0.09311672675636617
7.442 0.003522523524445456 0.1654829779321263 0.004335606148072426 0.2585746838556942 -0.0008130826236269704 -0.09309170592356791
7.444 0.003490997066542398 0.1653920985959611 0.004303642875867248 0.2584587971284869 -0.0008126458093248491 -0.09306669853252579
7.446 0.003460508723096291 0.1653013255152627 0.004272718070021723 0.2583430300876745 -0.0008122093469254318 -0.09304170457241176
7.448 0.003431020263449215 0.1652106786177138 0.004242793499500049 0.2582274026501232 -0.0008117732360508334 -0.09301672403240935
7.45 0.003402494846182376 0.1651201756227686 0.004213832322506053 0.2581119325244823 -0.0008113374763236768 -0.09299175690171371
7.452 0.003374897009044481 0.165029832231295 0.004185799076411571 0.2579966354008266 -0.0008109020673670897 -0.09296680316953157
7.454 0.003348192651934785 0.1649396623002374 0.004158659660739491 0.2578815251253186 -0.0008104670088047067 -0.09294186282508128
7.456 0.003322349014262951 0.1648496780033026 0.004132381314523616 0.2577666138608953 -0.0008100323002606659 -0.09291693585759268
7.458 0.003297334647812983 0.1647598899786459 0.004106932589172593 0.2576519122349532 -0.0008095979413596104 -0.09289202225630729
7.46 0.003273119386074658 0.1646703074644765 0.004082283317801343 0.2575374294749546 -0.0008091639317266851 -0.09286712201047802
7.462 0.003249674310880084 0.1645809384234813 0.004058404581867622 0.2574231735328506 -0.000808730270987538 -0.09284223510936934
7.464 0.003226971717040198 0.1644917896568941 0.004035268675808515 0.2573091511991513 -0.0008082969587683175 -0.09281736154225725
7.466 0.003204985075592069 0.1644028669090258 0.004012849070287743 0.2571953682074551 -0.0008078639946956743 -0.09279250129842928
7.468 0.003183688996141947 0.1643141749629636 0.003991120374538704 0.2570818293301479 -0.0008074313783967568 -0.0927676543671843
7.47 0.003163059188748033 0.1642257177281725 0.003970058298247247 0.2569685384660052 -0.0008069991094992141 -0.09274282073783276
7.472 0.003143072425681283 0.1641374983206189 0.003949639613312476 0.2568554987203153 -0.0008065671876311925 -0.09271800039969647
7.474 0.003123706503360987 0.1640495191360317 0.003929842115782323 0.2567427124781405 -0.0008061356124213363 -0.09269319334210874
7.476 0.003104940204714066 0.1639617819168668 0.003910644588212852 0.256630181471281 -0.0008057043834987861 -0.09266839955441422
7.478 0.00308675326214178 0.1638742878134787 0.003892026762634958 0.2565179068394476 -0.0008052735004931778 -0.09264361902596899
7.48 0.003069126321260053 0.163787037439986 0.003873969284294696 0.2564058891861265 -0.0008048429630346432 -0.09261885174614048
7.482 0.003052040905541383 0.1637000309252817 0.003856453676295191 0.2562941286295892 -0.000804412770753808 -0.09259409770430756
7.484 0.003035479381945626 0.1636132679595751 0.003839462305227417 0.2561826248494354 -0.000803982923281791 -0.09256935688986034
7.486 0.003019424927627509 0.1635267478368667 0.003822978347877713 0.2560713771290671 -0.0008035534202502036 -0.09254462929220036
7.488 0.003003861497764355 0.163440469493678 0.003806985759055504 0.2559603843944184 -0.0008031242612911494 -0.09251991490074041
7.49 0.00298877379454873 0.1633544315443713 0.003791469240585953 0.2558496452492759 -0.0008026954460372231 -0.09249521370490463
7.492 0.00297414723736525 0.1632686323133385 0.003776414211486759 0.255739158007467 -0.0008022669741215095 -0.09247052569412845
7.494 0.002959967934168629 0.1631830698643367 0.003761806779346212 0.2556289207221952 -0.0008018388451775824 -0.09244585085785849
7.496 0.00294622265406264 0.1630977420272146 0.003747633712902145 0.2555189312127673 -0.0008014110588395049 -0.09242118918555277
7.498 0.002932898801073285 0.163012646422245 0.003733882415815113 0.2554091870889254 -0.0008009836147418282 -0.09239654066668043
7.5 0.00291998438910961 0.1629277804822849 0.0037205409016292 0.2552996857730068 -0.0008005565125195899 -0.09237190529072191
7.502 0.002907468018089496 0.1628431414729404 0.00370759776989781 0.2551904245201092 -0.0008001297518083146 -0.09234728304716884
7.504 0.00289533885121528 0.1627587265109185 0.003695042183459292 0.2550814004364425 -0.0007997033322440116 -0.09232267392552403
7.506 0.002883586593373493 0.1626745325807243 0.003682863846836669 0.2549726104960258 -0.0007992772534631757 -0.09229807791530149
7.508 0.002872201470629792 0.162590556549841 0.003671052985732578 0.2548640515558674 -0.0007988515151027862 -0.09227349500602643
7.51 0.00286117421079696 0.1625067951825381 0.003659600327597265 0.2547557203697732 -0.0007984261168003044 -0.09224892518723517
7.512 0.002850496025042075 0.1624232451524197 0.00364849708323575 0.2546476136008949 -0.000798001058193675 -0.09222436844847519
7.514 0.0028401585905082 0.1623399030538385 0.003637734929429524 0.2545397278331435 -0.0007975763389213241 -0.09219982477930506
7.516 0.002830154033918743 0.1622567654122689 0.003627305992540902 0.2544320595815635 -0.0007971519586221588 -0.09217529416929454
7.518 0.00282047491613447 0.1621738286937339 0.003617202833070036 0.2543246053017583 -0.0007967279169355662 -0.0921507766080244
7.52 0.002811114217637041 0.1620910893133821 0.003607418431138453 0.2542173613984686 -0.0007963042135014127 -0.09212627208508652
7.522 0.00280206532490819 0.1620085436432833 0.003597946172868233 0.2541103242333672 -0.0007958808479600438 -0.09210178059008385
7.524 0.00279332201768088 0.1619261880195342 0.003588779837633163 0.2540034901321647 -0.0007954578199522831 -0.09207730211263042
7.526 0.002784878457031098 0.1618440187487193 0.003579913586150528 0.2538968553910705 -0.0007950351291194301 -0.09205283664235124
7.528 0.002776729174290908 0.1617620321138158 0.003571341949394169 0.2537904162826982 -0.0007946127751032618 -0.09202838416888237
7.53 0.00276886906075423 0.1616802243795815 0.00356305981830026 0.2536841690614524 -0.00079419075754603 -0.09200394468187087
7.532 0.002761293358154743 0.1615985917974875 0.003555062434245206 0.2535781099684624 -0.0007937690760904624 -0.09197951817097481
7.534 0.002753997649895838 0.1615171306102565 0.003547345380275597 0.2534722352361197 -0.0007933477303797597 -0.09195510462586322
7.536 0.002746977853010316 0.1614358370560335 0.003539904573067913 0.2533665410922496 -0.0007929267200575966 -0.09193070403621609
7.538 0.00274023021083263 0.1613547073722526 0.003532736255600749 0.253261023763977 -0.0007925060447681192 -0.09190631639172436
7.54 0.002733751286368433 0.1612737377992377 0.003525836990524381 0.2531556794813276 -0.0007920857041559475 -0.09188194168208992
7.542 0.002727537956342022 0.1611929245835635 0.003519203654208193 0.2530505044805891 -0.0007916656978661711 -0.09185757989702557
7.544 0.002721587405912576 0.1611122639812425 0.003512833431456926 0.2529454950074975 -0.0007912460255443501 -0.09183323102625501
7.546 0.002715897124042682 0.1610317522607443 0.003506723810879196 0.2528406473202571 -0.0007908266868365139 -0.09180889505951283
7.548 0.002710464899510569 0.1609513857059052 0.003500872580899731 0.2527359576924497 -0.0007904076813891618 -0.09178457198654449
7.55 0.002705288817555334 0.160871160618749 0.003495277826404595 0.2526314224158554 -0.0007899890088492601 -0.09176026179710636
7.552 0.002700367257147886 0.1607910733222628 0.003489937926012129 0.2525270378032284 -0.0007895706688642429 -0.09173596448096556
7.554 0.002695698888880777 0.1607111201631535 0.003484851549962788 0.2524228001910536 -0.0007891526610820107 -0.09171168002790014
7.556 0.002691282673471034 0.1606312975146212 0.003480017658621964 0.2523187059423202 -0.0007887349851509308 -0.09168740842769896
7.558 0.002687117860873025 0.1605516017791819 0.003475435501592859 0.2522147514493435 -0.0007883176407198338 -0.09166314967016161
7.56 0.00268320398999849 0.160472029391571 0.003471104617436506 0.2521109331366695 -0.0007879006274380164 -0.0916389037450985
7.562 0.002679540889042514 0.1603925768217693 0.003467024833997752 0.2520072474641002 -0.0007874839449552375 -0.09161467064233086
7.564 0.002676128676415939 0.1603132405781788 0.003463196269337659 0.2519036909298694 -0.0007870675929217204 -0.09159045035169067
7.566 0.00267296776228479 0.1602340172109839 0.00345961933327294 0.2518002600740045 -0.0007866515709881497 -0.09156624286302062
7.568 0.002670058850719983 0.1601549033157436 0.003456294729525654 0.2516969514819177 -0.0007862358788056711 -0.09154204816617412
7.57 0.002667402942460945 0.1600758955372436 0.003453223458486837 0.2515937617882589 -0.0007858205160258916 -0.09151786625101538
7.572 0.002665001338296779 0.1599969905736632 0.003450406820597658 0.2514906876810825 -0.0007854054823008786 -0.09149369710741927
7.574 0.002662855643072318 0.1599181851810832 0.003447846420355475 0.2513877259063545 -0.0007849907772831574 -0.09146954072527128
7.576 0.002660967770323631 0.1598394761784019 0.003445544170949344 0.2512848732728697 -0.0007845764006257133 -0.09144539709446774
7.578 0.00265933994755187 0.1597608604526905 0.003443502299533858 0.251182126657606 -0.000784162351981988 -0.09142126620491546
7.58 0.002657974722142378 0.1596823349650503 0.00344172335314826 0.2510794830115823 -0.0007837486310058814 -0.09139714804653203
7.582 0.002656874967937176 0.1596038967570352 0.003440210205288925 0.2509769393662808 -0.0007833352373517496 -0.09137304260924563
7.584 0.002656043892469813 0.1595255429576841 0.003438966063144217 0.2508744928406791 -0.0007829221706744038 -0.09134894988299504
7.586 0.002655485044871467 0.1594472707912457 0.003437994475500577 0.2507721406489753 -0.0007825094306291099 -0.09132486985772965
7.588 0.002655202324454704 0.1593690775856638 0.003437299341326294 0.2506698801090733 -0.0007820970168715893 -0.09130080252340952
7.59 0.002655199989985524 0.159290960781891 0.003436884919043539 0.2505677086518962 -0.0007816849290580154 -0.09127674787000518
7.592 0.002655482669647373 0.159212917944136 0.003436755836492388 0.2504656238316338 -0.0007812731668450155 -0.0912527058874978
7.594 0.002656055371705335 0.159134946771113 0.003436917101595003 0.250363623336992 -0.0007808617298896678 -0.09122867656587903
7.596 0.002656923495872015 0.1590570451084131 0.003437374113721518 0.2502617050035642 -0.0007804506178495027 -0.09120465989515111
7.598 0.002658092845378304 0.1589792109620908 0.003438132675760805 0.2501598668274176 -0.0007800398303825014 -0.09118065586532684
7.6 0.002659569639745158 0.1589014425135957 0.003439199006892252 0.2500581069800251 -0.0007796293671470939 -0.09115666446642942
7.602 0.002661360528251657 0.1588237381361741 0.003440579756053816 0.2499564238246667 -0.00077921922780216 -0.09113268568849263
7.604 0.002663472604089571 0.158746096412873 0.0034422820160966 0.2498548159344337 -0.0007788094120070287 -0.09110871952156072
7.606 0.002665913419186723 0.1586685161563113 0.003444313338608199 0.2497532821119996 -0.0007783999194214757 -0.09108476595568836
7.608 0.002668690999676941 0.1585909964303684 0.003446681749382665 0.2496518214113092 -0.0007779907497057243 -0.09106082498094077
7.61 0.002671813861983669 0.158513536573988 0.003449395764504112 0.2495504331613815 -0.0007775819025204436 -0.09103689658739347
7.612 0.002675291029474848 0.1584361362272768 0.003452464407001597 0.2494491169924093 -0.0007771733775267493 -0.09101298076513253
7.614 0.002679132049637427 0.1583587953601131 0.003455897224023629 0.2493478728643675 -0.0007767651743862013 -0.09098907750425442
7.616 0.002683347011699994 0.1582815143035014 0.003459704304460798 0.2492467010983673 -0.0007763572927608041 -0.0909651867948659
7.618 0.002687946564621678 0.1582042937839083 0.003463896296934683 0.2491456024109925 -0.0007759497323130054 -0.09094130862708424
7.62 0.002692941935337554 0.1581271349608688 0.003468484428043251 0.2490445779519059 -0.0007755424927056965 -0.09091744299103705
7.622 0.002698344947140696 0.1580500394681238 0.003473480520742906 0.2489436293449861 -0.0007751355736022101 -0.09089358987686225
7.624 0.002704168038036888 0.157973009458631 0.003478897012703209 0.2488427587333392 -0.0007747289746663207 -0.09086974927470813
7.626 0.002710424278893968 0.1578960476537614 0.003484746974456211 0.2487419688284947 -0.0007743226955622434 -0.09084592117473335
7.628 0.002717127391162133 0.1578191573970486 0.003491044127116766 0.2486412629641555 -0.0007739167359546338 -0.09082210556710685
7.63 0.002724291763895958 0.1577423427128853 0.003497802859404544 0.2485406451548932 -0.0007735110955085862 -0.09079830244200787
7.632 0.002731932469775153 0.1576656083705565 0.003505038243664787 0.2484401201601825 -0.0007731057738896343 -0.09077451178962598
7.634 0.002740065279752165 0.1575889599540543 0.003512766050515914 0.2483396935542152 -0.000772700770763749 -0.09075073360016092
7.636 0.002748706675891414 0.1575124039381389 0.003521002761688754 0.2482393718019617 -0.0007722960857973396 -0.09072696786382285
7.638 0.0027578738619069 0.1574359477711049 0.003529765580564152 0.2481391623419369 -0.0007718917186572514 -0.09070321457083208
7.64 0.002767584770797957 0.1573595999647787 0.003539072439808722 0.2480390736761978 -0.0007714876690107653 -0.09067947371141917
7.642 0.002777858068912246 0.1572833701922402 0.003548942005437844 0.2479391154680651 -0.0007710839365255976 -0.0906557452758249
7.644 0.002788713155637296 0.1572072693938165 0.003559393676507197 0.2478392986481168 -0.0007706805208699007 -0.09063202925430032
7.646 0.002800170157816297 0.1571313098918635 0.003570447579528555 0.2477396355289701 -0.0007702774217122585 -0.09060832563710658
7.648 0.002812249917830589 0.1570555055148805 0.003582124556552279 0.2476401399293956 -0.0007698746387216894 -0.09058463441451507
7.65 0.002824973974148683 0.156979871731464 0.003594446145716327 0.2475408273082713 -0.000769472171567644 -0.09056095557680735
7.652 0.002838364532968772 0.1569044257945785 0.003607434552888778 0.2474417149088537 -0.0007690700199200057 -0.09053728911427512
7.654 0.00285244442937729 0.1568291868965902 0.003621112612826377 0.2473428219138105 -0.0007686681834490878 -0.09051363501722028
7.656 0.002867237076249927 0.1567541763354171 0.003635503738075562 0.2472441696113719 -0.0007682666618256345 -0.09048999327595475
7.658 0.00288276639887224 0.1566794176920646 0.00365063185359306 0.2471457815728653 -0.0007678654547208202 -0.09046636388080063
7.66 0.00289905675301016 0.156604937019673 0.003666521314816408 0.2470476838417631 -0.0007674645618062483 -0.09044274682209016
7.662 0.002916132823889277 0.1565307630440228 0.003683196806643228 0.2469499051341884 -0.0007670639827539504 -0.09041914209016565
7.664 0.002934019503230613 0.1564569273752288 0.003700683220466999 0.2468524770506082 -0.0007666637172363858 -0.09039554967537941
7.666 0.00295274174119995 0.1563834647300508 0.003719005506126393 0.2467554342981447 -0.0007662637649264419 -0.0903719695680939
7.668 0.002972324369776093 0.1563104131639152 0.003738188495273524 0.2466588149225969 -0.0007658641254974317 -0.09034840175868164
7.67 0.002992791893754371 0.1562378143112603 0.003758256692377465 0.2465626605487855 -0.0007654647986230942 -0.09032484623752511
7.672 0.003014168245228366 0.15616571363233 0.003779234029205959 0.2464670166273469 -0.0007650657839775936 -0.09030130299501689
7.674 0.003036476497128716 0.1560941606638517 0.003801143578364235 0.2463719326854113 -0.0007646670812355185 -0.09027777202155952
7.676 0.003059738531098819 0.1560232092702838 0.003824007221170701 0.2462774625778494 -0.0007642686900718816 -0.09025425330756558
7.678 0.003083974654762945 0.1559529178914083 0.003847845264925064 0.2461836647348659 -0.0007638706101621186 -0.09023074684345762
7.68 0.003109203163333816 0.1558833497809648 0.003872676004515904 0.2460906024006329 -0.0007634728411820873 -0.09020725261966814
7.682 0.003135439840463784 0.1558145732298076 0.003898515223271851 0.2459983438564472 -0.0007630753828080676 -0.09018377062663963
7.684 0.003162697393382425 0.1557466617656664 0.003925375628099186 0.2459069626204909 -0.0007626782347167611 -0.09016030085482452
7.686 0.003190984817756309 0.1556796943200027 0.003953266214341599 0.2458165376146879 -0.0007622813965852894 -0.09013684329468515
7.688 0.003220306688262487 0.1556137553507319 0.003982191556353681 0.2457271532874257 -0.0007618848680911941 -0.09011339793669383
7.69 0.003250662371906107 0.1555489349076616 0.004012151020818542 0.2456388996789944 -0.0007614886489124356 -0.09008996477133276
7.692 0.003282045162426256 0.1554853286255123 0.00404313790115365 0.2455518724146062 -0.0007610927387273931 -0.09006654378909397
7.694 0.003314441336060488 0.1554230376272842 0.004075138473275352 0.2454661726077636 -0.0007606971372148643 -0.09004313498047949
7.696 0.00334782913137142 0.1553621683186978 0.004108130975425484 0.2453819066546989 -0.0007603018440540636 -0.09001973833600113
7.698 0.00338217765899745 0.1553028320524844 0.004142084517922071 0.2452991858986649 -0.0007599068589246217 -0.08999635384618059
7.7 0.003417445751091538 0.155245144639636 0.004176957932598124 0.2452181261411854 -0.0007595121815065858 -0.08997298150154939
7.702 0.003453580764878749 0.1551892256835244 0.004212698576359167 0.2451388469761733 -0.0007591178114804179 -0.08994962129264891
7.704 0.003490517360349544 0.1551351977122568 0.00424924110887654 0.2450614709222872 -0.0007587237485269955 -0.08992627321003036
7.706 0.00352817627842738 0.1550831850850719 0.004286506270754989 0.2449861223293266 -0.0007583299923276091 -0.0899029372442547
7.708 0.003566463153077406 0.1550333126502629 0.00432439969564137 0.2449129260361557 -0.0007579365425639636 -0.08987961338589279
7.71 0.003605267398488939 0.1549857041354127 0.004362810797407114 0.2448420057609378 -0.0007575433989181754 -0.0898563016255251
7.712 0.003644461220379938 0.154940480255964 0.004401611781452712 0.244773482209706 -0.0007571505610727738 -0.08983300195374203
7.714 0.003683898808346334 0.1548977565356587 0.004440656837057033 0.2447074708968023 -0.0007567580287106995 -0.08980971436114363
7.716 0.003723415773262276 0.1548576408424406 0.00447978157477758 0.2446440796807804 -0.0007563658015153038 -0.08978643883833977
7.718 0.003762828899598634 0.1548202306561643 0.004518802778768982 0.2445834060321143 -0.0007559738791703483 -0.08976317537594999
7.72 0.003801936285976011 0.154785610099886 0.004557518547336015 0.2445255340644896 -0.0007555822613600045 -0.0897399239646036
7.722 0.003840517947778977 0.1547538467844005 0.004595708895547828 0.2444705313793401 -0.0007551909477688513 -0.08971668459493955
7.724 0.003878336951861005 0.1547249885354388 0.004633136889942883 0.2444184457930454 -0.0007547999380818778 -0.08969345725760652
7.726 0.003915141144565799 0.1546990600936969 0.004669550376550279 0.2443693020369598 -0.0007544092319844794 -0.0896702419432629
7.728 0.00395066551966846 0.1546760598983551 0.00470468434883092 0.2443230985409318 -0.0007540188291624591 -0.08964703864257668
7.73 0.003984635251816977 0.1546559570832693 0.004738263981119003 0.2442798044294948 -0.0007536287293020258 -0.08962384734622554
7.732 0.004016769393749418 0.1546386888296845 0.004770008325839213 0.2442393568745813 -0.0007532389320897948 -0.08960066804489682
7.734 0.00404678520259827 0.1546241582280363 0.004799634639811056 0.2442016589573237 -0.0007528494372127858 -0.08957750072928747
7.736 0.004074403023112685 0.1546122328019645 0.004826863267471108 0.2441665781920686 -0.0007524602443584234 -0.08955434539010404
7.738 0.004099351616032801 0.1546027438384743 0.004851422969247336 0.2441339458565369 -0.0007520713532145353 -0.08953120201806268
7.74 0.004121373780624419 0.1545954866477825 0.004873056544093773 0.2441035572516717 -0.000751682763469354 -0.08950807060388923
7.742 0.004140232085169959 0.1545902218446625 0.004891526559981472 0.2440751729829815 -0.0007512944748115129 -0.08948495113831897
7.744 0.004155714491398625 0.154586677700601 0.004906620978328674 0.2440485213126978 -0.0007509064869300481 -0.08946184361209682
7.746 0.004167639642063166 0.1545845535649619 0.004918158441577562 0.2440233015809391 -0.0007505187995143972 -0.08943874801597725
7.748 0.004175861577890502 0.1545835242967308 0.004925992990144901 0.243999188637455 -0.0007501314122543983 -0.08941566434072426
7.75 0.004180273662787974 0.1545832455904487 0.004930017987628263 0.2439758381675601 -0.0007497443248402893 -0.08939259257711142
7.752 0.004180811524919033 0.1545833600256032 0.004930169061881742 0.243952892741525 -0.0007493575369627084 -0.08936953271592178
7.754 0.004177454864739819 0.154583503622725 0.00492642591305251 0.2439299883706729 -0.0007489710483126917 -0.08934648474794787
7.756 0.004170228036535559 0.1545833126563004 0.004918812895117234 0.2439067613202922 -0.0007485848585816743 -0.08932344866399179
7.758 0.00415919937309832 0.1545824304574936 0.004907398340559809 0.2438828549123586 -0.0007481989674614887 -0.08930042445486507
7.76 0.004144479288830011 0.154580513940328 0.004892292663474375 0.2438579260517167 -0.0007478133746443641 -0.0892774121113887
7.762 0.004126217259265117 0.154577239603425 0.004873645339088043 0.2438316512278181 -0.0007474280798229264 -0.08925441162439315
7.764 0.004104597829660849 0.1545723087936302 0.004851640912351047 0.2438037317783485 -0.0007470430826901974 -0.08923142298471835
7.766 0.004079835847774482 0.1545654520646582 0.004826494230714076 0.2437738982478718 -0.000746658382939594 -0.08920844618321364
7.768 0.004052171143448685 0.1545564325187206 0.004798445123713612 0.2437419137294584 -0.0007462739802649272 -0.08918548121073776
7.77 0.004021862889101342 0.1545450480770588 0.004767752763461745 0.2437075761352177 -0.0007458898743604028 -0.08916252805815891
7.772 0.003989183871091453 0.1545311326816979 0.004734689936012072 0.2436707193980526 -0.0007455060649206192 -0.08913958671635464
7.774 0.003954414884227544 0.1545145564812755 0.004699537435868113 0.2436312136574874 -0.0007451225516405679 -0.08911665717621192
7.776 0.003917839433161963 0.1544952250955675 0.004662578767377596 0.2435889645241946 -0.0007447393342156326 -0.08909373942862707
7.778 0.003879738888803642 0.1544730780841716 0.00462409530114523 0.2435439115486774 -0.0007443564123415887 -0.08907083346450578
7.78 0.003840388208503715 0.1544480867643612 0.004584361994218317 0.2434960260391243 -0.0007439737857146013 -0.08904793927476307
7.782 0.00380005228921259 0.154420251531536 0.004543643743243818 0.2434453083818594 -0.000743591454031228 -0.08902505685032332
7.784 0.003758982985680209 0.1543895988343961 0.004502192402668624 0.2433917850165163 -0.0007432094169884141 -0.08900218618212023
7.786 0.003717416793107362 0.1543561779477954 0.004460244467390857 0.2433355052088922 -0.0007428276742834951 -0.08897932726109681
7.788 0.003675573166861941 0.154320057671158 0.004418019392476135 0.2432765377493633 -0.0007424462256141944 -0.08895648007820534
7.79 0.003633653431366389 0.1542813230615974 0.004375718502045014 0.2432149676860048 -0.0007420650706786244 -0.08893364462440745
7.792 0.00359184021602954 0.1542400722903502 0.004333524425204824 0.2431508931810242 -0.0007416842091752837 -0.08891082089067401
7.794 0.003550297347765917 0.1541964136903883 0.004291600988568975 0.2430844225583735 -0.000741303640803058 -0.08888800886798512
7.796 0.003509170126186711 0.1541504630434483 0.00425009349144793 0.2430156715907785 -0.0007409233652612187 -0.08886520854733018
7.798 0.003468585908289821 0.1541023411369966 0.004209129290539245 0.2429447610567045 -0.0007405433822494245 -0.08884241991970787
7.8 0.003428654933183709 0.1540521716064172 0.004168818624651426 0.2428718145825432 -0.0007401636914677166 -0.08881964297612599
7.802 0.003389471323327883 0.1540000790651591 0.004129255615944406 0.2427969567727608 -0.0007397842926165223 -0.08879687770760165
7.804 0.003351114205959664 0.153946187515727 0.004090519391356316 0.2427203116208881 -0.0007394051853966521 -0.08877412410516113
7.806 0.003313648906238553 0.1538906190270672 0.004052675275747852 0.2426420011869071 -0.0007390263695092995 -0.08875138215983987
7.808 0.003277128171595047 0.1538334926588207 0.004015776016251088 0.2425621445215032 -0.0007386478446560408 -0.08872865186268257
7.81 0.003241593394374285 0.1537749236097493 0.00397986300491312 0.2424808568144924 -0.0007382696105388345 -0.08870593320474303
7.812 0.003207075806942623 0.1537150225660736 0.003944967473802643 0.2423982487431579 -0.00073789166686002 -0.08868322617708425
7.814 0.00317359762970462 0.1536538952250985 0.003911111643026938 0.2423144259958769 -0.0007375140133223182 -0.08866053077077837
7.816 0.00314117315796212 0.1535916419701014 0.00387830980759095 0.242229488947008 -0.0007371366496288296 -0.08863784697690663
7.818 0.003109809778201693 0.1535283576737183 0.003846569353684728 0.2421435324602778 -0.0007367595754830346 -0.08861517478655945
7.82 0.003079508908205423 0.1534641316087373 0.003815891698794215 0.2420566457995736 -0.0007363827905887927 -0.0885925141908363
7.822 0.003050266858499432 0.1533990474471824 0.003786273153149774 0.2419689126280282 -0.0007360062946503422 -0.08856986518084579
7.824 0.003022075615026513 0.1533331833306137 0.003757705702398812 0.2418804110783193 -0.000735630087372299 -0.08854722774770564
7.826 0.002994923544826324 0.1532666119966624 0.00373017771328598 0.241791213879205 -0.000735254168459656 -0.08852460188254258
7.828 0.002968796027797863 0.1531994009488078 0.003703674565415646 0.2417013885253002 -0.0007348785376177834 -0.08850198757649246
7.83 0.002943676018585112 0.1531316126582941 0.00367817921313754 0.2416109974789943 -0.0007345031945524279 -0.08847938482070017
7.832 0.002919544543227067 0.1530633047888256 0.003653672682196778 0.2415200983951452 -0.0007341281389697108 -0.08845679360631961
7.834 0.002896381135527085 0.1529945304362171 0.003630134506103214 0.2414287443607309 -0.000733753370576129 -0.08843421392451375
7.836 0.002874164218244922 0.1529253383765886 0.003607543107323476 0.2413369841430431 -0.0007333788890785538 -0.08841164576645456
7.838 0.002852871434188744 0.1528557733179012 0.003585876128372975 0.2412448624412242 -0.0007330046941842306 -0.08838908912332305
7.84 0.002832479932114318 0.1527858761506674 0.003565110717715096 0.2411524201369765 -0.0007326307856007777 -0.08836654398630919
7.842 0.002812966612155077 0.1527156841946041 0.003545223775191264 0.241059694541216 -0.0007322571630361866 -0.08834401034661193
7.844 0.002794308335190322 0.1526452314387187 0.003526192161389143 0.2409667196341579 -0.0007318838261988206 -0.08832148819543922
7.846 0.002776482100276935 0.1525745487729894 0.003507992875074349 0.2408735262969973 -0.0007315107747974147 -0.08829897752400793
7.848 0.002759465193928261 0.1525036642103112 0.003490603202469336 0.2407801425338551 -0.0007311380085410751 -0.08827647832354395
7.85 0.002743235314707011 0.1524326030978285 0.003474000841846289 0.2406865936831105 -0.0007307655271392782 -0.08825399058528206
7.852 0.002727770676266592 0.1523613883171152 0.003458164006568462 0.2405929026175812 -0.0007303933303018702 -0.08823151430046593
7.854 0.002713050091668313 0.1522900404729516 0.00344307150940738 0.2404990899332999 -0.0007300214177390674 -0.08820904946034823
7.856 0.0026990530415138 0.1522185780706742 0.003428702830675254 0.2404051741268647 -0.0007296497891614542 -0.08818659605619052
7.858 0.002685759728148726 0.1521470176822408 0.003415038172428709 0.240311171761504 -0.000729278444279983 -0.08816415407926317
7.86 0.00267315111795028 0.152075374101299 0.003402058500756255 0.2402170976221445 -0.0007289073828059742 -0.08814172352084551
7.862 0.002661208973472009 0.1520036604876305 0.003389745577923125 0.2401229648598562 -0.0007285366044511159 -0.08811930437222573
7.864 0.002649915877008785 0.1519318885014161 0.003378081985936247 0.240028785126117 -0.0007281661089274616 -0.0880968966247009
7.866 0.002639255246962707 0.1518600684278302 0.003367051142910138 0.2399345686974071 -0.0007277958959474315 -0.08807450026957686
7.868 0.002629211348207877 0.1517882092924789 0.003356637313431688 0.2398403245906472 -0.0007274259652238107 -0.08805211529816835
7.87 0.002619769297513272 0.1517163189682407 0.003346825613983021 0.2397460606700396 -0.0007270563164697497 -0.08802974170179893
7.872 0.002610915064930905 0.1516444042740365 0.003337602014329668 0.2396517837458374 -0.000726686949398763 -0.08800737947180097
7.874 0.002602635471953905 0.151572471066094 0.003328953335678634 0.2395574996656096 -0.0007263178637247292 -0.08798502859951564
7.876 0.002594918187127739 0.1515005243222227 0.003320867246289628 0.2394632133985156 -0.0007259490591618889 -0.08796268907629287
7.878 0.00258775171971461 0.1514285682196219 0.003313332255139457 0.2393689291131133 -0.0007255805354248469 -0.08794036089349143
7.88 0.002581125411926058 0.1513566062067287 0.003306337704154628 0.2392746502492075 -0.0007252122922285691 -0.08791804404247884
7.882 0.002575029430164882 0.1512846410695708 0.003299873759453266 0.2391803795842022 -0.0007248443292883837 -0.08789573851463137
7.884 0.002569454755659176 0.151212674993085 0.003293931401979154 0.239086119294419 -0.0007244766463199785 -0.08787344430133401
7.886 0.002564393174816045 0.1511407096178465 0.003288502417855448 0.238991871011827 -0.0007241092430394035 -0.08785116139398055
7.888 0.002559837269572435 0.1510687460925956 0.003283579388735503 0.238897635876569 -0.0007237421191630672 -0.08782888978397345
7.89 0.002555780407986037 0.1509967851229805 0.003279155682393775 0.2388034145857044 -0.0007233752744077383 -0.08780662946272391
7.892 0.002552216735267445 0.1509248270168561 0.003275225443757988 0.2387092074385079 -0.0007230087084905434 -0.08778438042165182
7.894 0.00254914116543068 0.150852871726511 0.003271783586559649 0.2386150143786968 -0.0007226424211289685 -0.08776214265218581
7.896 0.002546549373709562 0.1507809188881304 0.003268825785750418 0.2385208350338935 -0.0007222764120408564 -0.08773991614576311
7.898 0.00254443778986661 0.1507089678588273 0.003266348470811017 0.2384266687526569 -0.0007219106809444074 -0.08771770089382967
7.9 0.002542803592503103 0.1506370177515253 0.003264348820061281 0.2383325146393654 -0.0007215452275581781 -0.0876954968878401
7.902 0.002541644704461579 0.1505650674679752 0.003262824756062661 0.2382383715872328 -0.0007211800516010819 -0.08767330411925767
7.904 0.002540959789399488 0.150493115730182 0.003261774942191875 0.2381442383097362 -0.0007208151527923868 -0.08765112257955424
7.906 0.002540748249600815 0.1504211611104933 0.003261198780452531 0.2380501133707036 -0.0007204505308517166 -0.08762895226021032
7.908 0.00254101022508269 0.1503492020606034 0.003261096410581739 0.2379559952133185 -0.0007200861854990491 -0.08760679315271507
7.91 0.002541746594044807 0.1502772369397163 0.003261468710499523 0.2378618821882825 -0.0007197221164547158 -0.08758464524856618
7.912 0.002542958974705236 0.1502052640420923 0.003262317298144639 0.2377677725813624 -0.0007193583234394028 -0.08756250853927006
7.914 0.002544649728555018 0.150133281624225 0.003263644534729165 0.2376736646405666 -0.000718994806174147 -0.08754038301634152
7.916 0.00254682196506433 0.1500612879318606 0.00326545352944467 0.2375795566031647 -0.0007186315643803394 -0.08751826867130412
7.918 0.002549479547861097 0.1499892812271105 0.00326774814564082 0.2374854467228004 -0.0007182685977797224 -0.08749616549568988
7.92 0.002552627102407086 0.1499172598158563 0.003270533008501475 0.2373913332968957 -0.000717905906094389 -0.08747407348103939
7.922 0.002556270025180867 0.1498452220757083 0.00327381351422765 0.2372972146946101 -0.0007175434890467834 -0.0874519926189018
7.924 0.002560414494383883 0.1497731664847332 0.003277595840743583 0.237203089385568 -0.0007171813463596997 -0.08742992290083478
7.926 0.002565067482172716 0.1497010916511974 0.003281886959928998 0.2371089559696019 -0.000716819477756282 -0.08740786431840449
7.928 0.002570236768415848 0.149628996344587 0.003286694651375872 0.2370148132077727 -0.0007164578829600236 -0.08738581686318564
7.93 0.002575930955973743 0.1495568795281481 0.003292027517668509 0.2369206600549096 -0.0007160965616947658 -0.08736378052676141
7.932 0.002582159487486767 0.1494847403932262 0.003297895001171465 0.2368264956939497 -0.0007157355136846982 -0.08734175530072347
7.934 0.002588932663645597 0.1494125783957008 0.003304307402299955 0.2367323195723728 -0.0007153747386543584 -0.08731974117667199
7.936 0.002596261662923319 0.1493403932947903 0.00331127589925195 0.2366381314410059 -0.0007150142363286306 -0.08729773814621558
7.938 0.002604158562712849 0.14926818519458 0.003318812569145595 0.2365439313955512 -0.0007146540064327454 -0.08727574620097127
7.94 0.002612636361826425 0.1491959545885801 0.003326930410518705 0.2364497199211447 -0.0007142940486922797 -0.08725376533256464
7.942 0.002621709004274849 0.1491237024077009 0.003335643367108004 0.2363554979403305 -0.0007139343628331557 -0.08723179553262957
7.944 0.002631391404240625 0.1490514300720135 0.003344966352822265 0.236261266864822 -0.0007135749485816401 -0.08720983679280846
7.946 0.002641699472127136 0.1489791395467198 0.003354915277791481 0.2361670286514719 -0.000713215805664345 -0.08718788910475209
7.948 0.002652650141542401 0.1489068334027746 0.003365507075350626 0.2360727858628942 -0.0007128569338082251 -0.0871659524601196
7.95 0.002664261397051039 0.1488345148826205 0.003376759729791619 0.2359785417331991 -0.00071249833274058 -0.08714402685057862
7.952 0.002676552302476761 0.1487621879715603 0.003388692304665812 0.2358843002393654 -0.0007121400021890505 -0.08712211226780507
7.954 0.002689543029513586 0.1486898574752966 0.003401324971395206 0.2357900661787799 -0.0007117819418816209 -0.08710020870348326
7.956 0.00270325488633622 0.1486175291042289 0.003414679037882837 0.2356958452535348 -0.0007114241515466167 -0.08707831614930588
7.958 0.002717710345853332 0.1485452095651283 0.003428776976766037 0.2356016441621023 -0.0007110666309127051 -0.08705643459697396
7.96 0.002732933073184434 0.148472906660841 0.003443642452893328 0.2355074706990379 -0.000710709379708894 -0.08703456403819687
7.962 0.002748947951846763 0.1484006293987411 0.003459300349511294 0.2354133338634334 -0.0007103523976645313 -0.08701270446469228
7.964 0.00276578110807171 0.1483283881086592 0.003475776792581015 0.2353192439768454 -0.0007099956845093048 -0.08699085586818622
7.966 0.002783459932541014 0.1482561945710998 0.003493099172514256 0.2352252128115128 -0.0007096392399732418 -0.08696901824041299
7.968 0.002802013098752001 0.1481840621565417 0.003511296162538709 0.2351312537296569 -0.000709283063786708 -0.08694719157311522
7.97 0.002821470577040723 0.1481120059767167 0.003530397732721131 0.2350373818347604 -0.0007089271556804072 -0.08692537585804377
7.972 0.002841863643183543 0.148040043048741 0.003550435158568925 0.2349436141356988 -0.0007085715153853813 -0.08690357108695786
7.974 0.002863224880294863 0.1479681924730221 0.003571441022927873 0.234849969724647 -0.0007082161426330096 -0.08688177725162491
7.976 0.002885588172538277 0.1478964756258906 0.003593449209693285 0.2347564699697113 -0.0007078610371550074 -0.08685999434382061
7.978 0.002908988688973322 0.1478249163678724 0.003616494887656749 0.2346631387232012 -0.0007075061986834266 -0.08683822235532887
7.98 0.002933462855577601 0.1477535412685298 0.003640614482528256 0.2345700025464717 -0.0007071516269506545 -0.0868164612779419
7.982 0.002959048313206166 0.1476823798487657 0.00366584563489558 0.2344770909522258 -0.0007067973216894144 -0.08679471110346007
7.984 0.002985783858962598 0.1476114648413809 0.003692227141595361 0.234384436665073 -0.0007064432826327631 -0.08677297182369202
7.986 0.003013709368056962 0.1475408324706263 0.003719798877571055 0.2342920759010808 -0.0007060895095140926 -0.08675124343045451
7.988 0.003042865692891649 0.1474705227512911 0.003748601694958777 0.2342000486668637 -0.0007057360020671279 -0.08672952591557258
7.99 0.003073294535647744 0.1474005798077177 0.003778677295673671 0.2341083990785971 -0.0007053827600259275 -0.08670781927087939
7.992 0.00310503829021934 0.1473310522128264 0.003810068073344223 0.2340171757010428 -0.0007050297831248827 -0.08668612348821635
7.994 0.003138139848816139 0.1472619933469189 0.003842816919914855 0.2339264319063518 -0.0007046770710987167 -0.08666443855943293
7.996 0.003172642368045887 0.1471934617755765 0.00387696699172837 0.2338362262519632 -0.0007043246236824838 -0.08664276447638677
7.998 0.003208588988745535 0.147125521645405 0.003912561429357106 0.2337466228763488 -0.0007039724406115712 -0.08662110123094378
8 0.00324602250322035 0.1470582430957214 0.003949643024842045 0.2336576919106993 -0.0007036205216216949 -0.08659944881497783
8.002 0.003284984963028365 0.1469917026834073 0.003988253829477267 0.2335695099037783 -0.0007032688664489024 -0.08657780722037102
8.004 0.003325517219843607 0.1469259838171634 0.004028434694673177 0.233482160256177 -0.0007029174748295703 -0.08655617643901353
8.006 0.003367658391446018 0.1468611771961605 0.004070224737946422 0.2333957336589641 -0.0007025663465004038 -0.0865345564628036
8.008 0.00341144524445004 0.1467973812466348 0.004113660725648479 0.2333103285302825 -0.0007022154811984388 -0.08651294728364765
8.01 0.003456911485020251 0.1467347025482889 0.004158776363681289 0.233226051441749 -0.0007018648786610369 -0.08649134889346008
8.012 0.003504086948717718 0.146673256240362 0.004205601487343607 0.2331430175245254 -0.0007015145386258891 -0.08646976128416343
8.014 0.00355299668065488 0.1466131663949793 0.004254161141485894 0.2330613508426677 -0.0007011644608310134 -0.08644818444768833
8.016 0.003603659897568719 0.146554566342802 0.004304474542583473 0.2329811847187754 -0.0007008146450147539 -0.08642661837597333
8.018 0.003656088824216341 0.1464975989331277 0.004356553915132122 0.2329026619940928 -0.0007004650909157812 -0.08640506306096514
8.02 0.003710287397818579 0.1464424167074416 0.004410403196091672 0.2328259352020601 -0.0007001157982730927 -0.08638351849461852
8.022 0.003766249836284697 0.1463891819619972 0.004466016603110706 0.2327511666308933 -0.0006997667668260093 -0.08636198466889611
8.024 0.00382395906865561 0.1463380666714663 0.004523377064969789 0.232678528247235 -0.0006994179963141781 -0.08634046157576868
8.026 0.003883385030015137 0.1462892522420399 0.004582454516492706 0.2326082014492549 -0.0006990694864775695 -0.08631894920721496
8.028 0.003944482827781762 0.1462429290588697 0.00464320406483824 0.2325403766140914 -0.0006987212370564782 -0.08629744755522165
8.03 0.004007190792442581 0.146199295789512 0.004705564040234104 0.2324752524012955 -0.0006983732477915232 -0.08627595661178353
8.032 0.00407142843312726 0.1461585584024493 0.004769453951550904 0.2324130347713526 -0.000698025518423644 -0.08625447636890322
8.034 0.004137094327221483 0.1461209288581156 0.004834772375915588 0.232353935676707 -0.0006976780486941048 -0.08623300681859136
8.036 0.004204063983615308 0.1460866234295929 0.004901394821959799 0.2322981713824595 -0.0006973308383444909 -0.08621154795286658
8.038 0.004272187730765476 0.1460558606118 0.004969171617882184 0.2322459603755553 -0.0006969838871167079 -0.08619009976375536
8.04 0.004341288693620946 0.1460288585820667 0.00503792588837393 0.2321975208253589 -0.0006966371947529843 -0.0861686622432922
8.042 0.004411160937182064 0.146005832182165 0.005107451698177931 0.2321530675656845 -0.0006962907609958672 -0.08614723538351945
8.044 0.004481567868192952 0.1459869894026486 0.005177512453781177 0.232112808579136 -0.0006959445855882251 -0.08612581917648743
8.046 0.004552240999861844 0.1459725273653576 0.00524783966813509 0.2320769409796119 -0.0006955986682732453 -0.08610441361425435
8.048 0.004622879195953854 0.145962627819495 0.005318132204748287 0.2320456465083812 -0.0006952530087944342 -0.08608301868888625
8.05 0.004693148519258417 0.1459574521909999 0.005388056126154034 0.2320190865834571 -0.0006949076068956166 -0.08606163439245713
8.052 0.004762682813352457 0.1459571362537632 0.005457245275673393 0.231997396970812 -0.0006945624623209359 -0.08604026071704886
8.054 0.004831085144398663 0.1459617845239958 0.005525302719213515 0.2319806821787468 -0.0006942175748148521 -0.08601889765475107
8.056 0.004897930219524981 0.1459714645145068 0.005591803163647125 0.2319690097121682 -0.0006938729441221441 -0.08599754519766141
8.058 0.00496276787858798 0.1459862010218739 0.005656296448575885 0.2319624043597591 -0.0006935285699879051 -0.08597620333788521
8.06 0.005025127725888093 0.1460059706541373 0.00571831217804564 0.231960842721673 -0.0006931844521575461 -0.08595487206753571
8.062 0.005084524926867427 0.1460306968363835 0.00577736551724422 0.2319642482151175 -0.0006928405903767938 -0.08593355137873403
8.064 0.005140467142725804 0.146060245553083 0.005832964127117494 0.2319724868166919 -0.0006924969843916895 -0.08591224126360897
8.066 0.005192462514649383 0.1460944220954519 0.005884616148597972 0.2319853638097491 -0.0006921536339485891 -0.08589094171429723
8.068 0.005240028541824319 0.1461329690759242 0.005931839080618483 0.2320026217988674 -0.000691810538794164 -0.08586965272294329
8.07 0.005282701628078586 0.1461755659474882 0.005974169326753984 0.2320239402291876 -0.000691467698675398 -0.08584837428169942
8.072 0.005320047005871985 0.1462218302213285 0.006011172119211574 0.2320489366040541 -0.0006911251133395893 -0.08582710638272562
8.074 0.005351668689946549 0.1462713205125389 0.006042451472480897 0.2320771695307285 -0.0006907827825343483 -0.08580584901818966
8.076 0.005377219072108831 0.1463235414623035 0.006067659778116429 0.2321081436425707 -0.0006904407060075984 -0.08578460218026716
8.078 0.005396407749471262 0.1463779504909966 0.006086506632978837 0.232141316352138 -0.0006900988835075749 -0.08576336586114139
8.08 0.005409009184931617 0.1464339662358712 0.006098766499714441 0.2321761062888746 -0.0006897573147828242 -0.08574214005300339
8.082 0.005414868833084781 0.146490978427691 0.006104284832666985 0.2322119031757429 -0.0006894159995822039 -0.08572092474805189
8.084 0.005413907426567699 0.1465483588713781 0.006102982364222583 0.2322480788098714 -0.0006890749376548827 -0.08569971993849339
8.086 0.005406123203483246 0.1466054731244514 0.006094857332233584 0.2322839987409935 -0.0006887341287503383 -0.08567852561654209
8.088 0.005391591960074277 0.146661692420939 0.006079985532692637 0.2323190341953588 -0.0006883935726183597 -0.08565734177441987
8.09 0.005370464925905453 0.1467164053721423 0.006058518194914497 0.2323525737764986 -0.0006880532690090433 -0.08563616840435631
8.092 0.005342964572119307 0.1467690289903655 0.006030677789792103 0.2323840344889541 -0.0006877132176727955 -0.08561500549858865
8.094 0.005309378567495907 0.1468190186266957 0.005996751985856238 0.2324128716760575 -0.0006873734183603311 -0.08559385304936185
8.096 0.005270052183748607 0.1468658764838919 0.005957086054571278 0.2324385875328203 -0.0006870338708226715 -0.08557271104892844
8.098 0.005225379514496226 0.1469091584542479 0.005912074089307373 0.2324607379437966 -0.0006866945748111467 -0.0855515794895487
8.1 0.005175793908123049 0.1469484791312314 0.005862149438200442 0.2324789374947219 -0.0006863555300773932 -0.08553045836349052
8.102 0.005121758022540501 0.1469835149445718 0.005807774758913854 0.2324928626076012 -0.0006860167363733533 -0.08550934766302937
8.104 0.005063753891765226 0.1470140054630498 0.005749432085216503 0.2325022528434982 -0.0006856781934512769 -0.08548824738044841
8.106 0.005002273354428692 0.147039752991116 0.00568761325549241 0.2325069104991544 -0.0006853399010637175 -0.08546715750803836
8.108 0.004937809138410073 0.1470606206502641 0.005622810997373608 0.2325066986883617 -0.0006850018589635355 -0.08544607803809762
8.11 0.004870846830093008 0.147076529181173 0.005555510896996903 0.2325015381441052 -0.0006846640669038949 -0.08542500896293212
8.112 0.004801857887339292 0.147087452728028 0.005486184411977556 0.2324914030028834 -0.0006843265246382641 -0.08540395027485535
8.114 0.004731293787612151 0.1470934138733692 0.005415283019532566 0.2324763158395577 -0.0006839892319204154 -0.08538290196618846
8.116 0.004659581341092642 0.1470944781830437 0.005343233529597067 0.2324563422123038 -0.0006836521885044246 -0.08536186402926015
8.118 0.004587119145953754 0.1470907484999356 0.005270434540098424 0.2324315849563422 -0.0006833153941446696 -0.0853408364564066
8.12 0.004514275121042639 0.1470823591956005 0.005197253969638472 0.2324021784355721 -0.0006829788485958319 -0.08531981923997162
8.122 0.004441385020264471 0.1470694705545752 0.005124027571877366 0.2323682829268817 -0.0006826425516128936 -0.08529881237230649
8.124 0.004368751812924314 0.1470522634297971 0.005051058315875454 0.2323300792755672 -0.0006823065029511394 -0.0852778158457701
8.126 0.004296645803552557 0.1470309342721089 0.004978616505918711 0.2322877639248377 -0.0006819707023661548 -0.08525682965272882
8.128 0.00422530536221481 0.1470056906038991 0.004906940511828635 0.2322415443894556 -0.0006816351496138253 -0.0852358537855565
8.13 0.004154938140072677 0.1469767469778462 0.004836237984523015 0.2321916352144808 -0.0006812998444503376 -0.08521488823663453
8.132 0.004085722653260231 0.1469443214372687 0.004766687439892409 0.2321382544356206 -0.0006809647866321777 -0.08519393299835183
8.134 0.004017810129673703 0.1469086324747369 0.004698440105589834 0.2320816205378416 -0.0006806299759161303 -0.08517298806310469
8.136 0.003951326526467186 0.1468698964704333 0.004631621938526466 0.2320219498937303 -0.0006802954120592805 -0.08515205342329701
8.138 0.003886374639826974 0.1468283255807577 0.004566335734645983 0.2319594546520977 -0.0006799610948190095 -0.08513112907133999
8.14 0.003823036242381521 0.1467841260403391 0.00450266326633452 0.2318943410399915 -0.0006796270239529989 -0.08511021499965248
8.142 0.00376137419639364 0.1467374968364142 0.004440667395612866 0.2318268080370749 -0.0006792931992192265 -0.08508931120066063
8.144 0.00370143450270431 0.1466886287127676 0.004380394123080277 0.2317570463795657 -0.0006789596203759671 -0.08506841766679811
8.146 0.003643248255712561 0.1466377034606175 0.004321874542894354 0.2316852378511234 -0.0006786262871817928 -0.08504753439050591
8.148 0.003586833483611379 0.146584893455416 0.004265126683006951 0.2316115548196487 -0.0006782931993955722 -0.08502666136423263
8.15 0.003532196860546146 0.1465303614010923 0.004210157217322614 0.2315361599815264 -0.000677960356776468 -0.08500579858043407
8.152 0.003479335283439049 0.1464742602464584 0.004156963042522989 0.231459206278032 -0.0006776277590839404 -0.08498494603157358
8.154 0.003428237311114878 0.1464167332419983 0.004105532717192622 0.2313808369521201 -0.0006772954060777431 -0.08496410371012179
8.156 0.003378884467080861 0.1463579141088986 0.004055847764598786 0.2313011857174554 -0.0006769632975179245 -0.08494327160855682
8.158 0.003331252410146575 0.1462979272957439 0.004007883843311404 0.231220377015108 -0.0006766314331648282 -0.08492244971936412
8.16 0.003285311979069772 0.1462368883017146 0.003961611791848862 0.231138526336751 -0.0006762998127790895 -0.08490163803503646
8.162 0.003241030118764564 0.1461749040482938 0.003916998554886203 0.2310557405963678 -0.0006759684361216383 -0.08488083654807403
8.164 0.003198370696467014 0.1461120732843829 0.003874007999420711 0.2309721185353673 -0.0006756373029536969 -0.08486004525098434
8.166 0.00315729521663071 0.1460484870123122 0.00383260162966749 0.2308877511485944 -0.00067530641303678 -0.08483926413628223
8.168 0.003117763443465697 0.1459842289245278 0.003792739209598391 0.2308027221210178 -0.0006749757661326941 -0.08481849319648992
8.17 0.003079733939823723 0.1459193758427082 0.00375437930182726 0.230717108266845 -0.0006746453620035366 -0.08479773242413684
8.172 0.003043164530892753 0.1458539981528036 0.003717479731304451 0.2306309799645634 -0.0006743152004116971 -0.08477698181175983
8.174 0.003008012700655917 0.145788160230933 0.003681997981775772 0.2305444015828361 -0.0006739852811198554 -0.08475624135190304
8.176 0.002974235928599685 0.1457219208563069 0.003647891532490665 0.2304574318934247 -0.0006736556038909806 -0.08473551103711781
8.178 0.002941791973602402 0.145655333608391 0.003615118142090735 0.2303701244683539 -0.0006733261684883328 -0.08471479085996286
8.18 0.002910639111326081 0.1455884472463396 0.003583636086001543 0.2302825280593438 -0.0006729969746754612 -0.08469408081300418
8.182 0.002880736330901509 0.1455213060694477 0.003553404353117713 0.2301946869582627 -0.0006726680222162031 -0.08467338088881497
8.184 0.00285204349613504 0.1454539502579255 0.003524382807009725 0.2301066413379012 -0.0006723393108746852 -0.08465269107997574
8.186 0.002824521475909081 0.1453864161937243 0.003496532316324403 0.2300184275727984 -0.0006720108404153213 -0.08463201137907417
8.188 0.002798132247998486 0.1453187367615291 0.0034698148586013 0.2299300785402344 -0.0006716826106028143 -0.08461134177870529
8.19 0.002772838980011796 0.14525094163026 0.00344419360121395 0.2298416239017313 -0.0006713546212021534 -0.08459068227147132
8.192 0.002748606090783089 0.1451830575156686 0.003419632962761703 0.2297530903656502 -0.0006710268719786139 -0.08457003284998162
8.194 0.00272539929512082 0.1451151084247308 0.003396098657818579 0.2296645019315837 -0.0006706993626977593 -0.08454939350685292
8.196 0.002703185634493257 0.1450471158826733 0.003373557727618695 0.2295758801173823 -0.0006703720931254375 -0.08452876423470901
8.198 0.002681933495894012 0.1449790991435129 0.003351978558921794 0.2294872441696939 -0.0006700450630277825 -0.08450814502618094
8.2 0.002661612620850956 0.1449110753850417 0.003331330893022169 0.2293986112589487 -0.0006697182721712137 -0.08448753587390695
8.202 0.002642194106300103 0.1448430598892106 0.003311585826622537 0.2293099966597431 -0.0006693917203224348 -0.08446693677053245
8.204 0.002623650398803732 0.1447750662088559 0.003292715806052166 0.2292214139175659 -0.0006690654072484338 -0.08444634770871001
8.206 0.002605955283407736 0.1447071063217112 0.003274694616124219 0.2291328750028107 -0.0006687393327164831 -0.0844257686810994
8.208 0.002589083868248886 0.144639190772617 0.003257497364743024 0.2290443904529845 -0.000668413496494138 -0.08440519968036746
8.21 0.00257301256586513 0.1445713288048054 0.003241100464214367 0.2289559695039937 -0.0006680878983492368 -0.08438464069918823
8.212 0.002557719072039164 0.1445035284811199 0.003225481610089065 0.2288676202113628 -0.0006677625380499015 -0.08436409173024294
8.214 0.00254318234287217 0.1444357967959701 0.003210619758236704 0.2287793495621899 -0.0006674374153645345 -0.08434355276621981
8.216 0.002529382570696341 0.1443681397788142 0.003196495100758163 0.2286911635786285 -0.000667112530061822 -0.0843230237998143
8.218 0.002516301159324965 0.1443005625898722 0.003183089041235695 0.2286030674136011 -0.0006667878819107298 -0.08430250482372889
8.22 0.002503920699084445 0.1442330696087949 0.003170384169764951 0.2285150654394681 -0.0006664634706805059 -0.08428199583067322
8.222 0.002492224941981565 0.1441656645169199 0.003158364238122244 0.228427161330284 -0.000666139296140679 -0.08426149681336403
8.224 0.002481198777315266 0.1440983503737432 0.003147014135376323 0.2283393581382683 -0.0006658153580610567 -0.08424100776452507
8.226 0.002470828207989095 0.1440311296881966 0.003136319864200823 0.2282516583650838 -0.0006654916562117274 -0.08422052867688723
8.228 0.002461100327726944 0.1439640044852684 0.003126268518090003 0.2281640640284568 -0.000665168190363059 -0.08420005954318845
8.23 0.002452003299367217 0.1438969763684975 0.003116848259652914 0.2280765767246712 -0.0006648449602856975 -0.08417960035617371
8.232 0.002443526334372928 0.1438300465788396 0.003108048300123496 0.2279891976874347 -0.0006645219657505683 -0.08415915110859504
8.234 0.002435659673662001 0.1437632160503616 0.003099858880190875 0.2279019278435732 -0.0006641992065288742 -0.08413871179321154
8.236 0.002428394569844795 0.1436964854632286 0.003092271252236891 0.2278147678660179 -0.0006638766823920962 -0.08411828240278929
8.238 0.002421723270924667 0.143629855294398 0.003085277664036659 0.2277277182244994 -0.0006635543931119925 -0.08409786293010146
8.24 0.002415639005502531 0.1435633258664401 0.00307887134396313 0.2276407792343682 -0.0006632323384605985 -0.08407745336792817
8.242 0.00241013596950619 0.1434968973948815 0.003073046487716416 0.2275539511039381 -0.0006629105182102256 -0.0840570537090566
8.244 0.002405209314447614 0.1434305700344584 0.003067798246581075 0.2274672339807393 -0.0006625889321334617 -0.08403666394628087
8.246 0.002400855137195955 0.1433643439246617 0.003063122717199125 0.2273806279970639 -0.0006622675800031699 -0.08401628407240212
8.248 0.002397070471236102 0.1432982192349372 0.003059016932828592 0.2272941333151657 -0.0006619464615924896 -0.0839959140802285
8.25 0.002393853279369275 0.1432321962099184 0.003055478856044109 0.2272077501724935 -0.0006616255766748339 -0.08397555396257506
8.252 0.002391202447794609 0.1431662752150554 0.0030525073728185 0.2271214789273192 -0.0006613049250238915 -0.08395520371226388
8.254 0.002389117781491524 0.1431004567830115 0.003050102287905149 0.2270353201051355 -0.0006609845064136249 -0.08393486332212398
8.256 0.002387600000807486 0.1430347416611993 0.003048264321425755 0.2269492744461906 -0.0006606643206182695 -0.08391453278499128
8.258 0.002386650739130768 0.1429691308608307 0.003046995106543103 0.2268633429545394 -0.0006603443674123356 -0.0838942120937087
8.26 0.002386272541509089 0.1429036257078727 0.003046297188079694 0.2267775269489988 -0.0006600246465706046 -0.08387390124112605
8.262 0.00238646886404593 0.1428382278962977 0.003046174021914062 0.2266918281163977 -0.0006597051578681317 -0.08385360022010006
8.264 0.002387244073877371 0.1427729395440464 0.003046629974957616 0.2266062485675408 -0.0006593859010802443 -0.08383330902349444
8.266 0.002388603449500716 0.1427077632521127 0.003047670325483256 0.2265207908962923 -0.0006590668759825404 -0.08381302764417968
8.268 0.00239055318118478 0.1426427021671896 0.003049301263535671 0.2264354582422229 -0.0006587480823508908 -0.0837927560750333
8.27 0.002393100371149889 0.1425777600483265 0.003051529891111325 0.2263502543572661 -0.0006584295199614361 -0.08377249430893963
8.272 0.002396253033155355 0.1425129413380583 0.003054364221745943 0.2262651836768482 -0.0006581111885905877 -0.08375224233878986
8.274 0.002400020091070238 0.1424482512384981 0.003057813179085266 0.2261802513959802 -0.0006577930880150279 -0.08373200015748215
8.276 0.002404411375946147 0.1423836957928705 0.003061886593957854 0.2260954635507919 -0.0006574752180117073 -0.08371176775792138
8.278 0.002409437621024074 0.1423192819730145 0.003066595199381921 0.2260108271060339 -0.0006571575783578477 -0.08369154513301942
8.28 0.002415110454031444 0.1422550177733546 0.003071950622862383 0.2259263500490496 -0.0006568401688309387 -0.08367133227569495
8.282 0.002421442386024537 0.1421909123118742 0.003077965375233276 0.2258420414907476 -0.0006565229892087385 -0.08365112917887341
8.284 0.002428446795916182 0.1421269759386183 0.003084652835185456 0.2257579117741054 -0.0006562060392692739 -0.08363093583548716
8.286 0.002436137909714936 0.1420632203522301 0.003092027228505776 0.2256739725907054 -0.0006558893187908399 -0.08361075223847535
8.288 0.002444530773355041 0.1419996587250252 0.003100103600907039 0.2255902371058091 -0.0006555728275519976 -0.08359057838078393
8.29 0.002453641217836455 0.1419363058370781 0.003108897783168032 0.2255067200924437 -0.0006552565653315768 -0.0835704142553657
8.292 0.002463485815235962 0.1418731782197195 0.003118426347144634 0.2254234380748996 -0.0006549405319086724 -0.08355025985518018
8.294 0.002474081823934851 0.1418102943088191 0.003128706550997498 0.2253404094820129 -0.0006546247270626469 -0.08353011517319375
8.296 0.002485447121221863 0.141747674608088 0.003139756271794992 0.2252576548104676 -0.0006543091505731285 -0.08350998020237958
8.298 0.002497600121177735 0.1416853418625415 0.003151593923397744 0.225175196798259 -0.0006539938022200092 -0.08348985493571751
8.3 0.002510559675515112 0.1416233212420844 0.00316423835729856 0.2250930606082787 -0.0006536786817834487 -0.08346973936619424
8.302 0.002524344954766649 0.1415616405349754 0.00317770874381052 0.2250112740217786 -0.0006533637890438702 -0.08344963348680322
8.304 0.002538975306940828 0.1415003303506601 0.003192024430722788 0.2249298676412047 -0.0006530491237819603 -0.0834295372905446
8.306 0.002554470090477641 0.1414394243311328 0.003207204776256312 0.2248488751015581 -0.0006527346857786717 -0.08340945077042532
8.308 0.002570848478022919 0.1413789593695849 0.003223268952838137 0.2247683332890439 -0.0006524204748152183 -0.08338937391945897
8.31 0.002588129227269319 0.1413189758346032 0.003240235717942398 0.2246882825652692 -0.0006521064906730793 -0.08336930673066599
8.312 0.002606330414816285 0.1412595177975939 0.00325812314795028 0.2246087669946674 -0.0006517927331339959 -0.08334924919707344
8.314 0.002625469128766527 0.1412006332603989 0.003276948330746498 0.224529834572114 -0.0006514792019799714 -0.08332920131171512
8.316 0.002645561115589329 0.1411423743792312 0.003296727012582601 0.2244515374468627 -0.0006511658969932719 -0.0833091630676315
8.318 0.002666620376646132 0.1410847976801066 0.003317473194602556 0.2243739321379764 -0.0006508528179564242 -0.0832891344578698
8.32 0.002688658709786821 0.1410279642598068 0.003339198674439039 0.2242970797352907 -0.0006505399646522176 -0.08326911547548385
8.322 0.002711685191538305 0.1409719399651535 0.003361912528402007 0.2242210460786878 -0.0006502273368637019 -0.08324910611353427
8.324 0.002735705595779355 0.140916795541919 0.003385620530153542 0.2241459019070072 -0.0006499149343741868 -0.08322910636508815
8.326 0.002760721745323364 0.1408626067431418 0.003410324502290607 0.2240717229663612 -0.0006496027569672429 -0.08320911622321947
8.328 0.002786730793772595 0.1408094543848675 0.003436021598199296 0.2239985900658762 -0.0006492908044267009 -0.08318913568100869
8.33 0.002813724436248932 0.1407574243355379 0.003462703512785582 0.2239265890670809 -0.0006489790765366501 -0.08316916473154301
8.332 0.00284168804932931 0.1407066074233642 0.003490355622410749 0.2238558107912804 -0.0006486675730814393 -0.08314920336791619
8.334 0.002870599762810156 0.1406570992441599 0.003518956056655832 0.2237863508273886 -0.0006483562938456764 -0.08312925158322873
8.336 0.002900429468767086 0.1406089998503778 0.003548474707381313 0.2237183092209654 -0.0006480452386142267 -0.08310930937058761
8.338 0.002931137776939072 0.1405624133006127 0.003578872184111286 0.2236517900237192 -0.0006477344071722143 -0.0830893767231065
8.34 0.002962674929794332 0.1405174470477532 0.003610098729099352 0.2235869006816589 -0.0006474237993050203 -0.08306945363390569
8.342 0.002994979695627484 0.1404742111435556 0.003642093110425767 0.2235237512396676 -0.0006471134147982832 -0.08304954009611198
8.344 0.003027978263884814 0.1404328172378396 0.003674781517322713 0.2234624533406985 -0.000646803253437899 -0.08302963610285891
8.346 0.003061583173324941 0.1403933773521245 0.00370807648833496 0.2234031189994109 -0.0006464933150100189 -0.08300974164728642
8.348 0.003095692310587949 0.1403560024105938 0.003741875909889 0.2233458591331349 -0.0006461835993010511 -0.08298985672254115
8.35 0.003130188023910961 0.1403208005161216 0.003776062130008621 0.2232907818378978 -0.0006458741060976596 -0.08296998132177626
8.352 0.003164936403784936 0.1402878749660172 0.003810501238971699 0.2232379904041687 -0.0006455648351867631 -0.08295011543815146
8.354 0.003199786788757421 0.1402573220113749 0.003845042575112956 0.2231875810762079 -0.0006452557863555359 -0.08293025906483302
8.356 0.003234571559659038 0.1402292283755677 0.003879518519050444 0.2231396405705615 -0.0006449469593914065 -0.08291041219499375
8.358 0.003269106288641739 0.1402036685615318 0.003913744642723797 0.2230942433833448 -0.0006446383540820582 -0.08289057482181297
8.36 0.00330319030954013 0.1401807019937223 0.003947520279755558 0.2230514489321989 -0.0006443299702154279 -0.08287074693847657
8.362 0.003336607772459929 0.1401603700585708 0.003980629580039636 0.2230112985967477 -0.0006440218075797058 -0.08285092853817694
8.364 0.003369129237246305 0.1401426931260378 0.004012843103209641 0.2229738127401508 -0.0006437138659633357 -0.08283111961411292
8.366 0.003400513846865581 0.1401276676532602 0.004043919992020595 0.2229389878127501 -0.0006434061451550141 -0.08281132015948997
8.368 0.003430512102473621 0.140115263487896 0.00407361074741731 0.2229067936554159 -0.0006430986449436898 -0.08279153016751993
8.37 0.003458869236905431 0.1401054215017157 0.004101660602023995 0.2228771711331369 -0.0006427913651185637 -0.0827717496314212
8.372 0.003485329153280604 0.1400980516924676 0.004127813458749693 0.2228500302368862 -0.0006424843054690886 -0.08275197854441861
8.374 0.003509638861386843 0.1400930318920457 0.004151816327171811 0.2228252487917892 -0.0006421774657849686 -0.0827322168997435
8.376 0.003531553308692604 0.1400902072100962 0.004173424154548763 0.2228026719007298 -0.0006418708458561592 -0.08271246469063367
8.378 0.003550840467564541 0.140089390323162 0.004192404913037406 0.2227821122334953 -0.0006415644454728652 -0.08269272191033331
8.38 0.003567286508744561 0.1400903626901411 0.004208544773170105 0.2227633512422342 -0.0006412582644255434 -0.08267298855209314
8.382 0.003580700866617452 0.1400928767359971 0.004221653169122352 0.2227461413451674 -0.0006409523025048996 -0.08265326460917029
8.384 0.003590920987296025 0.1400966589990289 0.004231567546797915 0.2227302090738572 -0.0006406465595018893 -0.08263355007482831
8.386 0.003597816548703693 0.1401014141856916 0.004238157583911411 0.2227152591280288 -0.0006403410352077175 -0.0826138449423372
8.388 0.003601292954195523 0.1401068300247668 0.00424132868360936 0.2227009792297401 -0.0006400357294138371 -0.08259414920497332
8.39 0.003601293928017253 0.1401125827638222 0.004241024569929204 0.2226870456198418 -0.000639730641911951 -0.08257446285601952
8.392 0.003597803080962378 0.1401183431100968 0.004237228853456387 0.2226731289988618 -0.0006394257724940093 -0.08255478588876501
8.394 0.003590844365170081 0.1401237823887179 0.00422996548612229 0.2226589006852233 -0.0006391211209522098 -0.08253511829650538
8.396 0.003580481394284815 0.1401285786767397 0.004219298081363814 0.2226440387492823 -0.0006388166870789986 -0.08251546007254264
8.398 0.003566815664452894 0.1401324226730527 0.004205328135119962 0.2226282338832379 -0.0006385124706670678 -0.08249581121018515
8.4 0.003549983767929093 0.140135023081822 0.004188192239438449 0.2226111947845696 -0.0006382084715093565 -0.08247617170274761
8.402 0.003530153739841819 0.1401361113188518 0.00416805842924087 0.222592652862403 -0.0006379046893990513 -0.08245654154355121
8.404 0.00350752071624631 0.1401354453930476 0.004145121840375893 0.2225723661189709 -0.0006376011241295831 -0.08243692072592333
8.406 0.003482302105540138 0.1401328128650082 0.004119599881034768 0.222550122108206 -0.0006372977754946299 -0.08241730924319783
8.408 0.003454732484798302 0.14012803283713 0.004091727128086417 0.2225257399258449 -0.0006369946432881145 -0.08239770708871486
8.41 0.003425058428040804 0.1401209569803021 0.004061750155345008 0.222499071236123 -0.0006366917273042039 -0.08237811425582085
8.412 0.003393533456746764 0.1401114696475236 0.004029922484084076 0.2224700003853922 -0.0006363890273373112 -0.08235853073786865
8.414 0.003360413276745772 0.1400994871618442 0.003996499819927865 0.2224384436900616 -0.0006360865431820933 -0.08233895652821742
8.416 0.003325951433076626 0.1400849563933559 0.003961735707710076 0.2224043480135885 -0.0006357842746334499 -0.08231939162023252
8.418 0.003290395478845727 0.1400678527568778 0.003925877700332253 0.2223676887641635 -0.0006354822214865259 -0.08229983600728576
8.42 0.003253983718377683 0.1400481777690797 0.003889164101914391 0.2223284674518349 -0.0006351803835367083 -0.08228028968275514
8.422 0.0032169425516964 0.1400259563020757 0.003851821312276028 0.2222867089421007 -0.0006348787605796276 -0.08226075264002498
8.424 0.003179484418147196 0.1400012336618706 0.003814061770558353 0.2222424585343566 -0.0006345773524111569 -0.08224122487248592
8.426 0.003141806313116264 0.1399740726061754 0.003776082471943675 0.2221957789797103 -0.0006342761588274108 -0.08222170637353482
8.428 0.003104088833658885 0.139944550399032 0.003738064013283631 0.2221467475356068 -0.0006339751796247463 -0.0822021971365748
8.43 0.003066495696325168 0.1399127559811018 0.003700170110924931 0.2220954531361171 -0.0006336744145997623 -0.08218269715501532
8.432 0.003029173663230413 0.139878787315773 0.003662547526779711 0.222041993738045 -0.0006333738635492978 -0.082163206422272
8.434 0.002992252809610092 0.139842748953595 0.003625326335880525 0.2219864738853617 -0.0006330735262704338 -0.08214372493176673
8.436 0.002955847066865238 0.1398047498416982 0.003588620469425729 0.2219290025186259 -0.0006327734025604905 -0.08212425267692766
8.438 0.002920054978713917 0.1397649013912208 0.003552528470930947 0.22186969104241 -0.0006324734922170294 -0.08210478965118916
8.44 0.002884960613413362 0.1397233158046072 0.003517134408451213 0.2218086516525989 -0.0006321737950378515 -0.08208533584799178
8.442 0.002850634581646908 0.1396801046558783 0.003482508892467904 0.2217459959166607 -0.0006318743108209968 -0.08206589126078238
8.444 0.002817135116741458 0.1396353777104887 0.003448710156106202 0.2216818335935027 -0.0006315750393647446 -0.08204645588301392
8.446 0.002784509181070149 0.1395892419669137 0.003415785161537763 0.2216162716750594 -0.0006312759804676137 -0.08202702970814561
8.448 0.002752793569339692 0.1395418008993572 0.003383770703268053 0.221549413629 -0.00063097713392836 -0.08200761272964285
8.45 0.002722015985785226 0.1394931538796111 0.003352694485331205 0.2214813588205884 -0.0006306784995459789 -0.08198820494097724
8.452 0.002692196077970718 0.1394433957558541 0.00332257615509042 0.2214122020914807 -0.0006303800771197024 -0.08196880633562653
8.454 0.002663346414755782 0.1393926165667476 0.003293428281204782 0.2213420334738222 -0.0006300818664490005 -0.08194941690707462
8.456 0.002635473400170725 0.139340901370354 0.003265257267504306 0.2212709380191657 -0.0006297838673335808 -0.08193003664881168
8.458 0.002608578118331725 0.1392883301689457 0.003238064197905111 0.2211989957232795 -0.0006294860795733862 -0.08191066555433386
8.46 0.002582657107282933 0.1392349779125446 0.003211845610251531 0.2211262815296882 -0.0006291885029685976 -0.08189130361714363
8.462 0.002557703061817216 0.1391809145659044 0.003186594199136847 0.2210528653966539 -0.0006288911373196312 -0.08187195083074951
8.464 0.002533705466933575 0.1391262052255069 0.003162299449360713 0.220978812414173 -0.0006285939824271385 -0.08185260718866616
8.466 0.002510651164809298 0.1390709102749704 0.003138948202901305 0.2209041829593848 -0.0006282970380920076 -0.08183327268441438
8.468 0.002488524858947239 0.1390150855689253 0.003116525163062599 0.2208290328804464 -0.0006280003041153604 -0.0818139473115211
8.47 0.002467309559734273 0.1389587826370097 0.003095013340032827 0.220753413700529 -0.0006277037802985545 -0.08179463106351932
8.472 0.002446986975893213 0.1389020489010033 0.003074394442336395 0.2206773728349515 -0.0006274074664431817 -0.08177532393394822
8.474 0.002427537856438182 0.1388449278993776 0.003054649218789249 0.2206009538157306 -0.0006271113623510673 -0.08175602591635299
8.476 0.002408942287719284 0.1387874595146367 0.003035757755543555 0.2205241965189217 -0.0006268154678242713 -0.08173673700428498
8.478 0.002391179949978089 0.1387296801997401 0.003017699732643176 0.2204471373910417 -0.0006265197826650867 -0.08171745719130159
8.48 0.002374230337659693 0.1386716232007289 0.003000454644335732 0.2203698096716952 -0.0006262243066760388 -0.0816981864709663
8.482 0.002358072947463406 0.1386133187733496 0.002984001987123294 0.2202922436101983 -0.0006259290396598871 -0.08167892483684865
8.484 0.002342687437821307 0.1385547943920279 0.002968321419240929 0.2202144666745522 -0.0006256339814196225 -0.08165967228252427
8.486 0.002328053763226082 0.1384960749500446 0.00295339289498455 0.2201365037516194 -0.0006253391317584683 -0.08164042880157481
8.488 0.002314152286504318 0.1384371829501235 0.002939196776984198 0.2200583773377115 -0.00062504449047988 -0.08162119438758801
8.49 0.002300963871863902 0.1383781386849828 0.002925713929251445 0.2199801077191404 -0.0006247500573875435 -0.0816019690341576
8.492 0.00228846996125042 0.1383189604076319 0.002912925793535796 0.2199017131425152 -0.0006244558322853766 -0.08158275273488337
8.494 0.002276652636292278 0.1382596644914139 0.002900814451269807 0.219823209974785 -0.0006241618149775283 -0.08156354548337116
8.496 0.002265494667864096 0.1382002655799366 0.002889362673132473 0.2197446128531694 -0.0006238680052683769 -0.08154434727323277
8.498 0.002254979555067976 0.1381407767271513 0.002878553958030508 0.2196659348252374 -0.0006235744029625321 -0.08152515809808611
8.5 0.002245091555233582 0.1380812095279413 0.002868372563098413 0.2195871874794962 -0.0006232810078648319 -0.08150597795155493
8.502 0.00223581570633735 0.1380215742396281 0.002858803526117695 0.2195083810668973 -0.0006229878197803453 -0.08148680682726916
8.504 0.002227137843080953 0.1379618798948576 0.002849832681595323 0.2194295246137223 -0.0006226948385143698 -0.08146764471886463
8.506 0.002219044607709665 0.1379021344063542 0.002841446671582096 0.2193506260263373 -0.0006224020638724316 -0.08144849161998312
8.508 0.002211523456515147 0.1378423446640328 0.002833632952175433 0.2192716921883053 -0.000622109495660286 -0.08142934752427249
8.51 0.002204562662850024 0.1377825166249842 0.002826379796533939 0.2191927290503706 -0.0006218171336839154 -0.08141021242538644
8.512 0.002198151317368385 0.1377226553968239 0.002819676295117916 0.2191137417138087 -0.0006215249777495312 -0.08139108631698477
8.514 0.002192279326116937 0.1376627653149092 0.002813512353780509 0.2190347345076424 -0.0006212330276635724 -0.08137196919273315
8.516 0.002186937407012827 0.1376028500138899 0.002807878690245531 0.2189557110601931 -0.0006209412832327041 -0.0813528610463032
8.518 0.002182117085174174 0.1375429124940645 0.002802766829437993 0.218876674365437 -0.0006206497442638192 -0.08133376187137249
8.52 0.002177810687505662 0.1374829551829855 0.002798169098069699 0.2187976268446101 -0.0006203584105640374 -0.08131467166162459
8.522 0.002174011336882688 0.1374229799927366 0.002794078618823392 0.2187185704034855 -0.0006200672819407038 -0.08129559041074888
8.524 0.002170712946233213 0.1373629883733031 0.002790489304434603 0.2186395064857438 -0.0006197763582013903 -0.08127651811244077
8.526 0.002167910212770158 0.1373029813624053 0.002787395851924052 0.2185604361228068 -0.0006194856391538937 -0.0812574547604015
8.528 0.002165598612593867 0.13724295963219 0.002784793737200104 0.2184813599805283 -0.0006191951246062368 -0.08123840034833826
8.53 0.00216377439585079 0.1371829235331152 0.002782679210217457 0.2184022784030794 -0.0006189048143666672 -0.08121935486996416
8.532 0.002162434582608076 0.1371228731353776 0.002781049290851733 0.2183231914543758 -0.0006186147082436569 -0.08120031831899817
8.534 0.002161576959579566 0.137062808268211 0.002779901765625468 0.2182440989573761 -0.0006183248060459025 -0.08118129068916512
8.536 0.002161200077818633 0.137002728557357 0.002779235185400958 0.2181650005315528 -0.0006180351075823251 -0.0811622719741958
8.538 0.002161303251476471 0.1369426334610155 0.002779048864138539 0.2180858956288422 -0.0006177456126620685 -0.08114326216782677
8.54 0.002161886557706841 0.1368825223045713 0.002779342878801342 0.2180067835683719 -0.0006174563210945011 -0.0811242612638006
8.542 0.00216295083778741 0.1368223943143648 0.002780118070476623 0.2179276635702304 -0.0006171672326892133 -0.08110526925586554
8.544 0.002164497699514286 0.136762248650805 0.002781376046770305 0.2178485347885808 -0.000616878347256019 -0.08108628613777581
8.546 0.002166529520916018 0.1367020844410786 0.002783119185520973 0.21776939634437 -0.000616589664604955 -0.08106731190329146
8.548 0.002169049455324633 0.1366419008117394 0.002785350639870912 0.2176902473579177 -0.0006163011845462791 -0.08104834654617836
8.55 0.002172061437830261 0.1365816969214421 0.002788074344720733 0.2176110869816503 -0.0006160129068904718 -0.08102939006020821
8.552 0.002175570193138556 0.1365214719940966 0.002791295024586791 0.2175319144332551 -0.0006157248314482352 -0.08101044243915856
8.554 0.002179581244840302 0.1364612253527183 0.002795018202870793 0.217452729029531 -0.0006154369580304919 -0.08099150367681274
8.556 0.002184100926096195 0.1364009564542497 0.002799250212544581 0.2173735302212096 -0.0006151492864483867 -0.08097257376695992
8.558 0.002189136391725847 0.1363406649256519 0.002803998208239131 0.2172943176290469 -0.0006148618165132832 -0.08095365270339504
8.56 0.002194695631684878 0.136280350601553 0.002809270179721646 0.2172150910814719 -0.0006145745480367672 -0.08093474047991889
8.562 0.00220078748589788 0.136220013563776 0.002815074966728523 0.217135850654114 -0.0006142874808306438 -0.08091583709033803
8.564 0.002207421660404239 0.1361596541830614 0.002821422275111177 0.2170565967115262 -0.0006140006147069371 -0.08089694252846476
8.566 0.002214608744762008 0.1360992731633241 0.002828322694239899 0.2169773299514413 -0.0006137139494778915 -0.0808780567881172
8.568 0.002222360230631229 0.1360388715888092 0.002835787715587199 0.2168980514519285 -0.0006134274849559704 -0.08085917986311929
8.57 0.002230688531447237 0.1359784509745139 0.002843829752401092 0.2168187627218145 -0.0006131412209538552 -0.08084031174730061
8.572 0.002239607003059247 0.1359180133202951 0.002852462160343694 0.2167394657547916 -0.0006128551572844469 -0.08082145243449658
8.574 0.002249129965201526 0.1358575611690622 0.002861699258962389 0.2166601630876105 -0.0006125692937608635 -0.08080260191854836
8.576 0.002259272723610982 0.1357970976695359 0.002871556353807424 0.2165808578628388 -0.0006122836301964419 -0.08078376019330286
8.578 0.002270051592590147 0.135736626644032 0.002882049758994884 0.2165015538966447 -0.0006119981664047363 -0.08076492725261272
8.58 0.002281483917761745 0.1356761526617913 0.002893196819961263 0.2164222557521276 -0.0006117129021995173 -0.08074610309033627
8.582 0.002293588098707233 0.1356156811184089 0.002905015936102007 0.2163429688187465 -0.0006114278373947733 -0.08072728770033762
8.584 0.00230638361114516 0.1355552183219257 0.00291752658294987 0.2162636993984123 -0.0006111429718047098 -0.08070848107648659
8.586 0.002319891028221748 0.1354947715862044 0.002930749333465495 0.2161844547988631 -0.0006108583052437471 -0.08068968321265865
8.588 0.002334132040415353 0.1354343493322484 0.002944705877941876 0.2161052434349835 -0.0006105738375265233 -0.08067089410273511
8.59 0.002349129473485394 0.1353739611981252 0.002959419041953285 0.216026074938728 -0.0006102895684678906 -0.08065211374060277
8.592 0.002364907303772502 0.1353136181582417 0.00297491280165542 0.215946960278396 -0.0006100054978829178 -0.0806333421201543
8.594 0.002381490670069842 0.1352533326526977 0.00299121229565673 0.2158679118879857 -0.0006097216255868885 -0.08061457923528799
8.596 0.002398905881139235 0.1351931187275112 0.003008343832534536 0.215788943807419 -0.0006094379513953009 -0.0805958250799078
8.598 0.002417180417809026 0.1351329921865094 0.003026334892932894 0.2157100718344327 -0.0006091544751238682 -0.08057707964792336
8.6 0.002436342928416039 0.1350729707557091 0.003045214125004556 0.2156313136889591 -0.0006088711965885175 -0.08055834293325
8.602 0.002456423216173656 0.135013074261001 0.003065011331779046 0.2155526891908096 -0.0006085881156053894 -0.08053961492980861
8.604 0.002477452216837396 0.1349533248199496 0.003085757448828236 0.2154742204514755 -0.0006083052319908396 -0.0805208956315259
8.606 0.002499461964790143 0.1348937470484942 0.003107484510351578 0.2153959320808283 -0.0006080225455614353 -0.08050218503233403
8.608 0.002522485545417174 0.1348343682832799 0.003130225601551132 0.2153178514094509 -0.000607740056133958 -0.08048348312617094
8.61 0.002546557031332953 0.1347752188202768 0.003154014794858355 0.215240008727257 -0.0006074577635254018 -0.08046478990698014
8.612 0.002571711399701115 0.1347163321702213 0.003178887067254088 0.2151624375389321 -0.0006071756675529726 -0.08044610536871077
8.614 0.002597984427537112 0.1346577453312513 0.003204878195571201 0.2150851748365689 -0.0006068937680340892 -0.08042742950531762
8.616 0.002625412561471091 0.1345994990789084 0.003232024626257473 0.2150082613896694 -0.0006066120647863819 -0.08040876231076102
8.618 0.002654032758054228 0.1345416382733773 0.003260363315681921 0.2149317420523844 -0.0006063305576276927 -0.080390103779007
8.62 0.002683882290201551 0.1344842121835049 0.003289931536577626 0.214855666087532 -0.0006060492463760747 -0.08037145390402713
8.622 0.002714998514944818 0.1344272748266486 0.00332076664579461 0.2147800875064471 -0.0006057681308497916 -0.08035281267979853
8.624 0.002747418597108483 0.1343708853228922 0.003352905807975802 0.2147050654231962 -0.0006054872108673191 -0.08033418010030401
8.626 0.002781179183091052 0.1343151082614269 0.003386385669338394 0.2146306644209588 -0.0006052064862473423 -0.0803155561595319
8.628 0.002816316018399226 0.1342600140760927 0.003421241975207982 0.2145569549275688 -0.0006049259568087558 -0.08029694085147608
8.63 0.002852863502126021 0.1342056794260562 0.003457509124496687 0.2144840135961922 -0.0006046456223706654 -0.08027833417013604
8.632 0.002890854171193304 0.1341521875763837 0.00349521965394569 0.2144119236859005 -0.0006043654827523859 -0.08025973610951684
8.634 0.002930318106827567 0.1340996287718754 0.003534403644601007 0.2143407754355044 -0.0006040855377734406 -0.08024114666362901
8.636 0.002971282255554094 0.1340481005958679 0.003575088042807657 0.2142706664223566 -0.0006038057872535628 -0.08022256582648875
8.638 0.003013769657060649 0.1339977083037972 0.003617295888073342 0.2142017018959149 -0.0006035262310126935 -0.08020399359211765
8.64 0.003057798571441299 0.1339485651191821 0.003661045440312283 0.2141339950737251 -0.0006032468688709832 -0.08018542995454299
8.642 0.003103381499037127 0.1339007924772206 0.003706349199685916 0.2140676673850181 -0.0006029677006487894 -0.08016687490779749
8.644 0.003150524087013418 0.1338545201985509 0.003753212813180096 0.2140028486444703 -0.0006026887261666774 -0.08014832844591939
8.646 0.003199223918432705 0.1338098865727987 0.003801633863678126 0.2139396771357512 -0.000602409945245421 -0.08012979056295248
8.648 0.003249469181731192 0.1337670383284826 0.003851600539437193 0.2138782995814286 -0.0006021313577060006 -0.08011126125294603
8.65 0.003301237221522144 0.1337261304626891 0.003903090184891746 0.2138188709726439 -0.0006018529633696026 -0.08009274050995481
8.652 0.003354492975532384 0.1336873259008324 0.003956067737590005 0.2137615542288715 -0.0006015747620576217 -0.08007422832803912
8.654 0.003409187307385114 0.1336507949539281 0.004010484060976771 0.2137065196551927 -0.0006012967535916576 -0.08005572470126469
8.656 0.003465255251065519 0.1336167145383743 0.004066274188859036 0.2136539441620771 -0.0006010189377935169 -0.08003722962370281
8.658 0.003522614190184962 0.1335852671215414 0.004123355504670174 0.2136040102109716 -0.0006007413144852118 -0.0800187430894302
8.66 0.003581162003787032 0.133556639355865 0.004181625887275991 0.2135569044483941 -0.0006004638834889592 -0.08000026509252903
8.662 0.003640775220268663 0.1335310203650646 0.004240961864895846 0.2135128159921516 -0.0006001866446271822 -0.07998179562708697
8.664 0.003701307231867014 0.1335085996490116 0.004301216829589523 0.2134719343362087 -0.0005999095977225088 -0.07996333468719717
8.666 0.003762586633908738 0.1334895645791994 0.004362219376506508 0.2134344468461576 -0.0005996327425977704 -0.07994488226695814
8.668 0.00382441576502387 0.1334740974652135 0.004423771844099875 0.2134005358256875 -0.0005993560790760046 -0.07992643836047396
8.67 0.003886569536366219 0.1334623721845776 0.00448564914334667 0.2133703751464317 -0.0005990796069804512 -0.07990800296185403
8.672 0.003948794648325509 0.1334545503842036 0.004547597974460064 0.2133441264494169 -0.0005988033261345551 -0.07988957606521326
8.674 0.004010809301636979 0.1334507772816611 0.004609336537998943 0.2133219349463331 -0.0005985272363619642 -0.07987115766467197
8.676 0.00407230351445779 0.1334511771184794 0.004670554851944319 0.2133039248728353 -0.0005982513374865298 -0.07985274775435587
8.678 0.004132940156667549 0.1334558483452652 0.004730915785999855 0.2132901946736613 -0.0005979756293323054 -0.07983434632839612
8.68 0.00419235680596952 0.1334648586487454 0.004790056917693068 0.2132808120296746 -0.0005977001117235488 -0.07981595338092927
8.682 0.004250168515583557 0.1334782399623176 0.004847593300068276 0.2132758088684149 -0.0005974247844847182 -0.07979756890609728
8.684 0.004305971559653882 0.1334959836324001 0.004903121207094357 0.2132751765304476 -0.0005971496474404754 -0.07977919289804751
8.686 0.004359348189230757 0.133518035940289 0.00495622288964644 0.2132788612912216 -0.0005968747004156832 -0.07976082535093267
8.688 0.004409872388758053 0.1335442942001297 0.005006472331993459 0.2132867604590406 -0.0005965999432354061 -0.07974246625891089
8.69 0.004457116571892429 0.1335746036651134 0.005053441947617339 0.2132987192812591 -0.0005963253757249103 -0.07972411561614569
8.692 0.004500659097957384 0.1336087554726564 0.005096710095667046 0.2133145288894623 -0.0005960509977096623 -0.07970577341680592
8.694 0.004540092430110334 0.1336464858427779 0.005135869239125663 0.2133339254978437 -0.0005957768090153298 -0.07968743965506581
8.696 0.004575031697544566 0.1336874767102833 0.005170534507012347 0.2133565910353883 -0.0005955028094677809 -0.07966911432510496
8.698 0.004605123372104263 0.1337313579205719 0.005200352370997347 0.2133821553416802 -0.0005952289988930834 -0.07965079742110831
8.7 0.004630053729936811 0.1337777110522572 0.005225009107054317 0.2134101999895233 -0.0005949553771175058 -0.07963248893726615
8.702 0.004649556746408326 0.1338260748505818 0.005244238690375841 0.2134402637183559 -0.0005946819439675152 -0.0796141888677741
8.704 0.004663421071669141 0.1338759521691386 0.00525782977093892 0.2134718493759717 -0.0005944086992697786 -0.07959589720683312
8.706 0.004671495757317803 0.1339268182299741 0.005265631400168966 0.2135044321786237 -0.0005941356428511625 -0.07957761394864954
8.708 0.004673694451853872 0.1339781299313634 0.005267557226392603 0.2135374690187983 -0.0005938627745387308 -0.07955933908743489
8.71 0.004669997851716643 0.1340293358655978 0.00526358794587639 0.2135704084830039 -0.0005935900941597476 -0.07954107261740616
8.712 0.004660454280974905 0.1340798866624313 0.005253771882516579 0.2136027011952169 -0.0005933176015416739 -0.07952281453278558
8.714 0.004645178369477297 0.1341292452521666 0.005238223665989466 0.2136338100799673 -0.0005930452965121693 -0.07950456482780065
8.716 0.00462434789853659 0.1341768966476595 0.005217121077435681 0.2136632201443437 -0.0005927731788990909 -0.07948632349668423
8.718 0.004598198976723793 0.1342223568766094 0.005190700225254287 0.2136904474102838 -0.0005925012485304931 -0.07946809053367443
8.72 0.004567019788583789 0.1342651807506495 0.005159249293818416 0.2137150466836642 -0.0005922295052346276 -0.07944986593301466
8.722 0.004531143219983883 0.1343049682311602 0.005123101168823826 0.2137366179201139 -0.0005919579488399434 -0.07943164968895364
8.724 0.004490938701672203 0.1343413692359519 0.005082625280847288 0.2137548110316972 -0.0005916865791750852 -0.07941344179574528
8.726 0.004446803626116598 0.1343740868188461 0.005038219022185492 0.2137693290664949 -0.0005914153960688946 -0.07939524224764882
8.728 0.004399154682933933 0.1344028787386124 0.004990299082284343 0.2137799297775412 -0.0005911443993504092 -0.07937705103892878
8.73 0.004348419428449863 0.1344275575083786 0.004939293017298726 0.2137864256722335 -0.0005908735888488621 -0.07935886816385487
8.732 0.004295028359738502 0.1344479890773318 0.004885631324132184 0.2137886826940339 -0.0005906029643936825 -0.07934069361670208
8.734 0.004239407708143043 0.1344640903407174 0.004829740233957537 0.213786617732468 -0.0005903325258144942 -0.07932252739175065
8.736 0.00418197310745917 0.1344758257007556 0.004772035380400287 0.2137801951840416 -0.0005900622729411164 -0.07930436948328605
8.738 0.004123124232232331 0.1344832029115377 0.004712916437835894 0.2137694227971367 -0.0005897922056035633 -0.079286219885599
8.74 0.004063240446373264 0.1344862684367959 0.004652762770005306 0.2137543470297812 -0.0005895223236320422 -0.07926807859298536
8.742 0.004002677454138997 0.1344851025339258 0.004591930080995953 0.2137350481336721 -0.0005892526268569562 -0.07924994559974632
8.744 0.003941764906406593 0.1344798142537418 0.004530748021515494 0.2137116351539301 -0.0005889831151089016 -0.07923182090018824
8.746 0.003880804885655373 0.1344705365164385 0.004469518673874041 0.2136842410050612 -0.0005887137882186683 -0.07921370448862267
8.748 0.003820071173017148 0.1344574213929301 0.004408515819034388 0.2136530177522965 -0.0005884446460172401 -0.07919559635936638
8.75 0.003759809189378841 0.134440635689487 0.004347984877714633 0.2136181321962283 -0.0005881756883357924 -0.07917749650674129
8.752 0.003700236498423692 0.1344203569042489 0.004288143413429387 0.2135797618293235 -0.0005879069150056956 -0.07915940492507458
8.754 0.003641543761411659 0.1343967695979219 0.00422918208727017 0.2135380912066205 -0.0005876383258585113 -0.07914132160869858
8.756 0.003583896039780511 0.134370062198525 0.004171265960506505 0.2134933087504758 -0.0005873699207259936 -0.07912324655195077
8.758 0.003527434350962174 0.1343404242417282 0.004114536050402263 0.213445603990902 -0.0005871016994400892 -0.07910517974917385
8.76 0.003472277394019466 0.1343080440339994 0.004059111055852401 0.213395165228715 -0.0005868336618329357 -0.07908712119471564
8.762 0.003418523373610005 0.1342731067152781 0.004005089181346869 0.2133421775982073 -0.0005865658077368632 -0.07906907088292915
8.764 0.003366251862825831 0.1342357926906821 0.003952549999810224 0.2132868214988547 -0.0005862981369843924 -0.07905102880817254
8.766 0.003315525656842642 0.1341962763963972 0.003901556306250877 0.2132292713612063 -0.0005860306494082355 -0.07903299496480912
8.768 0.003266392579858066 0.13415472536283 0.00385215592469936 0.2131696947100373 -0.0005857633448412948 -0.07901496934720728
8.77 0.003218887217138624 0.1341112995378472 0.003804383440255288 0.2131082514875879 -0.0005854962231166639 -0.07899695194974066
8.772 0.003173032552081188 0.1340661508340005 0.003758261836148814 0.2130450936007885 -0.000585229284067626 -0.07897894276678794
8.774 0.003128841495056434 0.1340194228656741 0.003713804022584089 0.2129803646584071 -0.0005849625275276548 -0.07896094179273296
8.776 0.003086318296352681 0.1339712508447305 0.003671014249683094 0.2129141998666951 -0.0005846959533304128 -0.07894294902196464
8.778 0.003045459840133772 0.1339217616062423 0.003629889401443525 0.2128467260551193 -0.0005844295613097528 -0.07892496444887707
8.78 0.003006256819748512 0.1338710737390245 0.003590420171048229 0.212778061806894 -0.0005841633512997168 -0.07890698806786944
8.782 0.002968694797447391 0.1338192977988342 0.003552592120581927 0.2127083176721802 -0.0005838973231345354 -0.07888901987334598
8.784 0.002932755153478985 0.1337665365851172 0.003516386630127612 0.2126375964448332 -0.0005836314766486275 -0.07887105985971607
8.786 0.002898415930830667 0.1337128854649973 0.003481781742507268 0.2125659934863915 -0.0005833658116766014 -0.07885310802139417
8.788 0.00286565258275546 0.13365843273081 0.003448752910808713 0.2124935970836098 -0.000583100328053253 -0.0788351643527998
8.79 0.002834438630668989 0.1336032599798078 0.003417273656282555 0.2124204888281654 -0.000582835025613566 -0.07881722884835761
8.792 0.002804746240115083 0.1335474425067242 0.003387316144307794 0.2123467440092215 -0.0005825699041927115 -0.07879930150249723
8.794 0.002776546722476821 0.1334910497017195 0.003358851686102869 0.2122724320113729 -0.0005823049636260489 -0.07878138230965344
8.796 0.00274981096980813 0.1334341454477635 0.003331851173557254 0.2121976167120296 -0.0005820402037491242 -0.07876347126426608
8.798 0.00272450982984382 0.1333767885128843 0.00330628545424149 0.2121223568736642 -0.0005817756243976698 -0.07874556836077999
8.8 0.00270061442778158 0.1333190329338232 0.003282125653189185 0.2120467065274683 -0.0005815112254076056 -0.07872767359364506
8.802 0.002678096440965618 0.1332609283886103 0.003259343447580656 0.2119707153459266 -0.0005812470066150376 -0.07870978695731633
8.804 0.00265692833208017 0.1332025205563488 0.003237911299936428 0.2118944290026025 -0.0005809829678562574 -0.07869190844625369
8.806 0.002637083545960459 0.1331438514631629 0.003217802654928202 0.2118178895180851 -0.0005807191089677433 -0.07867403805492225
8.808 0.002618536674630829 0.1330849598137946 0.003198992104416987 0.2117411355915866 -0.0005804554297861583 -0.07865617577779202
8.81 0.00260126359468998 0.13302588130876 0.003181455524838332 0.2116642029180981 -0.0005801919301483513 -0.07863832160933808
8.812 0.002585241580711331 0.1329666489473356 0.003165170190602687 0.2115871244913761 -0.0005799286098913568 -0.07862047554404054
8.814 0.002570449397888329 0.1329072933169037 0.003150114866740722 0.2115099308932882 -0.0005796654688523929 -0.07860263757638447
8.816 0.002556867376748932 0.132847842869402 0.003136269883617795 0.2114326505702619 -0.0005794025068688632 -0.07858480770085999
8.818 0.002544477472395207 0.1327883241857991 0.003123617196173563 0.2113553100977613 -0.0005791397237783559 -0.07856698591196219
8.82 0.002533263310364907 0.1327287622296242 0.00311214042978355 0.2112779344338154 -0.0005788771194186423 -0.07854917220419115
8.822 0.002523210220897153 0.132669180590696 0.003101824914524831 0.2112005471627479 -0.0005786146936276784 -0.07853136657205197
8.824 0.002514305263072539 0.1326096017202268 0.003092657709316142 0.2111231707302815 -0.0005783524462436031 -0.07851356901005467
8.826 0.002506537240030214 0.1325500471585664 0.003084627617134953 0.2110458266712807 -0.0005780903771047393 -0.07849577951271429
8.828 0.002499896706187606 0.1324905377568394 0.003077725192237198 0.2109685358313903 -0.0005778284860495929 -0.07847799807455086
8.83 0.002494375967150221 0.1324310938937664 0.003071942740067073 0.2108913185838557 -0.0005775667729168521 -0.0784602246900893
8.832 0.002489969072754298 0.1323717356889684 0.003067274310299686 0.210814195042828 -0.0005773052375453886 -0.07844245935385957
8.834 0.002486671803456465 0.1323124832140224 0.003063715683230721 0.2107371852744189 -0.0005770438797742557 -0.07842470206039652
8.836 0.002484481650057667 0.1322533567025441 0.003061264349500356 0.210660309506784 -0.0005767826994426886 -0.07840695280423995
8.838 0.002483397786525646 0.1321943767605503 0.003059919482915752 0.210583588340485 -0.0005765216963901058 -0.07838921157993468
8.84 0.002483421035452358 0.1321355645782906 0.003059681905908464 0.2105070429603209 -0.0005762608704561058 -0.07837147838203039
8.842 0.002484553825451067 0.132076942144741 0.003060554046931536 0.2104306953498226 -0.000576000221480469 -0.07835375320508164
8.844 0.002486800139562002 0.1320185324658465 0.003062539888865159 0.2103545685094945 -0.0005757397493031574 -0.07833603604364806
8.846 0.002490165453481978 0.1319603597875597 0.003065644907246291 0.2102786866798538 -0.0005754794537643133 -0.07831832689229408
8.848 0.002494656662177872 0.1319024498246117 0.003069875996882132 0.2102030755702008 -0.0005752193347042599 -0.0783006257455891
8.85 0.002500281993161366 0.1318448299958469 0.003075241385124866 0.2101277625939543 -0.0005749593919635007 -0.07828293259810741
8.852 0.002507050904413416 0.1317875296667931 0.003081750529796136 0.2100527771112213 -0.0005746996253827193 -0.07826524744442817
8.854 0.002514973964641692 0.1317305803999588 0.003089413999444472 0.2099781506790943 -0.0005744400348027795 -0.07824757027913554
8.856 0.0025240627132191 0.1316740162131265 0.003098243333283824 0.209903917309945 -0.0005741806200647242 -0.07822990109681842
8.858 0.002534329496820925 0.1316178738456191 0.003108250877830701 0.2098301137376898 -0.0005739213810097762 -0.07821223989207073
8.86 0.002545787279413942 0.1315621930321768 0.00311944959689328 0.2097567796916679 -0.0005736623174793374 -0.07819458665949121
8.862 0.00255844942189467 0.1315070167836563 0.003131852851209658 0.2096839581773398 -0.000573403429314988 -0.07817694139368343
8.864 0.002572329427314745 0.1314523916732456 0.003145474143673233 0.2096116957625016 -0.0005731447163584879 -0.07815930408925595
8.866 0.002587440647264857 0.1313983681262849 0.003160326825716632 0.209540042867107 -0.000572886178451775 -0.07814167474082212
8.868 0.002603795944676918 0.1313450007110365 0.003176423760113883 0.2094690540540366 -0.0005726278154369649 -0.07812405334300009
8.87 0.002621407307992009 0.1312923484268974 0.003193776935148361 0.2093987883173104 -0.0005723696271563521 -0.07810643989041297
8.872 0.002640285411456816 0.1312404749855 0.003212397024909224 0.2093293093631886 -0.0005721116134524079 -0.07808883437768867
8.874 0.002660439116141403 0.1311894490790069 0.003232292890309184 0.2092606858784668 -0.0005718537741677815 -0.0780712367994599
8.876 0.002681874906327181 0.1311393446285108 0.00325347101547248 0.2091929917788752 -0.0005715961091452998 -0.07805364715036432
8.878 0.002704596256082915 0.1310902410039388 0.00327593487431088 0.2091263064289831 -0.0005713386182279658 -0.07803606542504431
8.88 0.002728602921269605 0.1310422232051366 0.003299684222528564 0.2090607148232838 -0.0005710813012589597 -0.07801849161814711
8.882 0.002753890152987362 0.1309953819918998 0.003324714311069 0.2089963077162246 -0.0005708241580816384 -0.07800092572432479
8.884 0.002780447829548352 0.1309498139486877 0.003351015018087887 0.208933181686922 -0.0005705671885395347 -0.07798336773823424
8.886 0.002808259505649135 0.1309056214676002 0.003378569898125493 0.2088714391221374 -0.0005703103924763579 -0.07796581765453717
8.888 0.0028373013795614 0.1308629126309722 0.003407355149297393 0.2088111880988722 -0.0005700537697359924 -0.07794827546790001
8.89 0.00286754118187956 0.130821800972797 0.003437338502042059 0.2087525421457911 -0.0005697973201624991 -0.0779307411729941
8.892 0.00289893699291912 0.1307824050961726 0.003468478036519233 0.2086956198606681 -0.0005695410436001134 -0.07791321476449552
8.894 0.002931436000125338 0.1307448481222961 0.003500720940018584 0.2086405443593812 -0.0005692849398932464 -0.07789569623708513
8.896 0.002964973212067362 0.1307092569453958 0.003534002220953846 0.2085874425308444 -0.0005690290088864835 -0.07787818558544858
8.898 0.002999470151630362 0.1306757612676316 0.003568243402054948 0.208536444071908 -0.0005687732504245854 -0.07786068280427631
8.9 0.003034833557960442 0.1306444923887324 0.003603351222312928 0.208487680276996 -0.0005685176643524863 -0.07784318788826351
8.902 0.003070954134386641 0.1306155817272847 0.003639216384901937 0.2084412825593948 -0.0005682622505152956 -0.07782570083211017
8.904 0.003107705387723713 0.1305891590545206 0.003675712396482008 0.2083973806850416 -0.0005680070087582956 -0.07780822163052098
8.906 0.003144942612808555 0.130565350427532 0.003712694551735498 0.2083561007057374 -0.0005677519389269431 -0.07779075027820546
8.908 0.003182502084245911 0.130544275817381 0.003749999125112779 0.2083175625872589 -0.0005674970408668681 -0.07777328676987785
8.91 0.003220200524654813 0.1305260464388772 0.003787442839078686 0.2082818775391342 -0.0005672423144238733 -0.07775583110025708
8.912 0.003257834924328992 0.1305107618029497 0.003824822683772927 0.2082491450670166 -0.000566987759443935 -0.0777383832640669
8.914 0.003295182790270196 0.1304985065294927 0.003861916166043398 0.2082194497855285 -0.0005667333757732023 -0.07772094325603578
8.916 0.003332002902077027 0.1304893469780077 0.003898482065335024 0.2081928580489045 -0.0005664791632579963 -0.07770351107089685
8.918 0.003368036646984313 0.1304833277745793 0.003934261768729124 0.2081694144779674 -0.000566225121744811 -0.07768608670338807
8.92 0.003403009995717199 0.1304804683357602 0.00396898124679751 0.2081491384840122 -0.0005659712510803118 -0.07766867014825202
8.922 0.003436636163671121 0.1304807595112137 0.004002353714782457 0.2081320209114497 -0.0005657175511113362 -0.07765126140023604
8.924 0.00346861897823827 0.1304841604858298 0.004034082999923164 0.208118020939922 -0.0005654640216848938 -0.07763386045409218
8.926 0.003498656942669816 0.1304905960962179 0.004063867605317981 0.2081070634007951 -0.0005652106626481645 -0.07761646730457719
8.928 0.003526447950713501 0.1304999547237986 0.004091405424562001 0.2080990366702511 -0.0005649574738485004 -0.0775990819464525
8.93 0.003551694565972787 0.1305120869251111 0.004116399021106211 0.2080937912995953 -0.000564704455133424 -0.07758170437448425
8.932 0.003574109737789673 0.1305268049474111 0.004138561344140301 0.2080911395308544 -0.0005644516063506283 -0.07756433458344326
8.934 0.003593422784717042 0.1305438832532853 0.004157621712065019 0.2080908558213904 -0.0005641989273479773 -0.07754697256810505
8.936 0.003609385440936109 0.1305630601416649 0.004173331858909613 0.2080926784649146 -0.0005639464179735044 -0.07752961832324975
8.938 0.00362177773399794 0.1305840405052382 0.004185471812073354 0.2080963123489004 -0.0005636940780754135 -0.07751227184366226
8.94 0.003630413447798923 0.1306064997085792 0.004193855355301002 0.2081014328327112 -0.0005634419075020788 -0.07749493312413205
8.942 0.003635144925304473 0.1306300885106093 0.004198334831406515 0.2081076906700626 -0.0005631899061020426 -0.07747760215945332
8.944 0.003635866983012752 0.1306544388942632 0.00419880505673677 0.208114717838688 -0.0005629380737240179 -0.07746027894442487
8.946 0.003632519743360769 0.1306791706103324 0.004195206153577655 0.2081221340841826 -0.0005626864102168862 -0.07744296347385021
8.948 0.003625090240598734 0.1307038981967451 0.004187525156028432 0.2081295539392826 -0.0005624349154296977 -0.07742565574253746
8.95 0.003613612716611596 0.1307282382032393 0.004175796305823268 0.2081365939485387 -0.0005621835892116715 -0.07740835574529938
8.952 0.003598167591028816 0.1307518163376221 0.004160100022441011 0.2081428798145755 -0.0005619324314121948 -0.07739106347695335
8.954 0.003578879159126658 0.1307742742551257 0.004140560601007481 0.2081480531874471 -0.0005616814418808232 -0.07737377893232139
8.956 0.00355591213575067 0.1307952757359694 0.004117342756217951 0.2081517778421997 -0.0005614306204672804 -0.07735650210623021
8.958 0.003529467218545088 0.1308145120360302 0.004090647185566546 0.2081537450295412 -0.0005611799670214576 -0.07733923299351103
8.96 0.003499775885104656 0.1308317062474231 0.004060705366498069 0.2081536778364228 -0.0005609294813934131 -0.07732197158899971
8.962 0.003467094663776194 0.130846616564976 0.004027773827209567 0.2081513344525129 -0.0005606791634333735 -0.07730471788753682
8.964 0.003431699125910959 0.1308590384159615 0.00399212813890269 0.2081465102999289 -0.0005604290129917313 -0.07728747188396738
8.966 0.003393877839424198 0.1308688054688554 0.003954056869343245 0.2081390390419966 -0.0005601790299190469 -0.07727023357314114
8.968 0.003353926501704726 0.1308757895884758 0.003913855715770772 0.2081287925383882 -0.0005599292140660462 -0.07725300294991234
8.97 0.003312142437750228 0.1308798998462468 0.003871822003033851 0.2081156798553867 -0.0005596795652836224 -0.07723578000913989
8.972 0.003268819610370352 0.1308810807242671 0.003828249693793186 0.2080996454699543 -0.0005594300834228344 -0.07721856474568722
8.974 0.003224244247414904 0.1308793096695401 0.003783425015749811 0.2080806668239625 -0.0005591807683349069 -0.07720135715442238
8.976 0.003178691149533186 0.13087459416107 0.003737622769404417 0.208058751391288 -0.0005589316198712309 -0.07718415723021797
8.978 0.003132420703628779 0.1308669684490299 0.003691103341512141 0.2080339334169811 -0.0005586826378833624 -0.07716696496795118
8.98 0.003085676594110758 0.1308564901137568 0.00364411041633378 0.2080062704762605 -0.0005584338222230226 -0.07714978036250375
8.982 0.003038684177228881 0.1308432365753229 0.003596869349970979 0.2079758399840848 -0.0005581851727420983 -0.07713260340876195
8.984 0.002991649463670417 0.1308273016640194 0.003549586152963058 0.2079427357656361 -0.0005579366892926406 -0.07711543410161666
8.986 0.002944758641194248 0.1308087923401292 0.003502447012921114 0.2079070647760925 -0.0005576883717268654 -0.07709827243596326
8.988 0.002898178061449279 0.130787825629688 0.003455618281346432 0.2078689440363897 -0.000557440219897153 -0.07708111840670169
8.99 0.002852054612737634 0.1307645258225449 0.003409246846393682 0.2078284978312813 -0.0005571922336560477 -0.07706397200873644
8.992 0.002806516402014353 0.1307390219609182 0.00336346081487061 0.2077858551978947 -0.0005569444128562578 -0.07704683323697648
8.994 0.002761673674042723 0.1307114456311914 0.003318370431393379 0.2077411477175267 -0.000556696757350656 -0.07702970208633537
8.996 0.002717619902257236 0.1306819290591219 0.003274069169249513 0.207694507610853 -0.0005564492669922772 -0.07701257855173116
8.998 0.002674432993722837 0.1306506034988711 0.003230634935357158 0.2076460661269576 -0.0005562019416343212 -0.07699546262808647
9 0.002632176558979323 0.1306175978991023 0.003188131340109472 0.2075959522094306 -0.0005559547811301488 -0.0769783543103283
9.002 0.002590901205869147 0.1305830378245481 0.003146608991202433 0.2075442914179364 -0.0005557077853332858 -0.0769612535933883
9.004 0.002550645824425666 0.1305470446085276 0.003106106778523086 0.2074912050807302 -0.0005554609540974197 -0.07694416047220255
9.006 0.002511438837140206 0.1305097347105693 0.003066653124416606 0.207436809652281 -0.0005552142872764 -0.07692707494171167
9.008 0.002473299395398486 0.1304712192531929 0.003028267180122725 0.2073812162500537 -0.0005549677847242391 -0.0769099969968607
9.01 0.002436238508470581 0.1304316037127123 0.002990959954765692 0.2073245303453115 -0.0005547214462951109 -0.07689292663259921
9.012 0.0024002600961086 0.1303909877403816 0.002954735367951951 0.2072668515842629 -0.0005544752718433517 -0.07687586384388131
9.014 0.002365361959694145 0.1303494650920756 0.002919591220917604 0.2072082737177411 -0.0005542292612234587 -0.07685880862566548
9.016 0.002331536669938354 0.1303071236467951 0.002885520084228444 0.2071488846197099 -0.0005539834142900907 -0.07684176097291474
9.018 0.002298772371549818 0.1302640454964824 0.002852510102447885 0.207088766377079 -0.0005537377308980678 -0.07682472088059655
9.02 0.002267053507108365 0.1302203070918155 0.002820545718010736 0.2070279954354984 -0.0005534922109023711 -0.07680768834368289
9.022 0.002236361463667604 0.1301759794307334 0.002789608317825746 0.2069666427878835 -0.0005532468541581416 -0.07679066335715005
9.024 0.002206675146544149 0.1301311282784132 0.002759676807064831 0.2069047741943922 -0.000553001660520682 -0.07677364591597899
9.026 0.002177971485260785 0.1300858144091906 0.002730728115106239 0.2068424504243456 -0.0005527566298454542 -0.07675663601515491
9.028 0.002150225876969795 0.1300400938625434 0.002702737638957876 0.206779727512211 -0.0005525117619880807 -0.07673963364966759
9.03 0.002123412572718489 0.1299940182066597 0.002675679629522833 0.2067166570211709 -0.0005522670568043441 -0.07672263881451118
9.032 0.002097505011886788 0.1299476348043704 0.002649527526036974 0.2066532863090546 -0.0005520225141501857 -0.07670565150468428
9.034 0.002072476109959522 0.1299009870772939 0.00262425424384123 0.2065896587924839 -0.0005517781338817074 -0.07668867171518992
9.036 0.002048298504507275 0.1298541147649509 0.002599832420362444 0.2065258142059865 -0.0005515339158551697 -0.07667169944103558
9.038 0.002024944763981763 0.1298070541763854 0.002576234623908755 0.2064617888536185 -0.0005512898599269919 -0.07665473467723312
9.04 0.0020023875635904 0.1297598384324801 0.002553433529544152 0.2063976158512789 -0.0005510459659537524 -0.07663777741879881
9.042 0.001980599832141835 0.1297124976976679 0.002531402065934023 0.2063333253584212 -0.0005508022337921884 -0.07662082766075333
9.044 0.001959554873457719 0.1296650594002101 0.002510113536756914 0.2062689447983319 -0.0005505586632991948 -0.07660388539812181
9.046 0.001939226465551759 0.1296175484405312 0.002489541719883584 0.2062044990664649 -0.0005503152543318255 -0.07658695062593374
9.048 0.00191958894049838 0.1295699873874139 0.002469660947245671 0.2061400107266368 -0.0005500720067472916 -0.07657002333922298
9.05 0.001900617247574226 0.1295223966620548 0.002450446167977188 0.2060755001950826 -0.0005498289204029623 -0.07655310353302783
9.052 0.001882287001996909 0.1294747947101749 0.002431872997153273 0.2060109859125658 -0.0005495859951563648 -0.07653619120239097
9.054 0.001864574521302961 0.1294271981624928 0.002413917752168143 0.2059464845048522 -0.0005493432308651822 -0.07651928634235938
9.056 0.001847456851172608 0.1293796219839727 0.002396557478559865 0.2058820109319572 -0.0005491006273872566 -0.07650238894798454
9.058 0.001830911782299197 0.1293320796123251 0.002379769966879783 0.2058175786266473 -0.0005488581845805853 -0.07648549901432219
9.06 0.001814917859689951 0.1292845830862821 0.002363533761993275 0.2057531996227146 -0.0005486159023033237 -0.0764686165364325
9.062 0.001799454385622909 0.1292371431641999 0.002347828166036692 0.2056888846735799 -0.0005483737804137826 -0.07645174150937997
9.064 0.00178450141731721 0.1291897694335478 0.00233263323608764 0.2056246433617812 -0.0005481318187704297 -0.07643487392823346
9.066 0.001770039760232233 0.1291424704118435 0.002317929777464122 0.2055604841999096 -0.0005478900172318885 -0.07641801378806617
9.068 0.001756050957801033 0.129095253639598 0.002303699333457972 0.2054964147235537 -0.000547648375656939 -0.07640116108395573
9.07 0.001742517278274015 0.1290481257658015 0.002289924172178531 0.2054324415767855 -0.0005474068939045156 -0.07638431581098394
9.072 0.001729421699274617 0.129001092626483 0.002276587271108326 0.2053685705907201 -0.0005471655718337095 -0.07636747796423711
9.074 0.001716747890558585 0.128954159316832 0.002263672299862351 0.2053048068556378 -0.0005469244093037662 -0.07635064753880574
9.076 0.001704480195421986 0.1289073302573707 0.002251163601596073 0.2052411547871555 -0.0005466834061740867 -0.07633382452978479
9.078 0.001692603611114848 0.1288606092546156 0.002239046173419076 0.2051776181868891 -0.0005464425623042273 -0.07631700893227346
9.08 0.001681103768573188 0.1288139995566569 0.002227305646127086 0.2051142002980322 -0.0005462018775538977 -0.07630020074137524
9.082 0.001669966911737705 0.1287675039040585 0.002215928263520668 0.2050509038562565 -0.000545961351782963 -0.076283399952198
9.084 0.001659179876667621 0.128721124576438 0.002204900861519063 0.2049877311362919 -0.0005457209848514426 -0.0762666065598539
9.086 0.001648730070640523 0.1286748634350834 0.002194210847260032 0.2049246839945428 -0.0005454807766195091 -0.07624982055945938
9.088 0.001638605451388775 0.1286287219619255 0.002183846178336265 0.2048617639080607 -0.0005452407269474899 -0.07623304194613519
9.09 0.00162879450659093 0.1285827012951595 0.002173795342286795 0.2047989720101659 -0.0005450008356958653 -0.07621627071500638
9.092 0.001619286233727736 0.1285368022618011 0.002164047336453005 0.2047363091230033 -0.000544761102725269 -0.07619950686120225
9.094 0.001610070120375373 0.1284910254074244 0.002154591648271862 0.2046737757872809 -0.0005445215278964891 -0.07618275037985649
9.096 0.00160113612500612 0.1284453710233213 0.002145418236076585 0.2046113722894282 -0.000544282111070465 -0.07616600126610693
9.098 0.001592474658341358 0.128399839171299 0.002136517510449647 0.2045490986863948 -0.0005440428521082901 -0.07614925951509574
9.1 0.001584076565298834 0.1283544297063163 0.002127880316170044 0.2044869548282857 -0.0005438037508712101 -0.0761325251219694
9.102 0.001575933107557874 0.1283091422971413 0.002119497914778497 0.2044249403790199 -0.0005435648072206227 -0.07611579808187857
9.104 0.001568035946760998 0.1282639764452013 0.002111361967779077 0.2043630548351795 -0.0005433260210180785 -0.07609907838997824
9.106 0.001560377128365402 0.1282189315017786 0.002103464520490682 0.2043012975432062 -0.0005430873921252797 -0.07608236604142764
9.108 0.001552949066146689 0.128174006683696 0.002095797986550769 0.2042396677150862 -0.0005428489204040802 -0.07606566103139019
9.11 0.001545744527357278 0.1281292010876247 0.002088355133073763 0.2041781644426584 -0.000542610605716486 -0.07604896335503365
9.112 0.00153875661853505 0.1280845137031323 0.002081129066459704 0.2041167867106623 -0.000542372447924654 -0.07603227300752997
9.114 0.001531978771953171 0.1280399434245812 0.002074113218844064 0.2040555334086366 -0.0005421344468908927 -0.07601558998405532
9.116 0.001525404732704573 0.1279954890619822 0.002067301335182234 0.2039944033417723 -0.0005418966024776614 -0.07599891427979018
9.118 0.00151902854640596 0.1279511493508895 0.00206068746095353 0.2039333952408086 -0.0005416589145475699 -0.07598224588991911
9.12 0.001512844547512281 0.127906922961434 0.002054265930475661 0.2038725077710651 -0.0005414213829633797 -0.0759655848096311
9.122 0.001506847348221672 0.1278628085065575 0.002048031355809673 0.2038117395406766 -0.0005411840075880011 -0.07594893103411915
9.124 0.001501031827961459 0.1278188045495352 0.002041978616245955 0.2037510891081158 -0.0005409467882844959 -0.07593228455858061
9.126 0.001495393123434951 0.1277749096108428 0.002036102848351027 0.2036905549890598 -0.0005407097249160758 -0.07591564537821703
9.128 0.001489926619214766 0.1277311221744314 0.002030399436560867 0.2036301356626655 -0.0005404728173461017 -0.07589901348823408
9.13 0.00148462793886826 0.1276874406934706 0.002024864004306344 0.2035698295773123 -0.0005402360654380842 -0.07588238888384169
9.132 0.001479492936595503 0.127643863595605 0.002019492405651187 0.203509635155859 -0.0005399994690556845 -0.07586577156025399
9.134 0.001474517689366979 0.1276003892877756 0.00201428071742969 0.2034495508004649 -0.0005397630280627113 -0.07584916151268931
9.136 0.001469698489545666 0.1275570161606533 0.002009225231868789 0.2033895748970234 -0.0005395267423231236 -0.0758325587363701
9.138 0.00146503183797585 0.1275137425927169 0.002004322449676878 0.2033297058192399 -0.0005392906117010284 -0.07581596322652305
9.14 0.001460514437528536 0.1274705669540254 0.001999569073589218 0.2032699419324044 -0.0005390546360606823 -0.07579937497837902
9.142 0.001456143187085791 0.1274274876097097 0.001994962002352281 0.2032102815968827 -0.0005388188152664896 -0.07578279398717304
9.144 0.001451915175953617 0.1273845029232246 0.00199049832513662 0.2031507231713689 -0.0005385831491830028 -0.07576622024814428
9.146 0.001447827678689352 0.1273416112593884 0.001986175316364275 0.2030912650159244 -0.0005383476376749231 -0.0757496537565361
9.148 0.001443878150332807 0.1272988109872417 0.001981990430939906 0.2030319054948378 -0.0005381122806070993 -0.07573309450759606
9.15 0.001440064222030029 0.1272561004827554 0.001977941299874556 0.2029726429793312 -0.0005378770778445272 -0.07571654249657576
9.152 0.00143638369703802 0.1272134781314093 0.001974025726290371 0.2029134758501404 -0.0005376420292523515 -0.07569999771873108
9.154 0.001432834547102749 0.1271709423306737 0.001970241681798611 0.2028544024999956 -0.0005374071346958625 -0.07568346016932193
9.156 0.001429414909199499 0.1271284914924146 0.001966587303239998 0.202795421336027 -0.0005371723940404989 -0.07566692984361244
9.158 0.001426123082628833 0.1270861240452494 0.001963060889780679 0.2027365307821203 -0.000536937807151846 -0.07565040673687085
9.16 0.001422957526459419 0.1270438384368778 0.001959660900355055 0.2026777292812474 -0.0005367033738956353 -0.07563389084436953
9.162 0.001419916857310605 0.1270016331364074 0.00195638595144835 0.2026190152977924 -0.0005364690941377454 -0.07561738216138497
9.164 0.001416999847468802 0.1269595066367037 0.001953234815213003 0.2025603873199015 -0.0005362349677442011 -0.07560088068319781
9.166 0.001414205423330446 0.1269174574567821 0.001950206417911618 0.2025018438618748 -0.0005360009945811728 -0.07558438640509277
9.168 0.00141153266416765 0.1268754841442744 0.001947299838682628 0.2024433834666332 -0.0005357671745149778 -0.07556789932235872
9.17 0.001408980801208956 0.1268335852779843 0.001944514308621034 0.2023850047082729 -0.0005355335074120783 -0.07555141943028859
9.172 0.001406549217032167 0.1267917594705664 0.00194184921017125 0.2023267061947458 -0.0005352999931390825 -0.07553494672417946
9.174 0.001404237445263547 0.1267500053713502 0.001939304076826291 0.2022684865706827 -0.0005350666315627441 -0.07551848119933252
9.176 0.001402045170578384 0.1267083216693364 0.001936878593128345 0.2022103445203894 -0.0005348334225499614 -0.07550202285105301
9.178 0.001399972228999318 0.1266667070963989 0.001934572594967096 0.2021522787710492 -0.000534600365967778 -0.07548557167465027
9.18 0.00139801860848619 0.1266251604307165 0.001932386070169573 0.2020942880961543 -0.0005343674616833829 -0.07546912766543777
9.182 0.001396184449813412 0.1265836805004709 0.001930319159377521 0.2020363713192039 -0.0005341347095641086 -0.075452690818733
9.184 0.001394470047728321 0.1265422661878455 0.001928372157205754 0.2019785273177031 -0.000533902109477433 -0.0754362611298576
9.186 0.001392875852384697 0.1265009164333563 0.001926545513675674 0.2019207550274935 -0.0005336696612909772 -0.07541983859413719
9.188 0.00139140247104369 0.1264596302405623 0.001924839835916197 0.2018630534474639 -0.0005334373648725076 -0.07540342320690155
9.19 0.001390050670033766 0.126418406681188 0.0019232558901237 0.2018054216446724 -0.0005332052200899337 -0.07538701496348447
9.192 0.001388821376959646 0.1263772449007104 0.001921794603770955 0.2017478587599342 -0.0005329732268113085 -0.07537061385922382
9.194 0.001387715683147873 0.126336144124454 0.001920457068052702 0.2016903640139155 -0.0005327413849048291 -0.07535421988946153
9.196 0.001386734846315017 0.1262951036642481 0.001919244540553853 0.2016329367137917 -0.0005325096942388356 -0.07533783304954357
9.198 0.001385880293440831 0.1262541229257035 0.001918158448122642 0.2015755762605235 -0.0005322781546818107 -0.07532145333481993
9.2 0.001385153623826072 0.1262132014161644 0.001917200389928454 0.2015182821568091 -0.0005320467661023813 -0.07530508074064472
9.202 0.001384556612310162 0.126172338753405 0.001916372140679477 0.201461054015781 -0.0005318155283693156 -0.07528871526237602
9.204 0.001384091212619152 0.1261315346751385 0.001915675653970677 0.2014038915705145 -0.000531584441351525 -0.07527235689537595
9.206 0.001383759560808991 0.1260907890494148 0.001915113065727055 0.2013467946844255 -0.0005313535049180639 -0.0752560056350107
9.208 0.00138356397876195 0.1260501018859868 0.001914686697700078 0.2012897633626372 -0.0005311227189381275 -0.07523966147665044
9.21 0.001383506977687555 0.126009473348732 0.001914399060968609 0.2012327977644014 -0.0005308920832810541 -0.07522332441566935
9.212 0.001383591261568533 0.1259689037692225 0.001914252859384857 0.2011758982166682 -0.0005306615978163236 -0.07520699444744573
9.214 0.001383819730483823 0.1259283936615399 0.00191425099289738 0.2011190652289017 -0.0005304312624135571 -0.07519067156736177
9.216 0.001384195483726746 0.125887943738447 0.001914396560669264 0.2010622995092507 -0.0005302010769425175 -0.0751743557708037
9.218 0.001384721822624621 0.1258475549290165 0.001914692863897729 0.2010056019821783 -0.0005299710412731087 -0.07515804705316179
9.22 0.001385402252947442 0.1258072283978459 0.001915143408222818 0.2009489738076762 -0.0005297411552753761 -0.07514174540983029
9.222 0.001386240486777875 0.125766965565973 0.001915751905597381 0.2008924164021804 -0.0005295114188195059 -0.07512545083620743
9.224 0.001387240443691775 0.1257267681336239 0.001916522275467599 0.2008359314613193 -0.0005292818317758244 -0.07510916332769545
9.226 0.001388406251074097 0.1256866381049276 0.001917458645088896 0.2007795209846281 -0.0005290523940147989 -0.07509288287970053
9.228 0.00138974224337094 0.1256465778147292 0.001918565348777978 0.2007231873023621 -0.0005288231054070374 -0.07507660948763294
9.23 0.001391252960043891 0.1256065899576395 0.001919846925867179 0.2006669331045463 -0.0005285939658232873 -0.07506034314690679
9.232 0.001392943141959983 0.1255666776194611 0.00192130811709442 0.2006107614724013 -0.0005283649751344364 -0.07504408385294026
9.234 0.001394817725912743 0.1255268443111161 0.001922953859124255 0.2005546759122716 -0.0005281361332115123 -0.07502783160115545
9.236 0.001396881836922302 0.1254870940052085 0.001924789276847984 0.2004986803921869 -0.000527907439925682 -0.07501158638697844
9.238 0.001399140777918361 0.1254474311753266 0.001926819673066613 0.2004427793811659 -0.0005276788951482524 -0.07499534820583931
9.24 0.001401600016352459 0.1254078608381862 0.001929050515103128 0.2003869778913582 -0.0005274504987506689 -0.07497911705317201
9.242 0.001404265167228571 0.1253683885986813 0.001931487417833088 0.2003312815230958 -0.0005272222506045165 -0.07496289292441449
9.244 0.001407141971974781 0.1253290206978802 0.0019341361225563 0.2002756965128889 -0.0005269941505815195 -0.0749466758150087
9.246 0.00141023627250994 0.1252897640639592 0.001937002471063479 0.2002202297843596 -0.0005267661985535395 -0.07493046572040041
9.248 0.001413553979784266 0.1252506263660078 0.001940092374176844 0.2001648890020473 -0.0005265383943925783 -0.07491426263603944
9.25 0.001417101035991329 0.1252116160705699 0.001943411773962104 0.2001096826279493 -0.0005263107379707745 -0.07489806655737946
9.252 0.001420883369569665 0.1251727425006928 0.001946966598730071 0.2000546199805709 -0.0005260832291604064 -0.07488187747987815
9.254 0.001424906842024243 0.1251340158971477 0.001950762709858132 0.1999997112961448 -0.0005258558678338892 -0.07486569539899708
9.256 0.001429177185517369 0.1250954474813482 0.001954805839381145 0.1999449677915499 -0.0005256286538637759 -0.0748495203102017
9.258 0.001433699930099889 0.125057049519329 0.001959101517222647 0.1998904017282905 -0.0005254015871227581 -0.07483335220896145
9.26 0.001438480319378737 0.125018835385957 0.001963654986862401 0.1998360264767067 -0.0005251746674836638 -0.07481719109074965
9.262 0.0014435232133638 0.1249808196283111 0.001968471108183259 0.1997818565793546 -0.0005249478948194588 -0.0748010369510435
9.264 0.001448832977195337 0.1249430180269048 0.001973554246198583 0.199727907812229 -0.0005247212690032459 -0.07478488978532416
9.266 0.001454413354450228 0.1249054476531089 0.001978908144358492 0.1996741972421855 -0.0005244947899082648 -0.07476874958907663
9.268 0.001460267323754745 0.1248681269207805 0.001984535781162637 0.1996207432785704 -0.0005242684574078919 -0.07475261635778988
9.27 0.001466396937517342 0.1248310756297055 0.001990439208892982 0.1995675657166623 -0.0005240422713756404 -0.07473649008695672
9.272 0.001472803141748407 0.1247943149980168 0.001996619373433566 0.1995146857700906 -0.0005238162316851595 -0.07472037077207384
9.274 0.001479485576167995 0.1247578676802725 0.00200307591437823 0.1994621260889143 -0.0005235903382102352 -0.07470425840864185
9.276 0.001486442354155288 0.1247217577673607 0.002009806944980077 0.1994099107595259 -0.0005233645908247886 -0.07468815299216522
9.278 0.001493669822547607 0.1246860107638731 0.002016808811950485 0.1993580652820253 -0.0005231389894028776 -0.07467205451815229
9.28 0.001501162301928554 0.1246506535380544 0.002024075835747249 0.1993066165201696 -0.0005229135338186956 -0.0746559629821153
9.282 0.001508911808824721 0.1246157142389411 0.002031600032771291 0.1992555926185114 -0.0005226882239465708 -0.07463987837957031
9.284 0.001516907762206323 0.1245812221748656 0.002039370821867291 0.1992050228809029 -0.0005224630596609677 -0.07462380070603729
9.286 0.001525136677882413 0.1245472076471775 0.002047374718718898 0.1991549376042176 -0.0005222380408364853 -0.07460772995704003
9.288 0.001533581855771676 0.1245137017328858 0.002055595023119534 0.199105367860992 -0.0005220131673478579 -0.07459166612810622
9.29 0.001542223066639391 0.1244807360100048 0.002064011505709346 0.1990563452247722 -0.0005217884390699546 -0.07457560921476736
9.292 0.00155103624670661 0.124448342219792 0.002072600102584389 0.1990079014323507 -0.0005215638558777788 -0.07455955921255877
9.294 0.001559993210466813 0.1244165518608654 0.002081332628113281 0.198960067977885 -0.0005213394176464687 -0.07454351611701969
9.296 0.001569061394101006 0.1243853957114859 0.002090176518352303 0.1989128756351791 -0.0005211151242512971 -0.0745274799236932
9.298 0.001578203643871461 0.124354903278154 0.00209909461943913 0.19886635390628 -0.0005208909755676698 -0.07451145062812607
9.3 0.001587378065741804 0.1243251021711897 0.002108045037212932 0.1988205303970588 -0.000520666971471128 -0.07449542822586908
9.302 0.001596537953974382 0.1242960174111634 0.002116981065811727 0.1987754301236402 -0.0005204431118373457 -0.07447941271247675
9.304 0.001605631817434247 0.1242676706739366 0.002125851213976377 0.198731074757444 -0.0005202193965421304 -0.07446340408350742
9.306 0.001614603522512303 0.1242400794866013 0.002134599347973727 0.1986874818211245 -0.0005199958254614239 -0.07444740233452324
9.308 0.001623392570722951 0.1242132563916227 0.002143164969194251 0.1986446638527129 -0.0005197723984713003 -0.0744314074610902
9.31 0.001631934526906871 0.1241872081017972 0.002151483642354839 0.1986026275605753 -0.0005195491154479673 -0.0744154194587781
9.312 0.001640161610347282 0.1241619346738957 0.002159487586615048 0.1985613729970562 -0.0005193259762677657 -0.07439943832316051
9.314 0.001648003455887767 0.1241374287336695 0.002167106436694935 0.1985208927834843 -0.0005191029808071684 -0.07438346404981486
9.316 0.001655388045289595 0.1241136747887607 0.002174268174232376 0.1984811714230831 -0.0005188801289427814 -0.07436749663432234
9.318 0.001662242800730435 0.1240906486684365 0.002180900221281778 0.1984421847407044 -0.000518657420551343 -0.07435153607226791
9.32 0.001668495822859428 0.1240683171294231 0.002186930678369152 0.1984038994886634 -0.0005184348555097234 -0.07433558235924033
9.322 0.001674077245687092 0.1240466376649821 0.002192289679382018 0.1983662731558143 -0.0005182124336949256 -0.07431963549083223
9.324 0.00167892067053486 0.124025558549436 0.002196910825518943 0.1983292540120759 -0.0005179901549840833 -0.07430369546263987
9.326 0.001682964632103715 0.1240050191424465 0.002200732651358178 0.1982927814127099 -0.0005177680192544631 -0.07428776227026342
9.328 0.001686154042424956 0.1239849504667313 0.002203700068808418 0.1982567863760381 -0.0005175460263834625 -0.07427183590930674
9.33 0.001688441553867339 0.1239652760599757 0.00220576573011595 0.1982211924353532 -0.0005173241762486106 -0.07425591637537748
9.332 0.001689788781281526 0.1239459130872691 0.002206891250009094 0.1981859167513562 -0.0005171024687275677 -0.0742400036640871
9.334 0.00169016732625019 0.123926773685584 0.002207048229948315 0.1981508714566348 -0.0005168809036981252 -0.07422409777105077
9.336 0.001689559553399307 0.1239077664977392 0.002206219034437512 0.1981159651896266 -0.0005166594810382048 -0.07420819869188738
9.338 0.001687959079553675 0.1238887983412963 0.002204397280179535 0.198081104763516 -0.00051643820062586 -0.0741923064222197
9.34 0.001685370950476858 0.1238697759490308 0.002201588012816132 0.1980461969067049 -0.0005162170623392737 -0.0741764209576741
9.342 0.00168181149596425 0.1238506077128393 0.00219780756202101 0.1980111500067201 -0.0005159960660567599 -0.0741605422938808
9.344 0.001677307870857334 0.1238312053627324 0.002193083082514096 0.1979758757892061 -0.0005157752116567629 -0.07414467042647373
9.346 0.001671897305715507 0.1238114855168699 0.002187451804733363 0.1979402908679604 -0.0005155544990178562 -0.07412880535109052
9.348 0.00166562610509607 0.1237913710470606 0.002180960033114813 0.1979043181104332 -0.0005153339280187439 -0.07411294706337258
9.35 0.001658548442570363 0.1237707922158587 0.002173661941108623 0.1978678877748237 -0.0005151134985382597 -0.07409709555896504
9.352 0.001650725008997368 0.1237496875553061 0.002165618219452734 0.1978309383888229 -0.0005148932104553664 -0.07408125083351673
9.354 0.00164222157386669 0.1237280044721912 0.002156894637515848 0.1977934173548714 -0.0005146730636491572 -0.07406541288268025
9.356 0.001633107518812807 0.1237056995791793 0.00214756057681166 0.1977552812812911 -0.0005144530579988531 -0.07404958170211183
9.358 0.001623454398133882 0.1236827387643099 0.002137687591517687 0.1977164960517814 -0.0005142331933838049 -0.07403375728747148
9.36 0.001613334574076418 0.123659097022224 0.002127348043759911 0.1976770366566469 -0.0005140134696834927 -0.07401793963442294
9.362 0.001602819965636154 0.1236347580786697 0.002116613852413679 0.1976368868173033 -0.0005137938867775244 -0.07400212873863359
9.364 0.001591980939607331 0.1236097138450705 0.002105555384152968 0.197596038440845 -0.0005135744445456368 -0.07398632459577452
9.366 0.001580885362465345 0.1235839637423342 0.00209424050533304 0.1975544909438548 -0.0005133551428676957 -0.07397052720152059
9.368 0.001569597822072411 0.1235575139329602 0.002082733803696105 0.1975122504845104 -0.0005131359816236939 -0.07395473655155023
9.37 0.001558179019746146 0.1235303764982954 0.002071095980439899 0.1974693291398411 -0.0005129169606937535 -0.07393895264154569
9.372 0.001546685326203792 0.1235025685940571 0.002059383406161915 0.1974257440612499 -0.0005126980799581234 -0.07392317546719281
9.374 0.00153516848953043 0.1234741116124952 0.002047647828827611 0.1973815166366764 -0.0005124793392971809 -0.07390740502418112
9.376 0.001523675479525326 0.1234450303743411 0.002035936218116756 0.197336671682545 -0.0005122607385914307 -0.0738916413082039
9.378 0.001512248450520965 0.1234153523683688 0.00202429072824247 0.1972912366833268 -0.0005120422777215047 -0.07387588431495802
9.38 0.001500924803803965 0.1233851070513345 0.002012748760372128 0.1972452410914786 -0.0005118239565681624 -0.07386013404014405
9.382 0.001489737330843719 0.1233543252164823 0.002001343105856009 0.1971987156959485 -0.0005116057750122901 -0.07384439047946624
9.384 0.001478714419454081 0.1233230384348383 0.001990102152388982 0.1971516920634708 -0.0005113877329349011 -0.07382865362863249
9.386 0.001467880306477956 0.1232912785702507 0.001979050136695092 0.197104202053605 -0.0005111698302171356 -0.07381292348335437
9.388 0.001457255362405402 0.1232590773665462 0.001968207429145661 0.1970562774058933 -0.0005109520667402597 -0.07379720003934705
9.39 0.001446856395350484 0.1232264661032481 0.001957590837736151 0.1970079493955775 -0.0005107344423856668 -0.07378148329232939
9.392 0.001436696963831671 0.1231934753149471 0.001947213920866547 0.196959248552971 -0.0005105169570348763 -0.07376577323802395
9.394 0.001426787689776733 0.1231601345685758 0.001937087300346266 0.1969102044407326 -0.0005102996105695329 -0.07375006987215682
9.396 0.00141713656498089 0.1231264722923949 0.001927218967852298 0.1968608454828527 -0.0005100824028714087 -0.07373437319045779
9.398 0.001407749245887533 0.1230925156503869 0.001917614579709933 0.1968111988390472 -0.0005098653338224006 -0.07371868318866032
9.4 0.001398629332975646 0.1230582904558911 0.001908277736280178 0.1967612903183925 -0.0005096484033045311 -0.07370299986250142
9.402 0.001389778632243181 0.1230238211186154 0.00189921024344313 0.1967111443263372 -0.0005094316111999486 -0.07368732320772178
9.404 0.001381197397281886 0.1229891306195902 0.001890412354672812 0.1966607838396559 -0.0005092149573909262 -0.07367165322006569
9.406 0.001372884551234068 0.1229542405091221 0.001881882992993931 0.1966102304044031 -0.0005089984417598627 -0.07365598989528106
9.408 0.001364837888566363 0.1229191709233367 0.001873619952755645 0.1965595041524561 -0.000508782064189282 -0.07364033322911946
9.41 0.001357054257069647 0.1228839406154238 0.001865620081631479 0.1965086238327597 -0.000508565824561832 -0.07362468321733598
9.412 0.0013495297208504 0.1228485669982196 0.001857879443610686 0.196457606853909 -0.0005083497227602859 -0.07360903985568941
9.414 0.001342259705331165 0.1228130661952432 0.001850393463998707 0.1964064693351853 -0.0005081337586675416 -0.07359340313994209
9.416 0.001335239125430951 0.1227774530977511 0.001843157057597571 0.196355226163611 -0.0005079179321666202 -0.07357777306585994
9.418 0.001328462498196024 0.1227417414257795 0.001836164741336693 0.1963038910549921 -0.0005077022431406688 -0.07356214962921259
9.42 0.001321924041176975 0.1227059437914977 0.001829410732649931 0.1962524766172708 -0.0005074866914729566 -0.07354653282577309
9.422 0.0013156177578577 0.1226700717635192 0.001822889034904578 0.1962009944148374 -0.0005072712770468777 -0.07353092265131819
9.424 0.001309537511395239 0.1226341359310819 0.00181659351114119 0.1961494550327102 -0.0005070559997459505 -0.07351531910162826
9.426 0.00130367708787936 0.1225981459672454 0.001810517947333175 0.1960978681397325 -0.0005068408594538153 -0.07349972217248713
9.428 0.001298030250253583 0.1225621106904555 0.00180465610630782 0.1960462425501378 -0.0005066258560542373 -0.07348413185968229
9.43 0.001292590783951421 0.1225260381239844 0.001799001773382525 0.1959945862829892 -0.0005064109894311041 -0.07346854815900479
9.432 0.00128735253522778 0.1224899355528975 0.001793548794696207 0.1959429066191468 -0.0005061962594684267 -0.07345297106624922
9.434 0.001282309443077626 0.122453809578314 0.001788291109127965 0.1958912101555279 -0.0005059816660503389 -0.0734374005772138
9.436 0.001277455565547595 0.1224176661688101 0.001783222774608692 0.1958395028565103 -0.0005057672090610973 -0.07342183668770022
9.438 0.001272785101174997 0.1223815107089011 0.001778337989560078 0.1957877901024148 -0.0005055528883850811 -0.07340627939351378
9.44 0.001268292406203222 0.1223453480445845 0.001773631110110014 0.1957360767350479 -0.0005053387039067924 -0.07339072869046338
9.442 0.001263972008160785 0.1223091825259814 0.00176909666367164 0.1956843671003428 -0.0005051246555108545 -0.07337518457436136
9.444 0.001259818616318522 0.1222730180471392 0.001764729359400535 0.1956326650881628 -0.0005049107430820139 -0.07335964704102368
9.446 0.001255827129485711 0.1222368580830945 0.001760524095990851 0.1955809741693643 -0.0005046969665051391 -0.07334411608626989
9.448 0.001251992641547515 0.1222007057243054 0.001756475967212734 0.1955292974302284 -0.0005044833256652191 -0.07332859170592293
9.45 0.001248310445096932 0.122164563708578 0.001752580265544298 0.1954776376043875 -0.0005042698204473666 -0.07331307389580945
9.452 0.001244776033473865 0.1221284344506198 0.001748832484210679 0.1954259971023793 -0.0005040564507368139 -0.07329756265175945
9.454 0.001241385101479559 0.122092320069358 0.001745228317898475 0.1953743780389646 -0.0005038432164189158 -0.07328205796960661
9.456 0.001238133545003627 0.1220562224131602 0.001741763662382775 0.1953227822583483 -0.0005036301173791483 -0.0732665598451881
9.458 0.001235017459767186 0.1220201430830944 0.001738434613270294 0.1952712113574389 -0.0005034171535031078 -0.07325106827434452
9.46 0.001232033139358288 0.1219840834543617 0.001735237464034801 0.1952196667072817 -0.0005032043246765123 -0.07323558325292009
9.462 0.001229177072713442 0.1219480446960328 0.001732168703498642 0.1951681494727953 -0.0005029916307852004 -0.07322010477676254
9.464 0.001226445941175168 0.121912027789213 0.001729225012890298 0.195116660630936 -0.0005027790717151307 -0.07320463284172302
9.466 0.001223836615239729 0.1218760335437572 0.001726403262592113 0.1950652009874135 -0.0005025666473523832 -0.07318916744365628
9.468 0.001221346151089459 0.1218400626136437 0.001723700508672616 0.1950137711920642 -0.0005023543575831572 -0.0731737085784205
9.47 0.001218971786994056 0.1218041155111211 0.001721113989287829 0.1949623717529985 -0.0005021422022937731 -0.0731582562418774
9.472 0.001216710939649539 0.1217681926197249 0.00171864112102021 0.1949110030496171 -0.0005019301813706708 -0.07314281042989221
9.474 0.001214561200514368 0.1217322942062596 0.001716279495214777 0.1948596653445932 -0.00050171829470041 -0.07312737113833361
9.476 0.001212520332194088 0.12169642043184 0.001714026874363758 0.1948083587949137 -0.0005015065421696701 -0.07311193836307377
9.478 0.001210586264915357 0.1216605713620716 0.001711881188580607 0.19475708346206 -0.0005012949236652506 -0.07309651209998839
9.48 0.001208757093126231 0.1216247469764491 0.0017098405322003 0.1947058393214057 -0.0005010834390740694 -0.07308109234495658
9.482 0.001207031072252215 0.1215889471770502 0.00170790316053538 0.1946546262709112 -0.0005008720882831644 -0.07306567909386098
9.484 0.001205406615632469 0.1215531717965891 0.001706067486812161 0.1946034441391767 -0.000500660871179692 -0.07305027234258767
9.486 0.00120388229165801 0.1215174206058985 0.001704332079308938 0.1945522926929247 -0.000500449787650928 -0.07303487208702622
9.488 0.001202456821127917 0.1214816933208972 0.001702695658712184 0.1945011716439669 -0.0005002388375842675 -0.07301947832306969
9.49 0.001201129074838785 0.1214459896091027 0.001701157095706008 0.1944500806557172 -0.0005000280208672228 -0.07300409104661452
9.492 0.001199898071418324 0.1214103090957419 0.001699715408805749 0.1943990193493025 -0.0004998173373874256 -0.07298871025356067
9.494 0.001198762975413302 0.1213746513695101 0.001698369762445928 0.1943479873093217 -0.0004996067870326262 -0.07297333593981158
9.496 0.001197723095639247 0.1213390159880277 0.001697119465329939 0.1942969840893017 -0.0004993963696906921 -0.07295796810127403
9.498 0.001196777883798428 0.1213034024830391 0.001695963969048038 0.1942460092168975 -0.00049918608524961 -0.0729426067338584
9.5 0.001195926933371511 0.1212678103653987 0.001694902866968994 0.194195062198877 -0.0004989759335974834 -0.07292725183347834
9.502 0.001195169978786503 0.1212322391298859 0.001693935893409037 0.194144142525937 -0.0004987659146225345 -0.07291190339605112
9.504 0.001194506894868963 0.1211966882598909 0.001693062923082065 0.1940932496773882 -0.0004985560282131024 -0.0728965614174973
9.506 0.00119393769657554 0.1211611572320112 0.001692283970833184 0.1940423831257522 -0.0004983462742576436 -0.07288122589374094
9.508 0.001193462539013036 0.1211256455205967 0.001691599191657769 0.1939915423413062 -0.0004981366526447329 -0.07286589682070954
9.51 0.00119308171774456 0.1210901526022844 0.001691008881007621 0.1939407267966184 -0.0004979271632630608 -0.07285057419433397
9.512 0.001192795669383455 0.1210546779605607 0.001690513475384891 0.1938899359711093 -0.0004977178060014358 -0.07283525801054858
9.514 0.001192604972475446 0.1210192210903909 0.001690113553224229 0.193839169355682 -0.000497508580748783 -0.0728199482652911
9.516 0.001192510348668915 0.1209837815029549 0.001689809836063059 0.1937884264574576 -0.000497299487394144 -0.07280464495450267
9.518 0.001192512664172508 0.1209483587305301 0.001689603189999186 0.193737706804658 -0.0004970905258266772 -0.07278934807412789
9.52 0.001192612931498746 0.1209129523315637 0.001689494627434403 0.1936870099516784 -0.0004968816959356574 -0.07277405762011474
9.522 0.0011928123114914 0.120877561895975 0.001689485309101875 0.1936363354843895 -0.0004966729976104753 -0.07275877358841457
9.524 0.001193112115632998 0.1208421870507379 0.001689576546373637 0.19358568302572 -0.0004964644307406385 -0.07274349597498216
9.526 0.001193513808629101 0.1208068274657837 0.00168976980384487 0.1935350522415594 -0.0004962559952157694 -0.07272822477577569
9.528 0.001194019011262342 0.1207714828602808 0.001690066702187949 0.1934844428470375 -0.0004960476909256072 -0.07271295998675671
9.53 0.001194629503510021 0.1207361530093371 0.001690469021270027 0.1934338546132273 -0.0004958395177600067 -0.07269770160389022
9.532 0.001195347227915189 0.1207008377511853 0.001690978703524126 0.1933832873743298 -0.0004956314756089376 -0.07268244962314452
9.534 0.001196174293199192 0.1206655369949095 0.001691597857561677 0.1933327410354008 -0.0004954235643624855 -0.07266720404049135
9.536 0.001197112978101559 0.120630250728773 0.00169232876201241 0.1932822155806788 -0.0004952157839108514 -0.07265196485190582
9.538 0.001198165735429085 0.1205949790292178 0.001693173869573435 0.1932317110825842 -0.0004950081341443506 -0.07263673205336639
9.54 0.001199335196290719 0.1205597220706085 0.001694135811244133 0.1931812277114635 -0.0004948006149534142 -0.07262150564085496
9.542 0.001200624174493506 0.1205244801357916 0.001695217400722093 0.1931307657461483 -0.0004945932262285876 -0.07260628561035666
9.544 0.001202035671064485 0.1204892536275633 0.001696421638925016 0.1930803255854234 -0.0004943859678605311 -0.07259107195786013
9.546 0.001203572878861499 0.1204540430811226 0.001697751718601518 0.19302990776048 -0.0004941788397400196 -0.07257586467935734
9.548 0.001205239187224642 0.1204188491776133 0.001699211028982584 0.1929795129484568 -0.0004939718417579418 -0.07256066377084351
9.55 0.001207038186613624 0.1203836727588509 0.001700803160418926 0.1929291419871683 -0.0004937649738053013 -0.07254546922831735
9.552 0.001208973673163741 0.1203485148433456 0.001702531908936957 0.1928787958911264 -0.0004935582357732157 -0.07253028104778088
9.554 0.001211049653082695 0.1203133766437333 0.001704401280635611 0.1928284758689727 -0.0004933516275529162 -0.07251509922523938
9.556 0.001213270346796654 0.1202782595857399 0.001706415495832402 0.1927781833424416 -0.000493145149035748 -0.07249992375670164
9.558 0.001215640192736318 0.1202431653288045 0.001708578992849488 0.1927279199669841 -0.0004929388001131697 -0.07248475463817962
9.56 0.001218163850637291 0.1202080957884987 0.001710896431314045 0.1926776876541875 -0.0004927325806767539 -0.07246959186568873
9.562 0.001220846204206054 0.1201730531608876 0.001713372694824241 0.1926274885961353 -0.0004925264906181863 -0.07245443543524765
9.564 0.001223692362979904 0.120138039948975 0.00171601289280917 0.1925773252918534 -0.0004923205298292657 -0.07243928534287843
9.566 0.001226707663182337 0.1201030589913886 0.001718822361384242 0.192527200575995 -0.0004921146982019044 -0.07242414158460642
9.568 0.001229897667341782 0.1200681134934636 0.001721806662969909 0.1924771176499239 -0.0004919089956281272 -0.07240900415646033
9.57 0.001233268162408956 0.1200332070608767 0.001724971584409028 0.1924270801153488 -0.0004917034220000718 -0.07239387305447212
9.572 0.001236825156064721 0.1199983437359945 0.00172832313327471 0.1923770920106716 -0.000491497977209989 -0.07237874827467713
9.574 0.001240574870870664 0.1199635280370812 0.001731867532020905 0.1923271578501952 -0.0004912926611502413 -0.07236362981311399
9.576 0.001244523735857485 0.1199287650005158 0.00173561120957079 0.1922772826663404 -0.0004910874737133042 -0.07234851766582463
9.578 0.001248678375097068 0.1198940602261424 0.001739560789888834 0.1922274720549967 -0.0004908824147917658 -0.07233341182885433
9.58 0.001253045592738584 0.1198594199258672 0.001743723077016909 0.1921777322241188 -0.0004906774842783249 -0.07231831229825157
9.582 0.001257632353918665 0.1198248509755808 0.001748105035984458 0.1921280700456491 -0.0004904726820657936 -0.07230321907006823
9.584 0.001262445760888344 0.1197903609704451 0.00175271376893544 0.1920784931108046 -0.0004902680080470956 -0.07228813214035945
9.586 0.001267493023612265 0.1197559582835378 0.00175755648572753 0.1920290097887215 -0.0004900634621152658 -0.07227305150518366
9.588 0.001272781424010428 0.1197216521277786 0.001762640468173879 0.1919796292883812 -0.000489859044163451 -0.07225797716060259
9.59 0.001278318272927723 0.1196874526209759 0.001767973027012632 0.1919303617236571 -0.0004896547540849091 -0.07224290910268119
9.592 0.001284110858811271 0.1196533708537365 0.001773561450584281 0.1918812181812243 -0.0004894505917730094 -0.0722278473274878
9.594 0.001290166386990536 0.1196194189598441 0.001779412944111769 0.1918322107909381 -0.0004892465571212328 -0.07221279183109394
9.596 0.001296491908350745 0.1195856101885639 0.001785534558373915 0.1917833527981384 -0.0004890426500231701 -0.07219774260957447
9.598 0.001303094236105187 0.1195519589781391 0.001791933106477711 0.1917346586371466 -0.000488838870372524 -0.07218269965900748
9.6 0.001309979849286586 0.1195184810295238 0.001798615067349694 0.1916861440049982 -0.0004886352180631078 -0.07216766297547438
9.602 0.001317154781513963 0.1194851933791294 0.001805586474502808 0.1916378259341891 -0.0004884316929888445 -0.07215263255505977
9.604 0.001324624493552899 0.1194521144690553 0.001812852788596667 0.1915897228629069 -0.0004882282950437685 -0.07213760839385155
9.606 0.001332393728171821 0.1194192642129169 0.001820418752293845 0.1915418547008578 -0.0004880250241220236 -0.07212259048794091
9.608 0.001340466345843419 0.1193866640549747 0.001828288225961284 0.1914942428883969 -0.0004878218801178645 -0.0721075788334222
9.61 0.001348845139931448 0.1193543370198145 0.001836464002857104 0.1914469104462076 -0.0004876188629256561 -0.07209257342639314
9.612 0.001357531630185697 0.1193223077493143 0.001844947602625569 0.1913998820122689 -0.0004874159724398719 -0.07207757426295459
9.614 0.001366525833643918 0.1192906025230851 0.001853739042199015 0.1913531838622958 -0.0004872132085550965 -0.07206258133921074
9.616 0.001375826012427256 0.1192592492579836 0.001862836583593279 0.1913068439092525 -0.0004870105711660236 -0.07204759465126898
9.618 0.001385428398468861 0.1192282774816861 0.001872236458636318 0.1912608916769259 -0.000486808060167456 -0.07203261419523989
9.62 0.001395326895910424 0.1191977182747095 0.001881932571364731 0.1912153582419469 -0.0004866056754543068 -0.0720176399672374
9.622 0.001405512762829993 0.1191676041746897 0.00189191617975159 0.1911702761380683 -0.000486403416921597 -0.07200267196337853
9.624 0.001415974275065827 0.1191379690362389 0.001902175559530284 0.1911256792160226 -0.0004862012844644573 -0.07198771017978366
9.626 0.001426696376287678 0.1191088478393301 0.001912695654265806 0.1910816024519064 -0.0004859992779781281 -0.07197275461257631
9.628 0.001437660320061079 0.1190802764389921 0.001923457717419036 0.1910380816968753 -0.0004857973973579571 -0.07195780525788324
9.63 0.001448843311501611 0.1190522912491994 0.001934438954001013 0.1909951533610338 -0.0004855956424994018 -0.07194286211183444
9.632 0.00146021815819648 0.1190249288543115 0.001945612171494508 0.1909528540248746 -0.0004853940132980276 -0.0719279251705631
9.634 0.001471752942298245 0.118998225542346 0.001956945451947754 0.1909112199725516 -0.0004851925096495085 -0.07191299443020562
9.636 0.001483410728023504 0.1189722167558672 0.001968401859473131 0.1908702866427688 -0.000484991131449627 -0.07189806988690162
9.638 0.001495149321107483 0.1189469364584301 0.001979939199701756 0.190830087995224 -0.0004847898785942729 -0.07188315153679389
9.64 0.001506921098853605 0.1189224164174141 0.001991509849833051 0.1907906557934426 -0.0004845887509794451 -0.07186823937602847
9.642 0.001518672931171902 0.1188986854077721 0.002003060679673151 0.1907520188085267 -0.0004843877485012494 -0.07185333340075457
9.644 0.001530346214071528 0.1188757683456932 0.002014533085127427 0.1907142019528178 -0.0004841868710558998 -0.07183843360712458
9.646 0.001541877037277323 0.118853685366382 0.00202586315581704 0.1906772253576761 -0.0004839861185397178 -0.07182353999129412
9.648 0.001553196506621833 0.1188324508659146 0.002036981997470965 0.1906411034153365 -0.0004837854908491321 -0.07180865254942195
9.65 0.001564231239395759 0.1188120725332199 0.002047816227276438 0.19060584381089 -0.0004835849878806791 -0.07179377127767005
9.652 0.001574904046656623 0.1187925504042511 0.002058288656187625 0.1905714465764546 -0.000483384609531002 -0.07177889617220355
9.654 0.001585134810458921 0.1187738759759022 0.002068319166155772 0.190537903205093 -0.0004831843556968512 -0.07176402722919079
9.656 0.001594841556090956 0.1187560314216283 0.00207782578236604 0.1905051958664315 -0.000482984226275084 -0.07174916444480325
9.658 0.001603941709811122 0.1187389889533958 0.002086725930973787 0.1904732967686115 -0.0004827842211626649 -0.07173430781521564
9.66 0.001612353521686344 0.1187227103749533 0.002094937861943008 0.190442167711559 -0.0004825843402566639 -0.07171945733660574
9.662 0.001619997621516123 0.1187071468689025 0.002102382204970382 0.1904117598740571 -0.0004823845834542587 -0.07170461300515459
9.664 0.00162679866430197 0.1186922390542944 0.002108983614954704 0.1903820138713407 -0.000482184950652733 -0.07168977481704633
9.666 0.001632687011278536 0.1186779173423895 0.002114672453028012 0.1903528601108578 -0.0004819854417494763 -0.07167494276846828
9.668 0.00163760038419492 0.1186641026059461 0.002119386440836905 0.1903242194615571 -0.000481786056641985 -0.07166011685561094
9.67 0.001641485425379006 0.1186507071625655 0.002123072220606867 0.1902960042372334 -0.0004815867952278606 -0.07164529707466788
9.672 0.001644299094944197 0.1186376360560608 0.002125686752349008 0.1902681194778967 -0.0004813876574048111 -0.07163048342183589
9.674 0.00164600983991928 0.1186247886028387 0.00212719848298993 0.1902404644961536 -0.0004811886430706503 -0.07161567589331493
9.676 0.001646598478186486 0.1186120601542047 0.002127588230309783 0.1902129346395127 -0.0004809897521232967 -0.07160087448530798
9.678 0.001646058752611229 0.1185993440118157 0.002126849737072005 0.190185423205837 -0.0004807909844607754 -0.07158607919402131
9.68 0.001644397526806287 0.1185865334235138 0.002124989866787503 0.190157823439178 -0.0004805923399812161 -0.07157129001566419
9.682 0.001641634612375617 0.1185735235814081 0.002122028430958471 0.1901300305278572 -0.000480393818582854 -0.07155650694644911
9.684 0.001637802236735362 0.1185602135439288 0.002117997656899391 0.1901019435265204 -0.000480195420164029 -0.07154172998259165
9.686 0.001632944179100072 0.1185465080086629 0.002112941323723259 0.1900734671289734 -0.0004799971446231864 -0.07152695912031051
9.688 0.001627114618452031 0.1185323188725219 0.002106913610310907 0.1900445132283494 -0.000479798991858876 -0.07151219435582755
9.69 0.001620376750021191 0.118517566529339 0.002099977711790944 0.1900150022147067 -0.0004796009617697525 -0.07149743568536772
9.692 0.001612801235183286 0.118502180870935 0.002092204289437861 0.189984863976094 -0.0004794030542545747 -0.07148268310515905
9.694 0.001604464553345003 0.1184861019746987 0.002083669822557209 0.1899540385861315 -0.0004792052692122065 -0.07146793661143278
9.696 0.001595447323476807 0.118469280477313 0.002074454930018422 0.1899224766777362 -0.0004790076065416156 -0.07145319620042315
9.698 0.001585832657983349 0.1184516776492441 0.002064642724125223 0.1898901395176117 -0.000478810066141874 -0.07143846186836759
9.7 0.001575704603431758 0.1184332651970341 0.002054317251343915 0.1898569988085407 -0.0004786126479121576 -0.0714237336115066
9.702 0.001565146712302423 0.1184140248297119 0.002043562064054169 0.1898230362557956 -0.0004784153517517463 -0.07140901142608372
9.704 0.001554240778434314 0.1183939476315838 0.002032458955994338 0.1897882429399295 -0.0004782181775600237 -0.07139429530834569
9.706 0.001543065757207744 0.1183730332863351 0.002021086882444221 0.1897526185408774 -0.0004780211252364775 -0.07137958525454233
9.708 0.001531696880547098 0.1183512891971795 0.002009521075227796 0.1897161704581059 -0.0004778241946806983 -0.07136488126092644
9.71 0.00152020496715727 0.1183287295452222 0.00199783235294965 0.1896789128689762 -0.0004776273857923801 -0.07135018332375402
9.712 0.001508655920425741 0.118305374323886 0.001986086618897062 0.1896408657631701 -0.0004774306984713209 -0.07133549143928414
9.714 0.001497110400277913 0.1182812483818107 0.001974344532895334 0.1896020539855895 -0.0004772341326174209 -0.07132080560377888
9.716 0.001485623651003456 0.1182563805006247 0.00196266133913414 0.1895625063141282 -0.000477037688130684 -0.07130612581350347
9.718 0.001474245464487167 0.1182308025279135 0.001951086829398383 0.1895222545926397 -0.0004768413649112164 -0.07129145206472617
9.72 0.001463020257216355 0.118204548579908 0.001939665420075583 0.1894813329336263 -0.0004766451628592276 -0.07127678435371834
9.722 0.001451987239546968 0.1181776543231956 0.001928436321421997 0.18943977699995 -0.0004764490818750294 -0.0712621226767544
9.724 0.001441180656772816 0.1181501563402298 0.001917433778631852 0.1893976233703416 -0.0004762531218590362 -0.07124746703011181
9.726 0.001430630083239166 0.118122091579689 0.001906687365950931 0.1893549089897602 -0.0004760572827117647 -0.07123281741007113
9.728 0.001420360752829879 0.1180934968897993 0.001896222317163713 0.1893116707027153 -0.0004758615643338341 -0.07121817381291595
9.73 0.001410393911461227 0.1180644086305381 0.001886059878087192 0.1892679448654711 -0.0004756659666259651 -0.07120353623493293
9.732 0.001400747179544232 0.118034862359112 0.001876217669033213 0.1892237670315238 -0.0004754704894889813 -0.07118890467241179
9.734 0.001391434914609396 0.1180048925821433 0.001866710047433203 0.1891791717037885 -0.0004752751328238072 -0.07117427912164523
9.736 0.001382468566384954 0.1179745325675137 0.001857548462916424 0.1891341921464428 -0.0004750798965314698 -0.07115965957892909
9.738 0.001373857018458567 0.1179438142086934 0.001848741798971665 0.1890888602492556 -0.0004748847805130975 -0.07114504604056221
9.74 0.001365606912290006 0.1179127679345474 0.001840296696959926 0.1890432064373939 -0.0004746897846699199 -0.07113043850284646
9.742 0.001357722950702489 0.117881422657973 0.001832217859605757 0.1889972596200598 -0.0004744949089032684 -0.07111583696208677
9.744 0.001350208179120316 0.117849805757214 0.001824508332234892 0.1889510471718051 -0.0004743001531145754 -0.07110124141459111
9.746 0.001343064243733026 0.1178179430842748 0.0018171697609384 0.1889045949409452 -0.0004741055172053742 -0.0710866518566704
9.748 0.001336291626476224 0.1177858589954633 0.001810202627553524 0.188857927280102 -0.0004739110010772996 -0.07107206828463872
9.75 0.001329889857268715 0.1177535763997081 0.001803606461900802 0.1888110670945212 -0.0004737166046320869 -0.07105749069481303
9.752 0.001323857704332056 0.1177211168208914 0.001797380032103628 0.1887640359044048 -0.0004735223277715722 -0.07104291908351341
9.754 0.001318193343695527 0.1176885004709955 0.00179152151409322 0.1887168539180585 -0.0004733281703976926 -0.07102835344706297
9.756 0.001312894509155043 0.1176557463313842 0.001786028641567528 0.1886695401131719 -0.000473134132412485 -0.07101379378178775
9.758 0.001307958624043987 0.1176228722400012 0.001780898837762074 0.1886221123240181 -0.0004729402137180874 -0.07099924008401685
9.76 0.001303382916202569 0.1175898949826872 0.001776129330419306 0.1885745873327696 -0.0004727464142167373 -0.0709846923500824
9.762 0.001299164517503299 0.1175568303871794 0.001771717251314071 0.1885269809634989 -0.0004725527338107728 -0.07097015057631943
9.764 0.001295300549234142 0.1175236934186778 0.001767659721636774 0.188479308177744 -0.0004723591724026322 -0.07095561475906617
9.766 0.001291788194549435 0.1174904982761252 0.001763953924444288 0.1884315831707888 -0.0004721657298948532 -0.07094108489466362
9.768 0.001288624759091942 0.1174572584885834 0.001760597165282016 0.1883838194680394 -0.0004719724061900734 -0.07092656097945595
9.77 0.001285807720770755 0.1174239870112728 0.001757586921961785 0.1883360300210631 -0.0004717792011910303 -0.07091204300979025
9.772 0.001283334769547374 0.1173906963209997 0.001754920884347934 0.1882882273030163 -0.0004715861148005605 -0.07089753098201658
9.774 0.001281203837951041 0.117357398510821 0.001752596984872642 0.1882404234033091 -0.0004713931469216006 -0.07088302489248806
9.776 0.001279413122903011 0.1173241053838859 0.001750613420360196 0.1881926301214466 -0.0004712002974571856 -0.07086852473756071
9.778 0.001277961099295315 0.1172908285464745 0.001748968665605765 0.1881448590600681 -0.0004710075663104502 -0.07085403051359357
9.78 0.001276846525627152 0.117257579500289 0.001747661479011781 0.1880971217172377 -0.0004708149533846284 -0.07083954221694869
9.782 0.001276068441866462 0.1172243697340853 0.001746690900449514 0.1880494295780763 -0.0004706224585830523 -0.07082505984399104
9.784 0.001275626159566956 0.117191210814735 0.001746056241376109 0.1880017942058236 -0.0004704300818091533 -0.07081058339108857
9.786 0.001275519244134529 0.1171581144777877 0.001745757067100991 0.1879542273323999 -0.0004702378229664619 -0.07079611285461224
9.788 0.001275747489006023 0.1171250927175669 0.001745793170964629 0.1879067409485029 -0.000470045681958606 -0.07078164823093594
9.79 0.001276310881369614 0.1170921578767765 0.001746164540058927 0.187859347393213 -0.0004698536586893129 -0.0707671895164365
9.792 0.001277209558932364 0.1170593227354995 0.001746871311994771 0.1878120594429933 -0.0004696617530624077 -0.07075273670749378
9.794 0.001278443757115223 0.1170266005993792 0.001747913722097037 0.1877648903998698 -0.0004694699649818139 -0.07073828980049053
9.796 0.001280013745943674 0.1169940053866192 0.001749292040295227 0.1877178541784317 -0.0004692782943515531 -0.07072384879181251
9.798 0.001281919755795565 0.1169615517132859 0.001751006496871309 0.1876709653911343 -0.0004690867410757444 -0.07070941367784835
9.8 0.001284161891079235 0.1169292549761929 0.001753057196137841 0.1876242394311826 -0.0004688953050586053 -0.07069498445498973
9.802 0.00128674003084159 0.1168971314324108 0.001755444017046041 0.187577692552042 -0.0004687039862044508 -0.07068056111963118
9.804 0.001289653715264294 0.1168651982741803 0.001758166499681987 0.1875313419423506 -0.0004685127844176933 -0.07066614366817023
9.806 0.001292902016995583 0.1168334736976862 0.001761223716598426 0.1874852057946935 -0.0004683216996028429 -0.07065173209700736
9.808 0.001296483396300882 0.1168019769638021 0.001764614127965389 0.187439303366348 -0.0004681307316645068 -0.07063732640254589
9.81 0.001300395539110361 0.1167707284485205 0.00176833541961775 0.1873936550297126 -0.0004679398805073894 -0.07062292658119217
9.812 0.001304635177206996 0.1167397496803488 0.001772384323243289 0.1873482823097043 -0.0004677491460362929 -0.07060853262935547
9.814 0.001309197890055618 0.1167090633614913 0.001776756418211733 0.1873032079049393 -0.0004675585281561153 -0.07059414454344792
9.816 0.00131407788813895 0.1166786933691474 0.001781445914910802 0.1872584556890321 -0.0004673680267718525 -0.07057976231988468
9.818 0.001319267778154022 0.1166486647327685 0.001786445419942619 0.1872140506878522 -0.0004671776417885966 -0.07056538595508371
9.82 0.001324758311068929 0.1166190035826332 0.001791745684180466 0.1871700190280992 -0.0004669873731115365 -0.07055101544546598
9.822 0.001330538114838109 0.1165897370646717 0.001797335335484066 0.187126387852127 -0.0004667972206459578 -0.07053665078745533
9.824 0.001336593414578201 0.1165608932161143 0.001803200598875442 0.1870831851935928 -0.0004666071842972418 -0.0705222919774785
9.826 0.001342907744176917 0.1165325007963219 0.001809325008147784 0.1870404398082871 -0.0004664172639708668 -0.07050793901196518
9.828 0.00134946165470301 0.116504589067123 0.001815689114275417 0.186998180954471 -0.0004662274595724073 -0.07049359188734798
9.83 0.001356232426545695 0.1164771875172054 0.001822270197553228 0.1869564381172677 -0.0004660377710075333 -0.07047925060006234
9.832 0.00136319379393277 0.1164503255256686 0.00182904199211478 0.1869152406722152 -0.0004658481981820107 -0.0704649151465466
9.834 0.001370315692316141 0.1164240319608113 0.001835974433317844 0.1868746174840535 -0.0004656587410017022 -0.07045058552324214
9.836 0.001377564040957667 0.11639833471169 0.001843033440330232 0.1868345964382831 -0.0004654693993725647 -0.07043626172659302
9.838 0.001384900574819877 0.1163732601520089 0.001850180748020529 0.1867952039050552 -0.000465280173200652 -0.07042194375304638
9.84 0.001392282741413909 0.1163488325385413 0.001857373803806022 0.1867564641375934 -0.0004650910623921125 -0.0704076315990521
9.842 0.001399663679370273 0.1163250733495576 0.001864565746223463 0.1867183986106206 -0.0004649020668531902 -0.07039332526106305
9.844 0.001406992296027263 0.1163020005726149 0.001871705482517488 0.1866810253081499 -0.0004647131864902249 -0.07037902473553498
9.846 0.001414213460984721 0.1162796279554677 0.001878737882194371 0.1866443579743942 -0.0004645244212096503 -0.07036473001892642
9.848 0.001421268331175425 0.1162579642386115 0.001885604102093421 0.1866084053463104 -0.0004643357709179962 -0.07035044110769888
9.85 0.001428094820315268 0.1162370123928275 0.001892242055837155 0.1865731703911442 -0.0004641472355218868 -0.07033615799831668
9.852 0.001434628221485743 0.1162167688897192 0.001898587036413784 0.1865386495769662 -0.0004639588149280408 -0.07032188068724704
9.854 0.001440801985997486 0.1161972230371921 0.001904572495040758 0.1865048322081521 -0.0004637705090432722 -0.07030760917096006
9.856 0.001446548654644968 0.1161783564146568 0.001910130972419456 0.1864716998605854 -0.0004635823177744889 -0.07029334344592865
9.858 0.001451800929224353 0.1161601424439315 0.001915195170253046 0.1864392259525601 -0.0004633942410286936 -0.07027908350862865
9.86 0.001456492863123115 0.1161425461309227 0.001919699141836098 0.1864073754864614 -0.0004632062787129835 -0.07026482935553872
9.862 0.001460561140491474 0.1161255240098029 0.001923579571226024 0.1863761049929433 -0.0004630184307345493 -0.07025058098314037
9.864 0.001463946404687146 0.1161090243153943 0.001926777101687822 0.1863453627033123 -0.000462830697000676 -0.07023633838791798
9.866 0.001466594589160398 0.1160929874008204 0.001929237666579142 0.1863150889671792 -0.0004626430774187434 -0.0702221015663588
9.868 0.001468458198580167 0.1160773464065507 0.00193091377047639 0.1862852169215035 -0.0004624555718962238 -0.07020787051495286
9.87 0.001469497485520885 0.116062028174286 0.001931765665861569 0.1862556734044791 -0.0004622681803406842 -0.07019364523019311
9.872 0.001469681469031147 0.1160469543856521 0.001931762371690932 0.1862263800942274 -0.0004620809026597846 -0.07017942570857529
9.874 0.001468988746132713 0.1160320428923549 0.001930882484893992 0.1861972548389529 -0.0004618937387612792 -0.070165211946598
9.876 0.001467408055700057 0.1160172091925611 0.001929114744253072 0.1861682131333238 -0.0004617066885530149 -0.07015100394076269
9.878 0.001464938565742591 0.1160023679988078 0.001926458317685523 0.1861391696863814 -0.000461519751942932 -0.07013680168757358
9.88 0.001461589869048153 0.1159874348366861 0.001922922797887217 0.1861100400202239 -0.0004613329288390645 -0.0701226051835378
9.882 0.001457381687322436 0.1159723276114962 0.001918527906471975 0.1860807420366615 -0.0004611462191495391 -0.0701084144251653
9.884 0.001452343299125013 0.1159569680821945 0.001913302921907587 0.1860511974911633 -0.0004609596227825748 -0.07009422940896877
9.886 0.001446512720804609 0.1159412831880758 0.001907285860451094 0.1860213333195396 -0.0004607731396464847 -0.0700800501314638
9.888 0.001439935681157218 0.1159252061831489 0.001900522450806891 0.1859910827723177 -0.0004605867696496734 -0.07006587658916878
9.89 0.00143266443887018 0.1159086775450858 0.001893064951570819 0.1859603863236907 -0.0004604005127006389 -0.07005170877860491
9.892 0.001424756496473311 0.1158916456389522 0.001884970865181283 0.1859291923352484 -0.0004602143687079716 -0.07003754669629621
9.894 0.001416273265454723 0.1158740671293989 0.001876301603035077 0.1858974574681684 -0.0004600283375803535 -0.0700233903387695
9.896 0.001407278734659016 0.1158559071476499 0.001867121153885576 0.1858651468502043 -0.0004598424192265598 -0.0700092397025544
9.898 0.001397838188673736 0.1158371392305148 0.001857494802229194 0.1858322340146981 -0.0004596566135554577 -0.06999509478418338
9.9 0.001388017015354855 0.1158177450572574 0.001847487935830861 0.1857987006374491 -0.0004594709204760057 -0.06998095558019164
9.902 0.001377879632806446 0.1157977140161154 0.001837164972703701 0.1857645361032327 -0.0004592853398972552 -0.06996682208711724
9.904 0.001367488556832175 0.1157770426355669 0.001826588428560524 0.1857297369370678 -0.0004590998717283485 -0.06995269430150099
9.906 0.00135690362081971 0.1157557339163083 0.001815818136698231 0.1856943061361949 -0.0004589145158785206 -0.06993857221988654
9.908 0.001346181351803529 0.1157337965986636 0.001804910624060627 0.1856582524374839 -0.0004587292722570972 -0.06992445583882029
9.91 0.001335374499436389 0.1157112443972974 0.001793918640209885 0.1856215895521488 -0.0004585441407734959 -0.06991034515485145
9.912 0.001324531709020401 0.1156880952311233 0.001782890830357627 0.1855843353956552 -0.0004583591213372256 -0.069896240164532
9.914 0.001313697325671974 0.1156643704716647 0.001771871539529861 0.1855465113360814 -0.0004581742138578865 -0.06988214086441671
9.916 0.001302911314024705 0.1156400942282701 0.001760900732269875 0.1855081414793333 -0.0004579894182451699 -0.06986804725106315
9.918 0.001292209276505512 0.1156152926838274 0.00175001401091437 0.185469252004859 -0.0004578047344088582 -0.06985395932103163
9.92 0.001281622552885575 0.115589993490232 0.001739242715144399 0.1854298705611173 -0.0004576201622588245 -0.06983987707088522
9.922 0.00127117838435545 0.1155642252289823 0.001728614086060483 0.1853900257261721 -0.000457435701705033 -0.06982580049718981
9.924 0.001260900126494129 0.1155380169390149 0.001718151479151667 0.1853497465355289 -0.0004572513526575386 -0.06981172959651405
9.926 0.001250807497059165 0.1155113977112574 0.001707874612085652 0.1853090620766868 -0.0004570671150264866 -0.06979766436542932
9.928 0.001240916846299833 0.1154843963473614 0.001697799835021946 0.1852680011478712 -0.0004568829887221128 -0.0697836048005098
9.93 0.001231241439342622 0.1154570410786188 0.001687940412997365 0.1852265919769512 -0.0004566989736547437 -0.06976955089833238
9.932 0.001221791742038793 0.1154293593401056 0.001678306811773589 0.1851848619955823 -0.0004565150697347957 -0.06975550265547678
9.934 0.001212575703386828 0.1154013775945344 0.001668906980259604 0.1851428376630599 -0.0004563312768727756 -0.06974146006852541
9.936 0.001203599029200317 0.1153731212000823 0.001659746624179597 0.1851005443341457 -0.0004561475949792799 -0.06972742313406345
9.938 0.001194865443091773 0.115344614316482 0.001650829467056769 0.1850580061651608 -0.0004559640239649956 -0.06971339184867886
9.94 0.001186376932012356 0.1153158798438904 0.001642157495753055 0.1850152460528527 -0.000455780563740699 -0.06969936620896228
9.942 0.001178133974594453 0.1152869393893903 0.00163373118881171 0.1849722856008975 -0.0004555972142172566 -0.06968534621150715
9.944 0.001170135751345701 0.1152578132564116 0.001625549726651325 0.1849291451093212 -0.000455413975305624 -0.06967133185290962
9.946 0.001162380336396625 0.11522852045283 0.001617611183313472 0.1848858435825986 -0.0004552308469168469 -0.06965732312976861
9.948 0.001154864870994716 0.1151990787139867 0.001609912699956776 0.1848423987526724 -0.0004550478289620599 -0.06964332003868572
9.95 0.001147585719314458 0.1151695045373508 0.001602450640666946 0.1847988271136161 -0.0004548649213524873 -0.06962932257626536
9.952 0.001140538607420668 0.115139813226002 0.001595220731420111 0.1847551439651166 -0.0004546821239994421 -0.06961533073911458
9.954 0.001133718746397467 0.1151100189385374 0.001588218183211793 0.1847113634623805 -0.0004544994368143267 -0.06960134452384319
9.956 0.00112712094077023 0.1150801347433873 0.001581437800478863 0.184667498670451 -0.0004543168597086326 -0.06958736392706379
9.958 0.001120739683397053 0.1150501726758767 0.001574874075990993 0.1846235616212683 -0.0004541343925939401 -0.06957338894539161
9.96 0.001114569238017861 0.1150201437966687 0.001568521273399778 0.1845795633721133 -0.0004539520353819175 -0.06955941957544459
9.962 0.001108603710633892 0.1149900582504954 0.001562373498618215 0.1845355140643389 -0.0004537697879843233 -0.06954545581384353
9.964 0.001102837110839772 0.1149599253243068 0.001556424761152775 0.1844914229815185 -0.0004535876503130032 -0.06953149765721174
9.966 0.0010972634041795 0.1149297535041697 0.001550669026459391 0.1844472986063451 -0.0004534056222798917 -0.06951754510217539
9.968 0.001091876556519152 0.1148995505304018 0.001545100260316164 0.1844031486757651 -0.0004532237037970119 -0.06950359814536329
9.97 0.001086670571365652 0.1148693234505738 0.001539712466142127 0.1843589802339808 -0.0004530418947764749 -0.06948965678340699
9.972 0.00108163952097368 0.1148390786701186 0.00153449971610416 0.1843147996830593 -0.0004528601951304799 -0.06947572101294071
9.974 0.001076777572013048 0.1148088220003795 0.001529456176784362 0.1842706128309808 -0.0004526786047713143 -0.06946179083060136
9.976 0.001072079006494523 0.1147785587040066 0.001524576130105876 0.1842264249370353 -0.0004524971236113532 -0.06944786623302861
9.978 0.001067538238576243 0.1147482935376668 0.001519853990139302 0.1841822407545315 -0.0004523157515630596 -0.06943394721686476
9.98 0.001063149827811553 0.1147180307920785 0.001515284316350538 0.1841380645708333 -0.0004521344885389843 -0.06942003377875482
9.982 0.001058908489336476 0.1146877743294233 0.001510861823788242 0.1840939002447698 -0.0004519533344517655 -0.06940612591534651
9.984 0.001054809101433655 0.1146575276182056 0.001506581390647784 0.1840497512414958 -0.0004517722892141289 -0.06939222362329019
9.986 0.001050846710865258 0.1146272937656586 0.001502438063604146 0.1840056206648975 -0.0004515913527388875 -0.06937832689923895
9.988 0.001047016536312468 0.1145970755478026 0.001498427061251411 0.1839615112876512 -0.0004514105249389423 -0.06936443573984855
9.99 0.001043313970222986 0.1145668754372759 0.001494543775950267 0.1839174255790533 -0.0004512298057272802 -0.06935055014177736
9.992 0.001039734579325837 0.1145366956290574 0.001490783774342813 0.183873365730744 -0.0004510491950169761 -0.06933667010168655
9.994 0.001036274104042039 0.1145065380642092 0.001487142796763231 0.1838293336804491 -0.0004508686927211919 -0.06932279561623987
9.996 0.001032928456987189 0.1144764044517627 0.001483616755740364 0.1837853311338664 -0.0004506882987531757 -0.06930892668210376
9.998 0.001029693720736236 0.1144462962888677 0.001480201733762499 0.1837413595848151 -0.000450508013026263 -0.06929506329594734
10 0.001026566144998279 0.1144162148793292 0.001476893980452155 0.1836974203337716 -0.0004503278354538753 -0.06928120545444236
