# sector=2 Eg=892.7693923475454 eta=0.065 area=25.98076211353316 Kexp=4.497867981878298 source_norm2=33.22135585337101 lattice=corrected Np=13 t1=1.0 t3=0.2 V1=100.0 V2=0.0 V3=0.0 requested_mmax=600 lanczos_steps=600 lanczos_breakdown=false residual=3.9672703489916035e-12 drude_weight=-1.099102700774366
# omega Re_total Im_total Re_regular Im_regular Re_drude Im_drude
0 -4.048701320531165 -0 0.0406356638640279 -0 -4.089336984395192 -0
0.002 -4.044832477722061 -0.1269361139423766 0.04063660694799927 -0.001229372875605539 -4.085469084670061 -0.1257067410667711
0.004 -4.033269726195704 -0.2531608987683904 0.04063943651820559 -0.002458796447534469 -4.073909162713909 -0.2507021023208559
0.006 -4.014143163783087 -0.3779763814852872 0.040644153529676 -0.00368832142564742 -4.054787317312764 -0.3742880600596398
0.008 -3.987665575018127 -0.5007107781890824 0.04065075957494527 -0.004917998546858236 -4.028316334593073 -0.4957927796422242
0.01 -3.954126583361874 -0.6207303155497631 0.0406592568854519 -0.006147878588635997 -3.994785840247326 -0.6145824369611271
0.012 -3.913884885672434 -0.7374496186607056 0.04066964833298792 -0.007378012382781619 -3.954554534005422 -0.730071606277924
0.014 -3.867358949034746 -0.8503403340678537 0.04068193743204655 -0.00860845082885239 -3.908040886466792 -0.8417318832390013
0.016 -3.815016605214092 -0.9589377639371145 0.0406961283430794 -0.009839244907656938 -3.855712733557171 -0.9490985190294575
0.018 -3.757364001662969 -1.06284540101353 0.0407122258748833 -0.01107044569535517 -3.798076227537852 -1.051774955318174
0.02 -3.69493436106631 -1.161737364855355 0.04073023548929814 -0.01230210437670578 -3.735664596555608 -1.149435260478649
0.022 -3.628276967523416 -1.255358839616428 0.04075016330471904 -0.01353427225921295 -3.669027130828135 -1.241824567357215
0.024 -3.557946742296742 -1.343524696195339 0.0407720161014428 -0.01476700078677854 -3.598718758398185 -1.328757695408561
0.026 -3.484494702461759 -1.426116543069149 0.04079580132720022 -0.01600034155356532 -3.525290503788959 -1.410116201515583
0.028 -3.408459518828949 -1.503078489180878 0.04082152710231268 -0.01723434631818099 -3.449281045931262 -1.485844142862697
0.03 -3.330360311737933 -1.57441191961669 0.04084920222688401 -0.01846906701754334 -3.371209513964817 -1.555942852599146
0.032 -3.250690750223137 -1.640169582937213 0.04087883618754921 -0.01970455578118372 -3.291569586410686 -1.62046502715603
0.034 -3.169914455663117 -1.700449271470799 0.04091043916492435 -0.02094086494536175 -3.210824894828041 -1.679508406525437
0.036 -3.088461657919813 -1.755387346738732 0.04094402204209389 -0.02217804706752227 -3.129405679961907 -1.73320929967121
0.038 -3.006727011290299 -1.805152325598112 0.04097959641294469 -0.02341615494083126 -3.047706607703244 -1.781736170657281
0.04 -2.925068449282701 -1.849938702454358 0.0410171745919227 -0.0246552416084349 -2.966085623874624 -1.825283460845923
0.042 -2.843806940356243 -1.889961142211846 0.04105676962366793 -0.02589536037867262 -2.884863709979911 -1.864065781833173
0.044 -2.763226999783217 -1.925449139968512 0.04109839529383096 -0.02713656483943424 -2.804325395077047 -1.898312575129078
0.046 -2.683577813858289 -1.956642208564598 0.0411420661400848 -0.02837890887344172 -2.724719879998374 -1.928263299691157
0.048 -2.605074839856877 -1.983785625002673 0.04118779746425776 -0.02962244667321994 -2.646262637321135 -1.954163178329453
0.05 -2.527901756599002 -2.007126741943913 0.04123560534444639 -0.03086723275664559 -2.569137361943448 -1.976259509187268
0.052 -2.452212654567675 -2.026911850955154 0.04128550664890522 -0.03211332198188904 -2.493498161216581 -1.994798528973264
0.054 -2.378134369911579 -2.043383569623434 0.04133751904930736 -0.03336076956362046 -2.419471888960886 -2.010022800059813
0.056 -2.3057688822421 -2.056778714527844 0.04139166103594456 -0.03460963108829753 -2.347160543278045 -2.022169083439546
0.058 -2.235195711141316 -2.067326615734983 0.04144795193282967 -0.03585996253036172 -2.276643663074145 -2.031466653204622
0.06 -2.166474260171609 -2.07524782527059 0.04150641191397449 -0.03711182026851299 -2.207980672085583 -2.038136005002077
0.062 -2.099646069602973 -2.080753171265703 0.04156706202048572 -0.03836526110178814 -2.141213131623459 -2.042387910163915
0.064 -2.034736949883866 -2.084043110573478 0.04162992417810817 -0.03962034226630404 -2.076366874061975 -2.044422768307174
0.066 -1.97175897704401 -2.085307335070018 0.04169502121606327 -0.04087712145209722 -2.013453998260073 -2.04443021361792
0.068 -1.910712338795301 -2.084724590148503 0.04176237688666148 -0.04213565681968031 -1.952474715681962 -2.042588933328823
0.07 -1.851587026204578 -2.082462667730114 0.04183201588525055 -0.04339600701799082 -1.893419042089828 -2.039066660712123
0.072 -1.794364370602444 -2.078678540157542 0.04190396387196293 -0.0446582312012769 -1.836268334474407 -2.034020308956265
0.074 -1.739018429041429 -2.073518605410215 0.04197824749394756 -0.04592238904686305 -1.780996676535376 -2.027596216363352
0.076 -1.685517224286606 -2.067119018016743 0.04205489440849306 -0.04718854077324203 -1.727572118695099 -2.019930477243501
0.078 -1.633823847182468 -2.059606083746045 0.04213393330736509 -0.04845674715824519 -1.675957780489833 -2.0111493365878
0.08 -1.58389743044076 -2.051096699567331 0.04221539394226957 -0.04972706955744836 -1.62611282438303 -2.001369630009882
0.082 -1.535694003568451 -2.041698823446083 0.04229930715122097 -0.05099956992280444 -1.577993310719672 -1.990699253523278
0.084 -1.489167238919348 -2.031511961278206 0.04238570488613849 -0.05227431082188617 -1.531552943805486 -1.97923765045632
0.086 -1.444269098807412 -2.020627660660394 0.0424746202416969 -0.05355135545695831 -1.486743719049108 -1.967076305203435
0.088 -1.400950393346068 -2.009130003271533 0.04256608748522064 -0.05483076768455786 -1.443516480831289 -1.954299235586975
0.09 -1.359161258242142 -1.997096089415874 0.04266014208805545 -0.05611261203559999 -1.401821400330198 -1.940983477380274
0.092 -1.318851561231716 -1.984596509782308 0.04275682075817234 -0.05739695373508164 -1.361608381989888 -1.927199556047226
0.094 -1.279971245238301 -1.971695800737698 0.0428561614740252 -0.0586838587229495 -1.322827406712326 -1.913011942014748
0.096 -1.242470615695053 -1.958452880515508 0.04295820352001248 -0.05997339367479701 -1.285428819215065 -1.898479486840711
0.098 -1.2063005788278 -1.944921464521465 0.04306298752332352 -0.06126562602284801 -1.249363566351124 -1.883655838498617
0.1 -1.171412837060802 -1.931150458674639 0.04317055549242742 -0.06256062397736294 -1.214583392553229 -1.868589834697276
0.102 -1.137760047097136 -1.917184330261073 0.04328095085690667 -0.06385845654857583 -1.181040997954043 -1.853325873712498
0.104 -1.105295945646666 -1.903063456218046 0.0433942185092868 -0.06515919356852075 -1.148690164155953 -1.837904262649525
0.106 -1.073975447235595 -1.888824449111976 0.04351040484833817 -0.06646290571356167 -1.117485852083933 -1.822361543398414
0.108 -1.043754718031225 -1.874500461333388 0.04362955782437865 -0.06776966452715455 -1.087384275855604 -1.806730796806234
0.11 -1.014591229158842 -1.860121468226879 0.04375172698631522 -0.069079542442767 -1.058342956145157 -1.791041925784112
0.112 -0.9864437925710794 -1.845714531013443 0.04387696353063757 -0.07039261280740794 -1.030320756101717 -1.775321918206035
0.114 -0.9592725821542182 -1.831304040455798 0.04400532035258661 -0.07170894990540191 -1.003277902506805 -1.759595090550396
0.116 -0.9330391424185152 -1.816911942275657 0.04413685209931124 -0.07302862898230474 -0.9771759945178264 -1.743883313293352
0.118 -0.9077063868171944 -1.802557945362088 0.04427161522532524 -0.07435172626951439 -0.9519780020425197 -1.728206219092574
0.12 -0.8832385874702895 -1.788259713816039 0.04440966805023067 -0.07567831900892501 -0.9276482555205202 -1.712581394807114
0.122 -0.8596013578309488 -1.774033043866959 0.04455107081888566 -0.07700848547803908 -0.9041524286498345 -1.69702455838892
0.124 -0.8367616296213188 -1.759892026673593 0.04469588576410474 -0.07834230501524676 -0.8814575153854236 -1.681549721658347
0.126 -0.8146876251797087 -1.745849197988851 0.04484417717190026 -0.07967985804573201 -0.859531802351609 -1.666169339943119
0.128 -0.7933488261975861 -1.731915675628045 0.04499601144954329 -0.08102122610754466 -0.8383448376471293 -1.650894449520501
0.13 -0.7727159396824971 -1.718101285635717 0.04515145719654135 -0.08236649187763977 -0.8178673968790384 -1.635734793758077
0.132 -0.7527608618586046 -1.704414678000195 0.04531058527843128 -0.08371573919882991 -0.7980714471370358 -1.620698938801365
0.134 -0.7334566406073537 -1.690863432714449 0.04547346890392563 -0.08506905310658065 -0.7789301095112794 -1.605794379607868
0.136 -0.714777436957224 -1.67745415693426 0.04564018370514496 -0.08642651985607264 -0.760417620662369 -1.591027637078188
0.138 -0.6966984860489833 -1.664192573936106 0.04581080782138865 -0.08778822694977728 -0.742509293870372 -1.576404346986328
0.14 -0.6791960579325811 -1.651083604528833 0.04598542198639839 -0.0891542631648765 -0.7251814799189795 -1.561929341363956
0.142 -0.6622474184903872 -1.638131441529014 0.04616410961940376 -0.09052471858147136 -0.7084115281097909 -1.547606722947543
0.144 -0.6458307907290051 -1.625339617863404 0.0463469569201152 -0.09189968460996847 -0.6921777476491202 -1.533439933253435
0.146 -0.6299253166368634 -1.612711068823897 0.046534052967682 -0.09327925401984173 -0.6764593696045453 -1.519431814804055
0.148 -0.6145110197655649 -1.600248188956424 0.04672548982415115 -0.09466352096753206 -0.661236509589716 -1.505584667988892
0.15 -0.5995687686607672 -1.587952884031362 0.04692136264212098 -0.09605258102469635 -0.6464901313028882 -1.491900303006665
0.152 -0.5850802412391202 -1.57582661850682 0.04712176977737112 -0.09744653120671742 -0.6322020110164913 -1.478380087300103
0.154 -0.571027890184899 -1.56387045886295 0.04732681290624625 -0.09884547000085225 -0.6183547030911453 -1.465024988862098
0.156 -0.5573949094191045 -1.552085113156147 0.04753659714823176 -0.1002494973945396 -0.6049315065673363 -1.451835615761607
0.158 -0.5441652016770051 -1.540470967112812 0.04775123119392874 -0.1016587149034649 -0.5919164328709339 -1.438812252209347
0.16 -0.5313233472157319 -1.529028117056295 0.04797082743874214 -0.1030732255991279 -0.5792941746544741 -1.425954891457167
0.162 -0.5188545736619093 -1.517756399937584 0.04819550212232014 -0.1044931341368888 -0.5670500757842295 -1.413263265800695
0.164 -0.5067447269987665 -1.506655420715066 0.04842537547447314 -0.1059185467825847 -0.5551701024732396 -1.400736873932481
0.166 -0.4949802436849857 -1.495724577312121 0.04866057186737856 -0.1073495714399294 -0.5436408155523642 -1.388375005872192
0.168 -0.4835481238900896 -1.484963083357381 0.04890121997473489 -0.1087863176759883 -0.5324493438648245 -1.376176765681392
0.17 -0.4724359058262438 -1.474369988900041 0.04914745293812407 -0.1102288967470785 -0.5215833587643679 -1.364141092152962
0.172 -0.4616316411522101 -1.463944199272514 0.04939940854076203 -0.1116774216234191 -0.5110310496929721 -1.352266777649095
0.174 -0.4511238714214422 -1.453684492259723 0.04965722938925 -0.1131320070126396 -0.5007811008106922 -1.340552485247084
0.176 -0.4409016055441684 -1.443589533721455 0.04992106310358849 -0.1145927693829136 -0.4908226686477569 -1.328996764338542
0.178 -0.4309542982312321 -1.433657891799107 0.05019106251592564 -0.1160598269838133 -0.4811453607471577 -1.317598064815294
0.18 -0.4212718293864092 -1.423888049830574 0.05046738587829231 -0.1175332998667851 -0.4717392152647015 -1.306354749963789
0.182 -0.4118444844124887 -1.414278418082806 0.05075019708018027 -0.1190133099033329 -0.4625946814926689 -1.295265108179473
0.184 -0.4026629353969169 -1.404827344404559 0.05103966587588819 -0.120499980801542 -0.4537026012728051 -1.284327363603017
0.186 -0.3937182231414934 -1.395533123892206 0.05133596812276283 -0.1219934381206427 -0.4450541912642562 -1.273539685771564
0.188 -0.3850017400019735 -1.38639400765317 0.05163928603026613 -0.123493809283 -0.4366410260322396 -1.26290019837017
0.19 -0.3765052135026737 -1.377408210745152 0.05194980842093914 -0.1250012235838222 -0.4284550219236128 -1.25240698716133
0.192 -0.368220690692606 -1.368573919361379 0.05226773100346085 -0.1265158121976129 -0.4204884216960668 -1.242058107163766
0.194 -0.3601405232095673 -1.35988929732703 0.05259325665879912 -0.1280377081814446 -0.4127337798683664 -1.231851589145586
0.196 -0.3522573530201315 -1.351352491966268 0.05292659573974016 -0.1295670464749631 -0.4051839487598717 -1.221785445491305
0.198 -0.3445640988037338 -1.342961639392663 0.0532679663847276 -0.1311039638955042 -0.3978320651884614 -1.211857675497159
0.2 -0.3370539429501973 -1.334714869273916 0.05361759484674301 -0.132648599129484 -0.3906715377969403 -1.202066270144432
0.202 -0.3297203191411607 -1.326610309114902 0.05397571583784589 -0.1342010927186043 -0.3836960349790066 -1.192409216396298
0.204 -0.3225569004865257 -1.318646088100011 0.05434257289035713 -0.1357615870402553 -0.3768994733768829 -1.182884501059756
0.206 -0.315557588188371 -1.310820340532861 0.05471841873539168 -0.1373302262821674 -0.3702760069237627 -1.173490114250694
0.208 -0.3087165007055497 -1.303131208906905 0.05510351569971659 -0.1389071564100526 -0.3638200164052663 -1.164224052496852
0.21 -0.3020279633932067 -1.295576846638287 0.05549813612194471 -0.1404925251277981 -0.3575260995151514 -1.155084321510489
0.212 -0.2954864985927302 -1.288155420489605 0.05590256278882512 -0.1420864818297633 -0.3513890613815553 -1.146068938659842
0.214 -0.2890868161479627 -1.280865112709707 0.05631708939310386 -0.1436891775437347 -0.3454039055410665 -1.137175935165973
0.216 -0.2828238043255009 -1.273704122913084 0.05674202101342105 -0.1453007648637434 -0.3395658253389219 -1.128403358049341
0.218 -0.2766925211164353 -1.266670669720772 0.05717767461816221 -0.1469213978724293 -0.3338701957345975 -1.119749271848343
0.22 -0.2706881858992361 -1.259762992181182 0.05762437959377457 -0.1485512320509923 -0.3283125654930107 -1.11121176013019
0.222 -0.2648061714431891 -1.252979350988465 0.05808247829927833 -0.1501904241757297 -0.3228886497424674 -1.102788926812735
0.224 -0.2590419962331352 -1.246318029514903 0.05855232664823996 -0.1518391322006258 -0.3175943228813751 -1.094478897314277
0.226 -0.2533913170972489 -1.239777334670086 0.05903429471934905 -0.1534975151231453 -0.312425611816598 -1.086279819546941
0.228 -0.2478499221197026 -1.233355597601 0.05952876739745105 -0.1551657328331381 -0.3073786895171536 -1.078189864767862
0.23 -0.2424137238214012 -1.227051174243462 0.06003614504633944 -0.1568439459422255 -0.3024498688677407 -1.070207228301236
0.232 -0.2370787525924521 -1.220862445735053 0.06055684421489496 -0.158532315591907 -0.297635596807347 -1.062330130143146
0.234 -0.231841150360379 -1.214787818698932 0.06109129837853165 -0.1602310032388534 -0.2929324487389107 -1.054556815460078
0.236 -0.2266971644794238 -1.208825725405367 0.06163995871728008 -0.1619401704142577 -0.2883371231967038 -1.046885554991109
0.238 -0.2216431418259546 -1.202974623819091 0.06220329493281735 -0.1636599784562029 -0.283846436758772 -1.039314645362888
0.24 -0.2166755230864419 -1.197232997536206 0.06278179610595096 -0.1653905882104478 -0.2794573191923929 -1.031842409325758
0.242 -0.2117908372242558 -1.191599355617269 0.06337597159687032 -0.1671321596986152 -0.2751668088211261 -1.024467195918654
0.244 -0.2069856961126071 -1.186072232319455 0.06398635198998985 -0.1688848517497066 -0.270972048102597 -1.017187380569749
0.246 -0.2022567893211966 -1.180650186729865 0.06461349008551155 -0.1706488215906311 -0.2668702794067081 -1.010001365139234
0.248 -0.1976008790442196 -1.175331802304137 0.06525796194027263 -0.1724242243940746 -0.2628588409844922 -1.002907577910063
0.25 -0.1930147951587287 -1.170115686309196 0.06592036795958812 -0.1742112127772083 -0.2589351631183168 -0.9959044735319876
0.252 -0.1884954304016369 -1.165000469172207 0.06660133404298339 -0.1760099362484486 -0.2550967644446203 -0.9889905329237587
0.254 -0.1840397356550864 -1.159984803734017 0.06730151278572319 -0.1778205405960839 -0.2513412484408096 -0.9821642631379327
0.256 -0.1796447153295716 -1.155067364406171 0.06802158473880024 -0.1796431672138139 -0.2476663000683719 -0.9754241971923568
0.258 -0.1753074228346778 -1.150246846229613 0.06876225972998173 -0.1814779523575797 -0.2440696825646596 -0.9687688938720334
0.26 -0.1710249561282359 -1.145521963830787 0.06952427824795192 -0.1833250263260353 -0.2405492343761878 -0.9621969375047512
0.262 -0.1667944533340125 -1.140891450272616 0.07030841289263651 -0.1851845125590459 -0.237102866226649 -0.9557069377135698
0.264 -0.1626130884197106 -1.136354055793861 0.07111546989348443 -0.1870565266448841 -0.233728558313195 -0.9492975291489767
0.266 -0.1584780669262926 -1.131908546431664 0.07194629069856823 -0.188941175228388 -0.2304243576248608 -0.9429673712032764
0.268 -0.1543866217405311 -1.127553702520539 0.07280175363678734 -0.1908385548109803 -0.2271883753773184 -0.9367151477095589
0.27 -0.150336008903352 -1.12328831705867 0.07368277565508806 -0.1927487504313033 -0.22401878455844 -0.9305395666273664
0.272 -0.1463235034462106 -1.119111193933634 0.07459031413321991 -0.1946718342166324 -0.2209138175794306 -0.924439359717002
0.274 -0.1423463952494599 -1.11502114599567 0.07552536877709322 -0.196607863791431 -0.2178717640265531 -0.9184132822042392
0.276 -0.1384019849155103 -1.111016992967918 0.07648898359321087 -0.198556880530887 -0.2148909685087211 -0.9124601124370312
0.278 -0.1344875796520368 -1.107097559180004 0.07748224894443334 -0.2005189076443312 -0.2119698285964702 -0.9065786515356724
0.28 -0.1306004891596404 -1.103261671110157 0.07850630368840421 -0.2024939480724259 -0.2091067928480446 -0.9007677230377307
0.282 -0.1267380215197554 -1.099508154720406 0.07956233739879519 -0.2044819821814632 -0.2063003589185506 -0.8950261725389423
0.284 -0.1228974790802023 -1.09583583256591 0.08065159266812412 -0.2064829652347612 -0.2035490717483264 -0.889352867331149
0.286 -0.1190761543348423 -1.092243520659997 0.08177536749203361 -0.2084968246217431 -0.2008515218268759 -0.8837466960382538
0.288 -0.1152713257970728 -1.088730025072563 0.08293501773181577 -0.2105234568214877 -0.1982063435288886 -0.8782065682510756
0.29 -0.1114802538672498 -1.085294138237644 0.08413195965179562 -0.2125627240757489 -0.1956122135190455 -0.872731414161895
0.292 -0.1077001766949476 -1.081934634945925 0.0853676725275232 -0.2146144507465176 -0.1930678492224708 -0.8673201841994074
0.294 -0.1039283060407717 -1.078650267991745 0.08664370131707448 -0.2166784193270252 -0.1905720073578462 -0.8619718486647195
0.296 -0.1001618231420554 -1.075439763445613 0.08796165938829259 -0.2187543660766434 -0.188123482530348 -0.8566853973689692
0.298 -0.09639787459150843 -1.072301815517608 0.08932323129020255 -0.2208419762445331 -0.185721105881711 -0.8514598392730749
0.3 -0.09263356823862716 -1.069235080975508 0.09073017555622227 -0.2229408788454334 -0.1833637437948494 -0.8462942021300743
0.302 -0.08886596912875601 -1.066238173078661 0.09218432752183962 -0.2250506409482008 -0.1810502966505956 -0.8411875321304596
0.304 -0.08509209549715047 -1.063309654984163 0.09368760213708024 -0.2271707614332992 -0.1787796976342307 -0.8361388935508636
0.306 -0.08130891483979523 -1.060448032580573 0.0952419967498032 -0.229300664174156 -0.1765509115895984 -0.831147368406417
0.308 -0.07751334008898314 -1.057651746698763 0.09684959382971306 -0.2314396905917107 -0.1743629339186962 -0.8262120561070527
0.31 -0.07370222592522847 -1.054919164648128 0.09851256359951301 -0.2335870915301296 -0.1722147895247415 -0.8213320731179978
0.312 -0.06987236526634075 -1.052248571020771 0.1002331665304643 -0.2357420183961074 -0.170105531796805 -0.816506552624664
0.314 -0.06602048597984732 -1.049638157704341 0.1020137556543489 -0.2379035135022239 -0.1680342416341962 -0.8117346442021171
0.316 -0.06214324787446136 -1.047086013040403 0.1038567786344086 -0.2400704995511279 -0.1660000265088699 -0.8070155134892751
0.318 -0.05823724003707047 -1.044590110060772 0.105764779527137 -0.2422417681928031 -0.1640020195642075 -0.8023483418679687
0.32 -0.05429897859114291 -1.042148293733242 0.1077404001574591 -0.2444159675862788 -0.162039378748602 -0.7977323261469637
0.322 -0.05032490496851114 -1.039758267143257 0.1097863810138415 -0.2465915888922179 -0.1601112859823526 -0.793166678251039
0.324 -0.04631138479671 -1.037417576538788 0.1119055615597308 -0.2487669516236066 -0.1582169463564408 -0.7886506249151817
0.326 -0.04225470752580204 -1.035123595161779 0.1141008798360289 -0.2509401877778268 -0.156355587361831 -0.7841834073839523
0.328 -0.03815108693309961 -1.032873505792274 0.1163753712149 -0.2531092246762147 -0.1545264581479996 -0.7797642811160596
0.33 -0.03399666266734895 -1.030664281931186 0.1187321661421068 -0.2552717664370259 -0.1527288288094558 -0.7753925154941602
0.332 -0.02978750301829941 -1.028492667551459 0.1211744866807778 -0.2574252740115572 -0.1509619896990772 -0.7710673935399021
0.334 -0.02551960912134252 -1.026355155354442 0.1237056416457928 -0.2595669437202393 -0.1492252507671353 -0.7667882116342027
0.336 -0.02118892083831161 -1.02424796347559 0.1263290200866266 -0.261693684232833 -0.1475179409249382 -0.7625542792427574
0.338 -0.01679132458751539 -1.022167010597467 0.1290480828445528 -0.2638020919507122 -0.1458394074320682 -0.7583649186467546
0.34 -0.01232266342894148 -1.020107889445743 0.1318663518772942 -0.265888424766972 -0.1441890153062357 -0.7542194646787711
0.342 -0.007778749752722941 -1.018065838664512 0.1347873970020955 -0.2679485742006981 -0.1425661467548184 -0.7501172644638138
0.344 -0.003155380955056603 -1.016035713100496 0.1378148196721388 -0.2699780359350318 -0.1409702006271954 -0.7460576771654646
0.346 0.001551641466133347 -1.014011952559554 0.1409522333531578 -0.2719718788224702 -0.1394005918870244 -0.7420400737370837
0.348 0.006346488922429921 -1.011988549149076 0.1442032400260826 -0.2739247124710581 -0.1378567511036527 -0.7380638366780174
0.35 0.01123327832943397 -1.009959013375875 0.1475714022913175 -0.2758306535811176 -0.1363381239618836 -0.7341283597947574
0.352 0.01621603971708577 -1.007916339242217 0.1510602105064441 -0.2776832912752303 -0.1348441707893583 -0.7302330479669864
0.354 0.02129867824405918 -1.005852968667386 0.1546730443449052 -0.2794756517489325 -0.133374366100846 -0.7263773169184535
0.356 0.0264849299607019 -1.003760755666236 0.1584131281194644 -0.281200162673629 -0.1319281981587625 -0.7225605929926067
0.358 0.03177831063516157 -1.001630930837497 0.1622834791844345 -0.2828486179045787 -0.1305051685492729 -0.7187823129329184
0.36 0.03718205692993573 -0.999454066857985 0.1662868487032942 -0.2844121431901538 -0.1291047917733584 -0.7150419236678311
0.362 0.04269905920918365 -0.9972200458445754 0.1704256540614387 -0.2858811637443242 -0.1277265948522551 -0.7113388821002512
0.364 0.04833178527105819 -0.9949180296366003 0.1747019022177576 -0.2872453747350835 -0.1263701169466994 -0.7076726549015167
0.366 0.05408219433268685 -0.9925364342632204 0.179117103322126 -0.2884937159534554 -0.1250349089894391 -0.7040427183097649
0.368 0.05995164067736401 -0.990062910102526 0.1836721740078547 -0.289614352169902 -0.1237205333304906 -0.7004485579326239
0.37 0.06594076648431381 -0.9874843294976355 0.1883673298789617 -0.2905946609434858 -0.1224265633946479 -0.6968896685541497
0.372 0.07204938354530385 -0.9847867838754765 0.193201966896072 -0.291421229929542 -0.1211525833507681 -0.6933655539459345
0.374 0.07827634380242468 -0.9819555927055854 0.1981745315948042 -0.2920798660232785 -0.1198981877923796 -0.689875726682307
0.376 0.08461939897114615 -0.9789753269293655 0.2032823804003238 -0.292555618969815 -0.1186629814291776 -0.6864197079595504
0.378 0.09107504991807346 -0.9758298497710769 0.2085216287070646 -0.292832822352021 -0.1174465787889911 -0.6829970274190559
0.38 0.09763838697669748 -0.972502378094207 0.2138869909065188 -0.2928951551198671 -0.1162486039298213 -0.6796072229743398
0.382 0.1043029230151072 -0.9689755676602032 0.219371613176678 -0.2927257270183565 -0.1150686901615708 -0.6762498406418467
0.384 0.1110604218091978 -0.9652316257596163 0.2249669015862937 -0.2923071913841572 -0.1139064797770959 -0.6729244343754591
0.386 0.1179007251367177 -0.9612524546729009 0.2306623489289504 -0.2916218887682574 -0.1127616237922327 -0.6696305659046434
0.388 0.1248115829853797 -0.9570198292424978 0.2364453646798385 -0.290652024666344 -0.1116337816944587 -0.6663678045761537
0.39 0.1317784923159282 -0.9525156114557979 0.2423011135157982 -0.2893798842565776 -0.1105226211998701 -0.6631357271992203
0.392 0.1387845509527104 -0.9477220042897576 0.2482123689708731 -0.2877880863956074 -0.1094278180181627 -0.6599339178941502
0.394 0.1458103342783658 -0.942621846119749 0.2541593899036891 -0.2858598781754813 -0.1083490556253233 -0.6567619679442677
0.396 0.1528338034723924 -0.9371989456945431 0.2601198285161371 -0.2835794700434217 -0.1072860250437447 -0.6536194756511214
0.398 0.1598302549179788 -0.9314384560044947 0.266068679547471 -0.2809324098116039 -0.1062384246294922 -0.6505060461928908
0.4 0.1667723210246536 -0.9253272833105957 0.2719782808911154 -0.2779059918246769 -0.1052059598664618 -0.6474212914859188
0.402 0.1736300329366479 -0.9188545251826994 0.2778183761038242 -0.2744896951333933 -0.1041883431671763 -0.644364830049306
0.404 0.1803709552695602 -0.9120119286801383 0.2835562489495411 -0.2706756418076413 -0.1031852936799809 -0.6413362868724969
0.406 0.1869604020328395 -0.9047943569005706 0.2891569391352445 -0.2664590636147796 -0.102196537102405 -0.6383352932857911
0.408 0.1933617410965661 -0.8972002491956307 0.2945835465970359 -0.2618387623619126 -0.1012218055004698 -0.6353614868337181
0.41 0.199536791899955 -0.8892320576127184 0.2997976290336831 -0.2568175464615106 -0.1002608371337281 -0.6324145111512078
0.412 0.2054463175287446 -0.8808966398319873 0.3047596938145754 -0.2514026239894909 -0.09931337628583076 -0.6294940158424964
0.414 0.2110506078680442 -0.8722055873358265 0.309429780968469 -0.2456059309731215 -0.09837917310042472 -0.6265996563627051
0.416 0.2163101454363042 -0.863175467045538 0.3137681288584966 -0.2394443731435067 -0.0974579834221924 -0.6237310939020314
0.418 0.2211863399545606 -0.8538279554936332 0.3177359085974125 -0.2329399602211401 -0.09654956864285183 -0.6208879952724932
0.42 0.2256423121089964 -0.8441898469348597 0.3212960076609393 -0.22611981413769 -0.09565369555194292 -0.6180700327971697
0.422 0.2296437017317286 -0.8342929207740857 0.324413837923961 -0.2190160365722079 -0.09477013619223237 -0.6152768842018778
0.424 0.2331594713038695 -0.8241736592009602 0.3270581390234454 -0.2116654266917265 -0.09389866771957595 -0.6125082325092337
0.426 0.2361626727433257 -0.8138728127957262 0.3292017450104093 -0.2041090468606861 -0.09303907226708361 -0.6097637659350401
0.428 0.2386311443382163 -0.8034348196796397 0.3308222811516547 -0.196391641892691 -0.09219113681343848 -0.6070431777869487
0.43 0.2405481057358855 -0.7929070919722244 0.3319027587911119 -0.1885609256068806 -0.0913546530552264 -0.6043461663653438
0.432 0.2419026222107938 -0.7823391912577672 0.3324320394939323 -0.1806667563913702 -0.09052941728313844 -0.601672434866397
0.434 0.2426899149308394 -0.7717819217252855 0.3324051451927536 -0.1727602304380433 -0.08971523026191416 -0.5990216912872421
0.436 0.2429115012764045 -0.7612863749796444 0.331823398390302 -0.1648927266464238 -0.08891189711389755 -0.5963936483332205
0.438 0.2425751579042298 -0.750902963748022 0.3306943851103138 -0.1571149404208713 -0.08811922720608402 -0.5937880233271507
0.44 0.2416947084940034 -0.7406804824270212 0.3290317425345427 -0.1494759443064474 -0.08733703404053932 -0.5912045381205738
0.442 0.240289647197845 -0.7306652306419696 0.3268547823459227 -0.142022311635041 -0.08656513514807775 -0.5886429190069286
0.444 0.238384616986553 -0.7209002318270502 0.3241879689716429 -0.134797335190436 -0.0858033519850899 -0.5861028966366142
0.446 0.2360087687103866 -0.7114245727558214 0.3210602785438013 -0.12784036682193 -0.08505150983341467 -0.5835842059338914
0.448 0.2331950313053342 -0.7022728824923961 0.3175044690084884 -0.1211862964768102 -0.0843094377031542 -0.5810865860155858
0.45 0.2299793259464772 -0.6934749611111514 0.3135562941848116 -0.1148651809996053 -0.08357696823833444 -0.5786097801115461
0.452 0.2263997570752629 -0.6850555604250053 0.3092536947005797 -0.1089020249381869 -0.0828539376253168 -0.5761535354868184
0.454 0.2224958113128675 -0.677034311480161 0.3046359968167383 -0.1033167081146636 -0.08214018550387078 -0.5737176033654975
0.456 0.2183075916997793 -0.6694257872371557 0.2997431465805995 -0.09812404838094051 -0.08143555488082017 -0.5713017388562153
0.458 0.2138751099358595 -0.6622396839620879 0.294615001982038 -0.09333398308286096 -0.08073989204617847 -0.5689057008792269
0.46 0.2092376538507745 -0.6554811015629759 0.2892907003424677 -0.08895184946791623 -0.0800530464916932 -0.5665292520950597
0.462 0.2044332417105126 -0.6491509014218494 0.2838081125422328 -0.08497874258716163 -0.07937487083172014 -0.5641721588346877
0.464 0.1994981695591799 -0.6432461200174853 0.2782033902855326 -0.08141192898629013 -0.07870522072635278 -0.5618341910311951
0.466 0.1944666529549204 -0.6377604176058622 0.2725106077616549 -0.07824529545296566 -0.07804395480673448 -0.5595151221528966
0.468 0.1893705603753522 -0.6326845431050454 0.266761494977835 -0.07546981396716915 -0.07739093460248282 -0.5572147291378763
0.47 0.1842392323835809 -0.628006798849664 0.2609852568547399 -0.07307400651974447 -0.07674602447115908 -0.5549327923299195
0.472 0.1790993783380995 -0.6237134917181885 0.2552084698678173 -0.07104439630239197 -0.07610909152971773 -0.5526690954157965
0.474 0.1739750409919954 -0.6197893600853421 0.2494550465798683 -0.06936593472146928 -0.07548000558787288 -0.5504234253638729
0.476 0.1688876186296978 -0.6162179688946254 0.2437462577130193 -0.06802239653060936 -0.07485863908332152 -0.5481955723640161
0.478 0.1638559343032792 -0.6129820677446831 0.2381008013220438 -0.06699673797592189 -0.07424486701876461 -0.5459853297687612
0.48 0.1588963421421511 -0.6100639091631206 0.232534909042821 -0.06627141512740382 -0.07363856690066997 -0.5437924940357167
0.482 0.1540228614555361 -0.6074455261383441 0.2270624801352586 -0.06582866146717067 -0.07303961867972256 -0.5416168646711734
0.484 0.1492473303122684 -0.605108969495958 0.2216952350051776 -0.06565072532106465 -0.07244790469290924 -0.5394582441748934
0.486 0.1445795713834087 -0.6030365068594672 0.2164428809905965 -0.0657200688734171 -0.07186330960718777 -0.5373164379860501
0.488 0.1400275639472608 -0.6012107857495044 0.2113132843119513 -0.06601953131921218 -0.07128572036469057 -0.5351912544302923
0.49 0.1355976170619949 -0.5996149639093121 0.2063126431914114 -0.06653245924140308 -0.07071502612941652 -0.5330825046679091
0.492 0.1312945399327428 -0.5982328102339767 0.2014456581681073 -0.06724280759090995 -0.0701511182353645 -0.5309900026430667
0.494 0.1271218064322126 -0.597048779784163 0.1967156965682778 -0.06813521475006738 -0.06959389013606522 -0.5289135650340957
0.496 0.1230817115419554 -0.5960480663185032 0.1921249488974235 -0.06919505511370061 -0.06904323735546807 -0.5268530112048025
0.498 0.1191755181790317 -0.5952166356310546 0.1876745756191742 -0.07040847247427105 -0.06849905744014245 -0.5248081631567836
0.5 0.1154035934519662 -0.5945412427567909 0.1833648433647194 -0.07176239727407377 -0.06796124991275324 -0.5227788454827171
0.502 0.111765533856617 -0.5940094358422611 0.1791952500833895 -0.07324455052164891 -0.06742971622677249 -0.5207648853206122
0.504 0.1082602792987327 -0.5936095491906304 0.1751646390211226 -0.07484343688163798 -0.06690435972238989 -0.5187661123089924
0.506 0.1048862161111573 -0.5933306876957605 0.1712713016947434 -0.07654832915276756 -0.06638508558358605 -0.5167823585429929
0.508 0.1016412694471779 -0.5931627045927887 0.1675130702435121 -0.07834924606143877 -0.06587180079633415 -0.51481345853135
0.51 0.09852298558289505 -0.5930961741802563 0.1638873996907913 -0.08023692502599312 -0.06536441410789628 -0.5128592491542632
0.512 0.09552860475739072 -0.593122360916791 0.1603914407445727 -0.0822027912946805 -0.06486283598718201 -0.5109195696221106
0.514 0.09265512524219432 -0.5932331860658584 0.1570221038283321 -0.08423892463086113 -0.06436697858613777 -0.5089942614349973
0.516 0.08989935935563068 -0.5934211928587844 0.1537761150577676 -0.08633802451566681 -0.06387675570213688 -0.5070831683431175
0.518 0.08725798213974567 -0.5936795109662922 0.1506500648810865 -0.08849337465837648 -0.06339208274134078 -0.5051861363079158
0.52 0.08472757340558289 -0.5940018209118886 0.1476404500885858 -0.09069880744786492 -0.06291287668300295 -0.5033030134640236
0.522 0.08230465381960497 -0.5943823189278061 0.1447437098642934 -0.09294866884584689 -0.06243905604468842 -0.5014336500819593
0.524 0.07998571567163754 -0.5948156826384507 0.1419562565200193 -0.09523778410688073 -0.06197054084838177 -0.49957789853157
0.526 0.07776724891644569 -0.5952970378627462 0.1392745015039042 -0.09756142461654328 -0.06150725258745852 -0.4977356132462029
0.528 0.07564576304243713 -0.5958219267446135 0.1366948772369316 -0.09991527605702767 -0.06104911419449448 -0.4959066506875859
0.53 0.07361780526736264 -0.5963862773577741 0.134213855277252 -0.102295408046369 -0.06059605000988932 -0.4940908693114051
0.532 0.0716799755199117 -0.5969863748753651 0.1318279612711926 -0.1046982453418045 -0.06014798575128091 -0.4922881295335606
0.534 0.06982893862038528 -0.5976188343530913 0.1295337871041133 -0.1071205406560029 -0.05970484848372798 -0.4904982936970884
0.536 0.06806143402905052 -0.5982805751407773 0.1273280006196896 -0.1095593491010459 -0.05926656659063907 -0.4887212260397313
0.538 0.0663742834933824 -0.5989687969093117 0.125207353238809 -0.1120120042471653 -0.05883306974542662 -0.4869567926621464
0.54 0.06476439688918448 -0.5996809572602814 0.1231686857730506 -0.1144760957635476 -0.0584042888838661 -0.4852048614967338
0.542 0.06322877651266451 -0.6004147508709514 0.1212089326898042 -0.1169494485938787 -0.05798015617713972 -0.4834653022770727
0.544 0.06176452005551386 -0.6011680901139244 0.1193251250610598 -0.1194301036059704 -0.05756060500554597 -0.481737986507954
0.546 0.0603688224614476 -0.6019390870862801 0.1175143923943038 -0.1219162996502877 -0.05714556993285623 -0.4800227874359924
0.548 0.05903897684209011 -0.602726036975276 0.1157739635233904 -0.1244064569544677 -0.05673498668130026 -0.4783195800208084
0.55 0.05777237460403679 -0.6035274026869206 0.1141011667112002 -0.1268991617801537 -0.05632879210716337 -0.476628240906767
0.552 0.05656650492224474 -0.6043418006614293 0.1124934290992229 -0.1293931522661685 -0.05592692417697816 -0.4749486483952607
0.554 0.05541895367402753 -0.6051679878012435 0.1109482756183219 -0.1318873053837193 -0.05552932194429434 -0.4732806824175241
0.556 0.05432740193398986 -0.6060048494376999 0.1094633274610008 -0.1343806249297292 -0.05513592552701097 -0.4716242245079708
0.558 0.05328962411600298 -0.6068513882651866 0.1080363002012584 -0.1368722304871474 -0.05474667608525546 -0.4699791577780392
0.56 0.05230348583595588 -0.6077067141744866 0.1066650016357504 -0.1393613472839494 -0.05436151579979449 -0.4683453668905372
0.562 0.0513669415585847 -0.6085700349188514 0.1053473294095471 -0.1418472968843765 -0.0539803878509624 -0.4667227380344749
0.564 0.05047803208206069 -0.6094406475517449 0.1040812684801536 -0.1443294886513699 -0.05360323639809287 -0.465111158900375
0.566 0.04963488190583388 -0.6103179305773492 0.1028648884652742 -0.1468074119212998 -0.0532300065594403 -0.4635105186560494
0.568 0.04883569652074105 -0.6112013367580121 0.1016963409133189 -0.1492806288351777 -0.05286064439257789 -0.4619207079228344
0.57 0.0480787596531476 -0.6120903865283627 0.1005738565284068 -0.1517487677760895 -0.05249509687525922 -0.4603416187522731
0.572 0.04736243049133731 -0.6129846619662622 0.09949574237806848 -0.154211517363028 -0.05213331188673117 -0.4587731446032343
0.574 0.04668514091518498 -0.6138838012774517 0.09846037910467105 -0.1566686209579902 -0.05177523818948607 -0.4572151803194615
0.576 0.04604539274921098 -0.6147874937507203 0.09746621816065229 -0.1591198716431788 -0.05142082541144131 -0.4556676221075415
0.578 0.04544175505303742 -0.6156954751463327 0.09651177908157256 -0.1615651076310511 -0.05107002402853514 -0.4541303675152816
0.58 0.0448728614617995 -0.6166075234813659 0.09559564680952704 -0.1640042080708741 -0.05072278534772753 -0.4526033154104918
0.582 0.04433740758689451 -0.6175234551786588 0.09471646907729014 -0.166437089218501 -0.05037906149039563 -0.4510863659601578
0.584 0.04383414848369372 -0.6184431215501666 0.09387295385980678 -0.1688637009401662 -0.05003880537611306 -0.4495794206100003
0.586 0.04336189619258621 -0.6193664055856085 0.09306386689938957 -0.1712840235211966 -0.04970197070680336 -0.4480823820644118
0.588 0.04291951735795149 -0.6202932190209862 0.09228802930920915 -0.1736980647542247 -0.04936851195125766 -0.4465951542667615
0.59 0.04250593092717574 -0.6212234996641529 0.09154431525718267 -0.1761058572840901 -0.04903838433000693 -0.4451176423800629
0.592 0.04212010593270363 -0.6221572089539988 0.09083164973324351 -0.1785074561860048 -0.04871154380053988 -0.443649752767994
0.594 0.04176105935720599 -0.6230943297352376 0.09014900640006335 -0.1809029367589719 -0.04838794704285736 -0.4421913929762656
0.596 0.04142785408286313 -0.6240348642290388 0.08949540552821769 -0.1832923925147108 -0.04806755144535457 -0.440742471714328
0.598 0.04111959692387009 -0.6249788321836218 0.08886991201489289 -0.185675933346212 -0.0477503150910228 -0.4393028988374097
0.6 0.04083543674184478 -0.6259262691888986 0.08827163348580715 -0.1880536838600153 -0.04743619674396236 -0.4378725853288833
0.602 0.04057456264254471 -0.6268772251414408 0.0876997184787434 -0.190425781858493 -0.04712515583619869 -0.4364514432829478
0.604 0.04033620225237604 -0.6278317628467615 0.0871533547071702 -0.1927923769591358 -0.04681715245479416 -0.4350393858876257
0.606 0.04011962007295051 -0.6287899567471202 0.08663176740219823 -0.1951536293390569 -0.04651214732924772 -0.4336363274080633
0.608 0.03992411591169771 -0.6297518917642806 0.08613421773087315 -0.1975097085941471 -0.04621010181917545 -0.4322421831701334
0.61 0.03974902338626933 -0.630717662246794 0.08566000128853384 -0.1998607927024657 -0.0459109779022645 -0.4308568695443284
0.612 0.039593708500716 -0.6316873710131621 0.08520844666321001 -0.2022070670832186 -0.04561473816249401 -0.4294803039299435
0.614 0.03945756829078224 -0.632661128482929 0.08477891406939803 -0.2045487237433891 -0.04532134577861579 -0.4281124047395399
0.616 0.03934002953626613 -0.6336390518871573 0.08437079404915493 -0.2068859605034727 -0.0450307645128888 -0.4267530913836847
0.618 0.03924054753787871 -0.6346212645526077 0.08398350623793928 -0.2092189802966472 -0.04474295870006057 -0.4254022842559605
0.62 0.03915860495658881 -0.6356078952520872 0.08361649819317855 -0.2115479905338466 -0.04445789323658974 -0.4240599047182406
0.622 0.03909371071255979 -0.6365990776160269 0.0832692442826635 -0.2138732025298037 -0.04417553357010371 -0.4227258750862232
0.624 0.03904539894216887 -0.6375949495994142 0.08294124463125424 -0.2161948309841947 -0.04389584568908537 -0.4214001186152195
0.626 0.03901322801018174 -0.6385956529997854 0.08263202412296532 -0.2185130935135928 -0.04361879611278358 -0.4200825594861926
0.628 0.03899677957533138 -0.639601333021236 0.08234113145667296 -0.2208282102291973 -0.04334435188134159 -0.4187731227920388
0.63 0.03899565770724184 -0.6406121378805599 0.08206813825338005 -0.2231404033564512 -0.04307248054613821 -0.4174717345241088
0.632 0.03900948805245972 -0.6416282184520256 0.08181263821279627 -0.225449896893061 -0.04280315016033655 -0.4161783215589646
0.634 0.03903791704775252 -0.6426497279471831 0.0815742463173877 -0.2277569163018184 -0.04253632926963518 -0.4148928116453647
0.636 0.03908061117908904 -0.6436768216261937 0.08135259808230588 -0.2300616882347182 -0.04227198690321684 -0.4136151333914755
0.638 0.03913725628405027 -0.6447096565384487 0.08114734884894013 -0.2323644402861451 -0.04201009256488986 -0.4123452162523036
0.64 0.03920755689650197 -0.6457483912891724 0.08095817312091975 -0.234665400771828 -0.04175061622441779 -0.4110829905173443
0.642 0.03929123563160847 -0.6467931858301467 0.08078476394064087 -0.2369647985317037 -0.04149352830903239 -0.409828387298443
0.644 0.03938803260983806 -0.6478442012716344 0.08062683230496406 -0.2392628627537706 -0.041238799695126 -0.4085813385178638
0.646 0.03949770491841819 -0.6489015997141008 0.08048410661853678 -0.2415598228175375 -0.04098640170011859 -0.4073417768965632
0.648 0.03962002610919176 -0.6499655440972917 0.08035633218368722 -0.2438559081546292 -0.04073630607449547 -0.4061096359426625
0.65 0.03975478573127759 -0.6510361980647468 0.0802432707252894 -0.2461513481246286 -0.04048848499401181 -0.4048848499401181
0.652 0.03990178889761927 -0.652113725842954 0.08014469994967885 -0.2484463719053718 -0.04024291105205958 -0.4036673539375822
0.654 0.04006085588425397 -0.6531982921325268 0.08006041313644741 -0.2507412083950727 -0.03999955725219344 -0.402457083737454
0.656 0.04023182176124946 -0.6542900620106674 0.07999021876206105 -0.2530360861255535 -0.03975839700081159 -0.4012539758851139
0.658 0.04041453605457247 -0.6553892008431681 0.07993394015456055 -0.2553312331848273 -0.03951940409998808 -0.4000579676583408
0.66 0.04060886243785845 -0.6564958742048148 0.07989141517831133 -0.2576268771479087 -0.03928255274045288 -0.3988689970569061
0.662 0.04081467845337712 -0.65761024780699 0.07986249594809355 -0.2599232450146472 -0.03904781749471643 -0.3976870027923428
0.664 0.0410318752615162 -0.6587324874311987 0.07984704857185133 -0.2622205631533136 -0.03881517331033513 -0.3965119242778851
0.666 0.04126035741816625 -0.6598627588679392 0.07984495292148079 -0.2645190572493625 -0.03858459550331454 -0.3953437016185767
0.668 0.04150004267946285 -0.6610012278584045 0.07985610243110995 -0.2668189522568619 -0.0383560597516471 -0.3941822756015426
0.67 0.04175086183332298 -0.6621480600400813 0.07988040392230436 -0.2691204723536578 -0.03812954208898138 -0.3930275876864234
0.672 0.04201275855755533 -0.6633034208934588 0.07991777745597482 -0.2714238408974912 -0.03790501889841949 -0.3918795799959676
0.674 0.04228568930395921 -0.6644674756894737 0.07996815621039931 -0.273729280382695 -0.03768246690644009 -0.3907381953067788
0.676 0.04256962320830836 -0.6656403894372703 0.08003148638525222 -0.2760370123970541 -0.03746186317694386 -0.3896033770402162
0.678 0.04286454202603095 -0.6668223268301882 0.08010772713144965 -0.2783472575767438 -0.0372431851054187 -0.3884750692534443
0.68 0.04317044009326303 -0.6680134521897397 0.08019685050648497 -0.2806602355591102 -0.03702641041322193 -0.3873532166306295
0.682 0.04348732431336055 -0.6692139294065287 0.08029884145533739 -0.2829761649322486 -0.03681151714197683 -0.38623776447428
0.684 0.04381521416882997 -0.6704239218766674 0.08041369781691088 -0.2852952631799391 -0.03659848364808091 -0.3851286586967284
0.686 0.04415414175861857 -0.671643592433091 0.08054143035594195 -0.2876177466213397 -0.03638728859732338 -0.3840258458117514
0.688 0.04450415186100308 -0.6728731032700626 0.08068206282061247 -0.2899438303437357 -0.03617791095960939 -0.3829292729263269
0.69 0.04486530202214649 -0.6741126158607108 0.08083563202593495 -0.2922737281281872 -0.03597033000378846 -0.3818388877325236
0.692 0.04523766267057677 -0.6753622908650699 0.08100218796316197 -0.2946076523655475 -0.0357645252925852 -0.3807546384995224
0.694 0.04562131725789126 -0.6766222880284927 0.08118179393552065 -0.2969458139627266 -0.03556047667762939 -0.379676474065766
0.696 0.04601636242600653 -0.6778927660686458 0.08137452672059027 -0.2992884222374107 -0.03535816429458374 -0.378604343831235
0.698 0.0464229082013005 -0.6791738825489846 0.0815804767596674 -0.301635684799137 -0.0351575685583669 -0.3775381977498476
0.7 0.04684107821622191 -0.6804657937385516 0.08179974837469162 -0.3039878074165702 -0.03495867015846971 -0.3764779863219814
0.702 0.04727100995869427 -0.6817686544551945 0.08203246001305667 -0.3063449938680806 -0.0347614500543624 -0.3754236605871139
0.704 0.04771285504999392 -0.6830826178910142 0.08227874452098509 -0.3087074457744331 -0.03456588947099117 -0.3743751721165811
0.706 0.04816677955165777 -0.6844078354178349 0.08253874944601935 -0.3110753624113844 -0.03437196989436159 -0.3733324730064504
0.708 0.04863296430198079 -0.685744456370758 0.08281263736918837 -0.3134489405002509 -0.03417967306720758 -0.3722955158705071
0.71 0.04911160528292281 -0.6870926278076697 0.08310058626766621 -0.3158283739743186 -0.0339889809847434 -0.371264253833351
0.712 0.04960291401794088 -0.6884524942416732 0.08340278990843833 -0.3182138537180704 -0.03379987589049745 -0.3702386405236028
0.714 0.05010711800168877 -0.6898241973449082 0.0837194582739144 -0.3206055672776914 -0.03361234027222563 -0.3692186300672169
0.716 0.05062446116207764 -0.6912078756189663 0.0840508180199805 -0.3230036985380671 -0.03342635685790286 -0.3682041770808993
0.718 0.05115520435571821 -0.6926036640310707 0.08439711296750907 -0.3254084273654423 -0.03324190861179086 -0.3671952366656283
0.72 0.05169962589732555 -0.6940116936106404 0.08475860462790616 -0.327819929210363 -0.03305897873058061 -0.3661917644002775
0.722 0.0522580221237946 -0.6954320910033424 0.08513557276340247 -0.3302383746680057 -0.03287755063960787 -0.3651937163353366
0.724 0.0528307079939062 -0.6968649779788165 0.08552831598304643 -0.3326639289920853 -0.03269760798914023 -0.3642010489867312
0.726 0.05341801772397061 -0.6983104708866319 0.08593715237470473 -0.3350967515568939 -0.03251913465073412 -0.363213719329738
0.728 0.05402030546031503 -0.6997686800566169 0.0863624201739752 -0.3375369952636229 -0.03234211471366018 -0.3622316847929939
0.73 0.0546379459889374 -0.7012397091376861 0.08680447847033315 -0.3399848058850878 -0.03216653248139575 -0.3612549032525983
0.732 0.05527133548273569 -0.7027236543694104 0.08726370795091856 -0.3424403213431048 -0.03199237246818287 -0.3602833330263056
0.734 0.05592089228662098 -0.7042206037803138 0.08774051168227145 -0.344903670912507 -0.03181961939565047 -0.3593169328678068
0.736 0.05658705774038033 -0.705730636305401 0.08823531592987971 -0.3473749743443004 -0.03164825818949938 -0.3583556619611006
0.738 0.05727029703925793 -0.7072538208163373 0.08874857101550671 -0.3498543409013896 -0.03147827397624878 -0.3573994799149476
0.74 0.0579711001315474 -0.7087902150548584 0.08928075221159033 -0.3523418682974466 -0.03130965208004293 -0.3564483467574118
0.742 0.05868998265251345 -0.7103398644618022 0.08983236067203022 -0.3548376415313185 -0.03114237801951677 -0.3555022229304837
0.744 0.05942748689318721 -0.7119028008910215 0.09040392439790641 -0.3573417316062355 -0.03097643750471921 -0.354561069284786
0.746 0.06018418280217429 -0.7134790411978147 0.09099599923626719 -0.359854194123456 -0.03081181643409291 -0.3536248470743586
0.748 0.060960669018298 -0.7150685856911121 0.09160916990980737 -0.3623750677395888 -0.03064850089150938 -0.3526935179515233
0.75 0.06175757393051613 -0.7166714164358252 0.09224405107387434 -0.3649043724739996 -0.03048647714335822 -0.3517670439618256
0.752 0.0625755567614332 -0.7182874953928886 0.09290128839712261 -0.3674421078538359 -0.03032573163568941 -0.3508453875390528
0.754 0.06341530866910802 -0.7199167623813647 0.09358155966051546 -0.3699882508810384 -0.03016625099140744 -0.3499285115003263
0.756 0.06427755386099145 -0.7215591328476445 0.09428557586850791 -0.3725427538063761 -0.03000802200751647 -0.3490163790412684
0.758 0.06516305071252824 -0.7232144954241313 0.09501408236494335 -0.3751055416928905 -0.02985103165241511 -0.3481089537312408
0.76 0.06607259288088259 -0.7248827092588607 0.09576785994412272 -0.3776765097502068 -0.02969526706324013 -0.3472061995086538
0.762 0.06700701040312115 -0.7265636010972956 0.09654772594637903 -0.3802555204209494 -0.02954071554325787 -0.3463080806763461
0.764 0.06796717076508858 -0.7282569620934203 0.09735453532439109 -0.3828424001963877 -0.02938736455930251 -0.3454145618970325
0.766 0.06895397992553265 -0.7299625443287204 0.09818918166479278 -0.3854369361399012 -0.02923520173926012 -0.3445256081888193
0.768 0.0699683832768719 -0.7316800570150308 0.09905259814646968 -0.3880388720942448 -0.02908421486959778 -0.343641184920786
0.77 0.07101136652023955 -0.7334091623544814 0.09994575841317602 -0.3906479045458495 -0.02893439189293646 -0.342761257808632
0.772 0.07208395642953594 -0.7351494710310176 0.1008696773352033 -0.3932636781206301 -0.02878572090566734 -0.3418857929103875
0.774 0.07318722147370127 -0.7369005373041777 0.1018254116293113 -0.3958857806819907 -0.02863819015561003 -0.3410147566221871
0.776 0.07432227226276115 -0.7386618536764513 0.1028140603024736 -0.3985137380023454 -0.02849178803971248 -0.3401481156741059
0.778 0.0754902617761917 -0.7404328451034015 0.103836764877983 -0.401147007977346 -0.02834650310179126 -0.3392858371260554
0.78 0.0766923853267419 -0.7422128627157837 0.1048947093570536 -0.4037849743520436 -0.02820232403031167 -0.33842788836374
0.782 0.07792988020525582 -0.7440011770229193 0.1059891198614626 -0.4064269399282466 -0.02805923965620681 -0.3375742370946727
0.784 0.0792040249432249 -0.745796970565503 0.1071212638939597 -0.4090721192212559 -0.02791723895073477 -0.3367248513442471
0.786 0.08051613812195957 -0.7475993299893792 0.1082924491453329 -0.4117196305375111 -0.02777631102337331 -0.335879699451868
0.788 0.08186757664551118 -0.749407237511249 0.1095040217652623 -0.4143684874441123 -0.02763644511975112 -0.3350387500671367
0.79 0.08325973338374494 -0.7512195617520487 0.1107573640033601 -0.417017589605957 -0.02749763061961515 -0.3342019721460918
0.792 0.08469403408002789 -0.7530350479183417 0.1120538911148609 -0.4196657129708375 -0.02735985703483305 -0.3333693349475043
0.794 0.08617193340196735 -0.7548523073156066 0.1133950474093976 -0.4223114992863817 -0.02722311400743024 -0.3325408080292249
0.796 0.08769491000149229 -0.7566698061897507 0.1147823013091531 -0.4249534449451658 -0.02708739130766082 -0.3317163612445849
0.798 0.08926446043126932 -0.7584858539002908 0.116217139263381 -0.4275898891614433 -0.02695267883211163 -0.3308959647388474
0.8 0.09088209174946851 -0.7602985904441902 0.1177010583513075 -0.4302190014984803 -0.02681896660183893 -0.3300795889457099
0.802 0.09254931262465652 -0.7621059733666613 0.1192355573851935 -0.4328387687828052 -0.02668624476053697 -0.3292672045838561
0.804 0.09426762273476572 -0.7639057641166271 0.1208221263075035 -0.4354469814630705 -0.02655450357273779 -0.3284587826535567
0.806 0.09603850023471736 -0.7656955139311528 0.1224622336567592 -0.4380412194978343 -0.02642373342204182 -0.3276542944333186
0.808 0.09786338704748283 -0.7674725493659073 0.1241573118568613 -0.4406188378893257 -0.02629392480937847 -0.3268537114765815
0.81 0.09974367171727827 -0.7692339576278022 0.1259087400685745 -0.4431769520193414 -0.02616506835129623 -0.3260570056084608
0.812 0.1016806695458137 -0.7709765719110815 0.1277178243240955 -0.4457124229885455 -0.02603715477828182 -0.325264148922536
0.814 0.1036755997222413 -0.7726969569946933 0.1295857746553488 -0.4482218432170084 -0.02591017493310752 -0.3244751137776849
0.816 0.1057295591501772 -0.7743913954216393 0.1315136789193837 -0.4507015226266772 -0.02578411976920655 -0.3236898727949621
0.818 0.1078434926739458 -0.7760558746535086 0.1335024730230213 -0.4531474757989883 -0.02565898034907558 -0.3229083988545203
0.82 0.1100181594189649 -0.7776860756788873 0.135552907261669 -0.4555554105863119 -0.02553474784270414 -0.3221306650925753
0.822 0.1122540949810589 -0.7792773636463115 0.1376655085070891 -0.4579207187478984 -0.02541141352603023 -0.3213566448984131
0.824 0.1145515692423447 -0.780824781196876 0.1398405380217665 -0.4602384692854378 -0.02528896877942171 -0.3205863119114383
0.826 0.1169105396479786 -0.7823230452832876 0.1420779447341615 -0.4625034052650241 -0.02516740508618296 -0.3198196400182635
0.828 0.1193305998655526 -0.7837665483806859 0.144377313896639 -0.4647099450308467 -0.02504671403108642 -0.3190566033498393
0.83 0.121810923863565 -0.7851493651158339 0.1467378111624933 -0.4668521888372107 -0.02492688729892832 -0.3182971762786231
0.832 0.1243502055940273 -0.786465265461026 0.1491581222671358 -0.4689239320452382 -0.02480791667310843 -0.3175413334157878
0.834 0.1269465946582358 -0.7877077357512093 0.151636388692469 -0.4709186861427413 -0.02468979403423312 -0.316789049608468
0.836 0.1295976285662357 -0.7888700088742382 0.1541701399249772 -0.4728297089371935 -0.02457251135874151 -0.3160402999370446
0.838 0.1323001624853204 -0.7899451050524262 0.1567562232028745 -0.4746500453399601 -0.02445606071755405 -0.315295059712466
0.84 0.135050297706172 -0.7909258846540219 0.1593907319809153 -0.4763725801804157 -0.02434043427474334 -0.3145533044736062
0.842 0.1378433104303108 -0.7918051144379785 0.1620689347165375 -0.4779901044533196 -0.02422562428622664 -0.3138150099846589
0.844 0.1406735829100346 -0.7925755485233341 0.1647852060085143 -0.4794953962907673 -0.02411162309847967 -0.3130801522325667
0.846 0.1435345394177539 -0.7932300251632501 0.1675329625650253 -0.4808813177387645 -0.02399842314727136 -0.3123487074244857
0.848 0.14641858999216 -0.7937615800770723 0.1703046069485791 -0.482140928091789 -0.02388601695641913 -0.3116206519852834
0.85 0.1493170853574886 -0.7941635766320263 0.1730914824940529 -0.4832676140769548 -0.0237743971365643 -0.3108959625550716
0.852 0.1522202868225443 -0.7944298525513768 0.1758838432065117 -0.4842552365646049 -0.02366355638396734 -0.3101746159867719
0.854 0.1551173552850596 -0.7945548820542367 0.1786708427643821 -0.485098292710523 -0.02355348747932248 -0.3094565893437138
0.856 0.1579963636460436 -0.7945339514063556 0.181440546932635 -0.4857920915090904 -0.02344418328659141 -0.3087418598972653
0.858 0.1608443369302575 -0.7943633447938252 0.1841799736821132 -0.4863329396693299 -0.0233356367518557 -0.3080304051244953
0.86 0.1636473241407602 -0.7940405362635415 0.1868751650429478 -0.4867183335576749 -0.0232278409021876 -0.3073222027058666
0.862 0.1663905053100751 -0.7935643822586804 0.1895112941546139 -0.4869471517357192 -0.02312078884453884 -0.3066172305229612
0.864 0.1690583362923552 -0.7929353080913386 0.1920728100570024 -0.4870198414351053 -0.02301447376464717 -0.3059154666562332
0.866 0.1716347325511197 -0.7921554806410431 0.19454362147708 -0.4869385912582486 -0.02290888892596033 -0.3052168893827946
0.868 0.1741032915450998 -0.791228958760374 0.1969073192136769 -0.4867074815861459 -0.022804027668577 -0.3045214771742282
0.87 0.1764475513330666 -0.7901618124310796 0.1991474347412712 -0.4863326037366495 -0.02269988340820455 -0.3038292086944301
0.872 0.1786512808043168 -0.7889622017661326 0.2012477304394502 -0.4858221389686512 -0.02259644963513336 -0.3031400627974815
0.874 0.180698794611291 -0.7876404076014475 0.2031925145245181 -0.4851863890759008 -0.02249371991322715 -0.3024540185255467
0.876 0.1825752836200498 -0.7862088067164514 0.2049669714989791 -0.4844377516096511 -0.02239168787892925 -0.3017710551068004
0.878 0.1842671496882084 -0.7846817866906185 0.2065574969284929 -0.4835906347372369 -0.02229034724028451 -0.3010911519533816
0.88 0.1857623320515734 -0.7830755979804785 0.2079520238275499 -0.4826613093211046 -0.02218969177597649 -0.3004142886593739
0.882 0.1870506117425067 -0.7814081438532858 0.2091403270768863 -0.4816676988544731 -0.02208971533437962 -0.2997404449988127
0.884 0.1881238804353167 -0.779698712159968 0.2101142922679431 -0.4806291112362499 -0.02199041183262633 -0.2990696009237181
0.886 0.1889763610115326 -0.7779676562979433 0.2108681362672211 -0.4795659197357901 -0.02189177525568844 -0.2984017365621532
0.888 0.1896047689668653 -0.7762360358287121 0.2113985686223384 -0.4784992036124038 -0.02179379965547302 -0.2977368322163083
0.89 0.1900084064536129 -0.774525229800008 0.2117048856035451 -0.4774503614393991 -0.02169647914993211 -0.2970748683606089
0.892 0.1901891840854061 -0.7728565376091956 0.2117889920075924 -0.4764407119693465 -0.02159980792218632 -0.2964158256398491
0.894 0.1901515693655452 -0.7712507830807227 0.211655349585207 -0.4754910982133743 -0.0215037802196618 -0.2957596848673484
0.896 0.189902464431033 -0.7697279372138659 0.2113108547842737 -0.4746215101907332 -0.02140839035324065 -0.2951064270231327
0.898 0.1894510194091415 -0.7683067738168186 0.2107646521055658 -0.4738507405646806 -0.02131363269642425 -0.294456033252138
0.9 0.1888083907752121 -0.7670045701032804 0.2100278924597215 -0.4731960852408421 -0.02121950168450943 -0.2938084848624382
0.902 0.1879874564447551 -0.7658368614962063 0.2091134482585325 -0.4726730981727119 -0.02112599181377732 -0.2931637633234945
0.904 0.1870025007878323 -0.7648172566305815 0.2080355984285267 -0.4722954063661542 -0.02103309764069445 -0.2925218502644274
0.906 0.1858688832662828 -0.7639573151510386 0.2068096970474089 -0.472074587678727 -0.02094081378112611 -0.2918827274723116
0.908 0.184602704014434 -0.7632664876522877 0.2054518389239955 -0.4720201107617965 -0.02084913490956159 -0.2912463768904912
0.91 0.1832204785287893 -0.7627521142263729 0.2039785342871405 -0.4721393336094556 -0.02075805575835123 -0.2906127806169172
0.912 0.1817388318828329 -0.7624194757419128 0.2024064029997878 -0.4724375548394069 -0.02066757111695492 -0.289981920902506
0.914 0.1801742207507691 -0.7622718902877046 0.2007518965819711 -0.4729181101381866 -0.02057767583120203 -0.2893537801495179
0.916 0.1785426892083367 -0.7623108461806549 0.1990310540108992 -0.4735825052706975 -0.02048836480256247 -0.2887283409099574
0.918 0.1768596619812842 -0.762536162547504 0.1972592949687128 -0.4744305766635119 -0.02039963298742863 -0.288105585883992
0.92 0.1751397766753069 -0.7629461686492599 0.195451252071715 -0.4754606707308675 -0.02031147539640816 -0.2874854979183924
0.922 0.1733967546714859 -0.7635378937212742 0.1936206417651132 -0.4766698337162831 -0.02022388709362735 -0.286868060004991
0.924 0.1716433088584001 -0.7643072600240239 0.191780172054445 -0.4780540047448631 -0.02013686319604486 -0.2862532552791608
0.926 0.1698910852395346 -0.7652492729218352 0.1899414841123103 -0.4796082059035231 -0.02005039887277569 -0.2856410670183122
0.928 0.1681506346837335 -0.766358203014334 0.1881151240281587 -0.4813267243739247 -0.01996448934442522 -0.2850314786404093
0.93 0.1664314106451701 -0.7676277565499845 0.1863105405276032 -0.4832032828474798 -0.01987912988243312 -0.2844244737025047
0.932 0.1647417885276105 -0.7690512314846178 0.1845361043360375 -0.4852311955853263 -0.01979431580842698 -0.2838200358992916
0.934 0.1630891024420556 -0.7706216575597099 0.1827991449356411 -0.4874035084980349 -0.01971004249358552 -0.283218149061675
0.936 0.1614796953456145 -0.7723319196392193 0.1811060007036256 -0.4897131224838596 -0.0196263053580111 -0.2826187971553598
0.938 0.1599189789186904 -0.7741748642525297 0.179462078788802 -0.492152899973073 -0.0195430998701116 -0.2820219642794566
0.94 0.1584114999597611 -0.7761433898398019 0.1778719215057523 -0.4947157551746976 -0.01946042154599126 -0.2814276346651043
0.942 0.156961010545434 -0.7782305216022081 0.1763392764942846 -0.4973947289280974 -0.01937826594885052 -0.2808357926741106
0.944 0.15557053966122 -0.7804294721367325 0.1748671683496146 -0.5001830493391246 -0.01929662868839462 -0.2802464227976079
0.946 0.1542424644531777 -0.7827336892026193 0.1734579698734284 -0.5030741795478928 -0.01921550542025076 -0.2796595096547265
0.948 0.1529785796532309 -0.7851368920451283 0.1721134714986248 -0.5060618540538446 -0.01913489184539393 -0.2790750379912837
0.95 0.1517801640920959 -0.7876330977142753 0.1708349478016768 -0.509140105035786 -0.01905478370958084 -0.2784929926784893
0.952 0.1506480435273863 -0.7902166387718085 0.1696232203301786 -0.5123032800601425 -0.01897517680279232 -0.277913358711666
0.954 0.1495826492748338 -0.7928821737026628 0.1684787162335174 -0.5155460524936762 -0.01889606695868357 -0.2773361212089865
0.956 0.1485840723499101 -0.7956246912448768 0.1674015224039526 -0.5188634258346522 -0.01881745005404247 -0.2767612654102247
0.958 0.147652112998785 -0.7984395097361701 0.1663914350070408 -0.5222507330606472 -0.01873932200825573 -0.2761887766755229
0.96 0.1467863256326946 -0.8013222724543012 0.1654480044154772 -0.5257036319701276 -0.01866167878278259 -0.2756186404841736
0.962 0.1459860592844555 -0.804268939807488 0.1645705756650917 -0.529218097374072 -0.01858451638063622 -0.275050842433416
0.964 0.1452504937771057 -0.8072757791155922 0.1637583246229782 -0.5327904108783456 -0.01850783084587245 -0.2744853682372467
0.966 0.1445786718484526 -0.8103393526125733 0.1630102901115385 -0.5364171488873279 -0.01843161826308586 -0.2739222037252453
0.968 0.1439695275048984 -0.8134565042035842 0.1623254022618115 -0.5400951693621707 -0.01835587475691309 -0.2733613348414134
0.97 0.1434219108984488 -0.8166243454178799 0.161702507389992 -0.5438215977748517 -0.01828059649154312 -0.2728027476430281
0.972 0.1429346100229396 -0.8198402409207601 0.1611403896931743 -0.5475938126212516 -0.01820577967023462 -0.2722464282995085
0.974 0.1425063695256778 -0.8231017938791865 0.1606377900605179 -0.5514094307878898 -0.01813142053484013 -0.2716923630912966
0.976 0.1421359069201582 -0.8264068314126268 0.1601934222854951 -0.5552662930038762 -0.01805751536533688 -0.2711405384087506
0.978 0.1418219264710452 -0.8297533903135058 0.1598059869504096 -0.5591624495624539 -0.0179840604793644 -0.2705909407510519
0.98 0.1415631310073494 -0.8331397031752807 0.1594741832391179 -0.5630961464501557 -0.0179110522317685 -0.270043556725125
0.982 0.1413582319011404 -0.8365641850313688 0.1591967189152922 -0.5670658119867988 -0.01783848701415178 -0.2694983730445699
0.984 0.1412059574284898 -0.8400254205780679 0.1589723186829201 -0.5710700440494607 -0.01776636125443036 -0.2689553765286073
0.986 0.141105059712851 -0.8435221520293728 0.1587997311292479 -0.5751075979283365 -0.01769467141639691 -0.2684145541010362
0.988 0.1410543204295647 -0.8470532676332849 0.1586777344288544 -0.5791773748440808 -0.01762341399928975 -0.2678758927892042
0.99 0.141052555434171 -0.8506177908607042 0.158605140971539 -0.5832784111377157 -0.01755258553736793 -0.2673393797229885
0.992 0.1410986184589395 -0.8542148702689532 0.1585808010584318 -0.5874098681351623 -0.01748218259949234 -0.2668050021337908
0.994 0.1411914040073216 -0.8578437700290111 0.1586036057960341 -0.5915710226754687 -0.01741220178871253 -0.2662727473535424
0.996 0.141329849560197 -0.8615038610995777 0.1586724893020564 -0.5957612582858561 -0.01734263974185934 -0.2657426028137215
0.998 0.1415129371952331 -0.8651946130269372 0.1587864303243762 -0.5999800569825552 -0.01727349312914311 -0.265214556044382
1 0.1417396947084816 -0.8689155863431102 0.1589444533622391 -0.6042269916699169 -0.01720475865375757 -0.2646885946731933
1.002 0.1420091963158948 -0.8726664255343159 0.1591456293673838 -0.6085017191098242 -0.01713643305148899 -0.2641647064244917
1.004 0.1423205630032807 -0.8764468525490294 0.1593890760936117 -0.6128039734306868 -0.01706851309033095 -0.2636428791183426
1.006 0.1426729625838962 -0.8802566608152376 0.1596739581540004 -0.6171335601456245 -0.01700099557010422 -0.263123100669613
1.008 0.1430656095151236 -0.8840957097352995 0.1599994868372056 -0.6214903506482438 -0.01693387732208197 -0.2626053590870557
1.01 0.1434977645192491 -0.8879639196278951 0.1603649197278691 -0.6258742771554919 -0.01686715520862001 -0.2620896424724032
1.012 0.1439687340465945 -0.8918612670877397 0.1607695601693866 -0.6302853280682674 -0.01680082612279219 -0.2615759390194723
1.014 0.1444778696143197 -0.8957877807328074 0.1612127566023505 -0.6347235437195278 -0.01673488698803074 -0.2610642370132796
1.016 0.1450245670494207 -0.8997435373123959 0.1616939018071921 -0.6391890124832301 -0.01666933475777143 -0.2605545248291657
1.018 0.1456082656601344 -0.9037286581504475 0.1622124320752381 -0.6436818672185164 -0.01660416641510365 -0.2600467909319311
1.02 0.1462284473565073 -0.9077433058966811 0.1627678263289325 -0.6482022820217008 -0.01653937897242521 -0.2595410238749802
1.022 0.146884635737819 -0.9117876815652914 0.1633596052089208 -0.652750469265814 -0.01647496947110179 -0.2590372122994774
1.024 0.147576395161863 -0.9158620218362652 0.163987330142994 -0.6573266769027555 -0.01641093498113099 -0.2585353449335098
1.026 0.1483033298081869 -0.9199665966010901 0.1646506024089978 -0.6619311860098283 -0.01634727260081094 -0.2580354105912619
1.028 0.1490650827463832 -0.9241017067320269 0.1653490622027965 -0.6665643085598278 -0.01628397945641336 -0.257537398172199
1.03 0.1498613350176994 -0.92826768205815 0.1660823877195604 -0.6712263853978913 -0.01622105270186099 -0.2570412966602588
1.032 0.15069180473735 -0.9324648795313748 0.1668502942557593 -0.6759177844083216 -0.01615848951840936 -0.2565470951230532
1.034 0.1515562462237004 -0.9366936815667152 0.1676525333380333 -0.680638898855636 -0.01609628711433283 -0.2560547827110792
1.036 0.1524544491588937 -0.940954494543784 0.1684888918835085 -0.6853901458868462 -0.01603444272461482 -0.2555643486569378
1.038 0.1533862377847828 -0.9452477474552258 0.169359191395425 -0.6901719651806634 -0.01597295361064216 -0.2550757822745624
1.04 0.1543514701376646 -0.9495738906907738 0.1702632871975681 -0.6949848177323182 -0.01591181705990347 -0.2545890729584556
1.042 0.1553500373238959 -0.9539333949465911 0.1712010677095876 -0.6998291847636569 -0.01585103038569168 -0.2541042101829343
1.044 0.1563818628383274 -0.9583267502476561 0.1721724537651377 -0.7047055667462722 -0.0157905909268103 -0.253621183501384
1.046 0.1574469019271242 -0.9627544650765788 0.173177397974408 -0.7096144825310586 -0.01573049604728376 -0.2531399825455202
1.048 0.1585451409958906 -0.967217065598323 0.174215884131962 -0.7145564685736637 -0.01567074313607142 -0.2526605970246593
1.05 0.1596765970636514 -0.9717150949737091 0.175287926670437 -0.7195320782487125 -0.01561132960678551 -0.2521830167249967
1.052 0.1608413172634069 -0.9762491127547746 0.1763935701608196 -0.7245418812458813 -0.01555225289741261 -0.2517072315088932
1.054 0.1620393783892984 -0.980819694354727 0.1775328888593373 -0.7295864630405572 -0.01549351047003894 -0.2512332313141699
1.056 0.1632708864904048 -0.9854274305873992 0.178705986300984 -0.7346664244339902 -0.01543509981057915 -0.250761006153409
1.058 0.1645359765111883 -0.9900729272695853 0.179912994939697 -0.7397823811563202 -0.01537701842850872 -0.2502905461132651
1.06 0.1658348119785817 -0.9947568048830456 0.1811540758351815 -0.744934963529264 -0.01531926385659982 -0.2498218413537816
1.062 0.1671675847350125 -0.9994796982889366 0.1824294183856731 -0.7501248161812204 -0.01526183365066059 -0.2493548821077162
1.064 0.1685345147175509 -1.004242256492708 0.1837392401068289 -0.7553525978128359 -0.01520472538927793 -0.2488896586798726
1.066 0.1699358497828495 -1.009045142455299 0.185083786456413 -0.7606189810088585 -0.01514793667356346 -0.2484261614464408
1.068 0.1713718655770691 -1.013889032945379 0.1864633307039721 -0.7659246520910352 -0.01509146512690292 -0.2479643808543434
1.07 0.1728428654512545 -1.018774618432211 0.1878781738459633 -0.7712703110116212 -0.01503530839470874 -0.2475043074205901
1.072 0.174349180421272 -1.023702603013511 0.1893286445654478 -0.7766566712818729 -0.01497946414417582 -0.2470459317316381
1.074 0.1758911691723953 -1.028673704377589 0.1908150992364358 -0.7820844599348288 -0.01492393006404045 -0.2465892444427606
1.076 0.1774692181082271 -1.03368865379591 0.1923379219725694 -0.7875544175184893 -0.01486870386434236 -0.2461342362774212
1.078 0.1790837414438716 -1.038748196145034 0.1938975247200614 -0.7930672981183776 -0.01481378327618983 -0.245680898026656
1.08 0.1807351813432795 -1.043853089954976 0.1954943473948072 -0.798623869406515 -0.01475916605152776 -0.2452292205484613
1.082 0.1824240081005938 -1.049004107482125 0.1971288580635026 -0.8042249127149357 -0.01470484996290876 -0.244779194767189
1.084 0.1841507203659807 -1.054202034806205 0.1988015531692479 -0.8098712231332577 -0.01465083280326715 -0.2443308116729475
1.086 0.1859158454153966 -1.059447671947467 0.2005129578010924 -0.8155636096264562 -0.01459711238569584 -0.2438840623210104
1.088 0.1877199394651439 -1.064741833004712 0.2022636260083699 -0.8213028951734821 -0.01454368654322603 -0.2434389378312296
1.09 0.1895635880312741 -1.070085346312265 0.2040541411598839 -0.8270899169248079 -0.01449055312860981 -0.2429954293874568
1.092 0.1914474063339598 -1.075479054613196 0.2058851163480651 -0.8329255263762269 -0.01443771001410532 -0.2425535282369695
1.094 0.1933720397477649 -1.080923815249871 0.2077571948390298 -0.8388105895599669 -0.01438515509126488 -0.2421132256899043
1.096 0.1953381642980127 -1.086420500369148 0.2096710505687382 -0.8447459872504526 -0.01433288627072556 -0.2416745131186956
1.098 0.1973464872041561 -1.091969997141822 0.2116273886861587 -0.850732615184302 -0.01428090148200257 -0.2412373819575203
1.1 0.199397747470696 -1.097573207995107 0.2136269461439812 -0.8567713842933575 -0.01422919867328517 -0.240801823701749
1.102 0.201492716526655 -1.103231050857362 0.2156704923378902 -0.8628632209499595 -0.01417777581123515 -0.2403678299074022
1.104 0.2036321989146055 -1.108944459414338 0.2177588297953934 -0.8690090672237252 -0.01412663088078788 -0.2399353921906126
1.106 0.2058170330300218 -1.11471438337553 0.2198927949149776 -0.875209881148436 -0.01407576188495576 -0.2395045022270935
1.108 0.2080480919128265 -1.120541788751172 0.2220732587574608 -0.8814666369995595 -0.01402516684463428 -0.2390751517516121
1.11 0.2103262840915194 -1.126427658136997 0.2243011278899297 -0.8877803255795278 -0.01397484379841036 -0.2386473325574692
1.112 0.2126525544819243 -1.132372991007455 0.2265773452842974 -0.894151954511472 -0.01392479080237312 -0.2382210364959831
1.114 0.2150278853423686 -1.138378804017372 0.2289028912722957 -0.9005825485413913 -0.01387500592992704 -0.2377962554759805
1.116 0.2174532972859001 -1.144446131308338 0.2312787845575075 -0.9070731498450464 -0.01382548727160746 -0.2373729814632912
1.118 0.2199298503526574 -1.150576024822547 0.2337060832875556 -0.913624818342297 -0.01377623293489824 -0.2369512064802497
1.12 0.2224586451433295 -1.156769554620558 0.2361858861873813 -0.920238632015358 -0.01372724104405179 -0.2365309226052001
1.122 0.2250408240164574 -1.16302780920376 0.2387193337563688 -0.9269156872317521 -0.01367850973991135 -0.2361121219720083
1.124 0.2276775723514146 -1.169351895839833 0.24130760953115 -0.9336570990702554 -0.01363003717973533 -0.2356947967695771
1.126 0.2303701198796743 -1.175742940890663 0.2439519414166982 -0.9404640016492949 -0.01358182153702394 -0.2352789392413685
1.128 0.2331197420870225 -1.18220209014191 0.2466536030883704 -0.9473375484569807 -0.01353386100134786 -0.234864541684929
1.13 0.2359277616890854 -1.188730509132415 0.2494139154672645 -0.9542789126809935 -0.01348615377817909 -0.2344515964514211
1.132 0.2387955501835081 -1.19532938348343 0.252234248272232 -0.9612892875382706 -0.01343869808872382 -0.2340400959451595
1.134 0.2417245294817413 -1.201999919226002 0.2551160216514986 -0.9683698866028505 -0.01339149216975734 -0.233630032623151
1.136 0.2447161736234922 -1.208743343124867 0.2580607078969532 -0.9755219441302256 -0.013344534273461 -0.2332213989946414
1.138 0.2477720105778179 -1.21556090299847 0.261069833245079 -0.9827467153778057 -0.01329782266726112 -0.232814187620664
1.14 0.2508936241339302 -1.2224538680323 0.2641449797676002 -0.9900454769187039 -0.01325135563366993 -0.2324083911135956
1.142 0.2540826558865446 -1.229423529086002 0.2672877873566729 -0.9974195269492862 -0.0132051314701283 -0.2320040021367156
1.144 0.2573408073188672 -1.236471198990074 0.2704999558077177 -1.004870185586304 -0.01315914848885054 -0.2316010134037695
1.146 0.260669841988538 -1.243598212832307 0.273783247005209 -1.01239879515377 -0.01311340501667097 -0.2311994176785374
1.148 0.2640715878209444 -1.250805928231572 0.2771394872158368 -1.020006720457165 -0.0130678993948924 -0.2307992077744073
1.15 0.2675479395141532 -1.25809572559482 0.2805705694932896 -1.027695349040869 -0.01302262997913636 -0.230400376553951
1.152 0.2711008610620083 -1.265469008358248 0.2840784562012035 -1.035466091429741 -0.01297759513919526 -0.2300029169285068
1.154 0.2747323883998694 -1.272927203207558 0.2876651816587555 -1.043320381349794 -0.0129327932588862 -0.2296068218577642
1.156 0.2784446321790618 -1.28047176027466 0.2913328549149685 -1.051259675925306 -0.0128882227359066 -0.2292120843493543
1.158 0.2822397806765951 -1.2881041533091 0.2950836626582866 -1.059285455850657 -0.01284388198169156 -0.2288186974584435
1.16 0.2861201028460532 -1.295825879819123 0.2989198722673261 -1.067399225531791 -0.0127997694212729 -0.2284266542873317
1.162 0.2900879515170939 -1.303638461179717 0.3028438350102338 -1.075602513194663 -0.01275588349313989 -0.2280359479850546
1.164 0.2941457667504676 -1.311543442703465 0.3068579893995692 -1.083896870956476 -0.01271222264910165 -0.2276465717469896
1.166 0.2982960793565768 -1.319542393669711 0.310964864710728 -1.092283874855245 -0.01266878535415121 -0.2272585188144663
1.168 0.3025415145847395 -1.32763690730593 0.3151670846710706 -1.100765124831549 -0.01262557008633109 -0.2268717824743802
1.17 0.3068847959933507 -1.335828600719075 0.3194673713299513 -1.109342244660265 -0.01258257533660059 -0.2264863560588107
1.172 0.3113287495081482 -1.344119114767658 0.3238685491168528 -1.118016881823015 -0.01253979960870461 -0.2261022329446431
1.174 0.3158763076788606 -1.352510113869648 0.3283735490979046 -1.126790707316454 -0.01249724141904396 -0.2257194065531939
1.176 0.3205305141450414 -1.361003285741126 0.3329854134415887 -1.135665415391286 -0.01245489929654729 -0.2253378703498401
1.178 0.3252945283195965 -1.369600341054199 0.337707300102141 -1.144642723210547 -0.01241277178254447 -0.2249576178436521
1.18 0.3301716303032085 -1.378303013009456 0.3425424877338499 -1.153724370422426 -0.0123708574306415 -0.2245786425870303
1.182 0.3351652260399275 -1.387113056812074 0.3474943808465243 -1.162912118636728 -0.01232915480659685 -0.2242009381753458
1.184 0.3402788527267243 -1.396032249042334 0.3525665152149235 -1.172207750795751 -0.01228766248819925 -0.2238244982465832
1.186 0.3455161844901243 -1.405062386909517 0.3577625635552713 -1.181613070428528 -0.01224637906514695 -0.223449316480989
1.188 0.350881038342538 -1.414205287376883 0.3630863414814664 -1.191129900776162 -0.01220530313892837 -0.2230753866007215
1.19 0.3563773804344353 -1.423462786146896 0.3685418137571394 -1.200760083777391 -0.01216443332270409 -0.2227027023695057
1.192 0.3620093326147648 -1.432836736488913 0.3741331008559551 -1.210505478896623 -0.01212376824119033 -0.2223312575922904
1.194 0.3677811793180065 -1.442329007897913 0.3798644858485501 -1.220367961783004 -0.01208330653054366 -0.2219610461149097
1.196 0.3736973747926569 -1.451941484565131 0.3857404216309041 -1.230349422741384 -0.01204304683824712 -0.221592061823747
1.198 0.3797625506883048 -1.461676063641063 0.3917655385113025 -1.24045176499566 -0.01200298782299766 -0.2212242986454029
1.2 0.3859815240212081 -1.471534653274487 0.3979446521758029 -1.250676902728121 -0.01196312815459481 -0.2208577505463657
1.202 0.3923593055352217 -1.481519170401639 0.4042827720490525 -1.261026758868953 -0.01192346651383077 -0.220492411532686
1.204 0.3989011084794117 -1.491631538263596 0.4107851100717933 -1.271503262613943 -0.01188400159238162 -0.2201282756496535
1.206 0.4056123578219797 -1.501873683624372 0.4174570899146796 -1.282108346642894 -0.01184473209269987 -0.2197653369814776
1.208 0.4124986999226453 -1.512247533661803 0.4243043566505535 -1.292843944010831 -0.01180565672790823 -0.2194035896509714
1.21 0.4195660126861226 -1.522755012499236 0.4313327869078172 -1.303711984679999 -0.01176677422169458 -0.2190430278192375
1.212 0.4268204162188377 -1.533398037342918 0.4385484995270458 -1.31471439165756 -0.01172808330820815 -0.2186836456853581
1.214 0.4342682840155186 -1.544178514190112 0.4459578667474756 -1.325853076704024 -0.01168958273195691 -0.2183254374860876
1.216 0.4419162546966492 -1.555098333061243 0.4535675259443553 -1.337129935565695 -0.01165127124770611 -0.2179683974955482
1.218 0.4497712443272137 -1.566159362717489 0.4613843919475916 -1.348546842692561 -0.01161314762037796 -0.2176125200249285
1.22 0.4578404593401285 -1.577363444810175 0.4694156699650809 -1.360105645387991 -0.01157521062495248 -0.2172577994221849
1.222 0.4661314100917882 -1.588712387407839 0.4776688691381576 -1.371808157336094 -0.01153745904636946 -0.2169042300717459
1.224 0.4746519250802664 -1.600207957845918 0.486151816759698 -1.383656151451698 -0.01149989167943158 -0.2165518063942193
1.226 0.4834101658502952 -1.611851874829074 0.4948726731790037 -1.395651351982971 -0.01146250732870853 -0.2162005228461023
1.228 0.4924146426175862 -1.62364579972 0.5038399474260284 -1.407795425800506 -0.01142530480844228 -0.2158503739194941
1.23 0.5016742306386986 -1.635591326934676 0.5130625135811521 -1.420089972792865 -0.01138828294245345 -0.2155013541418114
1.232 0.5111981873560627 -1.647689973360935 0.5225496279201114 -1.432536515285428 -0.01135144056404865 -0.2151534580755068
1.234 0.5209961703470042 -1.659943166707359 0.5323109468629331 -1.44513648638957 -0.01131477651592894 -0.2148066803177894
1.236 0.5310782561026781 -1.672352232680662 0.5423565457527774 -1.457891217180313 -0.01127828965009925 -0.2144610155003488
1.238 0.5414549596667537 -1.684918380884097 0.5526969384945326 -1.470801922595016 -0.01124197882777887 -0.2141164582890807
1.24 0.5521372551542445 -1.697642689310575 0.5633430980735574 -1.483869685926759 -0.01120584291931295 -0.2137730033838162
1.242 0.5631365971788685 -1.710526087304556 0.5743064779829534 -1.497095441786503 -0.01116988080408491 -0.2134306455180532
1.244 0.5744649432053069 -1.723569336844812 0.5855990345757368 -1.510479957386122 -0.01113409137042991 -0.2130893794586894
1.246 0.5861347768429106 -1.736773011988734 0.5972332503584599 -1.524023811982974 -0.01109847351554927 -0.2127492000057599
1.248 0.5981591320973979 -1.750137476311677 0.6092221582428237 -1.537727374319502 -0.0110630261454258 -0.2124101019921753
1.25 0.6105516185826626 -1.763662858148418 0.6215793667574027 -1.551590777864954 -0.0110277481747401 -0.2120720802834636
1.252 0.6233264476954319 -1.77734902343286 0.6343190862222197 -1.565613893655347 -0.01099263852678782 -0.211735129777513
1.254 0.6364984597439055 -1.791195545913552 0.6474561558773032 -1.579796300509233 -0.01095769613339774 -0.2113992454043195
1.256 0.6500831520122821 -1.805201674499938 0.661006071947133 -1.594137252374203 -0.01092291993485089 -0.2110644221257342
1.258 0.6640967077322083 -1.819366297474187 0.6749850166120087 -1.608635642538972 -0.01088830887980046 -0.210730654935215
1.26 0.6785560259153803 -1.833687903279271 0.6894098878405729 -1.623289964421691 -0.01085386192519259 -0.2103979388575794
1.262 0.6934787519906155 -1.848164537572046 0.7042983300268036 -1.638098268623286 -0.01081957803618812 -0.2100662689487601
1.264 0.7088833091579235 -1.86279375619322 0.7196687653440087 -1.653058115897656 -0.01078545618608514 -0.2097356402955633
1.266 0.7247889303617651 -1.877572573691554 0.7355404257180074 -1.668166525676126 -0.01075149535624235 -0.2094060480154279
1.268 0.7412156907507511 -1.892497406997944 0.7519333852867545 -1.683419919741755 -0.01071769453600336 -0.2090774872561887
1.27 0.7581845404556592 -1.907564013813035 0.7688685931782809 -1.698814060617194 -0.01068405272262174 -0.2087499531958402
1.272 0.7757173374919504 -1.922767425245568 0.7863679064131373 -1.714343984203264 -0.01065056892118691 -0.2084234410423037
1.274 0.793836880533794 -1.938101872191089 0.8044541226783448 -1.730003926157893 -0.01061724214455082 -0.208097946033196
1.276 0.8125669412710639 -1.953560704912313 0.8231510126843193 -1.745787241476713 -0.0105840714132555 -0.2077734634356002
1.278 0.8319322959882332 -1.969136305236133 0.8424833517436945 -1.761686316690294 -0.0105510557554613 -0.2074499885458392
1.28 0.8519587559475308 -1.984819990748737 0.8624769501544068 -1.777692474059486 -0.010518194206876 -0.2071275166892504
1.282 0.8726731960731553 -2.00060191032343 0.8831586818838398 -1.793795867103467 -0.01048548581068457 -0.2068060432199633
1.284 0.8941035813431945 -2.016470930280177 0.9045565109606742 -1.809985366759499 -0.01045292961747983 -0.2064855635206786
1.286 0.9162789901988727 -2.032414510436446 0.9266995148840665 -1.826248437433996 -0.01042052468519379 -0.2061660730024494
1.288 0.9392296341540016 -2.04841856927008 0.9496179042330313 -1.842571002165615 -0.01038827007902966 -0.2058475671044648
1.29 0.9629868726552271 -2.064467337384789 0.9733430375266219 -1.858937296090954 -0.01035616487139478 -0.2055300412938348
1.292 0.9875832220963795 -2.080543198443722 0.9979074302382135 -1.875329707378345 -0.01032420814183403 -0.2052134910653779
1.294 1.013052357697712 -2.096626516710865 1.023344756674676 -1.891728604769455 -0.01029239897696419 -0.2048979119414102
1.296 1.03942910678762 -2.112695450343642 1.049689843258029 -1.908112150872106 -0.01026073647040884 -0.2045832994715362
1.298 1.066749431775738 -2.128725749576371 1.076978651498472 -1.924456100343929 -0.010229219722734 -0.2042696492324421
1.3 1.095050400877388 -2.144690538966878 1.105248248718772 -1.940733582139188 -0.01019784784138452 -0.2039569568276904
1.302 1.124370144351363 -2.160560082924109 1.134536764291984 -1.956914865036592 -0.01016661994062105 -0.203645217887517
1.304 1.154747793713411 -2.176301533818093 1.164883328854868 -1.972967105749464 -0.01013553514145775 -0.2033344280686294
1.306 1.186223401040272 -2.19187866208782 1.196327993611873 -1.988854079033813 -0.01010459257160067 -0.2030245830540073
1.308 1.218837835090942 -2.207251567926018 1.228911626456329 -2.004535889373313 -0.01007379136538669 -0.2027156785527044
1.31 1.252632650578596 -2.222376374346189 1.262675781242319 -2.019968664046536 -0.01004313066372324 -0.202407710299653
1.312 1.287649926449038 -2.237204901711337 1.297662536063066 -2.035104227655868 -0.01001260961402858 -0.2021006740554692
1.314 1.323932068574082 -2.251684324190703 1.333914295944254 -2.049889758584442 -0.009982227370172701 -0.2017945656062605
1.316 1.361521571751115 -2.265756809068717 1.371473554843534 -2.064267428305282 -0.009951983092418897 -0.2014893807634349
1.318 1.400460735365043 -2.279359140411797 1.410382611312409 -2.078174025048285 -0.009921875947365915 -0.2011851153635119
1.32 1.440791326563407 -2.292422329324934 1.450683231671298 -2.091540564056999 -0.009891905107890753 -0.2008817652679353
1.322 1.482554184244705 -2.304871213895993 1.492416253997797 -2.104291887533106 -0.00986206975309202 -0.2005793263628869
1.324 1.525788756683844 -2.316624052979289 1.535621125752078 -2.116346258420187 -0.009832369068233907 -0.200277794559103
1.326 1.57053256516601 -2.327592119229989 1.580335367410701 -2.127614953438298 -0.009802802244690748 -0.1999771657916913
1.328 1.616820585653041 -2.337679298273146 1.626593954132933 -2.138001862253196 -0.009773368479892165 -0.1996774360199507
1.33 1.664684540302909 -2.346781702625085 1.674428607280178 -2.147403101397893 -0.00974406697726877 -0.1993786012271918
1.332 1.714152090619966 -2.354787310975594 1.723866987566165 -2.155706653555034 -0.00971489694619845 -0.199080657420559
1.334 1.765245924284549 -2.361575645713946 1.774931781886502 -2.162792045083091 -0.009685857601953203 -0.198783600630855
1.336 1.817982728269234 -2.36701750413248 1.82763967643488 -2.168530077220114 -0.009656948165646531 -0.1984874269123656
1.338 1.872372041883567 -2.370974761572682 1.882000209747749 -2.172782629229995 -0.009628167864181376 -0.1981921323426874
1.34 1.928414984989397 -2.373300267839097 1.938014500919595 -2.175402554816541 -0.009599515930198596 -0.1978977130225557
1.342 1.986102858829014 -2.373837861465455 1.99567385043104 -2.17623369638978 -0.009570991602025987 -0.197604165075675
1.344 2.045415620057886 -2.372422529767899 2.054958214181513 -2.175111045119348 -0.009542594123627809 -0.1973114846485504
1.346 2.106320232516609 -2.368880745944 2.115834555261164 -2.171861078033679 -0.009514322744554856 -0.1970196679103206
1.348 2.168768906457258 -2.363031017586622 2.178255083177153 -2.16630230653403 -0.009486176719895026 -0.1967287110525922
1.35 2.232697241232587 -2.354684683657157 2.242155396542811 -2.158246073367881 -0.009458155310224411 -0.1964386102892762
1.352 2.298022295125787 -2.343646998879944 2.307452552907346 -2.147497637023519 -0.009430257781558878 -0.1961493618564247
1.354 2.364640615004196 -2.32971854531271 2.374043098409502 -2.13385758330064 -0.00940248340530616 -0.1958609620120699
1.356 2.43242626878656 -2.312697010107232 2.441801100244778 -2.117123603071168 -0.009374831458218425 -0.1955734070360644
1.358 2.501228935254097 -2.292379365631485 2.510576236476442 -2.097092672401562 -0.009347301222345342 -0.1952866932299227
1.36 2.570872118106015 -2.268564482709089 2.580192010091003 -2.073563665792424 -0.009319891984987626 -0.1950008169166642
1.362 2.641151564034394 -2.241056199128029 2.650444167073045 -2.046340424687372 -0.009292603038651042 -0.1947157744406573
1.364 2.711833977207649 -2.209666853271949 2.72109941088865 -2.015235291104484 -0.009265433681000903 -0.1944315621674651
1.366 2.78265613399875 -2.174221276338928 2.791894517213567 -1.980073099855235 -0.009238383214817009 -0.1941481764836928
1.368 2.853324511061333 -2.134561215814623 2.862535962009282 -1.940695602017787 -0.00921145094794905 -0.1938656137968354
1.37 2.923515545377878 -2.090550137801641 2.932700181571151 -1.896966267266513 -0.009184636193272476 -0.1935838705351276
1.372 2.992876645389061 -2.042078326745287 3.002034583657706 -1.848775383597893 -0.009157938268644793 -0.1933029431473947
1.374 3.061028065942621 -1.989068169130306 3.070159422439483 -1.796045341027402 -0.009131356496862315 -0.193022828102905
1.376 3.12756574526906 -1.931479474115592 3.136670635474677 -1.738735952224369 -0.009104890205617354 -0.1927435218912227
1.378 3.192065178097184 -1.869314651094103 3.20114371682464 -1.67684963007204 -0.009078538727455805 -0.1924650210220631
1.38 3.254086364730672 -1.802623534407218 3.263138666130408 -1.610436212382069 -0.009052301399735251 -0.1921873220251483
1.382 3.313179831439549 -1.731507621990579 3.322206009004132 -1.539597200540514 -0.009026177564583369 -0.1919104214500649
1.384 3.368893663843725 -1.65612348119504 3.377893830412582 -1.464489165328919 -0.009000166568856853 -0.1916343158661213
1.386 3.420781434341147 -1.576685074572976 3.429755702105248 -1.385326072710767 -0.008974267764100688 -0.1913590018622085
1.388 3.468410840491413 -1.49346477397227 3.477359320997921 -1.30238029792561 -0.008948480506507869 -0.1910844760466603
1.39 3.511372808118524 -1.406792864925205 3.520295612275404 -1.21598212987809 -0.008922804156879497 -0.1908107350471154
1.392 3.5492907563067 -1.317055395230054 3.558187994387285 -1.126517619719674 -0.008897238080585292 -0.1905377755103804
1.394 3.581829677145463 -1.224690290905096 3.590701458792987 -1.034424696802801 -0.008871781647524489 -0.1902655941022944
1.396 3.6087046567383 -1.130181745648239 3.617551090970387 -0.9401875581406446 -0.008846434232087136 -0.1899941875075945
1.398 3.629688460070033 -1.034052981713113 3.638509655283148 -0.8443294292833317 -0.008821195213115751 -0.1897235524297818
1.4 3.644617823791144 -0.9368575735407544 3.653413887765011 -0.7474038879497643 -0.008796063973867398 -0.1894536855909901
1.402 3.653398148312668 -0.839169612927307 3.662169188214644 -0.6499850291954531 -0.008771039901976106 -0.1891845837318538
1.404 3.656006351667817 -0.7415730681911996 3.664752474057233 -0.552656824579821 -0.008746122389415675 -0.1889162436113786
1.406 3.652491737736367 -0.644650742341546 3.66121304856883 -0.4560020803347342 -0.008721310832462853 -0.1886486620068119
1.408 3.642974833674239 -0.54897326192231 3.6516714383059 -0.3605914262087946 -0.008696604631660866 -0.1883818357135153
1.41 3.627644257353525 -0.4550885259028092 3.636316260545309 -0.2669727643579712 -0.008672003191783314 -0.188115761544838
1.412 3.606751776518684 -0.3635120132146021 3.615399282440483 -0.1756615768826116 -0.008647505921798431 -0.1878504363319905
1.414 3.580605808999807 -0.2747182913081322 3.589228921234641 -0.08713243438421193 -0.008623112234833679 -0.1875858569239203
1.416 3.549563680965851 -0.1891339918430241 3.558162502513992 -0.001811971655836003 -0.008598821548140699 -0.1873220201871881
1.418 3.514023003669056 -0.1071324308209715 3.522597636952116 0.0799264921848738 -0.00857463328306061 -0.1870589230058453
1.42 3.474412546526858 -0.02902995664167821 3.482963093391848 0.1577666056396339 -0.008550546864989638 -0.1867965622813121
1.422 3.431182976857677 0.04491598108777789 3.439709538581022 0.2314509160200353 -0.008526561723345101 -0.1865349349322575
1.424 3.3847978070311 0.114507130454013 3.393300484322632 0.3007811683484919 -0.008502677291531691 -0.1862740378944789
1.426 3.335724843219919 0.1796032590073045 3.344203736226827 0.3656171271280889 -0.008478893006908125 -0.1860138681207844
1.428 3.284428371909227 0.2401197027322759 3.292883580219981 0.4258741253131502 -0.008455208310754083 -0.1857544225808743
1.43 3.231362256554566 0.2960238772919831 3.239793879202804 0.4815195755532083 -0.008431622648237512 -0.1854956982612253
1.432 3.17696405287443 0.3473309995368907 3.185372188342812 0.5325686917018646 -0.008408135468382196 -0.1852376921649739
1.434 3.121650191387566 0.3940992645402719 3.130034937611602 0.5790796658520747 -0.008384746224035691 -0.1849804013118028
1.436 3.065812223296407 0.4364247080273175 3.074173677668244 0.6211485307651434 -0.008361454371837527 -0.1847238227378259
1.438 3.009814082838888 0.4744359593305464 3.018152342211076 0.658903912826023 -0.008338259372187745 -0.1844679534954766
1.44 2.953990286308433 0.508289059408192 2.962305446997649 0.6925018500615868 -0.008315160689215737 -0.1842127906533948
1.442 2.898644965385737 0.5381624849875848 2.906937123176486 0.7221208162839016 -0.00829215779074937 -0.1839583312963168
1.444 2.844051619048133 0.5642524862607134 2.852320869196417 0.7479570587856782 -0.008269250148284422 -0.1837045725249647
1.446 2.790453463122694 0.5867688136132414 2.798699900359649 0.7702203250691788 -0.008246437236954309 -0.1834515114559374
1.448 2.738064257797457 0.6059308801030692 2.746287976332957 0.7891300253246714 -0.008223718535500101 -0.1831991452216022
1.45 2.687069499633488 0.6219643815799546 2.695270593159728 0.8049118525499421 -0.008201093526240821 -0.1829474709699875
1.452 2.637627874348929 0.6350983758202011 2.645806436043973 0.8177948616848771 -0.008178561695044039 -0.1826964858646761
1.454 2.5898728784408 0.645562805827653 2.598029000972097 0.8280089929123526 -0.008156122531296751 -0.1824461870846996
1.456 2.543914530658702 0.6535864402627281 2.552048306186578 0.8357830120871618 -0.008133775527876507 -0.1821965718244338
1.458 2.499841107439901 0.6593951953189174 2.507952627621024 0.8413428326124116 -0.008111520181122855 -0.1819476372934942
1.46 2.457720849137487 0.663210796816139 2.465810205128296 0.8449101775327725 -0.008089355990809028 -0.1816993807166335
1.462 2.417603595833317 0.6652497382370697 2.425670878293431 0.8467015375707087 -0.008067282460113907 -0.1814517993336389
1.464 2.379522322354549 0.6657224893876504 2.387567621450143 0.8469273797868813 -0.008045299095594264 -0.1812048903992308
1.466 2.343494551911403 0.6648329108855733 2.35151795731856 0.8457915620685353 -0.008023405407157251 -0.180958651182962
1.468 2.309523636290168 0.6627778313352936 2.317525237198201 0.8434909103044117 -0.00800160090803316 -0.1807130789691181
1.47 2.277599898109155 0.6597467466100563 2.285579783223904 0.8402149176666746 -0.007979885114748429 -0.1804681710566183
1.472 2.247701637100719 0.6559216037905071 2.255659894647818 0.8361455285494243 -0.007958257547098925 -0.1802239247589172
1.474 2.219796008022008 0.6514766359919691 2.227732725750132 0.8314569733958765 -0.00793671772812346 -0.1799803374039074
1.476 2.193839782653101 0.6465782183515185 2.201755047837179 0.8263156246853414 -0.007915265184077563 -0.1797374063338228
1.478 2.169780012415894 0.6413847198267799 2.177673911860302 0.8208798487319227 -0.007893899444407496 -0.1794951289051428
1.48 2.147554611616497 0.6360463302477365 2.155427231658221 0.8152998327362334 -0.007872620041724527 -0.1792535024884969
1.482 2.127092884029862 0.6307048471730551 2.134944310541641 0.8097173716416258 -0.007851426511779419 -0.1790125244685707
1.484 2.108316017497977 0.6254934125706122 2.116146335891414 0.8042656048146244 -0.007830318393437192 -0.1787721922440122
1.486 2.091137572338257 0.6205361952338114 2.098946867566909 0.79906869846115 -0.007809295228652091 -0.1785325032273386
1.488 2.075463989399328 0.6159480209151247 2.083252345961771 0.7942414757599693 -0.007788356562442808 -0.1782934548448446
1.49 2.061195142515604 0.6118339584754753 2.068962644458472 0.7898890030119861 -0.007767501942867922 -0.1780550445365108
1.492 2.048224957637445 0.6082888765243623 2.055971688558447 0.7861061462802754 -0.007746730921001579 -0.1778172697559132
1.494 2.036442117000895 0.6053969908821836 2.044168160051805 0.7829771188523164 -0.007726043050909392 -0.1775801279701328
1.496 2.025730861258494 0.6032314282540957 2.033436299148119 0.7805750449137627 -0.007705437889624572 -0.1773436166596671
1.498 2.015971895612667 0.6018538353696171 2.023656810609791 0.7789615686879579 -0.007684914997124265 -0.1771077333183408
1.5 2.007043397911061 0.6013140650280357 2.014707871847367 0.7781865404812541 -0.007664473936306131 -0.1768724754532184
1.502 1.998822117732216 0.601649970489379 2.006466232005181 0.7782878110738961 -0.007644114272965124 -0.1766378405845172
1.504 1.991184546366215 0.6028873371944382 1.998808381941986 0.7792911634399584 -0.007623835575770489 -0.1764038262455202
1.506 1.984008128951615 0.6050399756095053 1.991611766367858 0.7812104055919964 -0.007603637416242979 -0.1761704299824912
1.508 1.977172482772482 0.608109991163729 1.984756002141215 0.7840476405183178 -0.007583519368732276 -0.1759376493545888
1.51 1.970560580709046 0.612088237154916 1.978124061719441 0.7877937190886987 -0.007563481010394618 -0.1757054819337827
1.512 1.964059856849622 0.6169549447257037 1.971603378770792 0.7924288700304731 -0.007543521921170646 -0.1754739253047695
1.514 1.957563192942253 0.6226805116046668 1.965086834626017 0.7979234886695564 -0.007523641683763425 -0.1752429770648896
1.516 1.950969749889629 0.6292264194036286 1.958473589773246 0.8042390542276737 -0.007503839883616712 -0.1750126348240452
1.518 1.944185617773951 0.6365462391620447 1.951669733882845 0.8113291353666622 -0.007484116108893373 -0.1747828962046175
1.52 1.937124270287981 0.6445866778008662 1.944588740238435 0.8191404366422531 -0.007464469950454043 -0.1745537588413869
1.522 1.929706823891989 0.6532886151790618 1.937151724893825 0.8276138355605126 -0.007444901001835941 -0.1743252203814508
1.524 1.921862117143052 0.6625880832065154 1.929287526002284 0.8366853616906607 -0.007425408859231919 -0.1740972784841453
1.526 1.913526639806758 0.6724171450432012 1.920932632928228 0.8462870758641657 -0.007405993121469659 -0.1738699308209646
1.528 1.904644352987388 0.682704643436099 1.912031006377379 0.856347818511582 -0.007386653389991098 -0.173643175075483
1.53 1.895166449170236 0.6933768016494338 1.902533838439068 0.8667938105927105 -0.007367389268832018 -0.1734170089432767
1.532 1.885051103743912 0.704357676834336 1.892399304108514 0.8775491069661823 -0.00734820036460183 -0.1731914301318462
1.534 1.874263266800107 0.7155694823205914 1.881592353086571 0.8885359186811307 -0.007329086286463533 -0.1729664363605394
1.536 1.862774535898253 0.7269328103102162 1.870084582544366 0.8996748356706915 -0.007310046646113865 -0.1727420253604753
1.538 1.850563137846822 0.7383667981823768 1.857854218904585 0.9108849930568456 -0.007291081057763634 -0.1725181948744687
1.54 1.837614031633789 0.7497892886487283 1.844886220771907 0.9220842313056827 -0.007272189138118207 -0.1722949426569544
1.542 1.82391912719998 0.7611170355301468 1.831172497706338 0.93318930200406 -0.007253370506358212 -0.1720722664739132
1.544 1.809477597646704 0.7722660026784655 1.816712222430824 0.9441161667812632 -0.00723462478412037 -0.1718501641027977
1.546 1.794296247586551 0.7831517940111825 1.80151219918203 0.9547804273436414 -0.007215951595478541 -0.1716286333324589
1.548 1.778389889330105 0.7936902387307525 1.78558723989703 0.9650979106938258 -0.007197350566924911 -0.1714076719630732
1.55 1.761781672607215 0.8037981391051179 1.768960493934566 0.9749854169111887 -0.007178821327351355 -0.1711872778060708
1.552 1.744503313187024 0.8133941705009995 1.751663676695055 0.9843616191850624 -0.007160363508030981 -0.1709674486840628
1.554 1.726595171025666 0.8223999065550707 1.733737147768266 0.9931480889858419 -0.007141976742599827 -0.1707481824307713
1.556 1.708106138784238 0.8307409282032037 1.715229799451277 1.001270405094161 -0.007123660667038718 -0.1705294768909576
1.558 1.689093315524191 0.8383479651665713 1.696198730443847 1.008659295086924 -0.00710541491965529 -0.170311329920353
1.56 1.669621456523419 0.845158013269659 1.676708695664485 1.015251752655248 -0.007087239141066191 -0.1700937393855886
1.562 1.649762206791231 0.8511153709694514 1.65683133976541 1.020992074133578 -0.007069132974179406 -0.1698767031641267
1.564 1.629593141261788 0.8561725433953293 1.636644237325965 1.025832762539521 -0.007051096064176771 -0.1696602191441919
1.566 1.609196647476477 0.8602909712333696 1.616229775534974 1.029735256458073 -0.007033128058496622 -0.1694442852247032
1.568 1.588658695792503 0.8634415537733278 1.59567392439932 1.032670453088535 -0.007015228606816613 -0.1692288993152069
1.57 1.568067547232624 0.8656049489973988 1.575064944593661 1.034619008333208 -0.006997397361036678 -0.169014059335809
1.572 1.547512450027882 0.8667716473727324 1.554492084003144 1.035571410589841 -0.006979633975262144 -0.1687997632171091
1.574 1.527082373031064 0.8669418287598289 1.534044311136851 1.035527837659963 -0.006961938105786993 -0.1685860089001343
1.576 1.506864818257982 0.8661250226623534 1.513809127669059 1.034497816998627 -0.006944309411077282 -0.1683727943362738
1.578 1.486944746682775 0.8643396002418737 1.493871494234529 1.032499717729088 -0.00692674755175469 -0.1681601174872139
1.58 1.467403642086851 0.8616121318691468 1.474312894277431 1.02956010819402 -0.00690925219058023 -0.1679479763248733
1.582 1.448318728109832 0.8579766465018778 1.45521055110227 1.025713015333217 -0.006891822992438094 -0.1677363688313395
1.584 1.429762344429235 0.8534738291219779 1.436636804053554 1.020999122120783 -0.00687445962431964 -0.1675252929988048
1.586 1.411801479840501 0.8481501903169251 1.418658641595808 1.015464937146429 -0.006857161755307519 -0.1673147468295035
1.588 1.394497453217043 0.8420572383474387 1.401337382273603 1.009161966683088 -0.006839929056559952 -0.1671047283356493
1.59 1.377905728141676 0.8352506792516179 1.384728489342971 1.002145914790991 -0.006822761201295128 -0.1668952355393732
1.592 1.362075843420832 0.8277896652370593 1.368881501285608 0.9944759317097208 -0.006805657864775752 -0.1666862664726615
1.594 1.347051439580645 0.8197361061616137 1.353840058304939 0.9862139253389088 -0.006788618724293716 -0.1664778191772951
1.596 1.332870360669035 0.8111540537177302 1.33964200412819 0.9774239454225188 -0.00677164345915492 -0.1662698917047885
1.598 1.319564810951589 0.8021091631614138 1.326319542702253 0.9681716452777431 -0.00675473175066421 -0.1660624821163293
1.6 1.307161547204322 0.7926682332838135 1.313899430486433 0.9585238217665325 -0.006737883282110458 -0.165855588482719
1.602 1.295682088992483 0.7828988218040891 1.302403186731234 0.9485480306884015 -0.006721097738751756 -0.1656492088843125
1.604 1.285142931413166 0.7728689305166017 1.291847306220967 0.9383122719275621 -0.006704374807800763 -0.1654433414109604
1.606 1.275555747095109 0.7626467523025249 1.282243461273519 0.9278847364644743 -0.006687714178410159 -0.1652379841619495
1.608 1.266927566649706 0.752300470425904 1.273598682191364 0.9173336056718491 -0.006671115541658228 -0.1650331352459451
1.61 1.259260929205046 0.7418980993429141 1.265915507795581 0.9067268921238475 -0.006654578590534577 -0.1648287927809334
1.612 1.252553997042402 0.73150735545065 1.259192100062328 0.896132310344814 -0.006638103019925966 -0.164624954894164
1.614 1.246800630696866 0.721195545727468 1.253422319223468 0.8856171654495612 -0.006621688526602265 -0.1644216197220932
1.616 1.241990423170191 0.7110294620627117 1.248595757979393 0.8752482474730392 -0.006605334809202531 -0.1642187854103276
1.618 1.238108694147074 0.7010752691273007 1.244697735715295 0.8650917192408687 -0.006589041568221213 -0.1640164501135681
1.62 1.235136447326035 0.6913983739980311 1.24170925583203 0.8552129859935853 -0.006572808505994459 -0.1638146119955542
1.622 1.233050296198967 0.6820632663044878 1.239606931525653 0.845676535533497 -0.006556635326686558 -0.1636132692290092
1.624 1.23182236582119 0.6731333185976445 1.238362887557467 0.8365457385932292 -0.006540521736276481 -0.1634124199955847
1.626 1.231420180325196 0.6646705378474451 1.23794464776774 0.8278826003332521 -0.00652446744254456 -0.163212062485807
1.628 1.231806548085506 0.6567352606349761 1.238315020240566 0.8197474555339986 -0.006508472155059255 -0.1630121948990225
1.63 1.232939458480882 0.6493857867365268 1.239431994066046 0.8121986021798715 -0.006492535585164052 -0.1628128154433447
1.632 1.234772006030324 0.642677948428694 1.241248663476289 0.8052918707642943 -0.006476657445964477 -0.1626139223356004
1.634 1.237252359138474 0.636664616086169 1.243713196590789 0.7990801298874463 -0.006460837452315192 -0.1624155138012773
1.636 1.24032379161845 0.6313951444337048 1.246768866939257 0.7936127325081761 -0.006445075320807235 -0.1622175880744713
1.638 1.243924795364942 0.6269147681229907 1.250354166134698 0.7889349115208255 -0.006429370769755351 -0.1620201433978348
1.64 1.247989291771389 0.6232639600537615 1.254403015290575 0.7850871380762862 -0.00641372351918543 -0.1618231780225247
1.642 1.252446957574014 0.6204777707737541 1.258845090864837 0.7821044609819052 -0.00639813329082206 -0.1616266902081511
1.644 1.257223677502596 0.6185851721744026 1.263606277310672 0.7800158503971292 -0.006382599808076174 -0.1614306782227266
1.646 1.262242131388301 0.617608433094284 1.268609254184334 0.7788435734368997 -0.006367122796032819 -0.1612351403426157
1.648 1.267422517139396 0.6175625579676436 1.273774219120835 0.7786026328201279 -0.006351701981439003 -0.1610400748524842
1.65 1.27268340345337 0.6184548217549175 1.279019740546062 0.7793003018001675 -0.006336337092691669 -0.16084548004525
1.652 1.277942697528861 0.6202844346166521 1.284263725388686 0.7809357888386853 -0.006321027859825762 -0.1606513542220332
1.654 1.283118703902509 0.6230423676827659 1.289424477917011 0.7835000633748729 -0.006305774014502388 -0.1604576956921069
1.656 1.2881312415224 0.6267113665088421 1.294421816812397 0.7869758692816909 -0.006290575289997087 -0.1602645027728488
1.658 1.292902778080723 0.6312661713336811 1.299178209501912 0.7913379451233736 -0.006275431421188189 -0.1600717737896926
1.66 1.297359534360861 0.6366739531758147 1.303619876505407 0.7965534602518942 -0.006260342144545285 -0.1598795070760796
1.662 1.301432507772656 0.6428949626355782 1.307677814970774 0.8025826636089898 -0.006245307198117779 -0.1596877009734115
1.664 1.305058364069496 0.6498833747588296 1.31128869039102 0.8093797285898323 -0.006230326321523543 -0.1594963538310027
1.666 1.30818014998646 0.65758829950801 1.314395549242398 0.8168937635140434 -0.006215399255937676 -0.1593054640060334
1.668 1.310747787320322 0.6659549145071413 1.316948313064403 0.8250699443706438 -0.006200525744081334 -0.1591150298635025
1.67 1.312718320549647 0.6749256660413783 1.318904026079858 0.8338507158175602 -0.006185705530210674 -0.1589250497761819
1.672 1.314055904744058 0.6844414769713595 1.320226843104163 0.8431769990959292 -0.006170938360105882 -0.1587355221245698
1.674 1.31473153720767 0.6944428972143922 1.32088776118873 0.8529893425112373 -0.006156223981060292 -0.158546445296845
1.676 1.314722553632146 0.704871134275159 1.320864115774016 0.8632289519639812 -0.006141562141869596 -0.1583578176888222
1.678 1.314011926047923 0.715668908101358 1.320138878640744 0.8738385458052639 -0.006126952592821149 -0.1581696377039059
1.68 1.312587414072232 0.7267810858875918 1.318699809157915 0.8847629896406383 -0.006112395085683346 -0.1579819037530465
1.682 1.310440631558002 0.7381550675375596 1.316538520931697 0.8959496817922548 -0.006097889373695118 -0.1577946142546952
1.684 1.307566096803893 0.7497409100987907 1.313649532015448 0.9073486777335511 -0.006083435211555477 -0.1576077676347603
1.686 1.303960335429081 0.7614911982331973 1.310029367784494 0.9189125605597607 -0.006069032355413175 -0.1574213623265633
1.688 1.299621100724547 0.7733606861104559 1.305675781287404 0.9305960828812508 -0.00605468056285644 -0.1572353967707949
1.69 1.294546767133634 0.785305752614003 1.300587146726537 0.9423556220294758 -0.006040379592902797 -0.1570498694154727
1.692 1.288735939176785 0.7972837251013142 1.294762068382774 0.9541485038172115 -0.006026129205988962 -0.1568647787158973
1.694 1.282187301696086 0.8092521361923107 1.288199230860047 0.9659322593269212 -0.006011929163960849 -0.1566801231346104
1.696 1.27489971898477 0.8211679824577475 1.280897498214834 0.9776638835990997 -0.005997779230063619 -0.1564959011413523
1.698 1.2668725716015 0.8329870531680359 1.272856250770432 0.9892991643810554 -0.005983679168931839 -0.1563121112130194
1.7 1.258106301835484 0.8446633915048334 1.264075930582063 1.000792143338457 -0.005969628746579721 -0.1561287518336235
1.702 1.248603123241634 0.8561489402694372 1.254558750972025 1.012094761763686 -0.00595562773039142 -0.1559458214942492
1.704 1.238367837576304 0.8673934099895639 1.244309513465416 1.023156728682578 -0.005941675889111438 -0.1557633186930137
1.706 1.227408694736428 0.87834439048459 1.233336467729263 1.033925632419615 -0.005927772992835081 -0.1555812419350253
1.708 1.215738228528166 0.8889477087691517 1.221652147341165 1.044347298501495 -0.005913918812999019 -0.1553995897323434
1.71 1.203374003425203 0.8991480180829232 1.209274116547575 1.054366378686861 -0.005900113122371898 -0.1552183606039376
1.712 1.190339214659232 0.908889586283547 1.196225570354277 1.063927139359195 -0.005886355695045053 -0.1550375530756481
1.714 1.176663095337669 0.9181172381692695 1.182535741644092 1.072974403849415 -0.005872646306423268 -0.1548571656801458
1.716 1.162381098742302 0.9267773965053422 1.168240083475517 1.081454593462235 -0.005858984733215646 -0.1546771969568931
1.718 1.147534840208365 0.9348191613393175 1.153380210961792 1.089316806791422 -0.005845370753426522 -0.1544976454521041
1.72 1.132171799586307 0.9421953667424138 1.138003603732654 1.09651387646112 -0.005831804146346464 -0.1543185097187064
1.722 1.116344800823686 0.9488635582516707 1.12216308551623 1.103003346567973 -0.005818284692543343 -0.1541397883163021
1.724 1.100111298459879 0.9547868422604148 1.105916110633732 1.108748322071544 -0.005804812173853487 -0.1539614798111294
1.726 1.083532510890344 0.9599345694999808 1.089323897263717 1.113718152276005 -0.00579138637337288 -0.1537835827760245
1.728 1.066672446575462 0.9642828273672338 1.07245045365091 1.117888923157618 -0.005778007075448469 -0.1536060957903839
1.73 1.049596871855573 0.9678147289763609 1.055361545921243 1.121243746416487 -0.005764674065669497 -0.1534290174401266
1.732 1.032372267918007 0.9705204993311437 1.038123655048866 1.123772845648801 -0.005751387130858946 -0.1532523463176569
1.734 1.015064820287888 0.9723973700229708 1.020802966346953 1.125473451044798 -0.005738146059065032 -0.1530760810218272
1.736 0.997739477779784 0.9734493026915572 1.003464428419337 1.126349522849458 -0.005724950639552755 -0.1529002201579013
1.738 0.9804591099263352 0.9736865678221739 0.9861709105891308 1.126411330159692 -0.005711800662795543 -0.1527247623375177
1.74 0.963283783382215 0.9731252092029057 0.9689824793026819 1.125674915381559 -0.005698695920466944 -0.1525497061786535
1.742 0.9462701693675559 0.9717864257194428 0.9519558055729883 1.124161476025031 -0.005685636205432391 -0.1523750503055881
1.744 0.9294710864792582 0.9696959014460971 0.9351437077909993 1.121896694794964 -0.005672621311741035 -0.1522007933488672
1.746 0.9129351765404744 0.9668831126566969 0.918594827575092 1.118910046601965 -0.00565965103461764 -0.1520269339452677
1.748 0.8967067058235991 0.9633806368961794 0.9023534309940536 1.115234107633941 -0.005646725170454535 -0.151853470737762
1.75 0.880825480057429 0.9592234850951404 0.8864593235742326 1.110903887470623 -0.005633843516803656 -0.151680402375483
1.752 0.8653268590316858 0.9544484732808359 0.8709478649040544 1.105956200794525 -0.005621005872368607 -0.1515077275136892
1.754 0.850241855243042 0.9490936460710967 0.8558500672800388 1.100429090884827 -0.005608212036996843 -0.1513354448137302
1.756 0.8355973006690727 0.9431977600829075 0.8411927624807445 1.094361313025919 -0.005595461811671851 -0.1511635529430118
1.758 0.821416066199628 0.9367998318000432 0.8269988211981335 1.087791882375006 -0.005582754998505452 -0.1509920505749628
1.76 0.8077173192945504 0.9299387514316424 0.8132874106952805 1.080759687820642 -0.005570091400730115 -0.150820936389
1.762 0.7945168068512602 0.9226529618533709 0.8000742776739516 1.073303170923866 -0.005557470822691367 -0.1506502090704952
1.764 0.7818271519130693 0.9149801998802292 0.7873720449829096 1.065460067190971 -0.005544893069840247 -0.1504798673107414
1.766 0.7696581545565759 0.9069572957810239 0.7751905125053018 1.057267205587944 -0.005532357948725813 -0.1503099098069198
1.768 0.7580170889876593 0.8986200260765616 0.7635369542546471 1.048760361338628 -0.005519865266987733 -0.1501403352620663
1.77 0.7469089904617442 0.8900030141780435 0.7524164052950931 1.039974156563083 -0.005507414833348906 -0.1499711423850394
1.772 0.7363369270672574 0.8811396732310514 0.7418319335248655 1.030942003121538 -0.005495006457608157 -0.149802329890487
1.774 0.7263022526682353 0.8720621855868131 0.7317848926188684 1.021696082085627 -0.005482639950632989 -0.1496338964988142
1.776 0.7168048383518271 0.8628015135238206 0.7222751534761794 1.012267354459972 -0.005470315124352382 -0.1494658409361513
1.778 0.707843280607671 0.8533874361803885 0.7133013123994206 1.00268559811471 -0.005458031791749664 -0.1492981619343216
1.78 0.6994150851520676 0.8438486080286178 0.704860874918923 0.9929794662594279 -0.005445789766855423 -0.1491308582308101
1.782 0.6915168258515908 0.8342126346386307 0.6969504147163312 0.9831765632073621 -0.005433588864740485 -0.1489639285687314
1.784 0.6841442785978336 0.8245061618866152 0.6895657074993425 0.9733035335834143 -0.005421428901508932 -0.148797371696799
1.786 0.6772925302585229 0.8147549751255271 0.6827018399528141 0.9633861614948208 -0.005409309694291205 -0.1486311863692937
1.788 0.6709560630244079 0.8049841051805313 0.6763532940856452 0.9534494765265643 -0.005397231061237219 -0.148465371346033
1.79 0.6651288145753892 0.7952179383061277 0.6705140073968988 0.9435178636984682 -0.005385192821509569 -0.1482999253923404
1.792 0.6598042145487598 0.7854803274451648 0.6651774093440366 0.9336151747241797 -0.005373194795276764 -0.1481348472790148
1.794 0.6549751978193444 0.7757947022970902 0.6603364346230509 0.9237648380793905 -0.00536123680370653 -0.1479701357823002
1.796 0.6506341951059432 0.7661841757635752 0.6559835137749024 0.9139899654474312 -0.00534931866895915 -0.1478057896838559
1.798 0.646773101434384 0.7566716443678216 0.652110541648565 0.9043134521385479 -0.005337440214180872 -0.1476418077707262
1.8 0.6433832230183436 0.7472798801860675 0.648708824281841 0.8947580690213787 -0.005325601263497349 -0.1474781888353112
1.802 0.6404552031905029 0.7380316117285077 0.64576900483251 0.8853465434038447 -0.005313801642007157 -0.1473149316753369
1.804 0.6379789281412623 0.7289495910468378 0.6432809693170377 0.8761016261406638 -0.005302041175775327 -0.147152035093826
1.806 0.6359434134221886 0.7200566441503538 0.6412337331140155 0.8670461420494229 -0.005290319691826959 -0.1469894978990691
1.808 0.634336672456699 0.7113757016013968 0.6396153094748399 0.8582030205059922 -0.005278637018140872 -0.1468273189045953
1.81 0.6331455686925703 0.7029298059312293 0.6384125616762136 0.8495953028603733 -0.005266992983643293 -0.146665496929144
1.812 0.6323556535424749 0.6947420923277638 0.6376110409606766 0.8412461231243998 -0.005255387418201623 -0.146504030796636
1.814 0.6319509928970831 0.6868357388909928 0.6371948130497014 0.833178658227138 -0.005243820152618212 -0.1463429193361452
1.816 0.6319139857736119 0.6792338826954077 0.6371462767922361 0.8254160440772783 -0.005232291018624222 -0.1461821613818706
1.818 0.6322251795704901 0.6719594979771784 0.6374459794193635 0.8179812537502866 -0.005220799848873506 -0.1460217557731082
1.82 0.6328630874346852 0.6650352330121614 0.6380724339116218 0.8108969343663849 -0.005209346476936551 -0.1458617013542234
1.822 0.6338040143741345 0.6584832027509351 0.6390019451114289 0.8041851997255582 -0.005197930737294459 -0.1457019969746232
1.824 0.6350218999442793 0.6523247350474165 0.6402084524096122 0.797867376536145 -0.00518655246533298 -0.1455426414887286
1.826 0.6364881865111942 0.6465800694571868 0.6416633980085308 0.7919637032131346 -0.005175211497336585 -0.1453836337559478
1.828 0.6381717231979247 0.6412680090825597 0.6433356308684073 0.7864929817232085 -0.00516390767048259 -0.1452249726406488
1.83 0.6400387165194937 0.6364055278771625 0.645191357342329 0.7814721848892954 -0.005152640822835321 -0.1450666570121329
1.832 0.6420527392898882 0.6320073381728393 0.6471941500832284 0.7769160239174465 -0.005141410793340321 -0.1449086857446072
1.834 0.6441748095027965 0.6280854259182339 0.6493050269246151 0.7728364836353927 -0.005130217421818606 -0.1447510577171588
1.836 0.6463635503766529 0.6246485641703624 0.6514826109256139 0.7692423359840906 -0.005119060548960966 -0.1445937718137282
1.838 0.648575441474859 0.6217018185956465 0.6536833814911813 0.7661386455187296 -0.005107940016322306 -0.144436826923083
1.84 0.6507651686468221 0.6192460619417242 0.6558620243131381 0.7635262838805159 -0.005096855666316015 -0.1442802219387918
1.842 0.6528860773757038 0.6172775173899874 0.6579718847179122 0.761401473149186 -0.005085807342208423 -0.1441239557591987
1.844 0.654890729988862 0.6157873530759763 0.6599655248769752 0.7597553803633733 -0.005074794888113236 -0.143968027287397
1.846 0.6567315621345177 0.6147613515667428 0.6617953802835037 0.7585737869979473 -0.005063818148986073 -0.1438124354312044
1.848 0.6583616281664051 0.6141796783612564 0.663414505137024 0.7578368574643934 -0.005052876970618998 -0.1436571791031371
1.85 0.6597354189051574 0.6140167722620578 0.6647773901047925 0.7575190294824422 -0.005041971199635131 -0.1435022572203845
1.852 0.660809729091917 0.61424137753087 0.6658408297754003 0.7575890462356547 -0.005031100683483261 -0.1433476687047846
1.854 0.6615445462296934 0.6148167330272559 0.6665648115001259 0.758010145510055 -0.005020265270432545 -0.143193412482799
1.856 0.6619039279711108 0.6157009271217049 0.666913392780678 0.7587404146071928 -0.005009464809567196 -0.1430394874854879
1.858 0.6618568323258092 0.6168474193552413 0.6668555314765904 0.7597333120037272 -0.00499869915078126 -0.1428858926484859
1.86 0.6613778641698641 0.6182057210667031 0.6663658323146375 0.7609383479786801 -0.00498796814477339 -0.142732626911977
1.862 0.6604479031672114 0.6197222181615626 0.6654251748102531 0.7623019073822338 -0.004977271643041691 -0.1425796892206712
1.864 0.6590545823449943 0.6213411105875417 0.6640211918428729 0.7637681891113215 -0.004966609497878584 -0.1424270785237797
1.866 0.6571925930465913 0.6230054356914504 0.662148574608957 0.7652802294664417 -0.00495598156236572 -0.1422747937749913
1.868 0.6548638004028832 0.6246581371447666 0.6598091880932521 0.7667809710772149 -0.004945387690368921 -0.1421228339324483
1.87 0.6520771631797209 0.6262431380910685 0.6570119909162541 0.7682143360497919 -0.004934827736533169 -0.1419711979587235
1.872 0.6488484620884077 0.6277063768866734 0.6537727636446854 0.7695262617074691 -0.004924301556277627 -0.1418198848207956
1.874 0.6451998505291713 0.6289967663037899 0.650113659534962 0.7706656597938172 -0.004913809005790699 -0.1416688934900273
1.876 0.6411592504740787 0.6300670420997995 0.6460626004161039 0.7715852650419401 -0.004903349942025131 -0.1415182229421407
1.878 0.6367596231031659 0.630874473914237 0.6416525473258591 0.7722423460714322 -0.004892924222693123 -0.1413678721571952
1.88 0.6320381484326513 0.6313814198833443 0.6369206801389128 0.7725992600029084 -0.004882531706261525 -0.1412178401195641
1.882 0.6270353502979437 0.6315557153792299 0.6319075225498907 0.7726238411971422 -0.004872172251947026 -0.1410681258179123
1.884 0.6217942027304777 0.6313708951492497 0.6266560484501891 0.7722896233944229 -0.00486184571971139 -0.1409187282451732
1.886 0.6163592512638537 0.6308062561760324 0.6212108032341105 0.7715759025745588 -0.004851551970256745 -0.1407696463985264
1.888 0.6107757784538083 0.6298467752983149 0.6156170693188291 0.7704676545776905 -0.004841290865020878 -0.1406208792793756
1.89 0.6050890374478164 0.6284829006987832 0.609920099713989 0.7689553265921093 -0.004831062266172591 -0.1404724258933261
1.892 0.5993435713424464 0.6267102396498221 0.6041644373790535 0.7670345248999849 -0.004820866036607074 -0.1403242852501628
1.894 0.5935826298588802 0.6245291664583693 0.5983933318988215 0.7647056228221979 -0.004810702039941319 -0.1401764563638286
1.896 0.58784768898922 0.6219443745449027 0.5926482591297296 0.7619733127973048 -0.004800570140509567 -0.1400289382524021
1.898 0.5821780740487119 0.6189643953100215 0.5869685442520707 0.758846125248098 -0.004790470203358785 -0.1398817299380765
1.9 0.5766106822367376 0.615601104204464 0.5813910843309817 0.7553359346516018 -0.004780402094244185 -0.1397348304471377
1.902 0.5711797974502022 0.6118692315538988 0.5759501631298269 0.751457470363842 -0.004770365679624767 -0.1395882388099432
1.904 0.5659169877254228 0.6077858925116096 0.5706773485520816 0.7472278465725102 -0.004760360826658896 -0.1394419540609006
1.906 0.5608510742285352 0.6033701472639514 0.5656014616317351 0.7426661225023982 -0.004750387403199915 -0.1392959752384468
1.908 0.5560081600576178 0.598642599516835 0.5607486053354096 0.7377929009018617 -0.004740445277791792 -0.1391503013850267
1.91 0.5514117071108355 0.5936250384706455 0.5561422414305003 0.7326299700177185 -0.004730534319664787 -0.1390049315470729
1.912 0.5470826497686095 0.5883401270469295 0.5518033041673407 0.7271999918219139 -0.004720654398731161 -0.1388598647749843
1.914 0.543039534975895 0.5828111370991241 0.5477503403614759 0.7215262372222301 -0.004710805385580922 -0.1387151001231059
1.916 0.5392986793715022 0.5770617307195743 0.5439996665229798 0.7156323673692828 -0.004700987151477585 -0.1385706366497085
1.918 0.5358743352773339 0.5711157855329574 0.5405655348456878 0.7095422589499254 -0.004691199568353971 -0.138426473416968
1.92 0.5327788585466067 0.5649972609823498 0.5374603010554148 0.7032798704732951 -0.004681442508808044 -0.1382826094909453
1.922 0.5300228724161348 0.5587301020397831 0.5346945882622336 0.6968691459813497 -0.004671715846098768 -0.1381390439415666
1.924 0.5276154225589161 0.5523381764272183 0.5322774420130582 0.6903339522698213 -0.004662019454141996 -0.1379957758426031
1.926 0.5255641194773333 0.5458452412789663 0.5302164726848396 0.6836980455506172 -0.00465235320750639 -0.1378528042716509
1.928 0.523875265187522 0.5392749351632746 0.5285179821689314 0.6769850634733866 -0.004642716981409378 -0.137710128310112
1.93 0.5225539618317604 0.5326507914362076 0.5271870724834735 0.6702185384793818 -0.00463311065171312 -0.1375677470431742
1.932 0.5216042004194251 0.5259962690345005 0.5262277345143457 0.6634219285942923 -0.00462353409492053 -0.1374256595597918
1.934 0.5210289283506406 0.5193347969452635 0.5256429155388119 0.6566186618979297 -0.004613987188171305 -0.1372838649526662
1.936 0.5208300947441116 0.512689828719824 0.5254345645533496 0.6498321910380509 -0.004604469809237986 -0.1371423623182268
1.938 0.5210086728774167 0.5060849035139635 0.5256036547139388 0.6430860542705753 -0.004594981836522067 -0.1370011507566118
1.94 0.5215646592936394 0.4995437101893799 0.5261501824426895 0.636403939561029 -0.004585523149050099 -0.1368602293716491
1.942 0.5224970493371883 0.4930901510378354 0.5270731429636581 0.6298097483086732 -0.004576093626469853 -0.1367195972708378
1.944 0.5238037890896315 0.4867484016431277 0.528370482238678 0.6233276552084567 -0.004566693149046493 -0.136579253565329
1.946 0.5254817038971978 0.4805429633093115 0.5300390254948566 0.6169821606792188 -0.004557321597658776 -0.1364391973699073
1.948 0.5275264039474347 0.474498704338138 0.53207438280123 0.6107981321411107 -0.004547978853795291 -0.1362994278029727
1.95 0.5299321676777513 0.4686408862571743 0.534470832477302 0.6048008302436957 -0.004538664799550713 -0.1361599439865214
1.952 0.5326918042096033 0.4629951708977545 0.5372211835272254 0.5990159159438826 -0.004529379317622094 -0.1360207450461281
1.954 0.5357964965247566 0.4575876040043193 0.5403166188160617 0.593469434115247 -0.004520122291305169 -0.1358818301109277
1.956 0.5392356277401371 0.4524445708771256 0.5437465213446279 0.5881877691907226 -0.004510893604490696 -0.1357431983135969
1.958 0.5429965936261245 0.447592719415425 0.5474982867677853 0.5831975682057619 -0.004501693141660825 -0.1356048487903369
1.96 0.547064605448928 0.4430588459022096 0.5515571262368135 0.5785256265830642 -0.004492520787885483 -0.1354667806808546
1.962 0.5514224882950596 0.4388697389983935 0.5559058647238784 0.5741987321267392 -0.004483376428818795 -0.1353289931283457
1.964 0.5560504812638543 0.4350519777427645 0.5605247412145498 0.5702434630222413 -0.004474259950695513 -0.1351914852794767
1.966 0.5609260472337474 0.4316316799652563 0.5653912184740749 0.5666859362496236 -0.004465171240327507 -0.1350542562843673
1.968 0.566023701309745 0.4286341984532646 0.5704798114948453 0.5635515037498378 -0.004456110185100232 -0.1349173052965732
1.97 0.5713148684271984 0.4260837635607763 0.5757619451001676 0.5608643950338446 -0.004447076672969258 -0.1347806314730683
1.972 0.5767677818740958 0.4240030727289323 0.5812058524665527 0.5586473067031604 -0.004438070592456809 -0.1346442339742281
1.974 0.5823474355323981 0.4224128296625161 0.5867765273650464 0.5569209416263283 -0.004429091832648326 -0.1345081119638122
1.976 0.5880156033026478 0.4213312386622929 0.5924357435858368 0.5557035032712404 -0.004420140283189062 -0.1343722646089475
1.978 0.5937309393048387 0.4207734628130311 0.5981421551391194 0.5550101538931419 -0.00441121583428069 -0.1342366910801108
1.98 0.5994491718303854 0.4207510582891961 0.6038514902070633 0.5548524488403089 -0.004402318376677948 -0.1341013905511129
1.982 0.60512340251329 0.4212714007986771 0.6095168503149753 0.5552377629977578 -0.004393447801685291 -0.1339663621990807
1.984 0.6107045196449457 0.4223371239244906 0.6150891236460992 0.5561687291289324 -0.004384604001153586 -0.1338316052044418
1.986 0.6161417308467007 0.423945592552826 0.6205175177141775 0.5576427113037331 -0.004375786867476819 -0.1336971187509071
1.988 0.621383215485709 0.4260884373453641 0.6257502117792978 0.5596513393708189 -0.004366996293588814 -0.1335629020254548
1.99 0.6263768913032283 0.4287511779441141 0.6307351234761883 0.5621801321624282 -0.004358232172960009 -0.1334289542183141
1.992 0.631071282995362 0.4319129629059517 0.6354207773949562 0.5652082374289005 -0.004349494399594212 -0.1332952745229487
1.994 0.635416473272037 0.4355464529156666 0.6397572561400624 0.5687083150517077 -0.00434078286802541 -0.1331618621360411
1.996 0.6393651097421506 0.4396178703824207 0.6436972072154652 0.5726465866398966 -0.004332097473314598 -0.133028716257476
1.998 0.6428734344123117 0.4440872330024582 0.6471968725233583 0.5769830690927833 -0.004323438111046612 -0.132895836090325
2 0.6459022973013522 0.4489087813685441 0.6502171019786792 0.5816720022093748 -0.004314804677326996 -0.1327632208408306
2.002 0.648418112310326 0.4540316015745278 0.6527243093791049 0.5866624712929178 -0.004306197068778899 -0.1326308697183901
2.004 0.6503937125693736 0.4594004335345653 0.6546913277519136 0.5918992154701054 -0.004297615182539976 -0.1324987819355401
2.006 0.6518090643840738 0.4649566451709967 0.6560981233003331 0.5973236018789382 -0.004289058916259322 -0.1323669567079415
2.008 0.6526518037199455 0.4706393425765545 0.6569323318880399 0.6028747358309178 -0.004280528168094428 -0.1322353932543632
2.01 0.6529175667094363 0.4763865776160302 0.6571895895461445 0.6084906684126976 -0.004272022836708151 -0.1321040907966674
2.012 0.6526100954663011 0.4821366080208482 0.6568736382875668 0.6141096565806421 -0.004263542821265707 -0.1319730485597939
2.014 0.6517411117941421 0.4878291614545485 0.6559961998155738 0.6196714272262935 -0.004255088021431693 -0.131842265771745
2.016 0.6503299632709566 0.4934066546561709 0.6545766216083237 0.6251183963197416 -0.004246658337367113 -0.1317117416635707
2.018 0.6484030576822394 0.4988153216181462 0.6526413113519658 0.6303967970874997 -0.00423825366972645 -0.1315814754693535
2.02 0.6459931119291186 0.5040062105261169 0.6502229858487732 0.63545767695231 -0.004229873919654727 -0.131451466426193
2.022 0.6431382495709062 0.5089360173139099 0.6473597685596908 0.640257731088102 -0.004221518988784615 -0.1313217137741922
2.024 0.6398809865520102 0.5135677333567843 0.6440941753312437 0.6447599501132257 -0.004213188779233542 -0.1311922167564414
2.026 0.6362671471673618 0.5178710951817529 0.6404720303609626 0.6489340698007576 -0.004204883193600841 -0.1310629746190047
2.028 0.632344752006293 0.521822834210301 0.6365413541412579 0.6527568208212057 -0.004196602134964896 -0.1309339866109047
2.03 0.6281629168031411 0.5254067337309906 0.6323512623100214 0.6562119857150991 -0.004188345506880323 -0.1308052519841085
2.032 0.6237707963376981 0.5286135079063066 0.6279509095510732 0.6592902778998194 -0.004180113213375165 -0.1306767699935129
2.034 0.6192166013992533 0.5314405233143743 0.6233885065582014 0.6619890632113045 -0.004171905158948113 -0.1305485398969302
2.036 0.6145467100199624 0.5338913871531559 0.6187104312685281 0.6643119481082299 -0.004163721248565722 -0.130420560955074
2.038 0.609804887317556 0.5359754278701094 0.6139604487052157 0.6662682603016549 -0.004155561387659695 -0.1302928324315455
2.04 0.6050316218867522 0.5377070938448143 0.6091790473688763 0.6678724474376326 -0.004147425482124114 -0.1301653535928184
2.042 0.6002635811234801 0.5391052942087349 0.6044028945617929 0.6691434179169607 -0.004139313438312773 -0.1300381237082259
2.044 0.5955331834243794 0.540192703304104 0.5996644085874159 0.6701038453540502 -0.004131225163036451 -0.1299111420499462
2.046 0.5908682819529457 0.5409950471109423 0.5949914425165059 0.6707794550039315 -0.004123160563560267 -0.1297844078929893
2.048 0.5862919526289817 0.541540386561398 0.5904070721765827 0.6711983070765803 -0.004115119547601002 -0.1296579205151823
2.05 0.5818223780374447 0.541858409364473 0.5859294800607693 0.6713900885616298 -0.004107102023324483 -0.1295316791971568
2.052 0.577472818920701 0.5419797390393513 0.581571926820044 0.6713854222616856 -0.004099107899342952 -0.1294056832223344
2.054 0.5732516655732577 0.5419352674903282 0.5773428026579701 0.6712151993672422 -0.004091137084712467 -0.1292799318769139
2.056 0.5691625625721315 0.5417555157663989 0.5732457520610618 0.6709099402162565 -0.00408318948893032 -0.1291544244498575
2.058 0.5652046016010621 0.5414700266818815 0.5692798666229946 0.670499186914759 -0.004075265021932478 -0.1290291602328775
2.06 0.5613725784194598 0.5411067927056674 0.5654399420135507 0.6700109312260906 -0.00406736359409102 -0.1289041385204231
2.062 0.5576573110853369 0.5406917228848314 0.5617167962015485 0.6694710814944985 -0.004059485116211625 -0.1287793586096672
2.064 0.5540460171697354 0.5402481534168118 0.5580976466692665 0.668902973217305 -0.004051629499531036 -0.1286548198004932
2.066 0.5505227477631258 0.539796407657567 0.5545665444188405 0.6683269290530491 -0.004043796655714588 -0.1285305213954821
2.068 0.5470688754864793 0.5393534126343326 0.551104861983333 0.667759875334232 -0.004035986496853705 -0.1284064626998994
2.07 0.5436636324377113 0.5389323802923276 0.5476918313731748 0.6672150233140099 -0.004028198935463455 -0.1282826430216823
2.072 0.5402846920912601 0.5385425624997392 0.5443051259757401 0.666701624171166 -0.004020433884480088 -0.1281590616714268
2.074 0.536908786722844 0.5381890890355014 0.5409214779801027 0.6662248069978765 -0.004012691257258619 -0.128035717962375
2.076 0.5335123491637567 0.5378728971921872 0.537517320131327 0.6657855084025897 -0.004004970967570404 -0.1279126112104024
2.078 0.5300721648499683 0.5375907601074372 0.5340694377795691 0.6653805008414427 -0.003997272929600751 -0.1277897407340055
2.08 0.5265660175382466 0.5373354184398924 0.5305556145961932 0.6650025242941814 -0.00398959705794653 -0.1276671058542889
2.082 0.5229733100469567 0.5370958165902765 0.5269552533145705 0.6646405224852298 -0.003981943267613814 -0.1275447058949532
2.084 0.5192756402519781 0.5368574404946036 0.5232499517259936 0.664279980676886 -0.003974311474015525 -0.1274225401822824
2.086 0.5154573126044917 0.5366027493757375 0.5194240141974608 0.6639033574208691 -0.003966701592969106 -0.1273006080451316
2.088 0.5115057667817715 0.5363116890883992 0.5154648803224657 0.6634905979033142 -0.003959113540694191 -0.1271789088149149
2.09 0.50741190778275 0.5359622702608189 0.5113634550165603 0.6630197120864121 -0.003951547233810317 -0.1270574418255933
2.092 0.5031703257246594 0.535531190745246 0.5071143283139939 0.662467397158908 -0.00394400258933462 -0.1269362064136619
2.094 0.4987793985232134 0.5349944793173345 0.502715878047893 0.6618096812354737 -0.003936479524679582 -0.1268152019181392
2.096 0.4942412761876802 0.5343281363907091 0.4981702541453309 0.6610225640712627 -0.003928977957650754 -0.1266944276805536
2.098 0.4895617511716549 0.5335087478735632 0.4934832489780994 0.6600826309184957 -0.003921497806444528 -0.1265738830449326
2.1 0.4847500246232651 0.5325140501798253 0.488664063612911 0.658967617537616 -0.003914038989645903 -0.1264535673577907
2.102 0.4798183830353439 0.5313234276347445 0.4837249844615702 0.6576569076028619 -0.003906601426226276 -0.1263334799681174
2.104 0.4747818033519154 0.529918327790543 0.4786809883874567 0.6561319480179086 -0.003899185035541239 -0.1262136202273657
2.106 0.4696575068235367 0.5282825850968547 0.4735492965608651 0.6543765725862949 -0.003891789737328404 -0.1260939874894403
2.108 0.464464482725475 0.5264026485195712 0.4683488981771802 0.6523772296302575 -0.003884415451705222 -0.1259745811106863
2.11 0.4592230025287329 0.524267713666829 0.4631000646278998 0.6501231141167065 -0.003877062099166845 -0.1258554004498776
2.112 0.4539541434117348 0.5218697643968733 0.4578238730123187 0.6476062092650786 -0.003869729600583969 -0.1257364448682053
2.114 0.4486793373885053 0.5192035324942336 0.452541755265706 0.6448212462235001 -0.003862417877200722 -0.1256177137292666
2.116 0.4434199591175564 0.516266386651877 0.4472750859681889 0.6417655930509301 -0.003855126850632538 -0.1254992063990531
2.118 0.4381969619534937 0.513058163634505 0.4420448183963578 0.6384390858804452 -0.003847856442864077 -0.1253809222459402
2.12 0.4330305683047244 0.5095809551783941 0.4368711748809715 0.6348438158190692 -0.003840606576247118 -0.1252628606406752
2.122 0.4279400170985333 0.5058388640072674 0.4317733942720318 0.6309838849636341 -0.003833377173498509 -0.1251450209563667
2.124 0.4229433683057796 0.501837741497365 0.4267695364634777 0.6268651440658383 -0.003826168157698098 -0.1250274025684732
2.126 0.4180573621420279 0.4975849181702254 0.4218763415943146 0.622494923025018 -0.003818979452286696 -0.1249100048547925
2.128 0.4132973287897911 0.4930889365323202 0.4171091397708552 0.6178817637277706 -0.003811810981064038 -0.1247928271954503
2.13 0.4086771432675433 0.4883592939742123 0.4124818059357301 0.6130351629471021 -0.003804662668186781 -0.1246758689728899
2.132 0.4042092193523561 0.4834062016249143 0.4080067537905226 0.6079653311967749 -0.00379753443816648 -0.1245591295718605
2.134 0.3999045361869781 0.4782403633482636 0.4036949624028457 0.6026829717276714 -0.003790426215867621 -0.1244426083794077
2.136 0.3957726912729947 0.4728727775309131 0.3995560291995003 0.5971990823157748 -0.003783337926505623 -0.1243263047848617
2.138 0.3918219738835645 0.4673145629869475 0.3955982433792095 0.5915247811667748 -0.003776269495644889 -0.1242102181798272
2.14 0.388059453453338 0.4615768092313981 0.3918286743025348 0.5856711571895709 -0.003769220849196836 -0.1240943479581728
2.142 0.3844910781281847 0.455670450515881 0.3882532700416026 0.5796491440319012 -0.003762191913417982 -0.1239786935160202
2.144 0.3811217793418524 0.4496061624024212 0.3848769619567604 0.5734694166541556 -0.003755182614907992 -0.1238632542517344
2.146 0.377955578973493 0.4433942792085844 0.3817037718541008 0.5671423087744968 -0.003748192880607785 -0.1237480295659124
2.148 0.3749956962985221 0.4370447304002097 0.3787369189363197 0.5606777492615834 -0.00374122263779762 -0.1236330188613737
2.15 0.3722446525522601 0.4305669938686047 0.3759789243663553 0.5540852154117542 -0.003734271814095217 -0.1235182215431495
2.152 0.3697043714671629 0.4239700640070688 0.3734317118046168 0.5473737010255414 -0.003727340337453865 -0.1234036370184726
2.154 0.3673762746141985 0.4172624325606787 0.3710967027503591 0.5405516972574461 -0.003720428136160577 -0.1232892646967674
2.156 0.3652613707765565 0.4104520803289711 0.3689749059153907 0.5336271843186109 -0.003713535138834222 -0.1231751039896398
2.158 0.3633603389092491 0.4035464779562962 0.3670670001836728 0.5266076322671628 -0.003706661274423692 -0.1230611543108665
2.16 0.3616736045018764 0.3965525942137664 0.3653734109740824 0.5195000092901526 -0.003699806472206065 -0.1229474150763862
2.162 0.3602014093653735 0.389476910354529 0.3638943800271583 0.5123107960588175 -0.003692970661784804 -0.1228338857042884
2.164 0.3589438750196363 0.3823254393116312 0.3626300287927243 0.5050460049264356 -0.003686153773087934 -0.1227205656148044
2.166 0.357901059970357 0.3751037486765282 0.3615804157067233 0.4977112029068254 -0.00367935573636626 -0.1226074542302972
2.168 0.3570730112408131 0.3678169865682263 0.3607455877230047 0.4903115375434777 -0.003672576482191578 -0.1224945509752514
2.17 0.3564598105723678 0.3604699096444682 0.3601256265138227 0.4828517649207322 -0.003665815941454913 -0.122381855276264
2.172 0.3560616157332488 0.3530669126570598 0.3597206897786135 0.4753362792190942 -0.003659074045364751 -0.1222693665620344
2.174 0.3558786973823874 0.3456120590631512 0.3595310481078327 0.4677691433265062 -0.003652350725445294 -0.1221570842633549
2.176 0.3559114719297539 0.3381091123193609 0.3595571178432886 0.4601541201324619 -0.003645645913534725 -0.122045007813101
2.178 0.3561605308174282 0.3305615675822286 0.3597994903592117 0.4524947042284506 -0.003638959541783486 -0.121933136646222
2.18 0.3566266666240944 0.3229726836096227 0.360258958166747 0.4447941538093544 -0.003632291542652551 -0.1218214701997317
2.182 0.3573108963654034 0.3153455147390249 0.3609365382143151 0.4370555226517235 -0.003625641848911735 -0.1217100079126986
2.184 0.3582144823326631 0.3076829428744989 0.3618334927263011 0.4292816921007356 -0.003619010393637997 -0.1215987492262367
2.186 0.3593389507788177 0.2999877094593848 0.3629513478890315 0.4214754030428814 -0.003612397110213761 -0.1214876935834966
2.188 0.3606861087246216 0.2922624474676143 0.3642919106569468 0.4136392878972698 -0.003605801932325233 -0.1213768404296556
2.19 0.362258059126185 0.2845097134691336 0.3658572839201458 0.4057759026810424 -0.003599224793960761 -0.1212661892119087
2.192 0.3640572146067217 0.2767320198686454 0.3676498802361309 0.3978877592481052 -0.003592665629409165 -0.1211557393794598
2.194 0.3660863099247815 0.2689318674333164 0.3696724342980396 0.3899773578168286 -0.00358612437325811 -0.1210454903835122
2.196 0.3683484133134377 0.2611117782573346 0.3719280142738302 0.3820472199345941 -0.003579600960392474 -0.1209354416772596
2.198 0.370846936793047 0.2532743293243637 0.3744200321190397 0.3740999220402408 -0.003573095325992728 -0.1208255927158772
2.2 0.373585645527103 0.2454221868457937 0.3771522529326363 0.3661381298023064 -0.003566607405533328 -0.1207159429565126
2.202 0.3765686662526148 0.2375581415755582 0.3801288033873959 0.3581646334338355 -0.003560137134781121 -0.1206064918582774
2.204 0.3798004947868118 0.2296851453041393 0.3833541792366056 0.3501823841863765 -0.003553684449793747 -0.1204972388822372
2.206 0.3832860025702672 0.2218063487574579 0.3868332518571853 0.3421945322488622 -0.003547249286918078 -0.1203881834914043
2.208 0.3870304421733725 0.2139251411287643 0.3905712737561611 0.3342044662794917 -0.003540831582788625 -0.1202793251507275
2.21 0.3910394516517987 0.2060451914812026 0.3945738829261247 0.326215854808287 -0.00353443127432601 -0.1201706633270843
2.212 0.3953190575930803 0.1981704922708001 0.3988471058918157 0.3182326897600722 -0.003528048298735389 -0.120062197489272
2.214 0.3998756766538828 0.1903054052379757 0.4033973592473878 0.3102593323459747 -0.003521682593504938 -0.119953927107999
2.216 0.4047161153332681 0.1824547099267216 0.4082314494296724 0.3023005615825977 -0.003515334096404305 -0.119845851655876
2.218 0.4098475676815911 0.1746236550785457 0.4133565704270742 0.2943616256859538 -0.003509002745483104 -0.1197379706074081
2.22 0.415277610575194 0.1668180131607974 0.4187802990542634 0.286448296599783 -0.003502688479069397 -0.1196302834389856
2.222 0.4210141961331134 0.1590441382650268 0.4245105873688816 0.2785669278939029 -0.003496391235768202 -0.1195227896288761
2.224 0.427065640774568 0.1513090276068849 0.430555751729028 0.2707245162641005 -0.00349011095445999 -0.1194154886572156
2.226 0.4334406103390843 0.1436203868383477 0.4369244579133835 0.2629287668443486 -0.003483847574299218 -0.1193083800060009
2.228 0.4401481006109189 0.1359866993451463 0.4436257016456318 0.2551881625042267 -0.003477601034712848 -0.1192014631590804
2.23 0.4471974124925648 0.1284172996704386 0.4506687837679637 0.2475120372725851 -0.003471371275398887 -0.1190947376021464
2.232 0.4545981209714268 0.1209224511502795 0.4580632792077518 0.2399106539730064 -0.003465158236324931 -0.1189882028227269
2.234 0.4623600369250336 0.113513427768718 0.4658189987827603 0.232395286078895 -0.003458961857726724 -0.1188818583101769
2.236 0.4704931606835018 0.1062026001644476 0.4739459427636085 0.2249783037201187 -0.003452782080106717 -0.1187757035556711
2.238 0.4790076261607301 0.09900352559583719 0.4824542450049627 0.2176732636480322 -0.003446618844232652 -0.118669738052195
2.24 0.4879136342329233 0.0919310415418349 0.4913541063240594 0.2104950028363722 -0.003440472091136128 -0.1185639612945373
2.242 0.4972213739261747 0.0850013624380349 0.5006557156882859 0.2034597352173169 -0.00343434176211121 -0.118458372779282
2.244 0.5069409298443105 0.07823217884730933 0.5103691576430235 0.1965851508521093 -0.003428227798713012 -0.1183529720048
2.246 0.5170821741593515 0.07164275810939827 0.5205043043021078 0.1898905165806397 -0.00342213014275632 -0.1182477584712415
2.248 0.5276546413876384 0.06525404521795956 0.5310706901239526 0.1833967768984876 -0.0034160487363142 -0.118142731680528
2.25 0.5386673840871037 0.05908876233050864 0.5420773676088203 0.1771266534668535 -0.00340998352171663 -0.1180378911363449
2.252 0.5501288075789527 0.05317150490159268 0.5535327420205017 0.1711047412457254 -0.003403934441549124 -0.1179332363441327
2.254 0.5620464817863517 0.04752883197046649 0.5654443832250031 0.1653575987815469 -0.003397901438651387 -0.1178287668110804
2.256 0.5744269283558217 0.04218934759705521 0.5778188128119376 0.1599138296431722 -0.003391884456115961 -0.117724482046117
2.258 0.5872753813758288 0.03718376984281457 0.5906612648131156 0.1548041514027189 -0.003385883437286881 -0.1176203815599043
2.26 0.6005955202508275 0.03254498304400916 0.6039754185765859 0.150061447908838 -0.003379898325758353 -0.1175164648648289
2.262 0.6143891736847908 0.02830806840458056 0.6177631027501642 0.1457207998795754 -0.003373929065373414 -0.1174127314749948
2.264 0.628655994264896 0.0245103071945231 0.6320239698651187 0.1418194881007391 -0.003367975600222634 -0.117309180906216
2.266 0.6433931038763377 0.02119115006971463 0.6467551417509806 0.1383969627457233 -0.003362037874642792 -0.1172058126760087
2.268 0.6585947111494657 0.01839214527433795 0.6619508269826813 0.135494771577922 -0.003356115833215592 -0.117102626303584
2.27 0.6742517033404959 0.0161568177992545 0.6776019127612622 0.1331564391090949 -0.003350209420766355 -0.1169996213098404
2.272 0.6903512165679696 0.01453049098431665 0.6936955351503323 0.1314272882016732 -0.003344318582362752 -0.1168967972173565
2.274 0.706876190108312 0.01356004166705878 0.7102146333716256 0.1303541952174423 -0.003338443263313513 -0.1167941535503835
2.276 0.7238049125932703 0.0132935798578972 0.7271374960024375 0.1299852696927354 -0.003332583409167172 -0.1166916898348382
2.278 0.741110570329421 0.01378004419600858 0.7444373092951317 0.1303694497943037 -0.003326738965710792 -0.1165894055982951
2.28 0.7587608106545841 0.01506870519527739 0.7620817205335528 0.1315560055652575 -0.003320909878968731 -0.1164873003699801
2.282 0.7767173360825651 0.0172085696801092 0.7800324321777665 0.1335939433608714 -0.003315096095201378 -0.1163853736807622
2.284 0.7949355479021374 0.02024768195030542 0.7982448454630413 0.1365313070134529 -0.003309297560903934 -0.1162836250631474
2.286 0.8133642607440876 0.02423232021520648 0.8166677749668928 0.1404143742664773 -0.003303514222805164 -0.1161820540512708
2.288 0.8319455121179649 0.0292060908058412 0.835243258145831 0.1452867509867312 -0.003297746027866192 -0.11608066018089
2.29 0.8506144928473489 0.03520892763216411 0.8539064857706282 0.1511883706215416 -0.003291992923279273 -0.1159794429893775
2.292 0.8692996253735806 0.04227601030098679 0.8725858802300472 0.1581544123167011 -0.003286254856466593 -0.1158784020157143
2.294 0.8879228166027431 0.05043662110002879 0.8912033483778221 0.1662141579005115 -0.003280531775079066 -0.1157775368004827
2.296 0.9063999101485949 0.05971296848508725 0.90967473377559 0.1753898153709465 -0.003274823626995145 -0.1156768468858592
2.298 0.9246413589340923 0.07011901237444822 0.9279104892944119 0.185695344190056 -0.003269130360319629 -0.1155763318156078
2.3 0.942553133077728 0.08165933398132791 0.9458165850011105 0.1971353251164008 -0.003263451923382496 -0.1154759911350729
2.302 0.9600378695271989 0.09432809942825918 0.9632956577919367 0.2097039238194319 -0.003257788264737718 -0.1153758243911727
2.304 0.976996259168417 0.1081081712711813 0.9802483985015792 0.2233840024035737 -0.003252139333162111 -0.1152758311323924
2.306 0.9933286543604575 0.1229704245002849 0.9965751594381116 0.238146435409062 -0.003246505077654168 -0.1151760109087771
2.308 1.008936865607788 0.1388733228328718 1.012177751055221 0.2539496861047975 -0.003240885447432915 -0.1150763632719257
2.31 1.023726101254768 0.1557628065421162 1.026961381646705 0.2707396943170996 -0.003235280391936762 -0.1149768877749834
2.312 1.037606989737001 0.1735725342823163 1.040836679597823 0.2884501182549521 -0.003229689860822375 -0.1148775839726358
2.314 1.05049761137497 0.1922245083505223 1.053721725178933 0.3070029597716243 -0.003224113803963537 -0.1147784514211019
2.316 1.062325457273163 0.2116300959429724 1.065544009444613 0.3263095856210999 -0.003218552171450038 -0.1146794896781275
2.318 1.073029227840671 0.2316914390685435 1.076242232754258 0.3462721373715221 -0.003213004913586544 -0.1145806983029786
2.32 1.082560383806113 0.2523032241822626 1.085767855787005 0.3667853010386977 -0.003207471980891503 -0.1144820768564352
2.322 1.090884368875812 0.2733547608917234 1.094086322199908 0.3877383857925078 -0.00320195332409603 -0.1143836249007844
2.324 1.097981435448115 0.2947322991398476 1.101177884342257 0.4090176411396618 -0.003196448894142825 -0.1142853419998142
2.326 1.103847022392231 0.3163214977900495 1.107037981034416 0.4305087255088567 -0.003190958642185067 -0.1141872277188072
2.328 1.108491655706461 0.3380099461930254 1.111677138226047 0.4520992278175591 -0.003185482519585349 -0.1140892816245337
2.33 1.11194036718071 0.3596896350873937 1.115120387658625 0.4736811383726397 -0.003180020477914587 -0.113991503285246
2.332 1.114231651079991 0.3812592746569456 1.117406223548941 0.495153166927617 -0.003174572468950962 -0.1138938922706714
2.334 1.115416002352747 0.4026263655602769 1.118585140797426 0.5164228137122835 -0.003169138444678847 -0.1137964481520066
2.336 1.115554100100058 0.4237089424146161 1.118717818457345 0.537408112916527 -0.003163718357287761 -0.1136991705019109
2.338 1.114714715648583 0.4444369272941733 1.117873027807755 0.5580389861886734 -0.003158312159171305 -0.1136020588945002
2.34 1.112972434646105 0.4647530516288895 1.116125354449031 0.5782581645342302 -0.003152919802926132 -0.1135051129053407
2.342 1.11040528687742 0.484613326635845 1.113552828118771 0.5980216587472881 -0.003147541241350896 -0.1134083321114431
2.344 1.107092376287626 0.5039870635437611 1.110234552715071 0.6172987796350169 -0.003142176427445233 -0.1133117160912558
2.346 1.10311159774071 0.522856463867039 1.106248423055118 0.6360717282916983 -0.003136825314408721 -0.1132152644246594
2.348 1.098537517435406 0.5412158159870069 1.101669005291046 0.6543347926799672 -0.003131487855639874 -0.1131189766929604
2.35 1.093439481830968 0.5590703467146795 1.096565645835703 0.6720931991935645 -0.003126164004735117 -0.113022852478885
2.352 1.087880006613328 0.5764347852698732 1.091000860328816 0.6893616766364468 -0.003120853715487788 -0.1129268913665735
2.354 1.081913483648029 0.5933317024780512 1.085029040589916 0.7061627954196251 -0.003115556941887128 -0.1128310929415739
2.356 1.075585230804004 0.6097896904183995 1.078695504442122 0.7225251472092357 -0.003110273638117296 -0.1127354567908361
2.358 1.068930897454517 0.6258414479466783 1.072035901213073 0.7384814304493845 -0.003105003758556364 -0.1126399825027063
2.36 1.061976227566092 0.6415218359778754 1.065075974823868 0.7540665056447957 -0.00309974725777535 -0.1125446696669204
2.362 1.054737172529035 0.65686596378647 1.057831676619572 0.7693154816610689 -0.003094504090537226 -0.1124495178745989
2.364 1.047220337083515 0.6719073641173855 1.050309611295311 0.7842618908356261 -0.003089274211795956 -0.1123545267182406
2.366 1.039423733587224 0.6866763108192545 1.042507791163919 0.7989360066109714 -0.00308405757669552 -0.1122596957917169
2.368 1.031337812226983 0.7011983279981195 1.034416666367551 0.8133633526883859 -0.003078854140568965 -0.1121650246902663
2.37 1.022946727478198 0.7154929341122536 1.026020391337136 0.8275634471227415 -0.003073663858937435 -0.112070513010488
2.372 1.014229794188604 0.7295726578142502 1.017298280876113 0.8415488181645872 -0.003068486687509235 -0.111976160350337
2.374 1.005163080344155 0.7434423543439008 1.008226402926334 0.8553243206530188 -0.00306332258217888 -0.1118819663091179
2.376 0.9957210782470449 0.7570988418193829 0.9987792497460711 0.8688867723068622 -0.00305817149902616 -0.1117879304874793
2.378 0.9858783920611979 0.7705308657702926 0.988931425455513 0.882224918257701 -0.003053033394315199 -0.1116940524874083
2.38 0.9756113780222916 0.7837193880003223 0.9786592862467851 0.8953197199125472 -0.00304790822449354 -0.111600331912225
2.382 0.9648996746315845 0.7966381828338859 0.9679424705777757 0.9081449512004623 -0.003042795946191213 -0.1115067683665764
2.384 0.9537275642515589 0.8092547106701821 0.9567652607677788 0.9206680721266138 -0.003037696516219825 -0.1114133614564317
2.386 0.9420851148360168 0.8215312264858177 0.9451177247275884 0.9328513372748937 -0.003032609891571643 -0.111320110789076
2.388 0.929969060896777 0.8334260704350086 0.9329965969261957 0.9446530864081139 -0.003027536029418694 -0.1112270159731052
2.39 0.9173833957328998 0.8448950798826015 0.9204058706200117 0.956029156501022 -0.003022474887111857 -0.1111340766184206
2.392 0.9043396615966742 0.8558930578681325 0.9073570880188542 0.9669343502043557 -0.003017426422179978 -0.1110412923362232
2.394 0.8908569398199352 0.8663752324894359 0.8938693304122641 0.9773238952284443 -0.003012390592328966 -0.1109486627390084
2.396 0.876961557795105 0.8762986451755018 0.8799689251505459 0.9871548326160627 -0.003007367355440926 -0.1108561874405609
2.398 0.8626865429992616 0.8856234129056183 0.8656888996688349 0.9963872789615671 -0.003002356669573258 -0.1107638660559488
2.4 0.8480708649814868 0.8943138195272654 0.8510682234744446 1.004985517728784 -0.002997358492957802 -0.1106716982015189
2.402 0.8331585137328695 0.9023392034783522 0.8361508865168695 1.012918886973243 -0.002992372783999957 -0.1105796834948907
2.404 0.8179974667887976 0.9096746223735751 0.8209848662900754 1.020162443928527 -0.002987399501277818 -0.1104878215549519
2.406 0.8026385977662438 0.9163012880185584 0.8056210363697851 1.026697400020411 -0.002982438603541321 -0.1103961120018526
2.408 0.7871345761818688 0.9222067774711807 0.7901120662315801 1.032511331928181 -0.002977490049711382 -0.1103045544570001
2.41 0.7715388028928799 0.9273850360505437 0.774511356691759 1.037598184593598 -0.002972553798879052 -0.1102131485430541
2.412 0.7559044181157358 0.9318361961638414 0.7588720479260405 1.041958090047763 -0.002967629810304674 -0.1101218938839211
2.414 0.7402834105045587 0.9355662412646892 0.7432461285479758 1.045597031369439 -0.002962718043417034 -0.1100307901047495
2.416 0.7247258469646307 0.9385865471942444 0.7276836654224432 1.048526384026169 -0.00295781845781254 -0.1099398368319246
2.418 0.7092792344209641 0.9409133337984286 0.7122321654342184 1.050762367491491 -0.002952931013254377 -0.1098490336930628
2.42 0.6939880171179605 0.942567058456932 0.6969360727876323 1.05232543877394 -0.002948055669671697 -0.1097583803170078
2.422 0.6788932066088537 0.943571780414505 0.6818363989960124 1.053239656748329 -0.002943192387158782 -0.1096678763338242
2.424 0.6640321364918548 0.9439545210826705 0.666970477617829 1.053532042457464 -0.002938341125974245 -0.1095775213747934
2.426 0.6494383302708107 0.943744641185889 0.6523718321173508 1.053231956258297 -0.002933501846540205 -0.1094873150724082
2.428 0.6351414683550877 0.9429732511653959 0.6380701428645291 1.052370508225764 -0.002928674509441486 -0.1093972570603681
2.43 0.6211674389972666 0.941672666924095 0.6240912980726914 1.050980013897669 -0.00292385907542482 -0.109307346973574
2.432 0.6075384577423543 0.9398759190139243 0.6104575132477523 1.049093503462048 -0.002919055505398041 -0.1092175844481236
2.434 0.5942732404825231 0.9376163198832312 0.5971875042429523 1.046744289004538 -0.002914263760429297 -0.1091279691213063
2.436 0.581387216258809 0.9349270908822014 0.5842967000605552 1.0439655915138 -0.002909483801746267 -0.1090385006315985
2.438 0.5688927673893518 0.9318410483879854 0.5717974829800871 1.040790227006644 -0.00290471559073536 -0.1089491786186586
2.44 0.5567994860896761 0.928390346637716 0.559699445178617 1.037250349361038 -0.002899959088940962 -0.1088600027233223
2.442 0.5451144384394361 0.9246062735870753 0.5480096526975007 1.033377246174673 -0.002895214258064637 -0.1087709725875976
2.444 0.5338424281712435 0.9205190952875111 0.5367329092312079 1.029201183142171 -0.002890481059964371 -0.1086820878546603
2.446 0.5229862542972199 0.916157943812374 0.5258720137538737 1.024751291981223 -0.002885759456653799 -0.1085933481688491
2.448 0.5125469579632805 0.9115507435936105 0.515428007373582 1.020055496769271 -0.002881049410301455 -0.1085047531756609
2.45 0.5025240551290793 0.9067241710831542 0.5054004060123093 1.0151404736049 -0.002876350883229994 -0.1084163025217459
2.452 0.4929157527033005 0.9017036428682496 0.495787416541216 1.010031638723153 -0.002871663837915464 -0.1083279958549033
2.454 0.483719146608712 0.896513327692855 0.4865861348456985 1.004753160516931 -0.002866988236986538 -0.1082398328240764
2.456 0.4749304009377228 0.8911761782258031 0.4777927249809466 0.9993279913051508 -0.002862324043223779 -0.1081518130793477
2.458 0.4665449078892649 0.8857139788347973 0.4694025791088238 0.9937779151067323 -0.002857671219558898 -0.108063936271935
2.46 0.4585574285766707 0.880147406049509 0.4614104583057447 0.988123608103695 -0.002853029729074022 -0.1079762020541861
2.462 0.4509622150869014 0.8744960988058611 0.4538106146219024 0.9823847088854356 -0.002848399535000951 -0.1078886100795745
2.464 0.4437531143571581 0.8687787359423088 0.4465968949578785 0.9765798959450039 -0.002843780600720447 -0.1078011600026951
2.466 0.4369236545566646 0.8630131187624152 0.4397628274464261 0.9707269702416743 -0.002839172889761493 -0.1077138514792591
2.468 0.4304671147062917 0.8572162567694313 0.4333016910720923 0.9648429409355214 -0.002834576365800591 -0.1076266841660901
2.47 0.4243765782856949 0.8514044549355861 0.4272065692783559 0.9589441126567054 -0.002829990992661033 -0.1075396577211192
2.472 0.4186449715441095 0.8455934010622218 0.4214703882784217 0.9530461728656026 -0.002825416734312196 -0.1074527718033807
2.474 0.4132650871870167 0.8397982519433586 0.4160859407418855 0.9471642780163663 -0.002820853554868836 -0.1073660260730077
2.476 0.4082295940527427 0.8340337171511667 0.4110458954713331 0.9413131373423942 -0.002816301418590381 -0.1072794201912275
2.478 0.4035310333285823 0.8283141393166078 0.4063427936184625 0.9355070931369651 -0.002811760289880235 -0.1071929538203573
2.48 0.3991618018056274 0.8226535697992475 0.4019690319389125 0.9297601964230475 -0.002807230133285081 -0.1071066266238
2.482 0.3951141226316298 0.8170658386182188 0.397916833545124 0.9240862768842585 -0.002802710913494188 -0.1070204382660396
2.484 0.3913800040061227 0.8115646174507236 0.3941782066014614 0.9184990058633608 -0.002798202595338732 -0.1069343884126371
2.486 0.3879511862805911 0.806163474422722 0.3907448914243822 0.9130119511529476 -0.002793705143791098 -0.1068484767302257
2.488 0.3848190779829854 0.8008759192926891 0.3876082965069497 0.9076386221791962 -0.002789218523964215 -0.1067627028865072
2.49 0.381974681395182 0.7957154375004567 0.3847594240962928 0.9023925040507038 -0.002784742701110868 -0.1066770665502471
2.492 0.3794085084732615 0.7906955114085226 0.3821887861138845 0.8972870787997934 -0.002780277640623036 -0.1065915673912709
2.494 0.377110488133614 0.7858296269253952 0.3798863114416452 0.8923358320058544 -0.002775823308031216 -0.1065062050804593
2.496 0.3750698662271248 0.7811312635801488 0.3778412458961286 0.8875522428698933 -0.002771379669003763 -0.1064209792897445
2.498 0.3732750999031774 0.7766138660329088 0.3760420465925237 0.8829497557250146 -0.002766946689346224 -0.1063358896921057
2.5 0.3717137485228874 0.7722907949842852 0.3744762728578881 0.8785417309458502 -0.00276252433500069 -0.106250935961565
2.502 0.3703723638135922 0.7681752555048559 0.3731304763856373 0.8743413732780392 -0.00275811257204513 -0.1061661177731833
2.504 0.3692363825564352 0.7642802009812379 0.3719900939231279 0.870361635784294 -0.002753711366692751 -0.1060814348030561
2.506 0.3682900257499699 0.760618211190793 0.3710393464352612 0.8666150979191025 -0.002749320685291348 -0.1059968867283095
2.508 0.367516208864422 0.7572013435101226 0.3702611493587447 0.8631138167372185 -0.002744940494322661 -0.1059124732270959
2.51 0.3668964684609096 0.7540409569585512 0.3696370392213114 0.8598691509371414 -0.002740570760401739 -0.1058281939785902
2.512 0.3664109110395687 0.7511475096979068 0.369147122489845 0.8568915583608923 -0.002736211450276296 -0.1057440486629855
2.514 0.3660381904424347 0.7485303317705603 0.3687700529732608 0.8541903687320495 -0.002731862530826093 -0.1056600369614892
2.516 0.3657555203905826 0.7461973762492543 0.3684830443596449 0.8517735348055733 -0.002727523969062294 -0.105576158556319
2.518 0.3655387286988944 0.7441549535740043 0.3682619244310212 0.849647366704703 -0.002723195732126853 -0.1054924131306987
2.52 0.3653623592984551 0.7424074556065431 0.368081237085747 0.8478162559753977 -0.002718877787291884 -0.1054088003688546
2.522 0.3651998273231589 0.7409570777583792 0.3679143974251179 0.8462823977143903 -0.002714570101959051 -0.1053253199560112
2.524 0.3650236311212909 0.739803549325959 0.3677339037649498 0.8450455209043464 -0.002710272643658945 -0.1052419715783873
2.526 0.3648056230999369 0.7389438837454906 0.3675116084799874 0.8441026386686831 -0.00270598538005048 -0.1051587549231925
2.528 0.3645173388030513 0.7383721616865117 0.3672190470819716 0.8434478313651341 -0.002701708278920279 -0.1050756696786225
2.53 0.3641303806362451 0.7380793605506961 0.3668278219444271 0.8430720760845521 -0.002697441308182072 -0.104992715533856
2.532 0.3636168493007658 0.7380532438483133 0.3663100337366418 0.8429631360273636 -0.002693184435876096 -0.1049098921790504
2.534 0.3629498124911546 0.7382783229390862 0.3656387501213231 0.8431055222444243 -0.002688937630168498 -0.104827199305338
2.536 0.3621037969994206 0.7387359016530954 0.3647884978587714 0.8434805382579179 -0.002684700859350733 -0.1047446366048224
2.538 0.3610552873517184 0.7394042113315352 0.3637357614435573 0.8440664151021097 -0.002680474091838984 -0.1046622037705745
2.54 0.3597832118057405 0.7402586399345976 0.362459469101914 0.8448385404312261 -0.002676257296173563 -0.1045799004966285
2.542 0.3582693952537149 0.7412720542520458 0.3609414456947332 0.8457697807300243 -0.002672050441018333 -0.1044977264779785
2.544 0.3564989585452444 0.7424152092103339 0.3591668120404046 0.8468308906209087 -0.002667853495160125 -0.1044156814105747
2.546 0.3544606451082115 0.7436572331942489 0.3571243115357196 0.8479909981855684 -0.002663666427508158 -0.1043337649913195
2.548 0.3521470585131827 0.7449661736077106 0.3548065477202762 0.8492181505257743 -0.002659489207093463 -0.1042519769180637
2.55 0.3495547986614325 0.746309583021364 0.3522101204645008 0.8504798999109672 -0.002655321803068316 -0.1041703168896032
2.552 0.3466844893046649 0.7476551235621006 0.3493356534893706 0.8517439081677752 -0.002651164184705663 -0.1040887846056746
2.554 0.3435406952336436 0.7489711659606112 0.3461877115550421 0.8529785457275637 -0.002647016321398556 -0.1040073797669525
2.556 0.3401317332399079 0.7502273600104498 0.3427746114225675 0.8541534620854946 -0.002642878182659591 -0.1039261020750449
2.558 0.3364693863811016 0.7513951550710047 0.339108136119222 0.8552401063034949 -0.002638749738120351 -0.1038449512324901
2.56 0.3325685357261948 0.7524482524810749 0.3352031666837256 0.8562121794238281 -0.002634630957530841 -0.1037639269427531
2.562 0.3284467272783231 0.7533629760206275 0.331077249089082 0.8570460049308493 -0.002630521810758945 -0.1036830289102218
2.564 0.3241236939484017 0.7541185514636086 0.3267501162161916 0.8577208083038119 -0.002626422267789864 -0.1036022568402033
2.566 0.3196208532126901 0.7546972913734018 0.3222431855114157 0.8582189018123224 -0.002622332298725581 -0.1035216104389206
2.568 0.3149608005028059 0.7550846861860442 0.3175790523765902 0.8585257755995533 -0.002618251873784305 -0.1034410894135092
2.57 0.3101668166246258 0.7552694069582825 0.3127809975879258 0.8586301004302953 -0.002614180963299936 -0.1033606934720128
2.572 0.3052624048663309 0.7552432286692762 0.3078725244040524 0.858523650992657 -0.002610119537721523 -0.1032804223233809
2.574 0.3002708702301473 0.7550008855118182 0.30287693779776 0.8582011611892824 -0.002606067567612731 -0.1032002756774641
2.576 0.2952149497440515 0.7545398711437301 0.2978169747677028 0.8576601243887418 -0.002602025023651305 -0.1031202532450117
2.578 0.2901164993402475 0.7538601974566612 0.292714491216876 0.8569005521943287 -0.002597991876628543 -0.1030403547376674
2.58 0.2849962395807291 0.7529641251668151 0.2875902076781778 0.8559247050347815 -0.002593968097448766 -0.1029605798679664
2.582 0.2798735597223159 0.7518558786185608 0.2824635133794447 0.8547368069678924 -0.002589953657128797 -0.1028809283493316
2.584 0.2747663773436525 0.7505413557964727 0.2773523258704499 0.853342755692543 -0.002585948526797434 -0.1028013998960703
2.586 0.2696910490550165 0.7490278428512591 0.2722730017327115 0.85174983707463 -0.00258195267769494 -0.102721994223371
2.588 0.2646623266558649 0.7473237406227171 0.2672402927370374 0.8499664516700167 -0.002577966081172516 -0.1026427110472996
2.59 0.2596933524445503 0.7454383088289619 0.2622673411532421 0.8480018589137582 -0.002573988708691801 -0.1025635500847964
2.592 0.2547956871634904 0.7433814318865348 0.2573657076953148 0.8458659429402072 -0.002570020531824347 -0.1024845110536724
2.594 0.2499793641693581 0.7411634088020571 0.2525454256916093 0.8435690024746636 -0.002566061522251126 -0.1024055936726065
2.596 0.2452529637927398 0.7387947682760405 0.2478150754445018 0.8411215659371819 -0.002562111651762014 -0.1023267976611414
2.598 0.2406237023945084 0.7362861090965378 0.2431818732867637 0.8385342318362187 -0.002558170892255295 -0.1022481227396809
2.6 0.236097531277138 0.7336479650732551 0.2386517704928752 0.8358175337027415 -0.002554239215737159 -0.1021695686294864
2.602 0.2316792413033674 0.7308906931540403 0.2342295578976886 0.8329818282067138 -0.002550316594321208 -0.1020911350526736
2.604 0.2273725697716703 0.728024382950198 0.2299189727718983 0.8300372046824072 -0.002546403000227956 -0.1020128217322092
2.606 0.2231803067626262 0.7250587856459491 0.2257228051684105 0.8269934140378568 -0.002542498405784345 -0.1019346283919077
2.608 0.219104398778849 0.7220032601485554 0.2216430015622722 0.8238598149049837 -0.002538602783423251 -0.1018565547564283
2.61 0.2151460480451625 0.7188667343231185 0.2176807641508455 0.8206453348743898 -0.002534716105683003 -0.1017786005512713
2.612 0.2113058063028902 0.7156576792188555 0.2138366446480971 0.8173584447216308 -0.002530838345206889 -0.1017007655027753
2.614 0.207583662328089 0.7123840943122186 0.2101106318028317 0.8140071436503323 -0.00252696947474269 -0.1016230493381137
2.616 0.2039791227302671 0.7090535019481734 0.2065022321974092 0.8105989537334651 -0.002523109467142189 -0.1015454517852918
2.618 0.2004912858459807 0.7056729493330609 0.2030105441413414 0.8071409219062042 -0.0025192582953607 -0.1014679725731433
2.62 0.1971189087477788 0.7022490166183848 0.1996343246802354 0.8036396280497122 -0.002515415932456596 -0.1013906114313274
2.622 0.1938604675382145 0.698787829793183 0.1963720498898054 0.8001011978835088 -0.002511582351590837 -0.1013133680903257
2.624 0.190714211213987 0.6952950772820523 0.1932219687400135 0.7965313195634912 -0.002507757526026498 -0.1012362422814389
2.626 0.1876782094570778 0.6917760293065982 0.1901821508862061 0.7929352630433819 -0.002503941429128311 -0.1011592337367838
2.628 0.184750394759464 0.6882355592195999 0.1872505287938262 0.7893179014088898 -0.002500134034362193 -0.1010823421892899
2.63 0.1819285993133002 0.684678166157739 0.184424934628595 0.7856837335304361 -0.002496335315294795 -0.1010055673726971
2.632 0.179210587103376 0.6811079984756381 0.181703132348969 0.7820369074971898 -0.002492545245593031 -0.1009289090215517
2.634 0.1765940816348654 0.6775288775311495 0.179082845433889 0.7783812444023535 -0.002488763799023634 -0.1008523668712039
2.636 0.174076789713821 0.6739443214824055 0.1765617806632737 0.7747202621402102 -0.002484990949452694 -0.1007759406578047
2.638 0.1716564216726254 0.6703575688315497 0.1741376483434706 0.7710571989498525 -0.002481226670845215 -0.1006996301183027
2.64 0.1693307084093513 0.6667716015198406 0.171808179346616 0.767395036510282 -0.002477470937264656 -0.1006234349904414
2.642 0.1670974155759992 0.6631891674285543 0.1695711392988717 0.7637365224413101 -0.002473723722872493 -0.1005473550127558
2.644 0.1649543552221516 0.6596128021889909 0.1674243402240794 0.7600841921135605 -0.002469985001927772 -0.1004713899245697
2.646 0.1628993951662238 0.6560448502380892 0.1653656499150105 0.7564403897040818 -0.002466254748786666 -0.1003955394659926
2.648 0.1609304663368485 0.6524874850884802 0.1633929992747505 0.7528072884663971 -0.002462532937902038 -0.1003198033779169
2.65 0.1590455682942511 0.6489427288021375 0.1615043878380741 0.7491869102041523 -0.002458819543823003 -0.1002441814020147
2.652 0.157242773112133 0.6454124706745448 0.1596978876533275 0.7455811439552801 -0.002455114541194492 -0.1001686732807353
2.654 0.1555202277727049 0.6418984851503418 0.1579716456774617 0.7419917639076433 -0.002451417904756821 -0.1000932787573016
2.656 0.1538761551993461 0.6384024489972254 0.1563238848086913 0.7384204465729333 -0.00244772960934526 -0.1000179975757079
2.658 0.1523088540265524 0.6349259577716171 0.1547529036564421 0.7348687872523337 -0.002444049629889608 -0.09994282948071659
2.66 0.150816697182051 0.6314705416091846 0.1532570751234648 0.7313383158270401 -0.002440377941413762 -0.09986777421785549
2.662 0.149398129333231 0.6280376803708712 0.1518348438522663 0.7278305119042859 -0.002436714519035298 -0.09979283153341481
2.664 0.1480516632292555 0.6246288181720505 0.1504847225672206 0.7243468193464949 -0.002433059337965047 -0.09971800117444436
2.666 0.146775874949848 0.621245377311727 0.1492052873233547 0.7208886602004778 -0.002429412373506677 -0.09964328288875078
2.668 0.1455693980542109 0.6178887716108913 0.1479951716552672 0.7174574480357859 -0.002425773601056278 -0.09956867642489461
2.67 0.1444309166057993 0.6145604191509489 0.1468530596019012 0.7140546006831365 -0.002422142996101945 -0.0994941815321876
2.672 0.1433591570359533 0.6112617543916081 0.1457776775701766 0.7106815523522979 -0.002418520534223366 -0.09941979796068974
2.674 0.1423528787951648 0.6079942396221909 0.1447677849862563 0.7073397650833976 -0.002414906191091411 -0.09934552546120665
2.676 0.1414108637326112 0.6047593756797637 0.1438221636750789 0.7040307394650503 -0.002411299942467725 -0.09927136378528664
2.678 0.140531904137922 0.6015587118406782 0.1429396059021264 0.7007560245258964 -0.002407701764204325 -0.09919731268521818
2.68 0.139714789376808 0.5983938547586443 0.1421189010090512 0.697517226672671 -0.002404111632243186 -0.09912337191402674
2.682 0.138958291055554 0.5952664762909561 0.1413588205781698 0.6943160175164287 -0.002400529522615854 -0.09904954122547259
2.684 0.1382611466586059 0.5921783200165193 0.1406581020700489 0.6911541403905669 -0.00239695541144303 -0.09897582037404758
2.686 0.1376220416198831 0.5891312062064173 0.1400154308948172 0.6880334153213901 -0.002393389274934188 -0.09890220911497274
2.688 0.1370395898146305 0.5861270349691616 0.1394294209040176 0.6849557421733571 -0.002389831089387167 -0.09882870720419544
2.69 0.1365123124948631 0.5831677872448071 0.1388985933260509 0.6819231016431938 -0.002386280831187784 -0.09875531439838674
2.692 0.1360386157403961 0.5802555232822471 0.1384213542172055 0.6789375537371857 -0.002382738476809441 -0.09868203045493867
2.694 0.1356167665604277 0.5773923781918716 0.1379959705632404 0.6760012333238332 -0.002379204002812735 -0.09860885513196165
2.696 0.1352448678587946 0.5745805541327915 0.1376205452446397 0.6731163423210732 -0.002375677385845072 -0.09853578818828174
2.698 0.1349208325715259 0.5718223086688782 0.1372929911741662 0.6702851380523163 -0.00237215860264028 -0.09846282938343807
2.7 0.1346423573969452 0.5691199388170405 0.1370110050269634 0.6675099172947205 -0.002368647630018225 -0.09838997847768011
2.702 0.1344068966674155 0.5664757603231299 0.1367720411122999 0.6647929955550951 -0.002365144444884434 -0.09831723523196521
2.704 0.1342116370552674 0.5638920817352466 0.1365732860794971 0.6621366811432025 -0.002361649024229707 -0.09824459940795582
2.706 0.1340534739588833 0.5613711729151398 0.136411635304013 0.6595432436831569 -0.002358161345129751 -0.09817207076801703
2.708 0.1339289905745054 0.558915227736884 0.1362836719592502 0.6570148768120978 -0.002354681384744793 -0.09809964907521383
2.71 0.1338344408144907 0.5565263208782638 0.1361856499348099 0.6545536549715726 -0.002351209120319214 -0.09802733409330877
2.712 0.1337657373725153 0.5542063588182689 0.1361134819016965 0.652161484405028 -0.002347744529181173 -0.0979551255867591
2.714 0.1337184463476323 0.551957025415001 0.1360627339363746 0.6498400487357155 -0.002344287588742242 -0.09788302332071454
2.716 0.1336877899021037 0.5497797227554025 0.1360286281786008 0.647590749816417 -0.002340838276497031 -0.09781102706101444
2.718 0.1336686584272517 0.5476755083290454 0.1360060549972745 0.6454146449032309 -0.00233739657002283 -0.09773913657418544
2.72 0.1336556336032032 0.5456450299803978 0.1359895960501824 0.6433123816078367 -0.002333962446979239 -0.09766735162743892
2.722 0.1336430235482644 0.543688460508164 0.1359735594333722 0.6412841324968325 -0.002330535885107807 -0.09759567198866845
2.724 0.1336249109426881 0.5418054341880144 0.1359520278049198 0.6393295316144617 -0.002327116862231672 -0.0975240974264473
2.726 0.1335952145742788 0.5399949878592066 0.135918919930534 0.6374476155692327 -0.002323705356255206 -0.09745262771002602
2.728 0.1335477641902534 0.538255509494296 0.135868065535417 0.6356367721036259 -0.002320301345163651 -0.09738126260932987
2.73 0.1334763878639476 0.5365846973277633 0.1357932926709704 0.6338946992227197 -0.002316904807022772 -0.09731000189495642
2.732 0.1333750103266224 0.5349795326067445 0.1356885260466009 0.6322183779449175 -0.002313515719978496 -0.09723884533817309
2.734 0.1332377599172663 0.5334362688126755 0.1355478939795229 0.6306040615235902 -0.002310134062256568 -0.09716779271091473
2.736 0.1330590810233869 0.5319504397663271 0.1353658408355491 0.6290472835521081 -0.002306759812162196 -0.09709684378578104
2.738 0.1328338481952918 0.5305168883597565 0.1351372411433715 0.6275428866957909 -0.002303392948079708 -0.09702599833603445
2.74 0.1325574775832928 0.5291298167840945 0.134857511031765 0.626085072919692 -0.0023000334484722 -0.09695525613559737
2.742 0.1322260310443719 0.5277828580759708 0.1345227123362531 0.6246674750350208 -0.002296681291881201 -0.09688461695905004
2.744 0.1318363082436084 0.5264691676619436 0.1341296447005347 0.6232832482435716 -0.00229333645692632 -0.09681408058162802
2.746 0.131385922372929 0.525181532422754 0.1336759212952339 0.6219251792019739 -0.002289998922304912 -0.09674364677921984
2.748 0.1308733557250172 0.5239124937232909 0.1331600243918089 0.6205858090516555 -0.00228666866679174 -0.09667331532836464
2.75 0.1302979922680935 0.5226544799629371 0.1325813379373322 0.619257565969187 -0.002283345669238632 -0.09660308600624984
2.752 0.1296601255040551 0.5213999435726266 0.1319401554126293 0.6179329021633353 -0.002280029908574151 -0.09653295859070865
2.754 0.1289609411705231 0.5201414970880269 0.1312376625343264 0.6166044299482449 -0.002276721363803257 -0.09646293286021798
2.756 0.1282024756622284 0.5188720429881241 0.1304758956762354 0.6152650515820199 -0.002273420014006979 -0.09639300859389591
2.758 0.1273875522891562 0.5175848924020671 0.1296576781274983 0.6139080779735664 -0.002270125838342081 -0.09632318557149937
2.76 0.1265196985570707 0.5162738685109696 0.1287865373731114 0.6125273320843917 -0.002266838816040738 -0.09625346357342207
2.762 0.1256030484712239 0.5149333914355105 0.1278666073976341 0.6111172338162024 -0.002263558926410199 -0.09618384238069183
2.764 0.1246422343746696 0.5135585425134677 0.1269025205235021 0.6096728642884364 -0.002260286148832477 -0.09611432177496869
2.766 0.1236422730201218 0.5121451070348025 0.1258992934828858 0.6081900085733448 -0.002257020462764008 -0.09604490153854224
2.768 0.1226084504543231 0.5106895956210751 0.1248622123020584 0.6066651770754048 -0.002253761847735345 -0.09597558145432974
2.77 0.1215462099063314 0.5091892454303626 0.1237967201896823 0.6050956067362362 -0.002250510283350823 -0.09590636130587354
2.772 0.1204610462776923 0.507642003177937 0.1227083120269806 0.603479244055276 -0.002247265749288253 -0.09583724087733904
2.774 0.1193584101034317 0.506046492554095 0.1216024383287303 0.6018147125076072 -0.002244028225298594 -0.0957682199535123
2.776 0.118243623060022 0.5044019689803692 0.1204844207512276 0.6001012673001671 -0.002240797691205644 -0.09569929831979797
2.778 0.1171218063070662 0.5027082647889368 0.1193593804339719 0.5983387405511538 -0.002237574126905724 -0.09563047576221693
2.78 0.1159978222132556 0.5009657278598316 0.118232179725623 0.5965274799272359 -0.002234357512367364 -0.09556175206740419
2.782 0.1148762293784326 0.4991751565492749 0.1171073772060636 0.5946682835718815 -0.002231147827630995 -0.09549312702260657
2.784 0.1137612503410891 0.4973377334287646 0.1159891953938978 0.5927623338444453 -0.002227945052808636 -0.09542460041568065
2.786 0.1126567509660189 0.4954549599709329 0.1148815001341024 0.5908111320060234 -0.00222474916808359 -0.09535617203509049
2.788 0.11156623023845 0.4935285939050554 0.1137877903921602 0.5888164355749609 -0.002221560153710134 -0.09528784166990545
2.79 0.1104928190371451 0.4915605905509801 0.1127111970271583 0.5867801996607782 -0.002218377990013217 -0.09521960910979808
2.792 0.109439286401371 0.4895530490493085 0.1116544890587592 0.5847045231943505 -0.002215202657388156 -0.09515147414504202
2.794 0.1084080518314229 0.4875081640587809 0.1106200859677232 0.5825916006252906 -0.002212034136300332 -0.09508343656650967
2.796 0.1074012022424617 0.4854281831907027 0.1096100746497466 0.580443679356373 -0.002208872407284895 -0.09501549616567025
2.798 0.1064205123155242 0.483315370207535 0.1086262297664706 0.5782630229421225 -0.002205717450946459 -0.09494765273458755
2.8 0.1054674671360208 0.4811719738211442 0.1076700363839796 0.5760518798870621 -0.002202569247958809 -0.09487990606591792
2.802 0.1045432861687168 0.4790002017855758 0.1067427139477814 0.5738124577384839 -0.002199427779064605 -0.09481225595290803
2.804 0.1036489477766959 0.4768021998829578 0.105845240801771 0.5715469020723507 -0.002196293025075085 -0.09474470218939288
2.806 0.1027852136436629 0.4745800353416154 0.1049783786105327 0.5692572799114091 -0.002193164966869774 -0.09467724456979365
2.808 0.1019526525985835 0.4723356841981597 0.1041426961839797 0.5669455670872754 -0.002190043585396196 -0.09460988288911566
2.81 0.1011516634659937 0.4700710221105474 0.1033385923276632 0.5646136390534936 -0.002186928861669575 -0.09454261694294624
2.812 0.1003824966729817 0.46778781814349 0.1025663174497542 0.5622632646709428 -0.002183820776772558 -0.09447544652745281
2.814 0.0996452744346496 0.4654877310736303 0.1018259937465045 0.5598961025130109 -0.002180719311854918 -0.09440837143938058
2.816 0.09894000941480056 0.4631723077966738 0.1011176338629338 0.5575136992727245 -0.002177624448133274 -0.09434139147605074
2.818 0.09826662181879266 0.4608429834589233 0.1004411579856835 0.5551174898942816 -0.002174536166890805 -0.09427450643535829
2.82 0.09762495492223297 0.4585010829760242 0.09979640937170994 0.5527087990917943 -0.002171454449476969 -0.09420771611577004
2.822 0.09701478907496434 0.4561478236450668 0.09918316835227156 0.5502888439613894 -0.002168379277307219 -0.09414102031632264
2.824 0.09643585424520421 0.4537843185933089 0.09860116487706692 0.5478587374299294 -0.002165310631862725 -0.09407441883662056
2.826 0.09588784118708647 0.4514115808475448 0.09805008968177657 0.5454194923243787 -0.002162248494690093 -0.09400791147683392
2.828 0.09537041132558401 0.4490305278394421 0.0975296041729851 0.5429720258771389 -0.002159192847401093 -0.09394149803769676
2.83 0.09488320545941402 0.4466419861947943 0.09703934913108639 0.5405171645152992 -0.002156143671672373 -0.09387517832050488
2.832 0.09442585138442799 0.4442466966822667 0.0965789523336732 0.5380556488093806 -0.0021531009492452 -0.0938089521271139
2.834 0.09399797053915825 0.4418453192192524 0.09614803520108342 0.5355881384791897 -0.002150064661925168 -0.09374281925993733
2.836 0.09359918377103786 0.4394384378551733 0.09574621856261981 0.5331152173771179 -0.002147034791581945 -0.09367677952194454
2.838 0.0932291163175301 0.4370265656698296 0.09537312763767909 0.5306373983864884 -0.002144011320148987 -0.09361083271665885
2.84 0.09288740209016969 0.4346101495378465 0.09502839631979297 0.5281551281860022 -0.00214099422962328 -0.09354497864815563
2.842 0.09257368734393306 0.4321895747255759 0.09471167084599813 0.5256687918466362 -0.002137983502065066 -0.09347921712106026
2.844 0.09228763380737603 0.4297651692941825 0.09442261292697361 0.5231787172347288 -0.002134979119597577 -0.09341354794054629
2.846 0.09202892134257459 0.427337208293731 0.09416090240698137 0.5206851792060645 -0.002131981064406773 -0.09334797091233347
2.848 0.09179725019773703 0.4249059177379855 0.0939262395164781 0.5181884035806714 -0.002128989318741075 -0.09328248584268588
2.85 0.0915923429087553 0.4224714783571456 0.0937183467736664 0.5156885708955555 -0.002126003864911104 -0.09321709253840993
2.852 0.09141394590059329 0.4200340291283766 0.09353697058588271 0.5131858199352293 -0.002123024685289419 -0.09315179080685262
2.854 0.09126183083383869 0.4175936705881392 0.09338188259614895 0.5106802510440388 -0.002120051762310256 -0.09308658045589956
2.856 0.09113579573661401 0.4151504679335 0.09325288081508329 0.508171929227473 -0.002117085078469275 -0.09302146129397304
2.858 0.09103566595788912 0.4127044539203479 0.09314979057421241 0.5056608870503781 -0.002114124616323292 -0.09295643313003027
2.86 0.09096129497370288 0.410255631569361 0.09307246533219292 0.5031471273429224 -0.002111170358490033 -0.09289149577356143
2.862 0.09091256507431797 0.407803976690178 0.09302078736196584 0.5006306257247658 -0.002108222287647872 -0.09282664903458784
2.864 0.09088938795699862 0.4053494402355127 0.0929946683435342 0.4981113329591728 -0.002105280386535583 -0.09276189272366016
2.866 0.09089170524600439 0.4028919504974898 0.09299404988395647 0.4955891771493463 -0.002102344637952083 -0.09269722665185647
2.868 0.09091948895895632 0.400431415158186 0.0930189039837125 0.4930640657889665 -0.002099415024756182 -0.09263265063078047
2.87 0.09097274193614106 0.3979677232074088 0.0930692334660074 0.4905358876799684 -0.002096491529866334 -0.09256816447255965
2.872 0.09105149824773903 0.39550074673826 0.09314507238399942 0.4880045147281035 -0.002093574136260386 -0.09250376798984351
2.874 0.09115582359150669 0.3930303426346333 0.09324648641848202 0.485469803630435 -0.002090662826975334 -0.09243946099580169
2.876 0.0912858156925364 0.3905563541604696 0.09337357327764347 0.4829315974645919 -0.002087757585107075 -0.09237524330412225
2.878 0.09144160471505153 0.3880786124631857 0.09352646310886169 0.4803897271921954 -0.002084858393810156 -0.09231111472900967
2.88 0.09162335369484932 0.3855969380030023 0.09370531893114686 0.4778440130881857 -0.002081965236297542 -0.0922470750851834
2.882 0.09183125900042639 0.3831111419181444 0.09391033709626675 0.4752942661060202 -0.002079078095840362 -0.09218312418787575
2.884 0.09206555082961458 0.3806210273370347 0.09414174778538226 0.472740289189865 -0.002076196955767674 -0.0921192618528303
2.886 0.09232649374767588 0.3781263906491391 0.09439981554714209 0.4701818785454392 -0.002073321799466219 -0.09205548789630014
2.888 0.09261438727282859 0.3756270227428296 0.09468483988320878 0.4676188248778755 -0.00207045261038019 -0.09199180213504599
2.89 0.09292956651355828 0.3731227102229541 0.09499715588556927 0.4650509146092887 -0.002067589372010984 -0.09192820438633453
2.892 0.09327240286271016 0.370613236616408 0.09533713493062713 0.4624779310843447 -0.002064732067916973 -0.0918646944679367
2.894 0.09364330475195211 0.3680983835774804 0.09570518543366537 0.4598996557756062 -0.002061880681713261 -0.09180127219812582
2.896 0.09404271847067393 0.3655779321021129 0.09610175366774538 0.4573158694977889 -0.002059035197071459 -0.09173793739567607
2.898 0.09447112905230219 0.3630516637627783 0.09652732465002163 0.4547263536426388 -0.002056195597719439 -0.09167468987986052
2.9 0.09492906123120268 0.360519361974115 0.09698242309864379 0.4521308914445646 -0.002053361867441112 -0.09161152947044961
2.902 0.09541708047309892 0.3579808132999058 0.09746761446317512 0.4495292692876152 -0.002050533990076191 -0.09154845598770935
2.904 0.09593579408115509 0.3554358088137217 0.09798350603067506 0.4469212780661214 -0.002047711949519966 -0.0914854692523997
2.906 0.0964858523802838 0.352884145524097 0.09853074811000687 0.4443067146098696 -0.002044895729723065 -0.0914225690857727
2.908 0.09706794998129276 0.3503256278775619 0.09911003529598399 0.4416853831871329 -0.002042085314691237 -0.09135975530957104
2.91 0.09768282712660141 0.3477600693519236 0.09972210781508653 0.4390570970979497 -0.002039280688485119 -0.0912970277460261
2.912 0.09833127111902303 0.3451872941533232 0.100367752954243 0.4364216803711797 -0.002036481835220012 -0.09123438621785653
2.914 0.09901411783404189 0.3426071390323788 0.1010478065731075 0.4337789695806452 -0.002033688739065654 -0.09117183054826639
2.916 0.09973225331660443 0.340019455233776 0.1017631547008504 0.4311288157947196 -0.002030901384245999 -0.0911093605609436
2.918 0.1004866154615295 0.3374241105975718 0.1025147352165685 0.4284710866776301 -0.002028119755038995 -0.09104697608005824
2.92 0.1012781957778593 0.3348209918274569 0.1033035396136356 0.4258056687577179 -0.002025343835776358 -0.09098467693026097
2.922 0.102108041234599 0.332210006947508 0.1041306148454424 0.4231324698841893 -0.002022573610843355 -0.09092246293668127
2.924 0.102977256186352 0.3295910879659509 0.1049970652510306 0.4204514218908768 -0.002019809064678586 -0.09086033392492592
2.926 0.1038870043753091 0.3269641937682012 0.1059040545570828 0.4177624834892785 -0.002017050181773761 -0.0907982897210773
2.928 0.1048385110045033 0.3243293132640258 0.1068528079511768 0.4150656434157177 -0.002014296946673487 -0.09073633015169186
2.93 0.1058330648772636 0.3216864688123473 0.1078446142212387 0.4123609238561456 -0.002011549343975048 -0.09067445504379834
2.932 0.106872020594608 0.3190357199521262 0.1088808279529362 0.4096483841770225 -0.002008807358328194 -0.09061266422489639
2.934 0.1079568008007939 0.3163771674693034 0.1099628717752288 0.4069281249922582 -0.002006070974434921 -0.09055095752295475
2.936 0.1090888984660548 0.3137109578297368 0.1110922386431041 0.4042002925961467 -0.002003340177049264 -0.09048933476640984
2.938 0.1102698791906121 0.3110372880144598 0.1122704941415891 0.4014650837986239 -0.002000614950977081 -0.09042779578416406
2.94 0.1115013835136663 0.3083564107916973 0.1134992787947421 0.3987227511972815 -0.001997895281075841 -0.09036634040558421
2.942 0.1127851292047108 0.3056686404667075 0.1147803103569652 0.3959736089272075 -0.001995181152254419 -0.09030496846049998
2.944 0.1141229135129852 0.302974359149552 0.1161153860624581 0.3932180389287544 -0.001992472549472879 -0.09024367977920238
2.946 0.1155166153435199 0.3002740235871425 0.1175063848012621 0.3904564977795845 -0.001989769457742272 -0.09018247419244205
2.948 0.1169681973243728 0.2975681726061032 0.1189552691864973 0.3876895241375312 -0.001987071862124428 -0.09012135153142789
2.95 0.1184797077230764 0.294857435216254 0.1204640874708081 0.3849177468440794 -0.001984379747731746 -0.09006031162782539
2.952 0.1200532821615286 0.2921425394287517 0.1220349752612556 0.3821418937425069 -0.001981693099726995 -0.08999935431375518
2.954 0.1216911450723356 0.2894243218426985 0.1236701569756587 0.3793628012644897 -0.001979011903323099 -0.0899384794217913
2.956 0.123395610827595 0.286703738059281 0.1253719469713779 0.376581424844241 -0.001976336143782949 -0.08987768678495996
2.958 0.1251690844618281 0.2839818739816488 0.1271427502682473 0.3737988502183865 -0.001973665806419187 -0.08981697623673775
2.96 0.1270140618982837 0.2812599580606741 0.1289850627748777 0.3710163056717244 -0.00197100087659401 -0.08975634761105031
2.962 0.1289331295720569 0.2785393745483639 0.1309014709117759 0.3682351752906346 -0.001968341339718971 -0.08969580074227068
2.964 0.1309289633302213 0.2758216778173946 0.1328946505114761 0.3654570132826126 -0.001965687181254779 -0.08963533546521793
2.966 0.1330043264680725 0.2731086078065831 0.1349673648547836 0.3626835594217386 -0.001963038386711096 -0.08957495161515552
2.968 0.1351620667449396 0.27040210664363 0.137122461686586 0.35991675567142 -0.001960394941646343 -0.08951464902778994
2.97 0.137405112195951 0.2677043364957304 0.1393628690276185 0.3571587640349995 -0.001957756831667505 -0.08945442753926906
2.972 0.1397364655360655 0.2650176986852256 0.1416915895784955 0.3544119856714065 -0.001955124042429932 -0.08939428698618089
2.974 0.1421591969238745 0.2623448540975674 0.1441116934835116 0.3516790813031192 -0.001952496559637144 -0.0893342272055518
2.976 0.14467643482222 0.2596887448935297 0.1466263091912606 0.3489629929283751 -0.001949874369040642 -0.08927424803484539
2.978 0.1472913546646903 0.2570526175134425 0.14923861212113 0.3462669668254033 -0.001947257456439706 -0.08921434931196068
2.98 0.1500071650007022 0.254440046936349 0.1519518108083835 0.3435945778115799 -0.001944645807681212 -0.08915453087523095
2.982 0.1528270907561293 0.2518549621236674 0.1547691301647887 0.3409497546870894 -0.001942039408659435 -0.08909479256342208
2.984 0.1557543532143507 0.2493016725303187 0.1576937914596666 0.3383368067460499 -0.001939438245315862 -0.08903513421573123
2.986 0.1587921462793334 0.246784895519989 0.1607289885829724 0.3357604511917743 -0.001936842303638997 -0.08897555567178532
2.988 0.1619436085529368 0.2443097844523945 0.163877860122601 0.3332258412240341 -0.001934251569664183 -0.08891605677163969
2.99 0.1652117907201578 0.2418819571381383 0.1671434567496312 0.3307385944939147 -0.001931666029473402 -0.08885663735577649
2.992 0.1685996177105195 0.2395075242640531 0.1705287033797146 0.3283048215291566 -0.001929085669195097 -0.08879729726510355
2.994 0.1721098450783765 0.2371931172871574 0.1740363555533805 0.3259311536281101 -0.001926510475003982 -0.08873803634095265
2.996 0.1757450090358615 0.2349459151698616 0.1776689494689824 0.3236247695949399 -0.001923940433120858 -0.08867885442507832
2.998 0.1795073695747435 0.2327736691868979 0.1814287451045559 0.3213934205465542 -0.001921375529812429 -0.08861975135965633
3 0.1833988461329819 0.2306847248733579 0.185317661884373 0.3192454518606403 -0.001918815751391118 -0.08856072698728236
3.002 0.1874209453134189 0.2286880400000961 0.1893372063976338 0.3171898211510666 -0.001916261084214885 -0.08850178115097054
3.004 0.1915746802381281 0.2267931972648023 0.1934883917528152 0.3152361109589544 -0.001913711514687046 -0.08844291369415208
3.006 0.1958604812447031 0.2250104101699172 0.1977716482739592 0.3133945346305912 -0.00191116702925609 -0.08838412446067395
3.008 0.2002780978009382 0.2233505203314849 0.2021867254153538 0.3116759336262823 -0.001908627614415502 -0.08832541329479737
3.01 0.2048264917398527 0.221824984231651 0.2067325849965563 0.3100917642728476 -0.001906093256703582 -0.0882667800411966
3.012 0.2095037222172316 0.2204458471994664 0.2114072861599349 0.3086540717444239 -0.001903563942703265 -0.08820822454495744
3.014 0.2143068231663397 0.2192257021958761 0.2162078628253817 0.307375448847452 -0.001901039659041949 -0.08814974665157592
3.016 0.2192316744863818 0.2181776308058887 0.2211301948787731 0.3062689770128457 -0.001898520392391313 -0.08809134620695694
3.018 0.2242728687569789 0.2173151237247177 0.2261688748864461 0.3053481467821306 -0.001896006129467143 -0.08803302305741291
3.02 0.2294235759125677 0.2166519779955608 0.2313170727695969 0.3046267550452232 -0.001893496857029159 -0.08797477704966246
3.022 0.2346754090550365 0.216202168341308 0.2365664016169173 0.304118776372137 -0.001890992561880836 -0.08791660803082901
3.024 0.2400182953886859 0.2159796901725553 0.2419067886195551 0.3038382060209948 -0.001888493230869235 -0.08785851584843948
3.026 0.2454403571431231 0.215998372281787 0.2473263559940079 0.30379887263221 -0.00188599885088483 -0.087800500350423
3.028 0.2509278082277064 0.2162716578927392 0.2528113176365678 0.3040142192778487 -0.001883509408861333 -0.08774256138510948
3.03 0.2564648732314783 0.2168123536556435 0.2583458981232538 0.3044970524568719 -0.001881024891775527 -0.08768469880122842
3.032 0.2620337361402982 0.2176323473925086 0.2639122814269453 0.3052592598404161 -0.001878545286647093 -0.08762691244790746
3.034 0.2676145267241288 0.2187422969130993 0.2694905973046673 0.3063114990877706 -0.001876070580538441 -0.08756920217467123
3.036 0.2731853528599981 0.2201512940356041 0.2750589536205527 0.3076628618670439 -0.001873600760554543 -0.08751156783143987
3.038 0.2787223869706533 0.2218665100165139 0.280593522784496 0.3093205192850418 -0.001871135813842763 -0.08745400926852791
3.04 0.2842000141856305 0.2238928308516425 0.2860686899132232 0.3112893571882852 -0.001868675727592691 -0.08739652633664274
3.042 0.2895910486672008 0.2262324932437555 0.2914572691562368 0.3135716121306392 -0.001866220489035976 -0.0873391188868837
3.044 0.2948670226888978 0.2288847342792358 0.2967307927743439 0.3161665210499761 -0.001863770085446163 -0.08728178677074031
3.046 0.2999985505068687 0.2318454698347435 0.3018598750110073 0.319069999674835 -0.001861324504138524 -0.08722452984009144
3.048 0.3049557658009986 0.235107018203955 0.3068146495334685 0.3222743661511587 -0.001858883732469896 -0.08716734794720374
3.05 0.3097088276119118 0.2386578861726953 0.3115652753697503 0.3257681271174258 -0.001856447757838519 -0.08711024094473051
3.052 0.3142284854037197 0.2424826345363509 0.3160825019714036 0.3295358432220613 -0.001854016567683871 -0.08705320868571037
3.054 0.318486689424911 0.2465618386715207 0.3203382795743975 0.3335580896950868 -0.001851590149486509 -0.0869962510235661
3.056 0.3224572282410081 0.2508721571294582 0.324306396731776 0.3378115249415614 -0.001849168490767904 -0.08693936781210328
3.058 0.3261163715598833 0.2553865173007174 0.3279631231389736 0.3422690762062265 -0.001846751579090284 -0.08688255890550904
3.06 0.3294434936835328 0.2600744221458831 0.3312878330855893 0.346900246304234 -0.001844339402056474 -0.08682582415835093
3.062 0.3324216514494786 0.2649023760433332 0.3342635833967883 0.3516715394689088 -0.001841931947309736 -0.08676916342557557
3.064 0.3350380906836609 0.2698344213809791 0.3368776198861945 0.3565469979434866 -0.001839529202533611 -0.08671257656250744
3.066 0.3372846571211445 0.2748327711002929 0.3391217882765962 0.3614888345251407 -0.001837131155451762 -0.08665606342484775
3.068 0.3391580914535245 0.2798585165346902 0.3409928292473523 0.3664581404033632 -0.001834737793827817 -0.08659962386867298
3.07 0.340660193451474 0.2848723851205839 0.3424925425569392 0.3714156428710179 -0.001832349105465215 -0.08654325775043398
3.072 0.3417978465981673 0.2898355193358177 0.3436278116763743 0.3763224842627722 -0.001829965078207044 -0.08648696492695444
3.074 0.3425829018649282 0.294710246885823 0.3444104875648641 0.381140992141253 -0.001827585699935897 -0.08643074525542996
3.076 0.3430319265487613 0.2994608128118174 0.344857137507335 0.385835411405244 -0.001825210958573709 -0.0863745985934266
3.078 0.3431658308832727 0.3040540468099197 0.3449886717253544 0.3903725716087995 -0.001822840842081608 -0.08631852479887986
3.08 0.3430093908704221 0.3084599433305626 0.3448298662088819 0.394722467060656 -0.001820475338459763 -0.0862625237300934
3.082 0.3425906900419715 0.3126521375706366 0.3444088044777188 0.3988587328163744 -0.001818114435747228 -0.08620659524573782
3.084 0.341940505393348 0.3166082667650634 0.3437562635153698 0.4027590059699129 -0.001815758122021797 -0.08615073920484959
3.086 0.3410916634607875 0.3203102126540874 0.3429050698461873 0.4064051681209171 -0.001813406385399849 -0.08609495546682973
3.088 0.3400783915505743 0.3237442271490421 0.3418894507646105 0.4097834710404848 -0.001811059214036197 -0.08603924389144273
3.09 0.338935686717773 0.3269009486034436 0.340744403313897 0.412884552942259 -0.001808716596123948 -0.08598360433881537
3.092 0.3376987215937823 0.3297753203920524 0.3395051001136766 0.4157033570614878 -0.001806378519894342 -0.08592803666943545
3.094 0.3364023019666232 0.3323664265626412 0.3382063469402398 0.4182389673067919 -0.001804044973616613 -0.08587254074415075
3.096 0.335080386532803 0.3346772610869305 0.3368821024784008 0.4204943775110984 -0.001801715945597839 -0.08581711642416784
3.098 0.3337656748146802 0.3367144477995755 0.335565066238863 0.4224762113706264 -0.001799391424182798 -0.08576176357105088
3.1 0.3324892651659656 0.3384879276197276 0.3342863365637194 0.4241944096664481 -0.001797071397753817 -0.08570648204672048
3.102 0.3312803812698279 0.3400106283296894 0.3330751371245586 0.425661900043142 -0.001794755854730632 -0.08565127171345262
3.104 0.3301661626935837 0.3412981302633064 0.331958607477154 0.4268942626971838 -0.001792444783570242 -0.08559613243387741
3.106 0.3291715129424952 0.3423683389663049 0.330961651115262 0.4279094030372829 -0.001790138172766765 -0.085541064070978
3.108 0.328318997035046 0.3432411734404775 0.3301068330458973 0.428727239928567 -0.001787836010851293 -0.0854860664880895
3.11 0.3276287798404375 0.3439382761323787 0.3294143181268293 0.4293694156812765 -0.001785538286391754 -0.08543113954889776
3.112 0.3271185961866302 0.3444827485095138 0.328901841174623 0.429859031626952 -0.001783244987992767 -0.08537628311743828
3.114 0.3268037439595238 0.3448989139607333 0.3285847000638193 0.4302204110188285 -0.0017809561042955 -0.08532149705809516
3.116 0.3266970919725066 0.3452121079138255 0.3284757635964842 0.4304788891494252 -0.001778671623977531 -0.08526678123559979
3.118 0.3268090951940296 0.3454484935021693 0.3285854867297823 0.4306606290171993 -0.001776391535752711 -0.08521213551503003
3.12 0.3271478109022327 0.3456348998239211 0.3289219267306037 0.4307924595857299 -0.001774115828371016 -0.08515755976180878
3.122 0.3277189104297875 0.345798678813967 0.3294907549204059 0.4309017326556701 -0.00177184449061842 -0.08510305384170316
3.124 0.3285256823227438 0.3459675759543421 0.3302952598340605 0.4310161935751654 -0.001769577511316745 -0.08504861762082327
3.126 0.32956902393821 0.34616960946797 0.3313363388175335 0.4311638604335911 -0.001767314879323535 -0.08499425096562108
3.128 0.3308474197317972 0.3464329522433636 0.3326124763153291 0.4313729059862529 -0.001765056583531908 -0.08493995374288936
3.13 0.3323569057302959 0.346785810513211 0.3341197083431663 0.4316715363329717 -0.00176280261287043 -0.08488572581976069
3.132 0.3340910209533455 0.3472562932486628 0.3358515739096484 0.432087860312369 -0.00176055295630297 -0.0848315670637062
3.134 0.3360407478374881 0.3478722663415769 0.3377990554403167 0.4326497436841115 -0.001758307602828575 -0.08477747734253467
3.136 0.3381944450296512 0.3486611859411503 0.3399505115711325 0.4333846424655416 -0.001756066541481326 -0.08472345652439134
3.138 0.3405377772521764 0.3496499058157058 0.3422916070135066 0.4343194102934627 -0.001753829761330209 -0.08466950447775688
3.14 0.3430536482684345 0.3508644543573701 0.3448052455199135 0.4354800754288164 -0.001751597251478984 -0.0846156210714463
3.142 0.3457221442810556 0.3523297778767102 0.3474715132821216 0.4368915840513181 -0.001749369001066047 -0.08456180617460797
3.144 0.3485204963034668 0.3540694481749339 0.3502676413027311 0.4385775078316563 -0.0017471449992643 -0.08450805965672244
3.146 0.3514230711041963 0.3561053340752911 0.3531679963394774 0.4405597154628926 -0.001744925235281022 -0.08445438138760147
3.148 0.3544014011241756 0.3584572386410676 0.3561441108225333 0.4428580098784546 -0.001742709698357736 -0.084400771237387
3.15 0.3574242642098123 0.3611425062097773 0.3591647625875823 0.4454897352863273 -0.001740498377770079 -0.08434722907654998
3.152 0.3604578239530221 0.3641756060817901 0.3621961152158497 0.4484693608576796 -0.001738291262827671 -0.08429375477588949
3.154 0.3634658407529637 0.3675677026258753 0.3652019290958377 0.4518080508324069 -0.001736088342873987 -0.08424034820653162
3.156 0.3664099622977638 0.3713262245822719 0.3681438519050501 0.4555132338222003 -0.001733889607286231 -0.08418700923992836
3.158 0.3692500998976461 0.3754544492502323 0.3709817949431213 0.4595881869980891 -0.001731695045475202 -0.08413373774785675
3.16 0.3719448939488477 0.3799511198182007 0.3736743985957328 0.4640316534206184 -0.001729504646885175 -0.08408053360241771
3.162 0.3744522677794235 0.3848101160484863 0.3761795861804173 0.4688375127245214 -0.001727318400993763 -0.08402739667603508
3.164 0.3767300643315332 0.3900201995629753 0.378455200628845 0.4739945264044299 -0.001725136297311804 -0.08397432684145456
3.166 0.3787367547914215 0.3955648548289673 0.3804597131168047 0.4794861788007101 -0.001722958325383221 -0.08392132397174276
3.168 0.380432202686709 0.4014222453487662 0.3821529871614939 0.4852906332890524 -0.001720784474784911 -0.08386838794028614
3.17 0.3817784615640477 0.407565301408249 0.3834970762991743 0.491380820029039 -0.001718614735126609 -0.08381551862079001
3.172 0.3827405795968314 0.4139619509759033 0.3844570286928822 0.4977246668631807 -0.001716449096050768 -0.08376271588727749
3.174 0.3832873808774397 0.4205754991562116 0.3850016684246721 0.5042854787703003 -0.00171428754723244 -0.08370997961408866
3.176 0.3833921911750787 0.4273651542683313 0.3851043212534579 0.5110224639442107 -0.001712130078379143 -0.08365730967587937
3.178 0.3830334759718309 0.4342866906417463 0.3847434526510616 0.5178913965893667 -0.00170997667923075 -0.08360470594762037
3.18 0.3821953608327258 0.441293230213688 0.3839031881722852 0.5248453985182843 -0.001707827339559358 -0.08355216830459627
3.182 0.3808680086280869 0.4483361176355589 0.3825736906772561 0.5318358142579636 -0.001705682049169171 -0.08349969662240463
3.184 0.3790478345807518 0.455365857538913 0.3807513753786482 0.5388131483158678 -0.001703540797896377 -0.08344729077695485
3.186 0.3767375481148681 0.4623330784669437 0.3784389516904771 0.5457280291114111 -0.001701403575609032 -0.08339495064446734
3.188 0.3739460194067881 0.4691894861158025 0.375645289778995 0.5525321622172749 -0.001699270372206934 -0.08334267610147242
3.19 0.3706879776454486 0.4758887692024892 0.3723851188230701 0.5591792362272987 -0.001697141177621509 -0.08329046702480944
3.192 0.3669835565481972 0.4823874243471614 0.3686785725300129 0.5656257476387871 -0.001695015981815688 -0.08323832329162578
3.194 0.3628577099453708 0.4886454715792191 0.3645506047201545 0.571831716358595 -0.001692894774783792 -0.08318624477937589
3.196 0.3583395257219881 0.4946270388881122 0.3600303032685395 0.5777612702539325 -0.001690777546551414 -0.08313423136582029
3.198 0.3534614697350004 0.5003008020444314 0.3551501340221757 0.5833830849734561 -0.001688664287175299 -0.08308228292902474
3.2 0.3482585924174527 0.5056402739975183 0.349945147404196 0.5886706733448774 -0.001686554986743232 -0.08303039934735912
3.202 0.3427677297550239 0.5106239458678021 0.3444521793903978 0.5936025263672987 -0.001684449635373917 -0.08297858049949663
3.204 0.3370267274650424 0.5152352883631227 0.3387090756882593 0.5981621146275354 -0.001682348223216862 -0.08292682626441274
3.206 0.3310737129763926 0.5194626279291635 0.3327539637168448 0.6023377644505479 -0.001680250740452271 -0.08287513652138431
3.208 0.3249464346702617 0.5232989159059834 0.3266245918475526 0.6061224270559721 -0.001678157177290917 -0.08282351114998864
3.21 0.3186816823173762 0.5267414113179779 0.3203577498413502 0.6095133613480804 -0.00167606752397404 -0.08277195003010256
3.212 0.3123147971738266 0.5297912987780056 0.3139887789445998 0.6125117518199069 -0.001673981770773222 -0.08272045304190137
3.214 0.305879275136146 0.5324532625383618 0.3075511750441363 0.61512228260422 -0.001671899907990286 -0.08266902006585815
3.216 0.2994064619826042 0.5347350362238095 0.3010762839085614 0.6173526872065521 -0.001669821925957174 -0.08261765098274262
3.218 0.2929253361694446 0.5366469455503876 0.2945930839844804 0.6192132912240079 -0.001667747815035836 -0.08256634567362031
3.22 0.2864623720042724 0.5382014586344867 0.2881280495698906 0.6207165626543383 -0.001665677565618123 -0.08251510401985165
3.222 0.2800414742138703 0.5394127556146932 0.281705085381996 0.6218766815177842 -0.001663611168125673 -0.08246392590309104
3.224 0.2736839739272127 0.5402963264355474 0.2753455225402225 0.6227091376408332 -0.001661548613009797 -0.08241281120528593
3.226 0.2674086757593324 0.5408686029560269 0.2690681656500837 0.6232303627647029 -0.001659489890751376 -0.08236175980867597
3.228 0.2612319458771339 0.5411466291492917 0.2628893808689946 0.6234574007450837 -0.001657434991860744 -0.082310771595792
3.23 0.2551678315343593 0.5411477711163535 0.2568232154412369 0.6234076175658088 -0.001655383906877582 -0.08225984644945525
3.232 0.2492282034356832 0.5408894669712653 0.250881540062054 0.6230984512240417 -0.001653336626370813 -0.08220898425277642
3.234 0.2434229133154433 0.5403890153630458 0.2450742064563818 0.6225472002522006 -0.001651293140938485 -0.08215818488915476
3.236 0.237759960230936 0.5396634004491947 0.2394092136721437 0.6217708486914719 -0.001649253441207669 -0.0821074482422772
3.238 0.2322456601576132 0.5387291504912487 0.2338928776754476 0.6207859246873662 -0.001647217517834352 -0.08205677419611743
3.24 0.2268848145333134 0.5376022268543896 0.2285299998948167 0.6196083894893247 -0.001645185361503328 -0.08200616263493513
3.242 0.2216808743493783 0.5362979400144851 0.2233240313123064 0.6182535534577599 -0.00164315696292809 -0.08195561344327489
3.244 0.2166360972473095 0.5348308891595307 0.2182772295601602 0.6167360156654962 -0.001641132312850728 -0.08190512650596553
3.246 0.2117516958119281 0.5332149220781018 0.2133908072139699 0.615069623786221 -0.001639111402041819 -0.08185470170811915
3.248 0.2070279758740473 0.531463112216816 0.2086650700953477 0.6132674511519461 -0.001637094221300328 -0.08180433893513021
3.25 0.2024644641482307 0.52958775003536 0.2040995449096842 0.6113417881080347 -0.001635080761453496 -0.08175403807267478
3.252 0.1980600249355145 0.5276003460630915 0.1996930959488712 0.609304145069801 -0.00163307101335674 -0.08170379900670952
3.254 0.1938129659434364 0.525511643350862 0.1954440309113299 0.6071652649743329 -0.00163106496789355 -0.08165362162347094
3.256 0.1897211335120973 0.5233316372981591 0.1913501961280727 0.6049351431076336 -0.001629062615975383 -0.08160350580947454
3.258 0.1857819977098292 0.5210696011117675 0.1874090616583708 0.6026230525632814 -0.001627063948541561 -0.08155345145151391
3.26 0.1819927278824385 0.5187341154103141 0.1836177968389977 0.600237573846974 -0.001625068956559169 -0.08150345843665988
3.262 0.1783502593121577 0.5163331007242722 0.1799733369431807 0.5977866273765319 -0.001623077631022955 -0.08145352665225966
3.264 0.1748513516852998 0.5138738518543204 0.176472441648255 0.5952775078402566 -0.001621089962955223 -0.0814036559859361
3.266 0.1714926400772723 0.5113630732378461 0.173111746020678 0.5927169195634329 -0.001619105943405736 -0.08135384632558669
3.268 0.1682706791562648 0.5088069146372849 0.1698878047197165 0.5901110121966677 -0.001617125563451618 -0.08130409755938285
3.27 0.1651819812865212 0.5062110066074622 0.1667971301007184 0.5874654161832312 -0.001615148814197244 -0.08125440957576902
3.272 0.1622230491750096 0.5035804953174722 0.1638362248617838 0.584785277580934 -0.001613175686774151 -0.08120478226346187
3.274 0.1593904036700625 0.500920076408379 0.1610016098424034 0.5820752919198284 -0.001611206172340932 -0.0811552155114494
3.276 0.1566806072712025 0.4982340276491072 0.1582898475332856 0.5793397368580975 -0.001609240262083141 -0.08110570920899028
3.278 0.1540902838699554 0.4955262402288791 0.1556975618171685 0.5765825034744919 -0.001607277947213188 -0.08105626324561277
3.28 0.1516161351903415 0.4928002485779613 0.1532214544093118 0.5738071260890755 -0.00160531921897025 -0.08100687751111416
3.282 0.1492549543560088 0.4900592586583735 0.150858318424629 0.5710168105539333 -0.001603364068620166 -0.08095755189555978
3.284 0.1470036369684598 0.4873061747040325 0.1486050494559152 0.5682144609933147 -0.001601412487455344 -0.08090828628928226
3.286 0.1448591900376716 0.4845436244171272 0.1464586545044662 0.5654027050000079 -0.001599464466794657 -0.08085908058288066
3.288 0.1428187390716798 0.4817739826536137 0.1444162590696632 0.5625839173208335 -0.001597519997983359 -0.08080993466721978
3.29 0.1408795335959708 0.478999393647592 0.1424751126683638 0.5597602420810212 -0.001595579072392977 -0.08076084843342918
3.292 0.1390389513397564 0.4762217918356433 0.1406325930211777 0.5569336136085459 -0.001593641681421223 -0.08071182177290255
3.294 0.1372945013011493 0.4734429213558539 0.1388862091176412 0.5541057759331507 -0.001591707816491892 -0.08066285457729677
3.296 0.1356438258725913 0.4706643542982333 0.1372336033416461 0.5512783010367646 -0.001589777469054773 -0.08061394673853124
3.298 0.1340847021881511 0.4678875077917234 0.1356725528187366 0.5484526059405104 -0.001587850630585553 -0.08056509814878697
3.3 0.1326150428300664 0.4651136600122506 0.1342009701226521 0.5456299687127565 -0.001585927292585722 -0.0805163087005059
3.302 0.1312328960153397 0.462343965200129 0.1328169034619222 0.5428115434865189 -0.00158400744658248 -0.08046757828638997
3.304 0.129936445364517 0.4595794677730008 0.1315185364486457 0.5399983745724013 -0.001582091084128641 -0.08041890679940047
3.306 0.1287240093401918 0.4568211156204931 0.1303041875369944 0.5371914097532503 -0.001580178196802547 -0.08037029413275722
3.308 0.127594040429839 0.4540697726664239 0.129172309206047 0.5343915128463617 -0.001578268776207966 -0.08032174017993773
3.31 0.1265451241340427 0.45132623078086 0.1281214869480167 0.5315994756155364 -0.00157636281397401 -0.08027324483467649
3.312 0.1255759778118469 0.4485912211248619 0.1271504381136019 0.5288160291158261 -0.001574460301755034 -0.08022480799096421
3.314 0.1246854494238112 0.4458654250070091 0.1262580106550417 0.526041854550056 -0.001572561231230552 -0.08017642954304692
3.316 0.1238725162045462 0.4431494843290771 0.1254431817986514 0.5232775937145026 -0.001570665594105143 -0.08012810938542543
3.318 0.1231362832889362 0.440444011697922 0.1247050566710445 0.5205238591107763 -0.001568773382108357 -0.08007984741285427
3.32 0.122475982307297 0.4377496002770538 0.1240428668942916 0.5177812437973951 -0.001566884586994633 -0.08003164352034124
3.322 0.1218909699583978 0.435066833451995 0.123455969158941 0.5150503310551414 -0.001564999200543201 -0.07998349760314637
3.324 0.1213807265611672 0.4323962943792841 0.1229438437757252 0.5123317039360654 -0.001563117214557999 -0.07993540955678136
3.326 0.1209448545798015 0.4297385754915739 0.122506093200669 0.5096259547685826 -0.00156123862086758 -0.07988737927700876
3.328 0.1205830771092292 0.4270942880267691 0.1221424405205543 0.5069336946866103 -0.001559363411325023 -0.07983940665984117
3.33 0.1202952363010484 0.4244640716502955 0.1218527278788562 0.5042555632518361 -0.001557491577807848 -0.07979149160154055
3.332 0.1200812917025862 0.4218486042393805 0.1216369148148042 0.5015922382379979 -0.001555623112217928 -0.07974363399861746
3.334 0.1199413184735669 0.4192486118950122 0.1214950764800483 0.4989444456428425 -0.001553758006481395 -0.07969583374783031
3.336 0.1198755054369664 0.4166648792487807 0.121427401689515 0.4963129699949653 -0.001551896252548561 -0.0796480907461846
3.338 0.1198841529106333 0.4140982601310065 0.1214341907530271 0.4936986650219388 -0.001550037842393828 -0.07960040489093227
3.34 0.119967670257221 0.4115496886623939 0.1215158530252366 0.4911024647419647 -0.0015481827680156 -0.0795527760795708
3.342 0.1201265730783562 0.4090201908344567 0.1216729040997924 0.4885253950442993 -0.001546331021436198 -0.07950520420984265
3.344 0.1203614799671956 0.4065108966370601 0.1219059625618973 0.4859685858167945 -0.001544482594701776 -0.07945768917973442
3.346 0.1206731087203171 0.4040230527920397 0.1222157462001993 0.4834332836795158 -0.001542637479882232 -0.07941023088747613
3.348 0.1210622718950719 0.4015580361450161 0.1226030675641431 0.4809208653765566 -0.001540795669071129 -0.0793628292315406
3.35 0.121529871582527 0.3991173677639911 0.1230688287369126 0.4784328518746336 -0.001538957154385601 -0.07931548411064251
3.352 0.1220768932483513 0.3967027277844093 0.1236140151763175 0.4759709232081473 -0.001537121927966279 -0.07926819542373797
3.354 0.1227043984751416 0.3943159710306277 0.1242396884571188 0.4735369341006512 -0.001535289981977201 -0.07922096307002356
3.356 0.1234135164182291 0.3919591434326747 0.1249469777268349 0.4711329303816104 -0.001533461308605727 -0.07917378694893569
3.358 0.1242054337649409 0.3896344992391297 0.1257370696650033 0.4687611661992797 -0.001531635900062461 -0.07912666696014992
3.36 0.1250813829633071 0.3873445190090715 0.1266111967118883 0.4664241220126518 -0.001529813748581166 -0.07907960300358029
3.362 0.1260426284609605 0.3850919283394382 0.1275706233073792 0.4641245233188167 -0.001527994846418679 -0.07903259497937844
3.364 0.1270904506695379 0.3828797172537339 0.1286166298553927 0.4618653600416671 -0.001526179185854831 -0.07898564278793312
3.366 0.1282261273434663 0.380711160141296 0.1297504941026587 0.4596499064711653 -0.001524366759192366 -0.07893874632986929
3.368 0.129450912036485 0.3785898360898858 0.1309734695952418 0.4574817415959335 -0.001522557558756857 -0.0788919055060476
3.37 0.1307660092752508 0.3765196494013647 0.1322867608521474 0.4553647696189283 -0.001520751576896626 -0.07884512021756356
3.372 0.1321725460697313 0.3745048500134739 0.133691494875714 0.4533032403792209 -0.001518948805982666 -0.07879839036574693
3.374 0.1336715393621436 0.3725500534780659 0.1351886886005521 0.4513017693302268 -0.001517149238408554 -0.07875171585216091
3.376 0.1352638590101326 0.3706602600551208 0.136779211876723 0.4493653566337224 -0.001515352866590375 -0.07870509657860164
3.378 0.136950185899853 0.3688408723820798 0.1384637455828196 0.4474994048291771 -0.001513559682966644 -0.07865853244709729
3.38 0.1387309647997119 0.3670977110637296 0.1402427344797102 0.4457097344236371 -0.001511769679998223 -0.07861202335990758
3.382 0.1406063516006356 0.3654370273967861 0.1421163344508038 0.444002596616309 -0.001509982850168241 -0.07856556921952294
3.384 0.1425761546429663 0.3638655123037686 0.1440843538289484 0.4423846822324325 -0.00150819918598202 -0.07851916992866392
3.386 0.1446397699142807 0.3623903003970045 0.1461461885942477 0.4408631257872849 -0.001506418679966991 -0.07847282539028047
3.388 0.1467961100243541 0.3610189679309173 0.1483007513490267 0.4394455034384686 -0.001504641324672619 -0.0784265355075513
3.39 0.1490435270198213 0.3597595232379246 0.1505463941324916 0.4381398234218078 -0.001502867112670326 -0.07838030018388317
3.392 0.1513797293145146 0.3586203880790525 0.152880825351068 0.4369545074019627 -0.00150109603655341 -0.07833411932291025
3.394 0.1538016932721278 0.3576103681932516 0.1553010213610647 0.4358983610217451 -0.001499328088936969 -0.07828799282849341
3.396 0.1563055703052615 0.3567386112033871 0.1578031335677193 0.4349805318081067 -0.001497563262457825 -0.0782419206047196
3.398 0.1588865907431599 0.3560145499544433 0.1603823922929344 0.4342104525103444 -0.001495801549774449 -0.07819590255590117
3.4 0.1615389661787545 0.3554478293344653 0.1630330091223214 0.4335977679210405 -0.001494042943566879 -0.07814993858657521
3.402 0.1642557925260438 0.3550482146862352 0.1657480799625805 0.433152243287738 -0.00149228743653665 -0.07810402860150283
3.404 0.1670289565938626 0.3548254800832573 0.1685194916152693 0.432883652588926 -0.001490535021406716 -0.07805817250566864
3.406 0.1698490495994534 0.3547892750416135 0.1713378352903747 0.4328016452458935 -0.001488785690921374 -0.07801237020427998
3.408 0.1727052916747593 0.354948968700258 0.1741923311126055 0.4329155903030243 -0.001487039437846188 -0.07796662160276628
3.41 0.1755854720301198 0.3553134711485354 0.1770707682850877 0.4332343977553139 -0.001485296254967918 -0.07792092660677846
3.412 0.1784759099838082 0.3558910324325626 0.1799594661189027 0.4337663175547509 -0.001483556135094443 -0.07787528512218828
3.414 0.1813614424822696 0.3566890208392598 0.1828432615533243 0.4345187178943474 -0.001481819071054684 -0.07782969705508756
3.416 0.1842254439613181 0.3577136833340166 0.1857055290170166 0.4354978456458044 -0.001480085055698538 -0.07778416231178779
3.418 0.1870498843494366 0.3589698924887709 0.1885282384313334 0.4367085732875902 -0.001478354081896797 -0.07773868079881927
3.42 0.1898154306229378 0.3604608858332445 0.1912920567654789 0.438154138256175 -0.001476626142541077 -0.07769325242293051
3.422 0.1925015965023766 0.3621880052105257 0.1939764977329204 0.4398358823016134 -0.001474901230543747 -0.07764787709108771
3.424 0.1950869435928775 0.3641504453151959 0.1965601229317154 0.4417530000256699 -0.001473179338837854 -0.07760255471047402
3.426 0.1975493354706372 0.3663450219951876 0.1990207959310143 0.4439023071836765 -0.001471460460377052 -0.07755728518848891
3.428 0.1998662439286512 0.3687659719518627 0.2013359885167867 0.4462780403846102 -0.001469744588135529 -0.07751206843274758
3.43 0.202015103875761 0.3714047960088838 0.2034831355908689 0.4488717003599642 -0.001468031715107936 -0.07746690435108032
3.432 0.2039737103509954 0.3742501579741161 0.2054400321853047 0.451671950825648 -0.001466321834309316 -0.07742179285153188
3.434 0.2057206479580199 0.3772878501587382 0.2071852628967949 0.454664584001099 -0.001464614938775031 -0.07737673384236084
3.436 0.2072357399788528 0.3805008347705192 0.2086986510004135 0.4578325620025582 -0.001462911021560692 -0.07733172723203903
3.438 0.208500501756146 0.3838693676409352 0.2099617118318881 0.4611561405701859 -0.001461210075742089 -0.0772867729292508
3.44 0.2094985809409012 0.3873712071859941 0.2109580930353163 0.4646130780288867 -0.001459512094415122 -0.07724187084289259
3.442 0.2102161661381665 0.3909819073001667 0.2116739832088623 0.4681789281822388 -0.001457817070695726 -0.07719702088207213
3.444 0.2106423455671949 0.3946751883362134 0.2120984705649147 0.4718274112923213 -0.001456124997719807 -0.07715222295610794
3.446 0.2107693986932291 0.3984233757667374 0.2122238345618722 0.475530852741266 -0.00145443586864317 -0.07710747697452865
3.448 0.2105930063885099 0.4021978919547502 0.2120457560651514 0.4792606748018227 -0.001452749676641447 -0.07706278284707245
3.45 0.210112368903756 0.405969783054375 0.211563435318666 0.4829879235380615 -0.001451066414910035 -0.07701814048368648
3.452 0.2093302255205313 0.409710260748012 0.2107796115971953 0.4866838105425381 -0.001449386076664021 -0.07697354979452617
3.454 0.2082527748511538 0.4133912375371223 0.209700483506292 0.490320248227077 -0.001447708655138117 -0.0769290106899547
3.456 0.2068894999352077 0.4169858347335407 0.2083355340787943 0.493870357814083 -0.001446034143586589 -0.07688452308054235
3.458 0.2052529071185813 0.4204688441101986 0.2066972696538645 0.4973089309872646 -0.001444362535283195 -0.07684008687706596
3.46 0.2033581918051109 0.4238171271783476 0.2048008856286321 0.5006128291688559 -0.001442693823521109 -0.07679570199050828
3.462 0.201222847239666 0.4270099399674925 0.2026638752412789 0.5037613082995499 -0.001441028001612862 -0.07675136833205738
3.464 0.1988662343275761 0.4300291756365046 0.2003055993904664 0.5067362614496107 -0.001439365062890271 -0.07670708581310613
3.466 0.1963091310706536 0.4328595218375549 0.197746836071358 0.5095223761828064 -0.001437705000704371 -0.07666285434525151
3.468 0.1935732795679904 0.4354885341329352 0.1950093273764158 0.5121072079732293 -0.00143604780842535 -0.07661867384029407
3.47 0.1906809468781227 0.4379066306014717 0.1921153403575652 0.5144811748117091 -0.001434393479442487 -0.07657454421023739
3.472 0.1876545136004426 0.440107015866945 0.1890872556076067 0.5166374812342324 -0.001432742007164079 -0.07653046536728739
3.474 0.1845161011055733 0.4420855449883612 0.1859471944905907 0.518571982212213 -0.001431093385017378 -0.07648643722385186
3.476 0.1812872451993938 0.4438405389596142 0.1827166928058423 0.520282998652154 -0.00142944760644853 -0.07644245969253982
3.478 0.1779886208980618 0.4453725640212058 0.1794164255629843 0.5217710967073667 -0.0014278046649225 -0.07639853268616088
3.48 0.1746398201317412 0.4466841867018286 0.1760659846856643 0.5230388428195535 -0.001426164553923022 -0.07635465611772486
3.482 0.1712591817247902 0.4477797156386351 0.1726837089917427 0.5240905455390761 -0.001424527266952517 -0.076310829900441
3.484 0.1678636709995204 0.4486649399427786 0.1692865637970525 0.5249319938904962 -0.001422892797532044 -0.07626705394771754
3.486 0.1644688048665176 0.4493468723357805 0.1658900660057188 0.5255702005089415 -0.001421261139201225 -0.07622332817316106
3.488 0.1610886172596583 0.4498335036421675 0.1625082495451765 0.5260131561327434 -0.001419632285518187 -0.07617965249057593
3.49 0.1577356592250907 0.4501335735943538 0.1591536654551502 0.5262696004083176 -0.001418006230059498 -0.07613602681396379
3.492 0.1544210277949758 0.4502563613843862 0.1558374107613959 0.5263488124419091 -0.001416382966420101 -0.07609245105752296
3.494 0.1511544179044448 0.4502114980428739 0.1525691803926581 0.5262604231785217 -0.001414762488213255 -0.07604892513564787
3.496 0.1479441919587905 0.4500088015734528 0.149357336747861 0.5260142505363813 -0.001413144789070466 -0.07600544896292846
3.498 0.1447974621588553 0.4496581348337799 0.1462089920214967 0.5256201572879297 -0.001411529862641433 -0.07596202245414974
3.5 0.1417201812845981 0.4491692854277624 0.1431300989871921 0.5250879309520535 -0.001409917702593978 -0.07591864552429112
3.502 0.1387172382627704 0.4485518663422805 0.1401255465653844 0.5244271844308064 -0.001408308302613987 -0.07587531808852588
3.504 0.1357925554711704 0.4478152357020544 0.1371992571275757 0.5236472757642751 -0.001406701656405349 -0.07583204006222065
3.506 0.1329491853259384 0.4469684338018005 0.1343542830836283 0.5227572451627354 -0.001405097757689894 -0.07578881136093488
3.508 0.1301894042407766 0.4460201354774651 0.131592900840984 0.5217657673778853 -0.00140349660020733 -0.0757456319004202
3.51 0.127514802532435 0.4449786158737824 0.1289167007101502 0.5206811174704024 -0.001401898177715185 -0.07570250159661997
3.512 0.1249263692602706 0.4438517277269436 0.1263266717442594 0.5195111480926122 -0.001400302483988742 -0.07565942036566863
3.514 0.1224245713408878 0.4426468883927661 0.1238232808537087 0.5182632765166574 -0.001398709512820984 -0.07561638812389133
3.516 0.1200094265641907 0.4413710749905769 0.1214065458222132 0.5169444797783801 -0.001397119258022528 -0.07557340478780319
3.518 0.1176805703681418 0.4400308261914886 0.1190761020815634 0.5155612964655976 -0.001395531713421569 -0.0755304702741089
3.52 0.1154373164087431 0.4386322493449142 0.1168312632816069 0.5141198338446163 -0.001393946872863817 -0.0754875844997021
3.522 0.1132787110953389 0.4371810317996507 0.1146710758255514 0.5126257791813156 -0.001392364730212441 -0.07544474738166487
3.524 0.1112035823603617 0.4356824554341524 0.1125943676397097 0.5110844142714197 -0.001390785279348006 -0.07540195883726727
3.526 0.1092105829965498 0.434141413555245 0.1105997915107182 0.5095006323392117 -0.001389208514168417 -0.07535921878396672
3.528 0.1072982289392072 0.4325624294606544 0.108685863367796 0.5078789566000618 -0.001387634428588855 -0.07531652713940738
3.53 0.1054649328900452 0.4309496760791235 0.1068509959065869 0.5062235599005435 -0.001386063016541727 -0.07527388382141992
3.532 0.1037090336871774 0.4293069962098695 0.105093527959154 0.5045382849578901 -0.001384494271976598 -0.07523128874802068
3.534 0.1020288218209722 0.4276379229759958 0.1034117500098323 0.5028266648134071 -0.00138292818886014 -0.07518874183741132
3.536 0.1004225614804085 0.4259457001863103 0.1018039262415846 0.5010919431942885 -0.001381364761176071 -0.07514624300797824
3.538 0.09888850949692858 0.424233302369191 0.1002683134798537 0.4993370945474832 -0.001379803982925095 -0.07510379217829209
3.54 0.09742493152972823 0.4225034543009748 0.09880317737785307 0.497564843568082 -0.001378245848124849 -0.07506138926710718
3.542 0.09603011580931278 0.4207586498978396 0.09740680616012262 0.4957776840912007 -0.001376690350809845 -0.07501903419336106
3.544 0.09470238473287282 0.4190011703834846 0.09607752221790422 0.4939778972596585 -0.001375137485031407 -0.07497672687617396
3.546 0.09344010457564708 0.4172331016751246 0.09481369182050471 0.4921675689099728 -0.001373587244857624 -0.07493446723484821
3.548 0.09224169355909025 0.4154563509594512 0.09361373318346353 0.4903486061483191 -0.001372039624373284 -0.07489225518886788
3.55 0.09110562849030132 0.4136726624505738 0.09247612310798115 0.4885227531084719 -0.001370494617679825 -0.07485009065789812
3.552 0.09003045016478431 0.4118836323399701 0.09139940238367958 0.4866916059017548 -0.001368952218895272 -0.07480797356178472
3.554 0.08901476770199106 0.4100907229615866 0.09038218012414524 0.4848566267821401 -0.001367412422154188 -0.07476590382055362
3.556 0.08805726196270101 0.4082952762053323 0.08942313718430862 0.4830191575597426 -0.001365875221607612 -0.0747238813544103
3.558 0.08715668817904886 0.4064985262211709 0.08852102879047187 0.4811804323049104 -0.001364340611423009 -0.07468190608373947
3.56 0.08631187790988587 0.4047016114604512 0.08767468649567008 0.4793415893895556 -0.001362808585784209 -0.07463997792910436
3.562 0.08552174041902656 0.4029055861067484 0.08688301955791793 0.4775036829179947 -0.001361279138891357 -0.07459809681124636
3.564 0.08478526355882346 0.4011114309503452 0.08614501582378431 0.4756676936014296 -0.001359752264960856 -0.07455626265108446
3.566 0.0841015142282331 0.3993200637620827 0.08545974218645841 0.4738345391317975 -0.001358227958225312 -0.07451447536971477
3.568 0.0834696384626379 0.3975323492245522 0.08482634467557137 0.4720050841129622 -0.001356706212933478 -0.07447273488840998
3.57 0.08288886120079517 0.3957491084772396 0.08424404822414537 0.4701801496058586 -0.001355187023350206 -0.07443104112861898
3.572 0.08235848576424347 0.3939711283338548 0.08371215614799986 0.468360522345821 -0.001353670383756384 -0.07438939401196622
3.574 0.08187789307390642 0.3921991702271367 0.08323004936235531 0.466546963687388 -0.001352156288448892 -0.07434779346025136
3.576 0.08144654061989251 0.3904339789381333 0.08279718535163305 0.4647402183335819 -0.001350644731740538 -0.07430623939544866
3.578 0.08106396119081014 0.3886762911632109 0.08241309689877015 0.4629410229029175 -0.001349135707960014 -0.07426473173970659
3.58 0.08072976136044246 0.3869268439719066 0.0820773905718943 0.4611501143872538 -0.001347629211451835 -0.07422327041534725
3.582 0.08044361972074345 0.3851863832070243 0.08178974495731973 0.4593682385518903 -0.001346125236576296 -0.07418185534486602
3.584 0.08020528484120004 0.3834556718746571 0.08154990861890944 0.457596158325588 -0.001344623777709406 -0.07414048645093091
3.586 0.08001457292594964 0.3817354985706699 0.08135769775519248 0.4558346622270522 -0.001343124829242846 -0.07409916365638225
3.588 0.07987136513068795 0.380026685986793 0.08121299351627186 0.454084572871025 -0.001341628385583914 -0.07405788688423204
3.59 0.07977560449189973 0.3783300995342644 0.0811157389330552 0.4523467555919281 -0.00134013444115547 -0.07401665605766362
3.592 0.07972729241116566 0.3766466561207375 0.08106593540156155 0.4506221272207686 -0.001338642990395886 -0.07397547110003112
3.594 0.07972648462678844 0.3749773331080402 0.08106363865454744 0.4489116650428991 -0.001337154027758997 -0.07393433193485899
3.596 0.0797732865940475 0.3733231774735067 0.08110895414176154 0.4472164159593482 -0.001335667547714043 -0.07389323848584152
3.598 0.07986784818414439 0.3716853151878398 0.08120203172889001 0.4455375058646822 -0.001334183544745625 -0.07385219067684243
3.6 0.08001035759977289 0.3700649608135197 0.08134305961312653 0.4438761492454141 -0.001332702013353647 -0.07381118843189431
3.602 0.08020103439308196 0.3684634273143718 0.08153225734113523 0.4422336589895701 -0.001331222948053272 -0.07377023167519824
3.604 0.08044012145936832 0.3668821360522606 0.08176986780274319 0.4406114563833838 -0.001329746343374864 -0.07372932033112324
3.606 0.0807278758671334 0.3653226269294674 0.08205614806099734 0.4390110812536733 -0.001328272193863944 -0.07368845432420587
3.608 0.08106455837322828 0.3637865686128158 0.08239135886730942 0.4374342021919655 -0.001326800494081134 -0.07364763357914973
3.61 0.08145042146047432 0.3622757687510757 0.08277575269907643 0.4358826267719008 -0.001325331238602113 -0.07360685802082503
3.612 0.08188569572522549 0.3607921840663984 0.08320956014724304 0.4343583116406665 -0.00132386442201756 -0.0735661275742681
3.614 0.0823705744354285 0.359337930165108 0.08369297447436161 0.4328633723297889 -0.00132240003893311 -0.07352544216468093
3.616 0.08290519607512793 0.3579152908734249 0.08422613415909723 0.4314000925908557 -0.001320938083969302 -0.07348480171743073
3.618 0.0834896246925844 0.3565267268556266 0.08480910324434593 0.4299709330136761 -0.00131947855176153 -0.07344420615804947
3.62 0.08412382787562617 0.355174883220715 0.08544184931258617 0.4285785386329484 -0.001318021436959993 -0.07340365541223345
3.622 0.08480765219414865 0.3538625957626022 0.08612421892837829 0.427225745168445 -0.001316566734229647 -0.07336314940584278
3.624 0.08554079597392349 0.3525928954161235 0.08685591041217364 0.4259155834810245 -0.001315114438250156 -0.073322688064901
3.626 0.08632277930632597 0.3513690104388959 0.08763644385004181 0.4246512817544905 -0.001313664543715844 -0.0732822713155946
3.628 0.08715291125211945 0.3501943657566936 0.08846512829745509 0.4234362648409661 -0.001312217045335643 -0.0732418990842725
3.63 0.08803025427123835 0.3490725788345987 0.0893410262090714 0.4222741501320446 -0.001310771937833052 -0.07320157129744584
3.632 0.08895358600707647 0.3480074513616718 0.09026291522302254 0.421168739243459 -0.001309329215946081 -0.07316128788178718
3.634 0.08992135867384976 0.3470029559700684 0.09122924754827696 0.4201240047341988 -0.001307888874427208 -0.07312104876413036
3.636 0.09093165644413329 0.3460632171534048 0.09223810735217662 0.4191440710248748 -0.00130645090804333 -0.07308085387146994
3.638 0.09198215141353618 0.3451924855108028 0.09328716672511189 0.4182331886417636 -0.001305015311575714 -0.07304070313096071
3.64 0.09307005892569929 0.3443951044345046 0.09437364100551925 0.417395700904422 -0.001303582079819953 -0.07300059646991737
3.642 0.094192093280553 0.3436754683851546 0.09549424448813892 0.4166360022009686 -0.001302151207585916 -0.07296053381581395
3.644 0.09534442510967402 0.3430379719766304 0.09664514779937172 0.415958487072914 -0.001300722689697703 -0.07292051509628353
3.646 0.09652264198365904 0.3424869492298672 0.09782193850465264 0.4153674894689848 -0.001299296520993595 -0.07288054023911765
3.648 0.09772171410227339 0.3420266025673707 0.0990195867985994 0.4148672117396367 -0.001297872696326011 -0.07284060917226598
3.65 0.09893596719543254 0.3416609214169113 0.100232418405994 0.4144616432407472 -0.001296451210561461 -0.07280072182383589
3.652 0.1001590650079029 0.341393590683577 0.1014540970664834 0.4141544688056689 -0.001295032058580497 -0.07276087812209193
3.654 0.1013840039275186 0.3412278898379778 0.1026776191627963 0.4139489678334333 -0.001293615235277671 -0.07272107799545552
3.656 0.1026031224147399 0.3411665839512403 0.1038953231503014 0.4138479053237447 -0.001292200735561484 -0.07268132137250438
3.658 0.1038081278639455 0.341211808674169 0.1050989164182998 0.4138534168561412 -0.001290788554354346 -0.07264160818197225
3.66 0.1049901433415832 0.3413649518835553 0.1062795220281758 0.4139668902363036 -0.001289378686592525 -0.07260193835274836
3.662 0.1061397762680432 0.3416265354681677 0.1074277473952693 0.4141888472820448 -0.001287971127226109 -0.07256231181387707
3.664 0.1072472105143311 0.3419961014490008 0.10853377638555 0.4145188299435582 -0.001286565871218949 -0.07252272849455739
3.666 0.1083023225606866 0.342472107261557 0.1095874854742352 0.4149552955856997 -0.001285162913548628 -0.07248318832414262
3.668 0.1092948213154052 0.3430518354982114 0.1105785835646116 0.4154955267303513 -0.001283762249206405 -0.07244369123213988
3.67 0.1102144099513652 0.343731323642143 0.1114967738245623 0.4161355607903527 -0.001282363873197175 -0.07240423714820972
3.672 0.1110509667359155 0.3445053192432957 0.1123319345164549 0.4168701452454614 -0.001280967780539425 -0.07236482600216571
3.674 0.1117947403981311 0.3453672655387366 0.1130743143643963 0.4176927232627106 -0.00127957396626519 -0.07232545772397396
3.676 0.1124365541956034 0.3463093216616114 0.1137147366210234 0.4185954539053642 -0.001278182425420003 -0.07228613224375277
3.678 0.1129680116421091 0.3473224203182895 0.114244804795172 0.4195692698100618 -0.00127679315306286 -0.07224684949177228
3.68 0.1133816959655757 0.348396364182843 0.1146571021098419 0.4206039735812969 -0.001275406144266169 -0.07220760939845387
3.682 0.1136713549012841 0.3495199603422649 0.1149453762953998 0.4216883722366348 -0.00127402139411571 -0.0721684118943699
3.684 0.1138320624835953 0.3506811900563586 0.1151047013813059 0.4228104469666019 -0.00127263889771059 -0.0721292569102433
3.686 0.1138603501320594 0.3518674090337011 0.1151316087822226 0.4239575534106482 -0.001271258650163201 -0.07209014437694707
3.688 0.1137543005278138 0.3530655715375361 0.115024181174413 0.42511664576304 -0.001269880646599175 -0.07205107422550394
3.69 0.1135135994859582 0.3542624701087993 0.1147821043681155 0.4262745164958853 -0.001268504882157341 -0.07201204638708598
3.692 0.1131395431251711 0.3554449816613655 0.1144066744771608 0.4274180424543796 -0.001267131351989686 -0.07197306079301413
3.694 0.1126349999552612 0.3566003102806363 0.1139007600065225 0.4285344276553942 -0.001265760051261305 -0.07193411737475787
3.696 0.1120043298544288 0.3577162172757096 0.1132687208295792 0.4296114333396444 -0.001264390975150367 -0.07189521606393473
3.698 0.1112532640950211 0.3587812298812656 0.1125162882138692 0.4306375866735756 -0.001263024118848067 -0.07185635679231001
3.7 0.1103887524247876 0.3597848213892665 0.1116504119023462 0.4316023608810628 -0.001261659477558583 -0.07181753949179627
3.702 0.10941878458378 0.3607175572788468 0.110679081630279 0.4324963213732998 -0.00126029704649904 -0.07177876409445302
3.704 0.1083521944544011 0.3615712039398366 0.1096111312753006 0.4333112344723228 -0.001258936820899461 -0.07174003053248625
3.706 0.1071984552805241 0.3623387986711846 0.1084560340765269 0.4340401374094326 -0.001257578796002732 -0.07170133873824808
3.708 0.1059674740866546 0.3630146816153373 0.1072236970537192 0.4346773702595736 -0.001256222967064553 -0.07166268864423632
3.71 0.1046693926601965 0.3635944920235758 0.1059242619895499 0.43521857220667 -0.001254869329353403 -0.07162408018309423
3.712 0.1033144013440916 0.3640751326349181 0.1045679192222421 0.435660645922528 -0.001253517878150496 -0.07158551328760984
3.714 0.1019125705491371 0.3644547069411795 0.1031647391578869 0.4360016948318954 -0.00125216860874974 -0.07154698789071588
3.716 0.1004737034671877 0.3647324346875498 0.1017245249836454 0.436240938613039 -0.001250821516457695 -0.07150850392548917
3.718 0.09900721205682116 0.3649085511515004 0.1002566886534147 0.4363786124766507 -0.001249476596593537 -0.07147006132515034
3.72 0.09752201708212481 0.3649841956014621 0.09877015092661381 0.4364158556245255 -0.00124813384448901 -0.07143166002306336
3.722 0.09602647186806483 0.3649612939347682 0.09727326512355322 0.4363545938875035 -0.001246793255488392 -0.0713932999527353
3.724 0.0945283085397136 0.364842439904588 0.09577376336466205 0.4361974209524037 -0.001245454824948449 -0.07135498104781575
3.726 0.0930346048445021 0.3646307786444141 0.0942787233927405 0.4359474818865107 -0.0012441185482384 -0.07131670324209662
3.728 0.09155176921004569 0.3643298954522565 0.09279455363078556 0.4356083619217681 -0.001242784420739875 -0.07127846646951164
3.73 0.0900855414470885 0.3639437120581788 0.09132699388493537 0.4351839827223149 -0.001241452437846875 -0.07124027066413606
3.732 0.08864100643339209 0.3634763919105812 0.08988112902835782 0.4346785076707673 -0.001240122594965729 -0.07120211576018616
3.734 0.08722261817436185 0.3629322554047129 0.08846141306187691 0.4340962570967319 -0.001238794887515061 -0.07116400169201903
3.736 0.08583423180066614 0.3623157054575186 0.08707170111159189 0.4334416338516506 -0.001237469310925745 -0.07112592839413204
3.738 0.08447914129044723 0.3616311634110567 0.0857152871510881 0.4327190592122193 -0.00123614586064087 -0.07108789580116262
3.74 0.08316012097471029 0.360883014920409 0.08439494550682598 0.4319329187682967 -0.001234824532115695 -0.0710499038478877
3.742 0.08187946916851301 0.360075565243934 0.08311297448933062 0.4310875177131576 -0.001233505320817618 -0.07101195246922351
3.744 0.08063905255533649 0.3592130031932599 0.08187124077756262 0.430187044793485 -0.00123218822222613 -0.07097404160022511
3.746 0.07944035022031037 0.3582993729051887 0.08067122345214316 0.4292355440812748 -0.00123087323183278 -0.07093617117608607
3.748 0.07828449647413512 0.3573385525554209 0.07951405681927624 0.4282368936875589 -0.001229560345141134 -0.07089834113213803
3.75 0.07717232182819096 0.3563342391333205 0.07840057138585771 0.4271947905371709 -0.001228249557666741 -0.07086055140385046
3.752 0.07610439166850314 0.3552899384261521 0.07733133253344023 0.4261127403529822 -0.001226940864937089 -0.07082280192683013
3.754 0.07508104233509962 0.3542089594123541 0.07630667659759119 0.424994052049175 -0.001225634262491571 -0.07078509263682088
3.756 0.07410241444224869 0.3530944123277637 0.07532674418813014 0.4238418357974669 -0.001224329745881445 -0.0707474234697032
3.758 0.07316848337858736 0.3519492097405562 0.07439151068925716 0.42265900410205 -0.001223027310669798 -0.07070979436149388
3.76 0.0722790870070894 0.3507760700462492 0.07350081395952091 0.4214482752945948 -0.001221726952431507 -0.07067220524834561
3.762 0.07143395064465098 0.3495775228677075 0.07265437931140419 0.4202121789342542 -0.001220428666753199 -0.07063465606654666
3.764 0.07063270944529336 0.3483559159169892 0.07185184189452658 0.4189530626695098 -0.001219132449233219 -0.07059714675252055
3.766 0.06987492834012669 0.3471134229419252 0.07109276663560828 0.4176731001847508 -0.001217838295481589 -0.07055967724282559
3.768 0.06916011970585575 0.3458520524409964 0.07037666590697572 0.416374299915151 -0.001216546201119972 -0.07052224747415464
3.77 0.06848775894342006 0.3445736568853867 0.06970301510520169 0.4150585142687214 -0.001215256161781632 -0.07048485738333467
3.772 0.06785729815058671 0.3432799422345001 0.06907126632369812 0.4137274491418266 -0.001213968173111405 -0.07044750690732643
3.774 0.06726817807036736 0.3419724775749236 0.06848086030113301 0.4123826735581476 -0.001212682230765651 -0.07041019598322409
3.776 0.06671983848995709 0.340652704747368 0.06793123682036932 0.411025629295623 -0.001211398330412228 -0.07037292454825497
3.778 0.06621172725728085 0.3393219478598378 0.0674218437250113 0.4096576403996168 -0.001210116467730449 -0.070335692539779
3.78 0.06574330807033277 0.3379814226095619 0.06695214470874382 0.4082799225048505 -0.001208836638411047 -0.07029849989528858
3.782 0.06531406718377462 0.3366322453598404 0.06652162602193076 0.4068935919122485 -0.001207558838156141 -0.07026134655240808
3.784 0.06492351916501542 0.3352754419365289 0.06612980222769461 0.4054996743854224 -0.001206283062679198 -0.0702242324488936
3.786 0.06457121181948171 0.333911956123029 0.0657762211271867 0.4040991136456615 -0.001205009307704995 -0.07018715752263251
3.788 0.06425673039341195 0.3325426578464498 0.06546046796238154 0.402692779558093 -0.001203737568969591 -0.07015012171164321
3.79 0.06397970115088962 0.3311683510576633 0.0651821689931099 0.4012814760117381 -0.001202467842220279 -0.07011312495407472
3.792 0.06373979441057619 0.3297897813149679 0.06494099453379175 0.3998659485031743 -0.001201200123215563 -0.07007616718820636
3.794 0.06353672711800347 0.3284076430898199 0.06473666152572859 0.3984468914422673 -0.001199934407725113 -0.07003924835244739
3.796 0.06337026501886905 0.3270225868160507 0.06456893571039879 0.3970249552013874 -0.001198670691529738 -0.0700023683853367
3.798 0.06324022449044027 0.3256352257100145 0.06443763346086161 0.3956007529355569 -0.001197408970421342 -0.06996552722554242
3.8 0.06314647407932254 0.3242461423910598 0.06434262331952544 0.3941748672029214 -0.001196149240202897 -0.06992872481186166
3.802 0.06308893578625374 0.3228558953353072 0.06428382728294214 0.3927478564185273 -0.001194891496688402 -0.06989196108322009
3.804 0.06306758613111722 0.3214650251969727 0.06426122186682008 0.3913202611756443 -0.001193635735702854 -0.06985523597867162
3.806 0.06308245702445944 0.3200740610331486 0.06427483897754165 0.3898926104705467 -0.001192381953082206 -0.0698185494373981
3.808 0.06313363646524744 0.3186835264696927 0.06432476660992079 0.3884654278684017 -0.001191130144673341 -0.06978190139870898
3.81 0.06322126907817589 0.3172939458461203 0.06441114938450992 0.3870392376481612 -0.001189880306334031 -0.06974529180204088
3.812 0.06334555649773616 0.3159058503788359 0.06453418893166907 0.3856145709657934 -0.001188632433932905 -0.06970872058695747
3.814 0.06350675760005882 0.3145197843822133 0.06469414412340824 0.3841919720753622 -0.001187386523349417 -0.06967218769314888
3.816 0.06370518857750462 0.3131363115872008 0.06489133114797843 0.3827720046476323 -0.001186142570473808 -0.06963569306043153
3.818 0.06394122284472287 0.3117560215981802 0.06512612341592994 0.381355258226928 -0.001184900571207073 -0.06959923662874778
3.82 0.0642152907583817 0.3103795365281073 0.06539895127984263 0.3799423548662729 -0.001183660521460933 -0.06956281833816559
3.822 0.0645278791259719 0.3090075178527357 0.06571030154312969 0.3785339559816139 -0.001182422417157792 -0.06952643812887814
3.824 0.06487953047228177 0.3076406735228682 0.06606071672651248 0.3771307694640718 -0.00118118625423071 -0.06949009594120359
3.826 0.06527084202377913 0.3062797653750258 0.06645079405240249 0.3757335570906105 -0.001179952028623368 -0.06945379171558468
3.828 0.06570246436369098 0.3049256168774785 0.06688118409998102 0.374343142270067 -0.001178719736290034 -0.06941752539258848
3.83 0.06617509970105667 0.3035791212483471 0.06735258907425221 0.3729604181612531 -0.001177489373195532 -0.06938129691290594
3.832 0.06668949968730584 0.3022412499800207 0.06786576062262104 0.3715863561973725 -0.001176260935315205 -0.06934510621735178
3.834 0.06724646270378136 0.3009130617994633 0.06842149712241624 0.3702220150463272 -0.001175034418634887 -0.06930895324686392
3.836 0.06784683053176743 0.2995957120907519 0.0690206403509183 0.3688685500332552 -0.001173809819150864 -0.06927283794250332
3.838 0.06849148430389622 0.2982904628000914 0.06966407143676608 0.367527223045545 -0.00117258713286985 -0.06923676024545362
3.84 0.06918133962321432 0.2969986928345119 0.07035270597902327 0.3661994129315327 -0.001171366355808946 -0.06920072009702083
3.842 0.06991734072069362 0.2957219089576602 0.07108748820468924 0.3648866263962932 -0.001170147483995612 -0.06916471743863295
3.844 0.07070045350769701 0.2944617571716666 0.07186938402116463 0.3635905093835063 -0.001168930513467634 -0.06912875221183977
3.846 0.07153165736330373 0.2932200345599693 0.07269937280357683 0.3623128589182817 -0.001167715440273092 -0.06909282435831246
3.848 0.07241193548026882 0.2919987015460727 0.07357843774073915 0.361055635365916 -0.001166502260470326 -0.06905693381984329
3.85 0.0733422635763637 0.2907998945005563 0.07450755454649161 0.3598209750389015 -0.001165290970127907 -0.06902108053834524
3.852 0.07432359676200805 0.2896259385997647 0.07548767832733265 0.3586112030556166 -0.001164081565324603 -0.06898526445585187
3.854 0.07535685433968503 0.2884793608060885 0.07651972838183438 0.3574288463206053 -0.00116287404214935 -0.06894948551451682
3.856 0.07644290229706138 0.2873629027997708 0.0776045706937626 0.3562766464563844 -0.001161668396701215 -0.06891374365661358
3.858 0.07758253324578707 0.2862795336445104 0.07874299787087644 0.3551575724690456 -0.001160464625089369 -0.06887803882453518
3.86 0.07877644355155118 0.2852324619147874 0.07993570627498424 0.3540748328755813 -0.001159262723433057 -0.06884237096079387
3.862 0.08002520740187739 0.2842251469490588 0.08118327008973895 0.3530318869570797 -0.001158062687861563 -0.06880674000802085
3.864 0.08132924756705207 0.2832613088213556 0.08248611208156624 0.3520324547303215 -0.001156864514514177 -0.06877114590896587
3.866 0.08268880262912578 0.2823449365434213 0.08384447082866596 0.3510805251499183 -0.001155668199540172 -0.06873558860649701
3.868 0.08410389048843539 0.28148029392066 0.08525836422753416 0.3501803619642603 -0.001154473739098765 -0.06870006804360035
3.87 0.08557426800823066 0.2806719223893328 0.08672754913758975 0.3493365065527124 -0.00115328112935909 -0.06866458416337963
3.872 0.08709938673289823 0.2799246400604156 0.0882514770993984 0.3485537769694717 -0.001152090366500166 -0.06862913690905605
3.874 0.08867834471187137 0.2792435360927848 0.08982924615858225 0.3478372623167527 -0.001150901446710869 -0.06859372622396781
3.876 0.09030983459356387 0.2786339594147763 0.09145954895975376 0.3471923114663463 -0.001149714366189899 -0.06855835205156996
3.878 0.09199208831525156 0.2781015007195571 0.0931406174363973 0.3466245150549911 -0.001148529121145748 -0.06852301433543399
3.88 0.0937228189171872 0.2776519665796849 0.09487016462498388 0.3461396795989325 -0.001147345707796674 -0.06848771301924761
3.882 0.09549916025322883 0.2772913444710825 0.0966453243755995 0.3457437925178969 -0.001146164122370668 -0.06845244804681438
3.884 0.09731760565368217 0.277025757478909 0.09846259001478759 0.3454429768409625 -0.001144984361105426 -0.06841721936205347
3.886 0.09917394692102879 0.2768614074897391 0.1003177533412771 0.3452434343987384 -0.001143806420248316 -0.06838202690899933
3.888 0.1010632154018629 0.2768045057730615 0.1022058456979193 0.3451513764048629 -0.001142630296056351 -0.06834687063180141
3.89 0.1029796272617631 0.276861190037026 0.1041210832465592 0.3451729405117499 -0.001141455984796157 -0.06831175047472385
3.892 0.1049165354901111 0.2770374273257826 0.1060568189728551 0.3453140937079279 -0.001140283482743947 -0.06827666638214522
3.894 0.1068663915461 0.2773389025243789 0.1080055043322855 0.3455805208229371 -0.001139112786185485 -0.06824161829855814
3.896 0.1088207199042227 0.2777708927649138 0.1099586637956388 0.345977498933483 -0.001137943891416067 -0.06820660616856918
3.898 0.1107701090269479 0.2783381286903452 0.1119068858216884 0.3465097586272434 -0.001136776794740479 -0.06817162993689825
3.9 0.1127042224434421 0.2790446443277173 0.1138398339359151 0.347181333876096 -0.001135611492472978 -0.06813668954837865
3.902 0.1146118335967841 0.2798936182359381 0.1157462815777214 0.3479954031838947 -0.001134447980937257 -0.06810178494795659
3.904 0.116480887889514 0.2808872095925445 0.1176141741459804 0.3489541256732354 -0.001133286256466421 -0.06806691608069089
3.906 0.1182985948638894 0.2820263939230002 0.1194307211792924 0.3500584768147529 -0.001132126315402952 -0.06803208289175278
3.908 0.1200515526602932 0.2833108041849633 0.1211825208143919 0.3513080895113889 -0.001130968154098685 -0.06799728532642557
3.91 0.1217259057887132 0.2847385838157673 0.122855717557628 0.3527011071458717 -0.001129811768914778 -0.06796252333010436
3.912 0.1233075358263154 0.2863062590334697 0.1244361929825371 0.3542340558817655 -0.001128657156221684 -0.06792779684829579
3.914 0.1247822829569787 0.2880086380433649 0.1259097872693778 0.3559017438699825 -0.001127504312399118 -0.06789310582661767
3.916 0.1261361943716972 0.2898387447437668 0.1272625476055332 0.3576971949545656 -0.001126353233836038 -0.06785845021079881
3.918 0.1273557935607669 0.2917877939565064 0.1284809974776975 0.3596116239031851 -0.001125203916930606 -0.06782382994667867
3.92 0.1284283626010457 0.2938452140840412 0.1295524189591359 0.3616344590642483 -0.001124056358090168 -0.06778924498020707
3.922 0.1293422278383279 0.2959987213965047 0.1304651383920591 0.3637534166539486 -0.001122910553731222 -0.0677546952574439
3.924 0.1300870380756626 0.2982344479426167 0.131208804575942 0.3659546286671756 -0.001121766500279392 -0.06772018072455896
3.926 0.1306540236634356 0.3005371224563923 0.131774647857605 0.3682228237842238 -0.001120624194169396 -0.06768570132783151
3.928 0.1310362248869195 0.3028903007750469 0.1321557085187645 0.370541557788697 -0.001119483631845025 -0.0676512570136501
3.93 0.1312286788370324 0.3052766394107652 0.1323470236467915 0.3728934871392775 -0.001118344809759108 -0.06761684772851226
3.932 0.1312285555340064 0.3076782032661942 0.1323457632583799 0.3752606766852184 -0.001117207724373493 -0.06758247341902422
3.934 0.1310352363742589 0.3100767962985812 0.132151308746418 0.3776249303304818 -0.001116072372159009 -0.06754813403190066
3.936 0.1306503308304357 0.3124543024314718 0.1317652695800312 0.3799681319454362 -0.001114938749595448 -0.06751382951396438
3.938 0.1300776305294204 0.3147930233239239 0.1311914373825919 0.38227258313607 -0.001113806853171533 -0.06747955981214611
3.94 0.1293230031007955 0.3170759998224401 0.1304356797801804 0.3845213246959242 -0.001112676679384891 -0.06744532487348415
3.942 0.1283942312583058 0.3192873050003956 0.1295057794830478 0.3866984296455198 -0.001111548224742026 -0.06741112464512411
3.944 0.1273008051981935 0.3214122985394467 0.1284112266839518 0.3887892576137655 -0.001110421485758296 -0.06737695907431877
3.946 0.1260536783808946 0.3234378346368238 0.1271629748398525 0.3907806627452514 -0.00110929645895788 -0.06734282810842758
3.948 0.1246649979793782 0.3253524184100074 0.125773171120252 0.392661150104924 -0.001108173140873753 -0.06730873169491659
3.95 0.1231478216930163 0.3271463086655335 0.1242548732210639 0.3944209784468916 -0.001107051528047665 -0.06727466978135807
3.952 0.1215158322792155 0.3288115676681738 0.1226217638962456 0.3960522099836041 -0.001105931617030104 -0.0672406423154303
3.954 0.119783060151307 0.3303420609957819 0.1208878735556873 0.3975487102406992 -0.001104813404380278 -0.06720664924491725
3.956 0.1179636228875273 0.331733412544741 0.1190673197741934 0.3989061030624494 -0.001103696886666088 -0.06717269051770834
3.958 0.1160714886648308 0.3329829211839538 0.1171740707252949 0.400121687265752 -0.001102582060464094 -0.06713876608179821
3.96 0.1141202686551281 0.3340894464159846 0.1152217375774876 0.401194322301271 -0.001101468922359499 -0.06710487588528641
3.962 0.1121230414607898 0.3350532707240343 0.1132233989297359 0.4021242906004114 -0.001100357468946116 -0.06707101987637708
3.964 0.1100922108492272 0.3358759461346195 0.1111914585460536 0.4029131441379983 -0.001099247696826344 -0.06703719800337887
3.966 0.1080393964737027 0.3365601320000396 0.1091375360763138 0.4035635422147441 -0.001098139602611142 -0.06700341021470443
3.968 0.1059753559855949 0.3371094302115686 0.107072389168515 0.404079086670439 -0.001097033182920004 -0.06696965645887039
3.97 0.1039099359873409 0.3375282230919593 0.1050058644217218 0.4044641597764562 -0.001095928434380932 -0.06693593668449691
3.972 0.1018520486221998 0.3378215181852235 0.1029468739758302 0.4047237690255311 -0.00109482535363041 -0.06690225084030753
3.974 0.09980967023256436 0.3379948031324511 0.1009033941698777 0.40486340200758 -0.001093723937313381 -0.06686859887512887
3.976 0.09778985839344718 0.3380539128586818 0.09888248257553041 0.4048888935965722 -0.001092624182083218 -0.06683498073789038
3.978 0.0957987836936251 0.3380049104352718 0.0968903097782268 0.4048063068128958 -0.0010915260846017 -0.06680139637762403
3.98 0.093841772850543 0.3378539822471546 0.09493220249208199 0.4046218279906187 -0.001090429641538988 -0.06676784574346419
3.982 0.09192336005602923 0.3376073474950009 0.09301269490560284 0.4043416762796481 -0.001089334849573598 -0.06673432878464722
3.984 0.09004734381619367 0.3372711815964441 0.09113558552158604 0.4039720270469555 -0.001088241705392378 -0.0667008454505113
3.986 0.08821684694712681 0.3368515527074912 0.08930399715281728 0.4035189483979873 -0.001087150205690479 -0.06666739569049614
3.988 0.08643437777895464 0.3363543703520256 0.08752043812612598 0.4029883498061684 -0.001086060347171334 -0.06663397945414277
3.99 0.08470189099952057 0.3357853450064854 0.0857868631260672 0.4023859416975786 -0.001084972126546631 -0.06660059669109322
3.992 0.08302084691191171 0.335149957421036 0.084104732452448 0.4017172047721263 -0.001083885540536291 -0.06656724735109033
3.994 0.0813922681882944 0.3344534364518037 0.08247506877416283 0.4009873678357811 -0.001082800585868437 -0.06653393138397748
3.996 0.0798167934665462 0.3337007442157739 0.08089851072582557 0.4002013929554722 -0.001081717259279377 -0.06650064873969828
3.998 0.07829472735978886 0.3328965674471458 0.07937536291730243 0.3993639668154422 -0.001080635557513574 -0.06646739936829643
4 0.07682608663345662 0.3320453140223537 0.07790564211078024 0.398479497242269 -0.001079555477323625 -0.06643418321991536
4.002 0.07541064245046697 0.3311511137191081 0.0764891194659372 0.3975521139639062 -0.001078477015470234 -0.06640100024479809
4.004 0.07404795870110702 0.3302178223790805 0.07512535886982921 0.3965856727723674 -0.001077400168722189 -0.06636785039328685
4.006 0.0727374265198004 0.3292490287464447 0.07381375145365675 0.3955837623622677 -0.001076324933856339 -0.06633473361582298
4.008 0.07147829515384829 0.3282480633534491 0.07255354646150586 0.3945497132163956 -0.001075251307657566 -0.06630164986294654
4.01 0.07026969939305092 0.3272180089174078 0.07134387867996968 0.393486608002704 -0.001074179286918766 -0.06626859908529621
4.012 0.0691106837952971 0.3261617117975335 0.07018379266373792 0.3923972930311424 -0.001073108868440822 -0.0662355812336089
4.014 0.06800022395863535 0.3250817941372383 0.06907226400766793 0.3912843903959578 -0.001072040049032579 -0.06620259625871958
4.016 0.0669372450942655 0.3239806663843252 0.06800821791977633 0.3901503104958863 -0.001070972825510824 -0.06616964411156108
4.018 0.06592063815238101 0.3228605399408048 0.06699054534708128 0.3889972646839685 -0.00106990719470026 -0.06613672474316376
4.02 0.06494927374530314 0.3217234397455987 0.06601811689873663 0.387827277850254 -0.001068843153433482 -0.06610383810465531
4.022 0.0640220140996783 0.3205712166360182 0.06508979479822925 0.3866422007832787 -0.001067780698550953 -0.06607098414726049
4.024 0.06313772325628822 0.3194055593720121 0.06420444308318921 0.385443722194313 -0.001066719826900984 -0.06603816282230093
4.026 0.06229527571896044 0.3182280062364113 0.06336093625430014 0.3842333803176062 -0.001065660535339708 -0.06600537408119483
4.028 0.06149356373956636 0.3170399561517933 0.06255816656029742 0.3830125740272501 -0.001064602820731056 -0.06597261787545682
4.03 0.06073150340782071 0.315842679273833 0.06179505008776745 0.3817825734305305 -0.001063546679946734 -0.0659398941566975
4.032 0.06000803969993005 0.3146373270389272 0.06107053180979626 0.3805445299155508 -0.001062492109866203 -0.06590720287662356
4.034 0.05932215062448148 0.3134249416577152 0.06038358973185814 0.3792994856447524 -0.001061439107376653 -0.0658745439870372
4.036 0.0586728505888358 0.3122064650557763 0.05973323825820877 0.3780483824956124 -0.001060387669372979 -0.06584191743983606
4.038 0.05805919309662337 0.3109827472722285 0.05911853088938113 0.3767920704592415 -0.001059337792757761 -0.06580932318701294
4.04 0.05748027287415548 0.3097545543332489 0.05853856234859672 0.3755313155139046 -0.001058289474441242 -0.06577676118065565
4.042 0.05693522751170497 0.3085225756212222 0.05799247022304627 0.3742668069941689 -0.0010572427113413 -0.06574423137294665
4.044 0.05642323869619541 0.3072874307656041 0.05747943619657885 0.372999164481767 -0.001056197500383429 -0.06571173371616287
4.046 0.05594353310133093 0.3060496760818618 0.05699868693983164 0.3717289442445373 -0.001055153838500718 -0.06567926816267547
4.048 0.05549538299375732 0.3048098105882384 0.05654949471639114 0.3704566452531881 -0.001054111722633826 -0.06564683466494968
4.05 0.05507810660553055 0.3035682816295253 0.05613117775526151 0.3691827148050697 -0.001053071149730961 -0.06561443317554445
4.052 0.0546910683169874 0.3023254901386556 0.05574310043373525 0.3679075537857679 -0.001052032116747853 -0.06558206364711228
4.054 0.05433367868770644 0.3010817955659659 0.05538467330835418 0.3666315215983648 -0.001050994620647738 -0.06554972603239896
4.056 0.05400539436797499 0.2998375205058742 0.05505535302637633 0.3653549407901177 -0.001049958658401337 -0.06551742028424345
4.058 0.0537057179185926 0.2985929550508457 0.05475464214557942 0.3640781014064231 -0.001048924226986825 -0.06548514635557746
4.06 0.05343419756235637 0.297348360900884 0.05448208888574619 0.3628012651003094 -0.001047891323389816 -0.06545290419942543
4.062 0.05319042688701476 0.2961039752571808 0.0542372868316181 0.3615246690260849 -0.001046859944603339 -0.06542069376890405
4.064 0.05297404451586372 0.2948600145270036 0.05401987460349154 0.3602485295442259 -0.001045830087627819 -0.06538851501722237
4.066 0.05278473375923035 0.2936166778662799 0.05382953550870139 0.3589730457639612 -0.001044801749471048 -0.06535636789768123
4.068 0.05262222225739705 0.2923741505863582 0.05366599718454523 0.3576984029500315 -0.001043774927148172 -0.06532425236367327
4.07 0.05248628162275662 0.2911326074496822 0.05352903124043829 0.3564247758183647 -0.001042749617681663 -0.0652921683686826
4.072 0.05237672708690847 0.2898922158799373 0.05341845290500977 0.3551523317462219 -0.001041725818101301 -0.06526011586628461
4.074 0.05229341715592063 0.2886531391099594 0.05333412068136478 0.3538812339201051 -0.001040703525444151 -0.06522809481014571
4.076 0.05223625327509061 0.2874155392924247 0.05327593601184515 0.3526116444464479 -0.001039682736754541 -0.06519610515402317
4.078 0.052205179502253 0.2861795805960459 0.05324384295133704 0.3513437274478108 -0.00103866344908404 -0.06516414685176485
4.08 0.05220018218677525 0.284945432310904 0.0532378278462667 0.3500776521682129 -0.001037645659491442 -0.06513221985730897
4.082 0.05222128964917418 0.283713271986592 0.05325791901421692 0.3488135961112759 -0.001036629365042737 -0.06510032412468392
4.084 0.05226857185407219 0.2824832886255886 0.05330418641688329 0.3475517482335966 -0.001035614562811098 -0.06506845960800803
4.086 0.05234214006705084 0.281255685955337 0.05337674131692769 0.3462923122168264 -0.00103460124987685 -0.06503662626148934
4.088 0.05244214648321447 0.2800306858025292 0.05347573590654193 0.3450355098419546 -0.001033589423327459 -0.06500482403942545
4.09 0.05256878381292136 0.2788085315917619 0.05360136289317886 0.3437815844879651 -0.001032579080257507 -0.06497305289620313
4.092 0.0527222848068361 0.2775894919929702 0.05375385502460477 0.3425308047792684 -0.001031570217768668 -0.06494131278629828
4.094 0.0529029216995448 0.2763738647395471 0.05393348453251449 0.3412834684038227 -0.001030562832969692 -0.06490960366427564
4.096 0.05311100554706007 0.2751619806410861 0.05414056247003645 0.3400399061258747 -0.001029556922976382 -0.06487792548478859
4.098 0.05334688542987056 0.2739542078124745 0.05437543791478213 0.3388004860150534 -0.001028552484911573 -0.06484627820257889
4.1 0.05361094748835799 0.2727509561422683 0.0546384970042631 0.3375656179147448 -0.001027549515905116 -0.06481466177247651
4.102 0.05390361375276431 0.2715526820210434 0.05493016176585816 0.3363357581704429 -0.001026548013093847 -0.06478307614939942
4.104 0.0542253407242504 0.2703598933496261 0.05525088869787198 0.3351114146379794 -0.001025547973621581 -0.06475152128835333
4.106 0.05457661765745099 0.2691731548457322 0.05560116705209007 0.3338931519901637 -0.001024549394639077 -0.06471999714443155
4.108 0.05495796448835302 0.26799309366413 0.05598151676165705 0.3326815973369447 -0.00102355227330403 -0.0646885036728147
4.11 0.05536992934365895 0.2668204053432564 0.05639248595044 0.3314774461720269 -0.001022556606781042 -0.06465704082877048
4.112 0.05581308556008176 0.2656558600857772 0.05683464795232337 0.3302814686534308 -0.001021562392241607 -0.06462560856765366
4.114 0.05628802813315757 0.264500309375365 0.05730859776002166 0.3290945162202705 -0.001020569626864089 -0.06459420684490554
4.116 0.05679536950571824 0.2633546929252147 0.05781494781355194 0.3279175285412688 -0.001019578307833701 -0.06456283561605403
4.118 0.05733573459660434 0.2622200459438422 0.05835432302894683 0.3267515407805555 -0.001018588432342487 -0.06453149483671326
4.12 0.05790975495953359 0.2610975066937098 0.05892735495712289 0.3255976911562933 -0.001017599997589303 -0.06450018446258353
4.122 0.05851806195215672 0.2599883243030654 0.05953467495293652 0.3244572287525164 -0.001016613000779794 -0.06446890444945094
4.124 0.05916127878421942 0.2588938667761614 0.0601769062233458 0.3233315215293487 -0.001015627439126376 -0.06443765475318727
4.126 0.05984001130441525 0.2578156291255665 0.06085465461426346 0.3222220644553163 -0.001014643309848214 -0.06440643532974973
4.128 0.06055483737647666 0.2567552415269166 0.06156849798664787 0.3211304876620975 -0.001013660610171209 -0.06437524613518081
4.13 0.06130629468699895 0.255714477368466 0.06231897402432692 0.320058564494074 -0.001012679337327972 -0.06434408712560803
4.132 0.06209486682395979 0.2546952610333705 0.0631065663125176 0.3190082192906143 -0.001011699488557804 -0.06431295825724377
4.134 0.0629209674625054 0.2536996752156104 0.06393168852361208 0.3179815347019954 -0.001010721061106682 -0.064281859486385
4.136 0.06378492249823997 0.2527299675263123 0.06479466655046721 0.3169807582957254 -0.001009744052227237 -0.06425079076941313
4.138 0.0646869499793073 0.2517885560970251 0.06569571843848603 0.316008308159819 -0.001008768459178734 -0.06421975206279384
4.14 0.06562713770501513 0.2508780338333808 0.06663493198424218 0.3150667771564576 -0.001007794279227051 -0.06418874332307675
4.142 0.06660541838933194 0.2500011709111816 0.06761223989897661 0.3141589354180769 -0.001006821509644664 -0.06415776450689537
4.144 0.06762154232752893 0.2491609150446605 0.06862739247523955 0.3132877306156273 -0.001005850147710628 -0.06412681557096678
4.146 0.06867504756232114 0.2483603889896999 0.0696799277530317 0.3124562854617914 -0.001004880190710552 -0.06409589647209149
4.148 0.06976522762025235 0.2476028846794841 0.07076913925618894 0.3116678918466373 -0.001003911635936587 -0.06406500716715324
4.15 0.07089109698580297 0.246891853326821 0.07189404146649037 0.3109260009399398 -0.001002944480687402 -0.06403414761311875
4.152 0.07205135460058826 0.2462308907722976 0.07305333332285643 0.3102342085393352 -0.00100197872226817 -0.06400331776703759
4.154 0.07324434581964749 0.2456237173163546 0.07424536017763804 0.3095962349023965 -0.001001014357990545 -0.06397251758604192
4.156 0.07446802342985873 0.245074151251267 0.07546807481503137 0.3090158982786134 -0.001000051385172645 -0.06394174702734633
4.158 0.07571990853299461 0.2445860753174129 0.07671899833413363 0.3084970813656605 -0.0009990898011390315 -0.06391100604824758
4.16 0.07699705231911116 0.244163395353864 0.07799518192233186 0.3080436899599885 -0.0009981296032206962 -0.06388029460612456
4.162 0.0782959999978893 0.2438099905086043 0.07929317078664434 0.3076596031670422 -0.0009971707887550367 -0.06384961265843787
4.164 0.0796127584073804 0.2435296545295861 0.08060897176246624 0.3073486146923159 -0.0009962133550858402 -0.06381896016272982
4.166 0.08094276907189736 0.2433260278834631 0.08193802637146062 0.3071143649600871 -0.0009952572995632655 -0.06378833707662407
4.168 0.08228088871251692 0.2432025207554845 0.08327519133206074 0.3069602641133102 -0.0009943026195438256 -0.06375774335782562
4.17 0.08362137940920313 0.2431622273747895 0.08461472872159349 0.3068894063389099 -0.0009933493123903661 -0.06372717896412042
4.172 0.08495791073849199 0.2432078325874841 0.08595030811396404 0.3069044764408594 -0.0009923973754720509 -0.06369664385337533
4.174 0.08628357624606757 0.243341512156781 0.08727502305223191 0.3070076501403188 -0.0009914468061643406 -0.0636661379835378
4.176 0.08759092651809219 0.2435648288909794 0.08858142411994117 0.3072004902036152 -0.0009904976018489777 -0.06363566131263586
4.178 0.08887202086409984 0.243878627358603 0.08986157062401381 0.3074838411573806 -0.0009895497599139657 -0.06360521379877768
4.18 0.09011849919253741 0.2442829306076952 0.09110710247029095 0.3078577260078468 -0.0009886032777535532 -0.06357479540015157
4.182 0.09132167502444509 0.2447768429124166 0.09230933317721331 0.3083212489874423 -0.0009876581527682141 -0.06354440607502572
4.184 0.09247264975564172 0.2453584630630538 0.09345936413800635 0.3088725088448018 -0.0009867143823646324 -0.06351404578174805
4.186 0.09356244725496313 0.2460248130315416 0.0945482192189188 0.3095085275102875 -0.0009857719639556821 -0.06348371447874591
4.188 0.09458216671269701 0.2467717869117983 0.09556699760765741 0.3102251990363243 -0.0009848308949604091 -0.06345341212452606
4.19 0.09552315039692916 0.2475941247985647 0.09650704156973318 0.311017263476239 -0.0009838911728040161 -0.06342313867767428
4.192 0.09637716171568166 0.2484854156818978 0.0973601145105995 0.3118783097787532 -0.0009829527949178438 -0.0633928940968554
4.194 0.09713656783022478 0.2494381324848808 0.09811858358896414 0.3128008108256937 -0.0009820157587393517 -0.06336267834081294
4.196 0.09779452012894654 0.2504437010739066 0.09877560019065865 0.3137761924422756 -0.0009810800617121029 -0.06333249136836898
4.198 0.09834512526855936 0.2514926034822434 0.0993252709698451 0.3147949366206674 -0.0009801457012857454 -0.06330233313842398
4.2 0.09878359931265919 0.2525745138047538 0.09976281198757518 0.3158467174147104 -0.0009792126749159961 -0.06327220360995667
4.202 0.09910639781250312 0.2536784633702279 0.1000846787925677 0.3169205661122516 -0.0009782809800646208 -0.06324210274202363
4.204 0.09931131550351383 0.2547930300346014 0.1002886661177132 0.3180050605283608 -0.0009773506141994202 -0.06321203049375941
4.206 0.09939755060031268 0.2559065449146487 0.1003739721751069 0.3190885317390248 -0.0009764215747942097 -0.0631819868243761
4.208 0.09936573038332029 0.2570073087453885 0.1003412242426491 0.3201592804385517 -0.0009754938593288054 -0.06315197169316328
4.21 0.09921789675028352 0.2580838094051434 0.1001924642155725 0.3212057944646312 -0.0009745674652890045 -0.06312198505948782
4.212 0.09895745249712433 0.2591249320732286 0.09993109488729089 0.3222169589560222 -0.0009736423901665684 -0.06309202688279363
4.214 0.09858907111976911 0.2601201539779758 0.09956178975122831 0.3231822511005774 -0.0009727186314592066 -0.0630620971226015
4.216 0.09811857472637239 0.2610597167028562 0.09909037091304296 0.3240919124413652 -0.000971796186670561 -0.06303219573850899
4.218 0.09755278607726268 0.2619347704516422 0.09852366113057287 0.3249370931418324 -0.000970875053310186 -0.06300232269019022
4.22 0.09689936173471406 0.2627374863856665 0.09786931696360759 0.325709964323062 -0.0009699552288935342 -0.06297247793739559
4.222 0.0961666137579332 0.2634611349907513 0.09713565046887514 0.3264037964307031 -0.0009690367109419382 -0.06294266143995174
4.224 0.09536332733098242 0.264100130245635 0.09633144682796502 0.3270130034033963 -0.0009681194969825954 -0.06291287315776127
4.226 0.09449858121581634 0.264650041016422 0.09546578480036488 0.3275331540672247 -0.0009672035845485495 -0.06288311305080262
4.228 0.09358157706565012 0.2651075724864004 0.0945478660368288 0.3279609535655302 -0.0009662889711786754 -0.06285338107912983
4.23 0.09262148252893884 0.2654705214773508 0.09358685818335651 0.3282941986802232 -0.0009653756544176613 -0.06282367720287242
4.232 0.09162729183354698 0.2657377102028082 0.09259175546536298 0.3285317115850434 -0.0009644636318159944 -0.06279400138223522
4.234 0.09060770627160561 0.2659089033226582 0.09157125917253556 0.3286732569001563 -0.000963552900929943 -0.06276435357749813
4.236 0.08957103580541922 0.2659847131761725 0.09053367926474076 0.3287194469251885 -0.0009626434593215387 -0.06273473374901596
4.238 0.0885251219440137 0.2659664978172273 0.08948685724857226 0.3286716396744456 -0.0009617353045585629 -0.0627051418572183
4.24 0.08747728115246527 0.2658562560228964 0.0884381095866798 0.3285318338855058 -0.0009608284342145298 -0.06267557786260933
4.242 0.08643426736633267 0.2656565228650841 0.08739419021220134 0.3283025645908517 -0.0009599228458686686 -0.06264604172576757
4.244 0.08540225169756473 0.2653702687859454 0.08636127023467063 0.3279868021932912 -0.0009590185371059091 -0.06261653340734581
4.246 0.08438681711985867 0.2650008044552611 0.08534493262537553 0.327587857323332 -0.0009581155055168642 -0.06258705286807087
4.248 0.08339296578803414 0.2645516930533304 0.08435017953673195 0.3271092931220739 -0.0009572137486978164 -0.06255760006874343
4.25 0.08242513664766113 0.2640266710467223 0.08338144991191182 0.3265548460169603 -0.0009563132642506979 -0.06252817497023794
4.252 0.08148723109604494 0.2634295780239624 0.08244264514582803 0.3259283555574647 -0.0009554140497830781 -0.06249877753350226
4.254 0.08058264463439277 0.2627642957436832 0.08153716073730091 0.3252337034632409 -0.0009545161029081457 -0.06246940771955772
4.256 0.07971430267513202 0.2620346962190815 0.08066792209637672 0.3244747617085803 -0.000953619421244694 -0.06244006548949874
4.258 0.07888469891687958 0.2612445984154409 0.07983742291929669 0.3236553492199337 -0.000952724002417105 -0.06241075080449281
4.26 0.07809593495336878 0.2603977329644529 0.07904776479742411 0.3227791965902332 -0.000951829844055333 -0.06238146362578027
4.262 0.07734976002800331 0.2594977141883457 0.0783006969717982 0.3218499181030198 -0.0009509369437948886 -0.06235220391467407
4.264 0.07664761007460019 0.2585480186691142 0.07759765537387701 0.3208709903016739 -0.0009500452992768245 -0.06232297163255969
4.266 0.0759906453896919 0.2575519695811266 0.07693980029783962 0.3198457363220216 -0.0009491549081477198 -0.06229376674089496
4.268 0.07537978646126554 0.2565127260198212 0.07632805222932521 0.3187773152210311 -0.0009482657680596627 -0.06226458920120985
4.27 0.07481574763155641 0.2554332765969137 0.07576312550822664 0.31766871557202 -0.0009473778766702366 -0.06223543897510631
4.272 0.07429906839761583 0.2543164366243604 0.07524555962925833 0.3165227526486186 -0.0009464912316425042 -0.06220631602425813
4.274 0.07383014225642302 0.2531648482715986 0.07477574808706802 0.3153420685820093 -0.0009456058306449928 -0.06217722031041076
4.276 0.07340924308070139 0.2519809831452345 0.07435396475205307 0.3141291349406157 -0.0009447216713516777 -0.06214815179538112
4.278 0.07303654907478385 0.2507671468088734 0.07398038782622582 0.3128862572499308 -0.0009438387514419669 -0.06211911044105745
4.28 0.0727121644036455 0.2495254848240001 0.07365512147224619 0.3116155810333993 -0.0009429570686006883 -0.06209009620939918
4.282 0.07243613862110002 0.2482579899552296 0.07337821524161808 0.3103190990176662 -0.0009420766205180721 -0.06206110906243668
4.284 0.07220848404350824 0.2469665102402406 0.07314968144839798 0.3089986592025118 -0.0009411974048897354 -0.06203214896227116
4.286 0.07202919122703264 0.2456527576749822 0.0729695106464493 0.3076559735460568 -0.0009403194194166696 -0.06200321587107454
4.288 0.07189824271161997 0.2443183173117358 0.07283768537342519 0.306292627062825 -0.0009394426618052222 -0.06197430975108912
4.29 0.07181562519449174 0.2429646566084642 0.07275419232425882 0.3049100871730918 -0.0009385671297670857 -0.06194543056462765
4.292 0.07178134029149005 0.2415931349013479 0.07271903311250934 0.3035097131754209 -0.000937692821019279 -0.06191657827407299
4.294 0.07179541403753698 0.2402050129057642 0.07273223377082111 0.3020927657476422 -0.0009368197332841335 -0.06188775284187798
4.296 0.07185790526840258 0.2388014621742622 0.07279385313269186 0.3006604164048275 -0.0009359478642892799 -0.06185895423056534
4.298 0.07196891301570295 0.2373835744643779 0.07290399022747059 0.2992137568671054 -0.0009350772117676325 -0.06183018240272746
4.3 0.07212858303593957 0.235952370986528 0.07306279080939694 0.2977538083075543 -0.0009342077734573733 -0.06180143732102623
4.302 0.07233711358328368 0.234508811519051 0.07327045313038562 0.2962815304672439 -0.0009333395471019387 -0.06177271894819291
4.304 0.07259476052428405 0.233053803389815 0.07352723305473406 0.294797830636843 -0.0009324725304500037 -0.06174402724702794
4.306 0.07290184188181489 0.2315882103347279 0.07383344860307037 0.2933035725151287 -0.0009316067212554698 -0.06171536218040082
4.308 0.07325874188453471 0.2301128612537131 0.07418948400181216 0.291799584964963 -0.0009307421172774471 -0.06168672371124988
4.31 0.07366591458797732 0.228628558890829 0.07459579330425756 0.2902866706934112 -0.0009298787162802422 -0.06165811180258221
4.312 0.07412388712307107 0.2271360884730772 0.07505290363910441 0.2887656148905506 -0.0009290165160333421 -0.06162952641747341
4.314 0.07463326261834086 0.2256362263468833 0.07556141813265226 0.2872371938659508 -0.0009281555143114021 -0.06160096751906751
4.316 0.07519472283290947 0.2241297486556912 0.0761220185418037 0.2857021837262679 -0.0009272957088942288 -0.06157243507057678
4.318 0.07580903052781938 0.2226174401071419 0.07673546762538615 0.2841613691424235 -0.0009264370975667672 -0.06154392903528155
4.32 0.0764770315948634 0.2211001028802063 0.07740261127298248 0.2826155522567363 -0.0009255796781190862 -0.06151544937653004
4.322 0.07719965695247814 0.2195785657274957 0.07812438040082451 0.2810655617852341 -0.0009247234483463652 -0.06148699605773832
4.324 0.07797792421038932 0.2180536933281758 0.0789017926164382 0.2795122623705658 -0.0009238684060488784 -0.06145856904239
4.326 0.07881293909417322 0.2165263959522832 0.07973595364320521 0.2779565642463194 -0.0009230145490319814 -0.06143016829403617
4.328 0.07970589661280589 0.2149976394965522 0.08062805848791199 0.2763994332728474 -0.0009221618751060971 -0.0614017937762952
4.33 0.08065808194162088 0.2134684559555142 0.08157939232370759 0.2748419014083668 -0.0009213103820867022 -0.06137344545285263
4.332 0.08167087098233332 0.2119399543930459 0.08259133105012763 0.2732850776805069 -0.0009204600677943127 -0.06134512328746096
4.334 0.08274573055159726 0.2104133324794623 0.08366534148165172 0.2717301597234018 -0.0009196109300544696 -0.06131682724393955
4.336 0.08388421813622035 0.2088898886613625 0.08480298110291808 0.2701784459475369 -0.0009187629666977247 -0.06128855728617438
4.338 0.08508798114014295 0.2073710350314929 0.08600589731570257 0.2686313484096109 -0.0009179161755596296 -0.06126031337811805
4.34 0.0863587555346788 0.2058583109635395 0.08727582608915951 0.267090406447329 -0.0009170705544807177 -0.06123209548378946
4.342 0.08769836380572808 0.2043533975779333 0.08861458990703458 0.2655573011452071 -0.0009162261013064933 -0.06120390356727375
4.344 0.08910871207604582 0.2028581330989149 0.09002409488993324 0.264033870691637 -0.0009153828138874164 -0.0611757375927221
4.346 0.09059178625984031 0.201374529160729 0.0915063269499192 0.2625221266850806 -0.0009145406900788907 -0.06114759752435168
4.348 0.09214964708671558 0.1999047881130092 0.09306334681445683 0.2610242714394546 -0.0009136997277412483 -0.06111948332644535
4.35 0.09378442380819151 0.1984513213670615 0.09469728373293124 0.2595427163304131 -0.0009128599247397365 -0.06109139496335159
4.352 0.09549830637497572 0.1970167688121788 0.09641032765392023 0.2580801012116632 -0.0009120212789445049 -0.0610633323994844
4.354 0.09729353584660655 0.1956040193149242 0.09820471963483714 0.2566393149142472 -0.000911183788230592 -0.06103529559932304
4.356 0.09917239276430047 0.1942162322947555 0.1000827402147784 0.2552235168221675 -0.0009103474504779103 -0.06100728452741196
4.358 0.1011371831887364 0.1928568603422285 0.1020466954523076 0.2538361594905891 -0.0009095122635712341 -0.06097929914836058
4.36 0.1031902220701182 0.1915296728147259 0.1040989002955184 0.2524810122415692 -0.0009086782254001858 -0.06095133942684323
4.362 0.1053338135859039 0.1902387803038039 0.1062416589197632 0.2511621856314029 -0.0009078453338592235 -0.06092340532759896
4.364 0.1075702280481608 0.1889886598190981 0.1084772416350085 0.2498841566345295 -0.0009070135868476256 -0.06089549681543135
4.366 0.1099016749482862 0.1877841804757252 0.1108078579305557 0.2486517943309336 -0.0009061829822694796 -0.06086761385520843
4.368 0.1123302716793633 0.1866306293993112 0.1132356251973969 0.2474703858111737 -0.0009053535180336676 -0.06083975641186248
4.37 0.1148580074472164 0.1855337374807237 0.1157625326392702 0.2463456619311136 -0.000904525192053855 -0.06081192445038994
4.372 0.1174867018662533 0.1844997045113738 0.1183903998685017 0.2452838224472249 -0.0009036980022484736 -0.06078411793585118
4.374 0.1202179577222178 0.1835352231176607 0.1211208296687586 0.2442915599510312 -0.0009028719465407135 -0.06075633683337046
4.376 0.1230531073927099 0.1826475007790995 0.1239551544155684 0.2433760818872351 -0.0009020470228585049 -0.06072858110813566
4.378 0.1259931524362963 0.1818442790668647 0.1268943756654308 0.242545129792263 -0.0009012232291345112 -0.0607008507253983
4.38 0.1290386959070064 0.1811338490722534 0.1299390964703125 0.2418069947227267 -0.0009004005633061091 -0.0606731456504732
4.382 0.1321898670307992 0.1805250618105202 0.1330894460541146 0.2411705276592586 -0.0008995790233153815 -0.06064546584873848
4.384 0.1354462379912444 0.1800273321894291 0.1363449965983535 0.2406451434750645 -0.0008987586071091009 -0.06061781128563536
4.386 0.1388067327321112 0.1796506349239631 0.1397046720447499 0.2402408168506312 -0.0008979393126387191 -0.06059018192666803
4.388 0.1422695279016597 0.1794054905681805 0.14316664903952 0.239968068305584 -0.0008971211378603529 -0.06056257773740351
4.39 0.1458319463351508 0.1793029396307129 0.1467282504158856 0.2398379383141844 -0.0008963040807347712 -0.06053499868347147
4.392 0.1494903438265031 0.1793545025535495 0.1503858319657305 0.2398619472841136 -0.0008954881392273837 -0.06050744473056414
4.394 0.1532399903634334 0.1795721231821542 0.1541346636747416 0.2400520390265903 -0.000894673311308227 -0.06047991584443616
4.396 0.1570749475147924 0.1799680932583525 0.1579688071097443 0.2404205052492569 -0.0008938595949519528 -0.06045241199090438
4.398 0.1609879442520887 0.1805549554508661 0.1618809912402265 0.2409798885867138 -0.0008930469881378141 -0.06042493313584779
4.4 0.1649702541658975 0.1813453825313143 0.1658624896547471 0.2417428617765217 -0.0008922354888496539 -0.06039747924520734
4.402 0.1690115777830057 0.1823520305388142 0.1699030028780816 0.2427220808238001 -0.0008914250950758924 -0.06037005028498582
4.404 0.1730999344786597 0.1835873641874438 0.1739905502834692 0.2439300104086915 -0.0008906158048095145 -0.06034264622124771
4.406 0.177221569286881 0.185063453394712 0.1781113769029291 0.245378720414831 -0.0008898076160480564 -0.06031526702011902
4.408 0.1813608806783626 0.1867917406740185 0.1822498812051562 0.2470796533218056 -0.0008890005267935949 -0.06028791264778718
4.41 0.1855003760514216 0.1887827802650338 0.1863885705864744 0.2490433633355348 -0.0008881945350527347 -0.06026058307050092
4.412 0.18962066218219 0.1910459512824545 0.1905080518210266 0.2512792295370245 -0.0008873896388365944 -0.06023327825457007
4.414 0.193700478115495 0.1935891488319538 0.1945870639516558 0.2537951469983192 -0.0008865858361607963 -0.06020599816636544
4.416 0.1977167778574776 0.1964184589412706 0.198602560982523 0.2565972017135893 -0.0008857831250454524 -0.06017874277231874
4.418 0.2016448696441933 0.1995378252060518 0.2025298511477085 0.2596893372449741 -0.0008849815035151547 -0.06015151203892236
4.42 0.2054586174335397 0.2029487171595369 0.2063427984031387 0.2630730230922663 -0.0008841809695989608 -0.06012430593272932
4.422 0.2091307085117272 0.206649812380381 0.2100140900330575 0.2667469368007341 -0.0008833815213303813 -0.06009712442035302
4.424 0.2126329887167272 0.2106367060928452 0.2135155718734746 0.2707066735613124 -0.0008825831567473709 -0.06006996746846721
4.426 0.2159368637611523 0.2149016632667223 0.2168186496350446 0.2749444983105281 -0.0008817858738923131 -0.06004283504380581
4.428 0.2190137615888358 0.2194334287810167 0.2198947512596478 0.2794491558941795 -0.00088098967081201 -0.06001572711316276
4.43 0.2218356467934071 0.2242171108809335 0.2227158413389647 0.2842057545243254 -0.0008801945455576695 -0.05998864364339193
4.432 0.2243755740932676 0.2292341517554167 0.2252549745894525 0.2891957363568236 -0.0008794004961848938 -0.05996158460140692
4.434 0.2266082640210538 0.2344623965161865 0.2274868715418075 0.2943969464703675 -0.0008786075207536682 -0.05993454995418099
4.436 0.2285106806953612 0.239876268177705 0.2293884963126895 0.2997838078464519 -0.000877815617328347 -0.05990753966874688
4.438 0.230062589157585 0.2454470515338724 0.2309396139415626 0.3053276052460691 -0.0008770247839776446 -0.05988055371219671
4.44 0.2312470686201645 0.2511432833816415 0.2321233036389391 0.3109968754333233 -0.0008762350187746207 -0.05985359205168179
4.442 0.2320509583221626 0.2569312406964329 0.2329264046419593 0.3167578953508455 -0.0008754463197966723 -0.05982665465441259
4.444 0.2324652146590298 0.2627755125991093 0.2333398733441553 0.3225752540867678 -0.0008746586851255182 -0.0597997414876585
4.446 0.2324851618125295 0.2686396367505167 0.2333590339253767 0.3284124892692644 -0.0008738721128471892 -0.05977285251874774
4.448 0.2321106230601363 0.2744867766581421 0.2329837096611883 0.3342327643732094 -0.0008730866010520169 -0.05974598771506725
4.45 0.2313459259357 0.2802804136794771 0.2322182280835346 0.3399995607235396 -0.0008723021478346213 -0.05971914704406253
4.452 0.2301997809715038 0.2859850265181846 0.2310712997227977 0.3456773569914222 -0.0008715187512938992 -0.05969233047323752
4.454 0.2286850403327001 0.2915667318523339 0.2295557767422331 0.3512322698224883 -0.0008707364095330127 -0.05966553797015444
4.456 0.2268183487128733 0.2969938622993767 0.2276883038335327 0.3566326318018104 -0.0008699551206593786 -0.05963876950243371
4.458 0.2246197039116206 0.302237461974898 0.2254888787944053 0.3618494870126518 -0.0008691748827846563 -0.05961202503775381
4.46 0.2221119481962781 0.3072716850352082 0.2229803438903028 0.3668569895790593 -0.0008683956940247358 -0.05958530454385109
4.462 0.2193202136532229 0.3120740883325851 0.2201878312057226 0.3716326963211048 -0.0008676175524997273 -0.05955860798851973
4.464 0.2162713452125742 0.3166258151678646 0.2171381856689082 0.3761577505074761 -0.0008668404563339488 -0.0595319353396115
4.466 0.2129933240057261 0.3209116726191311 0.213859388409382 0.3804169591841669 -0.0008660644036559172 -0.05950528656503579
4.468 0.2095147114183946 0.3249201097018602 0.2103800008109929 0.3843987713346196 -0.0008652893925983339 -0.05947866163275932
4.47 0.2058641309757926 0.3286431073808557 0.2067286463970907 0.3880951678916618 -0.000864515421298075 -0.05945206051080607
4.472 0.202069801383842 0.3320759941030624 0.2029335438717382 0.3915014772703196 -0.0008637424878961803 -0.05942548316725721
4.474 0.1981591300271146 0.3352172020047192 0.1990221006176525 0.3946161315749701 -0.0008629705905378427 -0.0593989295702509
4.476 0.1941583722949669 0.3380679793660906 0.1950205720223393 0.3974403790540728 -0.0008621997273723956 -0.05937239968798219
4.478 0.1900923585197049 0.3406320743971873 0.1909537884162582 0.3999779678858902 -0.0008614298965533024 -0.05934589348870289
4.48 0.1859842872501895 0.342915404227886 0.1868449483464277 0.4022348151686075 -0.0008606610962381457 -0.05931941094072143
4.482 0.1818555811368015 0.3449257212723461 0.1827154744613901 0.4042186732847488 -0.0008598933245886168 -0.05929295201240278
4.484 0.1777257998991476 0.3466722871441645 0.1785849264789181 0.4059388038163327 -0.0008591265797705031 -0.05926651667216824
4.486 0.1736126036734791 0.3481655621920238 0.1744709645334328 0.4074056670805193 -0.0008583608599536791 -0.05924010488849545
4.488 0.1695317594060914 0.3494169166658501 0.1703893555694035 0.4086306332957681 -0.0008575961633120929 -0.05921371662991805
4.49 0.1654971828074039 0.3504383676076137 0.1663540152954277 0.4096257194726395 -0.0008568324880237591 -0.05918735186502583
4.492 0.1615210085888854 0.3512423438730317 0.1623770784211561 0.410403354435496 -0.0008560698322707444 -0.05916101056246437
4.494 0.1576136821922196 0.3518414802608206 0.1584689903864588 0.4109761729517556 -0.0008553081942391581 -0.05913469269093502
4.496 0.1537840668788514 0.3522484405746072 0.1546386144509705 0.411356838793802 -0.0008545475721191417 -0.05910839821919479
4.498 0.1500395608146116 0.3524757685554614 0.1508933487787165 0.4115578956715176 -0.0008537879641048581 -0.05908212711605618
4.5 0.1463862195889198 0.3525357649813936 0.1472392489573143 0.4115916443317807 -0.0008530293683944801 -0.05905587935038708
4.502 0.1428288803997285 0.3524403888029 0.1436811521829187 0.4114700436940106 -0.0008522717831901805 -0.05902965489111065
4.504 0.1393712848875364 0.3522011799351584 0.1402228000942345 0.4112046336423635 -0.0008515152066981211 -0.05900345370720519
4.506 0.136016198282531 0.3518292012246135 0.1368669579196594 0.4108064769923175 -0.0008507596371284418 -0.05897727576770399
4.508 0.132765523131893 0.3513349971161862 0.1336155282045882 0.4102861181578815 -0.0008500050726952514 -0.05895112104169528
4.51 0.129620406394351 0.3507285666383679 0.1304696579059676 0.4096535561366899 -0.000849251511616615 -0.05892498949832205
4.512 0.1265813391207546 0.3500193484717067 0.1274298380728691 0.4089182295784886 -0.0008484989521145448 -0.05889888110678194
4.514 0.1236482482972393 0.3492162160504585 0.1244959956896543 0.4080890118867856 -0.0008477473924149892 -0.0588727958363271
4.516 0.1208205807078736 0.3483274808509898 0.1216675775386214 0.4071742145072539 -0.0008469968307478233 -0.05884673365626415
4.518 0.1180973788932793 0.3473609022305852 0.1189436261586261 0.4061815967665391 -0.0008462472653468367 -0.05882069453595397
4.52 0.1154773494467194 0.3463237023885969 0.1163228481411691 0.4051183808334085 -0.0008454986944497239 -0.05879467844481157
4.522 0.1129589240046037 0.3452225852192267 0.1138036751209018 0.4039912705715327 -0.0008447511162980752 -0.05876868535230609
4.524 0.1105403133704074 0.3440637580108665 0.1113843178995448 0.4028064732388271 -0.0008440045291373643 -0.05874271522796056
4.526 0.1082195552562096 0.3428529551133404 0.1090628141874265 0.4015697231546922 -0.00084325893121694 -0.05871676804135184
4.528 0.1059945561543939 0.3415954628471932 0.1068370704751839 0.4002863066093036 -0.0008425143207900134 -0.05869084376211046
4.53 0.1038631278542934 0.3402961450603377 0.104704898550407 0.3989610874202583 -0.0008417706961136503 -0.05866494235992055
4.532 0.1018230191123485 0.3389594688545149 0.1026640471677973 0.3975985326590347 -0.0008410280554487602 -0.05863906380451971
4.534 0.09987194296624903 0.3375895301041021 0.1007122293633091 0.396202738169801 -0.000840286397060085 -0.05861320806569886
4.536 0.09800760015615978 0.3361900784738519 0.09884714587537596 0.394777453587154 -0.0008395457192161903 -0.05858737511330214
4.538 0.09622769908879326 0.3347645417151461 0.09706650510898272 0.3933261066323729 -0.0008388060201894537 -0.05856156491722679
4.54 0.09452997274697961 0.3333160490803369 0.09536804004523566 0.39185182652776 -0.0008380672982560576 -0.0585357774474231
4.542 0.09291219291297416 0.3318474537428971 0.09374952246467014 0.3903574664167913 -0.0008373295516959756 -0.05851001267389417
4.544 0.09137218204320245 0.3303613541541245 0.09220877482199541 0.3888456247208204 -0.0008365927787929646 -0.05848427056669586
4.546 0.0899078230969117 0.3288601142974987 0.09074368007474626 0.3873186653934354 -0.0008358569778345547 -0.0584585510959367
4.548 0.08851706759285792 0.3273458828299067 0.08935218973996996 0.3857787370616844 -0.0008351221471120391 -0.05843285423177775
4.55 0.08719794213750356 0.3258206111186151 0.08803233042242403 0.3842277910630476 -0.0008343882849204638 -0.05840717994443247
4.552 0.08594855364218057 0.3242860701996971 0.08678220903173919 0.3826675984038637 -0.0008336553895586176 -0.05838152820416657
4.554 0.0847670934213893 0.3227438666955084 0.08560001688071832 0.3810997656768064 -0.0008329234593290228 -0.058355898981298
4.556 0.08365184034123073 0.3211954577375812 0.08448403283376865 0.379525749983778 -0.000832192492537926 -0.05833029224619678
4.558 0.08260116316732116 0.3196421649490131 0.08343262565481645 0.3779468729182979 -0.0008314624874952863 -0.05830470796928484
4.56 0.08161352224162842 0.3180851875437224 0.08244425568414318 0.3763643336647584 -0.0008307334425147673 -0.05827914612103598
4.562 0.08068747060184679 0.3165256146039659 0.08151747595776052 0.3747792212759417 -0.0008300053559137265 -0.05825360667197569
4.564 0.07982165464108641 0.3149644365985673 0.08065093286709962 0.3731925261912484 -0.0008292782260132061 -0.05822808959268112
4.566 0.07901481439211507 0.3134025562047206 0.07984336644325299 0.3716051510585014 -0.0008285520511379234 -0.0582025948537809
4.568 0.07826578350889143 0.3118407984973112 0.07909361033850769 0.3700179209232662 -0.0008278268296162601 -0.05817712242595501
4.57 0.07757348900633421 0.3102799205677262 0.07840059156611447 0.368431592847661 -0.0008271025597802535 -0.05815167227993474
4.572 0.07693695081047384 0.3087206206350109 0.07776333005043944 0.3668468650215135 -0.0008263792399655877 -0.05812624438650256
4.574 0.07635528116128834 0.3071635467085517 0.07718093802979992 0.3652643854250437 -0.0008256568685115826 -0.05810083871649197
4.576 0.07582768390373036 0.3056093048632483 0.07665261934749154 0.3636847601040357 -0.0008249354437611845 -0.05807545524078739
4.578 0.07535345369421305 0.3040584671840936 0.07617766865827401 0.3621085611144176 -0.0008242149640609575 -0.05805009393032406
4.58 0.07493197514377882 0.3025115794371586 0.07575547057153989 0.3605363341932466 -0.0008234954277610742 -0.058024754756088
4.582 0.07456272191295872 0.3009691685232866 0.07538549874617402 0.3589686062124024 -0.0008227768332153048 -0.05799943768911579
4.584 0.07424525576708715 0.2994317497676873 0.07506731494586816 0.3574058924681818 -0.0008220591787810084 -0.0579741427004945
4.586 0.07397922559570706 0.2978998340993448 0.07480056805852618 0.3558487038607064 -0.0008213424628191241 -0.05794886976136158
4.588 0.0737643663940636 0.296373935173139 0.07458499307775776 0.3542975540160438 -0.0008206266836941618 -0.05792361884290483
4.59 0.07360049819908909 0.2948545764847981 0.07442041003886328 0.3527529664011603 -0.0008199118397741916 -0.05789838991636214
4.592 0.07348752496710918 0.2933422985312424 0.07430672289654001 0.3512154814842639 -0.0008191979294308352 -0.05787318295302146
4.594 0.07342543337459284 0.2918376660648705 0.0742439183256321 0.3496856639890912 -0.0008184849510392569 -0.05784799792422071
4.596 0.07341429151727923 0.2903412754922615 0.07423206442025738 0.3481641102936092 -0.0008177729029781546 -0.05782283480134767
4.598 0.0734542474770164 0.2888537624652709 0.07427130926064615 0.3466514560211108 -0.0008170617836297499 -0.05779769355583984
4.6 0.07354552771838056 0.2873758097129426 0.07436187930976035 0.3451483838721269 -0.0008163515913797785 -0.05777257415918432
4.602 0.07368843527019509 0.2859081551607972 0.07450407759481256 0.3436556317437149 -0.0008156423246174821 -0.05774747658291773
4.604 0.07388334763877745 0.2844516003824153 0.07469828162051305 0.3421740011810414 -0.0008149339817355992 -0.05772240079862613
4.606 0.07413071439094981 0.2830070194275732 0.07494494095208017 0.3407043662055181 -0.0008142265611303553 -0.05769734677794486
4.608 0.07443105433529781 0.2815753680672933 0.07524457439649927 0.3392476825598518 -0.0008135200612014543 -0.05767231449255848
4.61 0.07478495221927091 0.2801576934940045 0.07559776669962298 0.3378049974082051 -0.0008128144803520687 -0.05764730391420057
4.612 0.07519305484823076 0.2787551445097963 0.07600516466521959 0.3363774595244501 -0.0008121098169888325 -0.05762231501465378
4.614 0.07565606651984175 0.2773689822301712 0.07646747258936358 0.3349663299959208 -0.00081140606952183 -0.05759734776574959
4.616 0.07617474365304761 0.2760005913236352 0.0769854468894122 0.3335729934630035 -0.0008107032363645876 -0.05757240213936825
4.618 0.07674988847622465 0.2746514917973332 0.07755988979215871 0.3321989699047718 -0.0008100013159340653 -0.05754747810743868
4.62 0.07738234162253706 0.2733233513279111 0.07819164192918771 0.3308459269698494 -0.0008093003066506479 -0.05752257564193836
4.622 0.07807297346435982 0.2720179981198945 0.07888157367129796 0.3295156928347878 -0.0008086002069381353 -0.05749769471489324
4.624 0.07882267399961307 0.2707374342577329 0.07963057501483681 0.3282102695561105 -0.0008079010152237336 -0.05747283529837759
4.626 0.07963234108591923 0.2694838494922873 0.08043954381585727 0.3269318468568013 -0.0008072027299380472 -0.05744799736451395
4.628 0.08050286679952376 0.2682596353762445 0.08130937214903883 0.3256828162617175 -0.0008065053495150702 -0.057423180885473
4.63 0.08143512167804917 0.2670673996292722 0.08224093055044135 0.3244657854627457 -0.0008058088723921757 -0.05739838583347344
4.632 0.0824299365909975 0.2659099805725917 0.0832350498880076 0.3232835927533736 -0.0008051132970101091 -0.05737361218078192
4.634 0.08348808196732577 0.2647904614262901 0.08429250058913874 0.322139321326003 -0.0008044186218129778 -0.05734885989971292
4.636 0.08461024409955907 0.2637121842073394 0.08541396894480731 0.321036313169968 -0.0008037248452482446 -0.05732412896262864
4.638 0.08579699824123108 0.2626787629002251 0.08660003020699779 0.3199781822421641 -0.0008030319657667162 -0.05729941934193892
4.64 0.08704877821562448 0.2616940955011416 0.08785111819744702 0.3189688265112428 -0.0008023399818225369 -0.05727473101010109
4.642 0.08836584227062912 0.2607623744504817 0.08916749116250229 0.3180124383901016 -0.0008016488918731786 -0.05725006393961993
4.644 0.08974823493978529 0.2598880948776823 0.09054919363416472 0.3171135129807299 -0.0008009586943794339 -0.05722541810304755
4.646 0.09119574471571414 0.2590760599794936 0.09199601410351954 0.3162768534524769 -0.0008002693878054049 -0.05720079347298324
4.648 0.09270785740685533 0.2583313827442291 0.09350743837747383 0.3155075727663025 -0.0007995809706184967 -0.05717619002207343
4.65 0.09428370514033671 0.2576594831200813 0.09508259858162611 0.3148110908430928 -0.0007988934412894087 -0.05715160772301155
4.652 0.09592201109617773 0.2570660796100894 0.09672021789446986 0.3141931261586274 -0.0007982067982921253 -0.05712704654853795
4.654 0.09762103021361765 0.2565571741653311 0.09841855125372155 0.3136596806367709 -0.0007975210401039078 -0.05710250647143979
4.656 0.09937848630904811 0.2561390291472425 0.1001753224742534 0.3132170166117934 -0.000796836165205286 -0.05707798746455094
4.658 0.10119150628416 0.2558181350502937 0.10198765845624 0.3128716245510456 -0.0007961521720800499 -0.05705348950075188
4.66 0.1030565523904236 0.2556011676282461 0.1038520214496388 0.3126301801812157 -0.0007954690592152417 -0.05702901255296963
4.662 0.1049693538494452 0.2554949330652255 0.1057641406745463 0.3124994896594031 -0.0007947868251011463 -0.05700455659417759
4.664 0.1069248395040544 0.2555062998937555 0.1077189449722857 0.3124864214911509 -0.0007941054682312835 -0.05698012159739547
4.666 0.1089170735890889 0.2556421165019981 0.1097104985761913 0.3125978240376873 -0.0007934249871024 -0.0569557075356892
4.668 0.1109391971450217 0.2559091133136057 0.1117319425252362 0.3128404276957765 -0.0007927453802144613 -0.05693131438217085
4.67 0.1129833780410681 0.2563137890817314 0.1137754446871387 0.3132207311917299 -0.0007920666460706427 -0.05690694210999848
4.672 0.1150407729872335 0.2568622812326321 0.1158321617704108 0.3137448719250082 -0.0007913887831773212 -0.05688259069237607
4.674 0.1171015052782304 0.2575602208346983 0.1178922170682744 0.3144184809372517 -0.0007907117900440675 -0.05685826010255341
4.676 0.1191546622671407 0.2584125735596678 0.1199446979323244 0.3152465238734938 -0.0007900356651836383 -0.05683395031382604
4.678 0.1211883166731957 0.2594234689362747 0.1219776770803077 0.3162331302358098 -0.0007893604071119672 -0.05680966129953512
4.68 0.1231895757315902 0.260596021251876 0.1239782617459383 0.3173814142849433 -0.0007886860143481568 -0.05678539303306728
4.682 0.1251446618327705 0.261932146590887 0.125932674318185 0.3186932920787417 -0.000788012485414471 -0.05676114548785466
4.684 0.1270390276338768 0.2634323816507179 0.1278263674527131 0.3201693002880927 -0.000787339818836327 -0.05673691863737471
4.686 0.1288575076207396 0.2650957110648905 0.1296441756338819 0.3218084235200406 -0.0007866680131422868 -0.05671271245515008
4.688 0.1305845067335991 0.2669194108832539 0.1313705038004631 0.3236079377980025 -0.0007859970668640483 -0.05668852691474859
4.69 0.1322042249771564 0.2688989165043418 0.1329895519556929 0.3255632784941249 -0.0007853269785364392 -0.05666436198978309
4.692 0.1337009149537198 0.2710277235980261 0.1344855727004172 0.3276679412519374 -0.0007846577466974082 -0.05664021765391138
4.694 0.1350591670996967 0.2732973302980427 0.1358431564695848 0.3299134241788789 -0.0007839893698880163 -0.05661609388083613
4.696 0.1362642151983315 0.2756972280912822 0.1370475370449839 0.332289218735587 -0.0007833218466524296 -0.05659199064430476
4.698 0.1373022526683466 0.2782149473497156 0.1380849078438846 0.334782855267825 -0.0007826551755379109 -0.05656790791810931
4.7 0.1381607483791743 0.2808361613485897 0.1389427377342692 0.3373800070246762 -0.0007819893550948126 -0.05654384567608645
4.702 0.1388287495206391 0.2835448499726295 0.1396100739045157 0.3400646538647468 -0.0007813243838765685 -0.0565198038921173
4.704 0.1392971585355452 0.2863235212823391 0.1400778187959849 0.3428193038224664 -0.0007806602604396848 -0.05649578254012733
4.706 0.1395589714342972 0.2891534858990895 0.140338968417641 0.3456252674931757 -0.0007799969833437334 -0.0564717815940863
4.708 0.139609466013018 0.2920151760328659 0.1403888005641693 0.3484629770608741 -0.0007793345511513454 -0.05644780102800822
4.71 0.1394463305605674 0.294888498189095 0.1402250035229956 0.3513123390050461 -0.0007786729624282 -0.05642384081595111
4.712 0.1390697264450622 0.2977532064096722 0.1398477386608053 0.3541531073416893 -0.0007780122157430195 -0.05639990093201704
4.714 0.1384822813153924 0.3005892815458265 0.1392596336250599 0.3569652628961784 -0.0007773523096675597 -0.05637598135035195
4.716 0.1376890132676659 0.3033773016540349 0.1384657065104425 0.3597293836991806 -0.000776693242776605 -0.05635208204514568
4.718 0.1366971899119607 0.3060987892035614 0.1374732249256087 0.3624269921941931 -0.000776035013647957 -0.05632820299063171
4.72 0.1355161295351512 0.308736522309104 0.1362915071560136 0.3650408664701911 -0.0007753776208624293 -0.05630434416108717
4.722 0.1341569542324031 0.3112747995212236 0.1349316752954069 0.3675553050520564 -0.0007747210630038392 -0.05628050553083275
4.724 0.1326323067846792 0.3136996505806184 0.1334063721233382 0.369956337654851 -0.0007740653386590003 -0.05625668707423257
4.726 0.1309560440910922 0.3159989887125091 0.1317294545375099 0.3722318774782032 -0.0007734104464177143 -0.05623288876569411
4.728 0.1291429201083028 0.318162703237033 0.1299156764931755 0.3743718138167011 -0.0007727563848727637 -0.0562091105796681
4.73 0.1272082705837382 0.3201826942386433 0.1279803737363581 0.3763680467292917 -0.0007721031526199049 -0.05618535249064846
4.732 0.1251677105312851 0.3220528535860591 0.1259391612795429 0.3782144680592313 -0.0007714507482578594 -0.05616161447317217
4.734 0.1230368535700237 0.3237689985827806 0.123807652740412 0.3799068950845999 -0.0007707991703883081 -0.05613789650181925
4.736 0.1208310601346102 0.3253287658854349 0.1216012085522261 0.3814429644366474 -0.0007701484176158812 -0.05611419855121252
4.738 0.1185652193534003 0.3267314740638106 0.1193347178419485 0.3828219946598283 -0.0007694984885481533 -0.0560905205960177
4.74 0.1162535672574875 0.3279779633291426 0.1170224166392831 0.3840448259400858 -0.0007688493817956345 -0.0560668626109432
4.742 0.1139095420511838 0.3290704206292071 0.1146777431471556 0.3851136451999472 -0.0007682010959717637 -0.05604322457074006
4.744 0.111545675540629 0.3300121976012551 0.1123132291703219 0.3860318040514569 -0.0007675536296929004 -0.05601960645020183
4.746 0.1091735185225462 0.3308076279127085 0.1099404255041245 0.3868036361368731 -0.0007669069815783175 -0.05599600822416454
4.748 0.1068035969955023 0.3314618494115442 0.1075698581457525 0.3874342792790508 -0.0007662611502501953 -0.05597242986750658
4.75 0.1044453954545103 0.3319806353535602 0.1052110115888439 0.3879295067087088 -0.0007656161343336123 -0.05594887135514859
4.752 0.102107363223656 0.3323702378514969 0.1028723351561126 0.3882955705135503 -0.0007649719324565389 -0.05592533266205342
4.754 0.09979693972790168 0.332637245656593 0.1005612682711515 0.388539059419819 -0.0007643285432498294 -0.05590181376322598
4.756 0.09752059474356699 0.3327884574755435 0.09828428070891421 0.3886667721092567 -0.0007636859653472156 -0.05587831463371319
4.758 0.09528387994809459 0.332830771263665 0.09604692414547988 0.3886856065122689 -0.0007630441973852996 -0.05585483524860392
4.76 0.09309148846361597 0.3327710893229633 0.09385389170161951 0.3886024649059921 -0.0007624032380035451 -0.05583137558302884
4.762 0.09094731951207236 0.3326162385675945 0.09170908259791663 0.3884241741797548 -0.0007617630858442723 -0.05580793561216037
4.764 0.08885454574167986 0.33237290498406 0.08961566948123251 0.3881574202952725 -0.000761123739552648 -0.05578451531121255
4.766 0.08681568121703982 0.3320475810938425 0.08757616641481651 0.3878086957492835 -0.0007604851977766823 -0.05576111465544104
4.768 0.08483264847114082 0.3316465251020754 0.08559249593030803 0.3873842587222183 -0.0007598474591672175 -0.05573773362014297
4.77 0.08290684338751809 0.3311757303685656 0.08366605390989602 0.3868901025492223 -0.000759210522377923 -0.0557143721806568
4.772 0.08103919700332254 0.3306409038493259 0.08179777138938783 0.3863319341616883 -0.000758574386065288 -0.05569103031236237
4.774 0.07923023360386253 0.3300474522118538 0.07998817265275114 0.3857151602025345 -0.0007579390488886147 -0.05566770799068072
4.776 0.07748012470843539 0.3294004744114976 0.0782374292179454 0.3850448796025716 -0.0007573045095100104 -0.055644405191074
4.778 0.07578873873931305 0.3287047596197763 0.07654540950590744 0.3843258815088217 -0.0007566707665943807 -0.0556211218890454
4.78 0.07415568631284401 0.3279647895073973 0.07491172413165344 0.3835626475675364 -0.0007560378188094228 -0.0555978580601391
4.782 0.07258036120903012 0.3271847440006197 0.07333576687385575 0.3827593576805599 -0.0007554056648256192 -0.05557461367994016
4.784 0.07106197716175074 0.326368509742769 0.07181675146506697 0.3819198984668434 -0.0007547743033162284 -0.0555513887240744
4.786 0.06959960067208606 0.3255196906000483 0.07035374440504334 0.3810478737682567 -0.0007541437329572807 -0.05552818316820838
4.788 0.06819218008937292 0.324641619651074 0.06894569404180048 0.3801466166391232 -0.0007535139524275689 -0.05550499698804923
4.79 0.06683857122931916 0.3237373721905921 0.0675914561897278 0.3792192023499367 -0.0007528849604086438 -0.05548183015934467
4.792 0.06553755980865433 0.3228097793581825 0.06628981656423914 0.3782684620160653 -0.0007522567555848048 -0.05545868265788283
4.794 0.06428788098050804 0.3218614420757503 0.06503951031715113 0.3772969965352425 -0.0007516293366430946 -0.05543555445949223
4.796 0.06308823624644466 0.3208947450383938 0.06383923894871796 0.3763071905784355 -0.0007510027022732918 -0.05541244554004165
4.798 0.06193730801276857 0.3199118705580627 0.06268768486393647 0.3753012264335028 -0.0007503768511679046 -0.0553893558754401
4.8 0.06083377204287144 0.3189148121041749 0.06158352382489361 0.3742810975458116 -0.0007497517820221635 -0.05536628544163669
4.802 0.05977630804207526 0.3179053874243179 0.06052543553560927 0.3732486216389385 -0.0007491274935340142 -0.05534323421462054
4.804 0.05876360859282032 0.3168852511597742 0.05951211257722443 0.3722054533301949 -0.0007485039844041107 -0.05532020217042074
4.806 0.05779438664000919 0.3158559068969798 0.058542267893345 0.3711530961820861 -0.0007478812533358109 -0.05529718928510627
4.808 0.0568673817087393 0.3148187186178717 0.05761464100777447 0.3700929141526575 -0.0007472592990351661 -0.05527419553478582
4.81 0.05598136501836536 0.3137749215290985 0.05672800313857627 0.3690261424247064 -0.0007466381202109172 -0.05525122089560786
4.812 0.05513514364080999 0.3127256322642828 0.05588116135638447 0.3679538976080433 -0.0007460177155744861 -0.05522826534376042
4.814 0.05432756383489144 0.3116718584640253 0.05507296191873141 0.3668771873194965 -0.0007453980838399714 -0.05520532885547112
4.816 0.05355751367383572 0.3106145077467282 0.05430229289755986 0.3657969191537352 -0.0007447792237241387 -0.05518241140700695
4.818 0.05282392507026167 0.3095543960900335 0.05356808620420808 0.3647139090647079 -0.0007441611339464163 -0.05515951297467436
4.82 0.05212577529006134 0.3084922556467785 0.05286931910329023 0.3636288891815975 -0.0007435438132288869 -0.05513663353481901
4.822 0.05146208803618629 0.3074287420232998 0.05220501529648258 0.3625425150871256 -0.0007429272602962838 -0.05511377306382585
4.824 0.05083193417258014 0.3063644410489956 0.05157424564645612 0.3614553725871145 -0.0007423114738759802 -0.05509093153811889
4.826 0.05023443215055746 0.3052998750689226 0.05097612860325545 0.3603679840030839 -0.0007416964526979861 -0.05506810893416125
4.828 0.04966874819100513 0.3042355087900919 0.05040983038650007 0.3592808140185468 -0.0007410821954949397 -0.05504530522845491
4.83 0.04913409626927087 0.303171754713409 0.04987456497027298 0.3581942751109498 -0.0007404687010021027 -0.05502252039754086
4.832 0.04862973794340207 0.3021089781827893 0.04936959391135942 0.3571087326007881 -0.0007398559679573518 -0.05499975441799883
4.834 0.04815498206024471 0.3010475020814724 0.04889422605534589 0.3560245093479196 -0.0007392439951011731 -0.05497700726644724
4.836 0.04770918436969417 0.2999876112056856 0.04844781715087083 0.3549418901252289 -0.0007386327811766562 -0.05495427891954322
4.838 0.04729174707282235 0.2989295563448346 0.04802976939775184 0.3538611256988171 -0.0007380223249294872 -0.05493156935398245
4.84 0.04690211832556625 0.2978735580952947 0.0476395309506742 0.3527824366417938 -0.0007374126251079421 -0.05490887854649907
4.842 0.04653979171692644 0.2968198104355358 0.04727659539738932 0.3517060169094015 -0.0007368036804628804 -0.05488620647386565
4.844 0.04620430573704685 0.295768484087552 0.04694050122679459 0.3506320372004451 -0.000736195489747739 -0.05486355311289305
4.846 0.04589524324849878 0.2947197296897831 0.04663083130021731 0.3495606481302135 -0.0007355880517185261 -0.05484091844043042
4.848 0.04561223097147713 0.2936736808051193 0.04634721233661095 0.3484919832384843 -0.0007349813651338138 -0.05481830243336507
4.85 0.04535493899179612 0.2926304567870295 0.04608931442055086 0.3474261618556519 -0.0007343754287547328 -0.05479570506862236
4.852 0.04512308029866259 0.291590165525881 0.04585685054000756 0.3463632918490467 -0.0007337702413449653 -0.05477312632316572
4.854 0.04491641035756061 0.2905529060966601 0.04564957615923135 0.3453034722706566 -0.0007331658016707398 -0.05475056617399647
4.856 0.0447347267222214 0.2895187713291424 0.04546728883072223 0.3442467959272962 -0.0007325621085008233 -0.05472802459815382
4.858 0.04457786868808249 0.2884878503206525 0.045309827848689 0.3431933518933672 -0.0007319591606065165 -0.05470550157271472
4.86 0.04444571698853312 0.2874602309114374 0.04517707394529476 0.3421432279862312 -0.0007313569567616458 -0.05468299707479383
4.862 0.04433819353381387 0.2864360021423298 0.04506894902955643 0.3410965132238733 -0.0007307554957425593 -0.05466051108154344
4.864 0.04425526119126656 0.2854152567139067 0.04498541596759467 0.3400533002840601 -0.0007301547763281193 -0.05463804357015341
4.866 0.04419692360445431 0.2843980934668611 0.044926478401754 0.3390136879847121 -0.0007295547972996951 -0.05461559451785102
4.868 0.04416322504718911 0.283384619902755 0.04489218060463027 0.337977783804656 -0.0007289555574411589 -0.05459316390190095
4.87 0.04415425030731653 0.2823749547652205 0.04488260736285541 0.3369457064648257 -0.0007283570555388788 -0.05457075169960524
4.872 0.0441701245935564 0.2813692307006058 0.04489788388393811 0.3359175885889089 -0.0007277592903817122 -0.0545483578883031
4.874 0.04421101345703694 0.2803675970191847 0.04493817571779794 0.3348935794645556 -0.0007271622607609998 -0.05452598244537096
4.876 0.04427712271758588 0.2793702225765395 0.04500368868305644 0.3338738479247618 -0.0007265659654705597 -0.0545036253482223
4.878 0.04436869838265012 0.2783772987965072 0.0450946687859568 0.3328585853708148 -0.0007259704033066821 -0.05448128657430763
4.88 0.04448602654458355 0.2773890428572603 0.04521140211765167 0.3318480089583746 -0.0007253755730681217 -0.05445896610111436
4.882 0.0446294332396773 0.2764057010618738 0.04535421471323339 0.3308423649680406 -0.0007247814735560925 -0.05443666390616682
4.884 0.04479928424934998 0.2754275524160423 0.04552347235292424 0.3298419323830683 -0.0007241881035742613 -0.05441437996702604
4.886 0.04499598482068304 0.2744549124359714 0.04571958028261178 0.3288470266972613 -0.0007235954619287432 -0.05439211426128984
4.888 0.045219979280206 0.2734881372087499 0.04594298282763409 0.3278580039753425 -0.0007230035474280933 -0.05436986676659261
4.89 0.04547175051030976 0.272527627729364 0.04619416286919306 0.3268752651899693 -0.0007224123588833022 -0.05434763746060534
4.892 0.04575181925354769 0.2715738345366809 0.04647364114865548 0.3258992608577164 -0.0007218218951077891 -0.05432542632103546
4.894 0.04606074320459155 0.2706272626717339 0.04678197535950895 0.3249304959973608 -0.0007212321549173981 -0.05430323332562687
4.896 0.04639911584403163 0.2696884769799734 0.04711975898116202 0.3239695354321331 -0.0007206431371303886 -0.05428105845215973
4.898 0.04676756496156687 0.2687581077784726 0.04748761980213431 0.3230170094569231 -0.0007200548405674324 -0.05425890167845052
4.9 0.04716675080906276 0.2678368569067458 0.04788621807311437 0.3220736198890977 -0.0007194672640516063 -0.05423676298235187
4.902 0.04759736381606528 0.2669255041768862 0.04831624422247367 0.3211401465186387 -0.0007188804064083875 -0.05421464234175254
4.904 0.048060121791324 0.2660249142354905 0.04877841605778964 0.3202174539700678 -0.0007182942664656457 -0.05419253973457733
4.906 0.04855576652468914 0.2651360438440353 0.04927347536774278 0.3193064989828223 -0.0007177088430536394 -0.054170455138787
4.908 0.04908505969297734 0.2642599495783285 0.04980218382798234 0.3184083381107067 -0.0007171241350050087 -0.05414838853237819
4.91 0.04964877796264857 0.2633977959386493 0.05036531810380334 0.3175241358320327 -0.0007165401411547699 -0.05412633989338339
4.912 0.0502477071703902 0.2625508638515958 0.05096366403073051 0.3166551730514666 -0.00071595686034031 -0.0541043091998708
4.914 0.05088263545028313 0.2617205595313918 0.05159800974168451 0.3158028559613361 -0.0007153742914013801 -0.05408229642994433
4.916 0.05155434516415149 0.2609084236517687 0.05226913759733158 0.3149687252135122 -0.0007147924331800903 -0.05406030156174345
4.918 0.05226360347878011 0.2601161407598465 0.05297781476330102 0.3141544653332897 -0.0007142112845209044 -0.05403832457344319
4.92 0.0530111514230781 0.2593455488384449 0.05372478226734873 0.3133619142816989 -0.0007136308442706328 -0.05401636544325405
4.922 0.05379769124617139 0.2585986488957575 0.05451074235744982 0.3125930730451793 -0.0007130511112784278 -0.05399442414942186
4.924 0.05462387189059941 0.2578776144258384 0.05533634397499519 0.3118501150960662 -0.0007124720843957774 -0.05397250067022782
4.926 0.05549027238799353 0.2571848005447528 0.05620216615047003 0.3111353955287411 -0.0007118937624765007 -0.05395059498398833
4.928 0.05639738298388679 0.2565227525609197 0.05710869912826354 0.3104514596299747 -0.00071131614437674 -0.053928707069055
4.93 0.05734558380348628 0.2558942136853876 0.05805632303244124 0.309801050589202 -0.000710739228954958 -0.0539068369038145
4.932 0.05833512088226207 0.2553021315292581 0.059045283897334 0.3091871159959466 -0.000710163015071929 -0.05388498446668852
4.934 0.05936607940733245 0.2547496629700899 0.06007566690892319 0.3086128127062236 -0.000709587501590737 -0.05386314973613378
4.936 0.06043835405226179 0.2542401768971077 0.06114736673963856 0.3080815095877495 -0.0007090126873767663 -0.05384133269064182
4.938 0.06155161633622176 0.2537772542704109 0.06226005490751946 0.3075967875791499 -0.0007084385712976985 -0.053819533308739
4.94 0.06270527900982158 0.2533646848497926 0.06341314416204508 0.307162436418779 -0.0007078651522235056 -0.05379775156898643
4.942 0.06389845755957355 0.2530064598712849 0.0646057499886 0.3067824473212648 -0.0007072924290264459 -0.05377598744997993
4.944 0.06512992903982376 0.2527067598752955 0.06583664944040482 0.3064610008056453 -0.0007067204005810562 -0.05375424093034988
4.946 0.06639808858521147 0.2524699368259185 0.06710423765097562 0.3062024488146796 -0.0007061490657641485 -0.05373251198876119
4.948 0.06770090413180935 0.2523004896129606 0.06840648255526414 0.3060112902168738 -0.0007055784234548027 -0.05371080060391328
4.95 0.06903587008213485 0.2522030320054752 0.06974087855466922 0.3058921387600151 -0.000705008472534363 -0.05368910675453995
4.952 0.07039996088634196 0.2521822521375796 0.07110440009822838 0.3058496825569889 -0.0007044392118864307 -0.05366743041940931
4.954 0.07178958577918354 0.252242862666336 0.0724934564195804 0.3058886342436598 -0.0007038706403968597 -0.05364577157732373
4.956 0.07320054619963323 0.2523895408594446 0.07390384895658698 0.3060136710665644 -0.0007033027569537498 -0.05362413020711975
4.958 0.07462799772132335 0.2526268580612485 0.0753307332817708 0.3062293643489166 -0.0007027355604474438 -0.0536025062876681
4.96 0.07606641861951127 0.2529591982612563 0.0767685876692818 0.3065400980591298 -0.0007021690497705193 -0.05358089979787347
4.962 0.07750958747320756 0.2533906658599921 0.07821119069702534 0.3069499765766667 -0.000701603223817785 -0.0535593107166746
4.964 0.07895057242742777 0.2539249832001546 0.07965161050891405 0.3074627222231986 -0.0007010380814862743 -0.0535377390230441
4.966 0.0803817348829105 0.2545653790050857 0.08108220850458575 0.3080815637010742 -0.0007004736216752413 -0.05351618469598844
4.968 0.08179475041177457 0.25531446953587 0.08249466025506072 0.3088091172504179 -0.0006999098432861541 -0.05349464771454789
4.97 0.08318064956966381 0.2561741350194785 0.0838799963148865 0.3096472630772749 -0.0006993467452226891 -0.05347312805779638
4.972 0.08452988096492078 0.2571453946854928 0.08522866529131151 0.3105970203903343 -0.000698784326390728 -0.05345162570484153
4.974 0.08583239841023085 0.2582282845264588 0.0865306209959292 0.3116584251612833 -0.0006982225856983499 -0.05343014063482451
4.976 0.08707777321197106 0.259421742608573 0.08777543473402689 0.3128304154354929 -0.000697661522055828 -0.05340867282692
4.978 0.08825533164283002 0.260723507333125 0.08895243277720565 0.3141107295934611 -0.0006971011343756222 -0.0533872222603361
4.98 0.08935431641141621 0.2621300344022817 0.09005085783298858 0.315495823316596 -0.0006965414215723756 -0.05336578891431432
4.982 0.09036406953989901 0.2636364382982974 0.09106005192246192 0.3169808110664269 -0.0006959823825629092 -0.05334437276812945
4.984 0.09127423256501697 0.2652364637753223 0.09196965658128319 0.3185594375764119 -0.0006954240162662157 -0.05332297380108953
4.986 0.09207495848579858 0.2669224921318818 0.09276982480740203 0.3202240841244176 -0.0006948663216034546 -0.05330159199253576
4.988 0.09275712852922249 0.2686855858737363 0.09345143782672044 0.3219658131955788 -0.0006943092974979468 -0.05328022732184244
4.99 0.09331256571898651 0.2705155738039495 0.09400631866186168 0.3237744535723664 -0.0006937529428751707 -0.05325887976841695
4.992 0.09373423655216097 0.2724011766701697 0.09442743380882372 0.3256387259818693 -0.0006931972566627553 -0.05323754931169961
4.994 0.09401643192130321 0.2743301713677357 0.09470907415909369 0.3275464072988994 -0.0006926422377904757 -0.05321623593116362
4.996 0.09415491884125252 0.2762895895033456 0.09484700672644276 0.3294845291096606 -0.0006920878851902481 -0.05319493960631508
4.998 0.09414705556817062 0.2782659440441069 0.09483858976596674 0.3314396043607998 -0.0006915341977961252 -0.05317366031669283
5 0.09399186429520789 0.2802454759977292 0.09468284546975218 0.3333978740395976 -0.0006909811745442896 -0.05315239804186843
5.002 0.09369005766927889 0.2822144117623546 0.09438048648365194 0.3353455645238007 -0.0006904288143730499 -0.05313115276144608
5.004 0.09324401774264725 0.2841592210732091 0.09393389485887008 0.3372691455282717 -0.000689877116222835 -0.05310992445506257
5.006 0.09265772845703925 0.28606686543437 0.09334705453607543 0.3391555785367572 -0.0006893260790361898 -0.05308871310238716
5.008 0.09193666515051568 0.287925027557986 0.09262544085227345 0.3409925462411076 -0.0006887757017577691 -0.05306751868312166
5.01 0.09108764668344764 0.2897223135760364 0.09177587266678197 0.3427686547530366 -0.0006882259833343335 -0.05304634117700016
5.012 0.09011865743625926 0.2914484215232375 0.09080633435897401 0.3444736020870266 -0.0006876769227147433 -0.05302518056378912
5.014 0.0890386475311999 0.2930942716412231 0.08972577605004986 0.3460983084645103 -0.0006871285188499543 -0.05300403682328724
5.016 0.08785732012196303 0.2946520962474733 0.08854390089265604 0.3476350061827988 -0.0006865807706930132 -0.05298290993532545
5.018 0.08658491449418677 0.2961154890576316 0.08727094817138582 0.3490772889373983 -0.0006860336771990512 -0.05296179987976676
5.02 0.08523199309425868 0.2974794157910186 0.08591748033158396 0.3504201224275248 -0.0006854872373252802 -0.05294070663650625
5.022 0.08380923955916751 0.2987401895044127 0.0844941810091985 0.3516598196898837 -0.000684941450030987 -0.05291963018547103
5.024 0.08232727349117125 0.2998954153094635 0.08301166980544877 0.3527939858160836 -0.0006843963142775294 -0.05289857050662012
5.026 0.0807964862390777 0.3009439099097601 0.08148033806810603 0.3538214374897045 -0.0006838518290283303 -0.05287752757994443
5.028 0.07922690044750177 0.3018856017493887 0.07991020844075064 0.3547421031348554 -0.000683307993248873 -0.05285650138546666
5.03 0.07762805471535379 0.3027214175513838 0.07831081952126048 0.3555569094546251 -0.0006827648059066963 -0.05283549190324126
5.032 0.07600891345216941 0.3034531606995865 0.0766911357181408 0.3562676598129409 -0.0006822222659713904 -0.0528144991133544
5.034 0.07437780098332582 0.3040833863662907 0.07505948135574041 0.3568769093622146 -0.0006816803724145906 -0.05279352299592383
5.036 0.0727423581542319 0.3046152775895883 0.07342349727844187 0.3573878411206872 -0.0006811391242099735 -0.05277256353109886
5.038 0.07110951912554042 0.305052525729288 0.07179011764587367 0.3578041464283483 -0.0006805985203332513 -0.05275162069906031
5.04 0.06948550571345721 0.3053992179445542 0.07016556427321938 0.3581299124245746 -0.0006800585597621684 -0.05273069448002043
5.042 0.0678758364827344 0.3056597335880786 0.0685553557242109 0.3583695184423014 -0.0006795192414764944 -0.05270978485422284
5.044 0.06628534781528671 0.3058386507320768 0.06696432837974473 0.3585275425340193 -0.0006789805644580215 -0.05268889180194246
5.046 0.06471822430687783 0.3059406634562465 0.06539666683456839 0.358608678759732 -0.0006784425276905578 -0.05266801530348546
5.048 0.06317803606392183 0.3059705100422884 0.06385594119408176 0.3586176653814775 -0.0006779051301599243 -0.05264715533918921
5.05 0.06166778074042635 0.3059329118374015 0.0623451491112803 0.3585592237268236 -0.0006773683708539488 -0.05262631188942218
5.052 0.06018992845215012 0.3058325222626319 0.06086676070091258 0.3584380071972159 -0.0006768322487624614 -0.05260548493458392
5.054 0.05874646800522847 0.3056738852422121 0.05942276476810576 0.358258559697317 -0.0006762967628772897 -0.05258467445510497
5.056 0.05733895316701764 0.3054614022038122 0.0580147150792099 0.358025282635259 -0.0006757619121922553 -0.0525638804314468
5.058 0.05596854797661268 0.305199306734722 0.05664377567231585 0.3577424095788238 -0.0006752276957031664 -0.05254310284410178
5.06 0.05463607033331293 0.3048916459617124 0.05531076444572075 0.3574139876353055 -0.0006746941124078165 -0.05252234167359309
5.062 0.05334203331233695 0.3045422677420163 0.05401619447364293 0.3570438646424909 -0.0006741611613059761 -0.05250159690047463
5.064 0.05208668383531019 0.3041548127980679 0.05276031267670958 0.356635681303399 -0.0006736288413993917 -0.05248086850533107
5.066 0.05087003847076244 0.3037327109914627 0.05154313562245421 0.3561928674602403 -0.000673097151691778 -0.05246015646877765
5.068 0.04969191626013226 0.3032791810049154 0.05036448235132107 0.3557186417763755 -0.0006725660911888147 -0.05243946077146019
5.07 0.04855196855758212 0.3027972327785957 0.04922400421648026 0.3552160141726508 -0.0006720356588981416 -0.05241878139405505
5.072 0.04744970594461322 0.3022896721262174 0.04812121179844257 0.3546877904434865 -0.0006715058538293549 -0.05239811831726904
5.074 0.04638452233159845 0.301759107032012 0.04705549900659245 0.3541365785538513 -0.0006709766749940006 -0.05237747152183937
5.076 0.04535571639681798 0.3012079552019277 0.04602616451822355 0.3535647961904613 -0.0006704481214055712 -0.05235684098853353
5.078 0.04436251053575853 0.3006384525082362 0.04503243072783803 0.3529746792063856 -0.0006699201920795011 -0.05233622669814934
5.08 0.04340406750794329 0.3000526620265003 0.04407346039397645 0.3523682906580151 -0.0006693928860331622 -0.05231562863151483
5.082 0.04247950497431165 0.299452483417369 0.04314837117659751 0.3517475301868572 -0.0006688662022858583 -0.05229504676948819
5.084 0.04158790811634405 0.2988396624516459 0.04225624825620287 0.3511141435446036 -0.0006683401398588214 -0.05227448109295765
5.086 0.04072834052441247 0.2982158005180947 0.04139615522218767 0.3504697321009362 -0.0006678146977752065 -0.05225393158284155
5.088 0.03989985353411315 0.2975823639878201 0.04056714340917324 0.3498157622079083 -0.0006672898750600887 -0.05223339822008817
5.09 0.039101494178338 0.2969406933380795 0.03976825984907845 0.3491535743237553 -0.0006667656707404562 -0.05221288098567572
5.092 0.03833231191254306 0.2962920119637266 0.03899855399638826 0.3484843918243389 -0.0006662420838452075 -0.05219237986061225
5.094 0.03759136425695429 0.2956374346240072 0.03825708337035943 0.3478093294499428 -0.0006657191134051467 -0.05217189482593564
5.096 0.03687772148810186 0.2949779754900129 0.03754291824655484 0.3471294013527264 -0.0006651967584529784 -0.05215142586271351
5.098 0.03619047049908681 0.2943145557711069 0.03685514551711011 0.3464455287231501 -0.0006646750180233043 -0.05213097295204316
5.1 0.03552871793671301 0.2936480109100432 0.03619287182786562 0.3457585469850947 -0.0006641538911526172 -0.05211053607505149
5.102 0.03489159271208994 0.2929790973449122 0.03555522608896924 0.3450692125578072 -0.0006636333768792975 -0.05209011521289501
5.104 0.03427824797078757 0.2923084988426721 0.03494136144503118 0.3443782091894318 -0.0006631134742436094 -0.05206971034675973
5.106 0.03368786259942279 0.2916368324146381 0.03435045678171048 0.3436861538724992 -0.0006625941822876953 -0.05204932145786111
5.108 0.03311964233604833 0.290964653827529 0.0337817178361039 0.342993602354973 -0.0006620755000555717 -0.052028948527444
5.11 0.03257282054426405 0.2902924627270493 0.03323437797085717 0.3423010542638318 -0.0006615574265931247 -0.05200859153678258
5.112 0.03204665870322825 0.2896207073924102 0.03270769866417635 0.3416089578595905 -0.0006610399609481068 -0.05198825046718034
5.114 0.0315404466592664 0.2889497891414494 0.03220096976143653 0.3409177144414194 -0.0006605231021701309 -0.05196792529996998
5.116 0.03105350267921438 0.2882800664069915 0.03171350952852504 0.3402276824235049 -0.0006600068493106663 -0.05194761601651336
5.118 0.03058517333994665 0.287611858504698 0.03124466454136969 0.3395391811028994 -0.0006594912014230352 -0.05192732259820144
5.12 0.0301348332844362 0.2869454491132286 0.03079380944199861 0.3388524941396828 -0.0006589761575624079 -0.05190704502645429
5.122 0.02970188486994312 0.2862810894862745 0.03036034658672892 0.3381678727689954 -0.0006584617167857983 -0.0518867832827209
5.124 0.029285757731091 0.2856190014164162 0.02994370560924306 0.3374855387648954 -0.0006579478781520591 -0.05186653734847924
5.126 0.02888590827669677 0.2849593799691763 0.02954334291741865 0.3368056871744125 -0.0006574346407218789 -0.05184630720523617
5.128 0.0285018191368824 0.2843023960053163 0.02915874114044018 0.3361284888398436 -0.0006569220035577764 -0.05182609283452735
5.13 0.0281329985745447 0.2836481985086757 0.0287894085402688 0.3354540927265929 -0.0006564099657240977 -0.05180589421791724
5.132 0.02777897987280601 0.2829969167354489 0.02843487839909302 0.3347826280724479 -0.00065589852628701 -0.051785711336999
5.134 0.02743932070858128 0.2823486622004322 0.02809470839289578 0.3341142063738267 -0.0006553876843144991 -0.05176554417339443
5.136 0.02711360252068663 0.2817035305148454 0.02776847995956299 0.3334489232235994 -0.0006548774388763648 -0.051745392708754
5.138 0.02680142987924538 0.2810616030889915 0.0274557976682896 0.3327868600137481 -0.000654367789044216 -0.05172525692475664
5.14 0.02650242986241767 0.2804229487131079 0.02715628859630914 0.3321280855162177 -0.000653858733891467 -0.05170513680310984
5.142 0.02621625144488037 0.2797876250280541 0.0268696017173737 0.3314726573536036 -0.0006533502724933325 -0.05168503232554948
5.144 0.02594256490199188 0.2791556798975524 0.02659540730591871 0.3308206233713922 -0.0006528424039268256 -0.05166494347383987
5.146 0.02568106123244045 0.2785271526925056 0.0263333963597112 0.3301720229222792 -0.0006523351272707508 -0.05164487022977359
5.148 0.02543145160171064 0.2779020754976894 0.02608328004331634 0.3295268880728609 -0.0006518284416057016 -0.05162481257517156
5.15 0.02519346680788585 0.2772804742503636 0.02584478915389991 0.3288852447422465 -0.0006513223460140552 -0.05160477049188283
5.152 0.02496685677076951 0.276662369819784 0.02561767361034948 0.3282471137815687 -0.00065081683957997 -0.05158474396178471
5.154 0.02475139004492386 0.2760477790364785 0.02540170196631324 0.327612512003261 -0.0006503119213893803 -0.05156473296678254
5.156 0.02454685335652777 0.2754367156793359 0.02519666094705776 0.3269814531681456 -0.0006498075905299911 -0.05154473748880976
5.158 0.02435305116375876 0.2748291914286484 0.02500235500985004 0.3263539489384761 -0.0006493038460912764 -0.05152475750982775
5.16 0.02416980523976178 0.2742252167926395 0.02481860592692625 0.3257300098044654 -0.000648800687164474 -0.05150479301182594
5.162 0.02399695427696617 0.2736248020147787 0.02464525238980875 0.3251096459916002 -0.0006482981128425804 -0.05148484397682154
5.164 0.02383435351108585 0.2730279579692865 0.02448214963330619 0.3244928683561462 -0.000647796122220348 -0.05146491038685964
5.166 0.02368187436263208 0.2724346970515616 0.02432916907702636 0.3238796892755748 -0.0006472947143942806 -0.05144499222401314
5.168 0.02353940409345721 0.2718450340707911 0.02418619798191984 0.3232701235411737 -0.0006467938884626297 -0.05142508947038263
5.17 0.02340684547513474 0.2712589871510524 0.02405313911866013 0.3226641892591488 -0.00064629364352539 -0.0514052021080964
5.172 0.02328411646570436 0.2706765786480566 0.02392991044438865 0.3220619087673669 -0.0006457939786842947 -0.05138533011931033
5.174 0.02317114989052798 0.2700978360878805 0.02381644478357079 0.3214633095740884 -0.0006452948930428128 -0.0513654734862079
5.176 0.02306789312244018 0.2695227931342383 0.02371268950814633 0.3208684253252384 -0.0006447963857061452 -0.05134563219100011
5.178 0.02297430775566759 0.2689514905911548 0.02361860621144881 0.3202772968070802 -0.0006442984557812188 -0.0513258062159254
5.18 0.02289036926712068 0.2683839774470493 0.02353417036949736 0.3196899729902989 -0.0006438011023766845 -0.05130599554324962
5.182 0.02281606665778151 0.267820311966853 0.02345937098238442 0.3191065121221189 -0.0006433043246029117 -0.05128620015526598
5.184 0.02275140206590732 0.2672605628384394 0.02339421018747931 0.3185269828727344 -0.000642808121571986 -0.05126642003429501
5.186 0.02269639034256326 0.2667048103790927 0.02333870283496096 0.3179514655417772 -0.0006423124923977036 -0.05124665516268447
5.188 0.02265105857877605 0.2661531478081912 0.02329287601497162 0.3173800533310005 -0.000641817436195568 -0.05122690552280933
5.19 0.02261544557209404 0.2656056825910306 0.02325676852417682 0.3168128536881022 -0.0006413229520827861 -0.0512071710970717
5.192 0.02258960121882496 0.2650625378589849 0.02323043025800323 0.3162499897268857 -0.0006408290391782649 -0.05118745186790079
5.194 0.02257358581637561 0.2645238539097904 0.02321392151297821 0.3156916017275432 -0.000640335696602606 -0.05116774781775285
5.196 0.02256746925823544 0.2639897897913527 0.02320731218171355 0.3151378487204639 -0.0006398429234781032 -0.05114805892911114
5.198 0.02257133010201375 0.263460524970899 0.02321068082094248 0.3145889101553848 -0.0006393507189287373 -0.05112838518448579
5.2 0.02258525448865064 0.262936261089688 0.02322411357073081 0.3140449876561019 -0.0006388590820801738 -0.0511087265664139
5.202 0.02260933488848781 0.2624172238018197 0.02324770290054756 0.313506306859279 -0.0006383680120597576 -0.05108908305745937
5.204 0.0226436686473321 0.2619036646927965 0.02328154615532861 0.3129731193330094 -0.0006378775079965097 -0.05106945464021287
5.206 0.02268835630290076 0.2613958632707322 0.02332574387192188 0.312445704568024 -0.0006373875690211231 -0.0510498412972918
5.208 0.02274349963941059 0.2608941290191134 0.02338039783367655 0.3119243720304536 -0.0006368981942659599 -0.05103024301134029
5.21 0.02280919944538656 0.2603988034954133 0.02344560882825161 0.3114094632604423 -0.0006364093828650458 -0.05101065976502905
5.212 0.02288555293720578 0.2599102624546434 0.02352147407115985 0.3109013539956987 -0.0006359211339540673 -0.05099109154105536
5.214 0.02297265080870268 0.2594289179699572 0.02360808425537305 0.3104004562921003 -0.0006354334466703679 -0.05097153832214306
5.216 0.02307057386538808 0.2589552205152575 0.02370552018554102 0.3099072206063 -0.0006349463201529449 -0.05095200009104248
5.218 0.02317938920086062 0.2584896609651217 0.02381384895440307 0.309422137795652 -0.0006344597535424437 -0.05093247683053032
5.22 0.02329914587281239 0.2580327724577509 0.02393311961879354 0.3089457409811606 -0.0006339737459811556 -0.05091296852340972
5.222 0.02342987003755596 0.2575851320542595 0.02406335833416897 0.3084786072067696 -0.0006334882966130133 -0.05089347515251009
5.224 0.02357155950495603 0.257147362114736 0.02420456290953962 0.3080213588154231 -0.0006330034045835878 -0.05087399670068712
5.226 0.02372417768103224 0.2567201312969739 0.02435669675007232 0.3075746644477967 -0.0006325190690400844 -0.05085453315082279
5.228 0.02388764687396421 0.256304155067597 0.02451968216309555 0.3071392395534221 -0.0006320352891313382 -0.05083508448582517
5.23 0.02406184095081187 0.2559001955988826 0.02469339301481968 0.3067158462875111 -0.0006315520640078109 -0.05081565068862848
5.232 0.02424657734821956 0.2555090609072627 0.02487764674104115 0.3063052926494557 -0.0006310693928215881 -0.05079623174219307
5.234 0.02444160846158062 0.2551316030721789 0.02507219573630699 0.3059084307016841 -0.0006305872747263736 -0.05077682762950522
5.236 0.02464661246326166 0.2547687153584878 0.02527671817213915 0.305526153692065 -0.0006301057088774869 -0.05075743833357725
5.238 0.02486118363375211 0.2544213280515399 0.02549080832818397 0.3051593918889873 -0.0006296246944318594 -0.05073806383744738
5.24 0.02508482232888991 0.2540904028048014 0.02571396655943795 0.3048091069289812 -0.0006291442305480312 -0.05071870412417975
5.242 0.0253169247530621 0.2537769252958111 0.02594558906944824 0.3044762844726753 -0.0006286643163861458 -0.05069935917686424
5.244 0.02555677276146096 0.2534818959907256 0.0261849577125689 0.3041619249693422 -0.0006281849511079481 -0.05068002897861661
5.246 0.02580352397392981 0.2532063188326642 0.02643123010780659 0.3038670323452425 -0.0006277061338767797 -0.05066071351257825
5.248 0.02605620254681432 0.2529511876975873 0.0266834304106719 0.3035926004595036 -0.0006272278638575761 -0.0506414127619163
5.25 0.0263136910151001 0.2527174705065047 0.02694044115531696 0.3033395972163282 -0.0006267501402168625 -0.05062212670982351
5.252 0.02657472368186511 0.2525060909466817 0.02720099664398786 0.3031089462861999 -0.0006262729621227498 -0.05060285533951819
5.254 0.02683788209047369 0.252317907839876 0.02746367841921863 0.3029015064741202 -0.0006257963287449324 -0.05058359863424421
5.256 0.02710159316165282 0.2521536923031898 0.0277269134009075 0.3027180488804608 -0.0006253202392546821 -0.05056435657727092
5.258 0.02736413060525581 0.2520141029779834 0.02798897529808066 0.3025592321298765 -0.000624844692824848 -0.05054512915189309
5.26 0.02762362021704416 0.2518996597521446 0.02824798990567401 0.3024255760935755 -0.0006243696886298497 -0.05052591634143091
5.262 0.02787804963686335 0.2518107165657459 0.02850194486270902 0.3023174346949758 -0.000623895225845675 -0.05050671812922988
5.264 0.0281252830674699 0.2517474340626963 0.02874870437111977 0.3022349685613571 -0.0006234213036498765 -0.05048753449866076
5.266 0.02836308132733647 0.2517097530197335 0.02898602924855804 0.3021781184528532 -0.0006229479212215682 -0.05046836543311966
5.268 0.02858912743249522 0.2516973696359718 0.02921160251023664 0.3021465805519996 -0.000622475077741421 -0.05044921091602778
5.27 0.02880105767139329 0.2517097138841933 0.02942306044378495 0.3021397848150248 -0.00062200277239166 -0.05043007093083152
5.272 0.02899649785972752 0.2517459321921054 0.02961802886408359 0.3021568776531077 -0.0006215310043560607 -0.05041094546100234
5.274 0.02917310414937098 0.2518048757203798 0.02979416392219092 0.3021967102104166 -0.0006210597728199457 -0.05039183449003682
5.276 0.0293286074363231 0.2518850954201997 0.02994919651329328 0.3022578334216562 -0.0006205890769701805 -0.05037273800145649
5.278 0.02946086008900824 0.2519848448760612 0.03008097900500341 0.3023385008548691 -0.0006201189159951707 -0.05035365597880785
5.28 0.02956788343040547 0.2521020916684903 0.03018753271949032 0.3024366800741526 -0.0006196492890848579 -0.05033458840566231
5.282 0.02964791418361887 0.2522345376321499 0.03026709437904959 0.3025500728977661 -0.0006191801954307175 -0.05031553526561615
5.284 0.02969944796006789 0.2523796479556375 0.03031815959429364 0.302676144497928 -0.0006187116342257534 -0.05029649654229047
5.286 0.02972127785560874 0.2525346885975863 0.03033952146027324 0.3028121608169175 -0.0006182436046644956 -0.05027747221933113
5.288 0.02971252633615325 0.2526967710140458 0.03033030244209625 0.3029552332944545 -0.0006177761059429966 -0.05025846228040871
5.29 0.02967266884345087 0.2528629027453519 0.0302899779807097 0.3031023694545704 -0.000617309137258828 -0.05023946670921847
5.292 0.02960154792207805 0.2530300420377489 0.03021839061988913 0.3032505275272292 -0.0006168426978110772 -0.05022048548948031
5.294 0.02949937713500362 0.2531951544096121 0.03011575392180396 0.3033966730145508 -0.0006163767868003431 -0.0502015186049387
5.296 0.02936673456217111 0.2533552689431152 0.02998264596559985 0.3035378349824778 -0.0006159114034287336 -0.05018256603936266
5.298 0.0292045462203851 0.2535075321001642 0.02981999276728496 0.3036711598767099 -0.0006154465468998621 -0.05016362777654568
5.3 0.02901406025875976 0.2536492570261897 0.02962904247517861 0.3037939608264955 -0.0006149822164188437 -0.05014470380030572
5.302 0.02879681322973961 0.253777966599592 0.02941133164093191 0.303903760694077 -0.000614518411192292 -0.05012579409448511
5.304 0.02855459007806327 0.2538914288797204 0.02916864520849159 0.303998327522671 -0.0006140551304283155 -0.05010689864295054
5.306 0.02828937970695454 0.2539876840647909 0.02890297208029105 0.3040757014943839 -0.0006135923733365146 -0.05008801742959303
5.308 0.02800332806459828 0.2540650625522301 0.02861645820372626 0.3041342129905579 -0.0006131301391279785 -0.05006915043832785
5.31 0.02769869064950327 0.2541221941584877 0.02831135907651855 0.3041724918115822 -0.0006126684270152805 -0.05005029765309445
5.312 0.02737778617772581 0.2541580089693458 0.02798999341393829 0.3041894680272023 -0.0006122072362124759 -0.0500314590578565
5.314 0.02704295291257664 0.2541717306304767 0.02765469947851174 0.3041843652670784 -0.0006117465659350987 -0.05001263463660176
5.316 0.02669650885776112 0.2541628631364249 0.02730779527316128 0.304156687509767 -0.0006112864154001571 -0.04999382437334208
5.318 0.02634071668795951 0.2541311723295654 0.02695154347178564 0.3041062005816788 -0.0006108267838261318 -0.04997502825211336
5.32 0.025977753963123 0.2540766633834189 0.02658812163355597 0.3040329096403943 -0.0006103676704329705 -0.04995624625697544
5.322 0.02560968886787281 0.2539995555277277 0.02621959794231489 0.3039370338997399 -0.0006099090744420879 -0.04993747837201218
5.324 0.02523846145012256 0.2539002551915909 0.02584791244519892 0.3038189797729222 -0.0006094509950763582 -0.04991872458133125
5.326 0.02486587011547392 0.2537793286128532 0.02547486354703404 0.3036793134819175 -0.0006089934315601156 -0.04989998486906424
5.328 0.02449356296794919 0.2536374748047622 0.02510209935106833 0.3035187340241287 -0.0006085363831191485 -0.04988125921936651
5.33 0.02412303347445236 0.2534754995998096 0.02473111332343306 0.3033380472162269 -0.0006080798489806978 -0.04986254761641722
5.332 0.02375561986469246 0.2532942913192951 0.02436324369306591 0.3031381413637143 -0.0006076238283734526 -0.04984385004441921
5.334 0.02339250765298508 0.2530947984553672 0.02399967597351262 0.3029199649429662 -0.0006071683205275474 -0.04982516648759903
5.336 0.02303473467682879 0.2528780096070942 0.02364144800150335 0.3026845065373011 -0.0006067133246745585 -0.04980649693020683
5.338 0.02268319808014228 0.252644935787581 0.02328945692018979 0.3024327771440973 -0.0006062588400475018 -0.04978784135651638
5.34 0.02233866271876048 0.2523965951170322 0.02294446758464131 0.3021657948678571 -0.0006058048658808281 -0.04976919975082496
5.342 0.02200177052695815 0.2521339998368843 0.02260712192836857 0.3018845719343377 -0.000605351401410421 -0.04975057209745336
5.344 0.0216730504484728 0.2518581455208435 0.02227794889434639 0.3015901039015893 -0.0006048984458735927 -0.04973195838074583
5.346 0.02135292860169743 0.2515700023182137 0.02195737460020651 0.3012833609032838 -0.0006044459985090821 -0.04971335858507004
5.348 0.02104173841137736 0.2512705080397332 0.02164573246993441 0.3009652807345502 -0.0006039940585570504 -0.049694772694817
5.35 0.02073973049728492 0.2509605628841495 0.021343273122544 0.3006367635785506 -0.0006035426252590784 -0.04967620069440106
5.352 0.02044708216193512 0.2506410256015821 0.02105017385979328 0.300298668169842 -0.0006030916978581634 -0.04965764256825986
5.354 0.02016390636424944 0.2503127108951403 0.02076654763984815 0.2999518091959946 -0.0006026412755987159 -0.04963909830085424
5.356 0.01989026010407579 0.2499763878731458 0.02049245146180235 0.2995969557498141 -0.0006021913577265569 -0.04962056787666828
5.358 0.01962615217357058 0.2496327793784461 0.02022789411705949 0.2992348306586552 -0.000601741943488913 -0.04960205128020917
5.36 0.01937155025669877 0.249282562037773 0.01997284328883319 0.2988661105337803 -0.000601293032134416 -0.04958354849600723
5.362 0.01912638737759741 0.2489263668911164 0.01972723200051051 0.2984914263997322 -0.0006008446229130976 -0.04956505950861585
5.364 0.01889056771347169 0.2485647804782768 0.01949096442854808 0.2981113647808882 -0.0006003967150763873 -0.0495465843026114
5.366 0.01866397179858704 0.2481983462764306 0.01926392110646415 0.2977264691390238 -0.0005999493078771083 -0.04952812286259327
5.368 0.01844646115331129 0.2478275663978838 0.01904596355388077 0.2973372415710676 -0.0005995024005694756 -0.04950967517318377
5.37 0.01823788237709901 0.2474529034716783 0.0188369383695081 0.2969441446907065 -0.0005990559924090925 -0.04949124121902811
5.372 0.01803807074667165 0.2470747826452291 0.01863668082932459 0.2965476036300235 -0.0005986100826529469 -0.04947282098479432
5.374 0.01784685336190535 0.246693593653931 0.01844501803246475 0.2961480081091042 -0.0005981646705594089 -0.04945441445517328
5.376 0.01766405188133903 0.2463096929163581 0.01826177163672725 0.2957457145312367 -0.000597719755388227 -0.04943602161487858
5.378 0.01748948488811497 0.2459234056213597 0.01808676022451549 0.2953410480700063 -0.0005972753364005262 -0.04941764244864661
5.38 0.01732296992529665 0.2455350277809837 0.01791980133815546 0.2949343047222201 -0.0005968314128588038 -0.04939927694123638
5.382 0.01716432523700966 0.2451448282289169 0.01776071322103659 0.2945257533063464 -0.000596387984026927 -0.04938092507742954
5.384 0.01701337124943249 0.2447530505498155 0.01760931629860262 0.2941156373918458 -0.0005959450491701288 -0.04936258684203035
5.386 0.01686993182296117 0.2443599149290692 0.01746543443051617 0.2937041771489349 -0.000595502607555007 -0.04934426221986565
5.388 0.0167338353039816 0.2439656199158844 0.01732889596243112 0.2932915711116692 -0.0005950606584495192 -0.04932595119578476
5.39 0.01660491540226708 0.2435703440959488 0.01719953460339006 0.2928779978506083 -0.0005946192011229806 -0.04930765375465947
5.392 0.01648301191723637 0.2431742476716915 0.01707719015208243 0.2924636175530755 -0.0005941782348460608 -0.04928936988138399
5.394 0.01636797133404609 0.2427774739504685 0.01696170909293687 0.2920485735113434 -0.0005937377588907811 -0.04927109956087497
5.396 0.01625964730813261 0.2423801507420782 0.01685294508066312 0.2916329935201495 -0.0005932977725305112 -0.04925284277807136
5.398 0.01615790105482823 0.2419823916683969 0.0167507593298682 0.2912169911863313 -0.0005928582750399661 -0.04923459951793441
5.4 0.01606260165869026 0.2415842973885417 0.01665502092438546 0.2908006671539894 -0.0005924192656952033 -0.04921636976544765
5.402 0.01597362631548166 0.2411859567435706 0.01656560705925528 0.2903841102491874 -0.00059198074377362 -0.04919815350561685
5.404 0.01589086051820489 0.2407874478253287 0.01648240322675884 0.2899673985487987 -0.00059154270855395 -0.04917995072346994
5.406 0.01581419819713785 0.2403888389740574 0.01640530335645411 0.2895506003781144 -0.0005911051593162604 -0.04916176140405697
5.408 0.01574354182262134 0.239990189709803 0.01633420991796329 0.2891337752422531 -0.0005906680953419486 -0.04914358553245012
5.41 0.01567880247817619 0.2395915516025243 0.01626903399408993 0.2887169746962679 -0.0005902315159137405 -0.04912542309374365
5.412 0.01561989991057406 0.2391929690858424 0.01620969533088974 0.2883002431588962 -0.0005897954203156864 -0.04910727407305377
5.414 0.01556676256259843 0.2387944802194653 0.01615612237043159 0.2878836186749841 -0.000589359807833158 -0.04908913845551873
5.416 0.01551932759345783 0.2383961174049906 0.01610825227121068 0.2874671336312892 -0.0005889246777528458 -0.04907101622629866
5.418 0.01547754089114189 0.2379979080600552 0.01606603092050465 0.2870508154306309 -0.0005884900293627571 -0.04905290737057566
5.42 0.01544135708038148 0.2375998752551709 0.01602941294233369 0.2866346871287245 -0.0005880558619522114 -0.04903481187355362
5.422 0.01541073952938707 0.2372020383180367 0.01599836170419891 0.2862187680384949 -0.0005876221748118384 -0.04901672972045827
5.424 0.01538566035803684 0.2368044134095448 0.01597284932527042 0.2858030743060819 -0.0005871889672335752 -0.04899866089653711
5.426 0.0153661004497974 0.2364070140757819 0.01595285668830807 0.2853876194628412 -0.0005867562385106636 -0.0489806053870594
5.428 0.01535204946927625 0.2360098517803517 0.0159383734572139 0.2849724149576678 -0.0005863239879376462 -0.04896256317731606
5.43 0.0153435058870012 0.2356129364209337 0.01592939810181157 0.2845574706735534 -0.0005858922148103646 -0.04894453425261968
5.432 0.01534047701270414 0.2352162768341784 0.0159259379311301 0.2841427954324828 -0.0005854609184259553 -0.04892651859830445
5.434 0.01534297903811631 0.234819881293052 0.01592800913619916 0.2837283974927782 -0.0005850300980828492 -0.04890851619972619
5.436 0.01535103709008013 0.234423758000317 0.01593563684316089 0.2833142850425792 -0.0005845997530807657 -0.04889052704226219
5.438 0.0153646852944625 0.234027915582392 0.01594885517718321 0.2829004666937033 -0.0005841698827207122 -0.04887255111131127
5.44 0.0153839668512128 0.2336323635873142 0.01596770733751778 0.2824869519796079 -0.0005837404863049797 -0.04885458839229369
5.442 0.01540893412063045 0.2332371129909751 0.01599224568376759 0.2820737518616263 -0.0005833115631371417 -0.04883663887065116
5.444 0.01543964872070746 0.2328421767155592 0.01602253183322951 0.281660879247406 -0.0005828831125220495 -0.04881870253184672
5.446 0.01547618163514292 0.2324475701644778 0.01605863676890875 0.2812483495258426 -0.0005824551337658305 -0.04880077936136481
5.448 0.01551861333142298 0.2320533117779944 0.01610064095759887 0.2808361811227055 -0.000582027626175885 -0.04878286934471109
5.45 0.01556703388805917 0.2316594236138962 0.01614863447712006 0.2804243960813088 -0.0005816005890608839 -0.04876497246741257
5.452 0.01562154312977727 0.2312659319578785 0.01620271715150803 0.280013020672896 -0.0005811740217307654 -0.04874708871501742
5.454 0.01568225076915694 0.2308728679682957 0.01626299869265367 0.2796020860413908 -0.0005807479234967319 -0.04872921807309502
5.456 0.0157492765527997 0.230480268360313 0.01632959884647095 0.2791916288875489 -0.0005803222936712483 -0.04871136052723586
5.458 0.01582275040971471 0.2300881761346112 0.01640264754128274 0.2787816921976627 -0.0005798971315680384 -0.04869351606305159
5.46 0.01590281259917057 0.2296966413559999 0.01648228503567265 0.2783723260221748 -0.0005794724365020821 -0.04867568466617489
5.462 0.0159896138546344 0.2293057219877282 0.01656866206242402 0.2779635883099877 -0.0005790482077896129 -0.04865786632225946
5.464 0.01608331551989931 0.2289154847873162 0.01666193996464743 0.2775555458042962 -0.0005786244447481153 -0.04864006101698003
5.466 0.01618408967267593 0.2285260062703315 0.01676229081937226 0.2771482750063637 -0.0005782011466963221 -0.04862226873603225
5.468 0.01629211923028438 0.2281373737483175 0.01686989754323859 0.2767418632134502 -0.0005777783129542108 -0.04860448946513268
5.47 0.01640759803094831 0.2277496864479311 0.01698495397379131 0.2763364096379499 -0.000577355942843002 -0.04858672319001878
5.472 0.01653073088334318 0.2273630567180677 0.01710766491902834 0.2759320266145165 -0.0005769340356851559 -0.04856896989644881
5.474 0.01666173357574092 0.2269776113322192 0.01723824616654529 0.2755288409024211 -0.0005765125908043704 -0.04855122957020191
5.476 0.01680083283469211 0.2265934928935272 0.01737692444221769 0.2751269950906051 -0.0005760916075255772 -0.04853350219707785
5.478 0.016948266221816 0.2262108613497875 0.01752393730699094 0.2747266491126847 -0.0005756710851749402 -0.04851578776289726
5.48 0.0171042819553826 0.2258298956258169 0.01767953297846245 0.2743279818793182 -0.0005752510230798515 -0.04849808625350133
5.482 0.01726913864138876 0.2254507953805749 0.01784397006195769 0.2739311930353269 -0.0005748314205689313 -0.04848039765475201
5.484 0.01744310489688772 0.2250737828955966 0.01801751717385974 0.2735365048481284 -0.0005744122769720215 -0.04846272195253179
5.486 0.01762645884550619 0.224699105101417 0.01820045243712638 0.2731441642341607 -0.0005739935916201867 -0.04844505913274375
5.488 0.01781948746277896 0.2243270357471377 0.01839306282662467 0.2727544449284492 -0.0005735753638457083 -0.0484274091813115
5.49 0.01802248574561822 0.22395787771765 0.01859564333860031 0.2723676498018291 -0.0005731575929820849 -0.04840977208417917
5.492 0.01823575567719428 0.2235919655010582 0.01880849595555831 0.2719841133283695 -0.000572740278364027 -0.04839214782731133
5.494 0.01845960495479535 0.2232296678069719 0.01903192837412281 0.2716042042036649 -0.0005723234193274561 -0.04837453639669298
5.496 0.01869434544450736 0.2228713903334559 0.01926625245971686 0.2712283281117854 -0.0005719070152095008 -0.04835693777832949
5.498 0.01894029132256114 0.2225175786768949 0.01951178238790963 0.2708569306351415 -0.0005714910653484957 -0.04833935195824661
5.5 0.0191977568587716 0.2221687213749188 0.01976883242785557 0.2704905002974092 -0.0005710755690839771 -0.04832177892249037
5.502 0.01946705379339143 0.2218253530668038 0.02003771431914812 0.2701295717239309 -0.0005706605257566815 -0.04830421865712711
5.504 0.01974848825410506 0.2214880577495132 0.0203187341888136 0.2697747288977566 -0.0005702459347085427 -0.04828667114824336
5.506 0.02004235715585264 0.2211574720993174 0.02061218895113533 0.2694266084812633 -0.0005698317952826886 -0.0482691363819459
5.508 0.02034894402235741 0.2208342888194424 0.02091836212918085 0.269085903163804 -0.0005694181068234401 -0.04825161434436166
5.51 0.02066851416474307 0.2205192599630056 0.02123751903341937 0.2687533649846433 -0.0005690048686763065 -0.04823410502163768
5.512 0.02100130915064893 0.220213200167037 0.02156990123083691 0.2684298085669781 -0.0005685920801879847 -0.0482166083999411
5.514 0.02134754049595937 0.2199169897181882 0.02191572023666572 0.2681161141836473 -0.0005681797407063552 -0.04819912446545912
5.516 0.02170738251249052 0.2196315773529363 0.022275150362071 0.2678132305573352 -0.0005677678495804812 -0.04818165320439898
5.518 0.02208096424833715 0.2193579826751575 0.02264832065449775 0.2675221772781454 -0.0005673564061606038 -0.04816419460298787
5.52 0.02246836046412828 0.2190972980518351 0.02303530587392642 0.267244046699308 -0.0005669454097981417 -0.04814674864747295
5.522 0.0228695815995189 0.2188506898231091 0.02343611645936459 0.2669800051472303 -0.0005665348598456866 -0.04812931532412125
5.524 0.02328456269974244 0.2186193986369785 0.02385068745539944 0.2667312932561983 -0.0005661247556570027 -0.04811189461921973
5.526 0.02371315129472716 0.2184047386913965 0.02427886639131418 0.2664992252104716 -0.0005657150965870224 -0.04809448651907516
5.528 0.024155094251874 0.2182080956392269 0.02472040013386585 0.266285186649241 -0.0005653058819918448 -0.04807709101001412
5.53 0.0246100236621995 0.2180309228846784 0.02517492077342823 0.2660906309630613 -0.0005648971112287325 -0.04805970807838294
5.532 0.02507744186658054 0.217874735976143 0.02564193065023665 0.2659170736866907 -0.0005644887836561099 -0.04804233771054769
5.534 0.02555670578655515 0.2177411047814304 0.02612078668518871 0.2657660846743246 -0.00056408089863356 -0.04802497989289417
5.536 0.02604701079368939 0.2176316431201778 0.02661068424921122 0.2656392777320056 -0.0005636734555218221 -0.04800763461182779
5.538 0.02654737443102986 0.2175479955282376 0.02711064088471265 0.2655382973820112 -0.0005632664536827886 -0.04799030185377359
5.54 0.02705662039046632 0.217491820843825 0.02761948028294583 0.2654648024490012 -0.0005628598924795047 -0.04797298160517624
5.542 0.02757336324960832 0.2174647723395844 0.02813581702088448 0.2654204461920843 -0.000562453771276163 -0.04795567385249993
5.544 0.028095994574994 0.2174684741830517 0.0286580426644321 0.2654068527652801 -0.0005620480894381033 -0.04793837858222837
5.546 0.02862267110508705 0.2175044940948098 0.02918431395141885 0.2654255898756746 -0.0005616428463318083 -0.04792109578086476
5.548 0.0291513058249341 0.2175743121927902 0.029712543866259 0.265478137627722 -0.0005612380413249035 -0.04790382543493176
5.55 0.02967956283056454 0.2176792861655366 0.03024039650435069 0.265565853696508 -0.0005608336737861519 -0.04788656753097142
5.552 0.0302048569413361 0.2178206131075988 0.03076528668442156 0.265689935163144 -0.0005604297430854536 -0.0478693220555452
5.554 0.03072435904300566 0.2179992885746671 0.03128438529159951 0.265851377569901 -0.0005600262485938425 -0.04785208899523387
5.556 0.03123500811903248 0.218216063669356 0.03179463130871597 0.2660509320059935 -0.0005596231896834844 -0.04783486833663753
5.558 0.03173353083945801 0.2184714012400107 0.03229275140518569 0.2662890613063862 -0.0005592205657276736 -0.04781766006637553
5.56 0.03221646941567897 0.2187654325508039 0.03277528779177981 0.2665658967218905 -0.0005588183761008316 -0.04780046417108651
5.562 0.0326802181854722 0.2190979160405589 0.0332386348056507 0.2668811966779872 -0.0005584166201785034 -0.04778328063742825
5.564 0.03312106906476272 0.2194682000071595 0.03367908436210008 0.2672343094592373 -0.0005580152973373568 -0.04776610945207774
5.566 0.03353526559412678 0.2198751912057233 0.03409288000108196 0.2676241418074544 -0.0005576144069551785 -0.04774895060173113
5.568 0.03391906483259494 0.2203173314039587 0.03447627878100581 0.2680491354770623 -0.0005572139484108717 -0.0477318040731036
5.57 0.03426880583375353 0.220792583872131 0.03482561975483799 0.2685072537250604 -0.0005568139210844549 -0.04771466985292944
5.572 0.03458098291101835 0.2212984315764896 0.03513739723537541 0.2689959795044516 -0.0005564143243570585 -0.04769754792796201
5.574 0.03485232140481687 0.2218318884864361 0.0354083365624278 0.2695123267714097 -0.0005560151576109229 -0.0476804382849736
5.576 0.0350798532482595 0.2223895248973382 0.0356354696684889 0.2700528658080937 -0.0005556164202293951 -0.04766334091075549
5.578 0.03526098934048536 0.2229675070365716 0.03581620745208229 0.2706137628286895 -0.0005552181115969279 -0.04764625579211791
5.58 0.03539358561760105 0.2235616504921576 0.03594840584870013 0.2711908334080476 -0.0005548202310990768 -0.04762918291588997
5.582 0.0354759997919369 0.2241674862342018 0.03603042257005939 0.2717796085031215 -0.000554422778122497 -0.04761212226891966
5.584 0.0355071360246579 0.2247803372511901 0.03606116177671283 0.2723754110892638 -0.0005540257520549418 -0.04759507383807377
5.586 0.03548647529629972 0.2253954031587652 0.03604010444858498 0.2729734407690032 -0.0005536291522852603 -0.04757803761023791
5.588 0.03541408991604117 0.2260078496221929 0.03596732289424456 0.2735688631945094 -0.0005532329782033946 -0.04756101357231644
5.59 0.03529064141390637 0.2266128991158018 0.03584347864310675 0.2741569008270343 -0.0005528372292003776 -0.04754400171123247
5.592 0.03511736192591251 0.2272059194516665 0.03566980383058084 0.2747329214655943 -0.0005524419046683307 -0.04752700201392777
5.594 0.03489602003900602 0.2277825066605335 0.03544806704300648 0.2752925211278963 -0.0005520470040004615 -0.04751001446736279
5.596 0.03462887283949003 0.2283385591790367 0.03518052536608109 0.2758315982375533 -0.0005516525265910617 -0.04749303905851663
5.598 0.03431860654429857 0.2288703408570884 0.03486986501613407 0.2763464166314754 -0.0005512584718355042 -0.04747607577438696
5.6 0.03396826854435823 0.2293745309898531 0.03451913338348848 0.2768336555918431 -0.0005508648391302412 -0.04745912460199001
5.602 0.03358119392950661 0.2298482603393303 0.03413166555737941 0.2772904458676909 -0.0005504716278728017 -0.04744218552836054
5.604 0.03316092959275204 0.2302891328745786 0.03371100843021383 0.2777143914151304 -0.0005500788374617897 -0.04742525854055183
5.606 0.03271115884700047 0.2306952336677935 0.03326084531429736 0.2781035772934292 -0.000549686467296881 -0.04740834362563561
5.608 0.03223562916257301 0.2310651239899778 0.03278492367935183 0.2784565647606798 -0.0005492945167788215 -0.04739144077070202
5.61 0.03173808519436794 0.2313978251205261 0.03228698817967737 0.2787723750833857 -0.000548902985309425 -0.0473745499628596
5.612 0.03122220875972967 0.2316927927065883 0.03177072063202124 0.2790504638958236 -0.0005485118722915707 -0.04735767118923531
5.614 0.03069156689934965 0.2319498836788654 0.03123968807647885 0.2792906881158397 -0.000548121177129201 -0.04734080443697437
5.616 0.03014956864373432 0.2321693177638471 0.03069729954296164 0.2794932674570875 -0.0005477308992273189 -0.04732394969324034
5.618 0.02959943064722188 0.2323516355505456 0.03014677168521386 0.2796587424957606 -0.0005473410379919859 -0.04730710694521503
5.62 0.02904415146294086 0.2324976548983784 0.02959110305577118 0.2797879310784769 -0.0005469515928303207 -0.0472902761800985
5.622 0.02848649392433218 0.232608427241491 0.02903305648748268 0.2798818846266 -0.0005465625631504953 -0.04727345738510899
5.624 0.02792897487746448 0.2326851950785307 0.02847514882582621 0.2799418456260137 -0.0005461739483617339 -0.04725665054748294
5.626 0.02737386136550618 0.2327293516611726 0.02791964711338049 0.2799692073156475 -0.0005457857478743098 -0.04723985565447487
5.628 0.0268231722962929 0.2327424036260514 0.02736857025739245 0.2799654763194089 -0.0005453979610995448 -0.04722307269335751
5.63 0.02627868461248116 0.2327259370681803 0.02682369519993097 0.2799322387196019 -0.0005450105874498046 -0.04720630165142154
5.632 0.0257419430177595 0.2326815873378549 0.026286566644098 0.2798711298538307 -0.0005446236263384989 -0.04718954251597577
5.634 0.02521427238121083 0.2326110126614505 0.02575850945839091 0.2797838079357974 -0.0005442370771800768 -0.04717279527434697
5.636 0.02469679203165276 0.2325158715413213 0.02524064297104278 0.2796719314552012 -0.0005438509393900274 -0.04715605991387991
5.638 0.02419043125501972 0.2323978037793346 0.0247338964674046 0.2795371402012719 -0.0005434652123848749 -0.04713933642193729
5.64 0.02369594541435706 0.2322584148892679 0.02423902530993924 0.2793810396751676 -0.0005430798955821782 -0.04712262478589977
5.642 0.02321393221448037 0.2320992636114887 0.0237566272028809 0.2792051886046545 -0.0005426949884005277 -0.0471059249931658
5.644 0.02274484773121936 0.2319218522142668 0.02328715822147891 0.2790110892454186 -0.0005423104902595438 -0.04708923703115178
5.646 0.02228902191249393 0.2317276192551878 0.0228309483130738 0.2788001801424797 -0.0005419264005798744 -0.04707256088729186
5.648 0.02184667333613842 0.2315179344794157 0.02238821605492161 0.2785738310284537 -0.0005415427187831924 -0.047055896549038
5.65 0.02141792307529354 0.2312940955448916 0.02195908251958574 0.2783333395487515 -0.0005411594442921937 -0.04703924400385991
5.652 0.0210028075773108 0.2310573262849131 0.0215435841538414 0.2780799295241582 -0.0005407765765305958 -0.04702260323924504
5.654 0.02060129050737442 0.2308087762433794 0.02114168462229756 0.277814750486078 -0.0005403941149231348 -0.04700597424269853
5.656 0.02021327354321329 0.2305495212448236 0.02075328560210885 0.2775388782465668 -0.0005400120588955632 -0.04698935700174316
5.658 0.01983860613512777 0.2302805647890767 0.02037823654300242 0.2772533162929961 -0.0005396304078746479 -0.04697275150391935
5.66 0.01947709426567941 0.2300028400874304 0.02001634342696758 0.2769589978242155 -0.0005392491612881684 -0.04695615773678512
5.662 0.01912850825790717 0.229717212582819 0.01966737657647209 0.276656788270735 -0.0005388683185649143 -0.04693957568791607
5.664 0.01879258969085834 0.2294244828205415 0.01933107756999303 0.2763474881654468 -0.0005384878791346835 -0.04692300534490533
5.666 0.01846905748668214 0.229125389557525 0.01900716532911042 0.2760318362528885 -0.0005381078424282788 -0.04690644669536351
5.668 0.01815761323668169 0.2288206130177297 0.0186953414445592 0.2757105127446485 -0.0005377282078775086 -0.04688989972691875
5.67 0.01785794583357908 0.2285107782180285 0.01839529480849426 0.275384142645245 -0.0005373489749151813 -0.04687336442721658
5.672 0.01756973547656526 0.2281964583041281 0.01810670561954037 0.2750532990880481 -0.0005369701429751056 -0.04685684078391998
5.674 0.01729265711254492 0.2278781778484959 0.01782924882403701 0.2747185066332052 -0.0005365917114920874 -0.04684032878470928
5.676 0.01702638337388172 0.2275564160732723 0.01756259705378365 0.2743802444905545 -0.0005362136799019282 -0.04682382841728221
5.678 0.01677058706901052 0.2272316099703756 0.01730642311665194 0.2740389496397294 -0.0005358360476414224 -0.04680733966935379
5.68 0.0165249432777164 0.2269041572982836 0.01706040209186475 0.2736950198269399 -0.0005354588141483558 -0.04679086252865632
5.682 0.0162891310988592 0.2265744194415814 0.0168242130777207 0.2733488164245207 -0.0005350819788615028 -0.04677439698293936
5.684 0.01606283509386293 0.2262427241243155 0.01659754063508355 0.2730006671442853 -0.0005347055412206254 -0.04675794301996977
5.686 0.01584574646493848 0.2259093679721981 0.01638007596560495 0.2726508685997296 -0.0005343295006664701 -0.04674150062753152
5.688 0.01563756400336051 0.2255746189222834 0.01617151786000127 0.2722996887157092 -0.0005339538566407658 -0.04672506979342579
5.69 0.01543799483896855 0.2252387184809131 0.01597157344755477 0.271947368986384 -0.0005335786085862228 -0.0467086505054709
5.692 0.01524675501892963 0.2249018838330482 0.01577995877487616 0.2715941265845505 -0.0005332037559465298 -0.04669224275150228
5.694 0.01506356994034234 0.2245643098072942 0.01559639923850869 0.2712401563266666 -0.0005328292981663521 -0.04667584651937245
5.696 0.01488817465853712 0.2242261707022333 0.01542062989322845 0.2708856324991842 -0.0005324552346913293 -0.04665946179695095
5.698 0.01472031409017898 0.2238876219802769 0.01525239565514705 0.2705307105524012 -0.0005320815649680735 -0.04664308857212435
5.7 0.01455974312787917 0.2235488018357048 0.01509145141632334 0.2701755286685011 -0.0005317082884441678 -0.04662672683279625
5.702 0.01440622668103187 0.2232098326440058 0.01493756208560003 0.269820209210893 -0.000531335404568163 -0.04661037656688716
5.704 0.01425953965551987 0.2228708222995142 0.01479050256830944 0.2694648600618488 -0.0005309629127895767 -0.04659403776233454
5.706 0.01411946688341944 0.2225318654485126 0.01465005769597833 0.2691095758556054 -0.0005305908125588902 -0.04657771040709274
5.708 0.01398580301221206 0.2221930446247267 0.01451602211553961 0.2687544391138598 -0.0005302191033275483 -0.04656139448913301
5.71 0.01385835236174104 0.2218544312938989 0.014388200146289 0.2683995212903423 -0.0005298477845479548 -0.04654508999644341
5.712 0.0137369287560546 0.2215160868140793 0.01426640561172808 0.2680448837311082 -0.0005294768556734726 -0.04652879691702885
5.714 0.01362135533615584 0.2211780633177137 0.01415046165231426 0.2676905785566246 -0.0005291063161584201 -0.04651251523891096
5.716 0.01351146435894657 0.2208404045216266 0.01404020052440464 0.2673366494717548 -0.0005287361654580708 -0.04649624495012819
5.718 0.01340709698668974 0.220503146470263 0.01393546338971838 0.2669831325089986 -0.0005283664030286499 -0.04647998603873569
5.72 0.01330810307085345 0.2201663182176912 0.01383610009918078 0.2666300567104965 -0.0005279970283273329 -0.04646373849280529
5.722 0.01321434093345645 0.2198299424531511 0.01374196897426869 0.2662774447535766 -0.0005276280408122435 -0.04644750230042549
5.724 0.01312567714862492 0.2194940360748124 0.01365293658856737 0.2659253135245138 -0.000527259439942452 -0.04643127744970147
5.726 0.01304198632662642 0.2191586107161556 0.0135688775518044 0.2655736746449106 -0.000526891225177973 -0.04641506392875497
5.728 0.01296315090223645 0.2188236732288736 0.01348967429821621 0.265222534954598 -0.0005265233959797626 -0.04639886172572431
5.73 0.01288906092901261 0.2184892261261066 0.01341521688082233 0.264871896954871 -0.000526155951809718 -0.04638267082876438
5.732 0.01281961388079687 0.2181552679895637 0.01334540277292754 0.2645217592156103 -0.0005257888921306749 -0.04636649122604659
5.734 0.01275471446146154 0.2178217938435984 0.01328013667786794 0.2641721167493573 -0.0005254222164064046 -0.04635032290575882
5.736 0.01269427442381121 0.2174887954994633 0.01321933034791282 0.2638229613555687 -0.0005250559241016134 -0.04633416585610546
5.738 0.0126382123983171 0.2171562618723454 0.01316290241299905 0.2634742819376527 -0.0005246900146819402 -0.04631802006530727
5.74 0.01258645373225927 0.2168241792739229 0.01311077821987322 0.2631260647955244 -0.0005243244876139542 -0.04630188552160149
5.742 0.01253893033971703 0.2164925316827482 0.01306288968208218 0.2627782938959899 -0.0005239593423651533 -0.04628576221324169
5.744 0.01249558056277637 0.2161613009948211 0.01301917514118033 0.2624309511233189 -0.0005235945784039617 -0.04626965012849778
5.746 0.01245634904421828 0.2158304672564023 0.012979579239418 0.2620840165120584 -0.0005232301951997287 -0.04625354925565602
5.748 0.01242118661189476 0.2155000088809711 0.01294405280411749 0.2617374684639901 -0.0005228661922227268 -0.04623745958301897
5.75 0.01239005017496327 0.2151699028523092 0.01291255274390742 0.2613912839512146 -0.0005225025689441482 -0.04622138109890541
5.752 0.01236290263209728 0.2148401249152977 0.01288504195693338 0.2610454387069481 -0.0005221393248361052 -0.04620531379165042
5.754 0.01233971279175747 0.214510649756214 0.0128614892511291 0.2606999074058192 -0.0005217764593716265 -0.04618925764960521
5.756 0.01232045530459086 0.2141814511740013 0.01284186927661551 0.2603546638351385 -0.0005214139720246561 -0.04617321266113723
5.758 0.01230511060800754 0.2138525022439798 0.01282616247027759 0.2600096810586098 -0.0005210518622700512 -0.04615717881463007
5.76 0.01229366488296841 0.2135237754755185 0.01281435501255199 0.2596649315740019 -0.0005206901295835805 -0.04614115609848344
5.762 0.01228611002301712 0.2131952429649305 0.01280643879645904 0.2593203874660436 -0.0005203287734419218 -0.04612514450111312
5.764 0.01228244361557852 0.2128668765450619 0.01280241140890118 0.2589760205560129 -0.0005199677933226605 -0.04610914401095099
5.766 0.01228266893554818 0.212538647932825 0.01280227612425247 0.2586318025492699 -0.0005196071887042879 -0.04609315461644498
5.768 0.01228679495119856 0.2122105288759144 0.01280604191026476 0.2582877051819734 -0.0005192469590661986 -0.04607717630605898
5.77 0.01229483634242511 0.2118824913001517 0.0128137234463138 0.2579437003684246 -0.0005188871038886897 -0.04606120906827292
5.772 0.01230681353136811 0.2115545074585693 0.01282534115402107 0.257599760350152 -0.0005185276226529578 -0.04604525289158265
5.774 0.01232275272542043 0.2112265500837837 0.01284092124026153 0.2572558578482836 -0.0005181685148410978 -0.04602930776449998
5.776 0.01234268597267878 0.2108985925447097 0.01286049575261488 0.2569119662202622 -0.0005178097799361007 -0.04601337367555258
5.778 0.0123666512298365 0.2105706090092713 0.01288410264725835 0.2565680596225554 -0.0005174514174218521 -0.04599745061328402
5.78 0.01239469244255688 0.2102425746143286 0.01291178586934001 0.2562241131805824 -0.0005170934267831303 -0.04598153856625373
5.782 0.01242685963835339 0.2099144656443625 0.01294359544585899 0.2558801031673995 -0.0005167358075056039 -0.04596563752303695
5.784 0.01246320903193966 0.2095862597205576 0.01297958759101549 0.2555360071927823 -0.0005163785590758306 -0.04594974747222468
5.786 0.01250380314307988 0.2092579360017464 0.01301982482406113 0.2551918044041701 -0.0005160216809812553 -0.04593386840242374
5.788 0.01254871092687703 0.2089294753990464 0.01306437609958724 0.254847475701303 -0.0005156651727102074 -0.04591800030225662
5.79 0.01259800791640315 0.208600860806068 0.01311331695015505 0.2545030039664296 -0.0005153090337519005 -0.04590214316036159
5.792 0.01265177637761461 0.2082720773464578 0.01316672964121104 0.2541583743118503 -0.000514953263596429 -0.04588629696539256
5.794 0.01271010547630445 0.2079431126411215 0.01322470333803922 0.2538135743471406 -0.0005145978617347675 -0.04587046170601912
5.796 0.01277309145692949 0.2076139570971214 0.01328733428458826 0.2534685944680479 -0.000514242827658768 -0.04585463737092645
5.798 0.0128408378329299 0.2072846042208285 0.01335472599379106 0.2531234281696438 -0.000513888160861159 -0.04583882394881538
5.8 0.01291345558817009 0.2069550509577943 0.01342698944900563 0.2527780723861966 -0.0005135338608355429 -0.04582302142840228
5.802 0.01299106338891915 0.2066252980622157 0.01350424331599554 0.2524325278606347 -0.0005131799270763946 -0.04580722979841909
5.804 0.01307378780568918 0.2062953504989729 0.01358661416476824 0.2520867995465862 -0.0005128263590790596 -0.04579144904761327
5.806 0.01316176354410138 0.2059652178814016 0.01367423670044113 0.2517408970461494 -0.0005124731563397526 -0.04577567916474775
5.808 0.0132551336836657 0.2056349149483926 0.01376725400202125 0.2513948350869936 -0.0005121203183555549 -0.04575992013860097
5.81 0.01335404992319826 0.2053044620844907 0.01386581776782268 0.2510486340424575 -0.0005117678446244133 -0.04574417195796678
5.812 0.01345867283124928 0.2049738858871186 0.01397008856589442 0.250702320498773 -0.0005114157346451373 -0.04572843461165444
5.814 0.01356917209961288 0.2046432197852485 0.01408023608753028 0.2503559278737372 -0.0005110639879173995 -0.04571270808848863
5.816 0.01368572679762611 0.2043125047141345 0.01419643940156785 0.2500094970914438 -0.0005107126039417313 -0.04569699237730938
5.818 0.01380852562442284 0.2039817898512611 0.01431888720664236 0.2496630773182331 -0.0005103615822195226 -0.04568128746697203
5.82 0.01393776715589524 0.2036511334187124 0.01444777807814826 0.2493167267650596 -0.0005100109222530193 -0.04566559334634726
5.822 0.01407366008234332 0.203320603557899 0.01458332070588864 0.24897051356222 -0.0005096606235453225 -0.04564991000432104
5.824 0.01421642343232295 0.2029902792824738 0.01472573411792333 0.2486245167122683 -0.0005093106856003857 -0.04563423742979456
5.826 0.01436628677709219 0.2026602515161652 0.0148752478850152 0.2482788271278495 -0.0005089611079230137 -0.04561857561168427
5.828 0.01452349040938964 0.2023306242221354 0.0150321022994085 0.2479335487610572 -0.0005086118900188602 -0.04560292453892181
5.83 0.0146882854890742 0.2020015156310459 0.01519654852046863 0.2475887998314999 -0.0005082630313944272 -0.04558728420045401
5.832 0.01486093414685223 0.2016730595754027 0.01536884867840929 0.2472447141606456 -0.000507914531557062 -0.04557165458524285
5.834 0.01504170953616632 0.2013454069376341 0.01554927592618127 0.2469014426198996 -0.0005075663900149561 -0.04555603568226544
5.836 0.01523089582149361 0.201018727219918 0.01573811442777076 0.246559154700432 -0.0005072186062771432 -0.04554042748051396
5.838 0.01542878808955611 0.2006932102436955 0.01593565926940961 0.2462180402126912 -0.0005068711798534982 -0.04552482996899573
5.84 0.01563569216814079 0.2003690679865607 0.01614221627839552 0.2458783111232938 -0.0005065241102547343 -0.04550924313673304
5.842 0.01585192433452529 0.2000465365644552 0.01635810173151769 0.2455402035372185 -0.000506177396992402 -0.04549366697276327
5.844 0.01607781089343644 0.1997258783661077 0.01658364193301532 0.2452039798322465 -0.0005058310395788876 -0.04547810146613876
5.846 0.01631368760125593 0.1994073843464083 0.01681917263878334 0.2448699309523351 -0.0005054850375274108 -0.04546254660592682
5.848 0.01655989891030502 0.1990913764840394 0.01706503830065705 0.2445383788652492 -0.0005051393903520236 -0.04544700238120975
5.85 0.01681679700338255 0.1987782104074676 0.01732159110095016 0.2442096791885524 -0.0005047940975676081 -0.04543146878108472
5.852 0.01708474058511253 0.1984682781912537 0.0175891897438024 0.2438842239859175 -0.000504449158689875 -0.04541594579466381
5.854 0.01736409339261026 0.1981620113220501 0.01786819796584563 0.2435624447331241 -0.0005041045732353622 -0.045400433411074
5.856 0.01765522238340374 0.1978598838305077 0.01815898272412518 0.2432448154499648 -0.0005037603407214327 -0.04538493161945707
5.858 0.01795849555422458 0.1975624155808353 0.01846191201489086 0.2429318559898049 -0.0005034164606662731 -0.04536944040896965
5.86 0.01827427933920787 0.1972701757047676 0.01877735227179676 0.2426241354735507 -0.0005030729325888916 -0.04535395976878315
5.862 0.01860293553137085 0.1969837861600232 0.01910566528737996 0.242322275848107 -0.0005027297560091169 -0.04533848968808375
5.864 0.01894481766643426 0.1967039253854743 0.01944720459688186 0.2420269555415467 -0.0005023869304475963 -0.04532303015607238
5.866 0.01930026680322778 0.1964313320158903 0.01980231125865357 0.241738913177855 -0.0005020444554257935 -0.04530758116196469
5.868 0.01966960663117386 0.1961668086075254 0.02017130896163985 0.2414589513025164 -0.0005017023304659876 -0.045292142694991
5.87 0.02005313783160632 0.1959112253127203 0.02055449838669759 0.2411879400571167 -0.0005013605550912713 -0.04527671474439635
5.872 0.02045113161821517 0.1956655234256534 0.02095215074704072 0.2409268207250938 -0.0005010191288255491 -0.04526129729944037
5.874 0.02086382238078741 0.1954307187037331 0.02136450043198094 0.2406766090531305 -0.0005006780511935354 -0.04524589034939733
5.876 0.02129139935911302 0.1952079043480962 0.02179173668083378 0.2404383982316523 -0.0005003373217207532 -0.0452304938835561
5.878 0.02173399727860151 0.1949982535036723 0.02223399421853505 0.2402133613948924 -0.0004999969399335332 -0.04521510789122012
5.88 0.0221916858880154 0.1948030211136066 0.02269134279337441 0.240002753475314 -0.0004996569053590098 -0.04519973236170734
5.882 0.02266445835436236 0.1946235449345955 0.02316377557188748 0.2398079122189458 -0.0004993172175251223 -0.04518436728435029
5.884 0.02315221848949417 0.194461245490258 0.02365119636545478 0.2396302581387539 -0.0004989778759606111 -0.04516901264849593
5.886 0.02365476681051456 0.1943176247087825 0.02415340569070958 0.2394712931522883 -0.0004986388801950176 -0.04515366844350575
5.888 0.02417178547283483 0.1941942629604632 0.02467008570259351 0.2393325976192188 -0.0004983002297586816 -0.04513833465875565
5.89 0.0247028221596695 0.1940928141821355 0.02520078408385224 0.2392158254657714 -0.0004979619241827396 -0.04512301128363593
5.892 0.0252472730700494 0.1940149987503415 0.02574489703304852 0.2391226970578928 -0.0004976239629991238 -0.04510769830755135
5.894 0.02580436521558365 0.1939625937469173 0.02630165156132421 0.2390549894668383 -0.0004972863457405607 -0.045092395719921
5.896 0.02637313831844466 0.1939374202521905 0.02687008739038523 0.2390145237623688 -0.0004969490719405683 -0.04507710351017832
5.898 0.02695242669621096 0.1939413273066132 0.02744903883734441 0.2390031489743843 -0.0004966121411334555 -0.04506182166777108
5.9 0.02754084162427172 0.1939761722056679 0.02803711717712604 0.2390227223878292 -0.00049627555285432 -0.04504655018216135
5.902 0.0281367547798753 0.1940437968405227 0.02863269408651434 0.2390750858833482 -0.0004959393066390471 -0.04503128904282547
5.904 0.02873828348898153 0.1941459998730447 0.02923388689100583 0.2391620381122987 -0.0004956034020243079 -0.04501603823925406
5.906 0.02934327861407396 0.1942845046434954 0.02983854645262151 0.2392853024044473 -0.0004952678385475573 -0.0450007977609519
5.908 0.02994931602683609 0.1944609228563332 0.03044424864258312 0.2394464904537712 -0.0004949326157470332 -0.04498556759743804
5.91 0.03055369269692504 0.1946767142766561 0.03104829043008679 0.2396470620149018 -0.0004945977331617547 -0.04497034773824569
5.912 0.03115342848247972 0.1949331428967881 0.03164769167281124 0.2398882810697103 -0.0004942631903315193 -0.04495513817292219
5.914 0.03174527471612441 0.1952312302956718 0.03223920370292131 0.2401711691867008 -0.0004939289867969037 -0.04493993889102904
5.916 0.03232573062873887 0.1955717072057056 0.03281932575083813 0.2404964570878474 -0.0004935951220992595 -0.04492474988214183
5.918 0.03289106852562948 0.1959549646085388 0.03338433012141019 0.2408645357443891 -0.0004932615957807141 -0.04490957113585024
5.92 0.03343736841786564 0.1963810059858816 0.0339302968252498 0.2412754086276397 -0.0004929284073841675 -0.04489440264175803
5.922 0.03396056250370539 0.1968494026272574 0.03445315806015868 0.2417286470167404 -0.0004925955564532916 -0.04487924438948296
5.924 0.03445648949601767 0.1973592541180693 0.0349487525385502 0.2422233504867261 -0.0004922630425325274 -0.0448640963686568
5.926 0.03492095830514268 0.1979091562642885 0.03541288917030976 0.2427581148332139 -0.0004919308651670853 -0.04484895856892535
5.928 0.03534982003511061 0.1984971787253104 0.03584141905901356 0.2433310097052588 -0.0004915990239029425 -0.04483383097994834
5.93 0.03573904666441964 0.1991208544971338 0.03623031418270648 0.2439395680885332 -0.0004912675182868408 -0.04481871359139947
5.932 0.03608481420050572 0.1997771830940834 0.036575750548372 0.2445807894870497 -0.0004909363478662864 -0.04480360639296632
5.934 0.03638358757084976 0.2004626488140651 0.0368741930830393 0.2452511581884155 -0.0004906055121895476 -0.04478850937435039
5.936 0.03663220409638553 0.2011732548510567 0.03712247910719119 0.2459466773763238 -0.0004902750108056532 -0.04477342252526704
5.938 0.03682795213455833 0.2019045732644905 0.03731789697782272 0.246662919099936 -0.0004899448432643916 -0.0447583458354455
5.94 0.03696864142596763 0.2026518099799799 0.03745825643508394 0.2473950892746087 -0.0004896150091163082 -0.04474327929462878
5.942 0.03705266185459511 0.2034098831359539 0.03754194736250781 0.2481381060285277 -0.000489285507912705 -0.04472822289257374
5.944 0.03707902774660018 0.204173512281775 0.03756798408580583 0.248886688900826 -0.0004889563392056384 -0.044713176619051
5.946 0.03704740546751725 0.2049373152436709 0.03753603297006516 0.2496354557075158 -0.0004886275025479179 -0.04469814046384492
5.948 0.03695812289217202 0.2056959089740754 0.03744642188966513 0.250379023390829 -0.0004882989974931044 -0.04468311441675361
5.95 0.03681216025292933 0.2064440104345333 0.03730013107652484 0.2511121089021222 -0.0004879708235955087 -0.04466809846758887
5.952 0.03661112284449795 0.207176533559695 0.03709876582490814 0.2518296261658712 -0.0004876429804101906 -0.04465309260617622
5.954 0.0363571969962532 0.2078886786115447 0.03684451246374616 0.2525267754338995 -0.0004873154674929564 -0.0446380968223548
5.956 0.03605309153990006 0.2085760107302571 0.03654007982430042 0.2531991218362345 -0.000486988284400358 -0.04462311110597741
5.958 0.03570196763877435 0.2092345251743041 0.03618862906946404 0.2538426606212146 -0.0004866614306896914 -0.04460813544691048
5.96 0.03530736026349836 0.2098606975508348 0.03579369516941736 0.2544538673858688 -0.0004863349059189953 -0.04459316983503403
5.962 0.03487309477954188 0.210451518195467 0.03535910348918892 0.2550297324557086 -0.0004860087096470488 -0.04457821426024161
5.964 0.03440320206144554 0.2110045106987664 0.03488888490287891 0.2555677794112068 -0.0004856828414333708 -0.04456326871244036
5.966 0.03390183529445162 0.2115177353304406 0.03438719259528984 0.2560660685119915 -0.0004853573008382187 -0.04454833318155096
5.968 0.03337319120815733 0.211989778738008 0.03385822329557991 0.2565231863955155 -0.0004850320874225855 -0.04453340765750755
5.97 0.03282143796267344 0.2124197317612485 0.03330614516342164 0.2569382238915063 -0.0004847072007482002 -0.04451849213025777
5.972 0.03225065132604316 0.2128071575012681 0.03273503396642068 0.2573107440910308 -0.0004843826403775245 -0.04450358658976272
5.974 0.0316647601945588 0.2131520519148546 0.03214881860043255 0.2576407429408515 -0.0004840584058737531 -0.04448869102599694
5.976 0.03106750195530191 0.2134547991916214 0.03155123645210272 0.2579286046205698 -0.0004837344968008105 -0.04447380542894837
5.978 0.0304623877027005 0.2137161240404181 0.03094579861542385 0.2581750538290364 -0.0004834109127233511 -0.04445892978861835
5.98 0.02985267691957532 0.2139370427913498 0.03033576457278207 0.2583811068863713 -0.0004830876532067563 -0.04444406409502158
5.982 0.02924136092514303 0.2141188149439757 0.02972412564296016 0.2585480232821619 -0.0004827647178171344 -0.04442920833818612
5.984 0.02863115417725311 0.2142628964888877 0.02911359628337443 0.2586772589970411 -0.0004824421061213181 -0.04441436250815335
5.986 0.02802449238893862 0.2143708960219348 0.02850661220662548 0.2587704226169127 -0.0004821198176868636 -0.04439952659497792
5.988 0.02742353636518399 0.2144445343787733 0.02790533421726604 0.2588292349675011 -0.0004817978520820488 -0.04438470058872782
5.99 0.02683018047410659 0.2144856082531832 0.02731165668298247 0.2588554927326674 -0.0004814762088758723 -0.04436988447948424
5.992 0.02624606472014252 0.2144959580352474 0.02672721960778058 0.258851036292589 -0.0004811548876380517 -0.04435507825734163
5.994 0.02567258947355055 0.214477439917597 0.02615342336148957 0.2588177218300047 -0.000480833887939022 -0.04434028191240766
5.996 0.02511093201650178 0.2144319021702424 0.02559144522585171 0.2587573976050456 -0.0004805132093499342 -0.04432549543480316
5.998 0.02456206418220267 0.214361165374185 0.02504225703364533 0.2586718841888472 -0.0004801928514426544 -0.04431071881466218
6 0.0240267704814668 0.2142670063272645 0.02450664329525656 0.2585629583693964 -0.0004798728137897618 -0.04429595204213186
6.002 0.02350566622411579 0.2141511452877703 0.02398521932008034 0.2584323403951428 -0.0004795530959645475 -0.04428119510737252
6.004 0.0229992152478677 0.2140152361968423 0.02347844894540872 0.2582816841973998 -0.0004792336975410126 -0.04426644800055753
6.006 0.02250774696105376 0.213860859514927 0.02298666157914763 0.2581125702268003 -0.0004789146180938675 -0.04425171071187336
6.008 0.02203147248717622 0.2136895173156824 0.02251006834437475 0.257926500547202 -0.0004785958571985306 -0.04423698323151957
6.01 0.02157049976902748 0.2135026302989542 0.02204877718345861 0.2577248958486629 -0.0004782774144311261 -0.04422226554970873
6.012 0.02112484754687938 0.2133015364092804 0.02160280683624786 0.2575090940659468 -0.0004779592893684827 -0.04420755765666642
6.014 0.02069445817202352 0.2130874907751986 0.02117209965361165 0.2572803503178298 -0.0004776414815881328 -0.04419285954263124
6.016 0.0202792092527455 0.2128616667151285 0.02075653324341381 0.2570398379129832 -0.0004773239906683108 -0.04417817119785473
6.018 0.01987892415763366 0.2126251575863475 0.02035593097382161 0.2567886501989489 -0.0004770068161879515 -0.04416349261260141
6.02 0.01949338142143714 0.2123789792834052 0.01997007137916382 0.2565278030605539 -0.0004766899577266889 -0.04414882377714872
6.022 0.0191223231125908 0.2121240732202351 0.01959869652745566 0.2562582379020221 -0.0004763734148648546 -0.044134164681787
6.024 0.01876546223088842 0.2118613096561167 0.01924151941807189 0.2559808249729362 -0.0004760571871834772 -0.04411951531681949
6.026 0.01842248920852546 0.2115914912487165 0.01889823048278974 0.2556963669212787 -0.0004757412742642796 -0.04410487567256229
6.028 0.01809307759028463 0.2113153567383814 0.01856850326597431 0.2554056024777257 -0.0004754256756896785 -0.04409024573934434
6.03 0.01777688896777273 0.2110335846857132 0.01825199935881551 0.2551092101932206 -0.000475110391042783 -0.04407562550750741
6.032 0.01747357724092531 0.2107467972003371 0.0179483726608327 0.2548078121677432 -0.0004747954199073932 -0.04406101496740609
6.034 0.01718279227670753 0.2104555636122393 0.01765727303857553 0.254501977721647 -0.0004744807618679983 -0.04404641410940771
6.036 0.01690418303055147 0.2101604040482386 0.01737834944706125 0.254192226972131 -0.0004741664165097754 -0.04403182292389238
6.038 0.01663740019187496 0.2098617928859302 0.01711125257529355 0.2538790342871832 -0.0004738523834185893 -0.04401724140125295
6.04 0.01638209841003945 0.2095601620653121 0.01685563707222044 0.2535628315972071 -0.000473538662180989 -0.04400266953189499
6.042 0.01613793815209368 0.2092559042446218 0.01661116340447788 0.2532440115508585 -0.0004732252523842089 -0.04398810730623676
6.044 0.0159045872392334 0.2089493757925904 0.01637749939284956 0.2529229305072996 -0.0004729121536161646 -0.04397355471470921
6.046 0.01568172210386483 0.2086408996131101 0.01615432146933028 0.252599911360866 -0.000472599365465454 -0.04395901174775592
6.048 0.01546902880514603 0.2083307678020576 0.01594131569266738 0.2522752461978907 -0.0004722868875213545 -0.0439444783958331
6.05 0.01526620383658842 0.2080192441383739 0.01573817855596224 0.2519491987877835 -0.0004719747193738225 -0.04392995464940963
6.052 0.01507295475567042 0.2077065664136894 0.01554461761628391 0.2516220069126563 -0.0004716628606134912 -0.0439154404989669
6.054 0.01488900066185902 0.2073929486061672 0.01536035197269069 0.2512938845411661 -0.0004713513108316699 -0.04390093593499891
6.056 0.0147140725463206 0.2070785829052895 0.01518511261594094 0.2509650238533018 -0.0004710400696203428 -0.04388644094801225
6.058 0.01454791353382595 0.2067636415952098 0.01501864267039811 0.2506355971237358 -0.0004707291365721671 -0.04387195552852597
6.06 0.01439027903469721 0.2064482788045702 0.01486069754597769 0.2503057584716419 -0.0004704185112804717 -0.04385747966707167
6.062 0.01424093682249161 0.2061326321311377 0.01471104501583087 0.2499756454853311 -0.0004701081933392563 -0.04384301335419341
6.064 0.01409966705096088 0.2058168241495648 0.01456946523330407 0.2496453807300126 -0.00046979818234319 -0.04382855658044776
6.066 0.01396626222207339 0.2055009638105407 0.014435750699961 0.2493150731469444 -0.0004694884778876097 -0.0438141093364037
6.068 0.01384052711534426 0.2051851477396401 0.01430970619491277 0.2489848193522828 -0.0004691790795685189 -0.04379967161264265
6.07 0.0137222786871946 0.2048694614437248 0.01419114867417719 0.2486547048434832 -0.0004688699869825861 -0.04378524339975843
6.072 0.01361134594797755 0.2045539804328276 0.01407990714770469 0.2483248051211848 -0.0004685611997271446 -0.04377082468835726
6.074 0.01350756982302351 0.2042387712647608 0.0139758225404237 0.2479951867338185 -0.0004682527174001894 -0.0437564154690577
6.076 0.01341080300332197 0.203923892519882 0.01387874754292234 0.2476659082523727 -0.0004679445396003779 -0.0437420157324907
6.078 0.01332090979042872 0.2036093957127156 0.01378854645635574 0.2473370211820151 -0.0004676366659270263 -0.04372762546929948
6.08 0.01323776593956018 0.2032953261470871 0.01370509503554029 0.2470085708172267 -0.000467329095980111 -0.04371324467013961
6.082 0.01316125850419255 0.2029817237211857 0.01362828033355281 0.2466805970468646 -0.0004670218293602646 -0.0436988733256789
6.084 0.01309128568483246 0.2026686236884425 0.01355800055050124 0.24635313511504 -0.0004667148656687765 -0.04368451142659748
6.086 0.01302775668420989 0.2023560573801129 0.01349416488871748 0.2460262163437006 -0.0004664082045075908 -0.04367015896358766
6.088 0.01297059157066918 0.2020440528952295 0.01343669341614849 0.2456998688225836 -0.0004661018454793056 -0.04365581592735403
6.09 0.01291972115109431 0.2017326357631004 0.01338551693928148 0.2453741180717137 -0.0004657957881871706 -0.04364148230861336
6.092 0.0128750868544127 0.2014218295838206 0.01334057688664779 0.2450489876819152 -0.0004654900322350868 -0.04362715809809459
6.094 0.01283664062631286 0.2011116566516439 0.01330182520354047 0.2447244999381827 -0.000465184577227605 -0.04361284328653884
6.096 0.01280434483555006 0.2008021385663182 0.01326922425831999 0.2444006764310175 -0.0004648794227699247 -0.04359853786469939
6.098 0.0127781721918932 0.2004932968371577 0.01324274676036109 0.2440775386604993 -0.0004645745684678918 -0.04358424182334161
6.1 0.0127581056754732 0.2001851534847274 0.0132223756894012 0.2437551086379704 -0.0004642700139279991 -0.04356995515324299
6.102 0.01274413847699325 0.1998777316448786 0.01320810423575063 0.2434334094900717 -0.000463965758757383 -0.0435556778451931
6.104 0.01273627394798955 0.199571056179865 0.01319993575055338 0.2431124660698586 -0.0004636618025638242 -0.04354140988999359
6.106 0.01273452555996999 0.1992651543013913 0.01319788370492574 0.2427923055798494 -0.000463358144955745 -0.04352715127845814
6.108 0.01273891687097443 0.1989600562103369 0.01320197165651664 0.2424729582117494 -0.0004630547855422085 -0.04351290200141245
6.11 0.01274948149768836 0.1986557957581388 0.01321223322162128 0.242154457807833 -0.0004627517239329175 -0.04349866204969425
6.112 0.01276626309086777 0.1983524111347499 0.01322871205060598 0.2418368425489031 -0.0004624489597382133 -0.04348443141415322
6.114 0.01278931531139105 0.1980499455882036 0.01325146180396013 0.2415201556738547 -0.0004621464925690739 -0.04347021008565105
6.116 0.01281870180371956 0.1977484481810592 0.01328054612575667 0.2412044462361205 -0.0004618443220371136 -0.04345599805506133
6.118 0.01285449616304986 0.197447974588919 0.01331603861080444 0.2408897699021886 -0.0004615424477545806 -0.0434417953132696
6.12 0.01289678189170235 0.1971485879465919 0.0133580227610367 0.2405761897977653 -0.0004612408693343572 -0.04342760185117333
6.122 0.01294565233971401 0.1968503597472052 0.01340659192610397 0.240263777406887 -0.0004609395863899574 -0.04341341765968183
6.124 0.01300121062362824 0.1965533708001287 0.01346184922216376 0.2399526135298451 -0.000460638598535526 -0.04339924272971632
6.126 0.01306356951668915 0.196257712253222 0.01352390742207499 0.2396427893054318 -0.0004603379053858372 -0.04338507705220983
6.128 0.01313285130254404 0.1959634866851466 0.01359288880910034 0.2393344073032538 -0.0004600375065562945 -0.04337092061810727
6.13 0.01320918758333686 0.1956708092735291 0.01366892498499978 0.2390275826918944 -0.0004597374016629276 -0.04335677341836533
6.132 0.01329271903188115 0.1953798090443345 0.01375215662220354 0.238722444488287 -0.0004594375903223926 -0.04334263544395248
6.134 0.01338359507599961 0.1950906302078663 0.01384273314815158 0.2384191368937152 -0.0004591380721519699 -0.04332850668584898
6.136 0.01348197350148261 0.1948034335863732 0.01394081234825217 0.2381178207214201 -0.000458838846769564 -0.04331438713504684
6.138 0.01358801995839341 0.1945183981374717 0.01404655987218712 0.2378186749200215 -0.0004585399137937015 -0.04330027678254984
6.14 0.01370190735321871 0.1942357225772138 0.01416014862606224 0.2375218981965872 -0.0004582412728435296 -0.0432861756193734
6.142 0.01382381510735697 0.1939556271051373 0.01428175803089578 0.237227710741682 -0.0004579429235388155 -0.04327208363654469
6.144 0.01395392825982784 0.1936783552326291 0.01441157312532778 0.2369363560577317 -0.0004576448654999456 -0.04325800082510255
6.146 0.01409243638961834 0.1934041757138442 0.01454978348796626 0.2366481028899416 -0.0004573470983479229 -0.04324392717609745
6.148 0.0142395323301636 0.1931333845763556 0.01469658195186797 0.2363632472569471 -0.0004570496217043672 -0.04322986268059154
6.15 0.01439541064562603 0.1928663072457146 0.01485216308081754 0.2360821145753731 -0.0004567524351915131 -0.04321580732965855
6.152 0.01456026583561577 0.1926033007545056 0.01501672137404798 0.2358050618688894 -0.0004564555384322091 -0.04320176111438385
6.154 0.01473429023182122 0.1923447560223128 0.01519044916287113 0.2355324800481772 -0.0004561589310499161 -0.04318772402586436
6.156 0.01491767154720973 0.1920911001874847 0.01537353415987844 0.2352647962426933 -0.0004558626126687067 -0.04317369605520859
6.158 0.0151105900354625 0.1918427989654675 0.01556615661837576 0.2350024761590041 -0.0004555665829132635 -0.04315967719353656
6.16 0.01531321521601432 0.1916003590007727 0.0157684860574232 0.2347460264327526 -0.0004552708414088784 -0.04314566743197986
6.162 0.01552570211824269 0.191364330170804 0.01598067750602414 0.2344959969324855 -0.000454975387781451 -0.04313166676168155
6.164 0.01574818699716609 0.1911353077895403 0.01620286721882358 0.2342529829633365 -0.0004546802216574875 -0.0431176751737962
6.166 0.01598078247346712 0.1909139346470427 0.01643516781613122 0.2340176273065325 -0.0004543853426640998 -0.04310369265948984
6.168 0.01622357205215455 0.1907009028074507 0.01667766280258355 0.2337906220173907 -0.000454090750429004 -0.04308971920993995
6.17 0.01647660397850591 0.190496955072759 0.01693040042308644 0.2335727098890944 -0.0004537964445805195 -0.04307575481633546
6.172 0.01673988439600815 0.1903028860033503 0.01719338682075571 0.233364685473227 -0.0004535024247475673 -0.04306179946987669
6.174 0.0170133697814741 0.190119542367962 0.01746657847203377 0.2331673955297374 -0.0004532086905596694 -0.04304785316177537
6.176 0.01729695864621541 0.1899478228770163 0.01774987388786236 0.2329817387602709 -0.0004529152416469478 -0.04303391588325461
6.178 0.01759048251101262 0.1897886770338339 0.01804310458865274 0.2328086646593828 -0.0004526220776401225 -0.04301998762554887
6.18 0.01789369618755376 0.189643102919148 0.01834602538572427 0.232649171299052 -0.0004523291981705109 -0.04300606837990396
6.182 0.01820626742975007 0.189512143706961 0.0186583040326201 0.232504301844538 -0.0004520366028700266 -0.04299215813757699
6.184 0.0185277660565625 0.1893968826951746 0.01897951034793368 0.232375139585011 -0.0004517442913711783 -0.04297825688983641
6.186 0.0188576526942874 0.1892984366245561 0.01930910495759447 0.232262801252518 -0.0004514522633070686 -0.04296436462796194
6.188 0.01919526733930076 0.1892179470569411 0.01964642785761215 0.2321684284001856 -0.0004511605183113924 -0.04295048134324455
6.19 0.01953981800413454 0.1891565695902822 0.01999068706015297 0.2320931766172687 -0.0004508690560184364 -0.04293660702698648
6.192 0.01989036977694414 0.1891154607077022 0.02034094765300722 0.2320382023782034 -0.0004505778760630778 -0.0429227416705012
6.194 0.02024583469724926 0.1890957620928781 0.02069612167533005 0.2320046473579915 -0.0004502869780807829 -0.04290888526511338
6.196 0.02060496292456045 0.1890985822983359 0.02105495928626806 0.2319936201004948 -0.0004499963617076063 -0.04289503780215889
6.198 0.02096633574851824 0.1891249757293201 0.02141604177509843 0.2320061750023049 -0.0004497060265801891 -0.0428811992729848
6.2 0.02132836105299145 0.1891759190062778 0.02177777702532721 0.2320432886752271 -0.0004494159723357589 -0.04286736966894931
6.202 0.02168927189524854 0.1892522848944952 0.02213839809386067 0.2321058338759169 -0.0004491261986121274 -0.04285354898142175
6.204 0.0220471288879003 0.1893548141397042 0.02249596559294799 0.2321945513414868 -0.0004488367050476904 -0.04283973720178263
6.206 0.02239982706511714 0.1894840857201757 0.02284837455639857 0.2323100200415991 -0.0004485474912814255 -0.04282593432142349
6.208 0.02274510786833763 0.1896404862134096 0.02319336642529053 0.2324526265451567 -0.0004482585569528925 -0.04281214033174704
6.21 0.02308057679043327 0.1898241791693804 0.0235285466921355 0.2326225343935474 -0.0004479699017022308 -0.04279835522416697
6.212 0.02340372706504055 0.1900350755696344 0.02385140859021071 0.2328196545597425 -0.0004476815251701587 -0.04278457899010809
6.214 0.02371196957658426 0.1902728066164588 0.02415936300358223 0.2330436182374651 -0.0004473934269979729 -0.04277081162100621
6.216 0.02400266889670463 0.1905367002196148 0.02444977450353218 0.233293753327923 -0.0004471056068275471 -0.04275705310830819
6.218 0.0242731850334468 0.1908257626110189 0.02472000309774813 0.2335690660544907 -0.00044681806430133 -0.04274330344347185
6.22 0.02452092012270765 0.1911386664995286 0.02496745092176999 0.2338682291174946 -0.0004465307990623456 -0.04272956261796599
6.222 0.02474336892095918 0.1914737470654218 0.02518961273171337 0.2341895776886921 -0.0004462438107541909 -0.0427158306232704
6.224 0.02493817160007393 0.1918290068756725 0.02538412869909497 0.2345311143265484 -0.0004459570990210362 -0.04270210745087583
6.226 0.02510316703195709 0.1922021304770745 0.02554883769546471 0.2348905235693584 -0.0004456706635076218 -0.04268839309228389
6.228 0.02523644451706693 0.1925905090053582 0.02568182902092619 0.2352651965443654 -0.0004453845038592592 -0.04267468753900718
6.23 0.02533639178655085 0.1929912746546094 0.02578149040627268 0.2356522654371785 -0.0004450986197218286 -0.04266099078256912
6.232 0.02540173711818984 0.193401344316507 0.02584655012893162 0.236048647131011 -0.0004448130107417785 -0.04264730281450405
6.234 0.02543158356513964 0.193817471164501 0.02587611124170576 0.2364510947908582 -0.0004445276765661241 -0.04263362362635719
6.236 0.02542543360232791 0.1942363024674506 0.02586967621917036 0.2368562556771351 -0.0004442426168424463 -0.04261995320968454
6.238 0.0253832029339115 0.1946544415185528 0.02582716076513039 0.2372607330746057 -0.0004439578312188909 -0.04260629155605294
6.24 0.02530522274479002 0.1950685112936895 0.02574889606413418 0.2376611499507296 -0.0004436733193441675 -0.04259263865704008
6.242 0.02519223027819642 0.195475217338251 0.02563561935906397 0.2380542118424853 -0.0004433890808675482 -0.0425789945042344
6.244 0.0250453482302057 0.195871407432816 0.02548845334564457 0.2384367665220511 -0.0004431051154388664 -0.0425653590892351
6.246 0.02486605402010951 0.196254125801876 0.02530887544281803 0.2388058582055282 -0.000442821422708516 -0.04255173240365217
6.248 0.02465614047714466 0.1966206599839727 0.02509867847947211 0.239158774423079 -0.0004425380023274503 -0.04253811443910631
6.25 0.02441766984392707 0.1969685789414281 0.02485992469787425 0.2394930841286571 -0.000442254853947181 -0.04252450518722894
6.252 0.0241529232130748 0.1972957615112445 0.02459489519029458 0.2398066661509067 -0.0004419719772197768 -0.04251090463966223
6.254 0.02386434758016572 0.1976004148384659 0.02430603695196358 0.2400977276265249 -0.0004416893717978626 -0.04249731278805895
6.256 0.02355450262141116 0.1978810829472328 0.02399590965874578 0.2403648125713154 -0.0004414070373346178 -0.0424837296240826
6.258 0.02322600910927507 0.198136646055845 0.02366713408275885 0.2406068011952523 -0.000441124973483777 -0.04247015513940733
6.26 0.02288150059293145 0.1983663116043922 0.02332234377283108 0.2408229009301101 -0.0004408431798996268 -0.0424565893257179
6.262 0.02252357962557133 0.1985695982231433 0.02296414128180834 0.241012630397853 -0.0004405616562370058 -0.0424430321747097
6.264 0.02215477945128786 0.1987463140225 0.02259505985343917 0.2411757977005887 -0.0004402804021513037 -0.04242948367808871
6.266 0.02177753169919774 0.1988965306383065 0.0222175311164962 0.2413124744658781 -0.0004399994172984597 -0.04241594382757152
6.268 0.0213941402965644 0.199020554432598 0.02183385899789936 0.2414229670474833 -0.0004397187013349619 -0.04240241261488525
6.27 0.02100676152270806 0.1991188961472638 0.02144619977662591 0.2415077861790314 -0.0004394382539178461 -0.0423888900317676
6.272 0.02061738989105641 0.199192240157169 0.0210565479657611 0.2415676162271358 -0.0004391580747046941 -0.04237537606996679
6.274 0.0202278493721601 0.1992414142882367 0.02066672753551374 0.2416032850094783 -0.0004388781633536342 -0.04236187072124156
6.276 0.01983978935305715 0.1992673609731878 0.02027838787258049 0.2416157349505489 -0.0004385985195233388 -0.04234837397736114
6.278 0.0194546846641498 0.1992711103260814 0.01989300380702282 0.2416059961561867 -0.0004383191428730236 -0.04233488583010526
6.28 0.01907383898378016 0.1992537555383385 0.01951187901684261 0.2415751618096025 -0.0004380400330624467 -0.04232140627126408
6.282 0.01869839094599019 0.1992164308397645 0.0191361521357421 0.2415243661324028 -0.0004377611897519082 -0.04230793529263827
6.284 0.01832932231821905 0.1991602921328589 0.0187668049308213 0.2414547650188978 -0.0004374826126022483 -0.04229447288603889
6.286 0.01796746767426886 0.1990865002987984 0.01840467197554371 0.2413675193420858 -0.000437204301274846 -0.04228101904328741
6.288 0.01761352505770711 0.1989962070881526 0.01805045131313873 0.2412637808443683 -0.0004369262554316193 -0.04226757375621572
6.29 0.01726806720453764 0.1988905434471342 0.01770471567927266 0.2411446804638004 -0.0004366484747350234 -0.0422541370166661
6.292 0.01693155296709756 0.1987706100879847 0.01736792392594561 0.2410113189044759 -0.0004363709588480492 -0.04224070881649116
6.294 0.016604338651593 0.1986374700869843 0.01704043235902723 0.2408647592345382 -0.0004360937074342238 -0.04222728914755391
6.296 0.01628668904481825 0.1984921432822076 0.01672250576497586 0.2407060212839352 -0.0004358167201576075 -0.04221387800172765
6.298 0.015978787962861 0.1983356022426042 0.01641432795954379 0.2405360776135002 -0.0004355399966827948 -0.04220047537089602
6.3 0.01568074820313794 0.1981687695873302 0.01611601173981285 0.2403558508342832 -0.0004352635366749116 -0.04218708124695296
6.302 0.015392620822441 0.1979925164472631 0.01582760816224061 0.2401662120690658 -0.0004349873397996152 -0.04217369562180269
6.304 0.01511440369733834 0.1978076618771862 0.01554911510306143 0.2399679803645459 -0.0004347114057230932 -0.04216031848735969
6.306 0.01484604935019002 0.1976149730456538 0.01528048508430209 0.2397619228812025 -0.0004344357341120626 -0.04214694983554872
6.308 0.01458747204524715 0.1974151660489692 0.01502163236988092 0.2395487557072739 -0.0004341603246337681 -0.04213358965830475
6.31 0.01433855417484656 0.1972089072148067 0.01477243935180254 0.2393291451623796 -0.0004338851769559813 -0.04212023794757296
6.312 0.01409915196736715 0.1969968147795 0.01453276225811415 0.2391037094748087 -0.0004336102907470009 -0.04210689469530877
6.314 0.01386910055625695 0.1967794608401488 0.0143024362219326 0.2388730207336266 -0.00043333566567565 -0.04209355989347776
6.316 0.01364821845430449 0.1965573734983971 0.01408127975571577 0.2386376070324528 -0.0004330613014112762 -0.0420802335340557
6.318 0.01343631148003543 0.1963310391269079 0.01386909867765918 0.2383979547359364 -0.00043278719762375 -0.04206691560902849
6.32 0.01323317618367293 0.1961009047019932 0.0136656895376564 0.2381545108123853 -0.0004325133539834639 -0.04205360611039218
6.322 0.01303860281973547 0.1958673801568243 0.01347084258989681 0.2379076851869772 -0.0004322397701613322 -0.04204030503015296
6.324 0.01285237791150774 0.1956308407189435 0.01328434435733653 0.2376578530792706 -0.000431966445828789 -0.0420270123603271
6.326 0.01267428645070359 0.1953916292040116 0.01310597983136138 0.2374053572969526 -0.0004316933806577877 -0.042013728092941
6.328 0.01250411377266328 0.1951500582443035 0.01293553434698408 0.2371505104643346 -0.0004314205743207996 -0.04200045222003108
6.33 0.0123416471446618 0.1949064124362702 0.01277279517115261 0.236893597169914 -0.0004311480264908137 -0.04198718473364386
6.332 0.01218667710186793 0.1946609503961887 0.01261755283870926 0.2366348760220245 -0.0004308757368413349 -0.04197392562583589
6.334 0.0120389985622941 0.1944139067166178 0.01246960226734048 0.2363745816052916 -0.0004306037050463836 -0.04196067488867374
6.336 0.01189841174924866 0.1941654938196278 0.01232874368002915 0.2361129263338618 -0.0004303319307804942 -0.04194743251423402
6.338 0.01176472294694275 0.1939159037052801 0.01219478336066146 0.2358501021998834 -0.0004300604137187148 -0.04193419849460331
6.34 0.01163774511204919 0.1936653095955593 0.0120675342655858 0.2355862824174375 -0.000429789153536606 -0.04192097282187818
6.342 0.01151729836179297 0.1934138674758756 0.01194681651170321 0.2353216229640408 -0.0004295181499102389 -0.04190775548816515
6.344 0.01140321035654984 0.1931617175369839 0.01183245775906604 0.2350562640225645 -0.0004292474025161956 -0.04189454648558069
6.346 0.01129531659305759 0.1929089855213732 0.01172429350408915 0.2347903313276244 -0.0004289769110315681 -0.04188134580625125
6.348 0.01119346062227971 0.1926557839785729 0.01162216729741366 0.2345239374208861 -0.0004287066751339563 -0.04186815344231314
6.35 0.01109749420433036 0.192402213434374 0.01152593089883182 0.2342571828202866 -0.0004284366945014675 -0.04185496938591259
6.352 0.01100727741127463 0.192148363479166 0.01143544438008735 0.2339901571083717 -0.0004281669688127158 -0.04184179362920571
6.354 0.01092267868721892 0.1918943137806747 0.01135057618496574 0.2337229399450332 -0.0004278974977468214 -0.04182862616435851
6.356 0.01084357487394262 0.1916401350265836 0.01127120315492603 0.2334556020101305 -0.0004276282809834083 -0.04181546698354682
6.358 0.0107698512091526 0.1913858898023048 0.01119721052735521 0.2331882058812611 -0.0004273593182026048 -0.04180231607895633
6.36 0.01070140130354948 0.1911316334092696 0.01112849191263452 0.2329208068520522 -0.0004270906090850417 -0.04178917344278255
6.362 0.01063812710198533 0.1908774146288565 0.01106494925529718 0.2326534536960873 -0.0004268221533118518 -0.04177603906723078
6.364 0.01057993883325631 0.1906232764369217 0.01100649278382098 0.2323861893814378 -0.0004265539505646685 -0.04176291294451615
6.366 0.01052675495244916 0.1903692566739036 0.01095304095297479 0.2321190517407672 -0.0004262860005256254 -0.04174979506686356
6.368 0.01047850207912364 0.1901153886750704 0.010904520382001 0.231852074101578 -0.0004260183028773547 -0.04173668542650761
6.37 0.01043511493415455 0.1898617018655916 0.01086086579145754 0.2315852858812844 -0.0004257508573029873 -0.04172358401569275
6.372 0.01039653627754863 0.1896082223246194 0.01082201994103479 0.2313187131512925 -0.0004254836634861506 -0.04171049082667309
6.374 0.01036271684921228 0.1893549733228061 0.01078793357032325 0.2310523791745186 -0.0004252167211109682 -0.04169740585171247
6.376 0.01033361531424289 0.1891019758371917 0.01075856534410495 0.2307863049202762 -0.0004249500298620592 -0.04168432908308445
6.378 0.01030919821401076 0.1888492490474838 0.0107338818034353 0.230520509560556 -0.000424683589424537 -0.04167126051307227
6.38 0.01028943992403399 0.1885968108176737 0.010713857323518 0.2302550109516425 -0.0004244173994840084 -0.04165820013396882
6.382 0.01027432261933438 0.1883446781666411 0.01069847407906095 0.2299898261047177 -0.0004241514597265722 -0.04164514793807667
6.384 0.01026383624776076 0.1880928677315392 0.01068772201759958 0.2297249716492472 -0.0004238857698388191 -0.04163210391770802
6.386 0.0102579785115011 0.1878413962276996 0.01068159884100893 0.2294604642928843 -0.0004236203295078305 -0.0416190680651847
6.388 0.0102567548567912 0.1875902809085277 0.01068010999521237 0.2291963212813659 -0.0004233551384211773 -0.04160604037283816
6.39 0.01026017847158135 0.1873395400292704 0.01068326866784827 0.2289325608622798 -0.000423090196266919 -0.04159302083300942
6.392 0.01026827029071198 0.1870891933181039 0.01069109579344558 0.228669202756153 -0.0004228255027336031 -0.04158000943804909
6.394 0.01028105900788724 0.1868392624584113 0.0107036200653975 0.2284062686387286 -0.0004225610575102643 -0.04156700618031738
6.396 0.01029858109349673 0.1865897715858766 0.01072087795378315 0.2281437826380606 -0.0004222968602864227 -0.041554011052184
6.398 0.01032088081702511 0.1863407478043315 0.0107429137277772 0.2278817718503598 -0.0004220329107520842 -0.04154102404602823
6.4 0.01034801027252342 0.186092221724238 0.01076977948112116 0.2276202668784768 -0.0004217692085977383 -0.04152804515423885
6.402 0.01038002940525144 0.1858442280277788 0.0108015351587658 0.2273593023969929 -0.0004215057535143581 -0.04151507436921417
6.404 0.01041700603721827 0.1855968060647851 0.01083824858241167 0.227098917748147 -0.000421242545193399 -0.04150211168336195
6.406 0.01045901588894838 0.185350000483692 0.01087999547227518 0.2268391575727915 -0.0004209795833267978 -0.04148915708909948
6.408 0.0105061425942666 0.1851038619019855 0.01092685946187357 0.2265800724808389 -0.0004207168676069719 -0.04147621057885348
6.41 0.01055847770440181 0.1848584476206329 0.01097893210212863 0.226321719765693 -0.0004204543977268185 -0.04146327214506011
6.412 0.01061612067706718 0.1846138223871077 0.01103631285044689 0.2260641641672727 -0.0004201921733797137 -0.04145034178016498
6.414 0.01067917884544377 0.1843700592118435 0.01109910903970329 0.2258074786884666 -0.0004199301942595109 -0.04143741947662312
6.416 0.01074776736125989 0.1841272402428525 0.01116743582132044 0.2255517454697515 -0.0004196684600605409 -0.04142450522689893
6.418 0.01082200910514947 0.1838854577035283 0.01124141607562708 0.2252970567269946 -0.0004194069704776109 -0.04141159902346626
6.42 0.01090203455661117 0.1836448148983042 0.01132118028181718 0.2250435157571125 -0.0004191457252060029 -0.04139870085880828
6.422 0.01098798161455097 0.183405427291168 0.01140686633849245 0.2247912380165856 -0.0004188847239414729 -0.04138581072541752
6.424 0.01107999535827607 0.1831674236614849 0.01149861932465632 0.2245403522772808 -0.000418623966380251 -0.04137292861579589
6.426 0.01117822773728325 0.1829309473414882 0.01159659118950229 0.2242910018639429 -0.0004183634522190397 -0.0413600545224546
6.428 0.01128283717653644 0.1826961575393936 0.01170094035769146 0.2240433459773078 -0.0004181031811550128 -0.04134718843791419
6.43 0.01139398808231549 0.1824632307512231 0.01181183123520131 0.2237975611059276 -0.0004178431528858153 -0.0413343303547045
6.432 0.01151185023163196 0.1822323622637753 0.01192943359874152 0.2235538425291399 -0.0004175833671095618 -0.04132148026536464
6.434 0.01163659802609885 0.1820037677499709 0.01205392184962368 0.2233124059124139 -0.0004173238235248363 -0.04130863816244302
6.436 0.01176840958901056 0.1817776849561011 0.01218547411084125 0.2230734889945984 -0.0004170645218306904 -0.04129580403849728
6.438 0.01190746568167385 0.1815543754789123 0.0123242711434005 0.2228373533650066 -0.0004168054617266436 -0.04128297788609433
6.44 0.01205394841275091 0.1813341266276332 0.01247049505566359 0.2226042863254435 -0.0004165466429126813 -0.04127015969781028
6.442 0.01220803971145457 0.1811172533633719 0.01262432777654383 0.2223746028296024 -0.000416288065089255 -0.04125734946623048
6.444 0.01236991953290336 0.180904100304312 0.01278594926086064 0.2221486474882615 -0.0004160297279572803 -0.04124454718394946
6.446 0.01253976376112633 0.1806950437808317 0.01295553539234446 0.2219267966244027 -0.0004157716312181372 -0.04123175284357095
6.448 0.01271774177281148 0.1804904939190831 0.01313325554738515 0.221709460356791 -0.0004155137745736678 -0.04121896643770785
6.45 0.01290401362262051 0.1802908967251155 0.01331926978034668 0.2214970846840977 -0.0004152561577261774 -0.04120618795898222
6.452 0.01309872680909956 0.1800967361340677 0.013513725589478 0.2212901535340929 -0.0004149987803784317 -0.04119341740002525
6.454 0.01330201257925122 0.1799085359799373 0.01371675422148488 0.2210891907334146 -0.0004147416422336572 -0.04118065475347728
6.456 0.01351398172970463 0.1797268618312713 0.01392846647270017 0.220894761843259 -0.0004144847429955395 -0.04116790001198773
6.458 0.01373471986378638 0.1795523226263552 0.01414894794615461 0.2207074757945704 -0.0004142280823682233 -0.04115515316821517
6.46 0.01396428206695319 0.1793855720283373 0.0143782537270095 0.2205279862431645 -0.0004139716600563111 -0.04114241421482722
6.462 0.0142026869682602 0.1792273094063065 0.01461640244402507 0.2203569925508071 -0.0004137154757648621 -0.04112968314450059
6.464 0.014449910163971 0.1790782803324819 0.01486336969317039 0.2201952402824029 -0.0004134595291993916 -0.04111695994992103
6.466 0.01470587699085903 0.1789392764691461 0.0151190808109249 0.2200435210929294 -0.0004132038200658704 -0.04110424462378336
6.468 0.01497045465311913 0.1788111347016277 0.01538340300118986 0.2199026718604191 -0.0004129483480707239 -0.04109153715879142
6.47 0.01524344372703276 0.1786947353568965 0.01565613683995359 0.2197735729045545 -0.0004126931129208306 -0.04107883754765806
6.472 0.01552456909460014 0.1785909993313125 0.01593700720892367 0.2196571451144176 -0.0004124381143235219 -0.04106614578310514
6.474 0.01581347038961762 0.1785008839377153 0.0162256537416042 0.2195543457955788 -0.0004121833519865814 -0.04105346185786351
6.476 0.01610969207919419 0.1784253772724298 0.01652162090481244 0.2194661630371028 -0.0004119288256182435 -0.04104078576467299
6.478 0.016412673350249 0.1783654908989788 0.0168243478851762 0.2193936083952611 -0.0004116745349271928 -0.04102811749628238
6.48 0.01672173802342497 0.178322250649713 0.01713315850304754 0.2193377076951624 -0.0004114204796225633 -0.04101545704544939
6.482 0.01703608477582461 0.1782966853615386 0.01744725143523855 0.2192994897664793 -0.0004111666594139378 -0.0410028044049407
6.484 0.01735477801798842 0.1782898133904549 0.01776569109199977 0.2192799729579868 -0.0004109130740113469 -0.04099015956753189
6.486 0.01767673983549141 0.1783026267944209 0.01808739955861668 0.2192801493204284 -0.0004106597231252675 -0.04097752252600746
6.488 0.0180007434705047 0.1783360731378855 0.01841115007697132 0.2193009664110463 -0.0004104066064666232 -0.04096489327316078
6.49 0.01832540887629518 0.1783910349562516 0.01873556260004196 0.2193433067580458 -0.0004101537237467825 -0.04095227180179414
6.492 0.01864920092428652 0.1784683070257892 0.01905910199896408 0.2194079651305078 -0.0004099010746775588 -0.04093965810471865
6.494 0.01897043087033837 0.1785685717137763 0.01938007952930958 0.2194956238885306 -0.0004096486589712087 -0.0409270521747543
6.496 0.0192872616877157 0.1786923728327928 0.01969665816405613 0.2196068268375227 -0.0004093964763404315 -0.04091445400472989
6.498 0.01959771783990745 0.1788400885872579 0.02000686236640582 0.2197419521747409 -0.0004091445264983688 -0.04090186358748309
6.5 0.01989969998945201 0.1790119043717152 0.02030859279861062 0.2199011852875755 -0.0004088928091586033 -0.04088928091586033
6.502 0.02019100501361681 0.1792077863485551 0.02059964633765197 0.220084492331272 -0.0004086413240351581 -0.0408767059827169
6.504 0.02046935151958816 0.179427456883462 0.02087774159043066 0.2202915956643788 -0.0004083900708424956 -0.04086413878091678
6.506 0.02073241082223603 0.1796703730342503 0.02114054987153155 0.2205219523375831 -0.0004081390492955169 -0.04085157930333282
6.508 0.02097784307128275 0.1799357093551034 0.02138573133039231 0.2207747368979499 -0.0004078882591095615 -0.04083902754284655
6.51 0.02120333790344691 0.1802223462762537 0.02161097560344731 0.221048829768602 -0.0004076377000004056 -0.04082648349234831
6.512 0.02140665866742601 0.1805288652351263 0.02181404603911027 0.2213428123798634 -0.0004073873716842618 -0.04081394714473711
6.514 0.0215856889479483 0.1808535515582639 0.02199282622182608 0.2216549700511846 -0.0004071372738777779 -0.0408014184929207
6.516 0.02173847982882484 0.181194405823104 0.02214536723512288 0.2219833033529196 -0.0004068874062980374 -0.04078889752981556
6.518 0.02186329611278075 0.1815491640709949 0.02226993388144331 0.2223255483193417 -0.0004066377686625564 -0.04077638424834681
6.52 0.02195865958664535 0.1819153268154444 0.02236504794733464 0.2226792054568927 -0.000406388360689285 -0.04076387864144827
6.522 0.02202338740728864 0.1822901963200766 0.02242952658938525 0.2230415770221391 -0.0004061391820966051 -0.04075138070206244
6.524 0.02205662380018267 0.1826709211435347 0.02246251403278601 0.2234098115666751 -0.0004058902326033307 -0.04073889042314045
6.526 0.02205786351118157 0.1830545465051261 0.02246350502311027 0.2237809543027681 -0.0004056415119287059 -0.04072640779764207
6.528 0.02202696582085363 0.1834380686530755 0.02243235884064604 0.2241520014716112 -0.0004053930197924051 -0.04071393281853569
6.53 0.02196415839553538 0.1838184911554634 0.02236930315144992 0.2245199566342617 -0.0004051447559145315 -0.04070146547879833
6.532 0.02187003077355016 0.1841928809052514 0.02227492749356578 0.224881886676667 -0.0004048967200156172 -0.04068900577141557
6.534 0.02174551782632204 0.1845584216498422 0.02215016673813866 0.2252349753392238 -0.0004046489118166215 -0.04067655368938161
6.536 0.02159187404700436 0.1849124630207119 0.02199627537804329 0.2255765722464111 -0.0004044013310389303 -0.0406641092256992
6.538 0.02141063996233063 0.1852525633316299 0.02181479393973499 0.2259042357050096 -0.0004041539774043558 -0.04065167237337966
6.54 0.02120360230335539 0.1855765248074236 0.02160750915399053 0.2262157679328664 -0.0004039068506351353 -0.04063924312544285
6.542 0.02097274978569459 0.1858824203622783 0.02137640973614852 0.2265092418371955 -0.0004036599504539308 -0.04062682147491715
6.544 0.02072022643270746 0.1861686115243993 0.02112363970929129 0.2267830189392388 -0.0004034132765838274 -0.04061440741483948
6.546 0.02044828432986289 0.1864337575666776 0.02085145115861122 0.2270357585049329 -0.0004031668287483335 -0.04060200093825525
6.548 0.02015923754333616 0.1866768163138835 0.02056215815000755 0.2272664183521019 -0.0004029206066713797 -0.04058960203821837
6.55 0.01985541869419361 0.1868970374338546 0.02025809330427093 0.2274742481416458 -0.0004026746100773175 -0.04057721070779122
6.552 0.0195391393814022 0.187093949266399 0.01994156822009312 0.2276587762064436 -0.0004024288386909193 -0.04056482694004466
6.554 0.01921265532114712 0.1872673403960614 0.0196148386133845 0.2278197911241194 -0.0004021832922373771 -0.04055245072805799
6.556 0.01887813674430608 0.1874172372367755 0.01928007471474838 0.2279573193016945 -0.0004019379704423022 -0.04054008206491897
6.558 0.01853764429044133 0.1875438788790125 0.01893933716347305 0.2280715998227362 -0.0004016928730317238 -0.04052772094372377
6.56 0.01819311037138188 0.1876476903692013 0.01859455837111396 0.2281630577267783 -0.0004014479997320889 -0.04051536735757697
6.562 0.01784632576090563 0.1877292554634224 0.01824752911117589 0.228232276763014 -0.0004012033502702609 -0.04050302129959157
6.564 0.01749893100251487 0.1877892897408941 0.01789988992688838 0.2282799725037831 -0.0004009589243735197 -0.04049068276288897
6.566 0.01715241211476528 0.1878286147925833 0.01755312683653484 0.2283069665331822 -0.0004007147217695598 -0.04047835174059892
6.568 0.01680810000852571 0.187848134029656 0.0172085707507122 0.2283141622555155 -0.0004004707421864905 -0.04046602822585953
6.57 0.01646717300577982 0.1878488104957264 0.01686739999113265 0.2283025227075437 -0.0004002269853528346 -0.04045371221181729
6.572 0.016130661858117 0.1878316469223599 0.01653064530911452 0.2282730506139869 -0.0003999834509975282 -0.04044140369162701
6.574 0.01579945669552105 0.1877976681437068 0.01619919683437097 0.2282267708021586 -0.0003997401388499192 -0.04042910265845182
6.576 0.01547431538660452 0.1877479058844711 0.01587381243524429 0.2281647149899343 -0.0003994970486397669 -0.04041680910546319
6.578 0.01515587285113859 0.1876833858562653 0.01555512703123584 0.2280879088821062 -0.0003992541800972418 -0.04040452302584086
6.58 0.01484465093109654 0.1876051170385659 0.01524366246404946 0.2279973614513388 -0.0003990115329529236 -0.04039224441277289
6.582 0.01454106849180854 0.1875140829801937 0.01493983759874634 0.2278940562396493 -0.0003987691069378019 -0.04037997325945557
6.584 0.01424545148711677 0.1874112349324577 0.01464397838890005 0.2277789444915512 -0.0003985269017832743 -0.0403677095590935
6.586 0.01395804278039696 0.1872974866130803 0.01435632769761811 0.2276529399179798 -0.000398284917221146 -0.04035545330489951
6.588 0.0136790115646411 0.1871737103979813 0.01407705471762473 0.2275169148880759 -0.0003980431529836297 -0.04034320449009465
6.59 0.01340846226907022 0.1870407347434257 0.01380626387787356 0.2273716978513339 -0.0003978016088033439 -0.04033096310790824
6.592 0.01314644287794484 0.1868993426518434 0.01354400316235815 0.2272180718034211 -0.0003975602844133124 -0.04031872915157777
6.594 0.01289295261771005 0.1867502710087616 0.01329027179725701 0.2270567736231106 -0.0003973191795469641 -0.04030650261434895
6.596 0.01264794899397429 0.1865942106345725 0.01304502728791242 0.2268884941240482 -0.000397078293938132 -0.04029428348947568
6.598 0.01241135417907452 0.186431806911911 0.01280819180639557 0.2267138786821311 -0.000396837627321052 -0.04028207177022002
6.6 0.0121830607659004 0.1862636608664978 0.01257965794533077 0.22653352831635 -0.0003965971794303627 -0.0402698674498522
6.602 0.01196293691429589 0.1860903305957557 0.01235929386429699 0.2263480011174064 -0.0003963569500011043 -0.04025767052165062
6.604 0.01175083092381127 0.1859123329549288 0.01214694786257999 0.2261578139338307 -0.0003961169387687186 -0.04024548097890181
6.606 0.011546575271413 0.1857301454246462 0.01194245241688205 0.2259634442395466 -0.0003958771454690472 -0.0402332988149004
6.608 0.0113499901551925 0.1855442080965485 0.01174562772503083 0.2257653321194977 -0.0003956375698383316 -0.04022112402294916
6.61 0.01116088658620486 0.1853549257250121 0.01155628479781807 0.225563882321371 -0.0003953982116132121 -0.04020895659635895
6.612 0.01097906907011284 0.1851626698028281 0.01137422814064357 0.2253594663312769 -0.0003951590705307271 -0.04019679652844872
6.614 0.01080433791906748 0.1849677806272623 0.01119925806539579 0.2251524244398079 -0.0003949201463283127 -0.04018464381254554
6.616 0.01063649123246782 0.1847705693303119 0.01103117267121162 0.2249430677722964 -0.0003946814387438013 -0.04017249844198446
6.618 0.01047532658275956 0.1845713198530516 0.01086976953027498 0.2247316802631602 -0.0003944429475154218 -0.04016036041010864
6.62 0.0103206424400612 0.1843702908492953 0.010714847112443 0.2245185205595646 -0.0003942046723817981 -0.04014822971026929
6.622 0.0101722393664405 0.1841677175078896 0.01056620597952245 0.2243038238437152 -0.0003939666130819487 -0.04013610633582561
6.624 0.01002992100827243 0.1839638132867125 0.01042364977762772 0.2240878035668574 -0.0003937287693552861 -0.04012399028014484
6.626 0.009893494912172198 0.1837587715540844 0.01028698605311381 0.2238706530906866 -0.0003934911409416155 -0.04011188153660222
6.628 0.009762773187604405 0.1835527671357166 0.01015602691518554 0.2236525472342976 -0.0003932537275811352 -0.04009978009858099
6.63 0.009637573036874632 0.183345957767124 0.01003058956588907 0.2234336437265963 -0.0003930165290144346 -0.04008768595947234
6.632 0.00951771717082303 0.1831384854527264 0.009910496715805524 0.2232140845654018 -0.0003927795449824947 -0.04007559911267546
6.634 0.009403034126594547 0.1829304777340117 0.009795576901821233 0.2229939972856092 -0.0003925427752266863 -0.0400635195515975
6.636 0.009293358501954275 0.1827220488699648 0.009685664721443044 0.2227734961396183 -0.0003923062194887701 -0.04005144726965351
6.638 0.00918853111876621 0.1825133009333372 0.009580600996277106 0.2225526831936038 -0.0003920698775108957 -0.04003938226026654
6.64 0.009088399126884703 0.1823043248269768 0.009480232875920303 0.2223316493438443 -0.0003918337490356005 -0.0400273245168675
6.642 0.00899281605813344 0.1820952012244081 0.009384413891939249 0.2221104752573033 -0.0003915978338058099 -0.04001527403289523
6.644 0.00890164183891781 0.1818860014391657 0.009293003970482647 0.2218892322409621 -0.0003913621315648361 -0.04000323080179648
6.646 0.008814742768846974 0.1816767882272754 0.009205869410903351 0.2216679830443012 -0.0003911266420563769 -0.03999119481702586
6.648 0.008731991471790355 0.1814676165273313 0.009122882836814871 0.2214467825993772 -0.0003908913650245159 -0.03997916607204587
6.65 0.008653266824904682 0.1812585341424597 0.009043923125118404 0.2212256787027866 -0.0003906563002137211 -0.03996714456032686
6.652 0.00857845387039103 0.1810495823682939 0.008968875317759875 0.221004712643641 -0.0003904214473688452 -0.03995513027534705
6.654 0.008507443714121259 0.1808407965710336 0.008897630520356381 0.2207839197816261 -0.0003901868062351233 -0.03994312321059246
6.656 0.008440133414627836 0.1806322067193407 0.00883008579118601 0.2205633300788977 -0.0003899523765581736 -0.03993112335955698
6.658 0.008376425865492596 0.1804238378737747 0.008766144023576592 0.220342968589517 -0.0003897181580839964 -0.03991913071574228
6.66 0.008316229673682984 0.1802157106371485 0.008705713824241956 0.2201228559098063 -0.0003894841505589729 -0.03990714527265784
6.662 0.00825945903602031 0.1800078415690474 0.008648709389750176 0.2199030085928683 -0.0003892503537298651 -0.03989516702382093
6.664 0.008206033615628197 0.1798002435675805 0.008595050382972012 0.2196834395303371 -0.0003890167673438147 -0.03988319596275663
6.666 0.008155878419914948 0.1795929262211785 0.008544661811063291 0.2194641583041762 -0.0003887833911483427 -0.03987123208299773
6.668 0.008108923681421758 0.1793858961331923 0.008497473906313106 0.2192451715112771 -0.0003885502248913487 -0.03985927537808482
6.67 0.008065104742591615 0.1791791572216794 0.008453422010912724 0.2190264830632456 -0.00038831726832111 -0.03984732584156622
6.672 0.008024361945422165 0.1789727109968514 0.008412446466608445 0.2188080944638494 -0.0003880845211862811 -0.03983538346699796
6.674 0.007986640526725907 0.1787665568182872 0.008374492509961801 0.2185900050662311 -0.000387851983235893 -0.03982344824794384
6.676 0.007951890519640228 0.1785606921339843 0.008339510173859581 0.2183722123119596 -0.0003876196542193522 -0.03981152017797532
6.678 0.007920066661905475 0.1783551127032469 0.008307454195791916 0.2181547119539184 -0.0003873875338864411 -0.03979959925067159
6.68 0.00789112831131812 0.1781498128051321 0.008278283933305436 0.2179374982647516 -0.0003871556219873157 -0.03978768545961952
6.682 0.007865039368706458 0.1779447854342014 0.008251963286978964 0.217720564232615 -0.000386923918272506 -0.03977577879841362
6.684 0.007841768208703139 0.1777400224852577 0.008228460631196054 0.2175039017459138 -0.0003866924224929155 -0.03976387926065611
6.686 0.00782128761851566 0.1775355149284653 0.008207748752915481 0.2172875017684221 -0.0003864611343998198 -0.03975198683995685
6.688 0.007803574744881063 0.1773312529764786 0.008189804798625929 0.217071354506412 -0.0003862300537448664 -0.03974010152993333
6.69 0.007788611049311644 0.1771272262448464 0.008174610229591718 0.2168554495690571 -0.0003859991802800736 -0.03972822332421066
6.692 0.007776382271738024 0.176923423907126 0.008162150785495854 0.2166397761235476 -0.0003857685137578307 -0.03971635221642159
6.694 0.007766878402603708 0.176719834845972 0.008152416456534604 0.2164243230461784 -0.0003855380539308963 -0.03970448820020646
6.696 0.007760093663451973 0.1765164478015209 0.008145401464004371 0.2162090790707341 -0.0003853078005523982 -0.0396926312692132
6.698 0.007756026496017194 0.1763132515183127 0.008141104249393027 0.2159940329354101 -0.0003850777533758327 -0.03968078141709735
6.7 0.007754679559808879 0.1761102348919662 0.008139527471963942 0.2157791735294882 -0.0003848479121550642 -0.039668938637522
6.702 0.00775605973816316 0.175907387116911 0.008140678014807484 0.2155644900410688 -0.0003846182766443238 -0.03965710292415781
6.704 0.007760178152704663 0.1757046978363731 0.008144566999302872 0.2153499721070561 -0.000384388846598209 -0.03964527427068298
6.706 0.007767050186145972 0.175502157295936 0.008151209807917656 0.2151356099667192 -0.0003841596217716835 -0.03963345267078323
6.708 0.007776695513314997 0.1752997565019538 0.008160626115235074 0.2149213946201056 -0.0003839306019200762 -0.03962163811815186
6.71 0.007789138140289905 0.1750974873861217 0.008172839927088985 0.2147073179926113 -0.0003837017867990801 -0.03960983060648965
6.712 0.007804406451458814 0.1748953429776325 0.008187879627623566 0.2144933731071374 -0.0003834731761647524 -0.03959803012950489
6.714 0.007822533264310032 0.1746933175843065 0.008205778034083545 0.2142795542652199 -0.0003832447697735132 -0.03958623668091335
6.716 0.007843555891673116 0.1744914069842836 0.008226572459055262 0.2140658572387219 -0.0003830165673821457 -0.03957445025443831
6.718 0.007867516211123757 0.1742896086297148 0.008250304779871551 0.2138522794735253 -0.0003827885687477943 -0.03956267084381049
6.72 0.007894460741132477 0.1740879218642885 0.008277021514760443 0.2136388203070566 -0.0003825607736279654 -0.03955089844276811
6.722 0.007924440723516299 0.1738863481562241 0.008306773905296824 0.2134254812012809 -0.0003823331817805254 -0.0395391330450568
6.724 0.007957512211621396 0.1736848913486526 0.008339618004585096 0.2132122659930822 -0.0003821057929637011 -0.03952737464442964
6.726 0.007993736163537438 0.1734835579294283 0.008375614770473517 0.2129991811640754 -0.0003818786069360785 -0.03951562323464714
6.728 0.008033178539561798 0.1732823573224042 0.008414830163018401 0.2127862361318814 -0.0003816516234566023 -0.03950387880947723
6.73 0.008075910402924148 0.1730813022024752 0.008457335245208723 0.2125734435651705 -0.0003814248422845752 -0.03949214136269524
6.732 0.008122008022596479 0.1728804088368515 0.008503206285776136 0.2123608197249354 -0.0003811982631796574 -0.03948041088808391
6.734 0.008171552976864355 0.1726796974550106 0.008552524862766222 0.2121483848344439 -0.0003809718859018659 -0.03946868737943331
6.736 0.008224632255974373 0.1724791926502114 0.008605377966185946 0.2119361634807524 -0.0003807457102115738 -0.03945697083054094
6.738 0.008281338361999124 0.1722789238153426 0.008661858097868635 0.2117241850505543 -0.0003805197358695096 -0.03944526123521164
6.74 0.008341769403631311 0.1720789256162875 0.008722063366268068 0.2115124842035451 -0.0003802939626367571 -0.03943355858725758
6.742 0.008406029183291827 0.171879238505999 0.008786097573566581 0.2113011013864973 -0.0003800683902747539 -0.03942186288049832
6.744 0.008474227273450591 0.1716799092827616 0.008854070291995883 0.2110900833915223 -0.0003798430185452914 -0.03941017410876069
6.746 0.008546479078560758 0.1714809916962396 0.008926096925771272 0.2108794839621184 -0.0003796178472105137 -0.03939849226587886
6.748 0.008622905878447967 0.1712825471050049 0.009002298754480886 0.2106693644506992 -0.0003793928760329182 -0.03938681734569434
6.75 0.008703634848268497 0.1710846451894946 0.00908280295304385 0.2104597945315504 -0.0003791681047753528 -0.03937514934205587
6.752 0.008788799049455284 0.1708873647243186 0.009167742582656301 0.2102508529731381 -0.0003789435332010174 -0.03936348824881952
6.754 0.008878537385134777 0.1706907944139957 0.009257256546208239 0.2100426284738443 -0.000378719161073462 -0.03935183405984864
6.756 0.008972994512589635 0.170495033796113 0.009351489500746222 0.2098352205651268 -0.0003784949881565864 -0.03934018676901381
6.758 0.009072320704225678 0.1703001942158309 0.009450591718440317 0.2096287405860238 -0.0003782710142146401 -0.03932854637019289
6.76 0.009176671647224421 0.1701063998755404 0.009554718886236642 0.2094233127328113 -0.0003780472390122208 -0.03931691285727096
6.762 0.009286208170776803 0.1699137889630676 0.009664031833091077 0.2092190751872079 -0.0003778236623142744 -0.03930528622414035
6.764 0.009401095888172666 0.1697225148614661 0.00977869617205876 0.2090161813261667 -0.0003776002838860939 -0.0392936664647006
6.766 0.009521504739408194 0.1695327474426984 0.009898881842901514 0.2088148010155569 -0.0003773771034933197 -0.03928205357285848
6.768 0.009647608418147461 0.1693446744466046 0.0100247625390494 0.2086151219891325 -0.0003771541209019376 -0.03927044754252791
6.77 0.009779583664796445 0.16915850294546 0.01015651500067473 0.20841735131309 -0.0003769313358782797 -0.03925884836763005
6.772 0.009917609405412642 0.168974460892754 0.01029431815360166 0.2082217169348473 -0.0003767087481890223 -0.03924725604209321
6.774 0.01006186571374413 0.1687927987530367 0.01043835207134532 0.2080284693128896 -0.0003764863576011866 -0.03923567055985289
6.776 0.01021253257154591 0.1686137912069975 0.01058879673542804 0.2078378831218492 -0.0003762641638821372 -0.03922409191485171
6.778 0.01036978839956758 0.1684377389231867 0.01074583056636716 0.2076502590242262 -0.0003760421667995818 -0.03921252010103948
6.78 0.01053380832946051 0.1682649703838269 0.01090962869558209 0.2074659254962 -0.000375820366121571 -0.03920095511237309
6.782 0.01070476218431611 0.1680958437478325 0.0110803609459326 0.2072852406906492 -0.0003755987616164969 -0.03918939694281664
6.784 0.01088281213334044 0.1679307487287852 0.01125818948639353 0.2071085943151264 -0.0003753773530530929 -0.03917784558634126
6.786 0.01106810998455634 0.1677701084591106 0.01144326612475677 0.2069364094960358 -0.0003751561402004332 -0.03916630103692522
6.788 0.01126079407793259 0.1676143813043959 0.01163572920076052 0.2067691445929498 -0.0003749351228279319 -0.03915476328855387
6.79 0.01146098574081688 0.1674640625830682 0.01183570004152222 0.2066072949182879 -0.0003747143007053432 -0.03914323233521969
6.792 0.01166878526831685 0.167319686136644 0.01204327894191961 0.2064513943075662 -0.0003744936736027593 -0.03913170817092217
6.794 0.01188426739284205 0.1671818256847112 0.01225854063413266 0.2063020164743791 -0.0003742732412906112 -0.03912019078966789
6.796 0.01210747621118514 0.1670510958860986 0.01248152921472481 0.2061597760715691 -0.0003740530035396677 -0.03910868018547049
6.798 0.0123384195433034 0.1669281530141398 0.01271225250342443 0.2060253293664904 -0.0003738329601210344 -0.03909717635235064
6.8 0.01257706270614114 0.16681369513914 0.0129506758169473 0.205899374423476 -0.0003736131108061534 -0.03908567928433605
6.802 0.0128233216980604 0.1667084616958872 0.0131967151534272 0.2057826506713487 -0.0003733934553668029 -0.03907418897546144
6.804 0.01307705580617816 0.1666132322984611 0.01345022979975326 0.2056759377182296 -0.0003731739935750963 -0.03906270541976854
6.806 0.01333805967017503 0.1665288246497049 0.01371101439537851 0.205580053261011 -0.0003729547252034817 -0.0390512286113061
6.808 0.01360605486274679 0.1664560913793222 0.01397879051277153 0.205495849923452 -0.0003727356500247414 -0.03903975854412983
6.81 0.01388068107962289 0.1663959156339247 0.01425319784743488 0.2054242108462272 -0.0003725167678119912 -0.03902829521230246
6.812 0.01416148707073537 0.1663492052361425 0.01453378514907405 0.2053660438460362 -0.0003722980783386797 -0.03901683860989364
6.814 0.01444792148923469 0.166316885229919 0.01482000107061328 0.205322273960899 -0.0003720795813785885 -0.03900538873098003
6.816 0.01473932388599629 0.1662998886376014 0.01511118516270212 0.2052938342072466 -0.00037186127670583 -0.03899394556964519
6.818 0.01503491613273891 0.1662991452738634 0.01540655929683376 0.2052816543938431 -0.0003716431640948487 -0.03898250911997967
6.82 0.01533379461588392 0.1663155684943669 0.01570521985920434 0.2052866478704478 -0.000371425243320419 -0.03897107937608089
6.822 0.01563492360215065 0.1663500398059845 0.0160061311163083 0.2053096961380378 -0.000371207514157646 -0.03895965633205325
6.824 0.01593713023337441 0.1664033913325718 0.01630812020975637 0.2053516313145798 -0.0003709899763819638 -0.03894823998200801
6.826 0.01623910165526977 0.1664763862171144 0.01660987428503891 0.2054132165371778 -0.0003707726297691356 -0.03893683032006337
6.828 0.01653938481961233 0.1665696971483633 0.01690994029370758 0.2054951244887077 -0.0003705554740952524 -0.03892542734034436
6.83 0.01683638951234735 0.1666838833263562 0.01720672802148408 0.2055979143633392 -0.0003703385091367339 -0.03891403103698297
6.832 0.01712839514569985 0.1668193663235746 0.01749851688037018 0.2057220077276925 -0.0003701217346703261 -0.03890264140411796
6.834 0.01741356180314837 0.1669764054515376 0.01778346695362147 0.2058676638874326 -0.0003699051504731019 -0.03889125843589505
6.836 0.01768994593463959 0.1671550733974368 0.01805963469096205 0.2060349555239035 -0.0003696887563224601 -0.03887988212646673
6.838 0.01795552096226849 0.1673552330412043 0.01832499351426461 0.2062237455111967 -0.0003694725519961251 -0.03886851246999236
6.84 0.01820820287213681 0.1675765164867503 0.01857745940940895 0.2064336659473885 -0.000369256537272146 -0.03885714946063813
6.842 0.01844588063757909 0.1678183074255439 0.01881492134950799 0.206664100518121 -0.0003690407119288962 -0.03884579309257705
6.844 0.01866645105213137 0.1680797279819105 0.01903527612787644 0.2069141713418994 -0.0003688250757450729 -0.03883444335998891
6.846 0.01886785725880029 0.1683596311514051 0.01923646688729999 0.2071827314084655 -0.0003686096284996965 -0.03882310025706034
6.848 0.01904812996580667 0.1686565998262804 0.01941652433577878 0.2074683636042651 -0.0003683943699721096 -0.03881176377798472
6.85 0.0192054300606513 0.1689689531992815 0.01957360936059328 0.2077693871162437 -0.0003681792999419774 -0.03880043391696223
6.852 0.01933809110134892 0.1692947610514307 0.0197060555195382 0.2080838717196306 -0.0003679644181892861 -0.03878911066819982
6.854 0.01944466000207084 0.1696318660717345 0.01981240972656518 0.2084096600976457 -0.0003677497244943432 -0.0387777940259112
6.856 0.01952393416412411 0.1699779139471875 0.01989146938276189 0.2087443979315043 -0.0003675352186377761 -0.03876648398431681
6.858 0.01957499334952542 0.1703303905292347 0.01994231424992595 0.2090855710668785 -0.0003673209004005323 -0.03875518053764385
6.86 0.01959722476031214 0.1706866649615329 0.01996433152987602 0.2094305486416591 -0.0003671067695638782 -0.03874388368012622
6.862 0.01959034006859361 0.1710440372812633 0.01995723289450301 0.2097766306872678 -0.0003668928259093993 -0.03873259340600458
6.864 0.0195543835230532 0.1713997887164437 0.0199210625922722 0.2101210984259699 -0.0003666790692189987 -0.03872130970952627
6.866 0.0194897307096353 0.1717512327228415 0.0198561962089102 0.2104612653077868 -0.0003664654992748976 -0.03871003258494533
6.868 0.01939707803127465 0.1720957647549228 0.01976333014713429 0.2107945267814453 -0.0003662521158596336 -0.03869876202652251
6.87 0.01927742345314874 0.1724309088494589 0.0196434623719048 0.2111184068779841 -0.0003660389187560612 -0.03868749802852523
6.872 0.01913203949640407 0.1727543593111498 0.01949786540415142 0.2114305998963774 -0.0003658259077473506 -0.03867624058522758
6.874 0.01896243982030235 0.1730640161037073 0.01932805290291933 0.2117290057946175 -0.0003656130826169871 -0.0386649896909103
6.876 0.01877034098493047 0.1733580129395867 0.01913574142807925 0.2120117582794475 -0.0003654004431487714 -0.0386537453398608
6.878 0.01855762112104869 0.1736347374887536 0.01892280911017551 0.2122772450151267 -0.0003651879891268177 -0.03864250752637311
6.88 0.01832627724900699 0.1738928435563642 0.01869125296934254 0.2125241198011121 -0.0003649757203355545 -0.03863127624474792
6.882 0.01807838289517545 0.1741312554779275 0.01844314653173517 0.21275130696722 -0.0003647636365597231 -0.03862005148929252
6.884 0.01781604747153468 0.1743491653203206 0.01818059920911906 0.2129579985746414 -0.0003645517375843772 -0.03860883325432082
6.886 0.01754137863643796 0.174546023741736 0.01790571865963284 0.2131436452758893 -0.0003643400231948834 -0.03859762153415334
6.888 0.01725644856878496 0.1747215255438806 0.01762057706196187 0.2133079418669978 -0.0003641284931769186 -0.03858641632311716
6.89 0.01696326479088276 0.1748755910449497 0.01732718193819923 0.2134508086604957 -0.0003639171473164717 -0.038575217615546
6.892 0.01666374588814467 0.1750083444207514 0.01702745187354451 0.2135723698265315 -0.0003637059853998415 -0.03856402540578011
6.894 0.01635970221554058 0.1751200901145092 0.01672319722275422 0.2136729298026755 -0.0003634950072136367 -0.03855283968816632
6.896 0.01605282146194901 0.1752112883195062 0.01641610567449379 0.2137529487765642 -0.0003632842125447755 -0.03854166045705802
6.898 0.01574465877134263 0.1752825304081653 0.01610773237252312 0.2138130181149804 -0.0003630736011804848 -0.03853048770681513
6.9 0.01543663099489525 0.1753345150317371 0.01579949416780355 0.2138538364635413 -0.0003628631729082998 -0.03851932143180413
6.902 0.01513001456845671 0.1753680254593833 0.01549266749597278 0.2138761870857813 -0.0003626529275160634 -0.038508161626398
6.904 0.01482594647037074 0.1753839085745622 0.01518838933516266 0.2138809168595384 -0.0003624428647919259 -0.03849700828497625
6.906 0.01452542770806124 0.17538305580811 0.01488766069258558 0.2138689172100349 -0.000362232984524344 -0.03848586140192491
6.908 0.01422932880161035 0.1753663861658306 0.01459135208811243 0.213841107137467 -0.0003620232865020804 -0.03847472097163649
6.91 0.01393839677070252 0.1753348314065737 0.01430021054121673 0.2137984183950837 -0.0003618137705142041 -0.03846358698851
6.912 0.01365326318198058 0.175289323345221 0.01401486761833066 0.2137417827921719 -0.0003616044363500882 -0.03845245944695092
6.914 0.01337445287114155 0.1752307831927513 0.01373584815494096 0.2136721215341225 -0.0003613952837994111 -0.03844133834137121
6.916 0.01310239301335316 0.1751601128012214 0.01346357932600532 0.2135903364674107 -0.0003611863126521549 -0.03843022366618928
6.918 0.01283742227398667 0.1750781876523419 0.01319839979668527 0.2134973030681719 -0.0003609775226986053 -0.03841911541583002
6.92 0.01257979982581698 0.1749858514120675 0.01294056873954633 0.2133938649967923 -0.0003607689137293508 -0.03840801358472472
6.922 0.01232971406874355 0.1748839118676159 0.01269027455427884 0.213280830034927 -0.0003605604855352823 -0.03839691816731115
6.924 0.01208729093100851 0.1747731380651134 0.01244764316891611 0.2131589672231468 -0.0003603522379075929 -0.03838582915803344
6.926 0.01185260166836492 0.1746542584736695 0.0122127458390027 0.2130290050250117 -0.0003601441706377769 -0.0383747465513422
6.928 0.01162567010860732 0.1745279600131621 0.01198560639212495 0.2128916303548565 -0.0003599362835176294 -0.03836367034169441
6.93 0.01140647931391945 0.1743948877969068 0.0117662078902587 0.2127474883204603 -0.000359728576339246 -0.03835260052355347
6.932 0.01119497765367946 0.1742556454555782 0.01155449870257448 0.2125971825469673 -0.000359521048895022 -0.03834153709138911
6.934 0.01099108429578791 0.174110795924302 0.01135039799676557 0.2124412759639796 -0.0003593137009776521 -0.03833048003967753
6.936 0.01079469413576096 0.1739608625899678 0.01115380066814109 0.212280291952869 -0.0003591065323801296 -0.03831942936290121
6.938 0.01060568219139793 0.1738063307104103 0.01096458173429367 0.2121147157659594 -0.0003588995428957464 -0.03830838505554904
6.94 0.01042390749584428 0.1736476490303601 0.01078260022816237 0.2119449961424763 -0.0003586927323180918 -0.03829734711211626
6.942 0.01024921652541307 0.1734852315313602 0.01060770262585412 0.2117715470584646 -0.0003584861004410526 -0.03828631552710442
6.944 0.01008144619991408 0.1733194592636545 0.01043972584697289 0.2115947495586759 -0.0003582796470588123 -0.03827529029502141
6.946 0.009920426493541884 0.1731506822176996 0.01027849986550773 0.211414953628081 -0.0003580733719658503 -0.03826427141038147
6.948 0.009765982693565217 0.172979221201243 0.01012384996852216 0.2112324800689481 -0.0003578672749569421 -0.03825325886770514
6.95 0.009617937342611448 0.1728053696950823 0.009975598698438606 0.2110476223566016 -0.0003576613558271584 -0.03824225266151925
6.952 0.009476111898450825 0.1726293956667434 0.009833567512822688 0.2108606484531003 -0.0003574556143718642 -0.03823125278635692
6.954 0.009340328142911691 0.1724515433264117 0.00969757819329841 0.2106718025631693 -0.000357250050386719 -0.03822025923675761
6.956 0.00921040936919703 0.1722720348137473 0.009567454032864705 0.2104813068210143 -0.0003570446636676758 -0.03820927200726697
6.958 0.009086181374393839 0.1720910718077189 0.00944302082840482 0.2102893629001559 -0.0003568394540109811 -0.03819829109243702
6.96 0.008967473281528623 0.1719088370544383 0.009324107702741797 0.2100961535412642 -0.0003566344212131735 -0.03818731648682595
6.962 0.008854118213197041 0.1717254958103447 0.009210547778268125 0.209901843995343 -0.0003564295650710841 -0.03817634818499827
6.964 0.008745953836522803 0.1715411971998638 0.009102178721904639 0.2097065833813885 -0.0003562248853818354 -0.03816538618152465
6.966 0.008642822797137795 0.1713560754882016 0.008998843179080637 0.2095105059591837 -0.0003560203819428417 -0.03815443047098209
6.968 0.008544573057814893 0.1711702512708671 0.008900389112366701 0.2093137323188209 -0.0003558160545518073 -0.03814348104795374
6.97 0.008451058155756747 0.1709838325825911 0.008806670058763474 0.2091163704896201 -0.0003556119030067266 -0.03813253790702899
6.972 0.008362137390729616 0.1707969159286678 0.008717545317835499 0.2089185169714713 -0.0003554079271058841 -0.03812160104280344
6.974 0.008277675954869734 0.1706095872423275 0.008632880081517587 0.2087202576922064 -0.0003552041266478532 -0.03811067044987889
6.976 0.008197545013642385 0.1704219227720176 0.008552545515073881 0.2085216688948809 -0.0003550005014314958 -0.03809974612286331
6.978 0.008121621746160502 0.1702339899024989 0.008476418797416464 0.2083228179588697 -0.0003547970512559625 -0.03808882805637086
6.98 0.008049789352091044 0.1700458479138465 0.008404383128011735 0.2081237641588684 -0.0003545937759206908 -0.03807791624502187
6.982 0.007981937031427537 0.169857548682454 0.008336327706652944 0.2079245593658968 -0.0003543906752254059 -0.03806701068344283
6.984 0.007917959942487502 0.169669137327899 0.008272147691457621 0.2077252486941654 -0.0003541877489701196 -0.03805611136626639
6.986 0.007857759142885187 0.1694806528096833 0.008211744139840316 0.2075258710978146 -0.0003539849969551297 -0.03804521828813133
6.988 0.007801241517467797 0.1692921284774724 0.008155023936448817 0.2073264599211549 -0.0003537824189810198 -0.03803433144368256
6.99 0.007748319696713358 0.1691035925785037 0.008101899711562017 0.2071270434060748 -0.0003535800148486587 -0.03802345082757115
6.992 0.007698911968560393 0.168915068725529 0.008052289752919594 0.2069276451599833 -0.0003533777843592 -0.03801257643445426
6.994 0.007652942186226553 0.1687265763285982 0.008006117913540634 0.2067282845875933 -0.0003531757273140813 -0.03800170825899515
6.996 0.007610339674186033 0.1685381309937396 0.007963313517701057 0.2065289772896028 -0.000352973843515024 -0.03799084629586321
6.998 0.007571039134154334 0.1683497448914211 0.007923811266918367 0.206329735431155 -0.0003527721327640331 -0.0379799905397339
7 0.007534980552659038 0.1681614270975758 0.007887551147522433 0.2061305680828646 -0.0003525705948633957 -0.03796914098528877
7.002 0.007502109111529856 0.1679731839097516 0.007854478341145537 0.205931481536967 -0.0003523692296156818 -0.03795829762721543
7.004 0.007472375102428117 0.1677850191408307 0.00782454313925186 0.2057324796010383 -0.0003521680368237427 -0.0379474604602076
7.006 0.007445733846366712 0.1675969343926226 0.007797700862657423 0.2055335638715876 -0.0003519670162907113 -0.03793662947896498
7.008 0.00742214561901342 0.1674089293114442 0.007773911786833422 0.2053347339896376 -0.0003517661678200014 -0.03792580467819338
7.01 0.007401575582439781 0.167221001827789 0.007753141073655088 0.2051359878803936 -0.000351565491215307 -0.03791498605260464
7.012 0.007383993723878307 0.1670331483819646 0.007735358710158909 0.2049373219788812 -0.0003513649862806018 -0.03790417359691661
7.014 0.007369374801943642 0.1668453641375869 0.007720539454763782 0.2047387314434401 -0.0003511646528201393 -0.03789336730585318
7.016 0.007357698300695476 0.1666576431846515 0.007708662791333927 0.2045402103587957 -0.0003509644906384515 -0.03788256717414424
7.018 0.007348948391859947 0.1664699787338377 0.007699712891400297 0.2043417519303634 -0.0003507644995403493 -0.03787177319652571
7.02 0.007343113905456371 0.166282363303704 0.007693678584787292 0.2041433486714435 -0.000350564679330921 -0.03786098536773946
7.022 0.007340188309039465 0.1660947889022801 0.007690553338854998 0.2039449925848135 -0.0003503650298155327 -0.0378502036825334
7.024 0.007340169695703807 0.1659072472046594 0.007690335246503635 0.2037466753403207 -0.0003501655507998277 -0.03783942813566138
7.026 0.007343060780985026 0.1657197297279515 0.007693027023074751 0.2035483884498347 -0.0003499662420897254 -0.03782865872188324
7.028 0.007348868908720285 0.1655322280052141 0.007698636012211706 0.2033501234411789 -0.0003497671034914218 -0.0378178954359648
7.03 0.007357606065934021 0.1653447337597052 0.007707174200745409 0.2031518720323829 -0.0003495681348113877 -0.03780713827267778
7.032 0.007369288906759719 0.1651572390809681 0.007718658242616089 0.202953626307768 -0.0003493693358563699 -0.03779638722679989
7.034 0.007383938785371066 0.1649697366042719 0.007733109491804456 0.2027553788973867 -0.0003491707064333894 -0.03778564229311478
7.036 0.007401581797886632 0.1647822196948302 0.007750554044236373 0.2025571231612422 -0.0003489722463497413 -0.03777490346641199
7.038 0.007422248833143866 0.1645946826383854 0.00777102278855686 0.2023588533798724 -0.0003487739554129947 -0.03776417074148702
7.04 0.007445975632205156 0.1644071208397825 0.007794551465636148 0.2021605649529238 -0.0003485758334309918 -0.03775344411314126
7.042 0.007472802856434029 0.1642195310310854 0.007821180736645877 0.2019622546072674 -0.0003483778802118476 -0.03774272357618201
7.044 0.007502776163866529 0.1640319114910791 0.007850956259430478 0.2017639206165015 -0.0003481800955639495 -0.03773200912542247
7.046 0.007535946293610664 0.1638442622778533 0.007883928772906621 0.201565563033535 -0.0003479824792959567 -0.0377213007556817
7.048 0.00757236915785094 0.1636565854764363 0.007920154189067739 0.201367183938221 -0.0003477850312167997 -0.03771059846178468
7.05 0.007612105941017339 0.1634688854634469 0.007959693692153019 0.2011687877020092 -0.0003475877511356802 -0.03769990223856223
7.052 0.007655223205507298 0.1632811691909238 0.008002613844369368 0.2009703812717748 -0.00034739063886207 -0.03768921208085103
7.054 0.007701793003257134 0.1630934464915861 0.008048986697462845 0.2007719744750797 -0.0003471936942057112 -0.03767852798349364
7.056 0.007751892992325273 0.1629057304078939 0.008098889909301889 0.2005735803492323 -0.0003469969169766155 -0.03766784994133844
7.058 0.00780560655742342 0.1627180375475132 0.008152406864408483 0.2003752154967529 -0.0003468003069850634 -0.03765717794923965
7.06 0.00786302293319247 0.1625303884678817 0.008209626797234075 0.2001769004699391 -0.0003466038640416044 -0.03764651200205734
7.062 0.007924237328725187 0.1623428080928193 0.008270644916682243 0.1999786601874767 -0.0003464075879570558 -0.03763585209465736
7.064 0.007989351051598283 0.1621553261642583 0.008335562530140787 0.1997805243861697 -0.0003462114785425031 -0.03762519822191141
7.066 0.008058471629370928 0.1619679777323593 0.008404487164980226 0.1995825281110563 -0.0003460155356092986 -0.03761455037869699
7.068 0.00813171292607876 0.1617808036875621 0.008477532685047822 0.1993847122474595 -0.0003458197589690617 -0.03760390855989736
7.07 0.008209195250909237 0.1615938513382019 0.008554819399342915 0.1991871240986035 -0.0003456241484336781 -0.0375932727604016
7.072 0.008291045455642854 0.1614071750376908 0.008636474159458153 0.1989898180127954 -0.0003454287038152994 -0.03758264297510457
7.074 0.008377397017043783 0.161220836865216 0.008722630441970126 0.1987928560641229 -0.0003452334249263426 -0.03757201919890689
7.076 0.00846839009953811 0.1610349073643922 0.0088134284111176 0.1985963087911072 -0.00034503831157949 -0.03756140142671494
7.078 0.00856417159296298 0.1608494663441783 0.008909014956550668 0.1984002559976192 -0.0003448433635876879 -0.03755078965344084
7.08 0.008664895119247269 0.1606646037466731 0.009009543700011417 0.1982047876206756 -0.0003446485807641474 -0.03754018387400252
7.082 0.008770721000873378 0.1604804205864886 0.009115174963795721 0.1980100046698122 -0.0003444539629223429 -0.03752958408332357
7.084 0.008881816183050562 0.1602970299662815 0.009226075692926574 0.1978160202426149 -0.0003442595098760121 -0.03751899027633337
7.086 0.008998354100190308 0.1601145581730987 0.009342419321629462 0.1976229606210657 -0.0003440652214391552 -0.03750840244796697
7.088 0.00912051447588158 0.159933145860045 0.009464385573307615 0.1974309664532102 -0.0003438710974260352 -0.03749782059316518
7.09 0.009248483044250504 0.1597529493172946 0.009592160181901682 0.1972401940241691 -0.0003436771376511767 -0.0374872447068745
7.092 0.009382451178569246 0.159574141836301 0.009725934520498612 0.1970508166203481 -0.0003434833419293658 -0.03747667478404711
7.094 0.009522615411453852 0.1593969151700925 0.009865905121529501 0.1968630259897334 -0.0003432897100756497 -0.03746611081964091
7.096 0.009669176828643539 0.1592214810918411 0.01001227307054887 0.1966770339004605 -0.0003430962419053361 -0.03745555280861946
7.098 0.009822340316325374 0.1590480730525194 0.01016524325355937 0.1964930737984714 -0.0003429029372339926 -0.037445000745952
7.1 0.009982313639397956 0.1588769479369407 0.0103250234352754 0.1963114025635542 -0.0003427097958774471 -0.03743445462661345
7.102 0.01014930632556953 0.1587083879153564 0.01049182314322132 0.1961323023609407 -0.0003425168176517859 -0.03742391444558436
7.104 0.01032352832750763 0.1585427023851708 0.01066585232988099 0.1959560825830218 -0.0003423240023733548 -0.03741338019785096
7.106 0.01050518843231149 0.1583802299941862 0.01084731978217024 0.1957830818725913 -0.0003421313498587578 -0.03740285187840511
7.108 0.01069449238489702 0.1582213407327219 0.01103643124482188 0.1956136702149662 -0.0003419388599248564 -0.0373923294822443
7.11 0.01089164068895801 0.1580664380772099 0.01123338722134679 0.1954482510815815 -0.0003417465323887701 -0.03738181300437162
7.112 0.0110968260466223 0.1579159611620244 0.01143838041369018 0.1952872636018202 -0.0003415543670678755 -0.03737130243979585
7.114 0.01131023039570049 0.157770386949376 0.01165159275948029 0.1951311847329074 -0.0003413623637798054 -0.03736079778353132
7.116 0.01153202150144118 0.1576302323590665 0.01187319202378363 0.1949805313896644 -0.0003411705223424493 -0.03735029903059798
7.118 0.01176234905900255 0.1574960563103063 0.0121033279015765 0.1948358624863277 -0.0003409788425739519 -0.03733980617602138
7.12 0.01200134026259139 0.1573684616170411 0.01234212758688411 0.1946977808318737 -0.0003407873242927139 -0.03732931921483266
7.122 0.012249094799212 0.1572480966656279 0.01258969076652939 0.1945669348076964 -0.0003405959673173902 -0.0373188381420685
7.124 0.01250567922794672 0.1571356567900346 0.01284608399941361 0.1944440197428058 -0.0003404047714668907 -0.03730836295277122
7.126 0.0127711207120466 0.1570318852441739 0.01311133444860698 0.1943297788861626 -0.0003402137365603791 -0.03729789364198864
7.128 0.01304540007988823 0.1569375736545284 0.01338542294230551 0.1942250038593026 -0.0003400228624172731 -0.03728743020477419
7.13 0.01332844420344814 0.1568535618186562 0.01366827635230538 0.194130534454843 -0.0003398321488572428 -0.03727697263618679
7.132 0.01362011770050297 0.1567807366971676 0.01395975929620318 0.1940472576284586 -0.000339641595700212 -0.03726652093129094
7.134 0.01392021398887365 0.1567200304291179 0.01425966519164 0.1939761055142746 -0.000339451202766356 -0.03725607508515667
7.136 0.01422844574937574 0.15667241718442 0.01456770671925184 0.1939180522772795 -0.0003392609698761027 -0.03724563509285952
7.138 0.01454443488958665 0.1566389086530545 0.01488350578643678 0.193874109602535 -0.0003390708968501312 -0.03723520094948057
7.14 0.01486770214189821 0.1566205479614748 0.01520658312540758 0.1938453206115811 -0.0003388809835093717 -0.03722477265010636
7.142 0.01519765647938583 0.156618401803438 0.01553634770906084 0.193832751993267 -0.0003386912296750048 -0.03721435018982899
7.144 0.01553358458876669 0.1566335505781639 0.01587208622393515 0.1938374841419099 -0.0003385016351684618 -0.03720393356374602
7.146 0.01587464070261132 0.1566670763458728 0.01621295290242274 0.1938605991128333 -0.0003383121998114236 -0.0371935227669605
7.148 0.01621983715952768 0.1567200484422955 0.0165579600829535 0.1939031662368765 -0.0003381229234258204 -0.03718311779458098
7.15 0.01656803613011058 0.1567935066427625 0.01690596993594441 0.1939662252844839 -0.0003379338058338313 -0.03717271864172144
7.152 0.0169179430132492 0.1568884418356538 0.01725568786010708 0.1940507671391551 -0.0003377448468578843 -0.03716232530350137
7.154 0.0172681020670534 0.1570057742563779 0.01760565811337406 0.1941577120314236 -0.0003375560463206554 -0.03715193777504566
7.156 0.01761689488565684 0.1571463294480396 0.01795426228970191 0.1942878854995243 -0.000337367404045068 -0.03714155605148471
7.158 0.01796254235876501 0.157310812252662 0.01829972127861931 0.1944419923806163 -0.0003371789198542931 -0.03713118012795431
7.16 0.01830311074805669 0.1574997792950635 0.01864010134162844 0.1946205892946592 -0.0003369905935717488 -0.03712080999959572
7.162 0.01863652247422385 0.1577136105947351 0.01897332489924495 0.1948240562562907 -0.0003368024250210993 -0.03711044566155559
7.164 0.01896057212230148 0.1579524811206966 0.01929718653632774 0.1950525682296826 -0.0003366144140262551 -0.03710008710898602
7.166 0.01927294803599837 0.1582163332792867 0.01960937459640974 0.1953060676163312 -0.000336426560411372 -0.03708973433704448
7.168 0.01957125967889095 0.1585048514794239 0.0199074985428918 0.1955842388203178 -0.0003362388640008515 -0.03707938734089389
7.17 0.01985307069458035 0.1588174400381939 0.02018912201919969 0.1958864861538964 -0.0003360513246193397 -0.03706904611570255
7.172 0.02011593730322067 0.1591532057514587 0.0204518012453124 0.1962119164081028 -0.0003358639420917272 -0.03705871065664411
7.174 0.02035745134380743 0.1595109464441035 0.02069312806005058 0.1965593274030011 -0.0003356767162431484 -0.03704838095889764
7.176 0.02057528692719752 0.15988914671577 0.0209107765740965 0.1969272037334175 -0.0003354896468989818 -0.03703805701764758
7.178 0.02076724933084116 0.1602859819021775 0.02110255206472601 0.1973137207302613 -0.0003353027338848485 -0.03702773882808373
7.18 0.02093132447234152 0.1606993309788397 0.02126644044936813 0.197716757364241 -0.0003351159770266128 -0.03701742638540122
7.182 0.02106572707537087 0.1611267987499395 0.02140065645152125 0.1981339184347401 -0.0003349293761503812 -0.03700711968480058
7.184 0.02116894551861209 0.1615657472112822 0.02150368844969459 0.1985625659327698 -0.0003347429310825022 -0.03699681872148763
7.186 0.02123978135906653 0.1620133354821923 0.0215743380007161 0.1989998589728659 -0.0003345566416495661 -0.03698652349067357
7.188 0.02127738165811424 0.1624665672025141 0.02161175216579264 0.199442801190089 -0.0003343705076784042 -0.03697623398757491
7.19 0.02128126251401223 0.1629223438333817 0.02161544704300832 0.1998882940407951 -0.0003341845289960882 -0.03696595020741345
7.192 0.02125132260310634 0.1633775219216241 0.02158532130853627 0.2003331940670405 -0.0003339987054299312 -0.03695567214541638
7.194 0.02118784602758894 0.1638289721277723 0.02152165906439642 0.2007743719245884 -0.0003338130368074849 -0.0369453997968161
7.196 0.0210914943209468 0.1642736376993156 0.02142512184390334 0.201208770856166 -0.0003336275229565418 -0.03693513315685038
7.198 0.02096328802802813 0.1647085901083806 0.02129673019173326 0.2016334623291428 -0.0003334421637051328 -0.03692487222076225
7.2 0.02080457880775954 0.1651310797612235 0.02113783576664106 0.2020456967450235 -0.000333256958881528 -0.03691461698380002
7.202 0.02061701346017209 0.1655385800070302 0.02095008536848633 0.2024429474482475 -0.0003330719083142357 -0.03690436744121731
7.204 0.02040249162184751 0.165928823095264 0.02073537863367951 0.2028229466835369 -0.0003328870118320021 -0.03689412358827297
7.206 0.0201631190840933 0.1662998272129575 0.02049582135335711 0.2031837126331886 -0.000332702269263811 -0.03688388542023111
7.208 0.01990115875945364 0.1666499142349602 0.02023367643989253 0.2035235671673213 -0.0003325176804388836 -0.03687365293236113
7.21 0.01961898126135805 0.1669777182997053 0.01995131450654472 0.203841144419643 -0.0003323332451866778 -0.03686342611993764
7.212 0.01931901688780362 0.1672821857460695 0.0196511658511405 0.20413539072431 -0.0003321489633368877 -0.03685320497824052
7.214 0.01900371053883473 0.1675625672900663 0.01933567537355418 0.2044055567926211 -0.0003319648347194435 -0.03684298950255485
7.216 0.01867548078085822 0.1678184035669425 0.01900726164002273 0.2046511832551134 -0.0003317808591645113 -0.03683277968817098
7.218 0.01833668392816911 0.1680495053135373 0.01866828096467161 0.2048720808439218 -0.0003315970365024922 -0.03682257553038443
7.22 0.01798958367300608 0.1682559295201488 0.0183209970395701 0.2050683065446448 -0.0003314133665640218 -0.03681237702449596
7.222 0.01763632648084531 0.1684379528555029 0.01796755633002528 0.2052401370213144 -0.0003312298491799707 -0.03680218416581152
7.224 0.01727892269536846 0.1685960435769718 0.0176099691795499 0.2053880405266141 -0.0003310464841814434 -0.03679199694964227
7.226 0.01691923307659163 0.1687308330003694 0.01725009634799141 0.2055126483716739 -0.0003308632713997778 -0.03678181537130453
7.228 0.01655896032925804 0.1688430874376233 0.01688964053992459 0.2056147268637432 -0.0003306802106665454 -0.03677163942611984
7.23 0.01619964506676506 0.1689336813314503 0.01653014236857861 0.2056951504408652 -0.0003304973018135501 -0.03676146910941488
7.232 0.01584266559263125 0.1690035721383822 0.01617298013730408 0.2057548765549038 -0.0003303145446728291 -0.03675130441652154
7.234 0.01548924085962537 0.1690537773447552 0.01581937279870202 0.205794922687532 -0.0003301319390766511 -0.03674114534277682
7.236 0.01514043597912431 0.169085353851004 0.01547038546398182 0.2058163457345269 -0.0003299494848575165 -0.03673099188352291
7.238 0.01479716968947213 0.1690993798328591 0.01512693687132029 0.2058202238669663 -0.0003297671818481574 -0.03672084403410713
7.24 0.01446022324643473 0.1690969390841076 0.01478980827631626 0.2058076408739895 -0.0003295850298815366 -0.03671070178988193
7.242 0.01413025026235916 0.169079107765135 0.01445965329115001 0.20577967291134 -0.0003294030287908479 -0.03670056514620493
7.244 0.01380778708932026 0.1690469434221143 0.01413700826772977 0.2057373775205531 -0.0003292211784095146 -0.03669043409843883
7.246 0.01349326340956316 0.1690014761014748 0.01382230288813435 0.2056817847434263 -0.0003290394785711904 -0.03668030864195147
7.248 0.01318701276166571 0.1689437013599117 0.01351587069077547 0.2056138901320275 -0.0003288579291097583 -0.03667018877211581
7.25 0.01288928279071161 0.1688745749588706 0.01321795932057094 0.2055346494431805 -0.00032867652985933 -0.03666007448430988
7.252 0.01260024506356463 0.1687950090313527 0.01292874034421887 0.2054449748052696 -0.0003284952806542465 -0.03664996577391685
7.254 0.01232000433645136 0.1687058695152468 0.01264831851778043 0.2053457321515717 -0.0003283141813290766 -0.03663986263632494
7.256 0.01204860720056472 0.1686079746591558 0.01237674043228334 0.2052377397260833 -0.0003281332317186172 -0.03662976506692748
7.258 0.01178605006314241 0.1685020944218859 0.01211400249480031 0.2051217674830088 -0.0003279524316578928 -0.03661967306112286
7.26 0.01153228644712586 0.1683889506038639 0.01186005822810801 0.2049985372181785 -0.0003277717809821551 -0.03660958661431456
7.262 0.01128723361208327 0.168269217566708 0.01161482489161016 0.2048687232886191 -0.0003275912795268824 -0.03659950572191108
7.264 0.01105077851431065 0.1681435234149983 0.01137818944143842 0.2047329537943243 -0.0003274109271277796 -0.03658943037932602
7.266 0.01082278313465199 0.1680124515314348 0.01115001385827277 0.2045918121134128 -0.0003272307236207777 -0.03657936058197801
7.268 0.01060308921012087 0.1678765423725841 0.0109301398789629 0.2044458386978748 -0.0003270506688420329 -0.03656929632529069
7.27 0.01039152241015311 0.167736295447125 0.01071839317278104 0.2042955330518178 -0.0003268707626279275 -0.03655923760469281
7.272 0.01018789600066936 0.1675921714116645 0.01051458700548443 0.2041413558272825 -0.0003266910048150679 -0.03654918441561806
7.274 0.009992014040142201 0.1674445942309299 0.01031852543538249 0.2039837309844351 -0.0003265113952402858 -0.03653913675350521
7.276 0.00980367415109416 0.1672939533592876 0.0101300060848348 0.2038230479730856 -0.0003263319337406366 -0.03652909461379802
7.278 0.009622669909421344 0.1671406059094547 0.009948822529574743 0.2036596639014 -0.0003261526201533995 -0.03651905799194526
7.28 0.009448792891546152 0.1669848787817043 0.00977476634586223 0.203493905665105 -0.0003259734543160776 -0.03650902688340069
7.282 0.009281834417146653 0.1668270707332989 0.009607628853213051 0.2033260720169219 -0.0003257944360663966 -0.03649900128362307
7.284 0.009121587022498157 0.1666674543732115 0.009447202587740462 0.2031564355612877 -0.0003256155652423052 -0.03648898118807616
7.286 0.008967845696453244 0.16650627807153 0.009293282538135219 0.2029852446637587 -0.0003254368416819743 -0.03647896659222868
7.288 0.008820408908458033 0.1663437677766283 0.009145667173681829 0.2028127252681827 -0.0003252582652237968 -0.03646895749155434
7.29 0.008679079455163665 0.1661801287361093 0.009004159290870051 0.202639082617641 -0.0003250798357063875 -0.03645895388153177
7.292 0.008543665149415083 0.1660155471197612 0.008868566702383665 0.2024645028774058 -0.0003249015529685821 -0.03644895575764462
7.294 0.008413979373136257 0.1658501915447942 0.008738702789985694 0.2022891546601757 -0.0003247234168494371 -0.03643896311538145
7.296 0.008289841513038521 0.1656842145048643 0.008614386940226751 0.2021131904551001 -0.00032454542718823 -0.03642897595023578
7.298 0.008171077296108628 0.1655177537056234 0.008495444879933086 0.2019367479633294 -0.000324367583824458 -0.03641899425770607
7.3 0.008057519039770606 0.1653509333102657 0.008381708926368445 0.2017599513435614 -0.0003241898865978385 -0.03640901803329571
7.302 0.007949005829865812 0.1651838650991555 0.00827301816521412 0.2015829123716685 -0.000324012335348308 -0.036399047272513
7.304 0.007845383637969518 0.1650166495479958 0.008169218567885541 0.201405731518867 -0.0003238349299160222 -0.03638908197087116
7.306 0.007746505388072348 0.1648493768292103 0.008070163058213703 0.2012284989530986 -0.0003236576701413555 -0.03637912212388836
7.308 0.007652230981450704 0.1646821277414039 0.007975711537315605 0.2010512954684915 -0.0003234805558649008 -0.03636916772708762
7.31 0.007562427287290247 0.1645149745717229 0.007885730874217716 0.2008741933477197 -0.000323303586927469 -0.03635921877599689
7.312 0.007476968105698508 0.1643479818959774 0.007800094868868596 0.2006972571621264 -0.0003231267631700881 -0.03634927526614899
7.314 0.007395734108766415 0.1641812073212413 0.00771868419320042 0.200520544514323 -0.0003229500844340044 -0.03633933719308167
7.316 0.007318612764563082 0.1640147021755209 0.007641386315123763 0.2003441067278584 -0.0003227735505606803 -0.03632940455233749
7.318 0.007245498248264742 0.1638485121489936 0.007568095409656537 0.2001679894884575 -0.000322597161391795 -0.03631947733946394
7.32 0.007176291343959643 0.163682677891078 0.007498712260728888 0.1999922334410913 -0.000322420916769244 -0.03630955555001333
7.322 0.007110899340179024 0.1635172355675021 0.007433144156714163 0.1998168747470449 -0.0003222448165351387 -0.03629963917954285
7.324 0.00704923592164496 0.1633522173812533 0.007371304782176766 0.1996419456048679 -0.0003220688605318058 -0.03628972822361455
7.326 0.006991221059404182 0.163187652061268 0.00731311410800597 0.1994674747390633 -0.0003218930486017875 -0.03627982267779531
7.328 0.006936780901051305 0.1630235653223956 0.007258498281639145 0.1992934878600524 -0.0003217173805878403 -0.03626992253765683
7.33 0.006885847662464958 0.1628599803001246 0.007207389518797894 0.1991200080989003 -0.0003215418563329359 -0.03626002779877569
7.332 0.006838359522200891 0.162696917963409 0.007159725997881151 0.1989470564201423 -0.0003213664756802595 -0.03625013845673326
7.334 0.006794260519351523 0.162534397508706 0.007115451757824733 0.1987746520158217 -0.0003211912384732101 -0.03624025450711572
7.336 0.006753500455518843 0.1623724367383161 0.007074516600074243 0.1986028126838302 -0.0003210161445554003 -0.0362303759455141
7.338 0.006716034801284853 0.1622110524260083 0.007036875995055508 0.1984315551935324 -0.0003208411937706558 -0.03622050276752418
7.34 0.006681824607346802 0.1620502606727013 0.007002490993309817 0.1982608956414478 -0.0003206663859630147 -0.03621063496874658
7.342 0.006650836420332326 0.1618900772550959 0.006971328141309054 0.1980908497998826 -0.000320491720976728 -0.03620077254478671
7.344 0.00662304220305809 0.1617305179698818 0.006943359401714348 0.1979214334611365 -0.000320317198656258 -0.03619091549125475
7.346 0.006598419258854577 0.1615715989762541 0.006918562077700856 0.1977526627800197 -0.0003201428188462792 -0.03618106380376565
7.348 0.006576950159352755 0.1614133371393308 0.006896918740744432 0.1975845546172699 -0.0003199685813916775 -0.03617121747793918
7.35 0.006558622674938986 0.1612557503771264 0.006878417161076535 0.1974171268865262 -0.0003197944861375494 -0.03616137650939981
7.352 0.00654342970686458 0.1610988580136479 0.006863050239793782 0.1972503989074247 -0.000319620532929202 -0.03615154089377681
7.354 0.006531369219769451 0.1609426811406834 0.006850815941381604 0.1970843917673876 -0.000319446721612153 -0.0361417106267042
7.356 0.00652244417312191 0.1607872429909133 0.00684171722515404 0.196919128694734 -0.00031927305203213 -0.03613188570382075
7.358 0.006516662449802545 0.1606325693248791 0.006835761973837616 0.196754635445649 -0.0003190995240350702 -0.03612206612076994
7.36 0.006514036779754381 0.1604786888344392 0.006832962917221501 0.1965909407076392 -0.0003189261374671197 -0.03611225187320002
7.362 0.006514584656275125 0.1603256335652735 0.006833337548449759 0.1964280765220375 -0.0003187528921746341 -0.03610244295676394
7.364 0.00651832824214219 0.1601734393609754 0.006836908030146367 0.1962660787280948 -0.0003185797880041773 -0.0360926393671194
7.366 0.006525294262340194 0.1600221463313156 0.006843701087142715 0.1961049874312444 -0.0003184068248025211 -0.03608284109992877
7.368 0.006535513879676159 0.1598717993470935 0.006853747882092804 0.1959448474979527 -0.0003182340024166459 -0.03607304815085918
7.37 0.006549022549015742 0.159722448564041 0.006867083869709482 0.1957857090796234 -0.0003180613206937391 -0.03606326051558242
7.372 0.006565859845317579 0.1595741499779333 0.006883748624798775 0.1956276281677083 -0.0003178887794811956 -0.03605347818977499
7.374 0.006586069259911526 0.1594269660130728 0.006903785638538143 0.1954706671821909 -0.0003177163786266173 -0.03604370116911809
7.376 0.006609697958800879 0.1592809661458597 0.006927242076778691 0.1953148955951572 -0.0003175441179778122 -0.03603392944929758
7.378 0.006636796495910781 0.1591362275649301 0.006954168493293575 0.1951603905909341 -0.0003173719973827949 -0.03602416302600402
7.38 0.006667418473324501 0.1589928358688533 0.006984618490014287 0.1950072377637859 -0.000317200016689786 -0.03601440189493262
7.382 0.00670162013961467 0.1588508858017113 0.00701864831536188 0.1948555318534946 -0.000317028175747211 -0.03600464605178325
7.384 0.006739459916330704 0.1587104820261716 0.007056316390734405 0.194705377518432 -0.0003168564744037013 -0.03599489549226047
7.386 0.006780997841576249 0.1585717399327063 0.007097682754084342 0.1945568901447797 -0.0003166849125080929 -0.03598515021207345
7.388 0.006826294918558075 0.1584347864822944 0.007142808408467502 0.1944101966892305 -0.0003165134899094264 -0.03597541020693603
7.39 0.006875412355696412 0.1582997610785982 0.007191754562153359 0.1942654365511648 -0.0003163422064569465 -0.03596567547256669
7.392 0.006928410683839534 0.1581668164636511 0.007244581745839636 0.1941227624683396 -0.000316171062000102 -0.03595594600468852
7.394 0.006985348734907563 0.1580361196290004 0.007301348791296109 0.1939823414280297 -0.0003160000563885449 -0.03594622179902925
7.396 0.007046282465324745 0.1579078527315684 0.007362111654796876 0.1938443555828896 -0.0003158291894721309 -0.03593650285132123
7.398 0.00711126360668995 0.1577822140004438 0.007426922067790868 0.1937090031577453 -0.0003156584611009182 -0.03592678915730143
7.4 0.007180338125583483 0.1576594186171572 0.00749582599670865 0.1935764993298686 -0.0003154878711251678 -0.0359170807127114
7.402 0.007253544474178622 0.1575396995477844 0.007568861893573965 0.1934470770610817 -0.0003153174193953427 -0.03590737751329733
7.404 0.007330911613585416 0.1574233083004601 0.007646058719347524 0.19332098785527 -0.0003151471057621081 -0.03589767955480996
7.406 0.007412456792910699 0.1573105155763929 0.00772743372298703 0.1931985024093976 -0.0003149769300763305 -0.03588798683300466
7.408 0.007498183068810705 0.1572016117764849 0.007812989960999783 0.1930799111201262 -0.0003148068921890778 -0.03587829934364136
7.41 0.007588076553371494 0.1570969073190016 0.007902713545323114 0.1929655244014861 -0.000314636991951619 -0.03586861708248457
7.412 0.007682103382573448 0.1569967327166729 0.007996570611788871 0.1928556727619762 -0.0003144672292154234 -0.03585894004530336
7.414 0.007780206403575069 0.1569014383542387 0.00809450400740723 0.1927507065821101 -0.0003142976038321608 -0.03584926822787139
7.416 0.007882301587254035 0.156811393900005 0.008196429702907735 0.1926509955259718 -0.0003141281156537006 -0.03583960162596683
7.418 0.007988274182671994 0.1567269872778504 0.008302232947204106 0.1925569275132229 -0.0003139587645321123 -0.03582994023537246
7.42 0.008097974643311067 0.1566486231197269 0.008411764193630732 0.1924689071716025 -0.0003137895503196647 -0.03582028405187557
7.422 0.008211214370508053 0.156576720613765 0.008524834843376877 0.192387353685033 -0.0003136204728688251 -0.03581063307126799
7.424 0.008327761338534809 0.1565117106602074 0.008641212870567069 0.1923126979495535 -0.0003134515320322597 -0.0358009872893461
7.426 0.008447335687429079 0.1564540322476657 0.008760618415091912 0.1922453789495765 -0.0003132827276628334 -0.03579134670191078
7.428 0.008569605394212242 0.1564041279665439 0.008882719453825851 0.1921858392713114 -0.0003131140596136086 -0.03578171130476745
7.43 0.008694182160106881 0.1563624385861402 0.009007127687844726 0.1921345196798663 -0.0003129455277378457 -0.03577208109372605
7.432 0.008820617679453675 0.1563293966381699 0.009133394811342677 0.192091852702771 -0.0003127771318890024 -0.03576245606460102
7.434 0.008948400484370653 0.156305418973418 0.009261009356291388 0.1920582551866293 -0.0003126088719207336 -0.03575283621321129
7.436 0.009076953586060227 0.1562908982910181 0.009389394333747117 0.1920341198263984 -0.0003124407476868907 -0.03574322153538029
7.438 0.009205633156005132 0.1562861936821055 0.009517905915046653 0.1920198057090415 -0.0003122727590415217 -0.03573361202693598
7.44 0.009333728506426839 0.1562916202816351 0.009645833412265711 0.1920156279653459 -0.0003121049058388707 -0.03572400768371074
7.442 0.009460463634851016 0.1563074381832395 0.009772400822784393 0.192021846684781 -0.0003119371879333778 -0.0357144085015415
7.444 0.009585000589906417 0.1563338408407365 0.009896770195086096 0.1920386553170061 -0.0003117696051796781 -0.03570481447626959
7.446 0.009706444890396749 0.1563709432533433 0.01001804704782935 0.1920661688570842 -0.0003116021574326022 -0.03569522560374085
7.448 0.009823853184783569 0.1564187703058853 0.01013528802933074 0.1921044121856909 -0.0003114348445471754 -0.03568564187980558
7.45 0.009936243270927006 0.1564772457047384 0.01024751093730562 0.1921533090050569 -0.0003112676663786179 -0.03567606330031851
7.452 0.0100426065058397 0.1565461820082432 0.01035370712862204 0.192212671869382 -0.0003111006227823437 -0.03566648986113884
7.454 0.01014192252374857 0.1566252722897137 0.01045285623736253 0.1922821938478439 -0.0003109337136139608 -0.03565692155813022
7.456 0.01023317605152584 0.1567140839839101 0.01054394299025511 0.1923614423710708 -0.0003107669387292709 -0.03564735838716068
7.458 0.01031537547042147 0.1568120554475451 0.01062597576840574 0.1924498557916479 -0.0003106002979842693 -0.03563780034410278
7.46 0.01038757263102442 0.1569184957055483 0.01069800642225956 0.1925467431303817 -0.0003104337912351437 -0.03562824742483341
7.462 0.01044888329591995 0.1570325877549166 0.01075915071425823 0.1926512873801505 -0.0003102674183382747 -0.03561869962523392
7.464 0.01049850747459037 0.1571533956587709 0.01080860865374061 0.192762552599961 -0.0003101011791502351 -0.03560915694119008
7.466 0.0105357488401446 0.1572798754895804 0.01084568391367239 0.1928794948581724 -0.0003099350735277904 -0.03559961936859204
7.468 0.01056003238904982 0.1574108899833864 0.01086980149037772 0.1930009768867208 -0.0003097691013278971 -0.03559008690333439
7.47 0.01057091953059458 0.1575452265589572 0.01088052279300229 0.1931257861002733 -0.0003096032624077034 -0.03558055954131607
7.472 0.01056811987623364 0.1576816181551939 0.01087755743285819 0.1932526554336344 -0.0003094375566245487 -0.03557103727844043
7.474 0.01055149913723201 0.1578187661632188 0.01086077112106798 0.193380286273834 -0.0003092719838359632 -0.03556152011061522
7.476 0.01052108272426777 0.1579553645935784 0.01083018926816744 0.1935073726273309 -0.0003091065438996677 -0.03555200803375255
7.478 0.01047705486102992 0.1580901245373228 0.01078599609770349 0.1936326255810917 -0.0003089412366735728 -0.03554250104376889
7.48 0.01041975325775142 0.1582217979598044 0.0107285293197672 0.1937547970963895 -0.0003087760620157795 -0.03553299913658509
7.482 0.01034965962082914 0.1583491999106653 0.01065827064061372 0.1938727022187917 -0.0003086110197845782 -0.03552350230812637
7.484 0.01026738648191374 0.1584712283379835 0.01057583259175219 0.1939852388923058 -0.0003084461098384485 -0.03551401055432229
7.486 0.01017366099822787 0.1585868808478292 0.01048194233026393 0.1940914047189359 -0.0003082813320360592 -0.03550452387110676
7.488 0.01006930649327906 0.1586952679391568 0.01037742317951533 0.1941903101935748 -0.0003081166862362676 -0.03549504225441802
7.49 0.009955222568011917 0.1587956224492146 0.01026317474031004 0.1942811881494133 -0.0003079521722981194 -0.03548556570019868
7.492 0.009832364616178504 0.1588873051503522 0.01014015240625935 0.1943633993547479 -0.0003077877900808487 -0.03547609420439566
7.494 0.009701723530034677 0.1589698066284549 0.01000934706947855 0.1944364343914151 -0.0003076235394438767 -0.03546662776296019
7.496 0.0095643062923446 0.1590427457344531 0.009871765712591412 0.1944999121063009 -0.0003074594202468129 -0.03545716637184784
7.498 0.009421118030380963 0.1591058650246557 0.009728413462730416 0.1945535750516742 -0.0003072954323494536 -0.03544771002701851
7.5 0.009273145970055 0.1591590236893166 0.009580277545666782 0.194597282413753 -0.0003071315756117819 -0.03543825872443637
7.502 0.009121345585674073 0.1592021885123296 0.009428313435568041 0.1946310009723995 -0.0003069678498939675 -0.0354288124600699
7.504 0.008966629104059792 0.1592354234115054 0.009273433359116158 0.1946547946413973 -0.0003068042550563665 -0.03541937122989191
7.506 0.008809856398808484 0.1592588780848941 0.009116497189768005 0.1946688131147735 -0.0003066407909595209 -0.03540993502987944
7.508 0.008651828207004095 0.1592727762410906 0.008958305664468253 0.1946732800971045 -0.0003064774574641587 -0.03540050385601389
7.51 0.008493281519564869 0.1592774038280367 0.008799595773996062 0.1946684815323176 -0.0003063142544311928 -0.03539107770428089
7.512 0.008334886937919166 0.1592730976028837 0.008641038119640888 0.194654754173554 -0.0003061511817217215 -0.03538165657067034
7.514 0.008177247752946797 0.1592602343109132 0.008483235992143826 0.1946324747620896 -0.0003059882391970279 -0.03537224045117643
7.516 0.008020900484118073 0.1592392206695377 0.008326725910836653 0.1946020500113353 -0.0003058254267185797 -0.03536282934179761
7.518 0.0078663166146487 0.1592104842873653 0.008171979358796728 0.1945639075259019 -0.0003056627441480284 -0.03535342323853657
7.52 0.007713905268598825 0.159174465590634 0.008019405459946035 0.1945184877280343 -0.0003055001913472097 -0.03534402213740026
7.522 0.0075640165946084 0.159131610781091 0.007869354362786542 0.1944662368154909 -0.000305337768178143 -0.03533462603439989
7.524 0.007416945645603564 0.1590823658108641 0.007722121120106595 0.194407600736415 -0.0003051754745030313 -0.03532523492555088
7.526 0.007272936571198203 0.1590271713306799 0.007577949881382463 0.1943430201375528 -0.0003050133101842599 -0.03531584880687291
7.528 0.007132186968223562 0.1589664585469093 0.007437038243307959 0.1942729262212992 -0.0003048512750843973 -0.03530646767438989
7.53 0.006994852262426987 0.1589006459094598 0.007299541631493181 0.1941977374335897 -0.0003046893690661944 -0.03529709152412991
7.532 0.006861050020504408 0.1588301365450407 0.007165577612496993 0.194117856897166 -0.0003045275919925845 -0.03528772035212533
7.534 0.00673086411519064 0.1587553163477154 0.007035230058917322 0.1940336705021281 -0.0003043659437266825 -0.0352783541544127
7.536 0.006604348686579183 0.158676552639741 0.006908553110710968 0.1939455455667737 -0.0003042044241317848 -0.03526899292703277
7.538 0.006481531860664012 0.1585941933194598 0.006785574893735381 0.1938538299854903 -0.0003040430330713693 -0.0352596366660305
7.54 0.006362419200704225 0.1585085664186153 0.00666630097111332 0.1937588517860704 -0.0003038817704090951 -0.03525028536745503
7.542 0.006246996878845629 0.1584199799981703 0.006550717514854431 0.19366091902553 -0.0003037206360088016 -0.03524093902735971
7.544 0.006135234565087402 0.1583287223190429 0.006438794194821911 0.193560319960845 -0.0003035596297345089 -0.03523159764180207
7.546 0.006027088037696093 0.1582350622315686 0.006330486789146509 0.1934573234384123 -0.0003033987514504169 -0.03522226120684379
7.548 0.005922501524751201 0.1581392497348199 0.006225739525772107 0.1933521794533706 -0.0003032380010209062 -0.03521292971855076
7.55 0.005821409790176511 0.1580415166637902 0.006124487168487047 0.1932451198367832 -0.0003030773783105361 -0.03520360317299303
7.552 0.005723739980254723 0.1579420774688641 0.006026656863438768 0.1931363590351088 -0.0003029168831840454 -0.03519428156624477
7.554 0.005629413248035967 0.1578411300577722 0.00593216976354232 0.1930260949521566 -0.0003027565155063521 -0.03518496489438437
7.556 0.005538346173767834 0.1577388566754203 0.005840942448910387 0.1929145098289147 -0.0003025962751425533 -0.03517565315349434
7.558 0.005450451999585546 0.1576354248015464 0.005752888161543469 0.1928017711412078 -0.0003024361619579235 -0.03516634633966132
7.56 0.005365641696241122 0.1575309880500984 0.005667917872059038 0.1926880324990745 -0.0003022761758179163 -0.0351570444489761
7.562 0.005283824879017101 0.1574256870576588 0.005585941195605263 0.1925734345351925 -0.0003021163165881626 -0.03514774747753362
7.564 0.005204910588970332 0.1573196503511045 0.005506867173104803 0.1924581057725374 -0.0003019565841344714 -0.03513845542143294
7.566 0.005128807954580167 0.1572129951871209 0.005430604932902996 0.1923421634638982 -0.0003017969783228285 -0.03512916827677724
7.568 0.005055426747776081 0.1571058283582479 0.005357064246795477 0.1922257143979216 -0.000301637499019397 -0.03511988603967379
7.57 0.004984677847064713 0.156998246961743 0.00528615599315523 0.1921088556679771 -0.0003014781460905168 -0.03511060870623403
7.572 0.004916473619401701 0.1568903391289741 0.005217792538804405 0.1919916754015476 -0.0003013189194027042 -0.03510133627257347
7.574 0.004850728231212403 0.1567821847140647 0.005151888050035055 0.1918742534488764 -0.0003011598188226515 -0.03509206873481173
7.576 0.004787357898021757 0.1566738559414715 0.005088358742238984 0.191756662030544 -0.0003010008442172273 -0.03508280608907252
7.578 0.004726281081027993 0.156565418012768 0.005027123076481468 0.1916389663442516 -0.0003008419954534754 -0.03507354833148364
7.58 0.004667418638097707 0.1564569296734887 0.004968101910496322 0.1915212251316657 -0.0003006832723986153 -0.03506429545817699
7.582 0.004610693935794373 0.1563484437412629 0.004911218610714415 0.1914034912065515 -0.0003005246749200416 -0.03505504746528854
7.584 0.004556032928219445 0.1562400075967205 0.004856399131104768 0.1912858119456789 -0.0003003662028853233 -0.03504580434895833
7.586 0.004503364207804421 0.1561316636388915 0.004803572063966625 0.191168229744222 -0.0003002078561622042 -0.03503656610533047
7.588 0.004452619032528827 0.1560234497069315 0.004752668667147429 0.1910507824374847 -0.0003000496346186024 -0.03502733273055315
7.59 0.004403731333434383 0.1559153994700376 0.004703622871556993 0.1909335036908162 -0.0002998915381226098 -0.03501810422077859
7.592 0.004356637705881009 0.1558075427875278 0.004656371272423502 0.190816423359691 -0.0002997335665424924 -0.0350088805721631
7.594 0.004311277387445403 0.1556999060409536 0.004610853107192092 0.1906995678218206 -0.0002995757197466888 -0.034999661780867
7.596 0.004267592225036918 0.1555925124401492 0.004567010222640729 0.1905829602832038 -0.0002994179976038116 -0.03499044784305467
7.598 0.00422552663341409 0.1554853823050403 0.004524787033396736 0.1904666210599348 -0.0002992603999826461 -0.03498123875489453
7.6 0.004185027546999225 0.1553785333249751 0.004484130473751375 0.1903505678375342 -0.0002991029267521496 -0.03497203451255903
7.602 0.004146044366604127 0.1552719807972609 0.004444989944385579 0.1902348159094855 -0.0002989455777814525 -0.03496283511222464
7.604 0.004108528902441324 0.155165737846497 0.004407317255381181 0.1901193783965689 -0.0002987883529398568 -0.03495364055007186
7.606 0.004072435314611408 0.1550598156262394 0.004371066566708244 0.1900042664485246 -0.0002986312520968365 -0.03494445082228519
7.608 0.004037720052048169 0.154954223504405 0.004336194327170206 0.1898894894294582 -0.0002984742751220369 -0.03493526592505318
7.61 0.004004341790774989 0.1548489692337799 0.004302659212660264 0.1897750550883482 -0.0002983174218852748 -0.03492608585456833
7.612 0.00397226137217619 0.1547440591088831 0.004270422064432728 0.1896609697159103 -0.0002981606922565379 -0.03491691060702717
7.614 0.003941441741865271 0.1546394981103539 0.004239445827971255 0.1895472382889841 -0.0002980040861059844 -0.03490774017863024
7.616 0.003911847889655827 0.1545352900379866 0.004209695492959771 0.1894338646035686 -0.0002978476033039433 -0.03489857456558203
7.618 0.003883446791026843 0.1544314376334192 0.004181138034747757 0.1893208513975103 -0.0002976912437209135 -0.03488941376409105
7.62 0.003856207350428792 0.1543279426934683 0.004153742357656356 0.189208200463838 -0.0002975350072275637 -0.03488025777036978
7.622 0.003830100346677906 0.1542248061749611 0.004127479240372639 0.1890959127555958 -0.0002973788936947327 -0.03487110658063466
7.624 0.003805098380675925 0.1541220282919552 0.004102321283669353 0.1889839884830613 -0.0002972229029934282 -0.0348619601911061
7.626 0.00378117582560465 0.1540196086060864 0.004078242860599477 0.1888724272040949 -0.0002970670349948273 -0.0348528185980085
7.628 0.003758308779731035 0.153917546110796 0.00405522006930131 0.1887612279083662 -0.0002969112895702757 -0.03484368179757019
7.63 0.003736475021922968 0.1538158393101379 0.004033230688514256 0.1886503890961614 -0.0002967556665912878 -0.03483454978602347
7.632 0.003715653969930541 0.1537144862927889 0.004012254135860088 0.1885399088523934 -0.0002966001659295464 -0.03482542255960458
7.634 0.003695826641481111 0.1536134848018859 0.003992271428938013 0.1884297849164396 -0.0002964447874569019 -0.03481630011455368
7.636 0.003676975618211309 0.1535128323012867 0.003973265149256683 0.1883200147484016 -0.0002962895310453732 -0.03480718244711493
7.638 0.003659085012424308 0.1534125260387635 0.003955219408991454 0.1882105955922999 -0.0002961343965671463 -0.03479806955353636
7.64 0.003642140436675224 0.1533125631067153 0.003938119820569798 0.1881015245367853 -0.0002959793838945741 -0.03478896143006995
7.642 0.003626128976135791 0.1532129405008497 0.003921953469035969 0.1879927985738213 -0.0002958244929001771 -0.0347798580729716
7.644 0.00361103916370932 0.1531136551773721 0.003906708887165962 0.1878844146558733 -0.0002956697234566425 -0.03477075947850115
7.646 0.00359686095782697 0.1530147041091301 0.003892376033263793 0.1877763697520524 -0.0002955150754368234 -0.03476166564292233
7.648 0.003583585722863263 0.1529160843412057 0.003878946271577002 0.1876686609037084 -0.0002953605487137395 -0.03475257656250277
7.65 0.003571206212080617 0.1528177930464121 0.003866412355241193 0.1875612852799261 -0.0002952061431605764 -0.03474349223351399
7.652 0.003559716553005948 0.1527198275811491 0.003854768411656633 0.1874542402333806 -0.0002950518586506856 -0.03473441265223147
7.654 0.003549112235124394 0.1526221855420951 0.003844009930181978 0.1873475233570296 -0.0002948976950575834 -0.03472533781493452
7.656 0.003539390099760121 0.1525248648241913 0.003834133752015073 0.1872411325420976 -0.000294743652254952 -0.03471626771790634
7.658 0.003530548331988719 0.1524278636804021 0.003825138062105357 0.1871350660378361 -0.0002945897301166379 -0.03470720235743405
7.66 0.003522586454410946 0.1523311807837338 0.003817022382927599 0.1870293225135424 -0.0002944359285166527 -0.0346981417298086
7.662 0.003515505322582743 0.1522348152919985 0.003809787569911915 0.1869239011233234 -0.0002942822473291721 -0.03468908583132486
7.664 0.003509307121875718 0.1521387669158515 0.003803435808304254 0.1868188015741331 -0.000294128686428536 -0.03468003465828153
7.666 0.003503995365498888 0.1520430359906141 0.003797970611188136 0.1867140241975953 -0.0002939752456892482 -0.03467098820698118
7.668 0.003499574893377528 0.1519476235524603 0.003793396818363505 0.1866095700261905 -0.0002938219249859762 -0.03466194647373023
7.67 0.003496051871535035 0.1518525314194986 0.003789720595728585 0.1865054408743376 -0.0002936687241935506 -0.03465290945483897
7.672 0.003493433791570558 0.1517577622783857 0.003786949434757523 0.1864016394250072 -0.0002935156431869655 -0.03464387714662152
7.674 0.003491729469763236 0.1516633197770609 0.003785092151604613 0.1862981693224568 -0.0002933626818413774 -0.03463484954539586
7.676 0.003490949045258472 0.1515692086242523 0.003784158885290578 0.1861950352717361 -0.0002932098400321059 -0.03462582664748377
7.678 0.003491103976710487 0.1514754346964371 0.003784161094345119 0.186092243145648 -0.0002930571176346325 -0.0346168084492109
7.68 0.003492207036659891 0.1513820051529232 0.003785111551184492 0.1859898000998299 -0.000292904514524601 -0.0346077949469067
7.682 0.003494272302817549 0.1512889285597668 0.003787024333395366 0.1858877146966712 -0.0002927520305778168 -0.03459878613690445
7.684 0.003497315145291148 0.1511962150232644 0.003789914810961395 0.1857859970388056 -0.0002925996656702474 -0.03458978201554125
7.686 0.003501352208668636 0.1511038763337206 0.003793799628346657 0.1856846589128786 -0.0002924474196780211 -0.034580782579158
7.688 0.00350640138768856 0.1510119261202566 0.003798696680165988 0.1855837139443561 -0.0002922952924774276 -0.03457178782409944
7.69 0.003512481795067795 0.1509203800173423 0.003804625079012712 0.1854831777640563 -0.0002921432839449173 -0.03456279774671406
7.692 0.003519613719838796 0.1508292558437656 0.003811605113795897 0.1853830681871198 -0.000291991393957101 -0.03455381234335417
7.694 0.003527818574329898 0.1507385737946641 0.003819658196720648 0.18528340540504 -0.0002918396223907503 -0.03454483161037589
7.696 0.003537118827662947 0.1506483566471953 0.003828806796785743 0.1851842121913344 -0.0002916879691227966 -0.03453585554413911
7.698 0.003547537923367193 0.1505586299803055 0.003839074357397523 0.185085514121313 -0.0002915364340303307 -0.03452688414100748
7.7 0.003559100178403954 0.150469422408909 0.003850485195394558 0.1849873398062575 -0.0002913850169906039 -0.03451791739734846
7.702 0.003571830660552828 0.1503807658326145 0.003863064378433854 0.1848897211421477 -0.000291233717881026 -0.03450895530953327
7.704 0.003585755040762555 0.1502926956988802 0.003876837577341721 0.1847926935728171 -0.0002910825365791665 -0.0344999978739369
7.706 0.003600899416671786 0.1502052512801628 0.003891830889634539 0.1846962963671009 -0.0002909314729627531 -0.03449104508693809
7.708 0.003617290103108482 0.1501184759642406 0.003908070630018155 0.18460057290916 -0.0002907805269096729 -0.03448209694491935
7.71 0.003634953384965928 0.1500324175563789 0.003925583083263898 0.1845055710006458 -0.0002906296982979704 -0.03447315344426695
7.712 0.003653915227412686 0.149947128591433 0.003944394214418535 0.1844113431728039 -0.0002904789870058489 -0.03446421458137087
7.714 0.003674200938005115 0.1498626666532254 0.003964529330916784 0.1843179470058503 -0.0002903283929116692 -0.03445528035262487
7.716 0.00369583477485784 0.1497790946976933 0.003986012690751791 0.1842254454521198 -0.00029017791589395 -0.03444635075442644
7.718 0.003718839494734505 0.1496964813752057 0.004008867050565872 0.1841339071583825 -0.000290027555831367 -0.03443742578317679
7.72 0.003743235834612216 0.1496149013462918 0.00403311314721497 0.1840434067815727 -0.0002898773126027535 -0.03442850543528087
7.722 0.003769041920196084 0.1495344355835336 0.004058769106283183 0.1839540252906809 -0.0002897271860870989 -0.03441958970714735
7.724 0.003796272594849689 0.149455171650773 0.004085849771013239 0.1838658502459617 -0.00028957717616355 -0.03441067859518861
7.726 0.003824938662667804 0.1493772039489139 0.004114365945379213 0.1837789760447347 -0.0002894272827114095 -0.03440177209582077
7.728 0.003855046039986313 0.1493006339154941 0.004144323545596449 0.1836935041209577 -0.0002892775056101366 -0.03439287020546362
7.73 0.003886594810519198 0.1492255701629222 0.004175722655258544 0.1836095430834629 -0.0002891278447393459 -0.03438397292054068
7.732 0.003919578180679819 0.1491521285377969 0.004208556480658627 0.183527208775276 -0.0002889782999788082 -0.03437508023747916
7.734 0.003953981333645175 0.1490804320810818 0.004242810204853625 0.1834466242337918 -0.0002888288712084495 -0.03436619215270997
7.736 0.003989780183257276 0.1490106108662768 0.004278459741565627 0.1833679195289445 -0.0002886795583083509 -0.03435730866266772
7.738 0.004026940032347123 0.1489428016900705 0.004315470393505871 0.1832912314538612 -0.0002885303611587481 -0.03434842976379066
7.74 0.004065414144302414 0.1488771475875874 0.004353795423942446 0.1832167030401081 -0.0002883812796400325 -0.03433955545252079
7.742 0.004105142242033103 0.1488137971423064 0.004393374555665851 0.1831444828676101 -0.0002882323136327489 -0.03433068572530372
7.744 0.004146048954806675 0.1487529035594277 0.004434132417824272 0.1830747241380165 -0.0002880834630175968 -0.03432182057858876
7.746 0.004188042240871888 0.1486946234710707 0.004475976968547317 0.1830075834798996 -0.0002879347276754297 -0.03431296000882889
7.748 0.004231011822251856 0.1486391154426704 0.00451879792973911 0.1829432194551511 -0.0002877861074872546 -0.03430410401248075
7.75 0.004274827677413567 0.1485865381526574 0.0045624652797478 0.1828817907386621 -0.0002876376023342323 -0.03429525258600462
7.752 0.004319338647550497 0.1485370482224057 0.004606827859648173 0.1828234539482702 -0.0002874892120976766 -0.03428640572586444
7.754 0.004364371222395943 0.1484907976809578 0.004651712159054998 0.1827683611094856 -0.0002873409366590544 -0.03427756342852781
7.756 0.004409728581401992 0.1484479310595949 0.004696921357301978 0.1827166567500609 -0.0002871927758999855 -0.03426872569046596
7.758 0.004455189974879459 0.1484085821252203 0.004742234704581702 0.182668474633374 -0.0002870447297022421 -0.03425989250815376
7.76 0.004500510536385157 0.1483728702788941 0.004787407334332906 0.1826239341569638 -0.0002868967979477489 -0.03425106387806971
7.762 0.004545421621212001 0.1483408966666376 0.004832170601730583 0.1825831364633336 -0.0002867489805185823 -0.03424223979669593
7.764 0.004589631764926016 0.1483127400733659 0.004876233042222987 0.182546160333884 -0.0002866012772969709 -0.03423342026051818
7.766 0.004632828349365891 0.1482884526966835 0.004919282037531185 0.1825130579627094 -0.0002864536881652949 -0.03422460526602585
7.768 0.004674680050143458 0.1482680559240382 0.004960986263149544 0.1824838507337501 -0.0002863062130060858 -0.03421579480971191
7.77 0.004714840118529794 0.1482515362625108 0.00500099897023182 0.1824585251505838 -0.000286158851702026 -0.03420698888807296
7.772 0.004752950521337732 0.1482388415931991 0.005038962125473682 0.1824370290908083 -0.0002860116041359493 -0.03419818749760919
7.774 0.004788646925073843 0.1482298779390185 0.005074511395264682 0.1824192685738429 -0.0002858644701908397 -0.03418939063482443
7.776 0.004821564466480322 0.1482245069432527 0.005107281916230153 0.1824051052394788 -0.0002857174497498319 -0.03418059829622605
7.778 0.004851344202288336 0.1482225442534437 0.005136914744984547 0.1823943547317688 -0.000285570542696211 -0.03417181047832506
7.78 0.004877640079947516 0.1482237589894513 0.005163063828860927 0.1823867861670873 -0.0002854237489134113 -0.03416302717763601
7.782 0.004900126221711469 0.1482278744441042 0.005185403289996487 0.1823821228347813 -0.000285277068285018 -0.03415424839067707
7.784 0.004918504271482963 0.148234570119935 0.005203634772177728 0.182380044233905 -0.0002851305006947648 -0.03414547411396998
7.786 0.004932510521796608 0.1482434851474978 0.005217494567823143 0.1823801894915378 -0.0002849840460265352 -0.03413670434404004
7.788 0.004941922521496217 0.1482542230625238 0.005226760225660578 0.1823821621399399 -0.0002848377041643616 -0.03412793907741613
7.79 0.004946564866440343 0.1482663578453524 0.005231256341432768 0.182385536155983 -0.0002846914749924254 -0.03411917831063068
7.792 0.004946313897851311 0.1482794410524478 0.005230859256246367 0.1823898630926675 -0.0002845453583950565 -0.0341104220402197
7.794 0.004941101075448159 0.1482930098022991 0.005225500429704892 0.1823946800650218 -0.000284399354256733 -0.03410167026272272
7.796 0.004930914853277934 0.1483065953233035 0.005215168315740015 0.1823995182979864 -0.0002842534624620812 -0.03409292297468285
7.798 0.004915800960774252 0.1483197317341123 0.005199908643670127 0.1824039119067591 -0.0002841076828958757 -0.03408418017264674
7.8 0.004895861074274175 0.1483319647114527 0.005179823089717213 0.1824074065646173 -0.0002839620154430381 -0.03407544185316458
7.802 0.004871249948144468 0.1483428597079175 0.005155066408133106 0.1824095677207075 -0.0002838164599886383 -0.03406670801279008
7.804 0.004842171152860257 0.1483520094120919 0.005125842169278149 0.1824099880601724 -0.0002836710164178925 -0.03405797864808052
7.806 0.004808871633525667 0.1483590401925329 0.005092397318141832 0.1824082939481296 -0.0002835256846161648 -0.03404925375559665
7.808 0.00477163535163086 0.1483636173307295 0.005055015816099826 0.1824041506626323 -0.0002833804644689654 -0.03404053333190279
7.81 0.004730776302268535 0.148365448920467 0.005014011658130486 0.1823972662940338 -0.0002832353558619514 -0.03403181737356677
7.812 0.004686631207879196 0.1483642883854317 0.004969721566560122 0.1823873942625916 -0.0002830903586809261 -0.03402310587715991
7.814 0.004639552178951532 0.1483599356376464 0.004922497651763371 0.1823743344769035 -0.0002829454728118389 -0.03401439883925707
7.816 0.004589899604923626 0.1483522369613733 0.004872700303064411 0.1823579332178099 -0.0002828006981407853 -0.03400569625643658
7.818 0.00453803549887326 0.1483410837568075 0.004820691533427266 0.1823380818820879 -0.0002826560345540062 -0.03399699812528031
7.82 0.004484317471902577 0.1483264103134599 0.004766828953840465 0.1823147147558335 -0.000282511481937888 -0.0339883044423736
7.822 0.004429093462196378 0.148308190803878 0.00471146050237534 0.1822878060081832 -0.0002823670401789622 -0.03397961520430527
7.824 0.004372697293379822 0.1482864356955094 0.004654920002543728 0.182257366103177 -0.0002822227091639058 -0.03397093040766767
7.826 0.004315445090662247 0.1482611877735441 0.004597523579441787 0.1822234378226007 -0.0002820784887795397 -0.03396225004905658
7.828 0.004257632543280062 0.1482325179534221 0.004539566922192892 0.1821860920784934 -0.0002819343789128302 -0.0339535741250713
7.83 0.004199532969641681 0.1482005210406765 0.004481323349092568 0.1821454236729911 -0.0002817903794508873 -0.03394490263231459
7.832 0.004141396117635194 0.1481653115708065 0.00442304260791616 0.1821015471381992 -0.0002816464902809656 -0.03393623556739266
7.834 0.004083447616482232 0.1481270198352692 0.004364950327772696 0.1820545927621844 -0.0002815027112904632 -0.03392757292691519
7.836 0.004025888987778238 0.1480857881732883 0.004307248030145159 0.1820047028807837 -0.0002813590423669217 -0.03391891470749536
7.838 0.003968898120625191 0.1480417675845744 0.004250113604023218 0.1819520284903242 -0.0002812154833980269 -0.03391026090574976
7.84 0.00391263011784701 0.1479951146962013 0.004193702152118618 0.1818967262144997 -0.0002810720342716071 -0.03390161151829845
7.842 0.003857218426115804 0.1479459890982559 0.004138147120991437 0.1818389556400208 -0.0002809286948756338 -0.03389296654176493
7.844 0.003802776170868214 0.1478945510478029 0.004083561635966435 0.1817788770205791 -0.0002807854650982215 -0.03388432597277615
7.846 0.003749397626585671 0.14784095952899 0.004030039971413298 0.1817166493369525 -0.0002806423448276271 -0.03387568980796249
7.848 0.003697159763106458 0.1477853706485917 0.003977659097058708 0.1816524286925495 -0.0002804993339522497 -0.03386705804395777
7.85 0.003646123818831657 0.147727936340506 0.003926480251192288 0.1815863670179053 -0.0002803564323606307 -0.03385843067739925
7.852 0.003596336861252822 0.147668803349298 0.003876550501194276 0.1815186110542256 -0.0002802136399414534 -0.03384980770492757
7.854 0.003547833304028291 0.1476081124613516 0.003827904260611834 0.1814493015845385 -0.0002800709565835428 -0.03384118912318686
7.856 0.003500636357663697 0.1475459979521241 0.003780564739839562 0.1813785728809487 -0.0002799283821758655 -0.0338325749288246
7.858 0.003454759397528115 0.1474825872190402 0.003734545314135643 0.1813065523375319 -0.000279785916607529 -0.03382396511849173
7.86 0.003410207238639483 0.1474180005713628 0.003689850798407265 0.1812333602602054 -0.000279643559767782 -0.03381535968884257
7.862 0.003366977311253242 0.1473523511506617 0.003646478622799256 0.1811591097871965 -0.0002795013115460144 -0.03380675863653485
7.864 0.003325060735003495 0.1472857449580658 0.003604419906835251 0.1810839069162955 -0.0002793591718317563 -0.03379816195822971
7.866 0.003284443292248311 0.1472182809671632 0.003563660432762989 0.1810078506177549 -0.0002792171405146782 -0.03378956965059167
7.868 0.00324510630339871 0.1471500513040359 0.003524181520883301 0.1809310330143246 -0.000279075217484591 -0.03378098171028864
7.87 0.003207027408626683 0.1470811414784788 0.003485960811258129 0.1808535396124707 -0.0002789334026314454 -0.03377239813399192
7.872 0.003170181261348315 0.1470116306527867 0.003448972957193647 0.180775449571163 -0.0002787916958453321 -0.03376381891837622
7.874 0.003134540139619409 0.1469415919366899 0.00341319023663589 0.1806968359968095 -0.0002786500970164811 -0.03375524406011957
7.876 0.00310007448185814 0.1468710926989291 0.003378583087893402 0.1806177662548326 -0.0002785086060352618 -0.0337466735559034
7.878 0.003066753353450425 0.1468001948876963 0.003345120576242608 0.1805383022901088 -0.0002783672227921827 -0.03373810740241254
7.88 0.003034544850711757 0.1467289553536677 0.003312770797889648 0.1804585009500029 -0.0002782259471778914 -0.03372954559633514
7.882 0.003003416448425599 0.1466574261706344 0.003281501227508773 0.1803784143049971 -0.0002780847790831741 -0.03372098813436274
7.884 0.002973335296906319 0.1465856549498512 0.003251279015305274 0.1802980899630414 -0.0002779437183989552 -0.0337124350131902
7.886 0.002944268474151463 0.1465136851451585 0.003222071239167761 0.1802175713746743 -0.000277802765016298 -0.03370388622951578
7.888 0.002916183198218922 0.1464415563466896 0.003193845117045326 0.1801368981267306 -0.0002776619188264032 -0.03369534178004105
7.89 0.002889047004589607 0.1463693045616481 0.003166568184310216 0.180056106223119 -0.0002775211797206097 -0.03368680166147094
7.892 0.002862827892804592 0.1462969624811346 0.003140208440394987 0.1799752283516483 -0.0002773805475903941 -0.03367826587051369
7.894 0.002837494446297282 0.1462245597324588 0.003114734468624653 0.1798942941363398 -0.0002772400223273704 -0.03366973440388095
7.896 0.002813015928915978 0.1461521231166795 0.003090115532739268 0.1798133303749671 -0.0002770996038232896 -0.03366120725828762
7.898 0.002789362361287011 0.1460796768314137 0.003066321653257051 0.1797323612618656 -0.0002769592919700401 -0.03365268443045195
7.9 0.002766504579806108 0.1460072426791437 0.003043323666465755 0.1796514085962392 -0.0002768190866596467 -0.03364416591709552
7.902 0.002744414280729858 0.1459348402614009 0.003021093268514129 0.1795704919763441 -0.0002766789877842712 -0.03363565171494325
7.904 0.002723064051561909 0.1458624871593455 0.00299960304679812 0.1794896289800689 -0.0002765389952362115 -0.03362714182072333
7.906 0.002702427391645576 0.1457901991013127 0.002978826500553478 0.17940883533248 -0.000276399108907902 -0.03361863623116728
7.908 0.002682478723655659 0.1457179901179719 0.002958738052347572 0.1793281250609818 -0.0002762593286919127 -0.03361013494300993
7.91 0.002663193397454834 0.1456458726857645 0.002939313051935783 0.1792475106387539 -0.0002761196544809496 -0.03360163795298941
7.912 0.002644547687593033 0.1455738578592993 0.002920527773760888 0.1791670031171464 -0.0002759800861678545 -0.03359314525784715
7.914 0.002626518785567093 0.1455019553933981 0.002902359409212697 0.179086612247726 -0.000275840623645604 -0.03358465685432784
7.916 0.002609084787794444 0.1454301738554526 0.002884786054601755 0.1790063465946321 -0.0002757012668073103 -0.03357617273917951
7.918 0.002592224680139854 0.145358520728769 0.002867786695686075 0.1789262136379224 -0.0002755620155462206 -0.03356769290915345
7.92 0.002575918319694413 0.1452870025075081 0.002851341189450129 0.1788462198685123 -0.0002754228697557164 -0.03355921736100421
7.922 0.002560146414430676 0.1452156247838515 0.00283543024375999 0.1787663708753412 -0.0002752838293293143 -0.03355074609148966
7.924 0.002544890501246963 0.1451443923279569 0.002820035395407627 0.1786866714253278 -0.000275144894160665 -0.0335422790973709
7.926 0.002530132922844082 0.1450733091612459 0.002805138986987636 0.1786071255366583 -0.000275006064143553 -0.03353381637541233
7.928 0.002515856803818304 0.1450023786235539 0.002790724142990201 0.1785277365459355 -0.0002748673391718976 -0.0335253579223816
7.93 0.002502046026276046 0.1449316034346034 0.002776774745415797 0.178448507169653 -0.000274728719139751 -0.03351690373504962
7.932 0.002488685205243464 0.1448609857502642 0.002763275409184763 0.1783694395604547 -0.0002745902039412991 -0.03350845381019053
7.934 0.002475759664092765 0.1447905272140199 0.002750211457563627 0.1782905353586016 -0.0002744517934708616 -0.03350000814458179
7.936 0.002463255410162299 0.1447202290040188 0.00273756889778519 0.1782117957390228 -0.0002743134876228909 -0.03349156673500404
7.938 0.002451159110731746 0.1446500918760907 0.002725334397023718 0.1781332214543319 -0.0002741752862919724 -0.03348312957824118
7.94 0.002439458069464691 0.1445801162030425 0.002713495258837515 0.1780548128741229 -0.0002740371893728244 -0.03347469667108039
7.942 0.002428140203426717 0.1445103020105618 0.002702039400187014 0.1779765700208738 -0.0002738991967602974 -0.03346626801031202
7.944 0.00241719402075152 0.1444406490100005 0.002690955329100895 0.1778984926027302 -0.0002737613083493745 -0.03345784359272971
7.946 0.002406608599020621 0.1443711566283095 0.002680232123055792 0.1778205800434398 -0.000273623524035171 -0.03344942341513028
7.948 0.002396373564402721 0.14430182403537 0.002669859408115655 0.1777428315096838 -0.0002734858437129337 -0.03344100747431381
7.95 0.002386479071584037 0.1442326501689325 0.002659827338862079 0.1776652459360161 -0.0002733482672780418 -0.03343259576708358
7.952 0.002376915784518978 0.1441636337573846 0.002650126579144983 0.1775878220476307 -0.0002732107946260054 -0.03342418829024608
7.954 0.002367674858012159 0.1440947733405256 0.002640748283664625 0.1775105583811366 -0.0002730734256524663 -0.03341578504061102
7.956 0.002358747920143757 0.1440260672885295 0.002631684080396954 0.1774334533035208 -0.0002729361602531972 -0.03340738601499133
7.958 0.002350127055539261 0.143957513819252 0.002622926053863363 0.1773565050294551 -0.0002727989983241019 -0.03339899121020312
7.96 0.00234180478948063 0.1438891110140294 0.002614466729241845 0.1772797116370951 -0.000272661939761215 -0.03339060062306571
7.962 0.002333774072855397 0.1438208568321054 0.002606299057316098 0.177203071082507 -0.0002725249844607014 -0.0333822142504016
7.964 0.002326028267932438 0.1437527491238081 0.002598416400251295 0.1771265812128446 -0.0002723881323188565 -0.03337383208903651
7.966 0.002318561134956507 0.1436847856425997 0.002590812518188613 0.177050239778399 -0.000272251383232106 -0.03336545413579933
7.968 0.002311366819544351 0.1436169640560888 0.002583481556641356 0.1769740444436109 -0.0002721147370970052 -0.03335708038752212
7.97 0.002304439840873061 0.1435492819561206 0.002576418034683301 0.1768979927971608 -0.0002719781938102395 -0.03334871084104013
7.972 0.002297775080643136 0.1434817368680235 0.002569616833911759 0.1768220823612152 -0.0002718417532686235 -0.0333403454931918
7.974 0.002291367772800823 0.1434143262590926 0.002563073188169925 0.1767463105999114 -0.0002717054153691018 -0.03333198434081873
7.976 0.002285213494007713 0.1433470475464025 0.00255678267401646 0.1766706749271682 -0.0002715691800087473 -0.03332362738076567
7.978 0.002279308154838469 0.1432798981040031 0.002550741201923232 0.1765951727138836 -0.0002714330470847626 -0.03331527460988055
7.98 0.002273647991694642 0.1432128752695733 0.002544945008189121 0.1765198012945878 -0.0002712970164944787 -0.03330692602501446
7.982 0.002268229559420338 0.1431459763505994 0.002539390647555693 0.176444557973621 -0.0002711610881353554 -0.03329858162302163
7.984 0.002263049724604606 0.1430791986301235 0.002534074986509587 0.176369440030883 -0.0002710252619049808 -0.03329024140075948
7.986 0.002258105659560136 0.1430125393721325 0.002528995197261207 0.176294444727221 -0.0002708895377010711 -0.03328190535508852
7.988 0.002253394836964537 0.1429459958266241 0.002524148752386008 0.1762195693094965 -0.0002707539154214709 -0.03327357348287245
7.99 0.002248915025155425 0.1428795652344126 0.002519533420119577 0.1761448110153907 -0.0002706183949641521 -0.03326524578097807
7.992 0.002244664284067726 0.1428132448317098 0.002515147260294941 0.1760701670779851 -0.0002704829762272146 -0.03325692224627537
7.994 0.002240640961806204 0.1427470318545367 0.00251098862091509 0.1759956347301741 -0.0002703476591088856 -0.03324860287563741
7.996 0.002236843691845386 0.1426809235430044 0.002507056135352905 0.1759212112089448 -0.0002702124435075195 -0.03324028766594041
7.998 0.002233271390849554 0.1426149171455062 0.002503348720171152 0.1758468937595699 -0.0002700773293215981 -0.03323197661406372
8 0.002229923257109318 0.1425490099228655 0.002499865573559048 0.1757726796397552 -0.0002699423164497295 -0.03322366971688978
8.002 0.002226798769589761 0.1424831991524803 0.00249660617438041 0.1756985661237845 -0.0002698074047906488 -0.03321536697130419
8.004 0.002223897687587257 0.142417482132507 0.002493570281830475 0.1756245505067026 -0.0002696725942432178 -0.03320706837419562
8.006 0.002221220050993769 0.1423518561861252 0.002490757935700194 0.175550630108581 -0.000269537884706424 -0.03319877392245586
8.008 0.002218766181167725 0.1422863186659236 0.002488169457247107 0.1754768022789034 -0.0002694032760793817 -0.03319048361297982
8.01 0.002216536682411579 0.1422208669584545 0.00248580545067291 0.17540306440112 -0.0002692687682613304 -0.03318219744266548
8.012 0.002214532444057577 0.1421554984889968 0.002483666805209212 0.1753294138974107 -0.000269134361151636 -0.03317391540841396
8.014 0.002212754643164148 0.1420902107265813 0.002481754697813937 0.1752558482337107 -0.0002690000546497896 -0.03316563750712944
8.016 0.00221120474782543 0.1420250011893218 0.002480070596480838 0.175182364925041 -0.0002688658486554076 -0.03315736373571918
8.018 0.002209884521097751 0.1419598674501005 0.002478616264165982 0.1751089615411941 -0.0002687317430682315 -0.03314909409109355
8.02 0.002208796025547727 0.1418948071426712 0.002477393763335855 0.1750356357128372 -0.0002685977377881284 -0.033140828570166
8.022 0.002207941628426207 0.1418298179682236 0.002476405461141297 0.1749623851380767 -0.0002684638327150894 -0.03313256716985304
8.024 0.002207324007472176 0.1417648977024879 0.002475654035221407 0.1748892075895622 -0.0002683300277492307 -0.03312430988707426
8.026 0.002206946157353369 0.1417000442034244 0.002475142480144161 0.1748161009221767 -0.0002681963227907926 -0.03311605671875233
8.028 0.002206811396745792 0.1416352554195853 0.002474874114485932 0.1747430630813983 -0.0002680627177401397 -0.03310780766181295
8.03 0.002206923376057774 0.141570529399215 0.002474852588555536 0.1746700921124 -0.0002679292124977612 -0.03309956271318495
8.032 0.002207286085801272 0.1415058643001669 0.002475081892765542 0.1745971861699671 -0.0002677958069642692 -0.03309132186980016
8.034 0.002207903865611293 0.1414412584007387 0.002475566366651694 0.1745243435293321 -0.0002676625010404001 -0.03308308512859346
8.036 0.002208781413913992 0.1413767101115018 0.002476310708541006 0.1744515625980046 -0.000267529294627014 -0.03307485248650283
8.038 0.002209923798242214 0.14131221798824 0.002477319985867307 0.1743788419287093 -0.0002673961876250935 -0.03306662394046925
8.04 0.002211336466189195 0.1412477807461094 0.002478599646124941 0.1743061802335462 -0.0002672631799357452 -0.03305839948743678
8.042 0.002213025256996338 0.1411833972751257 0.002480155528456535 0.1742335763994782 -0.0002671302714601978 -0.03305017912435248
8.044 0.002214996413755906 0.1411190666571307 0.002481993875855709 0.1741610295052972 -0.0002669974620998036 -0.03304196284816646
8.046 0.002217256596213101 0.1410547881843603 0.002484121347969137 0.1740885388401922 -0.0002668647517560369 -0.03303375065583189
8.048 0.00221981289413798 0.1409905613797787 0.002486545034468475 0.1740161039240836 -0.0002667321403304946 -0.03302554254430493
8.05 0.002222672841235077 0.140926386019341 0.002489272468959973 0.1739437245298857 -0.0002665996277248957 -0.03301733851054477
8.052 0.002225844429543647 0.1408622621563689 0.002492311643384728 0.1738714007078826 -0.0002664672138410814 -0.03300913855151365
8.054 0.002229336124272543 0.140798190148232 0.002495671022853557 0.1737991328124087 -0.0002663348985810144 -0.03300094266417677
8.056 0.002233156879002684 0.1407341706855445 0.002499359560849463 0.1737269215310469 -0.0002662026818467798 -0.03299275084550242
8.058 0.002237316151166562 0.1406702048241125 0.002503386714707145 0.1736547679165744 -0.0002660705635405832 -0.03298456309246182
8.06 0.002241823917703304 0.140606294019871 0.002507762461268056 0.1735826734219003 -0.000265938543564752 -0.03297637940202926
8.062 0.00224669069075952 0.140542440167084 0.002512497312581255 0.173510639938266 -0.0002658066218217351 -0.03296819977118198
8.064 0.002251927533283409 0.1404786456400913 0.002517602331497511 0.1734386698369916 -0.0002656747982141017 -0.03296002419690025
8.066 0.002257546074331188 0.1404149133389038 0.002523089146975729 0.1733667660150711 -0.0002655430726445419 -0.03295185267616732
8.068 0.002263558523865493 0.1403512467389848 0.00252896996888136 0.1732949319449543 -0.0002654114450158668 -0.03294368520596944
8.07 0.002269977686791506 0.1402876499455562 0.002535257602022513 0.173223171728852 -0.0002652799152310075 -0.03293552178329585
8.072 0.002276816975921531 0.1402241277528137 0.002541965459114546 0.1731514901579524 -0.0002651484831930152 -0.03292736240513875
8.074 0.002284090423520415 0.14016068570843 0.002549107572325476 0.1730798927769233 -0.0002650171488050615 -0.03291920706849333
8.076 0.002291812691004654 0.1400973301837712 0.002556698602975092 0.1730083859541289 -0.0002648859119704377 -0.03291105577035778
8.078 0.002299999076316037 0.1400340684502473 0.002564753848908592 0.1729369769579805 -0.0002647547725925551 -0.03290290850773323
8.08 0.00230866551840252 0.1399709087622476 0.002573289248977464 0.1728656740398714 -0.0002646237305749438 -0.03289476527762378
8.082 0.002317828598145375 0.1399078604471248 0.002582321383966629 0.1727944865241613 -0.0002644927858212538 -0.03288662607703652
8.084 0.002327505534983345 0.1398449340026799 0.002591867473218599 0.1727234249056614 -0.0002643619382352544 -0.03287849090298147
8.086 0.002337714178356784 0.1397821412026231 0.002601945366077617 0.1726525009550948 -0.000264231187720833 -0.03287035975247164
8.088 0.002348472992965792 0.1397194952104649 0.002612573527147789 0.1725817278329879 -0.0002641005341819972 -0.03286223262252296
8.09 0.002359801036706026 0.1396570107022569 0.002623771014228898 0.1725111202124112 -0.0002639699775228716 -0.03285410951015433
8.092 0.002371717929959672 0.1395947039986006 0.002635557447607373 0.1724406944109882 -0.0002638395176477006 -0.03284599041238759
8.094 0.002384243814766332 0.1395325932062435 0.002647952969227178 0.1723704685324911 -0.0002637091544608463 -0.03283787532624754
8.096 0.002397399302177313 0.1394706983695412 0.002660978190044102 0.1723004626183031 -0.0002635788878667888 -0.03282976424876188
8.098 0.002411205405901913 0.1394090416319308 0.002674654123672039 0.1722306988088921 -0.0002634487177701263 -0.03282165717696128
8.1 0.002425683460098322 0.1393476474074421 0.002689002104173897 0.1721612015153215 -0.000263318644075575 -0.03281355410787934
8.102 0.002440855018926566 0.139286542562073 0.002704043685614534 0.1720919976006256 -0.0002631886666879679 -0.03280545503855255
8.104 0.002456741735211327 0.1392257566046322 0.002719800520723584 0.1720231165706526 -0.0002630587855122564 -0.03279735996602039
8.106 0.002473365215270324 0.1391653218863649 0.002736294215723832 0.17195459077369 -0.0002629290004535082 -0.0327892688873252
8.108 0.002490746846697933 0.1391052738083133 0.002753546158114842 0.1718864556078256 -0.0002627993114169088 -0.03278118179951226
8.11 0.002508907595586589 0.1390456510349308 0.00277157731389435 0.1718187497345605 -0.0002626697183077603 -0.03277309869962979
8.112 0.002527867769408342 0.1389864957119352 0.002790407990439823 0.171751515296664 -0.0002625402210314812 -0.03276501958472886
8.114 0.002547646741527617 0.1389278536857505 0.002810057561021224 0.171684798137614 -0.000262410819493607 -0.03275694445186349
8.116 0.002568262633088928 0.138869774721146 0.002830544146688718 0.1716186480192366 -0.0002622815135997894 -0.03274887329809063
8.118 0.002589731947902033 0.1388123127127832 0.00285188425115783 0.1715531188332532 -0.0002621523032557962 -0.03274080612047005
8.12 0.002612069155857774 0.1387555258853864 0.002874092344225286 0.1714882688014508 -0.0002620231883675113 -0.03273274291606449
8.122 0.002635286220525142 0.1386994769760496 0.002897180389366077 0.1714241606579892 -0.0002618941688409344 -0.03272468368193953
8.124 0.002659392066760852 0.1386442333909094 0.002921157311343033 0.171360861806073 -0.000261765244582181 -0.03271662841516367
8.126 0.002684391984671903 0.1385898673269084 0.002946028400169384 0.1712984444397166 -0.0002616364154974821 -0.03270857711280829
8.128 0.00271028696696942 0.1385364558477875 0.002971794648462603 0.1712369856197352 -0.0002615076814931837 -0.03270052977194764
8.13 0.002737072977815431 0.1384840809017158 0.002998452020291178 0.1711765672913746 -0.0002613790424757473 -0.03269248638965886
8.132 0.002764740152778538 0.1384328292661593 0.003025990651130287 0.1711172762291813 -0.0002612504983517497 -0.03268444696302197
8.134 0.002793271931439685 0.1383827924037958 0.003054393980467567 0.1710592038929156 -0.0002611220490278816 -0.03267641148911983
8.136 0.002822644126726701 0.1383340662115312 0.003083637821137651 0.1710024461765694 -0.0002609936944109493 -0.03266837996503821
8.138 0.002852823938245644 0.1382867506431197 0.003113689372653517 0.1709471030309853 -0.0002608654344078729 -0.03266035238786569
8.14 0.002883768920669036 0.1382409491846863 0.003144506189594723 0.1708932779393801 -0.0002607372689256874 -0.03265232875469377
8.142 0.00291542592288391 0.13819676816174 0.003176035120755451 0.1708410772243568 -0.0002606091978715416 -0.03264430906261678
8.144 0.002947730018859739 0.1381543158563288 0.003208211240012437 0.1707906091650607 -0.0002604812211526981 -0.0326362933087319
8.146 0.002980603457208069 0.1381137014140441 0.003240956795884603 0.1707419829041832 -0.0002603533386765338 -0.03262828149013915
8.148 0.003013954662923321 0.1380750335229268 0.00327418021327386 0.1706953071268682 -0.0002602255503505392 -0.03262027360394143
8.15 0.003047677331684527 0.1380384188502786 0.003307775187766844 0.170650688497523 -0.0002600978560823175 -0.03261226964724444
8.152 0.003081649664022368 0.1380039602292114 0.003341619919801955 0.1706082298463681 -0.0002599702557795865 -0.03260426961715675
8.154 0.003115733793129108 0.1379717545947435 0.003375576542479285 0.1705680281055333 -0.000259842749350176 -0.03259627351078977
8.156 0.00314977546565532 0.137941890679553 0.003409490802357349 0.1705301720048107 -0.0002597153367020293 -0.03258828132525771
8.158 0.003183604038671349 0.137914446492151 0.003443192056414551 0.1704947395498287 -0.0002595880177432026 -0.03258029305767764
8.16 0.003217032857406099 0.1378894866151356 0.003476493649787963 0.1704617953203051 -0.0002594607923818645 -0.03257230870516945
8.162 0.003249860076476783 0.1378670593779314 0.00350919373700308 0.1704313876427872 -0.0002593336605262961 -0.03256432826485583
8.164 0.003281869981245309 0.1378471939763201 0.0035410766033302 0.1704035457101824 -0.000259206622084891 -0.03255635173386232
8.166 0.003312834855025796 0.1378298976291731 0.003571914531991951 0.1703782767384904 -0.000259079676966155 -0.03254837910931725
8.168 0.003342517421466185 0.1378151528797248 0.00360147024654489 0.1703555632680765 -0.0002589528250787056 -0.03254041038835179
8.17 0.00337067386956219 0.1378029151629343 0.003629499935893462 0.1703353607310342 -0.0002588260663312719 -0.03253244556809988
8.172 0.00339705744152961 0.1377931107700476 0.003655756842162305 0.1703175954157459 -0.0002586994006326956 -0.03252448464569828
8.174 0.003421422532358282 0.13778563534471 0.00367999536025021 0.1703021629629966 -0.0002585728278919291 -0.03251652761828659
8.176 0.003443529215665434 0.1377803530400285 0.00370197556368347 0.1702889275230356 -0.0002584463480180362 -0.03250857448300713
8.178 0.00346314807583014 0.1377770964516872 0.003721468036750333 0.1702777216886923 -0.0002583199609201921 -0.03250062523700509
8.18 0.003480065194131915 0.1377756674180023 0.003738258860639598 0.1702683472954307 -0.0002581936665076831 -0.03249267987742843
8.182 0.003494087109702313 0.1377758387438284 0.003752154574392218 0.1702605771452563 -0.0002580674646899059 -0.03248473840142786
8.184 0.003505045557802979 0.1377773568629993 0.003762986913179348 0.1702541576691562 -0.0002579413553763684 -0.03247680080615691
8.186 0.003512801780923117 0.1377799454059208 0.003770617119399805 0.1702488124946926 -0.0002578153384766884 -0.03246886708877187
8.188 0.00351725021433238 0.1377833095882552 0.003774939628232975 0.1702442468346871 -0.0002576894139005948 -0.03246093724643185
8.19 0.003518321367982424 0.137787141287714 0.00377588494954035 0.1702401525640127 -0.0002575635815579262 -0.03245301127629869
8.192 0.003515983760271982 0.1377911246327609 0.003773421601630612 0.170236213808298 -0.000257437841358631 -0.032445089175537
8.194 0.003510244804307279 0.1377949418938792 0.003767556997520047 0.1702321128351934 -0.0002573121932127684 -0.03243717094131422
8.196 0.003501150600468498 0.1377982794479231 0.003758337237499005 0.1702275360187236 -0.0002571866370305063 -0.03242925657080046
8.198 0.003488784646143272 0.1378008335812485 0.003745845818865395 0.1702221796424171 -0.0002570611727221227 -0.03242134606116865
8.2 0.003473265529604824 0.1378023159080498 0.003730201329802829 0.1702157553176443 -0.0002569358001980049 -0.03241343940959447
8.202 0.003454743725612418 0.1378024582056713 0.003711554244981067 0.1702079948189276 -0.0002568105193686494 -0.03240553661325635
8.204 0.003433397651408278 0.1378010165060883 0.00369008298155294 0.1701986541754238 -0.0002566853301446617 -0.03239763766933546
8.206 0.003409429170521414 0.1377977743285745 0.00366598940295817 0.1701875169035902 -0.0002565602324367564 -0.03238974257501574
8.208 0.003383058746691132 0.1377925449887141 0.003639493972846888 0.1701743963161979 -0.0002564352261557566 -0.03238185132748384
8.21 0.003354520451242359 0.1377851729690304 0.003610830762454953 0.1701591368929596 -0.000256310311212594 -0.03237396392392919
8.212 0.003324057015676409 0.1377755343827003 0.003580242503194719 0.1701416147442442 -0.0002561854875183093 -0.03236608036154394
8.214 0.003291915099327579 0.1377635366012111 0.003547975854311629 0.1701217372387341 -0.0002560607549840507 -0.03235820063752295
8.216 0.003258340912668274 0.1377491171471265 0.003514277026189349 0.1700994418961903 -0.0002559361135210749 -0.03235032474906386
8.218 0.003223576303268811 0.1377322419736781 0.003479387866309557 0.1700746946670451 -0.0002558115630407464 -0.03234245269336698
8.22 0.00318785537671523 0.137712903263452 0.003443542480169767 0.1700474877310874 -0.0002556871034545377 -0.0323345844676354
8.222 0.003151401691351011 0.1376911168801939 0.003406964426025041 0.1700178369492688 -0.0002555627346740292 -0.03232672006907489
8.224 0.003114426035762391 0.1376669196018809 0.003369864492373299 0.1699857790967749 -0.0002554384566109079 -0.03231885949489395
8.226 0.003077124772659066 0.1376403662516597 0.003332439041836035 0.1699513689939635 -0.0002553142691769689 -0.03231100274230379
8.228 0.003039678712946667 0.1376115268278493 0.003294868885230782 0.1699146766363677 -0.0002551901722841145 -0.03230314980851836
8.23 0.00300225246954647 0.1375804837166174 0.003257318635390823 0.1698757844073716 -0.0002550661658443533 -0.03229530069075427
8.232 0.002964994231496123 0.1375473290527917 0.003219936481265924 0.1698347844390225 -0.0002549422497698016 -0.03228745538623087
8.234 0.002928035894430896 0.1375121622767137 0.003182854318403578 0.1697917761688839 -0.0002548184239726818 -0.03227961389217018
8.236 0.002891493483077536 0.1374750879189017 0.003146188171442859 0.1697468641246987 -0.0002546946883653233 -0.03227177620579696
8.238 0.002855467803743087 0.1374362136302524 0.003110038846603248 0.169700155954591 -0.0002545710428601615 -0.03226394232433862
8.24 0.002820045269434661 0.1373956484637063 0.003074492756804399 0.1696517607087316 -0.0002544474873697384 -0.0322561122450253
8.242 0.0027852988461797 0.1373535014039109 0.003039622867986402 0.1696017873690007 -0.0002543240218067018 -0.03224828596508979
8.244 0.002751289075851708 0.1373098801342713 0.003005489721935514 0.1695503436160389 -0.0002542006460838056 -0.0322404634817676
8.246 0.002718065137749864 0.1372648900256951 0.002972142497863774 0.169497534817992 -0.0002540773601139095 -0.03223264479229688
8.248 0.002685665917947713 0.1372186333280251 0.002939620081757691 0.1694434632219436 -0.0002539541638099786 -0.03222482989391851
8.25 0.002654121061800037 0.1371712085433329 0.002907952118885121 0.1693882273272089 -0.0002538310570850837 -0.032217018783876
8.252 0.002623451990707896 0.1371227099595984 0.002877160030560296 0.169331921419014 -0.0002537080398524007 -0.03220921145941555
8.254 0.002593672869297029 0.1370732273235604 0.00284725798132224 0.1692746352413464 -0.0002535851120252111 -0.03220140791778603
8.256 0.002564791513450415 0.1370228456324361 0.002818253786967316 0.169216453788675 -0.0002534622735169008 -0.03219360815623896
8.258 0.002536810233223783 0.136971645025575 0.002790149757464744 0.1691574571976036 -0.0002533395242409611 -0.03218581217202857
8.26 0.002509726607594336 0.136919700758749 0.002762943471705324 0.1690977207211606 -0.0002532168641109877 -0.03217801996241167
8.262 0.002483534190285422 0.1368670832455555 0.002736628483326103 0.1690373147702032 -0.0002530942930406808 -0.03217023152464777
8.264 0.002458223147694741 0.1368138581522364 0.002711194958638587 0.1689763050082355 -0.0002529718109438455 -0.03216244685599906
8.266 0.002433780831256151 0.1367600865339777 0.002686630248990541 0.168914752487708 -0.0002528494177343903 -0.03215466595373032
8.268 0.002410192287503848 0.1367058250024459 0.002662919400830177 0.1688527138175549 -0.0002527271133263287 -0.03214688881510901
8.27 0.002387440709728798 0.1366511259158788 0.002640045607362575 0.168790241353284 -0.0002526048976337777 -0.03213911543740524
8.272 0.002365507835473751 0.1365960375844541 0.002617990606044709 0.1687273834023459 -0.0002524827705709577 -0.03213134581789173
8.274 0.002344374294303786 0.1365406044849363 0.00259673502635598 0.1686641844387802 -0.0002523607320521939 -0.03212357995384387
8.276 0.002324019910272627 0.1364848674796985 0.002576258692264541 0.1686006853222382 -0.0002522387819919135 -0.03211581784253964
8.278 0.002304423963456456 0.1364288640362014 0.002556540883761105 0.1685369235174611 -0.0002521169203046484 -0.03210805948125969
8.28 0.002285565414708709 0.1363726284438197 0.002537560561613742 0.168472933311107 -0.000251995146905033 -0.03210030486728729
8.282 0.002267423097592933 0.136316192025633 0.002519296559300738 0.1684087460235413 -0.0002518734617078048 -0.03209255399790829
8.284 0.002249975881177278 0.1362595833433805 0.002501727745805082 0.1683443902137917 -0.0002517518646278042 -0.03208480687041124
8.286 0.002233202807087388 0.1362028283942699 0.002484833162667363 0.1682798918763572 -0.0002516303555799747 -0.03207706348208723
8.288 0.002217083203936229 0.1361459507987459 0.002468592138415591 0.1682152746289759 -0.0002515089344793618 -0.03206932383023001
8.29 0.002201596781968166 0.1360889719786551 0.00245298438320928 0.1681505598907911 -0.0002513876012411141 -0.03206158791213593
8.292 0.002186723710462723 0.1360319113254957 0.002437990066243205 0.1680857670505996 -0.0002512663557804818 -0.03205385572510393
8.294 0.002172444680206656 0.1359747863586815 0.002423589878219474 0.1680209136251171 -0.0002511451980128179 -0.03204612726643558
8.296 0.002158740953072104 0.1359176128738804 0.002409765080925681 0.1679560154073155 -0.0002510241278535773 -0.03203840253343504
8.298 0.00214559440053176 0.135860405081645 0.002396497545750076 0.1678910866050541 -0.0002509031452183163 -0.03203068152340905
8.3 0.002132987532718929 0.1358031757366315 0.002383769782741622 0.1678261399702985 -0.0002507822500226933 -0.03202296423366699
8.302 0.002120903519460014 0.1357459362577787 0.002371564961642482 0.1677611869192995 -0.0002506614421824683 -0.0320152506615208
8.304 0.002109326204527979 0.1356886968398645 0.002359866926141481 0.1676962376441495 -0.0002505407216135026 -0.032007540804285
8.306 0.002098240114210821 0.1356314665568909 0.002348660202442579 0.1676313012161676 -0.0002504200882317587 -0.03199983465927673
8.308 0.002087630461155547 0.1355742534577635 0.002337930003108847 0.1675663856815791 -0.0002502995419533002 -0.03199213222381567
8.31 0.002077483144317318 0.1355170646547374 0.00232766222701161 0.1675014981499615 -0.0002501790826942921 -0.03198443349522411
8.312 0.002067784745740907 0.1354599064051084 0.002317843456111907 0.1674366448759353 -0.0002500587103709998 -0.03197673847082692
8.314 0.002058522524799216 0.1354027841866077 0.002308460949699005 0.1673718313345593 -0.0002499384248997895 -0.03196904714795153
8.316 0.002049684410428325 0.135345702766953 0.002299502636625453 0.167307062290881 -0.0002498182261971279 -0.03196135952392794
8.318 0.00204125899182839 0.1352886662679958 0.002290957106007973 0.1672423418640845 -0.0002496981141795824 -0.0319536755960887
8.32 0.002033235508027273 0.1352316782248777 0.002282813596791093 0.1671776735866466 -0.0002495780887638201 -0.03194599536176897
8.322 0.00202560383665443 0.1351747416406038 0.002275061986521039 0.1671130604589103 -0.0002494581498666089 -0.03193831881830644
8.324 0.002018354482211173 0.1351178590363998 0.002267692779615989 0.1670485049994412 -0.000249338297404816 -0.03193064596304135
8.326 0.002011478564093768 0.1350610324982243 0.002260697095389176 0.1669840092915409 -0.0002492185312954088 -0.03192297679331652
8.328 0.002004967804575106 0.1350042637197652 0.00225406665603056 0.1669195750262425 -0.0002490988514554544 -0.0319153113064773
8.33 0.001998814516926844 0.1349475540422422 0.002247793774728964 0.1668552035421138 -0.0002489792578021193 -0.03190764949987159
8.332 0.001993011593833392 0.1348909044913241 0.002241871344086061 0.1667908958621739 -0.0002488597502526693 -0.03189999137084986
8.334 0.001987552496221642 0.1348343158114304 0.002236292824946111 0.1667266527281955 -0.00024874032872447 -0.03189233691676511
8.336 0.00198243124261367 0.1347777884976929 0.002231052235748655 0.1666624746326657 -0.0002486209931349851 -0.03188468613497286
8.338 0.001977642399090787 0.1347213228258324 0.002226144142492565 0.1665983618486636 -0.0002485017434017783 -0.03187703902283118
8.34 0.001973181069938616 0.134664918880174 0.002221563649381127 0.1665343144578747 -0.0002483825794425114 -0.03186939557770069
8.342 0.001969042889035235 0.1346085765800437 0.002217306390210181 0.1664703323769882 -0.0002482635011749452 -0.03186175579694451
8.344 0.001965224012027308 0.1345522957047451 0.002213368520544247 0.1664064153826734 -0.0002481445085169392 -0.03185411967792832
8.346 0.001961721109333147 0.1344960759173282 0.002209746710719598 0.1663425631353485 -0.0002480256013864509 -0.0318464872180203
8.348 0.001958531360002143 0.1344399167873415 0.002206438139703679 0.1662787752019326 -0.0002479067797015362 -0.03183885841459115
8.35 0.001955652446451749 0.1343838178127581 0.002203440489832098 0.1662150510777722 -0.0002477880433803494 -0.03183123326501411
8.352 0.001953082550097216 0.1343277784412543 0.002200751942438358 0.1661513902079192 -0.0002476693923411422 -0.03182361176666491
8.354 0.001950820347883623 0.1342717980910171 0.002198371174385888 0.1660877920079389 -0.0002475508265022646 -0.03181599391692182
8.356 0.001948865009723428 0.1342158761712565 0.002196297355505592 0.166024255884422 -0.0002474323457821641 -0.03180837971316559
8.358 0.001947216196838627 0.1341600121025886 0.002194530146938013 0.1659607812553681 -0.0002473139500993859 -0.0318007691527795
8.36 0.001945874061000652 0.1341042053374659 0.002193069700373224 0.1658973675706152 -0.0002471956393725725 -0.03179316223314932
8.362 0.001944839244655805 0.1340484553808197 0.002191916658176268 0.165834014332483 -0.0002470774135204635 -0.03178555895166332
8.364 0.001944112881920602 0.1339927618110842 0.002191072154382498 0.1657707211167965 -0.000246959272461896 -0.03177795930571228
8.366 0.001943696600422215 0.1339371243017837 0.002190537816538019 0.1657074875944731 -0.0002468412161158038 -0.03177036329268946
8.368 0.001943592523957011 0.13388154264385 0.002190315768358229 0.1656443135538407 -0.0002467232444012177 -0.03176277090999061
8.37 0.001943803275928755 0.1338260167688674 0.00219040863316602 0.1655811989238814 -0.0002466053572372652 -0.03175518215501399
8.372 0.001944331983524359 0.1337705467734163 0.002190819538067529 0.1655181437985767 -0.0002464875545431702 -0.03174759702516032
8.374 0.001945182282571279 0.1337151329447302 0.002191552118809532 0.165455148462563 -0.0002463698362382533 -0.03174001551783282
8.376 0.00194635832301378 0.1336597757878575 0.002192610525255712 0.1653922134182947 -0.0002462522022419313 -0.03173243763043718
8.378 0.001947864774931496 0.1336044760545492 0.002193999427405214 0.1653293394149308 -0.0002461346524737171 -0.03172486336038156
8.38 0.001949706835006701 0.1335492347741018 0.002195724021859921 0.1652665274791784 -0.0002460171868532195 -0.03171729270507662
8.382 0.001951890233335467 0.1334940532863845 0.002197790038635611 0.16520377894832 -0.0002458998053001437 -0.03170972566193546
8.384 0.00195442124045338 0.1334389332773089 0.00220020374818767 0.1651410955056826 -0.0002457825077342901 -0.03170216222837366
8.386 0.001957306674424393 0.1333838768170061 0.002202971968499948 0.1650784792188154 -0.0002456652940755549 -0.03169460240180928
8.388 0.001960553907821011 0.1333288864009823 0.002206102072064941 0.1650159325806451 -0.0002455481642439297 -0.03168704617966281
8.39 0.001964170874383116 0.13327396499456 0.002209601992542617 0.1649534585539173 -0.0002454311181595017 -0.03167949355935722
8.392 0.001968166075119882 0.1332191160809033 0.002213480230862335 0.1648910606192213 -0.0002453141557424532 -0.03167194453831795
8.394 0.00197254858356878 0.1331643437129569 0.002217745860481841 0.1648287428269297 -0.0002451972769130612 -0.03166439911397285
8.396 0.001977328049887477 0.1331096525696375 0.002222408531479175 0.1647665098533898 -0.0002450804815916981 -0.03165685728375227
8.398 0.001982514703395056 0.1330550480166309 0.002227478473093887 0.1647043670617198 -0.000244963769698831 -0.03164931904508896
8.4 0.001988119353123256 0.13300053617216 0.002232966494278277 0.1646423205675782 -0.0002448471411550213 -0.03164178439541814
8.402 0.001994153385870014 0.1329461239780931 0.002238883981750939 0.1645803773102706 -0.0002447305958809256 -0.03163425333217749
8.404 0.002000628761165115 0.1328918192767743 0.002245242894962409 0.1645185451295813 -0.0002446141337972941 -0.03162672585280708
8.406 0.002007558002476308 0.1328376308939542 0.00225205575730128 0.1644568328487037 -0.0002444977548249719 -0.03161920195474945
8.408 0.002014954183877746 0.1327835687281928 0.002259335642762644 0.1643952503636424 -0.0002443814588848981 -0.03161168163544958
8.41 0.002022830911297258 0.1327296438470894 0.002267096157195363 0.1643338087394443 -0.0002442652458981051 -0.03160416489235483
8.412 0.002031202297334658 0.1326758685906714 0.002275351413120379 0.1642725203135865 -0.0002441491157857202 -0.03159665172291505
8.414 0.002040082928498219 0.1326222566822289 0.002284115996967183 0.1642113988068113 -0.0002440330684689639 -0.03158914212458249
8.416 0.002049487823566074 0.1325688233468257 0.002293404927435224 0.1641504594416375 -0.0002439171038691499 -0.03158163609481179
8.418 0.002059432381595435 0.1325155854376505 0.002303233603503121 0.1640897190687105 -0.0002438012219076864 -0.03157413363106005
8.42 0.002069932317943666 0.1324625615702353 0.00231361774044974 0.164029196301022 -0.0002436854225060737 -0.03156663473078677
8.422 0.002081003586442656 0.1324097722644759 0.002324573292028562 0.1639689116559297 -0.0002435697055859061 -0.03155913939145386
8.424 0.002092662285684689 0.132357240094177 0.00233611635675356 0.1639088877047026 -0.0002434540710688707 -0.03155164761052565
8.426 0.002104924547144685 0.1323049898436477 0.002348263066021432 0.1638491492291165 -0.0002433385188767476 -0.03154415938546885
8.428 0.002117806402636111 0.1322530486706051 0.002361029451567521 0.1637897233843577 -0.0002432230489314095 -0.0315366747137526
8.43 0.002131323628388852 0.1322014462742953 0.002374431289543674 0.1637306398671438 -0.000243107661154822 -0.03152919359284845
8.432 0.002145491562798164 0.1321502150673591 0.002388483918267207 0.1636719310875895 -0.000242992355469043 -0.03152171602023032
8.434 0.002160324894693423 0.1320993903494833 0.002403202026489646 0.1636136323428578 -0.000242877131796223 -0.03151424199337453
8.436 0.002175837418816958 0.1320490104802959 0.002418599408875563 0.1635557819900557 -0.0002427619900586045 -0.03150677150975981
8.438 0.002192041755040054 0.1319991170483177 0.002434688685218577 0.163498421615185 -0.0002426469301785223 -0.03149930456686726
8.44 0.002208949027818778 0.1319497550319736 0.002451480979897181 0.163441596194154 -0.0002425319520784034 -0.03149184116218038
8.442 0.002226568502385928 0.1319009729477959 0.002468985558066694 0.163385354240981 -0.0002424170556807663 -0.03148438129318507
8.444 0.002244907174356977 0.1318528229799216 0.002487209415265198 0.1633297479372912 -0.0002423022409082213 -0.03147692495736955
8.446 0.002263969309719007 0.1318053610838582 0.002506156817402477 0.1632748332360827 -0.0002421875076834706 -0.0314694721522245
8.448 0.002283755932707748 0.1317586470562416 0.002525828788637055 0.1632206699314845 -0.0002420728559293074 -0.03146202287524291
8.45 0.002304264259851202 0.1317127445609666 0.002546222545419819 0.1631673216848868 -0.0002419582855686168 -0.03145457712392018
8.452 0.002325487079531109 0.1316677211006595 0.002567330876055483 0.1631148559964136 -0.0002418437965243747 -0.03144713489575408
8.454 0.002347412077887297 0.1316236479210327 0.002589141466606945 0.1630633441092774 -0.0002417293887196482 -0.0314396961882447
8.456 0.002370021113756708 0.1315805998342557 0.002611636175834304 0.1630128608331503 -0.0002416150620775955 -0.03143226099889457
8.458 0.002393289447719771 0.1315386549462107 0.002634790264241236 0.1629634842714192 -0.0002415008165214653 -0.03142482932520851
8.46 0.002417184933246809 0.1314978942714598 0.002658571585221406 0.1629152954361535 -0.0002413866519745974 -0.03141740116469375
8.462 0.002441667181390351 0.1314584012190888 0.002682939749750773 0.1628683777339487 -0.000241272568360422 -0.03140997651485986
8.464 0.002466686714561044 0.1314202609324705 0.002707845280163503 0.1628228163056892 -0.0002411585656024595 -0.03140255537321873
8.466 0.002492184129490692 0.1313835594666205 0.002733228773115013 0.1627786972039052 -0.0002410446436243212 -0.03139513773728466
8.468 0.00251808929461466 0.1313483827884001 0.002759020096964368 0.1627361063929743 -0.0002409308023497079 -0.03138772360457426
8.47 0.002544320612437612 0.1313148155876189 0.002785137654140023 0.1626951285602253 -0.0002408170417024109 -0.03138031297260648
8.472 0.002570784382990364 0.1312829398913199 0.002811487744596676 0.1626558457302226 -0.0002407033616063116 -0.03137290583890263
8.474 0.002597374309711646 0.1312528334794115 0.002837964071697027 0.1626183356803979 -0.0002405897619853804 -0.03136550220098636
8.476 0.00262397119368573 0.1312245681074913 0.002864447436449409 0.162582670163875 -0.0002404762427636783 -0.03135810205638365
8.478 0.002650442865637677 0.1311982075522899 0.002890805669503032 0.1625489129549128 -0.0002403628038653555 -0.03135070540262282
8.48 0.002676644406690339 0.1311738055065081 0.00291689385190499 0.1625171177437426 -0.0002402494452146512 -0.0313433122372345
8.482 0.002702418708092163 0.1311514033627487 0.002942554874828058 0.1624873259205004 -0.0002401361667358947 -0.03133592255775167
8.484 0.002727597416220647 0.1311310279402632 0.002967620384574151 0.1624595643019728 -0.0002400229683535038 -0.03132853636170963
8.486 0.002752002301434053 0.1311126892225521 0.002991912151426039 0.1624338428691981 -0.0002399098499919857 -0.031321153646646
8.488 0.002775447077528883 0.1310963781876246 0.003015243889104819 0.1624101525977254 -0.0002397968115759364 -0.03131377441010074
8.49 0.002797739682239847 0.1310820648245583 0.003037423535269888 0.1623884634741743 -0.0002396838530300407 -0.03130639864961609
8.492 0.002818685008714866 0.1310696964386168 0.003058255982993938 0.1623687228013534 -0.000239570974279072 -0.03129902636273662
8.494 0.002838088053741156 0.1310591963510603 0.003077546228989048 0.1623508538980695 -0.0002394581752478926 -0.03129165754700923
8.496 0.002855757421853955 0.1310504630975428 0.003095102877715407 0.1623347552975259 -0.0002393454558614527 -0.0312842921999831
8.498 0.002871509096993041 0.1310433702195696 0.003110741913037832 0.1623203005387794 -0.0002392328160447912 -0.03127693031920977
8.5 0.002885170367144573 0.1310377667261816 0.003124290622867608 0.1623073386284246 -0.0002391202557230347 -0.031269571902243
8.502 0.002896583764928817 0.1310334782780394 0.003135591539750215 0.1622956952246783 -0.0002390077748213985 -0.03126221694663892
8.504 0.002905610870735393 0.1310303091140725 0.003144506244000578 0.1622851745640285 -0.0002388953732651854 -0.03125486544995594
8.506 0.002912135817144417 0.1310280447037679 0.003150918868124202 0.1622755621135227 -0.0002387830509797858 -0.03124751740975474
8.508 0.002916068335631515 0.1310264550683556 0.003154739143522193 0.162266627891954 -0.0002386708078906784 -0.03124017282359834
8.51 0.002917346199848497 0.1310252986747575 0.003155904843771926 0.1622581303638095 -0.0002385586439234289 -0.031232831689052
8.512 0.002915936943929403 0.1310243267706767 0.003154383502933094 0.16224982077436 -0.0002384465590036907 -0.0312254940036833
8.514 0.002911838767935845 0.1310232880007411 0.003150173320993049 0.1622414477658032 -0.0002383345530572043 -0.03121815976506211
8.516 0.002905080583357907 0.1310219331250809 0.003143303209367704 0.1622327620958414 -0.0002382226260097976 -0.03121082897076055
8.518 0.002895721196282543 0.1310200196548709 0.003133831974069929 0.162223521273224 -0.0002381107777873853 -0.03120350161835305
8.52 0.002883847670735981 0.1310173162249019 0.003121846679051951 0.1622134939303182 -0.0002379990083159696 -0.03119617770541631
8.522 0.002869572956077776 0.1310136065406765 0.003107460273599415 0.1622024637702058 -0.0002378873175216386 -0.03118885722952929
8.524 0.002853032896881413 0.1310086927649799 0.003090808602211981 0.1621902329532531 -0.0002377757053305679 -0.03118154018827323
8.526 0.002834382768951779 0.1310023982438777 0.003072046940620798 0.1621766248231093 -0.0002376641716690191 -0.03117422657923165
8.528 0.002813793499620007 0.1309945695111325 0.003051346216083348 0.1621614859111228 -0.0002375527164633408 -0.03116691639999031
8.53 0.002791447733838929 0.1309850775500202 0.003028889073478896 0.1621446871981575 -0.0002374413396399675 -0.03115960964813727
8.532 0.002767535900723864 0.1309738183290337 0.003004865941849284 0.1621261246502965 -0.00023733004112542 -0.03115230632126282
8.534 0.002742252419654452 0.1309607126605465 0.002979471240500756 0.1621057190775061 -0.0002372188208463052 -0.03114500641695951
8.536 0.002715792163049903 0.1309457054573758 0.002952899841779219 0.162083415390198 -0.000237107678729316 -0.03113770993282218
8.538 0.002688347267027241 0.1309287644802468 0.002925343881728472 0.1620591813466947 -0.0002369966147012312 -0.03113041686644787
8.54 0.002660104353697285 0.1309098786794136 0.002896989982386201 0.1620330058948495 -0.0002368856286889151 -0.03112312721543592
8.542 0.002631242202005136 0.1308890562366669 0.002868016922624454 0.1620048972140547 -0.0002367747206193178 -0.03111584097738788
8.544 0.002601929879601395 0.1308663224106136 0.00283859377002087 0.1619748805605211 -0.0002366638904194747 -0.03110855814990757
8.546 0.00257232532722817 0.1308417172799844 0.002808878465244677 0.1619429960105855 -0.0002365531380165068 -0.03110127873060103
8.548 0.002542574370411996 0.1308152934680973 0.002779016833749617 0.1619092961851738 -0.0002364424633376202 -0.03109400271707657
8.55 0.002512810120888335 0.130787113918042 0.002749141987198441 0.1618738440249868 -0.000236331866310106 -0.03108673010694472
8.552 0.00248315272211212 0.1307572497737876 0.002719374068973461 0.1618367106716058 -0.0002362213468613407 -0.03107946089781823
8.554 0.002453709388886918 0.1307257784083527 0.002689820293805704 0.1617979734956648 -0.000236110904918785 -0.03107219508731211
8.556 0.002424574690042897 0.1306927816271157 0.002660575230452883 0.1617577143001593 -0.0002360005404099852 -0.03106493267304358
8.558 0.00239583102453307 0.1306583440627865 0.002631721277795641 0.1617160177154186 -0.0002358902532625714 -0.03105767365263209
8.56 0.002367549244558264 0.1306225517688141 0.002603329287962523 0.1616729697925134 -0.0002357800434042589 -0.03105041802369932
8.562 0.00233978938387301 0.130585491010111 0.002575459294635857 0.1616286567939802 -0.0002356699107628471 -0.03104316578386918
8.564 0.002312601454609357 0.1305472472439161 0.002548161309875577 0.1615831641746839 -0.0002355598552662197 -0.03103591693076777
8.566 0.002286026281439717 0.1305079042792195 0.002521476158282061 0.1615365757412429 -0.0002354498768423445 -0.03102867146202343
8.568 0.002260096347332785 0.1304675436002383 0.002495436322752059 0.161488972975505 -0.0002353399754192737 -0.03102142937526672
8.57 0.002234836630247471 0.1304262438377328 0.002470066781172614 0.1614404345058632 -0.0002352301509251429 -0.03101419066813038
8.572 0.002210265414802486 0.1303840803712322 0.002445385818090658 0.1613910357094816 -0.0002351204032881721 -0.03100695533824939
8.574 0.002186395067033625 0.1303411250452944 0.002421405799470289 0.1613408484285553 -0.0002350107324366643 -0.03099972338326092
8.576 0.002163232763944114 0.1302974459835354 0.002398133902243121 0.1612899407843397 -0.0002349011382990068 -0.03099249480080434
8.578 0.00214078117247439 0.1302531074851713 0.00237557279327806 0.1612383770736926 -0.0002347916208036701 -0.03098526958852126
8.58 0.00211903907497007 0.1302081699900716 0.002353721254849277 0.161186217734127 -0.0002346821798792076 -0.03097804774405541
8.582 0.002098001940164717 0.1301626900997088 0.002332574755618974 0.1611335193647616 -0.0002345728154542566 -0.03097082926505278
8.584 0.002077662440163942 0.1301167206428206 0.002312125967621479 0.1610803347919821 -0.0002344635274575374 -0.03096361414916156
8.586 0.002058010915066931 0.1300703107760222 0.002292365230884784 0.1610267131700542 -0.0002343543158178528 -0.03095640239403206
8.588 0.002039035787658516 0.1300235061109576 0.002273280968122605 0.1609727001082744 -0.0002342451804640891 -0.03094919399731688
8.59 0.002020723931130399 0.1299763488608258 0.002254860052455614 0.1609183378174965 -0.0002341361213252149 -0.03094198895667071
8.592 0.002003060993161121 0.1299288780002879 0.002237088131491403 0.1608636652700383 -0.0002340271383302817 -0.03093478726975047
8.594 0.001986031679810772 0.1298811294337618 0.002219949911219196 0.1608087183679771 -0.0002339182314084236 -0.03092758893421526
8.596 0.001969620002761813 0.1298331361680413 0.00220342940325067 0.1607535301157677 -0.0002338094004888568 -0.03092039394772635
8.598 0.001953809493357738 0.1297849284859566 0.002187510138858618 0.1606981307939038 -0.0002337006455008801 -0.03091320230794719
8.6 0.001938583386784734 0.1297365341184777 0.002172175353158608 0.1606425481310211 -0.0002335919663738746 -0.0309060140125434
8.602 0.001923924779558076 0.1296879784132435 0.002157408142595379 0.1605868074724262 -0.0002334833630373028 -0.03089882905918276
8.604 0.001909816763273883 0.1296392844979878 0.002143191598694593 0.160530931943523 -0.0002333748354207102 -0.03089164744553524
8.606 0.001896242537377879 0.1295904734377419 0.002129508920831602 0.1604749426070149 -0.0002332663834537232 -0.03088446916927295
8.608 0.001883185503459853 0.1295415643850324 0.002116343510525904 0.1604188586131026 -0.0002331580070660505 -0.03087729422807019
8.61 0.001870629343375121 0.1294925747225679 0.002103679049562603 0.1603626973421713 -0.0002330497061874822 -0.0308701226196034
8.612 0.001858558083259564 0.1294435201981303 0.002091499564007454 0.1603064745396815 -0.0002329414807478899 -0.0308629543415512
8.614 0.001846956145299869 0.1293944150515609 0.002079789475977096 0.1602502044431552 -0.0002328333306772267 -0.03085578939159432
8.616 0.001835808388931152 0.1293452721338796 0.002068533644836679 0.1601938999012953 -0.0002327252559055269 -0.0308486277674157
8.618 0.001825100142935389 0.1292961030186702 0.002057717399298295 0.1601375724853706 -0.0002326172563629061 -0.03084146946670039
8.62 0.001814817229764513 0.1292469181059629 0.002047326561744073 0.1600812325930985 -0.0002325093319795609 -0.0308343144871356
8.622 0.001804945983235228 0.1291977267188815 0.002037347465920996 0.1600248895452921 -0.0002324014826857683 -0.03082716282641068
8.624 0.001795473260626757 0.1291485371933916 0.002027766969038644 0.1599685516756088 -0.0002322937084118872 -0.03082001448221715
8.626 0.001786386450067781 0.1290993569614901 0.002018572459156138 0.1599122264137387 -0.0002321860090883564 -0.03081286945224864
8.628 0.001777673473994512 0.1290501926282037 0.002009751858640208 0.1598559203624046 -0.0002320783846456954 -0.03080572773420092
8.63 0.001769322789365003 0.1290010500427757 0.002001293624379508 0.1597996393685476 -0.0002319708350145045 -0.03079858932577191
8.632 0.001761323385214191 0.128951934364406 0.001993186745339656 0.1597433885890676 -0.0002318633601254643 -0.03079145422466165
8.634 0.001753664778065097 0.1289028501229164 0.001985420737974432 0.1596871725514887 -0.0002317559599093353 -0.03078432242857232
8.636 0.001746337005640007 0.1288538012747041 0.001977985639936966 0.1596309952099123 -0.0002316486342969586 -0.03077719393520823
8.638 0.001739330619246561 0.1288047912543213 0.001970872002465816 0.1595748599965971 -0.0002315413832192551 -0.03077006874227579
8.64 0.001732636675173346 0.1287558230220237 0.001964070881780572 0.1595187698695073 -0.0002314342066072259 -0.03076294684748357
8.642 0.001726246725368132 0.1287068991075992 0.001957573829760083 0.1594627273561414 -0.0002313271043919516 -0.03075582824854224
8.644 0.001720152807642995 0.128658021650781 0.001951372884147587 0.1594067345939456 -0.0002312200765045925 -0.03074871294316459
8.646 0.001714347435606163 0.1286091924385313 0.001945460558482552 0.1593507933675968 -0.000231113122876389 -0.03074160092906552
8.648 0.001708823588495887 0.1285604129394653 0.001939829831934547 0.1592949051434273 -0.0002310062434386604 -0.03073449220396208
8.65 0.001703574701060417 0.1285116843356706 0.001934474139183223 0.159239071101244 -0.0002308994381228055 -0.03072738676557335
8.652 0.001698594653606108 0.1284630075521586 0.001929387360466411 0.1591832921637792 -0.0002307927068603029 -0.03072028461162062
8.654 0.001693877762318257 0.128414383284175 0.001924563811900967 0.1591275690240022 -0.0002306860495827095 -0.0307131857398272
8.656 0.001689418769937576 0.1283658120225803 0.001919998236159238 0.1590719021704989 -0.0002305794662216621 -0.03070609014791856
8.658 0.001685212836864811 0.1283172940775008 0.001915685793573686 0.1590162919111231 -0.0002304729567088758 -0.03069899783362225
8.66 0.001681255532750205 0.128268829600435 0.001911622053726349 0.1589607383951029 -0.0002303665209761448 -0.0306919087946679
8.662 0.001677542828614228 0.1282204186049934 0.001907802987569571 0.1589052416337807 -0.0002302601589553421 -0.03068482302878728
8.664 0.001674071089538285 0.128172060986441 0.001904224960116704 0.1588498015201552 -0.0002301538705784192 -0.03067774053371421
8.666 0.001670837067952749 0.1281237565401946 0.001900884723730155 0.1587944178473792 -0.000230047655777406 -0.03067066130718463
8.668 0.001667837897546743 0.1280755049794398 0.001897779412031154 0.1587390903263764 -0.0002299415144844112 -0.03066358534693656
8.67 0.001665071087813154 0.1280273059519943 0.001894906534444776 0.1586838186027044 -0.0002298354466316212 -0.03065651265071009
8.672 0.001662534519241352 0.1279791590565746 0.001892263971392653 0.158628602272822 -0.000229729452151301 -0.03064944321624742
8.674 0.001660226439162373 0.1279310638585876 0.001889849970138167 0.1585734408998804 -0.0002296235309757937 -0.03064237704129284
8.676 0.001658145458247237 0.1278830199055849 0.001887663141284757 0.1585183340291776 -0.0002295176830375201 -0.03063531412359268
8.678 0.001656290547656662 0.1278350267425083 0.001885702455925641 0.1584632812034037 -0.0002294119082689789 -0.03062825446089537
8.68 0.001654661036833044 0.1277870839268513 0.001883967243435791 0.1584082819778027 -0.0002293062066027468 -0.03062119805095142
8.682 0.001653256611925459 0.1277391910438598 0.001882457189896936 0.1583533359353732 -0.0002292005779714779 -0.0306141448915134
8.684 0.00165207731483035 0.1276913477219086 0.001881172337138253 0.1582984427022445 -0.0002290950223079039 -0.03060709498033596
8.686 0.001651123542829176 0.1276435536481661 0.00188011308237401 0.1582436019633419 -0.000228989539544834 -0.03060004831517581
8.688 0.001650396048797493 0.1275958085846902 0.001879280178412647 0.1581888134784819 -0.0002288841296151545 -0.03059300489379172
8.69 0.001649895941954879 0.1275481123850758 0.001878674734406709 0.1581340770990204 -0.0002287787924518293 -0.03058596471394455
8.692 0.001649624689120667 0.1275004650117978 0.001878298217108566 0.158079392785195 -0.0002286735279878989 -0.03057892777339718
8.694 0.001649584116430257 0.1274528665543813 0.001878152452586739 0.1580247606242959 -0.0002285683361564812 -0.03057189406991458
8.696 0.001649776411461964 0.1274053172485511 0.001878239628352735 0.1579701808498149 -0.0002284632168907709 -0.03056486360126376
8.698 0.001650204125713098 0.1273578174965087 0.001878562295837137 0.1579156538617224 -0.0002283581701240395 -0.03055783636521378
8.7 0.001650870177354248 0.1273103678884895 0.001879123373143883 0.1578611802480252 -0.0002282531957896351 -0.03055081235953577
8.702 0.001651777854178198 0.1272629692257731 0.00187992614799918 0.1578067608077759 -0.0002281482938209823 -0.03054379158200289
8.704 0.001652930816645376 0.1272156225453128 0.001880974280796958 0.1577523965757032 -0.0002280434641515823 -0.03053677403039035
8.706 0.001654333100911132 0.1271683291461698 0.001882271807626145 0.1576980888486452 -0.000227938706715013 -0.03052975970247543
8.708 0.001655989121701281 0.1271210906179398 0.001883823143146208 0.1576438392139772 -0.0002278340214449277 -0.03052274859603738
8.71 0.001657903674880653 0.1270739088713711 0.001885633083155709 0.1575896495802287 -0.0002277294082750566 -0.03051574070885759
8.712 0.001660081939533487 0.1270267861713825 0.001887706806672693 0.1575355222101019 -0.0002276248671392059 -0.03050873603871941
8.714 0.00166252947934584 0.1269797251726947 0.001890049877317097 0.1574814597561029 -0.0002275203979712573 -0.03050173458340824
8.716 0.001665252243045222 0.1269327289583065 0.00189266824375039 0.1574274652990181 -0.0002274160007051686 -0.03049473634071153
8.718 0.001668256563619558 0.1268858010810349 0.001895568238894532 0.1573735423894536 -0.0002273116752749735 -0.03048774130841875
8.72 0.001671549155986524 0.1268389456083657 0.001898756577601305 0.1573196950926871 -0.000227207421614781 -0.03048074948432139
8.722 0.001675137112743932 0.1267921671708466 0.001902240352402708 0.1572659280370596 -0.000227103239658776 -0.03047376086621299
8.724 0.001679027897570194 0.1267454710142585 0.001906027026911412 0.1572122464661476 -0.0002269991293412185 -0.03046677545188908
8.726 0.001683229335782377 0.1266988630558039 0.001910124426378821 0.1571586562949511 -0.000226895090596444 -0.03045979323914723
8.728 0.001687749601493029 0.1266523499445276 0.001914540724851892 0.1571051641703146 -0.0002267911233588631 -0.03045281422578703
8.73 0.001692597200725995 0.1266059391261723 0.001919284428288956 0.1570517775357824 -0.0002266872275629616 -0.03044583840961007
8.732 0.00169778094976111 0.126559638912654 0.001924364352904411 0.1569985047010739 -0.0002265834031433003 -0.03043886578841997
8.734 0.001703309947893151 0.1265134585562846 0.001929789597927666 0.156945354916307 -0.0002264796500345149 -0.03043189636002236
8.736 0.001709193543670435 0.1264674083288414 0.001935569511841751 0.1568923384510663 -0.0002263759681713159 -0.03042493012222485
8.738 0.001715441293579079 0.1264214996054928 0.001941713651067568 0.1568394666783299 -0.0002262723574884886 -0.03041796707283713
8.74 0.001722062912006826 0.1263757449535204 0.001948231729927718 0.1567867521631912 -0.0002261688179208926 -0.03041100720967078
8.742 0.001729068211194966 0.126330158225655 0.001955133560598428 0.1567342087561945 -0.0002260653494034622 -0.03040405053053949
8.744 0.001736467029748601 0.1262847546577091 0.001962428981619808 0.156681851690968 -0.0002259619518712064 -0.0303970970332589
8.746 0.00174426914813626 0.126239550970016 0.001970127773395468 0.1566296976856627 -0.0002258586252592079 -0.03039014671564666
8.748 0.001752484189473313 0.1261945654719724 0.001978239558975937 0.1565777650474948 -0.0002257553695026241 -0.03038319957552239
8.75 0.00176112150374093 0.1261498181687268 0.001986773688277616 0.1565260737794345 -0.000225652184536686 -0.03037625561070773
8.752 0.001770190033476829 0.1261053308687532 0.001995739103773528 0.1564746456877795 -0.000225549070296699 -0.0303693148190263
8.754 0.001779698158859267 0.1260611272906838 0.002005144185577309 0.1564235044889876 -0.0002254460267180423 -0.03036237719830373
8.756 0.001789653520038231 0.1260172331673481 0.002014996573774399 0.1563726759137157 -0.0002253430537361688 -0.0303554427463676
8.758 0.00180006281453466 0.1259736763444763 0.002025302965821265 0.1563221878055238 -0.0002252401512866051 -0.03034851146104749
8.76 0.001810931567552069 0.125930486870956 0.00203606888685702 0.156272070211131 -0.0002251373193049512 -0.03034158334017497
8.762 0.001822263873160256 0.1258876970768906 0.002047298430887138 0.1562223554584742 -0.0002250345577268811 -0.03033465838158357
8.764 0.001834062104515024 0.1258453416349986 0.002058993971003166 0.1561730782181074 -0.0002249318664881417 -0.03032773658310883
8.766 0.001846326591628175 0.1258034576001035 0.002071155837152728 0.1561242755426917 -0.0002248292455245534 -0.03032081794258823
8.768 0.001859055265707657 0.1257620844206284 0.002083781960479667 0.1560759868784896 -0.0002247266947720096 -0.03031390245786124
8.77 0.001872243269787563 0.1257212639151327 0.002096867483954041 0.156028254041902 -0.0002246242141664771 -0.03030699012676929
8.772 0.001885882536313805 0.1256810402060356 0.0021104043399578 0.1559811211531914 -0.0002245218036439953 -0.0303000809471558
8.774 0.001899961333548944 0.1256414596018192 0.002124380796689621 0.1559346345186853 -0.0002244194631406768 -0.03029317491686613
8.776 0.001914463784200318 0.1256025704182256 0.002138780976793025 0.1558888424519733 -0.0002243171925927068 -0.0302862720337476
8.778 0.001929369361498904 0.1255644227283573 0.002153584353435247 0.1558437950240068 -0.0002242149919363431 -0.03027937229564954
8.78 0.001944652370195677 0.1255270680312091 0.002168765231303594 0.1557995437316323 -0.0002241128611079165 -0.03027247570042318
8.782 0.001960281422491213 0.1254905588281635 0.002184292222535043 0.1557561410740852 -0.0002240108000438297 -0.03026558224592174
8.784 0.001976218921813534 0.125454948097432 0.002200127730494092 0.1557136400274324 -0.0002239088086805583 -0.03025869193000037
8.786 0.001992420570555881 0.1254202886575226 0.002216227457510531 0.1556720934080388 -0.0002238068869546499 -0.03025180475051622
8.788 0.002008834921233982 0.1253866324126623 0.002232539956036707 0.1556315531179907 -0.0002237050348027243 -0.03024492070532833
8.79 0.00202540299390581 0.1253540294758726 0.002249006246067283 0.1555920692681703 -0.0002236032521614736 -0.03023803979229773
8.792 0.002042057985942908 0.1253225271691966 0.002265559524910569 0.155553689178484 -0.0002235015389676614 -0.03023116200928738
8.794 0.002058725102965672 0.1252921689055203 0.002282124998123795 0.1555164562596824 -0.0002233998951581239 -0.03022428735416218
8.796 0.00207532154177948 0.1252629929625158 0.002298619862449249 0.1554804087873048 -0.0002232983206697686 -0.03021741582478899
8.798 0.002091756656939532 0.125235031166445 0.002314953472379107 0.1554455785854816 -0.0002231968154395748 -0.03021054741903659
8.8 0.002107932341824726 0.125208307511678 0.002331027721229319 0.1554119896464537 -0.0002230953794045933 -0.0302036821347757
8.802 0.002123743652329947 0.1251828367505252 0.002346737664831893 0.1553796567204042 -0.0002229940125019467 -0.030196819969879
8.804 0.002139079696164416 0.1251586229968548 0.002361972410833245 0.1553485839190758 -0.0002228927146688287 -0.03018996092222104
8.806 0.002153824802984475 0.1251356583953563 0.00237661628882698 0.1553187633850347 -0.0002227914858425045 -0.03018310498967838
8.808 0.002167859980091255 0.1251139219154055 0.002390550306051565 0.155290174085535 -0.0002226903259603104 -0.03017625217012944
8.81 0.002181064645352609 0.1250933783334469 0.002403653880312263 0.1552627807949015 -0.0002225892349596538 -0.03016940246145461
8.812 0.002193318613754104 0.1250739774696869 0.002415806826532117 0.1552365333312231 -0.0002224882127780133 -0.0301625558615362
8.814 0.002204504297340224 0.1250556537428846 0.002426891556693163 0.155211366111143 -0.0002223872593529381 -0.0301557123682584
8.816 0.002214509061308311 0.1250383261004697 0.002436795435930359 0.1551871980799771 -0.0002222863746220485 -0.03014887197950738
8.818 0.002223227663031231 0.1250218983697788 0.002445413221554267 0.15516393306295 -0.0002221855585230356 -0.03014203469317119
8.82 0.002230564687318671 0.1250062600600099 0.002452649498312331 0.1551414605671496 -0.0002220848109936606 -0.03013520050713979
8.822 0.00223643688180748 0.1249912876241258 0.002458421013779236 0.1551196570434309 -0.0002219841319717559 -0.03012836941930508
8.824 0.002240775292382782 0.1249768461666084 0.002462658813778006 0.1550983875941692 -0.0002218835213952238 -0.03012154142756084
8.826 0.002243527100916284 0.1249627915581712 0.002465310080118322 0.155077508087974 -0.0002217829792020373 -0.03011471652980278
8.828 0.002244657076901741 0.1249489728944231 0.002466339582231981 0.1550568676183516 -0.0002216825053302396 -0.03010789472392853
8.83 0.002244148570456489 0.124935235213967 0.002465730670174433 0.1550363112218046 -0.0002215820997179437 -0.03010107600783758
8.832 0.002242003995797595 0.124921422374633 0.002463485758100928 0.1550156827540644 -0.0002214817623033332 -0.03009426037943136
8.834 0.002238244780067811 0.1249073799760923 0.002459626273092472 0.1549948278127055 -0.0002213814930246613 -0.03008744783661319
8.836 0.002232910780242244 0.1248929582139811 0.002454192072062495 0.1549735965912693 -0.0002212812918202509 -0.03008063837728827
8.838 0.002226059198476221 0.1248780145552376 0.002447240357104716 0.1549518465546013 -0.0002211811586284954 -0.03007383199936373
8.84 0.002217763051367178 0.1248624161361835 0.002438844144755035 0.1549294448369321 -0.0002210810933878572 -0.03006702870074857
8.842 0.002208109269232763 0.1248460418026788 0.002429090365269631 0.1549062702820324 -0.0002209810960368681 -0.03006022847935366
8.844 0.002197196516172761 0.1248287837338816 0.002418077682686891 0.1548822150669734 -0.0002208811665141303 -0.03005343133309182
8.846 0.002185132829620336 0.1248105486155565 0.00240591413437865 0.1548571858754342 -0.0002207813047583146 -0.03004663725987771
8.848 0.002172033179194825 0.1247912583535152 0.002392714689902986 0.1548311046111431 -0.0002206815107081614 -0.03003984625762788
8.85 0.002158017039527683 0.1247708503406539 0.002378598823830163 0.1548039086649146 -0.0002205817843024803 -0.03003305832426078
8.852 0.002143206061417084 0.1247492773106797 0.002363688186897234 0.1547755507683764 -0.0002204821254801498 -0.03002627345769671
8.854 0.002127721911582188 0.1247265068269315 0.002348104445762306 0.1547459984827894 -0.0002203825341801179 -0.0300194916558579
8.856 0.002111684335006593 0.1247025204651621 0.002331967345347994 0.1547152333818305 -0.0002202830103414008 -0.03001271291666839
8.858 0.002095209476816902 0.1246773127548104 0.002315393030719986 0.1546832499928646 -0.0002201835539030843 -0.03000593723805416
8.86 0.002078408484206041 0.1246508899444732 0.002298492649010363 0.1546500545624162 -0.0002200841648043225 -0.02999916461794303
8.862 0.00206138639402456 0.1246232686547501 0.002281371237008899 0.1546156637090148 -0.000219984842984338 -0.02999239505426467
8.864 0.002044241299064634 0.1245944744761884 0.002264126887447057 0.1545801030211391 -0.0002198855883824224 -0.02998562854495066
8.866 0.00202706377610327 0.1245645405626384 0.002246850177041205 0.1545434056505728 -0.0002197864009379357 -0.02997886508793442
8.868 0.002009936551526944 0.124533506261796 0.00222962383211725 0.1545056109429473 -0.0002196872805903056 -0.02997210468115123
8.87 0.001992934375730115 0.124501415815814 0.002212522603009144 0.1544667631383523 -0.000219588227279029 -0.02996534732253826
8.872 0.0019761240751125 0.1244683171562166 0.00219561331605617 0.1544269101662511 -0.0002194892409436704 -0.02995859301003451
8.874 0.001959564750110547 0.1244342608093796 0.00217895507163441 0.1543861025509604 -0.0002193903215238624 -0.02995184174158085
8.876 0.001943308088742632 0.1243992989218515 0.002162599557701938 0.1543443924369715 -0.0002192914689593061 -0.02994509351512
8.878 0.001927398767333923 0.1243634844089169 0.002146591450523693 0.1543018327375135 -0.0002191926831897698 -0.02993834832859655
8.88 0.001911874912962075 0.1243268702250904 0.002130968877117165 0.1542584764050474 -0.00021909396415509 -0.02993160617995692
8.882 0.001896768605419186 0.1242895087516401 0.002115763917214357 0.1542143758187895 -0.0002189953117951711 -0.02992486706714938
8.884 0.001882106399901387 0.1242514512936581 0.002101003125951372 0.1541695822817822 -0.0002188967260499848 -0.02991813098812407
8.886 0.001867909854970876 0.1242127476775061 0.002086708061830447 0.1541241456183391 -0.0002187982068595704 -0.02991139794083296
8.888 0.001854196053453342 0.1241734459385095 0.002072895807617377 0.1540781138617394 -0.0002186997541640346 -0.02990466792322984
8.89 0.001840978106797129 0.1241335920884134 0.00205957947470068 0.1540315330216838 -0.0002186013679035518 -0.02989794093327039
8.892 0.001828265635894724 0.1240932299522036 0.002046768683913087 0.1539844469211157 -0.0002185030480183633 -0.02989121696891209
8.894 0.001816065223523936 0.1240524010643272 0.002034470017972714 0.1539368970924415 -0.0002184047944487776 -0.02988449602811427
8.896 0.00180438083534456 0.1240111446149933 0.002022687442479731 0.1538889227238314 -0.0002183066071351705 -0.0298777781088381
8.898 0.001793214207846266 0.1239694974380382 0.002011422693864251 0.1538405606470848 -0.0002182084860179847 -0.02987106320904657
8.9 0.001782565202794266 0.1239274940327043 0.002000675633831996 0.1537918453594088 -0.0002181104310377295 -0.0298643513267045
8.902 0.001772432128610281 0.123885166612573 0.001990444570745263 0.1537428090723515 -0.0002180124421349817 -0.02985764245977856
8.904 0.001762812029791647 0.123842545175773 0.001980726549042031 0.1536934817820102 -0.0002179145192503841 -0.02985093660623722
8.906 0.001753700945939205 0.1237996575914139 0.001971517608263851 0.1536438913554647 -0.0002178166623246465 -0.0298442337640508
8.908 0.001745094142282726 0.1237565296979703 0.001962813013581271 0.1535940636291617 -0.0002177188712985454 -0.02983753393119142
8.91 0.001736986313779853 0.1237131854100481 0.001954607459892776 0.1535440225156811 -0.0002176211461129232 -0.02983083710563302
8.912 0.001729371764952083 0.1236696468305888 0.001946895251660772 0.1534937901159402 -0.0002175234867086893 -0.02982414328535137
8.914 0.001722244567639415 0.1236259343661333 0.001939670460666234 0.1534433868344574 -0.000217425893026819 -0.02981745246832407
8.916 0.001715598698806143 0.1235820668432391 0.001932927063814497 0.1533928314957695 -0.0002173283650083538 -0.0298107646525305
8.918 0.001709428160452723 0.1235380616245849 0.001926659063047125 0.1533421414605368 -0.0002172309025944015 -0.02980407983595188
8.92 0.001703727083565241 0.1234939347236236 0.001920860589291376 0.1532913327401948 -0.0002171335057261356 -0.02979739801657123
8.922 0.0016984898179152 0.1234497009169782 0.001915525992259996 0.1532404201093516 -0.0002170361743447958 -0.02979071919237336
8.924 0.001693711009370344 0.1234053738540072 0.001910649917762032 0.1531894172153521 -0.0002169389083916876 -0.02978404336134492
8.926 0.001689385666238359 0.1233609661631845 0.001906227374046541 0.1531383366846588 -0.0002168417078081819 -0.02977737052147434
8.928 0.001685509216017298 0.1233164895551197 0.001902253788553014 0.1530871902258716 -0.0002167445725357159 -0.02977070067075187
8.93 0.001682077553782816 0.1232719549221739 0.001898725056298607 0.1530359887293434 -0.0002166475025157917 -0.02976403380716953
8.932 0.001679087083306592 0.1232273724347523 0.001895637580996569 0.1529847423634735 -0.0002165504976899773 -0.02975736992872119
8.934 0.001676534751869044 0.1231827516344504 0.00189298830986895 0.1529334606678529 -0.000216453557999906 -0.02975070903340245
8.936 0.00167441807960395 0.1231381015242937 0.001890774762991226 0.1528821526435045 -0.0002163566833872761 -0.02974405111921076
8.938 0.001672735184096688 0.1230934306563884 0.001888995057890539 0.1528308268405337 -0.0002162598737938517 -0.02973739618414532
8.94 0.00167148480084805 0.1230487472173309 0.001887647930009512 0.152779491443538 -0.0002161631291614615 -0.02973074422620716
8.942 0.001670666300109754 0.1230040591117753 0.001886732749541753 0.1527281543551743 -0.0002160664494319995 -0.02972409524339906
8.944 0.001670279700501843 0.1229593740445782 0.001886249535049267 0.1526768232783038 -0.0002159698345474245 -0.02971744923372561
8.946 0.001670325679727004 0.1229146996019695 0.001886198964176765 0.1526255057971627 -0.0002158732844497605 -0.02971080619519319
8.948 0.001670805582607142 0.1228700433322112 0.001886582381688237 0.1525742094580212 -0.0002157767990810958 -0.02970416612580993
8.95 0.001671721426581031 0.1228254128262198 0.001887401804964615 0.1525229418498055 -0.0002156803783835838 -0.02969752902358576
8.952 0.001673075904714492 0.1227808157986387 0.001888659927013934 0.1524717106851711 -0.0002155840222994422 -0.0296908948865324
8.954 0.001674872386191294 0.1227362601698534 0.001890360116962247 0.1524205238825167 -0.0002154877307709533 -0.02968426371266332
8.956 0.001677114914163419 0.1226917541494439 0.001892506417903883 0.1523693896494377 -0.0002153915037404641 -0.02967763549999379
8.958 0.001679808200752672 0.1226473063215684 0.001895103541903058 0.1523183165681092 -0.0002152953411503856 -0.02967101024654083
8.96 0.001682957618904782 0.1226029257327663 0.001898156861847975 0.1522673136830895 -0.0002151992429431931 -0.02966438795032323
8.962 0.001686569190696207 0.1225586219826642 0.001901672399757634 0.1522163905920258 -0.0002151032090614264 -0.02965776860936159
8.964 0.001690649571596835 0.1225144053180464 0.001905656811044524 0.1521655575397246 -0.0002150072394476889 -0.0296511522216782
8.966 0.001695206030076135 0.1224702867307424 0.001910117364120783 0.1521148255160396 -0.0002149113340446484 -0.02964453878529719
8.968 0.001700246421831321 0.1224262780597335 0.001915061914626358 0.1520642063579779 -0.0002148154927950364 -0.02963792829824441
8.97 0.001705779157777781 0.1223823920978635 0.00192049887341943 0.1520137128564109 -0.0002147197156416484 -0.02963132075854747
8.972 0.001711813164819089 0.1223386427034634 0.001926437167346433 0.1519633588676991 -0.0002146240025273434 -0.02962471616423577
8.974 0.001718357838257638 0.1222950449171386 0.001932886191652682 0.151913159430479 -0.0002145283533950442 -0.02961811451334041
8.976 0.001725422984550607 0.1222516150838779 0.001939855752738345 0.1518631308877722 -0.0002144327681877373 -0.02961151580389431
8.978 0.001733018752955793 0.1222083709805178 0.001947355999804266 0.1518132910144499 -0.0002143372468484725 -0.0296049200339321
8.98 0.001741155554426869 0.1221653319484564 0.001955397343747232 0.1517636591499466 -0.0002142417893203631 -0.02959832720149017
8.982 0.00174984396593348 0.1221225190313336 0.001963990361480065 0.1517142563359402 -0.0002141463955465857 -0.02959173730460665
8.984 0.001759094618202658 0.1220799551171591 0.001973145683673038 0.1516651054584806 -0.0002140510654703801 -0.02958515034132145
8.986 0.001768918064668368 0.1220376650841146 0.001982873863703417 0.1516162313937908 -0.0002139557990350492 -0.02957856630967619
8.988 0.001779324629251416 0.1219956759489128 0.001993185225435375 0.151567661156627 -0.0002138605961839592 -0.02957198520771424
8.99 0.00179032423040216 0.1219540170162191 0.002004089687262699 0.1515194240496998 -0.0002137654568605391 -0.02956540703348071
8.992 0.001801926178697567 0.1219127200271646 0.002015596559705847 0.151471551812187 -0.0002136703810082806 -0.02955883178502246
8.994 0.001814138945163765 0.1218718193044422 0.002027714313734504 0.1514240787648303 -0.0002135753685707389 -0.02955225946038808
8.996 0.001826969897437998 0.1218313518908424 0.002040450316929529 0.1513770419484703 -0.000213480419491531 -0.02954569005762789
8.998 0.001840425000895267 0.1217913576773506 0.002053810534609604 0.1513304812521446 -0.0002133855337143374 -0.02953912357479397
9 0.001854508481970357 0.1217518795161121 0.002067799193153257 0.1512844395260522 -0.0002132907111829005 -0.02953256000994007
9.002 0.001869222451154348 0.1217129633126392 0.002082418402995374 0.1512389626737609 -0.0002131959518410256 -0.02952599936112173
9.004 0.001884566483537298 0.1216746580906198 0.002097667739169879 0.1511940997170161 -0.0002131012556325803 -0.0295194416263962
9.006 0.001900537155385085 0.1216370160215881 0.002113543777886579 0.1511499028254105 -0.0002130066225014944 -0.02951288680382244
9.008 0.001917127536099253 0.1216000924105599 0.002130039588491013 0.1511064273020211 -0.0002129120523917601 -0.02950633489146115
9.01 0.00193432663605087 0.1215639456275571 0.002147144181298302 0.1510637315149319 -0.0002128175452474316 -0.02949978588737474
9.012 0.00195211881229893 0.1215286369737806 0.002164841913311555 0.1510218767634079 -0.0002127231010126252 -0.02949323978962735
9.014 0.001970483136086305 0.1214942304701355 0.002183111855717824 0.1509809270664203 -0.0002126287196315192 -0.02948669659628483
9.016 0.00198939272835415 0.1214607925549185 0.002201927129402504 0.1509409488603333 -0.0002125344010483539 -0.02948015630541475
9.018 0.002008814072316505 0.1214283916768898 0.002221254217523936 0.1509020105919762 -0.0002124401452074312 -0.02947361891508638
9.02 0.002028706315403045 0.1213970977697886 0.00224105226745616 0.1508641821931593 -0.0002123459520531151 -0.02946708442337074
9.022 0.002049020576634772 0.1213669815947765 0.002261272398164602 0.150827534423117 -0.0002122518215298308 -0.02946055282834051
9.024 0.002069699279596139 0.121338113938491 0.002281857033178204 0.1507921380665612 -0.0002121577535820653 -0.02945402412807012
9.026 0.002090675535618574 0.1213105646565548 0.002302739283772941 0.1507580629771904 -0.0002120637481543672 -0.02944749832063566
9.028 0.002111872606262825 0.1212844015557032 0.002323842411454172 0.1507253769598182 -0.0002119698051913462 -0.02944097540411498
9.03 0.002133203478584147 0.1212596891123574 0.002345079403221821 0.150694144488945 -0.0002118759246376738 -0.02943445537658761
9.032 0.002154570590524195 0.1212364870315992 0.002366352696962277 0.150664425267734 -0.0002117821064380822 -0.02942793823613475
9.034 0.002175865746727015 0.1212148486581729 0.00238755409726438 0.1506362726390123 -0.0002116883505373652 -0.02942142398083934
9.036 0.002196970266671186 0.1211948192603159 0.002408564923551563 0.1506097318691019 -0.0002115946568803774 -0.029414912608786
9.038 0.002217755406598672 0.1211764342176989 0.002429256432010707 0.1505848383357599 -0.0002115010254120345 -0.02940840411806105
9.04 0.002238083093832772 0.121159717156175 0.002449490549910085 0.1505616156629274 -0.0002114074560773133 -0.02940189850675249
9.042 0.002257807006203433 0.1211446780838668 0.002469120955024684 0.1505400738568168 -0.000211313948821251 -0.02939539577295002
9.044 0.002276774019927098 0.1211313115944886 0.002487994523516044 0.1505202075092336 -0.0002112205035889461 -0.02938889591474505
9.046 0.002294826036400308 0.1211195952138337 0.002505953156725865 0.1505019941440643 -0.0002111271203255573 -0.02938239893023064
9.048 0.00231180218186595 0.1211094879728034 0.002522835980842254 0.1504853927903049 -0.0002110337989763042 -0.02937590481750155
9.05 0.002327541354412056 0.1211009292941071 0.002538481893898523 0.1504703428687614 -0.0002109405394864669 -0.02936941357465424
9.052 0.002341885071019885 0.1210938382785804 0.002552732412821271 0.1504567634783672 -0.0002108473418013858 -0.02936292519978683
9.054 0.002354680544803746 0.1210881134700895 0.002565434750670207 0.1504445531610886 -0.0002107542058664617 -0.02935643969099913
9.056 0.002365783900804556 0.121083633164601 0.002576445032431712 0.1504335902109936 -0.0002106611316271557 -0.02934995704639264
9.058 0.002375063419697001 0.1210802563091491 0.00258563153872599 0.1504237335732196 -0.0002105681190289891 -0.0293434772640705
9.06 0.002382402684626956 0.1210778240108287 0.002592877852644499 0.1504148243529663 -0.0002104751680175432 -0.02933700034213757
9.062 0.00238770349895151 0.1210761616458157 0.00259808577748997 0.150406687924516 -0.0002103822785384598 -0.02933052627870034
9.064 0.00239088844344546 0.1210750815258377 0.0026011778939829 0.1503991365977047 -0.00021028945053744 -0.02932405507186701
9.066 0.002391902951336005 0.1210743860469736 0.00260209963529625 0.150391972766721 -0.0002101966839602451 -0.02931758671974741
9.068 0.002390716798317191 0.1210738712158779 0.002600820777069887 0.150384992436331 -0.0002101039787526964 -0.02931112122045309
9.07 0.002387324931507073 0.121073330424334 0.002597336266367747 0.1503779889964312 -0.0002100113348606745 -0.02930465857209719
9.072 0.00238174759425641 0.1210725583266402 0.00259166634648653 0.1503707570994348 -0.00020991875223012 -0.0292981987727946
9.074 0.002374029740235525 0.1210713546675217 0.002583855971042557 0.1503630964881834 -0.0002098262308070329 -0.02929174182066178
9.076 0.002364239767281776 0.1210695279114943 0.002573973537819249 0.1503548156253112 -0.0002097337705374726 -0.02928528771381694
9.078 0.002352467636019106 0.1210668985378423 0.002562109007386664 0.1503457349882222 -0.0002096413713675582 -0.02927883645037989
9.08 0.002338822467488622 0.1210633018870164 0.002548371500732089 0.1503356899154885 -0.0002095490332434677 -0.0292723880284721
9.082 0.002323429735803595 0.1210585904723639 0.002532886491915034 0.1503245329185806 -0.0002094567561114388 -0.02926594244621672
9.084 0.002306428184855094 0.1210526357030281 0.002515792724772863 0.1503121354047666 -0.000209364539917768 -0.02925949970173853
9.086 0.002287966602008704 0.1210453289966978 0.002497238986617515 0.1502983887898617 -0.0002092723846088113 -0.02925305979316398
9.088 0.002268200577051741 0.1210365822921381 0.002477380867182724 0.1502832050107592 -0.0002091802901309832 -0.02924662271862115
9.09 0.002247289362649604 0.1210263279988493 0.002456377619080361 0.1502665164750891 -0.0002090882564307575 -0.02924018847623977
9.092 0.002225392935072776 0.1210145184431292 0.002434389218527443 0.1502482755072804 -0.0002089962834546667 -0.02923375706415122
9.094 0.00220266933289752 0.1210011248855548 0.002411573704046822 0.1502284533660433 -0.0002089043711493024 -0.02922732848048855
9.096 0.002179272328893494 0.1209861361940618 0.002388084848354808 0.1502070389174482 -0.0002088125194613143 -0.02922090272338638
9.098 0.002155349468093642 0.1209695572599526 0.002364070196431054 0.1501840370509337 -0.0002087207283374113 -0.02921447979098105
9.1 0.002131040484637473 0.1209514072420074 0.002339669482361834 0.1501594669234179 -0.0002086289977243606 -0.02920805968141049
9.102 0.002106476092351281 0.1209317177175984 0.002315013419920269 0.1501333601104127 -0.0002085373275689879 -0.02920164239281427
9.104 0.002081777129821929 0.1209105308104567 0.002290222847640106 0.1501057587337903 -0.0002084457178181773 -0.02919522792333363
9.106 0.002057054030150982 0.1208878973536961 0.002265408198569853 0.1500767136248075 -0.0002083541684188711 -0.02918881627111139
9.108 0.002032406578482913 0.1208638751349588 0.002240669257800983 0.1500462825692508 -0.00020826267931807 -0.02918240743429203
9.11 0.002007923916524262 0.1208385272588882 0.002216095166987095 0.1500145286699099 -0.000208171250462833 -0.02917600141102167
9.112 0.001983684752055119 0.1208119206512787 0.002191764633855396 0.1499815188507267 -0.0002080798818002768 -0.02916959819944804
9.114 0.001959757732372252 0.1207841247195891 0.002167746305649828 0.1499473225173096 -0.0002079885732775764 -0.02916319779772048
9.116 0.00193620194315204 0.1207552101762895 0.002144099267994005 0.1499120103802795 -0.0002078973248419647 -0.02915680020399
9.118 0.001913067497802602 0.1207252480248439 0.002120873634243335 0.1498756534412531 -0.0002078061364407322 -0.02915040541640917
9.12 0.001890396186638656 0.1206943087029626 0.002098111194659883 0.1498383221360949 -0.0002077150080212277 -0.02914401343313226
9.122 0.001868222159667701 0.120662461373985 0.002075846099198559 0.1498000856263 -0.0002076239395308572 -0.02913762425231506
9.124 0.001846572621290382 0.1206297733547026 0.002054105552207467 0.1497610112268176 -0.0002075329309170846 -0.02913123787211507
9.126 0.001825468519428698 0.1205963096664179 0.00203291050155613 0.1497211639571093 -0.0002074419821274313 -0.02912485429069135
9.128 0.001804925215493156 0.1205621326953557 0.002012276308602632 0.1496806062015603 -0.0002073510931094761 -0.02911847350620458
9.13 0.001784953125054556 0.1205273019485167 0.001992213388865412 0.1496393974653338 -0.0002072602638108553 -0.02911209551681707
9.132 0.001765558322026051 0.1204918738915213 0.001972727816205313 0.1495975942122141 -0.0002071694941792627 -0.02910572032069271
9.134 0.001746743101687563 0.1204559018557832 0.001953821885850012 0.1495552497717802 -0.0002070787841624488 -0.02909934791599704
9.136 0.001728506499922913 0.1204194360033651 0.001935494633631135 0.1495124143042623 -0.000206988133708222 -0.02909297830089717
9.138 0.001710844767664096 0.1203825233390015 0.001917742310428543 0.1494691348125634 -0.0002068975427644471 -0.02908661147356181
9.14 0.001693751800837793 0.120345207759949 0.00190055881211684 0.1494254551921103 -0.0002068070112790465 -0.02908024743216131
9.142 0.001677219527033367 0.1203075301354922 0.001883936066233367 0.1493814163103598 -0.0002067165391999993 -0.02907388617486759
9.144 0.00166123825083383 0.1202695284090579 0.001867864377309171 0.1493370561089121 -0.0002066261264753414 -0.02906752769985418
9.146 0.001645796960197002 0.1202312377169267 0.001852332733250168 0.1492924097222229 -0.0002065357730531656 -0.0290611720052962
9.148 0.001630883596589578 0.1201926905184944 0.001837329075471199 0.1492475096078648 -0.0002064454788816216 -0.02905481908937038
9.15 0.001616485291714334 0.1201539167338869 0.00182284053562325 0.149202385684142 -0.0002063552439089154 -0.02904846895025502
9.152 0.001602588573718987 0.1201149438854947 0.001808853641802297 0.1491570654716247 -0.0002062650680833099 -0.02904212158613004
9.154 0.001589179545746768 0.1200757972406516 0.001795354497099892 0.1491115742358285 -0.0002061749513531243 -0.02903577699517692
9.156 0.001576244039578717 0.1200364999532585 0.001782328933245451 0.1490659351288372 -0.0002060848936667343 -0.02902943517557876
9.158 0.001563767746994708 0.1199970732026351 0.00176976264196728 0.1490201693281553 -0.0002059948949725721 -0.02902309612552023
9.16 0.001551736331305141 0.1199575363282966 0.001757641286524267 0.1489742961714842 -0.0002059049552191259 -0.02901675984318758
9.162 0.001540135521329659 0.1199179069596951 0.001745950595684599 0.1489283332864638 -0.0002058150743549402 -0.02901042632676866
9.164 0.001528951189918131 0.1198782011402496 0.001734676442246747 0.1488822967147024 -0.000205725252328616 -0.02900409557445287
9.166 0.0015181694189136 0.119838433445219 0.001723804908002409 0.1488362010296502 -0.0002056354890888098 -0.02899776758443124
9.168 0.001507776552288884 0.1197986170931678 0.001713322336873118 0.1487900594480641 -0.0002055457845842345 -0.02899144235489633
9.17 0.001497759238996378 0.1197587640509089 0.001703215377760037 0.1487438839349512 -0.0002054561387636586 -0.0289851198840423
9.172 0.001488104466928625 0.1197188851319451 0.001693471018504531 0.14869768530201 -0.0002053665515759068 -0.02897880017006488
9.174 0.001478799589215828 0.1196789900885064 0.001684076612185687 0.1486514732996678 -0.0002052770229698594 -0.02897248321116138
9.176 0.001469832343956932 0.1196390876973552 0.001675019896851384 0.1486052567028859 -0.0002051875528944522 -0.02896616900553066
9.178 0.001461190868352735 0.1195991858395861 0.001666289009651412 0.1485590433909593 -0.0002050981412986769 -0.02895985755137318
9.18 0.001452863708085017 0.1195592915746744 0.001657872496216598 0.1485128404215654 -0.0002050087881315808 -0.02895354884689096
9.182 0.001444839822688948 0.1195194112090556 0.001649759316031215 0.1484666540993431 -0.0002049194933422664 -0.02894724289028755
9.184 0.001437108587570995 0.1194795503595352 0.001641938844450887 0.1484204900393033 -0.000204830256879892 -0.02894093967976812
9.186 0.00142965979323216 0.1194397140118257 0.001634400871925831 0.148374353225365 -0.0002047410786936705 -0.02893463921353934
9.188 0.00142248364219621 0.1193999065745193 0.001627135600929081 0.1483282480643288 -0.000204651958732871 -0.02892834148980952
9.19 0.001415570744060322 0.1193601319287875 0.001620133641007139 0.148282178435576 -0.0002045628969468172 -0.02892204650678846
9.192 0.001408912109041465 0.1193203934741056 0.001613386002326353 0.1482361477367932 -0.000204473893284888 -0.02891575426268755
9.194 0.001402499140329321 0.1192806941702759 0.001606884088025839 0.1481901589259956 -0.0002043849476965176 -0.02890946475571973
9.196 0.001396323625520415 0.119241036576023 0.00160061968565161 0.1481442145601225 -0.0002042960601311948 -0.0289031779840995
9.198 0.001390377727362317 0.1192014228844164 0.001594584957900781 0.1480983168304593 -0.0002042072305384635 -0.02889689394604289
9.2 0.001384653974004517 0.1191618549553573 0.001588772432872439 0.1480524675951248 -0.0002041184588679226 -0.02889061263976751
9.202 0.001379145248925194 0.1191223343453643 0.001583174993994419 0.1480066684088568 -0.0002040297450692255 -0.0288843340634925
9.204 0.001373844780672387 0.1190828623348661 0.001577785869764467 0.1479609205503046 -0.0002039410890920802 -0.02887805821543856
9.206 0.001368746132540464 0.1190434399532055 0.001572598623426714 0.1479152250470334 -0.0002038524908862498 -0.02887178509382793
9.208 0.001363843192280318 0.119004068001539 0.001567607142681869 0.1478695826984233 -0.0002037639504015514 -0.02886551469688439
9.21 0.001359130161924733 0.1189647470738057 0.00156280562951259 0.1478239940966389 -0.0002036754675878568 -0.02885924702283325
9.212 0.001354601547798968 0.1189254775759279 0.00155818859019406 0.1477784596458293 -0.0002035870423950925 -0.02885298206990141
9.214 0.001350252150771003 0.118886259743391 0.001553750825544242 0.1477329795797082 -0.0002034986747732388 -0.02884671983631726
9.216 0.001346077056788962 0.1188470936573463 0.001549487421461293 0.1476875539776571 -0.0002034103646723306 -0.02884046032031074
9.218 0.001342071627738797 0.1188079792593577 0.001545393739781254 0.1476421827794711 -0.0002033221120424568 -0.02883420352011334
9.22 0.001338231492655396 0.1187689163649182 0.001541465409489157 0.1475968657988762 -0.0002032339168337607 -0.02882794943395806
9.222 0.001334552539306419 0.1187299046758407 0.001537698318302858 0.1475516027359202 -0.0002031457789964395 -0.02882169806007946
9.224 0.001331030906167269 0.118690943791627 0.001534088604648014 0.1475063931883406 -0.0002030576984807442 -0.0288154493967136
9.226 0.001327662974801077 0.1186520332199095 0.001530632650038057 0.1474612366620076 -0.0002029696752369799 -0.0288092034420981
9.228 0.001324445362650776 0.1186131723860503 0.001527327071866282 0.1474161325805224 -0.0002028817092155057 -0.0288029601944721
9.23 0.001321374916250609 0.1185743606419785 0.001524168716617343 0.1473710802940547 -0.0002027938003667341 -0.02879671965207624
9.232 0.001318448704860746 0.1185355972743425 0.001521154653501878 0.1473260790874952 -0.0002027059486411316 -0.02879048181315272
9.234 0.001315664014525312 0.118496881512042 0.00151828216851453 0.1472811281879872 -0.0002026181539892181 -0.02878424667594523
9.236 0.001313018342555719 0.1184582125332105 0.001515548758917286 0.1472362267719095 -0.0002025304163615672 -0.028778014238699
9.238 0.001310509392435971 0.1184195894716992 0.001512952128144778 0.14719137397136 -0.0002024427357088062 -0.0287717844996608
9.24 0.001308135069149578 0.1183810114231281 0.001510490181131194 0.147146568880207 -0.0002023551119816154 -0.02876555745707886
9.242 0.001305893474924073 0.1183424774505491 0.001508161020054802 0.1471018105597521 -0.0002022675451307286 -0.02875933310920298
9.244 0.001303782905390454 0.118303986589774 0.001505962940497387 0.1470570980440584 -0.0002021800351069332 -0.02875311145428447
9.246 0.001301801846154078 0.1182655378544159 0.001503894428015147 0.147012430344992 -0.0002020925818610692 -0.02874689249057609
9.248 0.001299948969772511 0.1182271302406834 0.001501954155116542 0.1469678064570156 -0.0002020051853440304 -0.0287406762163322
9.25 0.001298223133137703 0.1181887627319742 0.001500140978644466 0.1469232253617828 -0.0002019178455067632 -0.0287344626298086
9.252 0.001296623375258097 0.1181504343033075 0.001498453937558365 0.1468786860325701 -0.0002018305623002672 -0.02872825172926264
9.254 0.00129514891543768 0.1181121439256351 0.001496892251113275 0.1468341874385882 -0.000201743335675595 -0.02872204351295317
9.256 0.001293799151848387 0.1180738905700694 0.001495455317432239 0.1467897285492099 -0.0002016561655838519 -0.02871583797914051
9.258 0.001292573660492932 0.1180356732120669 0.001494142712469128 0.1467453083381534 -0.0002015690519761962 -0.02870963512608653
9.26 0.00129147219455535 0.1179974908356028 0.001492954189359189 0.1467009257876573 -0.0002014819948038387 -0.02870343495205456
9.262 0.001290494684136448 0.1179593424373755 0.001491889678154491 0.146656579892685 -0.0002013949940180432 -0.02869723745530947
9.264 0.001289641236371983 0.1179212270310811 0.001490949285942109 0.1466122696651987 -0.0002013080495701257 -0.0286910426341176
9.266 0.00128891213593123 0.117883143651791 0.001490133297342685 0.1465679941385377 -0.0002012211614114549 -0.02868485048674679
9.268 0.001288307845893664 0.1178450913604746 0.001489442175387116 0.146523752371941 -0.0002011343294934521 -0.02867866101146638
9.27 0.00128782900900176 0.1178070692487086 0.001488876562769351 0.1464795434552558 -0.000201047553767591 -0.02867247420654721
9.272 0.001287476449287666 0.1177690764436099 0.001488437283473063 0.1464353665138715 -0.0002009608341853973 -0.02866629007026159
9.274 0.001287251174070671 0.1177311121130423 0.00148812534476912 0.1463912207139256 -0.0002008741706984492 -0.02866010860088334
9.276 0.001287154376323385 0.1176931754711342 0.001487941939581762 0.146347105267822 -0.000200787563258377 -0.02865392979668777
9.278 0.001287187437401973 0.1176552657841644 0.001487888449218836 0.146303019440116 -0.0002007010118168632 -0.02864775365595165
9.28 0.001287351930136748 0.1176173823768584 0.00148796644646239 0.1462589625538117 -0.0002006145163256426 -0.02864158017695327
9.282 0.00128764962227732 0.1175795246391545 0.001488177699013821 0.1462149339971269 -0.0002005280767365013 -0.02863540935797238
9.284 0.001288082480284688 0.1175416920334968 0.001488524173285965 0.1461709332307871 -0.0002004416930012779 -0.02862924119729023
9.286 0.001288652673462091 0.1175038841027144 0.001489008038533954 0.1461269597959039 -0.0002003553650718629 -0.02862307569318951
9.288 0.001289362578413192 0.1174661004785536 0.00148963167131339 0.1460830133225081 -0.0002002690929001981 -0.02861691284395446
9.29 0.001290214783812683 0.1174283408909379 0.001490397660250961 0.1460390935388086 -0.0002001828764382775 -0.02861075264787073
9.292 0.001291212095473735 0.1173906051780236 0.001491308811111881 0.1459952002812491 -0.0002000967156381463 -0.02860459510322547
9.294 0.001292357541688594 0.1173528932971447 0.001492368152140496 0.145951333505452 -0.0002000106104519018 -0.0285984402083073
9.296 0.001293654378818057 0.1173152053367232 0.001493578939649749 0.1459074932981295 -0.0001999245608316925 -0.02859228796140636
9.298 0.00129510609709604 0.1172775415292488 0.001494944663825758 0.145863679890063 -0.0001998385667297183 -0.02858613836081416
9.3 0.001296716426611892 0.1172399022654268 0.001496469054710123 0.1458198936702505 -0.0001997526280982307 -0.02857999140482377
9.302 0.001298489343421868 0.1172022881096044 0.0014981560883114 0.1457761352013341 -0.0001996667448895324 -0.0285738470917297
9.304 0.001300429075734696 0.1171646998165948 0.001500009992790674 0.1457324052364228 -0.0001995809170559775 -0.02856770541982791
9.306 0.001302540110103801 0.1171271383500247 0.001502035254653772 0.1456887047374406 -0.000199495144549971 -0.02856156638741584
9.308 0.001304827197545607 0.1170896049023415 0.001504236624869576 0.1456450348951339 -0.0001994094273239692 -0.02855542999279238
9.31 0.001307295359490268 0.1170521009166257 0.001506619124820747 0.1456013971508835 -0.0001993237653304794 -0.0285492962342579
9.312 0.001309949893451724 0.1170146281103627 0.001509188051973784 0.1455577932204769 -0.0001992381585220602 -0.02854316511011422
9.314 0.00131279637828581 0.1169771885013394 0.001511948985137131 0.145514225120004 -0.0001991526068513205 -0.02853703661866461
9.316 0.001315840678883277 0.116939784435836 0.001514907789154198 0.1454706951940498 -0.0001990671102709208 -0.02853091075821381
9.318 0.001319088950115727 0.116902418619298 0.001518070618849299 0.145427206146366 -0.0001989816687335718 -0.02852478752706803
9.32 0.001322547639826036 0.1168650941496778 0.001521443922018071 0.1453837610732127 -0.000198896282192035 -0.02851866692353487
9.322 0.001326223490616216 0.116827814553645 0.001525034441215339 0.1453403634995684 -0.0001988109505991231 -0.02851254894592347
9.324 0.001330123540154314 0.116790583825866 0.001528849214062012 0.1452970174184104 -0.0001987256739076987 -0.02850643359254435
9.326 0.001334255119667947 0.1167534064715633 0.001532895571738622 0.1452537273332728 -0.0001986404520706754 -0.02850032086170951
9.328 0.001338625850252848 0.1167162875525569 0.001537181135293865 0.1452104983042893 -0.000198555285041017 -0.0284942107517324
9.33 0.001343243636561565 0.1166792327369962 0.001541713809333303 0.1451673359979241 -0.0001984701727717378 -0.0284881032609279
9.332 0.00134811665737608 0.116642248352975 0.001546501772591982 0.1451242467405874 -0.0001983851152159026 -0.02848199838761235
9.334 0.001353253352501889 0.1166053414462103 0.001551553464828516 0.1450812375763138 -0.0001983001123266262 -0.02847589613010353
9.336 0.001358662405339412 0.116568519841943 0.001556877569396486 0.1450383163286637 -0.0001982151640570738 -0.02846979648672063
9.338 0.001364352720401121 0.1165317922111895 0.001562482990761581 0.1449954916669738 -0.0001981302703604607 -0.02846369945578434
9.34 0.001370333394958151 0.1164951681414185 0.001568378826148203 0.1449527731770353 -0.0001980454311900521 -0.02845760503561672
9.342 0.001376613683883017 0.1164586582116851 0.001574574330382181 0.1449101714362264 -0.0001979606464991636 -0.02845151322454132
9.344 0.001383202956660361 0.1164222740721596 0.001581078872901522 0.1448676980930428 -0.0001978759162411604 -0.02844542402088312
9.346 0.001390110645408957 0.1163860285279058 0.001587901885778415 0.1448253659508743 -0.0001977912403694577 -0.02843933742296849
9.348 0.001397346182642563 0.1163499356266312 0.001595052801480083 0.1447831890557564 -0.0001977066188375206 -0.02843325342912528
9.35 0.001404918927365184 0.116314010749986 0.001602540978964048 0.1447411827876687 -0.000197622051598864 -0.02842717203768274
9.352 0.001412838077972915 0.1162782707077981 0.001610375616579967 0.1446993639547697 -0.0001975375386070521 -0.02842109324697156
9.354 0.001421112570312158 0.1162427338344053 0.001618565650127858 0.1446577508897292 -0.0001974530798156994 -0.02841501705532387
9.356 0.001429750959122768 0.1162074200859779 0.001627119634301237 0.1446163635470512 -0.0001973686751784693 -0.02840894346107321
9.358 0.001438761281005465 0.1161723511374027 0.00163604560565454 0.1445752235999572 -0.0001972843246490751 -0.02840287246255453
9.36 0.001448150896971279 0.11613755047692 0.001645350925152558 0.1445343545350243 -0.0001972000281812795 -0.02839680405810424
9.362 0.001457926312602736 0.1161030434962692 0.00165504209833163 0.1444937817423294 -0.0001971157857288944 -0.02839073824606015
9.364 0.001468092973874033 0.1160688575735916 0.001665124571119815 0.1444535325983531 -0.0001970315972457813 -0.02838467502476148
9.366 0.001478655036758393 0.1160350221457717 0.001675602499444244 0.1444136365383206 -0.0001969474626858508 -0.02837861439254889
9.368 0.001489615108939074 0.1160015687662549 0.001686478490942136 0.1443741251140193 -0.0001968633820030624 -0.02837255634776444
9.37 0.001500973962221346 0.1159685311436852 0.001697753317372771 0.1443350320324369 -0.0001967793551514254 -0.02836650088875162
9.372 0.001512730214702035 0.1159359451559433 0.001709425596787032 0.1442963931697986 -0.0001966953820849974 -0.02836044801385532
9.374 0.001524879982339458 0.1159038488333815 0.001721491445097344 0.1442582465548033 -0.0001966114627578856 -0.02835439772142183
9.376 0.001537416500412526 0.1158722823042407 0.001733944097536772 0.1442206323140396 -0.0001965275971242458 -0.0283483500097989
9.378 0.001550329716407942 0.1158412876944548 0.001746773501546225 0.1441835925717905 -0.0001964437851382828 -0.02834230487733563
9.38 0.001563605857207543 0.1158109089733353 0.001759965883961794 0.1441471712957178 -0.0001963600267542502 -0.02833626232238257
9.382 0.001577226975104214 0.1157811917360491 0.001773503297030664 0.1441114140793407 -0.0001962763219264504 -0.02833022234329165
9.384 0.001591170479118392 0.1157521829134366 0.001787363149727626 0.1440763678518529 -0.0001961926706092343 -0.02832418493841623
9.386 0.001605408660373104 0.1157239303996561 0.001801517733130106 0.1440420805057671 -0.0001961090727570018 -0.02831815010611105
9.388 0.001619908222894049 0.1156964825885028 0.00181593375121825 0.1440086004332351 -0.0001960255283242008 -0.02831211784473226
9.39 0.001634629834023191 0.115669887810156 0.001830571871288519 0.1439759759627934 -0.0001959420372653282 -0.02830608815263741
9.392 0.001649527711697637 0.115644193661687 0.001845386311232566 0.1439442546898725 -0.0001958585995349292 -0.02830006102818546
9.394 0.001664549268898175 0.115619446227059 0.001860324483985772 0.1439134826967957 -0.0001957752150875971 -0.02829403646973673
9.396 0.001679634838533328 0.1155956891856661 0.001875326722411303 0.1438837036613191 -0.000195691883877974 -0.02828801447565298
9.398 0.001694717504587106 0.1155729628127982 0.001890326110447856 0.1438549578570955 -0.00019560860586075 -0.02828199504429735
9.4 0.00170972306727406 0.115551302880806 0.001905248448264724 0.1438272810548403 -0.0001955253809906632 -0.02827597817403437
9.402 0.001724570170844307 0.115530739476145 0.001920012380066807 0.1438007033393749 -0.0001954422092225003 -0.02826996386322996
9.404 0.001739170622184375 0.1155112957547334 0.00193452971269547 0.1437752478649849 -0.0001953590905110955 -0.02826395211025141
9.406 0.001753429926126559 0.1154929866659398 0.001948705950937891 0.1437509295794072 -0.0001952760248113314 -0.02825794291346744
9.408 0.00176724805900833 0.1154758176835568 0.001962441071086468 0.1437277539548049 -0.0001951930120781387 -0.02825193627124813
9.41 0.00178052049532012 0.1154597835898148 0.001975630547586615 0.1437057157717797 -0.0001951100522664954 -0.02824593218196495
9.412 0.001793139493091902 0.1154448673651204 0.001988166638423329 0.1436847980091111 -0.0001950271453314278 -0.02823993064399075
9.414 0.001804995632091673 0.1154310392409714 0.001999939923319683 0.1436649708966712 -0.00019494429122801 -0.02823393165569978
9.416 0.001815979585336427 0.1154182559756312 0.00201084107524779 0.1436461911910988 -0.0001948614899113632 -0.02822793521546763
9.418 0.001825984089423263 0.1154064604107908 0.00202076283075992 0.1436284017324622 -0.0001947787413366572 -0.02822194132167134
9.42 0.001834906063793783 0.1153955813620844 0.002029602109252891 0.1436115313347736 -0.0001946960454591084 -0.02821594997268925
9.422 0.001842648814342739 0.1153855338865071 0.002037262216576721 0.1435954950534082 -0.0001946134022339813 -0.02820996116690111
9.424 0.001849124244233188 0.1153762199556727 0.002043655055849776 0.1435801948583607 -0.000194530811616588 -0.02820397490268808
9.426 0.001854254985690674 0.1153675295458253 0.002048703259252962 0.143565520724258 -0.0001944482735622874 -0.02819799117843263
9.428 0.001857976362233873 0.1153593421346273 0.002052342150260359 0.1435513521271459 -0.0001943657880264862 -0.02819200999251865
9.43 0.001860238092211302 0.1153515285724185 0.00205452144717594 0.1435375599157498 -0.0001942833549646383 -0.02818603134333137
9.432 0.00186100565209567 0.1153439532735484 0.002055206626427915 0.1435240085028058 -0.0001942009743322447 -0.02818005522925741
9.434 0.00186026123166777 0.1153364766535144 0.002054379877752624 0.1435105583021992 -0.0001941186460848537 -0.02817408164868476
9.436 0.001858004232219967 0.1153289577218152 0.002052040602398027 0.1434970683218179 -0.0001940363701780605 -0.02816811060000275
9.438 0.001854251281866504 0.1153212567300975 0.002048205428434011 0.1434833988116996 -0.0001939541465675076 -0.0281621420816021
9.44 0.001849035767158236 0.1153132377715247 0.00204290774236712 0.1434694138633996 -0.0001938719752088844 -0.02815617609187489
9.442 0.001842406905374583 0.1153047712305218 0.00203619676143251 0.1434549838597364 -0.0001937898560579269 -0.02815021262921455
9.444 0.001834428405017682 0.1152957359919694 0.0020281361940881 0.1434399876839852 -0.0001937077890704184 -0.02814425169201587
9.446 0.001825176781327837 0.1152860213344429 0.002018802555530026 0.143424314613118 -0.000193625774202189 -0.02813829327867504
9.448 0.001814739407677986 0.1152755284517772 0.002008283219087101 0.1434078658393667 -0.0001935438114091151 -0.02813233738758953
9.45 0.001803212391687906 0.1152641715692211 0.001996674292335026 0.1433905555863793 -0.0001934619006471203 -0.02812638401715825
9.452 0.001790698366688968 0.1152518786428233 0.001984078408561143 0.1433723118086047 -0.0001933800418721743 -0.02812043316578141
9.454 0.001777304285183298 0.1152385916517359 0.001970602520223592 0.1433530764835965 -0.0001932982350402938 -0.02811448483186058
9.456 0.001763139292138239 0.1152242665113204 0.001956355772245781 0.1433328055251191 -0.0001932164801075419 -0.02810853901379871
9.458 0.001748312743558132 0.1152088726493622 0.00194144752058816 0.1433114683593623 -0.0001931347770300279 -0.02810259571000006
9.46 0.001732932421190045 0.1151923922977662 0.001925985546953953 0.1432890472166365 -0.0001930531257639078 -0.02809665491887028
9.462 0.001717102978819141 0.1151748195577459 0.001910074505084525 0.1432655361965623 -0.0001929715262653839 -0.02809071663881635
9.464 0.001700924640567084 0.1151561592981161 0.001893814619057788 0.1432409401663626 -0.0001928899784907045 -0.02808478086824658
9.466 0.001684492157920831 0.1151364259443593 0.001877300640316996 0.1432152735499299 -0.0001928084823961645 -0.02807884760557065
9.468 0.001667894020492746 0.1151156422115231 0.001860621058430851 0.1431885590607227 -0.0001927270379381044 -0.02807291684919957
9.47 0.001651211906198962 0.1150938378274415 0.001843857551271873 0.1431608264249872 -0.0001926456450729113 -0.0280669885975457
9.472 0.001634520349643076 0.1150710482851583 0.001827084653400094 0.143132111134181 -0.0001925643037570183 -0.02806106284902273
9.474 0.001617886603015615 0.1150473136553597 0.001810369616962519 0.1431024532574054 -0.0001924830139469042 -0.0280551396020457
9.476 0.001601370661446013 0.1150226774817398 0.001793772437045107 0.1430718963367708 -0.0001924017755990939 -0.02804921885503098
9.478 0.001585025424143906 0.1149971857749111 0.001777346012814064 0.1430404863813073 -0.0001923205886701581 -0.02804330060639628
9.48 0.00156889696350369 0.1149708861140062 0.001761136416620403 0.1430082709685669 -0.0001922394531167133 -0.02803738485456065
9.482 0.001553024876200775 0.114943826859666 0.001745183245096196 0.1429752984576105 -0.0001921583688954218 -0.02803147159794446
9.484 0.00153744269282897 0.1149160564777074 0.001729520028791962 0.1429416173126768 -0.0001920773359629916 -0.02802556083496941
9.486 0.001522178325591547 0.1148876229693769 0.001714174679867723 0.1429072755334355 -0.0001919963542761761 -0.02801965256405856
9.488 0.001507254536598601 0.1148585734016528 0.001699169960390376 0.1428723201852891 -0.0001919154237917747 -0.02801374678363629
9.49 0.001492689412389726 0.114828953529426 0.001684523956856358 0.1428367970215543 -0.0001918345444666319 -0.02800784349212826
9.492 0.00147849683314956 0.1147988075004456 0.001670250549407198 0.1428007501884072 -0.0001917537162576379 -0.02800194268796152
9.494 0.001464686927701876 0.1147681776335275 0.001656359866823604 0.1427642220030919 -0.0001916729391217282 -0.02799604436956442
9.496 0.001451266507672039 0.1147371042605562 0.001642858720687922 0.1427272527959228 -0.0001915922130158836 -0.02799014853536663
9.498 0.001438239476178762 0.1147056256231656 0.001629751014075892 0.1426898808069648 -0.0001915115378971304 -0.02798425518379914
9.5 0.001425607208091074 0.1146737778155474 0.001617038121813613 0.1426521421288417 -0.0001914309137225397 -0.02797836431329427
9.502 0.001413368900224396 0.1146415947655453 0.001604719240673625 0.1426140706878309 -0.0001913503404492283 -0.02797247592228566
9.504 0.00140152189094598 0.114609108246973 0.001592791708980338 0.1425756982561813 -0.0001912698180343579 -0.02796659000920826
9.506 0.001390061949482501 0.1145763479168975 0.001581251295917636 0.1425370544893958 -0.0001911893464351348 -0.02796070657249834
9.508 0.001378983535851127 0.114543341372422 0.001570092461459939 0.1424981669830155 -0.0001911089256088113 -0.0279548256105935
9.51 0.001368280032790114 0.114510114222264 0.001559308588302797 0.1424590613441966 -0.0001910285555126835 -0.02794894712193262
9.512 0.001357943951356978 0.1144766901691254 0.001548892187461071 0.1424197612740813 -0.0001909482361040933 -0.02794307110495592
9.514 0.001347967112058522 0.1144430910994968 0.001538835079398949 0.1423802886576018 -0.0001908679673404269 -0.02793719755810494
9.516 0.001338340803459668 0.1144093371781116 0.001529128552638783 0.1423406636579341 -0.0001907877491791154 -0.02793132647982249
9.518 0.001329055920244773 0.1143754469447725 0.001519763501822408 0.1423009048133252 -0.0001907075815776348 -0.02792545786855273
9.52 0.001320103082674462 0.1143414374117217 0.001510730547167967 0.1422610291344628 -0.0001906274644935056 -0.02791959172274112
9.522 0.001311472739303545 0.1143073241600975 0.001502020137187838 0.1422210522009318 -0.0001905473978842927 -0.02791372804083439
9.524 0.001303155254740698 0.1142731214343566 0.001493622636448304 0.1421809882556372 -0.0001904673817076061 -0.02790786682128061
9.526 0.001295140984100486 0.1142388422338026 0.001485528400021585 0.1421408502963318 -0.0001903874159210996 -0.02790200806252915
9.528 0.00128742033569336 0.1142044984006019 0.001477727836175832 0.1421006501636326 -0.0001903075004824719 -0.02789615176303066
9.53 0.001279983823355218 0.1141701007038439 0.001470211458704684 0.142060398625081 -0.0001902276353494662 -0.02789029792123713
9.532 0.001272822109703009 0.1141356589193677 0.001462969930182879 0.1420201054549695 -0.0001901478204798696 -0.02788444653560179
9.534 0.001265926041476781 0.1141011819051964 0.001455994097308295 0.1419797795097757 -0.0001900680558315135 -0.02787859760457924
9.536 0.001259286678005932 0.114066677672516 0.001449275019368206 0.1419394287991413 -0.000189988341362274 -0.02787275112662531
9.538 0.00125289531373402 0.1140321534522203 0.001442803990764091 0.1418990605524175 -0.0001899086770300708 -0.02786690710019716
9.54 0.001246743495630933 0.1139976157571004 0.001436572558423801 0.1418586812808537 -0.0001898290627928681 -0.02786106552375325
9.542 0.001240823036222318 0.1139630704397967 0.001430572534830992 0.14181829683555 -0.0001897494986086737 -0.0278552263957533
9.544 0.001235126022889369 0.1139285227466772 0.001424796007324908 0.1417779124613356 -0.0001896699844355398 -0.02784938971465834
9.546 0.001229644824002445 0.1138939773678143 0.001419235344234008 0.141737532846745 -0.0001895905202315625 -0.0278435554789307
9.548 0.001224372092391627 0.1138594384832575 0.001413883198346508 0.1416971621702914 -0.0001895111059548815 -0.02783772368703398
9.55 0.001219300766586032 0.1138249098058046 0.001408732508149713 0.1416568041432376 -0.0001894317415636806 -0.02783189433743307
9.552 0.0012144240702039 0.1137903946204777 0.001403776497220087 0.1416164620490719 -0.0001893524270161872 -0.02782606742859416
9.554 0.001209735509820723 0.1137558958209106 0.001399008672091396 0.1415761387798953 -0.0001892731622706726 -0.02782024295898471
9.556 0.001205228871599384 0.1137214159428485 0.001394422818884836 0.141535836869922 -0.0001891939472854516 -0.02781442092707346
9.558 0.001200898216929758 0.1136869571949613 0.001390012998948641 0.1414955585262917 -0.0001891147820188824 -0.02780860133133044
9.56 0.001196737877286561 0.113652521487156 0.001385773543715928 0.141455305657383 -0.0001890356664293673 -0.02780278417022695
9.562 0.001192742448488553 0.1136181104565759 0.001381699048963904 0.1414150798988115 -0.0001889566004753517 -0.02779696944223558
9.564 0.001188906784512743 0.1135837254914553 0.001377784368628068 0.1413748826372855 -0.0001888775841153245 -0.0277911571458302
9.566 0.001185225990994234 0.1135493677529944 0.001374024608302052 0.1413347150324803 -0.0001887986173078179 -0.02778534727948594
9.568 0.001181695418525578 0.1135150381954105 0.001370415118536986 0.1412945780370897 -0.0001887197000114078 -0.02777953984167922
9.57 0.001178310655847686 0.1134807375843068 0.001366951488032399 0.1412544724151946 -0.0001886408321847129 -0.02777373483088772
9.572 0.001175067523013921 0.1134464665134991 0.001363629536800317 0.1412143987590895 -0.0001885620137863954 -0.02776793224559041
9.574 0.001171962064591553 0.113412225420419 0.001360445309366713 0.1411743575046865 -0.0001884832447751606 -0.0277621320842675
9.576 0.001168990542957751 0.1133780146002199 0.001357395068067508 0.1411343489456204 -0.000188404525109757 -0.02775633434540052
9.578 0.001166149431734746 0.1133438342186867 0.001354475286483723 0.1410943732461589 -0.0001883258547489762 -0.02775053902747221
9.58 0.001163435409401649 0.1133096843240551 0.001351682643053302 0.1410544304530217 -0.0001882472336516524 -0.02774474612896662
9.582 0.001160845353114936 0.1132755648578346 0.0013490140148916 0.1410145205062036 -0.0001881686617766632 -0.02773895564836903
9.584 0.001158376332760147 0.1132414756647167 0.001346466471843076 0.1409746432488827 -0.000188090139082929 -0.02773316758416602
9.586 0.001156025605256227 0.113207416501655 0.00134403727078564 0.1409347984365004 -0.0001880116655294128 -0.02772738193484541
9.588 0.001153790609127352 0.1131733870461877 0.001341723850202473 0.140894985745084 -0.0001879332410751209 -0.02772159869889629
9.59 0.001151668959353692 0.1131393869040698 0.001339523825032794 0.1408552047788788 -0.0001878548656791017 -0.027715817874809
9.592 0.001149658442511138 0.1131054156162838 0.001337434981811585 0.140815455077359 -0.0001877765393004468 -0.02771003946107517
9.594 0.001147757012205486 0.1130714726654807 0.001335455274103777 0.1407757361216683 -0.0001876982618982902 -0.02770426345618763
9.596 0.001145962784806517 0.1130375574819109 0.001333582818238325 0.1407360473405514 -0.0001876200334318085 -0.02769848985864052
9.598 0.001144274035484375 0.1130036694488929 0.001331815889344595 0.1406963881158221 -0.0001875418538602207 -0.02769271866692921
9.6 0.001142689194550429 0.1129698079078675 0.001330152917693218 0.1406567577874178 -0.0001874637231427887 -0.02768694987955033
9.602 0.001141206844103107 0.1129359721630806 0.001328592485341923 0.1406171556580824 -0.0001873856412388164 -0.02768118349500177
9.604 0.001139825714978576 0.1129021614859356 0.001327133323086226 0.1405775809977182 -0.0001873076081076502 -0.02767541951178265
9.606 0.001138544684006132 0.1128683751190528 0.001325774307714811 0.1405380330474462 -0.0001872296237086787 -0.02766965792839335
9.608 0.001137362771566923 0.1128346122800717 0.001324514459568256 0.1404985110234072 -0.0001871516880013329 -0.02766389874333549
9.61 0.001136279139455237 0.112800872165231 0.001323352940400324 0.140459014120343 -0.0001870738009450862 -0.02765814195511198
9.612 0.0011352930890409 0.1127671539527572 0.001322289051540354 0.1404195415149841 -0.0001869959624994537 -0.02765238756222691
9.614 0.001134404059731728 0.1127334568060906 0.001321322232355721 0.1403800923692762 -0.0001869181726239929 -0.02764663556318566
9.616 0.001133611627734639 0.1126997798769813 0.001320452059012942 0.1403406658334761 -0.0001868404312783033 -0.02764088595649485
9.618 0.001132915505114916 0.1126661223084792 0.001319678243536942 0.1403012610491415 -0.0001867627384220264 -0.02763513874066231
9.62 0.001132315539152359 0.11263248323785 0.001319000633167205 0.1402618771520471 -0.0001866850940148456 -0.02762939391419715
9.622 0.001131811711994394 0.1125988617994369 0.00131841921001088 0.1402225132750466 -0.0001866074980164862 -0.02762365147560969
9.624 0.001131404140605325 0.1125652571275024 0.001317934090992041 0.1401831685509139 -0.0001865299503867153 -0.02761791142341151
9.626 0.001131093077012554 0.1125316683590687 0.001317545528097896 0.1401438421151841 -0.000186452451085342 -0.02761217375611541
9.628 0.001130878908849619 0.1124980946367865 0.001317253908921836 0.140104533109022 -0.0001863750000722168 -0.02760643847223544
9.63 0.001130762160197059 0.1124645351118592 0.001317059757504291 0.1400652406821461 -0.0001862975973072322 -0.02760070557028687
9.632 0.001130743492722199 0.1124309889470458 0.001316963735472522 0.140025963995832 -0.0001862202427503222 -0.0275949750487862
9.634 0.001130823707119138 0.1123974553197712 0.001316966643480601 0.1399867022260224 -0.0001861429363614623 -0.02758924690625119
9.636 0.001131003744850144 0.1123639334253752 0.001317069422950814 0.1399474545665761 -0.0001860656781006697 -0.02758352114120081
9.638 0.001131284690191031 0.1123304224805228 0.001317273158119034 0.139908220232678 -0.0001859884679280028 -0.02757779775215524
9.64 0.001131667772581145 0.1122969217268132 0.001317579078384706 0.1398689984644491 -0.0001859113058035617 -0.02757207673763592
9.642 0.001132154369281097 0.1122634304346143 0.001317988560968584 0.1398297885307798 -0.0001858341916874879 -0.02756635809616551
9.644 0.001132746008338909 0.1122299479071609 0.001318503133878873 0.1397905897334288 -0.0001857571255399639 -0.02756064182626788
9.646 0.001133444371867262 0.1121964734849479 0.001319124479188476 0.139751401411416 -0.0001856801073212138 -0.02755492792646813
9.648 0.001134251299632075 0.1121630065504618 0.001319854436623577 0.1397122229457544 -0.0001856031369915029 -0.02754921639529261
9.65 0.001135168792953759 0.1121295465332894 0.001320695007464897 0.1396730537645582 -0.0001855262145111373 -0.02754350723126884
9.652 0.001136199018921414 0.1120960929156454 0.001321648358761879 0.139633893348571 -0.0001854493398404646 -0.0275378004329256
9.654 0.001137344314918289 0.1120626452383708 0.001322716827858162 0.1395947412371637 -0.0001853725129398733 -0.02753209599879287
9.656 0.001138607193457559 0.1120292031074488 0.001323902927227352 0.1395555970348507 -0.000185295733769793 -0.02752639392740187
9.658 0.001139990347323557 0.1119957662010966 0.001325209349614252 0.1395164604183816 -0.0001852190022906943 -0.02752069421728501
9.66 0.001141496655013438 0.1119623342774905 0.001326638973476527 0.1394773311444664 -0.0001851423184630885 -0.02751499686697592
9.662 0.001143129186471871 0.1119289071831894 0.001328194868719398 0.1394382090581989 -0.0001850656822475279 -0.02750930187500946
9.664 0.001144891209107085 0.1118954848623254 0.001329880302711691 0.1393990941022471 -0.0001849890936046057 -0.02750360923992169
9.666 0.001146786194074992 0.1118620673666365 0.001331698746569948 0.1393599863268864 -0.0001849125524949557 -0.02749791896024988
9.668 0.001148817822811579 0.1118286548664266 0.001333653881690832 0.1393208859009591 -0.0001848360588792526 -0.02749223103453252
9.67 0.001150989993792715 0.1117952476625337 0.001335749606510926 0.139281793123843 -0.0001847596127182114 -0.02748654546130929
9.672 0.001153306829489468 0.1117618461994087 0.001337990043462056 0.1392427084385298 -0.000184683213972588 -0.0274808622391211
9.674 0.001155772683485453 0.1117284510794034 0.001340379546088632 0.1392036324459134 -0.000184606862603179 -0.02747518136651006
9.676 0.001158392147711609 0.1116950630783784 0.00134292270628243 0.1391645659203979 -0.0001845305585708212 -0.02746950284201947
9.678 0.001161170059743419 0.1116616831627554 0.001345624361579811 0.1391255098269493 -0.0001844543018363919 -0.02746382666419386
9.68 0.001164111510099237 0.1116283125081353 0.001348489602460046 0.1390864653397143 -0.0001843780923608089 -0.02745815283157893
9.682 0.001167221849460733 0.1115949525196257 0.001351523779565764 0.1390474338623473 -0.0001843019301050305 -0.02745248134272162
9.684 0.001170506695722865 0.111561604854024 0.00135473251075292 0.1390084170501941 -0.0001842258150300549 -0.02744681219617003
9.686 0.001173971940767722 0.1115282714440135 0.001358121687864643 0.138969416834487 -0.000184149747096921 -0.02744114539047349
9.688 0.001177623756828917 0.1114949545245413 0.001361697483095625 0.1389304354487238 -0.0001840737262667076 -0.02743548092418251
9.69 0.001181468602299139 0.1114616566615546 0.001365466354799673 0.1388914754574034 -0.0001839977525005338 -0.02742981879584881
9.692 0.001185513226800777 0.1114283807832863 0.001369435052560335 0.1388525397873116 -0.0001839218257595588 -0.02742415900402529
9.694 0.001189764675313284 0.111395130214282 0.001373610621318266 0.138813631761548 -0.0001838459460049818 -0.02741850154726606
9.696 0.001194230291114571 0.1113619087123779 0.001378000404312613 0.1387747551365043 -0.0001837701131980421 -0.02741284642412641
9.698 0.001198917717255943 0.11132872050884 0.001382612044555962 0.1387359141420028 -0.0001836943273000189 -0.02740719363316282
9.7 0.001203834896247419 0.1112955703518778 0.00138745348451965 0.1386971135248107 -0.0001836185882722313 -0.02740154317293298
9.702 0.00120899006757568 0.1112624635537551 0.001392532963651718 0.1386583585957508 -0.0001835428960760382 -0.02739589504199573
9.704 0.001214391762626668 0.1112294060417104 0.001397859013299506 0.1386196552806215 -0.0001834672506728385 -0.02739024923891114
9.706 0.001220048796515042 0.1111964044128994 0.001403440448539113 0.1385810101751398 -0.0001833916520240707 -0.02738460576224046
9.708 0.001225970256256464 0.1111634659935542 0.001409286356347677 0.1385424306041003 -0.0001833161000912131 -0.0273789646105461
9.71 0.001232165484640043 0.1111305989025371 0.001415406079475827 0.1385039246849288 -0.0001832405948357836 -0.02737332578239167
9.712 0.001238644059066257 0.1110978121194361 0.001421809195285597 0.1384655013957781 -0.0001831651362193398 -0.02736768927634197
9.714 0.001245415764526873 0.111065115557305 0.001428505488730352 0.138427170648268 -0.0001830897242034788 -0.02736205509096297
9.716 0.001252490559789427 0.1110325201401036 0.001435504918539264 0.1383889433649254 -0.0001830143587498372 -0.02735642322482182
9.718 0.001259878535749693 0.1110000378848069 0.001442817575569784 0.1383508315612937 -0.0001829390398200911 -0.02735079367648685
9.72 0.001267589864776721 0.1109676819880745 0.001450453632152677 0.1383128484326021 -0.000182863767375956 -0.02734516644452758
9.722 0.001275634739765963 0.1109354669172378 0.001458423281145149 0.1382750084447525 -0.0001827885413791869 -0.0273395415275147
9.724 0.001284023301471159 0.1109034085052268 0.001466736663262737 0.1382373274292469 -0.0001827133617915779 -0.02733391892402006
9.726 0.001292765552552743 0.1108715240488706 0.001475403781127705 0.1381998226814873 -0.0001826382285749626 -0.02732829863261671
9.728 0.001301871256656949 0.1108398324097852 0.001484434398348162 0.138162513061664 -0.0001825631416912136 -0.02732268065187886
9.73 0.00131134982070398 0.1108083541167982 0.001493837921806223 0.1381254190971801 -0.0001824881011022429 -0.0273170649803819
9.732 0.001321210158453908 0.1107771114685412 0.00150362326522391 0.1380885630852435 -0.0001824131067700015 -0.02731145161670237
9.734 0.001331460533341893 0.1107461286344652 0.001513798691998372 0.1380519691938832 -0.0001823381586564794 -0.027305840559418
9.736 0.001342108378500119 0.1107154317521012 0.001524371635223825 0.1380156635592089 -0.0001822632567237058 -0.02730023180710769
9.738 0.001353160091901484 0.110685049017877 0.001535348492835233 0.1379796743762285 -0.0001821884009337489 -0.02729462535835149
9.74 0.001364620804602403 0.1106550107682364 0.001546734395851119 0.137944031979967 -0.0001821135912487157 -0.02728902121173063
9.742 0.001376494120223031 0.1106253495471504 0.001558532947853784 0.1379087689129779 -0.0001820388276307521 -0.0272834193658275
9.744 0.001388781824054947 0.1105961001554042 0.001570745934096991 0.1378739199746299 -0.0001819641100420431 -0.02727781981922566
9.746 0.001401483560587404 0.1105672996762641 0.001583372999032216 0.1378395222467739 -0.000181889438444812 -0.02727222257050981
9.748 0.001414596478821737 0.1105389874713049 0.001596411291623059 0.1378056150895707 -0.0001818148128013213 -0.02726662761826585
9.75 0.001428114845504479 0.1105112051393346 0.001609855078578351 0.1377722401004154 -0.0001817402330738719 -0.02726103496108079
9.752 0.001442029627445211 0.1104839964305114 0.001623695326670015 0.1377394410280543 -0.0001816656992248036 -0.02725544459754285
9.754 0.001456328045361838 0.1104574071069586 0.001637919256578333 0.1377072636332 -0.0001815912112164948 -0.02724985652624138
9.756 0.001470993103310228 0.1104314847405128 0.00165250987232159 0.1376757554862797 -0.000181516769011362 -0.02724427074576689
9.758 0.00148600309968905 0.1104062784377548 0.001667445472260911 0.1376449656924658 -0.0001814423725718608 -0.02723868725471104
9.76 0.001501331128073184 0.1103818384822679 0.001682699149933669 0.1376149445339346 -0.0001813680218604849 -0.02723310605166666
9.762 0.001516944578761388 0.1103582158842651 0.001698238295601154 0.1375857430194928 -0.0001812937168397666 -0.02722752713522771
9.764 0.001532804654808649 0.1103354618284391 0.001714024112280925 0.1375574123324285 -0.0001812194574722764 -0.02722195050398933
9.766 0.001548865919471279 0.1103136270122629 0.001730011163191903 0.1375300031688107 -0.0001811452437206232 -0.02721637615654779
9.768 0.001565075895226946 0.1102927608691455 0.001746146970774401 0.137503564960646 -0.0001810710755474542 -0.0272108040915005
9.77 0.001581374737719164 0.1102729106739539 0.001762371690634618 0.1374781449813999 -0.0001809969529154548 -0.02720523430744606
9.772 0.001597695010884922 0.1102541205325632 0.00177861788667227 0.1374537873355474 -0.0001809228757873486 -0.02719966680298417
9.774 0.001613961591830439 0.1102364302623434 0.001794810435956336 0.1374305318390591 -0.0001808488441258974 -0.02719410157671571
9.776 0.001630091735458989 0.1102198741768471 0.001810866593352889 0.1374084128040898 -0.0001807748578939008 -0.02718853862724268
9.778 0.001645995328915962 0.1102044797952811 0.001826696245970158 0.1373874577484493 -0.0001807009170541967 -0.02718297795316823
9.78 0.001661575364355631 0.1101902665054512 0.001842202385925292 0.1373676860585478 -0.000180627021569661 -0.02717741955309667
9.782 0.001676728654817193 0.1101772442173423 0.0018572818262204 0.1373491076429758 -0.0001805531714032073 -0.02717186342563344
9.784 0.001691346811911467 0.1101654120528269 0.001871826178429254 0.137331721622212 -0.0001804793665177874 -0.0271663095693851
9.786 0.001705317495360833 0.1101547571245279 0.001885723102237224 0.1373155151074872 -0.0001804056068763908 -0.02716075798295939
9.788 0.001718525933172519 0.1101452534627546 0.001898857825614564 0.1373004621277197 -0.0001803318924420448 -0.02715520866496514
9.79 0.00173085669765755 0.1101368611528507 0.001911114920835365 0.1372865227668631 -0.0001802582231778144 -0.02714966161401236
9.792 0.001742195707208732 0.1101295257454101 0.001922380306255535 0.1372736425741223 -0.0001801845990468026 -0.02714411682871216
9.794 0.001752432407502999 0.1101231779978241 0.001932543427515148 0.1372617523055009 -0.0001801110200121496 -0.02713857430767681
9.796 0.001761462069884693 0.1101177339971676 0.001941499555921727 0.1372507680466874 -0.0001800374860370336 -0.02713303404951972
9.798 0.001769188130361957 0.1101130957012337 0.001949152127446627 0.1372405917540891 -0.0001799639970846703 -0.02712749605285538
9.8 0.001775524481491484 0.1101091519170602 0.001955415034609796 0.1372311122333597 -0.0001798905531183128 -0.02712196031629947
9.802 0.001780397622768529 0.1101057797152667 0.001960214776869781 0.1372222065537355 -0.0001798171541012518 -0.02711642683846878
9.804 0.001783748574190871 0.1101028462553643 0.001963492374187686 0.1372137418733455 -0.0001797437999968154 -0.0271108956179812
9.806 0.001785534463106279 0.1101002109735783 0.001965204953874648 0.1372055776270341 -0.0001796704907683691 -0.0271053666534558
9.808 0.00178572970643724 0.1100977280626093 0.001965326932816555 0.1371975680061221 -0.0001795972263793156 -0.02709983994351273
9.81 0.001784326728365402 0.1100952491542039 0.001963850735158498 0.1371895646409772 -0.0001795240067930952 -0.02709431548677329
9.812 0.001781336176348146 0.1100926261020907 0.001960787008321331 0.1371814193839506 -0.0001794508319731852 -0.02708879328185989
9.814 0.00177678662419213 0.1100897137561636 0.00195616432607523 0.1371729870835597 -0.0001793777018831002 -0.02708327332739608
9.816 0.00177072377769087 0.1100863726193839 0.001950028394177261 0.1371641282413904 -0.0001793046164863919 -0.02707775562200651
9.818 0.001763209223835714 0.110082471286655 0.001942440799582363 0.137154711450972 -0.0001792315757466493 -0.02707224016431697
9.82 0.001754318786736963 0.1100778885791836 0.001933477366364461 0.137144615532138 -0.0001791585796274983 -0.02706672695295435
9.822 0.001744140570494707 0.1100725153070782 0.001923226198587308 0.1371337312936249 -0.0001790856280926018 -0.02706121598654668
9.824 0.001732772780212532 0.1100662556154496 0.001911785501318191 0.1371219628791727 -0.0001790127211056597 -0.02705570726372309
9.826 0.001720321416758798 0.1100590278929101 0.001899261275389207 0.137109228676024 -0.000178939858630409 -0.02705020078311383
9.828 0.001706897938948256 0.1100507652443459 0.001885764979578879 0.1370954617876962 -0.0001788670406306235 -0.02704469654335028
9.83 0.001692616979366996 0.1100414155503306 0.00187141124643711 0.1370806100933955 -0.0001787942670701138 -0.0270391945430649
9.832 0.001677594188301255 0.1100309411523981 0.001856315726213982 0.1370646359332894 -0.0001787215379127272 -0.02703369478089129
9.834 0.001661944265558894 0.1100193182158384 0.001840593118681242 0.1370475154713025 -0.0001786488531223481 -0.02702819725546417
9.836 0.001645779223911635 0.1100065358294181 0.001824355436574532 0.1370292377948374 -0.0001785762126628971 -0.02702270196541932
9.838 0.001629206911742254 0.1099925949047028 0.001807710528240586 0.1370098038140965 -0.000178503616498332 -0.02701720890939369
9.84 0.001612329807373759 0.1099775069369957 0.001790760871966406 0.136989225023021 -0.0001784310645926469 -0.02701171808602531
9.842 0.001595244084359028 0.1099612926860043 0.001773602641268901 0.1369675221799576 -0.0001783585569098724 -0.0270062294939533
9.844 0.001578038936130033 0.1099439808281569 0.001756325029544109 0.1369447239599748 -0.0001782860934140761 -0.02700074313181792
9.846 0.001560796140173772 0.1099256066247698 0.001739009814243133 0.1369208656230303 -0.0001782136740693615 -0.02699525899826051
9.848 0.001543589836191233 0.1099062106418801 0.001721731135031102 0.1368959877338036 -0.0001781412988398689 -0.02698977709192353
9.85 0.001526486489378756 0.1098858375490988 0.001704555457068531 0.1368701349605493 -0.000178068967689775 -0.02698429741145053
9.852 0.001509545008653025 0.1098645350168524 0.001687541689236318 0.1368433549723386 -0.0001779966805832928 -0.02697881995548616
9.854 0.001492816989980329 0.1098423527241978 0.001670741427465 0.136815697446874 -0.0001779244374846714 -0.02697334472267618
9.856 0.001476347056559554 0.1098193414832051 0.00165419929491775 0.1367872131948726 -0.0001778522383581963 -0.02696787171166743
9.858 0.001460173270030297 0.1097955524808454 0.001637953353198486 0.1367579534019532 -0.0001777800831681895 -0.02696240092110789
9.86 0.001444327589857622 0.1097710366353302 0.001622035561736631 0.1367279689849767 -0.000177707971879009 -0.02695693234964659
9.862 0.001428836361244127 0.1097458440609041 0.001606472265699176 0.1366973100568377 -0.0001776359044550486 -0.02695146599593368
9.864 0.001413720815157886 0.1097200236330531 0.001591284696018624 0.1366660254916735 -0.0001775638808607386 -0.02694600185862039
9.866 0.001398997567182678 0.1096936226448287 0.001576489468243224 0.1366341625811877 -0.0001774919010605453 -0.02694053993635907
9.868 0.001384679104746778 0.109666686544368 0.001562099069765749 0.1366017667721711 -0.0001774199650189708 -0.02693508022780313
9.87 0.001370774254864408 0.1096392587435687 0.001548122327564962 0.1365688814751758 -0.0001773480727005533 -0.02692962273160709
9.872 0.001357288626720755 0.109611380488129 0.001534564850790622 0.1365355479345555 -0.0001772762240698669 -0.02692416744642655
9.874 0.001344225025341367 0.1095830907796859 0.001521429444432888 0.1365018051506042 -0.0001772044190915216 -0.02691871437091823
9.876 0.001331583834110628 0.1095544263414834 0.001508716491840792 0.1364676898452232 -0.0001771326577301633 -0.02691326350373988
9.878 0.001319363365167631 0.1095254216197961 0.001496424305118104 0.1364332364633465 -0.0001770609399504733 -0.02690781484355039
9.88 0.001307560177685682 0.1094961088141864 0.001484549443402851 0.1363984772031961 -0.0001769892657171691 -0.0269023683890097
9.882 0.001296169364768773 0.1094665179305098 0.001473086999763777 0.1363634420692886 -0.0001769176349950038 -0.02689692413877888
9.884 0.001285184810255418 0.1094366768514061 0.001462030858004184 0.1363281589429261 -0.0001768460477487658 -0.02689148209152002
9.886 0.001274599417090104 0.1094066114197801 0.001451373921033383 0.1362926536656764 -0.0001767745039432796 -0.02688604224589634
9.888 0.001264405309154198 0.1093763455314753 0.001441108312697603 0.1362569501320474 -0.000176703003543405 -0.02688060460057213
9.89 0.001254594008598717 0.1093459012339865 0.001431225555112754 0.1362210703881993 -0.0001766315465140373 -0.02687516915421275
9.892 0.001245156590750737 0.1093152988286137 0.001421716723570844 0.1361850347340983 -0.0001765601328201075 -0.02686973590548465
9.894 0.001236083818668655 0.1092845569739585 0.001412572581095237 0.1361488618270138 -0.0001764887624265816 -0.02686430485305536
9.896 0.001227366259348014 0.1092536927890893 0.001403783694646476 0.1361125687846828 -0.0001764174352984616 -0.02685887599559348
9.898 0.001218994383497869 0.1092227219550681 0.001395340534898654 0.1360761712868368 -0.0001763461514007845 -0.02685344933176869
9.9 0.001210958650685869 0.1091916588138398 0.001387233561384491 0.1360396836740915 -0.0001762749106986224 -0.02684802486025173
9.902 0.001203249581524606 0.1091605164637453 0.00137945329468169 0.1360031190434597 -0.0001762037131570833 -0.02684260257971444
9.904 0.001195857818443851 0.1091293068511363 0.00137199037718516 0.135966489339966 -0.0001761325587413096 -0.0268371824888297
9.906 0.001188774176450435 0.1090980408577419 0.001364835623866914 0.1359298054440134 -0.0001760614474164796 -0.0268317645862715
9.908 0.001181989685154894 0.1090667283835867 0.001357980064302701 0.1358930772543016 -0.0001759903791478065 -0.02682634887071487
9.91 0.001175495623210457 0.1090353784253708 0.001351414977110995 0.1358563137662067 -0.0001759193539005383 -0.02682093534083592
9.912 0.001169283546190931 0.1090039991503141 0.001345131917830889 0.1358195231456259 -0.0001758483716399585 -0.02681552399531183
9.914 0.001163345308827231 0.1089725979655405 0.001339122741158617 0.1357827127983614 -0.0001757774323313855 -0.02681011483282085
9.916 0.0011576730824111 0.1089411815831305 0.001333379618351272 0.1357458894351728 -0.0001757065359401724 -0.02680470785204229
9.918 0.001152259368087784 0.1089097560810129 0.001327895050519491 0.1357090591326695 -0.0001756356824317075 -0.02679930305165653
9.92 0.001147097006663718 0.1088783269598932 0.001322661878435132 0.1356722273902382 -0.0001755648717714138 -0.026793900430345
9.922 0.001142179185486858 0.1088468991964416 0.001317673289411608 0.1356353991832318 -0.0001754941039247494 -0.02678849998679021
9.924 0.001137499442878895 0.1088154772929727 0.001312922821736101 0.1355985790126484 -0.000175423378857207 -0.02678310171967572
9.926 0.001133051670538609 0.1087840653238579 0.001308404367072923 0.135561770951544 -0.0001753526965343139 -0.02677770562768616
9.928 0.001128830114281403 0.1087526669789187 0.001304112171203035 0.1355249786884259 -0.0001752820569216326 -0.02677231170950721
9.93 0.001124829373423058 0.1087212856040422 0.001300040833407818 0.1354882055678678 -0.0001752114599847599 -0.02676691996382563
9.932 0.001121044399077181 0.108689924239263 0.001296185304766508 0.1354514546285923 -0.0001751409056893273 -0.02676153038932921
9.934 0.001117470491592839 0.1086585856545522 0.00129254088559384 0.135414728639259 -0.0001750703940010009 -0.02675614298470681
9.936 0.001114103297320573 0.1086272723835416 0.001289103222206055 0.1353780301321899 -0.0001749999248854813 -0.02675075774864834
9.938 0.001110938804868904 0.1085959867554165 0.001285868303177408 0.1353413614352613 -0.0001749294983085038 -0.02674537467984479
9.94 0.001107973340977027 0.1085647309251924 0.001282832455212865 0.1353047247021805 -0.000174859114235838 -0.02673999377698815
9.942 0.001105203566110253 0.1085335069025931 0.001279992338743541 0.1352681219413646 -0.0001747887726332879 -0.02673461503877151
9.944 0.00110262646985509 0.108502316579736 0.001277344943321782 0.135231555043625 -0.0001747184734666919 -0.02672923846388899
9.946 0.001100239366173054 0.1084711617578273 0.001274887582874977 0.135195025808863 -0.000174648216701923 -0.02672386405103578
9.948 0.001098039888549539 0.1084400441730642 0.001272617890854427 0.1351585359719723 -0.000174578002304888 -0.02671849179890809
9.95 0.001096025985054067 0.1084089655219311 0.001270533815295596 0.1351220872281343 -0.0001745078302415285 -0.0267131217062032
9.952 0.001094195913311865 0.108377927486079 0.001268633613789684 0.1350856812576984 -0.0001744377004778198 -0.02670775377161942
9.954 0.001092548235365238 0.1083469317569677 0.00126691584834501 0.1350493197508238 -0.0001743676129797717 -0.02670238799385612
9.956 0.001091081812386989 0.1083159800604492 0.001265379380100418 0.1350130044320629 -0.0001742975677134283 -0.02669702437161372
9.958 0.001089795799187595 0.1082850741814647 0.001264023363832462 0.1349767370850584 -0.0001742275646448672 -0.02669166290359366
9.96 0.001088689638438707 0.1082542159890252 0.001262847242178908 0.1349405195775236 -0.0001741576037402006 -0.02668630358849843
9.962 0.001087763054515316 0.1082234074616421 0.00126185073948089 0.1349043538866737 -0.0001740876849655746 -0.0266809464250316
9.964 0.001087016046835529 0.1081926507133673 0.001261033855122699 0.134868242125265 -0.000174017808287169 -0.02667559141189772
9.966 0.001086448882554611 0.1081619480206056 0.001260396856225809 0.1348321865684081 -0.0001739479736711978 -0.02667023854780242
9.968 0.001086062088442281 0.1081313018498414 0.00125994026952619 0.1347961896812938 -0.0001738781810839088 -0.02666488783145235
9.97 0.001085856441745447 0.1081007148864322 0.001259664872237031 0.1347602541479874 -0.0001738084304915837 -0.02665953926155522
9.972 0.001085832959807146 0.1080701900645988 0.001259571681667684 0.1347243829014186 -0.0001737387218605379 -0.02665419283681975
9.974 0.00108599288817768 0.1080397305987341 0.0012596619433348 0.1346885791546898 -0.0001736690551571206 -0.02664884855595571
9.976 0.001086337686918468 0.1080093400161412 0.001259937117266183 0.1346528464338151 -0.0001735994303477149 -0.02664350641767391
9.978 0.001086869014757655 0.1079790221912838 0.001260398862156392 0.13461718861197 -0.0001735298473987373 -0.02663816642068617
9.98 0.001087588710713075 0.1079487813816142 0.001261049016989713 0.1345816099453196 -0.0001734603062766381 -0.02663282856370536
9.982 0.001088498772750919 0.1079186222650064 0.00126188957969882 0.1345461151104518 -0.0001733908069479013 -0.02662749284544539
9.984 0.001089601332998591 0.1078885499787856 0.001262922682377635 0.1345107092434068 -0.0001733213493790442 -0.02662215926462118
9.986 0.001090898628976251 0.1078585701602952 0.001264150562512868 0.1344753979802439 -0.0001732519335366177 -0.02661682781994869
9.988 0.001092392970257385 0.1078286889888772 0.001265575529644591 0.1344401874990221 -0.0001731825593872066 -0.02661149851014491
9.99 0.001094086699912208 0.1077989132290744 0.001267199926809636 0.1344050845630022 -0.0001731132268974284 -0.02660617133392785
9.992 0.001095982150031678 0.1077692502747639 0.001269026086065612 0.1343700965647805 -0.0001730439360339347 -0.02660084629001654
9.994 0.001098081590576969 0.1077397081938293 0.001271056277340379 0.1343352315709604 -0.00017297468676341 -0.02659552337713107
9.996 0.00110038717075111 0.1077102957728461 0.001273292649803682 0.1343004983668386 -0.0001729054790525723 -0.0265902025939925
9.998 0.001102900852051552 0.107681022561101 0.001275737164919725 0.134265906500424 -0.000172836312868173 -0.02658488393932298
10 0.001105624332134728 0.1076518989130921 0.001278391520311725 0.1342314663249377 -0.0001727671881769964 -0.0265795674118456
