# sector=4 Eg=122.02344237108416 eta=0.065 area=25.98076211353316 Kexp=8.353797867517365 source_norm2=31.662828749860623 lattice=corrected Np=12 t1=1.0 t3=0.2 V1=10.0 V2=2.0 V3=2.0 requested_mmax=600 lanczos_steps=600 lanczos_breakdown=false residual=5.372506829458696e-13 drude_weight=-1.7715114638035736
# omega Re_total Im_total Re_regular Im_regular Re_drude Im_drude
0 -6.554499407518487 -0 0.03661108844161422 -0 -6.591110495960102 -0
0.002 -6.548264824655046 -0.2037297575520652 0.03661146889695997 -0.001118179288926568 -6.584876293552006 -0.2026115782631387
0.004 -6.529631635251254 -0.4063129498750134 0.03661261031145069 -0.002236380917308452 -6.566244245562705 -0.4040765689577049
0.006 -6.498809529749236 -0.6066245388499664 0.03661451283030709 -0.003354627227239252 -6.535424042579543 -0.6032699116227271
0.008 -6.456141472274099 -0.8035816973623597 0.03661717669569112 -0.004472940566077811 -6.49275864896979 -0.7991087567962819
0.01 -6.402094275309692 -0.9961628629131588 0.03662060224670743 -0.005591343289097121 -6.4387148775564 -0.9905715196240616
0.012 -6.337246083376744 -1.183424480524499 0.03662478991953266 -0.006709857762109459 -6.373870873296276 -1.17671462276239
0.014 -6.262271378375274 -1.364514901144421 0.03662974024753384 -0.007828506364123699 -6.298901118622808 -1.356686394780297
0.016 -6.177924208140603 -1.53868507444434 0.03663545386150083 -0.008947311489975579 -6.214559662002104 -1.529737762954364
0.018 -6.085020377903835 -1.705295858154297 0.03664193148975325 -0.01006629555299554 -6.121662309393589 -1.695229562601301
0.02 -5.984419333161877 -1.863821944716974 0.03664917395843375 -0.01118548098764731 -6.021068507120311 -1.852636463729326
0.022 -5.877006407834029 -2.013852566876315 0.03665718219175834 -0.0123048902522023 -5.913663590025788 -2.001547676624113
0.024 -5.763676022673434 -2.155089276866131 0.03666595721230474 -0.01342454583139621 -5.800341979885739 -2.141664731034735
0.026 -5.645316306720854 -2.287341192983988 0.03667550014130408 -0.01454447023912437 -5.681991806862158 -2.272796722744863
0.028 -5.522795490542306 -2.41051817027892 0.03668581219904703 -0.01566468602110619 -5.559481302741353 -2.394853484257813
0.03 -5.396950294647232 -2.524622380074113 0.03669689470524359 -0.0167852157575866 -5.433647189352476 -2.507837164316527
0.032 -5.268576418653724 -2.629738780026984 0.03670874907945142 -0.01790608206603615 -5.305285167733175 -2.611832697960948
0.034 -5.138421132995206 -2.72602492813385 0.03672137684152255 -0.01902730760386829 -5.175142509836729 -2.706997620529981
0.036 -5.007177889366622 -2.813700547120904 0.03673477961208386 -0.02014891507115931 -5.043912668978706 -2.793551632049744
0.038 -4.875482800532647 -2.89303718669857 0.03674895911304718 -0.02127092721339611 -4.912231759645694 -2.871766259485174
0.04 -4.743912794493876 -2.964348266308554 0.03676391716817235 -0.02239336682421666 -4.780676711662048 -2.941954899484338
0.042 -4.61298522080853 -3.027979715417579 0.03677965570364827 -0.02351625674817211 -4.649764876512178 -3.004463458669407
0.044 -4.483158675618026 -3.084301366100986 0.03679617674870632 -0.02463961988350626 -4.519954852366732 -3.05966174621748
0.046 -4.35483481364188 -3.133699196409488 0.03681348243625227 -0.02576347918496432 -4.391648296078132 -3.107935717224524
0.048 -4.228360926977023 -3.176568474513795 0.03683157500359154 -0.02688785766657204 -4.265192501980614 -3.149680616847224
0.05 -4.104033088995954 -3.213307813626848 0.03685045679310706 -0.02801277840449358 -4.140883545789061 -3.185295035222355
0.052 -3.982099684356788 -3.244314116227714 0.03687013025303087 -0.02913826453985958 -4.018969814609819 -3.215175851687855
0.054 -3.862765170922074 -3.269978362642505 0.03689059793823114 -0.03026433928163738 -3.899655768860305 -3.239714023360868
0.056 -3.746193944503128 -3.290682182721716 0.03691186251105946 -0.03139102590949339 -3.783105807014187 -3.259291156812223
0.058 -3.632514201526574 -3.306795139154997 0.03693392674216205 -0.03251834777674106 -3.669448128268736 -3.274276791378256
0.06 -3.521821717086829 -3.318672645788532 0.03695679351143769 -0.03364632831320923 -3.558778510598267 -3.285026317475323
0.062 -3.414183475872997 -3.326654443094072 0.03698046580892653 -0.03477499102823792 -3.451163941681923 -3.291879452065834
0.064 -3.309641110881218 -3.331063554705774 0.03700494673582801 -0.03590435951360615 -3.346646057617046 -3.295159195192168
0.066 -3.208214119593875 -3.332205652839746 0.03703023950546467 -0.03703445744657052 -3.24524435909934 -3.295171195393176
0.068 -3.109902839518154 -3.330368765722873 0.03705634744437684 -0.03816530859284023 -3.146959186962531 -3.292203457130032
0.07 -3.014691174821003 -3.32582326630208 0.03708327399340017 -0.03929693680964584 -3.051774448814403 -3.286526329492435
0.072 -2.922549073521564 -3.318822088027045 0.03711102270879412 -0.04042936604880223 -2.959660096230358 -3.278392721978243
0.074 -2.833434760579223 -3.309601120057586 0.03713959726341575 -0.04156262035981366 -2.870574357842639 -3.268038499697773
0.076 -2.747296736521402 -3.298379740595611 0.03716900144794515 -0.04269672389299085 -2.784465737969347 -3.255683016702621
0.078 -2.664075554254141 -3.285361453014144 0.0371992391721309 -0.04383170090261713 -2.701274793426272 -3.241529752111526
0.08 -2.583705388633326 -3.270734594949422 0.03723031446610352 -0.04496757575012474 -2.620935703099429 -3.225767019199298
0.082 -2.506115414461433 -3.254673095481755 0.03726223148170672 -0.04610437290733372 -2.543377645943139 -3.208568722574422
0.084 -2.431231009001487 -3.237337259938331 0.03729499449389737 -0.04724211695968015 -2.468526003495385 -3.190095142978651
0.086 -2.358974795026255 -3.218874565714829 0.03732860790218748 -0.04838083260950535 -2.396303402928443 -3.170493733105324
0.088 -2.289267539979067 -3.199420455857602 0.03736307623209841 -0.04952054467940827 -2.326630616211165 -3.149899911178193
0.09 -2.222028926121402 -3.179099120011417 0.03739840413672726 -0.05066127811554712 -2.259427330258129 -3.12843784189587
0.092 -2.157178205668965 -3.158024254763199 0.03743459639829284 -0.05180305799107944 -2.194612802067258 -3.106221196772119
0.094 -2.094634753940012 -3.136299797444346 0.03747165792978678 -0.05294590950956029 -2.132106411869799 -3.083353887934785
0.096 -2.034318532510953 -3.11402062914087 0.03750959377663262 -0.05408985800843569 -2.071828126287586 -3.059930771132434
0.098 -1.976150473333774 -3.091273244044312 0.03754840911842338 -0.05523492896253728 -2.013698882452197 -3.036038315081774
0.1 -1.920052793747332 -3.068136383399998 0.03758810927069444 -0.05638114798764893 -1.957640903018027 -3.011755235412349
0.102 -1.865949251330481 -3.044681633209614 0.03762869968677435 -0.05752854084407386 -1.903577951017256 -2.98715309236554
0.104 -1.813765346613415 -3.02097398555721 0.03767018595964786 -0.05867713344031023 -1.851435532573063 -2.9622968521169
0.106 -1.763428480792944 -2.997072363981133 0.03771257382392725 -0.05982695183669711 -1.801141054616871 -2.937245412144435
0.108 -1.714868074792796 -2.973030113736365 0.03775586915782613 -0.0609780222491778 -1.752623943950622 -2.912052091487187
0.11 -1.668015655272431 -2.948895458104493 0.03780007798523733 -0.06213037105305411 -1.705815733257668 -2.886765087051439
0.112 -1.622804912517408 -2.924711922132491 0.03784520647784764 -0.06328402478681983 -1.660650118995255 -2.861427897345671
0.114 -1.579171734538386 -2.900518725333108 0.03789126095731306 -0.06443901015603616 -1.617062995495699 -2.836079715177072
0.116 -1.53705422116146 -2.876351144973254 0.03793824789749734 -0.06559535403726736 -1.574992469058958 -2.810755790935986
0.118 -1.496392681405809 -2.852240851624301 0.03798617392679539 -0.06675308348203443 -1.534378855332605 -2.785487768142266
0.12 -1.45712961701149 -2.828216218659904 0.03803504583046675 -0.06791222572090859 -1.495164662841956 -2.760303992938996
0.122 -1.419209694595847 -2.804302607370194 0.03808487055311034 -0.06907280816753454 -1.457294565148958 -2.735229799202659
0.124 -1.382579708577814 -2.780522629324224 0.03813565520114762 -0.07023485842281962 -1.420715363778962 -2.710287770901405
0.126 -1.347188536710207 -2.756896387559235 0.0381874070453986 -0.07139840427913657 -1.385375943755606 -2.685497983280098
0.128 -1.312987089797701 -2.733441698111404 0.03824013352373265 -0.07256347372457995 -1.351227223321434 -2.660878224386824
0.13 -1.279928256948242 -2.710174293331356 0.038293842243778 -0.07373009494731488 -1.31822209919202 -2.636444198384041
0.132 -1.247966847504801 -2.687108008351482 0.03834854098572636 -0.07489829633994831 -1.286315388490528 -2.612209712011533
0.134 -1.217059530629478 -2.664254951993942 0.03840423770519673 -0.07606810650399602 -1.255463768334675 -2.588186845489946
0.136 -1.187164773359835 -2.641625663329159 0.03846094053618317 -0.07723955425441263 -1.225625713896018 -2.564386109074746
0.138 -1.15824277782547 -2.619229255016473 0.03851865779408489 -0.07841266862418655 -1.196761435619555 -2.540816586392287
0.14 -1.130255418198789 -2.597073544482301 0.03857739797881587 -0.07958747886899856 -1.168832816177605 -2.517486065613303
0.142 -1.10316617785541 -2.575165173917263 0.03863716977800838 -0.08076401447195004 -1.141803347633418 -2.494401159445313
0.144 -1.076940087134927 -2.553509720003023 0.03869798207029116 -0.08194230514838759 -1.115638069205218 -2.471567414854636
0.146 -1.051543662019872 -2.5321117942121 0.03875984392865924 -0.08312238085078352 -1.090303505948531 -2.448989413361316
0.148 -1.026944843988379 -2.510975134460205 0.03882276462394565 -0.0843042717736807 -1.065767608612325 -2.426670862686525
0.15 -1.003112941242778 -2.490102688830654 0.0388867536283698 -0.08548800835877324 -1.041999694871148 -2.404614680471881
0.152 -0.9800185714709398 -2.469496692033851 0.03895182061920022 -0.08667362129998551 -1.01897039209014 -2.382823070733866
0.154 -0.9576336062587228 -2.449158735212533 0.03901797548249746 -0.08786114154871916 -0.9966515817412203 -2.361297593663814
0.156 -0.9359311172392469 -2.429089829654054 0.03908522831698144 -0.0890506003191065 -0.9750163455562284 -2.340039229334948
0.158 -0.9148853240373515 -2.409290464925757 0.0391535894379795 -0.09024202909341449 -0.954038913475331 -2.319048435832343
0.16 -0.894471544044543 -2.389760661906986 0.03922306938149001 -0.0914354596275202 -0.933694613426033 -2.298325202279466
0.162 -0.8746661440405811 -2.370500021152292 0.03929367890836483 -0.09263092395645776 -0.913959822948946 -2.277869097195834
0.164 -0.8554464936619959 -2.351507766984325 0.03936542900859425 -0.09382845440006649 -0.8948119226705902 -2.257679312584258
0.166 -0.8367909207047268 -2.332782787681571 0.03943833090571441 -0.09502808356875216 -0.8762292516104412 -2.237754704112819
0.168 -0.8186786682374704 -2.314323672095456 0.03951239606131964 -0.09622984436935296 -0.85819106429879 -2.218093827726103
0.17 -0.8010898534936837 -2.296128743003042 0.0395876361797181 -0.09743377001106826 -0.8406774896734017 -2.198694972991974
0.172 -0.7840054285034567 -2.278196087475806 0.03966406321269698 -0.09863989401152215 -0.8236694917161537 -2.179556193464284
0.174 -0.7674071424210678 -2.260523584521024 0.03974168936442931 -0.09984825020292333 -0.8071488317854971 -2.1606753343181
0.176 -0.7512775055000571 -2.243108930230556 0.03982052709650087 -0.1010588727383376 -0.791098032596558 -2.142050057492218
0.178 -0.7355997546646136 -2.225949660651763 0.03990058913308158 -0.1022717960980754 -0.7755003437976952 -2.123677864553688
0.18 -0.7203578206240353 -2.209043172576934 0.03998188846624294 -0.1034870550961643 -0.7603397090902783 -2.10555611748077
0.182 -0.7055362964757157 -2.192386742430926 0.04006443836140017 -0.1047046848870012 -0.7456007348371159 -2.087682057543924
0.184 -0.6911204077413567 -2.175977543421102 0.04014825236293251 -0.1059247209720376 -0.7312686601042893 -2.070052822449065
0.186 -0.6770959837810453 -2.159812661099922 0.04023334429992729 -0.1071471992066772 -0.7173293280809726 -2.052665461893244
0.188 -0.6634494305299907 -2.143889107477276 0.04031972829210313 -0.1083721558072199 -0.7037691588220939 -2.035516951670056
0.19 -0.6501677045034214 -2.128203833808269 0.04040741875588257 -0.1095996273579959 -0.690575123259304 -2.018604206450273
0.192 -0.6372382880159841 -2.112753742171082 0.04049643041063702 -0.1108296508186009 -0.6777347184266211 -2.001924091352481
0.194 -0.6246491655631407 -2.09753569593987 0.04058677828510548 -0.1120622635312589 -0.6652359438482461 -1.985473432408612
0.196 -0.6123888013133657 -2.082546529248654 0.04067847772397932 -0.1132975032283524 -0.6530672790373451 -1.969249026020302
0.198 -0.6004461176613441 -2.06778305553382 0.04077154439468834 -0.1145354080400591 -0.6412176620560325 -1.95324764749376
0.2 -0.5888104747939767 -2.053242075235494 0.0408659942943541 -0.1157760165021686 -0.6296764690883309 -1.937466058733326
0.202 -0.5774716512225423 -2.03892038273105 0.04096184375694729 -0.1170193675640202 -0.6184334949794896 -1.921901015167029
0.204 -0.5664198252360568 -2.024814772567791 0.04105910946064337 -0.1182655005966085 -0.6074789346967002 -1.906549271971182
0.206 -0.5556455572325479 -2.01092204505612 0.04115780843538542 -0.1195144554008241 -0.5968033656679333 -1.891407589655296
0.208 -0.5451397728866589 -1.997239011279269 0.04125795807064564 -0.1207662722158943 -0.5863977309573046 -1.876472739063375
0.21 -0.5348937471136469 -1.983762497570782 0.04135957612342368 -0.1220209917279383 -0.5762533232370706 -1.861741505842843
0.212 -0.5248990887915641 -1.970489349506715 0.04146268072645413 -0.1232786550787171 -0.5663617695180182 -1.847210694427998
0.214 -0.5151477262050048 -1.957416435455394 0.04156729039665113 -0.1245393038745574 -0.5567150166016559 -1.832877131580836
0.216 -0.5056318931754327 -1.944540649723939 0.04167342404379325 -0.1258029801954349 -0.5473053172192259 -1.818737669528504
0.218 -0.4963441158446719 -1.931858915337458 0.04178110097944907 -0.1270697266042519 -0.538125216824121 -1.804789188733206
0.22 -0.4872772000796603 -1.919368186483674 0.04189034092616268 -0.1283395861562733 -0.529167541005823 -1.791028600327401
0.222 -0.4784242194680607 -1.907065450653105 0.04200116402689227 -0.1296126024088042 -0.5204253834949529 -1.777452848244301
0.224 -0.4697785038757259 -1.894947730502097 0.04211359085472813 -0.1308888194309938 -0.5118920947304541 -1.764058911071103
0.226 -0.4613336285384297 -1.883012085463979 0.04222764242288066 -0.1321682818138846 -0.5035612709613104 -1.750843803650095
0.228 -0.4530834036615633 -1.871255613131219 0.0423433401949621 -0.133451034680638 -0.4954267438565254 -1.737804578450582
0.23 -0.4450218645028038 -1.859675450429654 0.04246070609555825 -0.1347371236969885 -0.487482570598362 -1.724938326732666
0.232 -0.4371432619139615 -1.84826877460399 0.04257976252110936 -0.1360265950818902 -0.4797230244350709 -1.712242179522099
0.234 -0.4294420533193876 -1.837032804032182 0.04270053235110685 -0.1373194956184019 -0.4721425856704944 -1.69971330841378
0.236 -0.4219128941094469 -1.825964798884735 0.04282303895961809 -0.1386158726647453 -0.464735933069065 -1.687348926219989
0.238 -0.4145506294286403 -1.815062061643755 0.0429473062271359 -0.1399157741656823 -0.4574979356557762 -1.675146287478072
0.24 -0.4073502863389402 -1.804321937495042 0.04307335855279366 -0.1412192486640247 -0.4504236448917338 -1.663102688831017
0.242 -0.4003070663399383 -1.793741814605687 0.04320122086692008 -0.1425263453124606 -0.4435082872068584 -1.651215469293227
0.244 -0.3934163382282669 -1.783319124298312 0.0433309186439815 -0.1438371138855636 -0.4367472568722485 -1.639482010412748
0.246 -0.3866736312796938 -1.773051341132336 0.04346247791589228 -0.1451516047921175 -0.430136109195586 -1.627899736340218
0.248 -0.3800746287380883 -1.762935982901588 0.04359592528572823 -0.1464698690876421 -0.4236705540238165 -1.616466113813946
0.25 -0.3736151615962752 -1.752970610556917 0.04373128794185049 -0.1477919584872029 -0.4173464495381257 -1.605178652069714
0.252 -0.3672912026545577 -1.743152828061646 0.04386859367244303 -0.1491179253785046 -0.4111597963270008 -1.594034902683141
0.254 -0.361098860843389 -1.733480282187026 0.04400787088049382 -0.1504478228352377 -0.4051067317238829 -1.583032459351789
0.256 -0.3550343757973805 -1.723950662254262 0.04414914859922269 -0.1517817046307167 -0.3991835243966032 -1.572168957623545
0.258 -0.3490941126684683 -1.714561699829095 0.04429245650797759 -0.1531196252518177 -0.3933865691764459 -1.561442074577278
0.26 -0.3432745571666864 -1.705311168374384 0.04443782494861382 -0.1544616399131831 -0.3877123821153002 -1.550849528461201
0.262 -0.3375723108175812 -1.696196882865704 0.04458528494236382 -0.1558078045717718 -0.382157595759945 -1.540389078293932
0.264 -0.3319840864258391 -1.687216699374473 0.04473486820723455 -0.1571581759416815 -0.3767189546330736 -1.530058523432791
0.266 -0.3265067037352554 -1.678368514622779 0.04488660717592784 -0.1585128115093214 -0.3713933109111833 -1.519855703113458
0.268 -0.3211370852756446 -1.669650265513638 0.04504053501431887 -0.1598717695488654 -0.3661776202899635 -1.509778495964772
0.27 -0.3158722523877875 -1.661059928640214 0.04519668564049689 -0.1612351091381099 -0.3610689380282844 -1.499824819502104
0.272 -0.3107093214179298 -1.652595519777002 0.04535509374441 -0.1626028901745952 -0.3560644151623398 -1.489992629602407
0.274 -0.3056455000738171 -1.644255093355931 0.04551579480810661 -0.1639751733921295 -0.3511612948819237 -1.480279919963801
0.276 -0.3006780839346053 -1.636036741929931 0.04567882512661822 -0.1653520203776586 -0.3463569090612235 -1.470684721552272
0.278 -0.2958044531074011 -1.627938595626294 0.04584422182949461 -0.1667334935884944 -0.3416486749368957 -1.4612051020378
0.28 -0.2910220690235346 -1.619958821591987 0.04601202290301832 -0.1681196563699133 -0.3370340919265529 -1.451839165222074
0.282 -0.2863284713680181 -1.612095623432863 0.04618226721311641 -0.1695105729731712 -0.3325107385811346 -1.442585050459691
0.284 -0.2817212751359504 -1.604347240648466 0.04635499452900928 -0.1709063085738733 -0.3280762696649597 -1.433440932074593
0.286 -0.2771981678099694 -1.596711948064066 0.04653024554759957 -0.1723069292907626 -0.323728413357569 -1.424405018773303
0.288 -0.2727569066531028 -1.589188055261334 0.04670806191865372 -0.1737125022049367 -0.3194649685717565 -1.415475553056398
0.29 -0.2683953161116822 -1.581773906008929 0.04688848627078524 -0.1751230953794593 -0.3152838023824674 -1.40665081062947
0.292 -0.2641112853232269 -1.574467877694166 0.04707156223827723 -0.1765387778794091 -0.3111828475615041 -1.397929099814757
0.294 -0.2599027657244549 -1.567268380756846 0.04725733448877284 -0.1779596197924011 -0.3071601002132277 -1.389308760964445
0.296 -0.2557677687548153 -1.560173858126114 0.04744584875186952 -0.1793856922495188 -0.3032136175066848 -1.380788165876595
0.298 -0.2517043636511645 -1.553182784661217 0.04763715184864138 -0.180817067446723 -0.2993415154998059 -1.372365717214495
0.3 -0.2477106753294107 -1.546293666596952 0.04783129172213019 -0.1822538186667636 -0.2955419670515408 -1.364039847930189
0.302 -0.243784882349147 -1.539505040994358 0.04802831746884792 -0.1836960203015201 -0.2918131998179949 -1.355809020692838
0.304 -0.2399252149575133 -1.532815475197366 0.04822827937130617 -0.1851437478748878 -0.2881534943288194 -1.347671727322479
0.306 -0.2361299532086562 -1.526223566295835 0.04843122893163916 -0.1865970780661372 -0.2845611821402953 -1.339626488229698
0.308 -0.2323974251553775 -1.519727940595497 0.04863721890633904 -0.1880560887338243 -0.2810346440617166 -1.331671851861672
0.31 -0.2287260051096917 -1.513327253095151 0.04884630334215422 -0.1895208589401942 -0.2775723084518459 -1.323806394154957
0.312 -0.2251141119691675 -1.507020186971511 0.04905853761319946 -0.190991468976149 -0.274172649582367 -1.316028717995362
0.314 -0.221560207606094 -1.500805453071972 0.04927397845931516 -0.1924680003867647 -0.2708341860654092 -1.308337452685207
0.316 -0.218062795316627 -1.494681789415581 0.04949268402572591 -0.1939505359973736 -0.2675554793423529 -1.300731253418208
0.318 -0.2146204183272152 -1.488647960702405 0.04971471390404889 -0.1954391599402207 -0.264335132231264 -1.293208800762184
0.32 -0.2112316583557127 -1.482702757831501 0.04994012917471101 -0.1969339576817219 -0.2611717875304237 -1.285768800149779
0.322 -0.2078951342247303 -1.47684499742763 0.05016899245081512 -0.1984350160503127 -0.2580641266755454 -1.278409981377318
0.324 -0.2046095005248589 -1.471073521376833 0.05040136792352016 -0.1999424232649134 -0.255010868448379 -1.27113109811192
0.326 -0.2013734463255133 -1.465387196370978 0.05063732140899975 -0.2014562689640356 -0.2520107677345131 -1.263930927406943
0.328 -0.1981856939312595 -1.459784913461335 0.05087692039702747 -0.2029766442355178 -0.249062614328287 -1.256808269225817
0.33 -0.1950449976815578 -1.454265587621233 0.05112023410126147 -0.2045036416469195 -0.2461652317828193 -1.249761945974313
0.332 -0.191950142791958 -1.448828157317842 0.05136733351129876 -0.2060373552765918 -0.2433174763032568 -1.24279080204125
0.334 -0.1888999442348692 -1.443471584093054 0.05161829144655899 -0.2075778807454075 -0.2405182356814282 -1.235893703347646
0.336 -0.1858932456580989 -1.438194852153504 0.05187318261207843 -0.2091253152492029 -0.2377664282701773 -1.229069536904301
0.338 -0.1829289183394332 -1.432996967969712 0.05213208365629076 -0.2106797575919465 -0.235061001995724 -1.222317210377765
0.34 -0.1800058601756087 -1.427876959884226 0.05239507323087102 -0.2122413082195629 -0.2324009334064797 -1.215635651664663
0.342 -0.1771229947040901 -1.42283387772887 0.0526622320527231 -0.2138100692545609 -0.2297852267568132 -1.209023808474309
0.344 -0.1742792701561219 -1.417866792450928 0.05293364296821162 -0.2153861445313784 -0.2272129131243335 -1.202480647919549
0.346 -0.1714736585396073 -1.412974795748239 0.05320939101971073 -0.2169696396324849 -0.2246830495593181 -1.196005156115755
0.348 -0.1687051547503991 -1.408156999713128 0.05348956351457895 -0.218560661925246 -0.2221947182649781 -1.189596337787882
0.35 -0.1659727757106573 -1.403412536485125 0.05377425009665333 -0.2201593205996065 -0.2197470258073106 -1.183253215885519
0.352 -0.1632755595329727 -1.398740557912332 0.0540635428203699 -0.221765726706538 -0.2173391023533426 -1.176974831205794
0.354 -0.1606125647090129 -1.394140235221393 0.05435753622761291 -0.2233799931973079 -0.2149701009366258 -1.170760242024085
0.356 -0.1579828693214711 -1.389610758695957 0.05465632742741933 -0.2250022349635721 -0.2126391967488904 -1.164608523732384
0.358 -0.1553855702781735 -1.385151337363521 0.05496001617864266 -0.226632568878287 -0.2103455864568162 -1.158518768485234
0.36 -0.1528197825672114 -1.380761198690574 0.05526870497570991 -0.2282711138374714 -0.2080884875429213 -1.152490084853102
0.362 -0.1502846385320149 -1.376439588285924 0.05558249913760225 -0.2299179908028257 -0.2058671376696171 -1.146521597483098
0.364 -0.147779287165324 -1.372185769612087 0.05590150690019217 -0.2315733228451963 -0.2036807940655162 -1.140612446766891
0.366 -0.145302893421042 -1.367999023704628 0.05622583951207786 -0.2332372351889072 -0.2015287329331198 -1.134761788515721
0.368 -0.1428546375429773 -1.363878648899384 0.05655561133407472 -0.2349098552569973 -0.199410248877052 -1.128968793642387
0.37 -0.1404337144095283 -1.359823960567371 0.05689093994251025 -0.2365913127173052 -0.1973246543520385 -1.123232647850065
0.372 -0.1380393328933798 -1.355834290857309 0.05723194623648885 -0.2382817395294451 -0.1952712791298687 -1.117552551327863
0.374 -0.1356707152353021 -1.351908988445671 0.05757875454930333 -0.2399812699927104 -0.1932494697846055 -1.111927718452961
0.376 -0.1333270964311771 -1.348047418294042 0.05793149276416798 -0.2416900407948152 -0.1912585891953451 -1.106357377499227
0.378 -0.131007723631388 -1.344248961413758 0.05829029243446409 -0.2434081910615722 -0.1892980160658521 -1.100840770352186
0.38 -0.1287118555517336 -1.340513014637655 0.05865528890869665 -0.245135862407448 -0.1873671444604302 -1.095377152230207
0.382 -0.1264387618950385 -1.336838990398796 0.05902662146037141 -0.2468731989870029 -0.1854653833554099 -1.089965791411793
0.384 -0.1241877227826655 -1.333226316516076 0.05940443342299927 -0.2486203475472255 -0.1835921562056648 -1.08460596896885
0.386 -0.1219580281951142 -1.329674435986548 0.05978887233047582 -0.2503774574807367 -0.1817469005255901 -1.079296978505812
0.388 -0.1197489774209424 -1.326182806784366 0.06018009006305907 -0.2521446808798643 -0.1799290674840015 -1.074038125904501
0.39 -0.1175598785132384 -1.322750901666167 0.06057824299919679 -0.253922172591556 -0.1781381215124352 -1.068828729074611
0.392 -0.1153900477528649 -1.319378207982826 0.06098349217348484 -0.2557100902731475 -0.1763735399263497 -1.063668117709678
0.394 -0.1132388091177427 -1.316064227497376 0.06139600344101102 -0.2575085944489297 -0.1746348125587538 -1.058555633048446
0.396 -0.1111054937574163 -1.312808476209002 0.0618159476483837 -0.2593178485675126 -0.1729214414058 -1.053490627641489
0.398 -0.1089894394721443 -1.30961048418292 0.06224350081176219 -0.2611380190599236 -0.1712329402839065 -1.048472465122997
0.4 -0.106889990195797 -1.306469795386082 0.06267884430218712 -0.2629692753984872 -0.1695688344979841 -1.043500519987594
0.402 -0.1048064954818017 -1.303385967528427 0.0631221650385622 -0.2648117901563303 -0.1679286605203639 -1.038574177372097
0.404 -0.102738309991399 -1.300358571909648 0.06357365568864015 -0.2666657390675581 -0.1663119656800391 -1.033692832842089
0.406 -0.1006847929834698 -1.297387193271236 0.06403351487837557 -0.268531301088017 -0.1647183078618453 -1.028855892183218
0.408 -0.09864530780517999 -1.29447142965368 0.06450194741004439 -0.2704086584565796 -0.1631472552152244 -1.024062771197101
0.41 -0.09661922138269331 -1.29161089225864 0.06497916448953321 -0.2722979967569031 -0.1615983858722265 -1.019312895501737
0.412 -0.09460590371118392 -1.288805205315888 0.0654653839632376 -0.2741995049795548 -0.1600712876744215 -1.014605700336333
0.414 -0.09260472734340014 -1.286054005954891 0.06596083056500168 -0.2761133755844554 -0.1585655579084018 -1.009940630370436
0.416 -0.09061506687596028 -1.283356944080805 0.06646573617361322 -0.2780398045635346 -0.1570808030495735 -1.00531713951727
0.418 -0.08863629843262294 -1.280713682254677 0.06698034008131923 -0.2799789915034796 -0.1556166385139422 -1.000734690751197
0.42 -0.08666779914371817 -1.278123895577652 0.06750488927389531 -0.2819311396484576 -0.1541726884176135 -0.9961927559291949
0.422 -0.08470894662088703 -1.275587271578975 0.06803963872285045 -0.2838964559627099 -0.1527485853437375 -0.9916908156162649
0.424 -0.08275911842632007 -1.273103510107537 0.06858485169031757 -0.2858751511928548 -0.1513439701166376 -0.9872283589146823
0.426 -0.08081769153562368 -1.270672323226698 0.06914080004725115 -0.287867439929703 -0.1499584915828748 -0.982804883296995
0.428 -0.0788840417934062 -1.26829343511217 0.06970776460560045 -0.2898735406694802 -0.1485918063990067 -0.97841989444269
0.43 -0.0769575433607011 -1.265966581952636 0.07028603546510956 -0.2918936758741963 -0.1472435788258107 -0.9740729060784397
0.432 -0.07503756815328885 -1.263691511852806 0.07087591237546129 -0.2939280720309593 -0.1459134805287501 -0.969763439821847
0.434 -0.0731234852699132 -1.261467984738629 0.07147770511455588 -0.2959769597100199 -0.1446011903844691 -0.9654910250286087
0.436 -0.07121466040944621 -1.259295772264264 0.07209173388366383 -0.2980405736212487 -0.14330639429311 -0.9612551986430149
0.438 -0.06931045527593976 -1.257174657720447 0.07271832972031886 -0.300119152668735 -0.1420287849962586 -0.957055505051712
0.44 -0.0674102269704823 -1.255104435943933 0.07335783492984091 -0.3022129400032833 -0.1407680619003232 -0.9528914959406494
0.442 -0.06551332736878347 -1.253084913227472 0.07401060353638382 -0.3043221830723348 -0.1395239309051673 -0.9487627301551376
0.444 -0.06361910248331189 -1.251115907229925 0.07467700175450694 -0.306447133666978 -0.1382961042378188 -0.944668773562947
0.446 -0.06172689180880499 -1.249197246886007 0.07535740848228069 -0.3085880479656349 -0.1370843002910857 -0.9406091989203724
0.448 -0.05983602764987032 -1.247328772315167 0.07605221581704473 -0.3107451865739682 -0.1358882434669151 -0.936583585741199
0.45 -0.05794583442943296 -1.245510334728908 0.07676182959490582 -0.3129188145604093 -0.1347076640243388 -0.9325915201684991
0.452 -0.05605562797664347 -1.243741796336053 0.07748666995520979 -0.3151092014868582 -0.1335422979318533 -0.9286325948491951
0.454 -0.05416471479281874 -1.242023030245186 0.07822717193126942 -0.3173166214338619 -0.1323918867240882 -0.9247064088113236
0.456 -0.0522723912939882 -1.240353920363578 0.07898378606863468 -0.3195413530196395 -0.1312561773626229 -0.920812567343939
0.458 -0.05037794302847565 -1.238734361291752 0.07975697907233997 -0.3217836794121586 -0.1301349221008156 -0.9169506818795932
0.46 -0.04848064386788954 -1.237164258212885 0.0805472344846249 -0.3240438883335518 -0.1290278783525144 -0.9131203698793331
0.462 -0.04657975516988423 -1.235643526776024 0.08135505339464007 -0.3263222720558663 -0.1279348085645243 -0.9093212547201572
0.464 -0.04467452491089277 -1.234172092972134 0.08218095518181556 -0.3286191273872618 -0.1268554800927083 -0.905552965584872
0.466 -0.04276418678697688 -1.232749893001907 0.083025478294631 -0.3309347556476104 -0.1257896650816079 -0.9018151373542965
0.468 -0.0408479592809019 -1.231376873133986 0.08388918106656407 -0.3332694626322308 -0.124737140347466 -0.8981074105017549
0.47 -0.03892504469337638 -1.230052989552413 0.08477264257117192 -0.3356235585626023 -0.1236976872645483 -0.8944294309898108
0.472 -0.03699462813632087 -1.228778208191811 0.08567646351833354 -0.3379973580226286 -0.1226710916546544 -0.8907808501691826
0.474 -0.03505587648597894 -1.227552504558717 0.08660126719374041 -0.3403911798789173 -0.1216571436797193 -0.8871613246797995
0.476 -0.03310793729350858 -1.226375863537368 0.08754770044389915 -0.342805347183428 -0.1206556377374077 -0.8835705163539396
0.478 -0.03114993765059473 -1.225248279178103 0.08851643470901079 -0.3452401870566966 -0.1196663723596055 -0.8800080921214066
0.48 -0.02918098300754671 -1.22416975446632 0.08950816710617282 -0.3476960305496218 -0.1186891501137195 -0.8764737239166979
0.482 -0.02720015594116883 -1.223140301069774 0.09052362156552722 -0.3501732124816586 -0.117723777506696 -0.8729670885881151
0.484 -0.02520651486957334 -1.222159939061844 0.09156355002210119 -0.3526720712530671 -0.1167700648916745 -0.8694878678087765
0.486 -0.0231990927110018 -1.221228696618075 0.09262873366619252 -0.3551929486285911 -0.1158278263771943 -0.8660357479894837
0.488 -0.0211768954835526 -1.22034660968314 0.09371998425532257 -0.3577361894897385 -0.1148968797388752 -0.8626104201934013
0.49 -0.01913890084253396 -1.219513721605151 0.09483814549096216 -0.3603021415526425 -0.1139770463334961 -0.8592115800525091
0.492 -0.01708405655209849 -1.218730082733768 0.09598409446329982 -0.3628911550479835 -0.1130681510153983 -0.8558389276857842
0.494 -0.01501127888757553 -1.217995749978464 0.09715874316756576 -0.3655035823593898 -0.1121700220551413 -0.8524921676190739
0.496 -0.01291945096476638 -1.21731078632285 0.09836304009557718 -0.3681397776162283 -0.1112824910603436 -0.8491710087066217
0.498 -0.01080742099235885 -1.216675260290566 0.09959797190628261 -0.3708000962363594 -0.1104053928986415 -0.8458751640542068
0.5 -0.008674000443398472 -1.216089245357859 0.1008645651793036 -0.3734848944139964 -0.1095385656227021 -0.8426043509438622
0.502 -0.006517962141544875 -1.215552819307598 0.1021638882556835 -0.3761945285474652 -0.1086818503972284 -0.8393582907601331
0.504 -0.004338038257774207 -1.215066063518837 0.1034970531701224 -0.3789293546009925 -0.1078350914278966 -0.836136708917844
0.506 -0.00213291821293142 -1.214629062185557 0.1048652176792362 -0.3816897273942215 -0.1069981358921676 -0.8329393347913356
0.508 9.875351866912851e-05 -1.214241901457742 0.1062695873905869 -0.3844759998125999 -0.1061708338719177 -0.8297659016451417
0.51 0.002358379709452976 -1.213904668497071 0.1077114179972859 -0.3872885219309978 -0.1053530382878329 -0.8266161465660736
0.512 0.004647412787740932 -1.213617450439016 0.1091920176232564 -0.3901276400423402 -0.1045446048355155 -0.823489810396676
0.514 0.00696735736111205 -1.213380333252206 0.1107127492843648 -0.3929936955821761 -0.1037453919232528 -0.8203866376700297
0.516 0.009319772859373701 -1.213193400485199 0.1122750334707713 -0.3958870239393352 -0.1029552606113976 -0.817306376545864
0.518 0.0117062763026857 -1.21305673188974 0.1138803508560006 -0.3988079531417837 -0.1021740745533149 -0.814248778747956
0.52 0.01412854520054403 -1.212970401908688 0.1155302451383917 -0.4017568024059062 -0.1014016999378477 -0.8112135995027817
0.522 0.01658832058736812 -1.212934478015664 0.1172263260206263 -0.404733880536268 -0.1006380054332582 -0.8082005974793963
0.524 0.01908741020053055 -1.212949018892102 0.1189702723331321 -0.4077394841615911 -0.09988286213260152 -0.8052095347305106
0.526 0.02162769180677784 -1.213014072426382 0.1207638353072689 -0.4107738957916393 -0.09913614350049105 -0.8022401766347429
0.528 0.02421111668282702 -1.213129673517924 0.1226088420040409 -0.4138373816779092 -0.09839772532121392 -0.7992922918400147
0.53 0.0268397132560097 -1.21329584166773 0.1245071989041691 -0.4169301894596619 -0.09766748564815936 -0.7963656522080685
0.532 0.029515590910673 -1.213512578335146 0.1264608956651941 -0.4200525455750653 -0.09694530475452111 -0.7934600327600805
0.534 0.03224094396580232 -1.213779864038614 0.1284720090510409 -0.423204652415269 -0.0962310650852386 -0.7905752116233449
0.536 0.03501805582902888 -1.214097655176143 0.1305427070391696 -0.4263866851971364 -0.09552465121014074 -0.7877109699790067
0.538 0.0378493033319801 -1.214465880539125 0.1326752531102387 -0.4295987885283075 -0.09482594977825863 -0.7848670920108176
0.54 0.04073716125108406 -1.214884437490414 0.1348720107243586 -0.4328410726355185 -0.09413484947327452 -0.782043364854896
0.542 0.04368420701749168 -1.215353187775092 0.1371354479875659 -0.4361136092246277 -0.09345124097007418 -0.7792395785504647
0.544 0.04669312561895878 -1.21587195292943 0.1394681425113313 -0.439416426937882 -0.09277501689237252 -0.7764555259915485
0.546 0.0497667146952278 -1.216440509250305 0.1418727864666099 -0.4427495063706953 -0.09210607177138209 -0.7736910028796096
0.548 0.05290788982730127 -1.217058582283834 0.1443521918327964 -0.4461127746067361 -0.09144430200549514 -0.7709458076770976
0.55 0.05611969001951193 -1.217725840788552 0.1469092958404637 -0.4495060992266522 -0.09078960582095176 -0.7682197415618995
0.552 0.05940528337108374 -1.218441890124061 0.1495471666045498 -0.4529292817413952 -0.09014188323346604 -0.7655126083826655
0.554 0.06276797293169177 -1.219206265011837 0.1522690089424761 -0.4563820503968453 -0.08950103601078428 -0.7628242146149922
0.556 0.06621120273295611 -1.220018421610359 0.1550781703691056 -0.4598640522919114 -0.08886696763614946 -0.7601543693184477
0.558 0.06973856398413408 -1.220877728841331 0.1579781472567812 -0.4633748447469141 -0.08823958327264711 -0.7575028840944168
0.56 0.07335380141656236 -1.221783458898419 0.1609725911449709 -0.4669138858536683 -0.0876187897284085 -0.7548695730447502
0.562 0.07706081975705378 -1.222734776864335 0.1640653151797015 -0.4704805241331343 -0.08700449542264771 -0.7522542527312003
0.564 0.08086369030447599 -1.223730729355387 0.1672603006569862 -0.4740739872197599 -0.0863966103525102 -0.7496567421356268
0.566 0.08476665757801427 -1.224770232106429 0.1705617036387247 -0.4776933694854735 -0.08579504606071039 -0.7470768626209551
0.568 0.08877414599770622 -1.225852056401786 0.1739738616016439 -0.4813376185089149 -0.08519971560393771 -0.744514437892871
0.57 0.09289076654983698 -1.226974814250777 0.1775013000718467 -0.4850055202885386 -0.08461053352200969 -0.7419692939622388
0.572 0.09712132337898033 -1.228136942198123 0.1811487391867328 -0.4886956830899009 -0.08402741580775247 -0.7394412591082217
0.574 0.1014708202375897 -1.229336683652164 0.184921100115179 -0.4924065198100672 -0.08345027987758934 -0.7369301638420965
0.576 0.1059444667103283 -1.230572069605268 0.1888235112531465 -0.4961362287335262 -0.08287904454281816 -0.7344358408717423
0.578 0.1105476841146943 -1.23184089761249 0.1928613140962539 -0.499882772545699 -0.0823136299815596 -0.7319581250667913
0.58 0.1152861109618799 -1.233140708886341 0.1970400686732382 -0.503643855461913 -0.08175395771135835 -0.7294968534244283
0.582 0.1201656078414938 -1.23446876335753 0.201365558403914 -0.5074168983217059 -0.08119995056242019 -0.7270518650358238
0.584 0.1251922615697394 -1.235822012543476 0.2058437942212072 -0.5111990114902888 -0.08065153265146777 -0.7246230010531872
0.586 0.1303723884144543 -1.237197070059884 0.2104810177706539 -0.5149869654024547 -0.08010862935619953 -0.7222101046574296
0.588 0.1357125361797512 -1.238590179604477 0.2152837034700868 -0.5187771585780572 -0.07957116729033553 -0.7198130210264199
0.59 0.1412194848978366 -1.239997180237528 0.2202585591770715 -0.5225655829337034 -0.07903907427923491 -0.7174315973038246
0.592 0.1469002458369114 -1.241413468781704 0.2254125251729817 -0.5263477862131866 -0.0785122793360703 -0.7150656825685172
0.594 0.1527620584894941 -1.242833959164067 0.2307527711280389 -0.5301188313595193 -0.07799071263854479 -0.7127151278045476
0.596 0.1588123851552034 -1.244253038526851 0.2362866906613405 -0.5338732526551938 -0.07747430550613714 -0.7103797858716574
0.598 0.1650589026768254 -1.245664519942529 0.2420218930546874 -0.5376050084661986 -0.07696299037786201 -0.7080595114763305
0.6 0.1715094908259108 -1.2470615915828 0.2479661916164426 -0.5413074304394296 -0.0764567007905318 -0.7057541611433703
0.602 0.1781722167649502 -1.248436762212663 0.2541275881224572 -0.5449731690246749 -0.075955371357507 -0.7034635931879879
0.604 0.1850553149375727 -1.249781802911421 0.2605142526854962 -0.548594135223024 -0.0754589377479235 -0.7011876676883968
0.606 0.1921671616548841 -1.251087684963668 0.2671344983212675 -0.5521614385047705 -0.07496733666638337 -0.6989262464588972
0.608 0.1995162435559092 -1.252344513918084 0.2739967493890079 -0.5556653208946378 -0.07448050583309869 -0.6966791930234462
0.61 0.2071111190232932 -1.253541459882534 0.2811095029877692 -0.5590950872928356 -0.07399838396447601 -0.6944463725896979
0.612 0.2149603715334075 -1.254666684213621 0.2884812822875385 -0.5624390321901112 -0.07352091075413099 -0.6922276520235101
0.614 0.2230725538121208 -1.255707262871111 0.2961205806664427 -0.5656843630472088 -0.07304802685432187 -0.690022899823902
0.616 0.231456121558783 -1.256649106846477 0.3040357954165748 -0.5688171207480192 -0.07257967385779185 -0.6878319860984582
0.618 0.2401193553914849 -1.257476880244184 0.3122351496714945 -0.5718220977050159 -0.07211579428000961 -0.6856547825391685
0.62 0.2490702695615723 -1.258173916799198 0.3207266011033708 -0.5746827544005045 -0.07165633154179848 -0.6834911623986931
0.622 0.2583165058899979 -1.258722135859271 0.3295177358423423 -0.5773811353922224 -0.07120122995234433 -0.6813410004670488
0.624 0.2678652112993515 -1.259101959150541 0.3386156459919246 -0.5798977861018402 -0.07075043469257303 -0.6792041730487011
0.626 0.2777228972599777 -1.259292229984764 0.348026789058866 -0.582211672044702 -0.07030389179888824 -0.6770805579400622
0.628 0.2878952794509217 -1.259270136960042 0.3577568275981824 -0.5843001025526622 -0.0698615481472607 -0.6749700344073802
0.63 0.2983870959664818 -1.259011144657329 0.367810447404142 -0.5861386614923151 -0.06942335143766018 -0.672872483165014
0.632 0.3092019024944744 -1.258488934343684 0.3781911526732967 -0.5877011479895969 -0.06898925017882229 -0.6707877863540874
0.634 0.3203418430724944 -1.257675358259019 0.3889010367458356 -0.5889595307375053 -0.06855919367334128 -0.6687158275215134
0.636 0.3318073953145053 -1.256540411681075 0.3999405273175867 -0.5898839200816942 -0.06813313200308141 -0.6666564915993811
0.638 0.3435970894168584 -1.255052227624724 0.4113081054317572 -0.5904425627400242 -0.06771101601489884 -0.6646096648846994
0.64 0.3557072008292416 -1.253177099719721 0.4229999981359085 -0.5906018647002319 -0.06729279730666692 -0.6625752350194896
0.642 0.3681314172396162 -1.250879539502887 0.4350098454532131 -0.5903264485316679 -0.06687842821359699 -0.6605530909712194
0.644 0.3808604815014817 -1.248122375022781 0.4473283432963299 -0.5895792520092071 -0.06646786179484827 -0.6585431230135738
0.646 0.3938818133559565 -1.244866898242126 0.4599428651763759 -0.5883216755345723 -0.06606105182041945 -0.6565452227075533
0.648 0.4071791142905538 -1.241073069178019 0.4728370670488689 -0.5865137862951242 -0.06565795275831512 -0.6545592828828953
0.65 0.4207319616435782 -1.236699784970517 0.4859904814055594 -0.5841145873507043 -0.06525851976198123 -0.6525851976198123
0.652 0.4345154001086858 -1.23170522202916 0.499378108766688 -0.5810823597981223 -0.0648627086580022 -0.6506228622310376
0.654 0.4484995410962897 -1.226047258975299 0.5129700170303442 -0.5773750857311203 -0.06447047593405449 -0.648672173244179
0.656 0.4626491829170208 -1.219683987165652 0.5267309616441304 -0.5729509587812851 -0.0640817787271095 -0.6467330283843666
0.658 0.4769234673889609 -1.21257431403255 0.5406200422008418 -0.5677689874753553 -0.06369657481188097 -0.6448053265571951
0.66 0.4912755911085234 -1.204678662198412 0.5545904136980339 -0.5617896943664603 -0.06331482258951045 -0.6428889678319523
0.662 0.5056525920941153 -1.195959764219691 0.5685890731706007 -0.5549759107945625 -0.06293648107648543 -0.6409838534251285
0.664 0.5199952345951746 -1.186383548823288 0.5825567444889596 -0.5472936631390853 -0.06256150989378491 -0.6390898856842028
0.666 0.5342380162899597 -1.175920109601738 0.5964278855462065 -0.5387131415300402 -0.06218986925624677 -0.6372069680716976
0.668 0.5483093225634138 -1.164544741393363 0.6101308425255658 -0.529209736243862 -0.06182151996215206 -0.6353350051495011
0.67 0.5621317517430859 -1.152239023136909 0.623588175126107 -0.5187651205734608 -0.0614564233830211 -0.6334739025634482
0.672 0.5756226327488383 -1.13899191912466 0.6367171742024547 -0.5073683520965033 -0.0610945414536164 -0.6316235670281571
0.674 0.5886947523021762 -1.124800863674666 0.6494305889643239 -0.4950169573625485 -0.06073583666214781 -0.6297839063121173
0.676 0.601257302457383 -1.10967278781085 0.6616375744980582 -0.4817179585878277 -0.06038027204067517 -0.6279548292230219
0.678 0.6132170507057582 -1.093625041205678 0.673244861861462 -0.4674887956123361 -0.06002781115570387 -0.626136245593342
0.68 0.6244797244038794 -1.076686159100836 0.6841581425028485 -0.4523580928346987 -0.05967841809896905 -0.6243280662661377
0.682 0.6349515891654183 -1.058896422875133 0.6942836466438222 -0.4363662197940326 -0.05933205747840398 -0.6225302030811002
0.684 0.6445411877547025 -1.040308165018133 0.7035298821639913 -0.4195655961573096 -0.05898869440928872 -0.6207425688608229
0.686 0.6531611928031105 -1.020985774966297 0.7118094873086851 -0.4020206975690023 -0.05864829450557458 -0.6189650773972949
0.688 0.6607303144157236 -1.001005371766844 0.7190411382871044 -0.3838077283282289 -0.05831082387138076 -0.6171976434386148
0.69 0.6671751936340128 -0.9804541227200454 0.7251514427266718 -0.3650139400441267 -0.05797624909265902 -0.6154401826759187
0.692 0.6724322059563334 -0.9594292034705485 0.7300767431853562 -0.345736591740028 -0.05764453722902289 -0.6136926117305206
0.694 0.6764490967238249 -0.9380364135072961 0.7337647525295624 -0.3260815653660369 -0.05731565580573753 -0.6119548481412591
0.696 0.6791863728717231 -0.9163884803845868 0.7361759456775897 -0.3061616700325389 -0.05698957280586655 -0.610226810352048
0.698 0.6806183836030026 -0.8946031046212592 0.7372846402655754 -0.2860946869216326 -0.0566662566625727 -0.6085084176996267
0.7 0.6807340357074257 -0.8728008135351939 0.7370797119589942 -0.2660012231336871 -0.05634567625156849 -0.6067995904015069
0.702 0.6795371067198527 -0.8511027046865265 0.7355649076035666 -0.2460024551424164 -0.0560278008837139 -0.6051002495441101
0.704 0.6770461395895284 -0.8296281669303551 0.732758739887286 -0.2262178498592579 -0.05571260029775757 -0.6034103170710973
0.706 0.6732939243676437 -0.808492668581047 0.7286939690208621 -0.2067629528091666 -0.05540004465321845 -0.6017297157718803
0.708 0.6683265937960835 -0.7878056977071979 0.7234166983194884 -0.1877473284368794 -0.05509010452340494 -0.6000583692703184
0.71 0.6622023788370753 -0.767668929569612 0.7169851297256435 -0.1692727275560207 -0.05478275088856821 -0.5983962020135912
0.712 0.6549900856287703 -0.7481746816756846 0.7094680407579573 -0.1514315424144353 -0.05447795512918709 -0.5967431392612493
0.714 0.6467673660201338 -0.7294046992421778 0.7009430550395153 -0.1343055921677423 -0.05417568901938138 -0.5950991070744355
0.716 0.6376188592006286 -0.7114292946534844 0.6914947839210795 -0.1179652623482087 -0.05387592472045101 -0.5934640323052757
0.718 0.6276342820165491 -0.6943068454020279 0.6812129167910873 -0.102469002815591 -0.05357863477453816 -0.5918378425864369
0.72 0.6169065408645875 -0.6780836374493847 0.6701903329629973 -0.08786317112853741 -0.05328379209840984 -0.5902204663208473
0.722 0.6055299294728411 -0.6627940261082533 0.6585212994501991 -0.0741821934366764 -0.05299136997735803 -0.5886118326715769
0.724 0.5935984655469898 -0.648460875162454 0.6462998076062051 -0.06144900361057874 -0.05270134205921533 -0.5870118715518753
0.726 0.5812044063767039 -0.6350962273505167 0.633618088725187 -0.04967571373515138 -0.05241368234848313 -0.5854205136153654
0.728 0.5684369702155182 -0.622702155497188 0.6205653354160885 -0.03886446525080115 -0.05212836520057026 -0.5838376902463869
0.73 0.5553812775492132 -0.6112717431328134 0.6072266428653527 -0.02900840958232355 -0.05184536531613951 -0.5822633335504899
0.732 0.5421175150014704 -0.6007901458226702 0.5936821727370304 -0.02009276947759452 -0.05156465773555999 -0.5806973763450757
0.734 0.5287203150923809 -0.5912356889584223 0.5800065329258437 -0.01209593680824311 -0.05128621783346275 -0.5791397521501792
0.736 0.5152583376189633 -0.582580963732253 0.5662683589323612 -0.004990568552856374 -0.0510100213133978 -0.5775903951793966
0.738 0.5017940330977627 -0.5747938897532582 0.5525300773003529 0.001255350577688152 -0.05073604420259013 -0.5760492403309463
0.74 0.4883835653790411 -0.5678387197081068 0.5388478282258339 0.006677503470764978 -0.0504642628467928 -0.5745162231788719
0.742 0.4750768689655523 -0.5616769681582652 0.5252715228707874 0.01131431180610997 -0.05019465390523502 -0.5729912799643752
0.744 0.4619178164386651 -0.5562682526786358 0.5118450107843283 0.01520609490864726 -0.04992719434566317 -0.571474347587283
0.746 0.4489444723867302 -0.5515710408726864 0.4986063338262031 0.01839432272495572 -0.04966186143947283 -0.569965363597642
0.748 0.4361894120248175 -0.5475433012436967 0.4855880447817476 0.02092096494374481 -0.04939863275693008 -0.5684642661874415
0.75 0.423680085001823 -0.5441430594419614 0.472817571164303 0.02282793474049914 -0.04913748616247992 -0.5669709941824606
0.752 0.4114392074697404 -0.5413288640863868 0.4603176072798807 0.02415662294785209 -0.04887839981014033 -0.5654854870342388
0.754 0.3994851681457174 -0.5390601682577961 0.4481065202846972 0.0249475165543697 -0.04862135213897981 -0.5640076848121658
0.756 0.387832436682043 -0.5372976339870599 0.4361987585507202 0.02523989420863153 -0.04836632186867717 -0.5625375281956914
0.758 0.3764919650719384 -0.5360033677282122 0.4246052530670997 0.02507159073843843 -0.04811328799516134 -0.5610749584666507
0.76 0.3654715749976673 -0.5351410950289547 0.4133338047839973 0.02447882247274955 -0.04786222978632997 -0.5596199175017043
0.762 0.3547763259335491 -0.5346762824940084 0.4023894527113941 0.02349606527088221 -0.04761312677784501 -0.5581723477648907
0.764 0.3444088604433259 -0.5345762147740016 0.3917748192123297 0.02215597752628832 -0.04736595876900373 -0.5567321923002899
0.766 0.3343697244662184 -0.534810033783043 0.3814904302849019 0.02048936094175107 -0.04712070581868357 -0.5552993947247941
0.768 0.3246576614833804 -0.5353487467169833 0.37153500972474 0.01852515250400414 -0.04687734824135961 -0.5538738992209874
0.77 0.3152698803235626 -0.5361652087628536 0.3619057469267553 0.0162904417672751 -0.04663586660319268 -0.5524556505301287
0.772 0.3062022970344072 -0.5372340856959229 0.3525985387525944 0.01381050824931602 -0.04639624171818722 -0.551044593945239
0.774 0.2974497517365114 -0.5385318008842301 0.3436082063809285 0.01110887442005867 -0.04615845464441702 -0.5496406753042888
0.776 0.2890062017266383 -0.5400364705792202 0.3349286884069561 0.008207370404266863 -0.04592248668031786 -0.5482438409834871
0.778 0.2808648923261327 -0.5417278307782408 0.3265532116871781 0.005126207112425905 -0.04568831936104543 -0.5468540378906668
0.78 0.273018507105466 -0.5435871584073836 0.3184744415603633 0.001884055051383515 -0.04545593445489726 -0.5454712134587671
0.782 0.2654592991760975 -0.5455971890938529 0.3106846131358951 -0.001501873454441336 -0.04522531395979764 -0.5440953156394116
0.784 0.2581792052455562 -0.547742033375118 0.3031756453453999 -0.005015740478540419 -0.0449964400998438 -0.5427262928965776
0.786 0.251169944093326 -0.5500070928262172 0.2959392394152386 -0.008642998625857944 -0.04476929532191266 -0.5413640942003592
0.788 0.2444231010561569 -0.5523789772725719 0.2889669633484833 -0.01237030825175275 -0.04454386229232645 -0.5400086690208191
0.79 0.2379302000247212 -0.5548454239881779 0.2822503239182977 -0.01618545666624853 -0.04432012389357647 -0.5386599673219294
0.792 0.2316827643512873 -0.5573952195553853 0.2757808275723908 -0.02007727999978564 -0.04409806322110351 -0.5373179395555997
0.794 0.2256723679604332 -0.5600181248759182 0.2695500315405672 -0.0240355882201273 -0.04387766358013401 -0.5359825366557909
0.796 0.2198906778462729 -0.5627048036688056 0.2635495863288437 -0.02805109363609259 -0.04365890848257078 -0.534653710032713
0.798 0.214329489029817 -0.565446754666481 0.2577712706737542 -0.0321153430993748 -0.04344178164393722 -0.5333314115671062
0.8 0.208980752945508 -0.568236247619752 0.252207019925882 -0.03622065401514907 -0.04322626698037399 -0.5320155936046029
0.802 0.2038366001266952 -0.571066263142231 0.2468489487323824 -0.0403600541920601 -0.04301234860568717 -0.5307062089501708
0.804 0.1988893579659889 -0.5739304363628353 0.2416893687944357 -0.04452722550020133 -0.04280001082844676 -0.5294032108626339
0.806 0.1941315642392326 -0.5768230043075097 0.2367208023883674 -0.04871645125823813 -0.0425892381491348 -0.5281065530492716
0.808 0.189555977003502 -0.5797387568949988 0.2319359922608438 -0.05292256723450436 -0.04238001525734175 -0.5268161896604944
0.81 0.1851555814061466 -0.5826729914062173 0.2273279084351572 -0.05714091612162352 -0.04217232702901062 -0.5255320752845938
0.812 0.180923593876277 -0.5856214702691683 0.2228897524000046 -0.06136730532660131 -0.04196615852372765 -0.524254164942567
0.814 0.1768534641118587 -0.5885803819894393 0.2186149590939175 -0.06559796790642586 -0.04176149498205881 -0.5229824140830134
0.816 0.1729388752220423 -0.5915463050508329 0.2144971970449733 -0.06982952647372979 -0.04155832182293101 -0.5217167785771032
0.818 0.1691737423376496 -0.5945161746081992 0.2105303669787071 -0.07405895989458314 -0.04135662464105751 -0.5204572147136161
0.82 0.1655522099606291 -0.5974872517960733 0.2067085991650354 -0.07828357260202419 -0.04115638920440633 -0.5192036791940491
0.822 0.1620686482870807 -0.6004570954794086 0.2030262497387918 -0.08250096635161602 -0.04095760145171109 -0.5179561291277925
0.824 0.1587176487050549 -0.603423536278695 0.1994778961950782 -0.08670901425132214 -0.04076024749002335 -0.5167145220273729
0.826 0.1554940186400625 -0.606384652708006 0.1960583322323681 -0.0909058369042447 -0.04056431359230567 -0.5154788158037613
0.828 0.1523927758965378 -0.6093387492715234 0.1927625620916026 -0.09508978050977525 -0.04036978619506477 -0.5142489687617482
0.83 0.1494091426209537 -0.6122843363724876 0.1895857945169774 -0.09925939677710784 -0.04017665189602371 -0.5130249395953798
0.832 0.1465385389934206 -0.6152201118967386 0.1865234364452533 -0.1034134245132799 -0.03998489745183271 -0.5118066873834587
0.834 0.1437765767383135 -0.6181449443408501 0.1835710865141311 -0.107550772755744 -0.03979450977581763 -0.5105941715851061
0.836 0.1411190525296389 -0.6210578573635744 0.1807245284654044 -0.1116705053281894 -0.03960547593576559 -0.5093873520353851
0.838 0.1385619413543202 -0.6239580156475799 0.177979724506067 -0.1157718267065975 -0.03941778315174684 -0.5081861889409823
0.84 0.1361013898863904 -0.6268447119656045 0.1753328086803628 -0.1198540690896539 -0.03923141879397236 -0.5069906428759506
0.842 0.1337337099151645 -0.6297173553533842 0.172780080295851 -0.1239166805758758 -0.03904637038068653 -0.5058006747775085
0.844 0.1314553718626331 -0.6325754602988565 0.170317997438727 -0.12795921435696 -0.03886262557609392 -0.5046162459418965
0.846 0.1292629984189151 -0.635418636863359 0.1679431706072353 -0.1319813188430684 -0.03868017218832021 -0.5034373180202907
0.848 0.1271533583181172 -0.6382465816577091 0.165652356485523 -0.1359827286429386 -0.03849899816740576 -0.5022638530147705
0.85 0.1251233602723552 -0.641059069601802 0.1634424518756872 -0.1399632563274608 -0.03831909160333199 -0.5010958132743413
0.852 0.1231700470774632 -0.6438559464017697 0.1613104878015427 -0.1439227849107585 -0.0381404407240795 -0.4999331614910112
0.854 0.1212905899001891 -0.6466371216843398 0.1592536237939066 -0.1478612609884205 -0.03796303389371752 -0.4987758606959193
0.856 0.1194822827536139 -0.6494025627330167 0.157269142364138 -0.1517786884774995 -0.03778685961052408 -0.4976238742555171
0.858 0.1177425371652623 -0.6521522887747027 0.1553544436703987 -0.1556751229069021 -0.03761190650513641 -0.4964771658678006
0.86 0.1160688770400308 -0.6548863657701209 0.1535070403787616 -0.1595506662115289 -0.0374381633387308 -0.4953356995585921
0.862 0.1144589337182319 -0.6576049016652479 0.1517245527194636 -0.1634054619873747 -0.03726561900123174 -0.4941994396778732
0.864 0.1129104412279283 -0.6603080420640791 0.1500047037374777 -0.1672396911679147 -0.03709426250954941 -0.4930683508961644
0.866 0.1114212317292686 -0.6629959662868248 0.1483453147351139 -0.1710535680858701 -0.03692408300584533 -0.4919423982009546
0.868 0.109989231147574 -0.6656688837806983 0.1467443009033995 -0.1748473368875207 -0.03675506975582551 -0.4908215468931775
0.87 0.1086124549914318 -0.6683270308527094 0.1451996671384923 -0.1786212682689763 -0.03658721214706052 -0.4897057625837331
0.872 0.1072890043511644 -0.6709706676970238 0.1437095040384966 -0.1823756565069664 -0.03642049968733226 -0.4885950111900574
0.874 0.1060170620726674 -0.6736000756916677 0.1422719840756741 -0.1861108167589317 -0.03625492200300668 -0.487489258932736
0.876 0.1047948891014213 -0.6762155549411398 0.1408853579388534 -0.1898270826089781 -0.03609046883743209 -0.4863884723321617
0.878 0.10362082099102 -0.6788174220439736 0.1395479510403827 -0.1935248038387365 -0.03592713004936265 -0.4852926182052371
0.88 0.1024932645705142 -0.6814060080658818 0.1382581601819207 -0.1972043444037622 -0.03576489561140657 -0.4842016636621196
0.882 0.1014106947648067 -0.6839816567006691 0.1370144503733051 -0.2008660805976596 -0.03560375560849843 -0.4831155761030094
0.884 0.1003716515622639 -0.6865447226027164 0.1358153517986594 -0.2045103993877379 -0.03544370023639548 -0.4820343232149785
0.886 0.09937473712365497 -0.689095569876462 0.1346594569238522 -0.2081376969076202 -0.0352847198001972 -0.4809578729688418
0.888 0.09841861302677009 -0.691634570709053 0.133545417739658 -0.2117483770929843 -0.03512680471288791 -0.4798861936160687
0.89 0.09750199764098785 -0.6941621041339241 0.1324719431348897 -0.2153428504481903 -0.0349699454939019 -0.4788192536857337
0.892 0.09662366362622962 -0.696678554914111 0.1314377963939404 -0.2189215329326026 -0.03481413276771082 -0.4777570219815084
0.894 0.09578243555091195 -0.6991843125347657 0.1304417928133446 -0.222484844956076 -0.0346593572624327 -0.4766994675786897
0.896 0.09497718762362745 -0.7016797702954889 0.12948279743209 -0.2260332104742204 -0.03450560980846256 -0.4756465598212685
0.898 0.0942068415333884 -0.7041653244939631 0.1285597228705123 -0.2295670561749279 -0.03435288133712393 -0.4745982683190352
0.9 0.09347036439356665 -0.7066413736928134 0.1276715272729077 -0.2330868107480917 -0.03420116287934102 -0.4735545629447217
0.902 0.0927667667847235 -0.7091083180625106 0.1268172123490547 -0.2365929042313297 -0.03405044556433122 -0.472515413831181
0.904 0.09209510089170783 -0.7115665587938834 0.1259958215100254 -0.2400857674252816 -0.03390072061831761 -0.4714807913686018
0.906 0.09145445873068242 -0.7140164975739589 0.1252064380939434 -0.2435658313721988 -0.03375197936326094 -0.4704506662017602
0.908 0.09084397046179665 -0.7164585361197356 0.1244481836774076 -0.2470335268924317 -0.03360421321561097 -0.469425009227304
0.91 0.09026280278344104 -0.7188930757649304 0.1237202164685177 -0.2504892841738571 -0.03345741368507666 -0.4684037915910733
0.912 0.08971015740424236 -0.7213205170948961 0.1230217297776574 -0.2539335324094413 -0.03331157237341509 -0.4673869846854548
0.914 0.0891852695890873 -0.7237412596255623 0.1223519505623257 -0.2573666994787941 -0.03316668097323844 -0.4663745601467682
0.916 0.08868740677555639 -0.7261557015227192 0.1217101380423956 -0.2607892116700313 -0.0330227312668392 -0.4653664898526879
0.918 0.0882158672575037 -0.7285642393577998 0.1210955823825365 -0.2642014934381052 -0.03287971512503284 -0.4643627459196946
0.92 0.08776997893250099 -0.7309672678971264 0.1205076034385189 -0.267603967196566 -0.03273762450601785 -0.4633633007005604
0.922 0.08734909811003923 -0.7333651799217533 0.1199455495642922 -0.2709970531398876 -0.03259645145425301 -0.4623681267818657
0.924 0.0869526083776523 -0.7357583660749937 0.1194087964770035 -0.2743811690934474 -0.0324561880993512 -0.4613771969815463
0.926 0.08657991952214701 -0.7381472147352561 0.1188967461771369 -0.2777567303887849 -0.03231682665498987 -0.4603904843464712
0.928 0.08623046650325333 -0.7405321119120647 0.1184088259210909 -0.2811241497620138 -0.03217835941783762 -0.4594079621500509
0.93 0.08590370847726225 -0.7429134411629914 0.1179444872437589 -0.2844838372731157 -0.03204077876649668 -0.4584296038898757
0.932 0.08559912786823684 -0.7452915835297196 0.1175032050286981 -0.2878362002443368 -0.03190407716046124 -0.4574553832853828
0.934 0.08531622948448543 -0.747666917491594 0.1170844766235763 -0.2911816432160417 -0.03176824713909089 -0.4564852742755522
0.936 0.08505453967823406 -0.7500398189349239 0.1166878209988335 -0.2945205679182918 -0.03163328132059945 -0.4555192510166321
0.938 0.08481360554640718 -0.7524106611366754 0.1163127779474657 -0.2978533732567842 -0.03149917240105856 -0.4545572878798912
0.94 0.08459299417057019 -0.7547798147613446 0.115958907323986 -0.301180455311946 -0.03136591315341586 -0.4535993594493986
0.942 0.08439229189425508 -0.7571476478696182 0.1156257883207828 -0.3045022073497854 -0.03123349642652774 -0.4526454405198327
0.944 0.08421110363588841 -0.7595145259378606 0.1153130187800944 -0.3078190198435457 -0.03110191514420602 -0.451695506094315
0.946 0.08404905223569964 -0.7618808118873722 0.1150202145399783 -0.311131280505101 -0.03097116230427868 -0.4507495313822713
0.948 0.0839057778350193 -0.7642468661225997 0.1147470088126836 -0.3144393743252806 -0.03084123097766429 -0.4498074917973192
0.95 0.08378093728654562 -0.7666130465773155 0.1144930515940054 -0.3177436836221347 -0.03071211430745974 -0.4488693629551809
0.952 0.08367420359413422 -0.7689797087680956 0.1142580091021756 -0.3210445880964737 -0.03058380550804141 -0.4479351206716219
0.954 0.08358526538079607 -0.7713472058544862 0.1140415632449752 -0.3243424648940721 -0.03045629786417916 -0.4470047409604141
0.956 0.08351382638368261 -0.7737158887050555 0.1138434111138459 -0.3276376886737311 -0.03032958473016327 -0.4460782000313244
0.958 0.08345960497485375 -0.7760861059688485 0.1136632645037976 -0.3309306316807218 -0.03020365952894388 -0.4451554742881267
0.96 0.08342233370668613 -0.7784582041518311 0.113500849457969 -0.3342216638251923 -0.03007851575128285 -0.4442365403266388
0.962 0.0834017588809232 -0.7808325276976367 0.113355905835841 -0.3375111527648539 -0.02995414695491775 -0.4433213749327828
0.964 0.08339764014032543 -0.7832094190723117 0.1132281869040634 -0.3407994639916438 -0.02983054676373798 -0.4424099550806678
0.966 0.08340975008197721 -0.7855892188527458 0.1131174589489496 -0.3440869609220485 -0.02970770886697238 -0.4415022579306972
0.968 0.08343787389139103 -0.7879722658182657 0.1130235009097798 -0.3473740049905679 -0.0295856270183888 -0.4405982608276978
0.97 0.08348180899654899 -0.7903588970451344 0.1129461040320537 -0.3506609557460634 -0.02946429503550476 -0.439697941299071
0.972 0.08354136474108258 -0.79274944800382 0.1128850715398921 -0.3539481709508528 -0.02934370679880953 -0.4388012770529672
0.974 0.08361636207587275 -0.7951442526585237 0.1128402183268699 -0.3572360066820434 -0.02922385625099715 -0.4379082459764804
0.976 0.0837066332683522 -0.797543643568881 0.1128113706645625 -0.3605248174350152 -0.02910473739621033 -0.4370188261338658
0.978 0.08381202162884402 -0.7999479519936981 0.112798365928139 -0.3638149562289205 -0.02898634429929504 -0.4361329957647775
0.98 0.08393238125333262 -0.8023575079963277 0.1128010523383983 -0.3671067747137998 -0.02886867108506563 -0.4352507332825279
0.982 0.08406757678208533 -0.8047726405516846 0.1128192887196656 -0.370400623279318 -0.02875171193758028 -0.4343720172723666
0.984 0.08421748317356131 -0.8071936776547464 0.1128529442729879 -0.373696851164966 -0.02863546109942655 -0.4334968264897804
0.986 0.08438198549311923 -0.809620946430309 0.1129018983641364 -0.3769958065714951 -0.02851991287101715 -0.432625139858814
0.988 0.08456097871603965 -0.8120547732439138 0.1129660403259349 -0.3802978367735055 -0.02840506160989529 -0.4317569364704084
0.99 0.0847543675444066 -0.8144954838139948 0.1130452692744566 -0.3836032882332338 -0.02829090173004997 -0.430892195580761
0.992 0.08496206623745656 -0.8169434033249013 0.1131394939386972 -0.3869125067151977 -0.02817742770124066 -0.4300308966097037
0.994 0.08518399845498888 -0.8193988565408725 0.1132486325033203 -0.3902258374017728 -0.02806463404833147 -0.4291730191390997
0.996 0.08542009711349639 -0.8218621679209853 0.1133726124641309 -0.3935436250097248 -0.02795251535063447 -0.4283185429112605
0.998 0.08567030425468004 -0.8243336617347635 0.1135113704959422 -0.3968662139073841 -0.02784106624126218 -0.4274674478273794
1 0.08593457092605057 -0.8268136621786222 0.1136648523325396 -0.4001939482326373 -0.02773028140648902 -0.4266197139459849
1.002 0.08621285707333724 -0.8293024934930655 0.1138330126584587 -0.4035271720116546 -0.02762015558512147 -0.425775321481411
1.004 0.08650513144445436 -0.8318004800805143 0.1140158150123314 -0.4068662292782289 -0.02751068356787705 -0.4249342508022855
1.006 0.08681137150479634 -0.8343079466238048 0.1142132317015681 -0.4102114641937685 -0.02740186019677173 -0.4240964824300363
1.008 0.08713156336365745 -0.8368252182054081 0.1144252437281732 -0.4135632211679942 -0.02729368036451578 -0.4232619970374139
1.01 0.08746570171160048 -0.8393526204272324 0.1146518407255184 -0.4169218449802007 -0.02718613901391789 -0.4224307754470317
1.012 0.08781378976860207 -0.8418904795310063 0.1148930209058995 -0.420287680901083 -0.02707923113729744 -0.4216027986299232
1.014 0.08817583924285416 -0.8444391225194259 0.115148791018759 -0.4236610748153107 -0.02697295177590483 -0.4207780477041153
1.016 0.0885518703000895 -0.8469988772778319 0.115419166319439 -0.4270423733446144 -0.02686729601934955 -0.4199565039332175
1.018 0.08894191154334963 -0.8495700726964845 0.1157041705483859 -0.4304319239714556 -0.02676225900503622 -0.4191381487250289
1.02 0.08934600000311058 -0.8521530387936267 0.1160038359207187 -0.4338300751634677 -0.02665783591760817 -0.418322963630159
1.022 0.08976418113771953 -0.8547481068390743 0.1163182031261181 -0.4372371764984082 -0.02655402198839853 -0.4175109303406661
1.024 0.09019650884410439 -0.8573556094784835 0.1166473213389932 -0.4406535787897736 -0.02645081249488881 -0.4167020306887099
1.026 0.09064304547874315 -0.8599758808583771 0.1169912482389179 -0.4440796342131575 -0.02634820276017473 -0.4158962466452196
1.028 0.09110386188890254 -0.8626092567518118 0.1173500500413418 -0.4475156964332339 -0.02624618815243926 -0.4150935603185779
1.03 0.09157903745416766 -0.8652560746847202 0.1177238015386004 -0.4509621207314012 -0.02614476408443275 -0.414293953953319
1.032 0.09206866013831 -0.8679166740631005 0.11811258615127 -0.4544192641342591 -0.02604392601295997 -0.4134974099288413
1.034 0.09257282655156658 -0.8705913963008778 0.1185164959899407 -0.4578874855427421 -0.0259436694383741 -0.4127039107581358
1.036 0.0930916420234037 -0.8732805849485028 0.1189356319274811 -0.4613671458619761 -0.02584398990407745 -0.4119134390865267
1.038 0.09362522068588558 -0.8759845858224773 0.1193701036819143 -0.4648586081320488 -0.02574488299602876 -0.4111259776904285
1.04 0.09417368556776601 -0.8787037471355605 0.1198200299100232 -0.4683622376594453 -0.02564634434225721 -0.4103415094761153
1.042 0.0947371686994563 -0.8814384196278344 0.120285538311839 -0.4718784021493299 -0.02554836961238273 -0.4095600174785046
1.044 0.09531581122903704 -0.8841889566986646 0.1207667657461798 -0.4754074718387102 -0.02545095451714275 -0.4087814848599544
1.046 0.09590976354950559 -0.8869557145394774 0.1212638583574309 -0.4789498196304033 -0.02535409480792526 -0.4080058949090741
1.048 0.09651918543747232 -0.8897390522673575 0.1217769717137802 -0.4825058212278091 -0.02525778627630787 -0.4072332310395484
1.05 0.0971442462035419 -0.8925393320596493 0.122306270957145 -0.4860758552706754 -0.02516202475360314 -0.4064634767889738
1.052 0.09778512485463735 -0.8953569192893297 0.1228519309650471 -0.4896603034716205 -0.02506680611040979 -0.4056966158177092
1.054 0.09844201026855413 -0.8981921826612909 0.1234141365247239 -0.493259550753553 -0.02497212625616979 -0.4049326319077379
1.056 0.0991151013810472 -0.9010454943495873 0.1239930825197785 -0.4968739853880444 -0.02487798113873133 -0.4041715089615428
1.058 0.09980460738578684 -0.9039172301354712 0.1245889741297043 -0.5005039991344769 -0.02478436674391742 -0.4034132310009944
1.06 0.1005107479475359 -0.9068077695463057 0.1252020270426361 -0.5041499873800556 -0.02469127909510024 -0.4026577821662501
1.062 0.1012337534289537 -0.9097174959954144 0.1258324676817346 -0.5078123492807478 -0.02459871425278091 -0.4019051467146666
1.064 0.1019738651314124 -0.9126467969226769 0.1264805334455872 -0.5114914879029538 -0.02450666831417481 -0.4011553090197231
1.066 0.1027313355502994 -0.9155960639359582 0.1271464729631016 -0.5151878103660008 -0.02441513741280227 -0.4004082535699574
1.068 0.1035064286452503 -0.9185656929532777 0.1278305463633349 -0.5189017279853647 -0.02432411771808459 -0.3996639649679131
1.07 0.1042994201258515 -0.9215560843457586 0.1285330255607967 -0.5226336564166603 -0.02423360543494523 -0.3989224279290983
1.072 0.1051105977533202 -0.9245676430811596 0.1292541945567364 -0.5263840158002038 -0.02414359680341616 -0.3981836272809558
1.074 0.1059402616587456 -0.9276007788680037 0.1299943497569951 -0.5301532309061597 -0.02405408809824941 -0.397447547961844
1.076 0.1067887246785164 -0.9306559063003055 0.1307538003070498 -0.5339417312802757 -0.02396507562853339 -0.3967141750200298
1.078 0.1076563127075596 -0.9337334450026358 0.131532868444874 -0.5377499513899445 -0.02387655573731441 -0.3959834936126913
1.08 0.1085433650710758 -0.9368338197754912 0.1323318898722986 -0.5415783307705586 -0.02378852480122279 -0.3952554890049326
1.082 0.1094502349155212 -0.9399574607409548 0.1331512141456252 -0.5454273141721471 -0.02370097923010397 -0.3945301465688077
1.084 0.1103772896195867 -0.9431048034883335 0.1339912050862409 -0.5492973517059773 -0.0236139154666542 -0.3938074517823562
1.086 0.1113249112259803 -0.9462762892196803 0.1348522412120412 -0.5531888989910314 -0.02352732998606094 -0.3930873902286489
1.088 0.1122934968949124 -0.9494723648951409 0.1357347161905602 -0.5571024173002975 -0.02344121929564781 -0.3923699475948433
1.09 0.1132834593801599 -0.9526934833777483 0.1366390393146839 -0.5610383737064981 -0.02335557993452409 -0.3916551096712501
1.092 0.1142952275286735 -0.9559401035774817 0.1375656360019122 -0.5649972412270732 -0.0232704084732386 -0.3909428623504085
1.094 0.1153292468047982 -0.959212690594536 0.1385149483182363 -0.568979498968363 -0.02318570151343806 -0.3902331916261729
1.096 0.1163859798401088 -0.9625117158612131 0.1394874355276385 -0.5729856322684054 -0.02310145568752965 -0.3895260835928077
1.098 0.1174659070100483 -0.9658376572823157 0.1404835746683963 -0.5770161328382228 -0.02301766765834794 -0.388821524444093
1.1 0.1185695270385789 -0.9691909993737692 0.1415038611574048 -0.5810714989013301 -0.02293433411882594 -0.388119500472439
1.102 0.1196973576320697 -0.97257223339887 0.14254880942374 -0.585152235330859 -0.02285145179167034 -0.387419998068011
1.104 0.1208499361437849 -0.9759818575018654 0.1436189535728256 -0.589258853784004 -0.02276901742904075 -0.3867230037178614
1.106 0.1220278202704215 -0.9794203768385199 0.1447148480826546 -0.5933918728334463 -0.02268702781223308 -0.3860285040050737
1.108 0.1232315887821128 -0.982888303702866 0.1458370685334796 -0.5975518180949528 -0.02260547975136675 -0.3853364856079132
1.11 0.1244618422875334 -0.9863861576497941 0.1469862123726093 -0.6017392223508061 -0.02252437008507588 -0.384646935298988
1.112 0.1257192040357682 -0.9899144656128767 0.1481628997159725 -0.6059546256684581 -0.02244369568020432 -0.3839598399444185
1.114 0.1270043207566504 -0.9934737620165346 0.1493677741881549 -0.6101985755135194 -0.02236345343150447 -0.3832751865030151
1.116 0.1283178635414496 -0.997064588881923 0.1506015038027894 -0.6144716268564574 -0.02228364026133984 -0.3825929620254656
1.118 0.1296605287658981 -1.000687495925834 0.1518647818852894 -0.6187743422723045 -0.02220425311939126 -0.3819131536535297
1.12 0.131033039057535 -1.004343040651389 0.1531583280399018 -0.6231072920321459 -0.02212528898236681 -0.3812357486192436
1.122 0.1324361443095901 -1.008031788429755 0.1544828891633053 -0.627471054185624 -0.02204674485371527 -0.3805607342441312
1.124 0.133870622743717 -1.011754312571789 0.1558392405070601 -0.6318662146333645 -0.02196861776334306 -0.3798880979384247
1.126 0.1353372820239298 -1.015511194388245 0.1572281867912646 -0.6362933671879524 -0.02189090476733486 -0.379217827200293
1.128 0.1368369604243219 -1.019303023237297 0.1586505633719992 -0.6407531136222195 -0.02181360294767735 -0.3785499096150777
1.13 0.1383705280532997 -1.023130396558085 0.1601072374652864 -0.645246063703547 -0.02173670941198668 -0.3778843328545377
1.132 0.1399388881370511 -1.026993919888386 0.1615991094302901 -0.6497728352122856 -0.02166022129323901 -0.3772210846761009
1.134 0.1415429783653357 -1.030894206864909 0.1631271141148402 -0.6543340539427852 -0.02158413574950448 -0.3765601529221242
1.136 0.1431837723027111 -1.034831879204302 0.1646922222663955 -0.6589303536851404 -0.02150844996368441 -0.3759015255191613
1.138 0.1448622808684815 -1.038807566662646 0.1662954420117332 -0.6635623761854089 -0.02143316114325166 -0.3752451904772368
1.14 0.1465795538888686 -1.042821906971211 0.1679378204088628 -0.6682307710820817 -0.0213582665199942 -0.3745911358891291
1.142 0.1483366817251525 -1.046875545746153 0.1696204450749143 -0.672936195816493 -0.02128376334976176 -0.3739393499296604
1.144 0.1501347969815526 -1.050969136369152 0.1713444458937682 -0.6776793155141583 -0.02120964891221555 -0.3732898208549936
1.146 0.1519750762969736 -1.05510333983611 0.1731109968075547 -0.6824608028341739 -0.02113592051058103 -0.3726425370019363
1.148 0.1538587422249739 -1.059278824570835 0.1749213176963776 -0.6872813377835831 -0.02106257547140366 -0.3719974867872522
1.15 0.1557870652063636 -1.06349626619983 0.1767766763506712 -0.6921416074928503 -0.02098961114430755 -0.3713546587069798
1.152 0.15776136563924 -1.06775634728443 0.1786783905409972 -0.6970423059486724 -0.02091702490175715 -0.3707140413357574
1.154 0.1597830160515114 -1.072059757006154 0.180627830190333 -0.7019841336799982 -0.02084481413882158 -0.3700756233261554
1.156 0.1618534433810749 -1.076407190800377 0.1826264196540169 -0.7069677973923616 -0.02077297627294203 -0.3694393934080151
1.158 0.163974131369182 -1.08079934993327 0.1846756401128838 -0.7119940095454754 -0.02070150874370177 -0.3688053403877946
1.16 0.1661466230728944 -1.085236941016668 0.1867770320854934 -0.7170634878687476 -0.020630409012599 -0.3681734531479205
1.162 0.1683725235025599 -1.089720675454416 0.1889321980653823 -0.7221769548082683 -0.02055967456282236 -0.3675437206461474
1.164 0.1706535023907514 -1.094251268813715 0.1911428052897806 -0.7273351368987921 -0.02048930289902918 -0.3669161319149225
1.166 0.1729912970994224 -1.098829440114273 0.1934105886465487 -0.7325387640535149 -0.02041929154712629 -0.3662906760607577
1.168 0.1753877156721492 -1.103455911027083 0.1957373537262027 -0.7377885687634758 -0.02034963805405349 -0.3656673422636073
1.17 0.1778446400388119 -1.108131404974183 0.1981249800263815 -0.7430852851979308 -0.02028033998756955 -0.3650461197762519
1.172 0.1803640293804457 -1.112856646120012 0.2005754243164865 -0.7484296481963223 -0.0202113949360408 -0.3644269979236894
1.174 0.1829479236620809 -1.117632358243721 0.203090724170313 -0.7538223921411896 -0.02014280050823214 -0.3638099661025311
1.176 0.1855984473419793 -1.122459263481167 0.2056730016750799 -0.7592642497007626 -0.02007455433310057 -0.363195013780404
1.178 0.1883178132659009 -1.127338080924179 0.208324467325492 -0.7647559504288193 -0.02000665405959114 -0.3625821304953593
1.18 0.1911083267553034 -1.132269525063309 0.2110474241117387 -0.7702982192080227 -0.01993909735643529 -0.3619713058552868
1.182 0.1939723898987873 -1.137254304059256 0.2138442718107389 -0.7758917745219213 -0.01987188191195158 -0.3613625295373349
1.184 0.1969125060564877 -1.142293117826743 0.2167175114903364 -0.7815373265394062 -0.01980500543384872 -0.3607557912873366
1.186 0.1999312845871488 -1.147386655912832 0.2196697502361797 -0.7872355749935908 -0.01973846564903091 -0.3601510809192409
1.188 0.2030314458081359 -1.152535595150233 0.2227037061115414 -0.7929872068356825 -0.01967226030340551 -0.35954838831455
1.19 0.2062158261988749 -1.15774059706441 0.2258222133605677 -0.7987928936426478 -0.01960638716169288 -0.3589477034217619
1.192 0.2094873838582274 -1.163002305010959 0.2290282278654659 -0.8046532887551396 -0.01954084400723845 -0.3583490162558189
1.194 0.2128492042266519 -1.168321341017796 0.2323248328684789 -0.8105690241202347 -0.01947562864182703 -0.3577523168975611
1.196 0.2163045060839868 -1.173698302304218 0.235715244969486 -0.8165407068110333 -0.01941073888549918 -0.357157595493185
1.198 0.2198566478338808 -1.179133757446397 0.2392028204102507 -0.8225689151926884 -0.01934617257636983 -0.3565648422537084
1.2 0.2235091340855838 -1.184628242155759 0.2427910616560326 -0.8286541947013197 -0.01928192757044881 -0.3559740474544396
1.202 0.2272656225437601 -1.190182254633721 0.2464836242852238 -0.8347970531992686 -0.01921800174146373 -0.3553852014344522
1.204 0.2311299312168586 -1.195796250463032 0.2502843241975432 -0.8409979558669668 -0.01915439298068457 -0.354798294596065
1.206 0.2351060459537092 -1.201470636991822 0.2541971451504598 -0.847257319587495 -0.01909109919675061 -0.3542133174043266
1.208 0.2391981283176101 -1.207205767162637 0.2582262466331092 -0.8535755067761308 -0.01902811831549908 -0.353630260386506
1.21 0.243410523806489 -1.213001932734547 0.262375972086285 -0.85995281860296 -0.01896544827979598 -0.3530491141315867
1.212 0.2477477704259793 -1.218859356840938 0.266650857475348 -0.8663894875511705 -0.0189030870493687 -0.3524698692897671
1.214 0.2522146076213416 -1.224778185820909 0.2710556402219823 -0.8728856692489438 -0.01884103260064061 -0.3518925165719646
1.216 0.2568159855722365 -1.230758480256389 0.2755952684988041 -0.8794414335070637 -0.01877928292656756 -0.3513170467493255
1.218 0.2615570748517825 -1.236800205140518 0.2802749108882587 -0.8860567544877788 -0.01871783603647621 -0.3507434506527387
1.22 0.2664432764488002 -1.242903219096316 0.2850999664047044 -0.8927314999239608 -0.01865668995590416 -0.3501717191723548
1.222 0.2714802321490874 -1.249067262557725 0.2900760748755294 -0.8994654193006155 -0.018595842726442 -0.3496018432571096
1.224 0.2766738352667928 -1.25529194481629 0.29520912767237 -0.9062581309020386 -0.0185352924055771 -0.3490338139142518
1.226 0.2820302417127724 -1.261576729828977 0.3005052787793114 -0.9131091076201011 -0.01847503706653909 -0.3484676222088757
1.228 0.2875558813810097 -1.267920920673305 0.3059709561791569 -0.9200176614098465 -0.01841507479814724 -0.3479032592634586
1.23 0.2932574698268468 -1.274323642525504 0.3116128735315062 -0.9269829262681026 -0.01835540370465943 -0.3473407162574015
1.232 0.2991420202032879 -1.280783824027407 0.3174380421089108 -0.9340038396008317 -0.01829602190562291 -0.3467799844265756
1.234 0.3052168554120496 -1.287300176896286 0.3234537829477762 -0.9410791218334136 -0.01823692753572666 -0.3462210550628724
1.236 0.3114896204146178 -1.293871173619398 0.3296677391592733 -0.9482072541056401 -0.01817811874465552 -0.3456639195137574
1.238 0.3179682946357456 -1.30049502306246 0.3360878883326914 -0.9553864538806304 -0.01811959369694583 -0.3451085691818297
1.24 0.3246612043771353 -1.307169643808096 0.342722554948978 -0.9626146482837109 -0.01806135057184274 -0.3445549955243846
1.242 0.3315770351404401 -1.313892635025231 0.3495804227035992 -0.9698894449722504 -0.01800338756315919 -0.3440031900529802
1.244 0.3387248437390557 -1.32066124465646 0.356670546618192 -0.9772081003234513 -0.01794570287913631 -0.3434531443330087
1.246 0.3461140700545358 -1.327472334695192 0.3640023647968413 -0.9845674847119197 -0.01788829474230552 -0.3429048499832719
1.248 0.353754548265297 -1.334322343308188 0.371585709654649 -0.9919640446326284 -0.01783116138935208 -0.3423582986755599
1.25 0.3616565173445224 -1.341207243544333 0.3794308184155026 -0.9993937614100983 -0.01777430107098019 -0.3418134821342344
1.252 0.3698306305881039 -1.34812249835507 0.3875483426398835 -1.006852106219255 -0.01771771205177956 -0.3412703921358155
1.254 0.3782879638908777 -1.355063011636614 0.3959493565009712 -1.014333991128041 -0.0176613926100935 -0.3407290205085731
1.256 0.3870400224427934 -1.362023074990975 0.4046453634806818 -1.021833715858854 -0.01760534103788843 -0.3401893591321209
1.258 0.3960987454627246 -1.368996309891193 0.4136483011033494 -1.029344909954177 -0.01754955564062483 -0.3396513999370159
1.26 0.4054765085245562 -1.375975604925695 0.4229705432616859 -1.036860470021335 -0.01749403473712967 -0.3391151349043598
1.262 0.415186122961682 -1.382953047791673 0.4326248996211521 -1.044372491726268 -0.01743877665947014 -0.338580556065405
1.264 0.4252408317565912 -1.389919851705713 0.4426246115094201 -1.051872196204548 -0.01738377975282891 -0.3380476555011652
1.266 0.4356543012326 -1.396866275904093 0.4529833436079806 -1.059349850562065 -0.01732904237538056 -0.3375164253420276
1.268 0.4464406077654185 -1.40378153991793 0.4637151706635881 -1.06679468215056 -0.01727456289816962 -0.3369868577673704
1.27 0.4576142186213094 -1.410653731330933 0.474834558326299 -1.07419478632575 -0.01722033970498968 -0.336458945005183
1.272 0.4691899659032757 -1.417469706761329 0.4863563370955397 -1.081537027429639 -0.01716637119226402 -0.3359326793316899
1.274 0.4811830124509607 -1.424214985860081 0.4982956682198882 -1.088806932789103 -0.01711265576892747 -0.3354080530709784
1.276 0.4936088083902935 -1.430873638186676 0.510668000246603 -1.095988579592047 -0.01705919185630947 -0.334885058594629
1.278 0.506483036864191 -1.437428162914795 0.5234890147522097 -1.103064474593445 -0.01700597788801859 -0.3343636883213501
1.28 0.5198215473007987 -1.443859361440434 0.5367745596106268 -1.110015426723818 -0.01695301230982813 -0.3338439347166154
1.282 0.5336402743885567 -1.450146203117981 0.5505405679681197 -1.116820412825676 -0.01690029357956305 -0.3333257902923051
1.284 0.5479551407291454 -1.456265684541677 0.5648029608961335 -1.123456436935328 -0.01684782016698809 -0.3328092476063492
1.286 0.5627819409369865 -1.462192683029054 0.5795775314906836 -1.129898383766677 -0.01679559055369711 -0.3322942992623766
1.288 0.5781362047497854 -1.467899805256213 0.5948798079827891 -1.136118867346849 -0.01674360323300364 -0.3317809379093645
1.29 0.5940330365127084 -1.473357232349956 0.610724893222541 -1.142088076108663 -0.01669185670983258 -0.3312691562412927
1.292 0.6104869282134167 -1.478532563169407 0.6271272777140297 -1.147773616172606 -0.01664034950061305 -0.3307589469968009
1.294 0.6275115430846013 -1.483390658017461 0.6441006232177738 -1.153140355058612 -0.01658908013317247 -0.3302503029588489
1.296 0.6451194666659985 -1.487893485619263 0.6616575138126302 -1.158150268664883 -0.01653804714663168 -0.3297432169543794
1.298 0.6633219221566931 -1.491999976900307 0.6798091712479943 -1.162762295046322 -0.01648724909130123 -0.3292376818539847
1.3 0.682128446905961 -1.495665889895636 0.6985651314345398 -1.166932199324059 -0.01643668452857881 -0.3287336905715762
1.302 0.7015465270162089 -1.498843691029066 0.7179328790470566 -1.170612454965009 -0.01638635203084767 -0.3282312360640565
1.304 0.7215811873029745 -1.501482459017003 0.7379174374843508 -1.173752147686008 -0.01633625018137627 -0.3277303113309948
1.306 0.7422345343083887 -1.503527818769022 0.7585209118826076 -1.176296909354717 -0.01628637757421886 -0.3272309094143051
1.308 0.763505250740545 -1.504921913863496 0.7797419835546622 -1.178188890465569 -0.01623673281411718 -0.3267330233979274
1.31 0.785388040665676 -1.50560342744666 0.8015753551820792 -1.179366781039148 -0.01618731451640325 -0.3262366464075118
1.312 0.8078730260638877 -1.505507662698767 0.8240111473707907 -1.179765891088662 -0.01613812130690308 -0.3257417716101051
1.314 0.8309450970213899 -1.504566695278249 0.8470342488432313 -1.179318303064408 -0.01608915182184145 -0.3252483922138409
1.316 0.8545832199375514 -1.502709611317303 0.8706236246452992 -1.177953109849671 -0.01604040470774776 -0.3247565014676315
1.318 0.8787597107060334 -1.499862845503059 0.8947515893273962 -1.175596752842195 -0.01599187862136277 -0.3242660926608635
1.32 0.9034394829279204 -1.49595063441268 0.9193830551574668 -1.172173475289584 -0.01594357222954637 -0.3237771591230956
1.322 0.9285792848313935 -1.49089560042861 0.9444747690405798 -1.167605906204851 -0.01589548420918634 -0.3232896942237591
1.324 0.9541269426941681 -1.484619481062323 0.9699745559412761 -1.161815789690462 -0.01584761324710801 -0.3228036913718615
1.326 0.9800206331135961 -1.477044017163909 0.995820591153581 -1.154724873148217 -0.0157999580399849 -0.3223191440156921
1.328 1.006188211321356 -1.468092011077615 1.021940728615607 -1.146255965435085 -0.01575251729425036 -0.3218360456425304
1.33 1.032546627698555 -1.45768856210389 1.048251917424565 -1.136334172325532 -0.01570528972600998 -0.321354389778358
1.332 1.05900146942768 -1.445762481453428 1.074659743488635 -1.124888311465857 -0.01565827406095504 -0.320874169987571
1.334 1.085446668441318 -1.432247882084228 1.101058137475595 -1.111852502211531 -0.01561146903427687 -0.3203953798726977
1.336 1.111764420042598 -1.417085930321912 1.12732929343318 -1.097167917247796 -0.01556487339058199 -0.3199180130741159
1.338 1.137825358221281 -1.400226736035053 1.153343844105089 -1.080784672765278 -0.01551848588380821 -0.3194420632697752
1.34 1.163489033176446 -1.381631346580453 1.178961338453588 -1.062663822405533 -0.01547230527714163 -0.3189675241749198
1.342 1.188604733276148 -1.361273797150824 1.204031063619083 -1.042779407609009 -0.01542633034293442 -0.3184943895418151
1.344 1.213012687069276 -1.339143157187481 1.2283932469319 -1.021120504028004 -0.01538055986262348 -0.3180226531594763
1.346 1.236545670580397 -1.315245500041228 1.251880663207047 -0.9976931911878294 -0.01533499262665 -0.3175523088533985
1.348 1.259031030768983 -1.289605712149951 1.274320658203363 -0.97252236166466 -0.01528962743437975 -0.3170833504852908
1.35 1.280293117820348 -1.262269049921512 1.295537580914373 -0.9456532779687008 -0.01524446309402424 -0.3166157719528112
1.352 1.300156097376848 -1.233302348588271 1.315355595799411 -0.9171527813989664 -0.01519949842256273 -0.3161495671893048
1.354 1.318447089905319 -1.202794788785748 1.333601822150984 -0.8871100586222037 -0.01515473224566496 -0.3156847301635439
1.356 1.334999559576896 -1.170858134534742 1.350109722974511 -0.8556368796552719 -0.01511016339761472 -0.3152212548794703
1.358 1.349656851188375 -1.137626371280429 1.364722641909609 -0.8228672359044892 -0.01506579072123424 -0.3147591353759399
1.36 1.362275752949468 -1.103254694658496 1.377297366017277 -0.7889563289320266 -0.01502161306780922 -0.3142983657264699
1.362 1.372729947641466 -1.067917829016103 1.387707576938481 -0.7540788889771161 -0.01497762929701481 -0.3138389400389873
1.364 1.380913206791942 -1.031807687928101 1.395847045068784 -0.7184268354725208 -0.01493383827684218 -0.3133808524555806
1.366 1.386742183715919 -0.9951304247829093 1.401632422599445 -0.6822063276306564 -0.01489023888352594 -0.3129240971522529
1.368 1.390158672404147 -0.9581029572159627 1.40500550240562 -0.645634288877285 -0.01484683000147225 -0.3124686683386776
1.37 1.39113122022152 -0.9209490816833783 1.405934830744708 -0.6089345214254225 -0.01480361052318768 -0.3120145602579558
1.372 1.389656012106862 -0.8838953207984379 1.404416591456071 -0.5723335536120617 -0.01476057934920878 -0.3115617671863761
1.374 1.385756980351293 -0.8471666636717365 1.400474715739326 -0.5360563802385599 -0.01471773538803237 -0.3111102834331765
1.376 1.379485134216261 -0.8109823666495339 1.394160211772308 -0.500322263309226 -0.01467507755604652 -0.310660103340308
1.378 1.370917144314505 -0.7755519777992528 1.385549749091967 -0.4653407565170526 -0.01463260477746227 -0.3102112212822001
1.38 1.360153254440003 -0.7410717336644003 1.374743570424249 -0.4313081019988708 -0.01459031598424596 -0.3097636316655295
1.382 1.347314625374159 -0.7077214526946745 1.361862835490211 -0.398404123765685 -0.01454821011605233 -0.3093173289289894
1.384 1.332540238779721 -0.6756620186803802 1.347046524899879 -0.3667897111373192 -0.01450628612015821 -0.308872307543061
1.386 1.315983503233233 -0.6450335124004027 1.33044804618463 -0.3366049503906149 -0.01446454295139698 -0.3084285620097878
1.388 1.29780870838008 -0.6159540135969672 1.312231687952173 -0.3079679267344164 -0.01442297957209352 -0.3079860868625509
1.39 1.278187467738557 -0.5885190611935125 1.292569062690557 -0.2809741845276659 -0.01438159495200002 -0.3075448766658466
1.392 1.257295277251745 -0.562801729771556 1.271635665319978 -0.2556968037564901 -0.01434038806823224 -0.3071049260150658
1.394 1.235308297267175 -0.5388532564283562 1.249607655172382 -0.2321870268920806 -0.01429935790520654 -0.3066662295362756
1.396 1.212400442427633 -0.5167041351618111 1.22665894588221 -0.2104753532758089 -0.01425850345457747 -0.3062287818860023
1.398 1.188740839205016 -0.4963655860691669 1.202958662920192 -0.1905730083181509 -0.01421782371517599 -0.3057925777510159
1.4 1.164491686478008 -0.4778313034473499 1.178669004170956 -0.1724736915992321 -0.01417731769294833 -0.3053576118481179
1.402 1.139806532214528 -0.46107938940926 1.153943516615423 -0.1561555104853309 -0.01413698440089543 -0.3049238789239291
1.404 1.114828960099589 -0.4460743866823797 1.128925782958602 -0.1415830129276996 -0.01409682285901297 -0.3044913737546801
1.406 1.089691664492087 -0.4327693345084608 1.103748496586319 -0.1287092433624567 -0.01405683209423205 -0.304060091146004
1.408 1.064515880607892 -0.42110778372256 1.078532891748252 -0.1174777577898304 -0.01401701114036039 -0.3036300259327296
1.41 1.039411129190692 -0.411025720020274 1.053388488228716 -0.1078245470415966 -0.01397735903802414 -0.3032011729786774
1.412 1.014475230775584 -0.4024533571877938 1.028413105610194 -0.099679830011337 -0.01393787483461027 -0.3027735271764568
1.414 0.989794543419099 -0.3953167739622162 1.003693101003309 -0.09296969051495099 -0.01389855758420951 -0.3023470834472652
1.416 0.9654443788760729 -0.3895393787480334 0.9793037852236328 -0.08761754200734463 -0.01385940634755987 -0.3019218367406888
1.418 0.9414895550421157 -0.3850431953758274 0.9553099752341064 -0.08354541334132295 -0.01382042019199069 -0.3014977820345044
1.42 0.9179850464670791 -0.3817499703549182 0.9317666446584464 -0.08067505602043386 -0.01378159819136724 -0.3010749143344844
1.422 0.8949766994137387 -0.3795821076890508 0.9087196388397746 -0.07892887901484937 -0.01374293942603593 -0.3006532286742014
1.424 0.872501982878625 -0.378463441417804 0.886206425861395 -0.0782307213029679 -0.01370444298276991 -0.3002327201148361
1.426 0.8505907518950715 -0.3783198588012527 0.8642568598497868 -0.07850647505626665 -0.01366610795471536 -0.2998133837449861
1.428 0.8292660040871326 -0.3790797886936216 0.8428939375284707 -0.07968457401314562 -0.01362793344133819 -0.299395214680476
1.43 0.808544614697538 -0.3806745703667577 0.8221345332459093 -0.08169636230258806 -0.01358991854837135 -0.2989782080641696
1.432 0.7884380390704976 -0.3830387180510937 0.8019901014582601 -0.08447635898531013 -0.01355206238776252 -0.2985623590657836
1.434 0.7689529748143131 -0.3861100959449516 0.7824673388919356 -0.08796243306324922 -0.01351436407762249 -0.2981476628817024
1.436 0.7500919785970344 -0.3898300175594487 0.7635688013392082 -0.09209590282465382 -0.01347682274217386 -0.2977341147347948
1.438 0.7318540347561949 -0.3941432821493756 0.7452934722678953 -0.09682157227514319 -0.01343943751170035 -0.2973217098742324
1.44 0.7142350746883039 -0.3989981597344299 0.7276372822108005 -0.1020877161591213 -0.01340220752249657 -0.2969104435753086
1.442 0.6972284473684363 -0.4043463349209201 0.7105935792852545 -0.1078460237816597 -0.01336513191681826 -0.2965003111392604
1.444 0.6808253423899422 -0.4101428184523783 0.6941535522327752 -0.1140515105592879 -0.01332820984283302 -0.2960913078930904
1.446 0.6650151676631828 -0.4163458341910217 0.6783066081177543 -0.1206624050016306 -0.01329144045457152 -0.2956834291893911
1.448 0.6497858844222616 -0.422916688087673 0.6630407073341408 -0.1276400176815027 -0.01325482291187919 -0.2952766704061703
1.45 0.6351243025072045 -0.4298196246518977 0.6483426588875728 -0.13494859770522 -0.01321835638036832 -0.2948710269466778
1.452 0.6210163390494509 -0.4370216754973774 0.6341983790808216 -0.1425551812581435 -0.01318204003137066 -0.2944664942392339
1.454 0.6074472437347935 -0.4444925037079752 0.6205931167766841 -0.1504294359709162 -0.01314587304189054 -0.294063067737059
1.456 0.5944017937760031 -0.4522042470456952 0.6075116483705614 -0.1585435041275906 -0.01310985459455825 -0.2936607429181047
1.458 0.5818644616178994 -0.4601313623988287 0.5949384454954835 -0.1668718471139428 -0.01307398387758408 -0.293259515284886
1.46 0.569819558245358 -0.4682504733368112 0.5828578183300707 -0.1753910929724958 -0.01303826008471267 -0.2928593803643154
1.462 0.5582513547863276 -0.4765402221882264 0.5712540372015054 -0.1840798884806887 -0.01300268241517781 -0.2924603337075378
1.464 0.5471441849019618 -0.484981127684967 0.5601114349756195 -0.1929187567952 -0.01296725007365769 -0.292062370889767
1.466 0.5364825302524303 -0.4935554489057113 0.5494144925226609 -0.2018899613955874 -0.0129319622702306 -0.2916654875101239
1.468 0.5262510911243138 -0.5022470559973896 0.5391479093446447 -0.2109773768059147 -0.01289681822033098 -0.291269679191475
1.47 0.5164348441043531 -0.5110413079500807 0.5292966612490591 -0.220166366369808 -0.01286181714470593 -0.2908749415802727
1.472 0.5070190884944542 -0.5199249375373146 0.5198460467638264 -0.2294436671909169 -0.01282695826937218 -0.2904812703463978
1.474 0.4979894829847816 -0.5288859434042266 0.5107817238103549 -0.238797282221225 -0.01279224082557334 -0.2900886611830016
1.476 0.489332073933581 -0.5379134891881022 0.5020897379833187 -0.2482163793817515 -0.01275766404973767 -0.2896971098063508
1.478 0.4810333164483076 -0.5469978094810695 0.4937565436317438 -0.2576911975253973 -0.01272322718343619 -0.2893066119556721
1.48 0.4730800893239654 -0.5561301223884487 0.4857690187973067 -0.2672129589954491 -0.0126889294733412 -0.2889171633929997
1.482 0.4654597047654715 -0.5653025483988505 0.4781144749366568 -0.2767737884958278 -0.01265477017118521 -0.2885287599030227
1.484 0.4581599137060415 -0.5745080352569029 0.4707806622397617 -0.2863666379639683 -0.01262074853372018 -0.2881413972929346
1.486 0.4511689074318597 -0.5837402885129948 0.463755771254537 -0.2959852171207117 -0.01258686382267726 -0.2877550713922831
1.488 0.4444753161300963 -0.5929937074193222 0.4570284314348231 -0.3056239293665 -0.01255311530472678 -0.2873697780528222
1.49 0.4380682048953969 -0.6022633258413166 0.4505877071468357 -0.315277812692952 -0.01251950225143872 -0.2869855131483646
1.492 0.4319370676591305 -0.6115447578570414 0.444423091598374 -0.324942485282406 -0.0124860239392435 -0.2866022725746353
1.494 0.4260718194401226 -0.6208341477272512 0.4385244990895157 -0.3346140954781239 -0.01245267964939309 -0.2862200522491273
1.496 0.4204627872598529 -0.6301281239298302 0.4328822559277755 -0.3442892758188732 -0.0124194686679226 -0.2858388481109571
1.498 0.4151007000167243 -0.6394237569643912 0.4274870903023364 -0.3539651008436691 -0.01238639028561211 -0.2854586561207222
1.5 0.4099766775695343 -0.6487185206487223 0.4223301213674833 -0.3636390483883623 -0.01235344379794893 -0.28507947226036
1.502 0.4050822192431981 -0.6580102566435244 0.4174028477482882 -0.3733089641105179 -0.01232062850509016 -0.2847012925330066
1.504 0.4004091919373767 -0.6672971419567014 0.4126971356492024 -0.3829730289938437 -0.01228794371182563 -0.2843241129628577
1.506 0.3959498179897732 -0.6765776591946906 0.4082052067173144 -0.3926297295996597 -0.01225538872754117 -0.2839479295950308
1.508 0.3916966629207712 -0.6858505693440177 0.4039196257869534 -0.40227783084859 -0.01222296286618223 -0.2835727384954276
1.51 0.387642623166051 -0.6951148868796539 0.3998332886122688 -0.4119163511290562 -0.01219066544621778 -0.2831985357505977
1.512 0.3837809138841959 -0.7043698570125723 0.3959394096748006 -0.4215445395449682 -0.01215849579060468 -0.2828253174676041
1.514 0.3801050569108829 -0.7136149349021668 0.392231510137635 -0.4311618551282779 -0.01212645322675217 -0.2824530797738889
1.516 0.376608868918159 -0.722849766671633 0.3887034060046459 -0.4407679478544925 -0.0120945370864869 -0.2820818188171406
1.518 0.3732864498250974 -0.7320741720773133 0.3853491965311155 -0.4503626413121516 -0.01206274670601812 -0.2817115307651617
1.52 0.3701321714962691 -0.7412881286949108 0.3821632529221724 -0.459945916889172 -0.0120310814259033 -0.2813422118057388
1.522 0.3671406667565235 -0.7504917574951864 0.3791402073475375 -0.4695178993486747 -0.01199954059101396 -0.2809738581465117
1.524 0.3643068187430173 -0.7596853096927145 0.3762749422935192 -0.4790788436778694 -0.01196812355050193 -0.2806064660148452
1.526 0.3616257506093175 -0.768869154760918 0.3735625802670833 -0.4886291231032168 -0.01193682965776578 -0.2802400316577012
1.528 0.3590928155917537 -0.7780437695143534 0.3709984738621713 -0.4981692181728419 -0.0119056582704177 -0.2798745513415115
1.53 0.3567035874437681 -0.7872097281679273 0.3685781961940187 -0.5076997068158748 -0.0118746087502506 -0.2795100213520525
1.532 0.3544538512400764 -0.796367693290807 0.3662975317032819 -0.517221255296487 -0.01184368046320549 -0.27914643799432
1.534 0.3523395945503562 -0.8055184075781727 0.3641524673296954 -0.5267346099857675 -0.0118128727793392 -0.2787837975924053
1.536 0.3503569989791962 -0.8146626863715645 0.3621391840519886 -0.5362405898821926 -0.01178218507279243 -0.2784220964893719
1.538 0.3485024320669883 -0.8238014108645504 0.3602540487887463 -0.5457400798174162 -0.01175161672175795 -0.2780613310471342
1.54 0.3467724395456345 -0.8329355219345196 0.3584936066540838 -0.5552340242881835 -0.01172116710844925 -0.2777014976463361
1.542 0.3451637379409884 -0.8420660145475853 0.3568545735600578 -0.5647234218613549 -0.01169083561906937 -0.2773425926862303
1.544 0.3436732075131289 -0.8511939326881842 0.355333829156909 -0.574209320103624 -0.01166062164378006 -0.2769846125845602
1.546 0.3422978855253396 -0.8603203647679195 0.3539284101020108 -0.583692810990479 -0.01163052457667117 -0.2766275537774405
1.548 0.3410349598316516 -0.8694464394730483 0.3526355036473819 -0.593175026753808 -0.01160054381573038 -0.2762714127192404
1.55 0.3398817627724575 -0.8785733220138001 0.3514524415352707 -0.6026571361313332 -0.01157067876281313 -0.275916185882467
1.552 0.3388357653680045 -0.8877022107405096 0.3503766941916174 -0.6121403409828602 -0.01154092882361289 -0.2755618697576494
1.554 0.3378945717989856 -0.8968343340957985 0.3494058652066173 -0.6216258732425742 -0.01151129340763165 -0.2752084608532243
1.556 0.3370559141635414 -0.905970947874529 0.3485376860916921 -0.6311149921791068 -0.01148177192815067 -0.2748559556954222
1.558 0.3363176475003763 -0.9151133327649088 0.3477700113025778 -0.640608981936755 -0.01145236380220154 -0.2745043508281538
1.56 0.3356777450676053 -0.9242627921470561 0.3471008135181427 -0.6501091493341575 -0.01142306845053744 -0.2741536428128986
1.562 0.3351342938669686 -0.9334206501278568 0.3465281791645733 -0.6596168218992637 -0.01139388529760471 -0.2738038282285931
1.564 0.3346854904038638 -0.9425882497912839 0.3460503041753784 -0.6691333461197632 -0.0113648137715146 -0.2734549036715206
1.566 0.3343296366733663 -0.9517669516466639 0.3456654899773817 -0.6786600858914623 -0.01133585330401539 -0.2731068657552016
1.568 0.3340651363630264 -0.9609581322580157 0.345372139693491 -0.688198421147731 -0.01130700333046461 -0.2727597111102847
1.57 0.3338904912633813 -0.9701631830396065 0.345168754553183 -0.6977497466551673 -0.01127826328980162 -0.2724134363844392
1.572 0.3338042978777078 -0.9793835092033575 0.3450539305022282 -0.7073154709611101 -0.01124963262452041 -0.2720680382422473
1.574 0.3338052442226241 -0.9886205288457059 0.3450263550032667 -0.7168970154806076 -0.01122111078064256 -0.2717235133650984
1.576 0.3338921068115219 -0.9978756721628046 0.3450848040192125 -0.7264958137117217 -0.01119269720769061 -0.271379858451083
1.578 0.3340637478134471 -1.007150380782642 0.3452281391721085 -0.7361133105677541 -0.01116439135866143 -0.2710370702148883
1.58 0.3343191123800761 -1.016446107204931 0.3454553050700762 -0.7457509618172367 -0.01113619269000007 -0.2706951453876941
1.582 0.3346572261338301 -1.025764314340317 0.3457653267954037 -0.7554102336232478 -0.01110810066157366 -0.2703540807170698
1.584 0.3350771928107744 -1.035106475139986 0.34615730754742 -0.7650926021731145 -0.01108011473664562 -0.2700138729668716
1.586 0.3355781920519749 -1.044474072308978 0.3466304264338249 -0.7747995533918361 -0.01105223438185006 -0.2696745189171415
1.588 0.336159477337414 -1.0538685980966 0.3471839364045805 -0.784532582732595 -0.01102445906716647 -0.2693360153640055
1.59 0.3368203740570212 -1.063291554157226 0.3478171623229158 -0.7942931950376512 -0.01099678826589456 -0.2689983591195745
1.592 0.3375602777135568 -1.072744451476332 0.3485294991681862 -0.8040829044644876 -0.01096922145462931 -0.2686615470118441
1.594 0.3383786522522939 -1.082228810356891 0.3493204103655302 -0.8139032344722951 -0.01094175811323636 -0.2683255758845962
1.596 0.3392750285130912 -1.091746160460834 0.3501894262379187 -0.8237557178635325 -0.01091439772482743 -0.2679904425973013
1.598 0.3402490028003443 -1.101298040901789 0.3511361425760804 -0.8336418968767682 -0.01088713977573615 -0.2676561440250211
1.6 0.3413002355667741 -1.110886000385479 0.3521602193222681 -0.8435633233271663 -0.01085998375549394 -0.2673226770583123
1.602 0.3424284502073648 -1.120511597393533 0.353261379364171 -0.8535215587904034 -0.01083292915680615 -0.26699003860313
1.604 0.3436334319598157 -1.13017640040811 0.3544394074353441 -0.8635181748273761 -0.0108059754755285 -0.266658225580734
1.606 0.3449150269082595 -1.139881988174374 0.3556941491189031 -0.8735547532467807 -0.01077912221064357 -0.2663272349275933
1.608 0.3462731410872633 -1.149629949997839 0.3570255099515009 -0.883632886402546 -0.01075236886423759 -0.2659970635952931
1.61 0.3477077396833001 -1.159421886074333 0.3584334546247775 -0.8937541775238911 -0.01072571494147745 -0.2656677085504414
1.612 0.3492188463310817 -1.169259407850732 0.3599180062816695 -0.9039202410761552 -0.01069915995058779 -0.2653391667745772
1.614 0.3508065425025116 -1.179144138413835 0.36147924590534 -0.9141327031497564 -0.01067270340282844 -0.2650114352640786
1.616 0.3524709669861025 -1.189077712905912 0.3631173117985744 -0.9243932018758406 -0.01064634481247195 -0.2646845110300718
1.618 0.3542123154549325 -1.199061778965565 0.3648323991517138 -0.9347033878672235 -0.01062008369678132 -0.2643583910983411
1.62 0.3560308401214802 -1.209097997191774 0.3666247596974682 -0.9450649246825347 -0.01059391957598799 -0.2640330725092391
1.622 0.3579268494778625 -1.219188041630091 0.3684947014511324 -0.9554794893124925 -0.01056785197326996 -0.2637085523175981
1.624 0.359900708120116 -1.229333600280112 0.3704425885348461 -0.9659487726874705 -0.01054188041473009 -0.2633848275926411
1.626 0.361952836655494 -1.239536375622339 0.3724688410848687 -0.9764744802044441 -0.01051600442937465 -0.263061895417895
1.628 0.3640837116918232 -1.249798085163969 0.3745739352409151 -0.9870583322728657 -0.01049022354909195 -0.2627397528911031
1.63 0.3662938659081902 -1.260120462002715 0.3767584032168215 -0.9977020648785765 -0.01046453730863129 -0.2624183971241384
1.632 0.3685838882064619 -1.270505255407414 0.3790228334520439 -1.008407430164495 -0.01043894524558195 -0.2620978252429191
1.634 0.370954423943221 -1.280954231414909 0.3813678708435735 -1.019176197027587 -0.01041344690035246 -0.2617780343873218
1.636 0.3734061752419809 -1.291469173442691 0.3837942170581309 -1.030010151731592 -0.01038804181615 -0.2614590217110984
1.638 0.3759399013856413 -1.302051882916263 0.3863026309246013 -1.040911098534471 -0.01036272953895998 -0.2611407843817914
1.64 0.3785564192893913 -1.312704179910775 0.3888939289069171 -1.051880860330124 -0.0103375096175258 -0.2608233195806509
1.642 0.3812566040543849 -1.323427903806745 0.3915689856577138 -1.062921279304193 -0.0103123816033288 -0.260506624502552
1.644 0.3840413896027406 -1.334224913958737 0.3943287346533089 -1.074034217602824 -0.01028734505056831 -0.2601906963559122
1.646 0.3869117693945542 -1.345097090376847 0.3971741689106962 -1.085221558014237 -0.01026239951614199 -0.2598755323626109
1.648 0.3898687972277954 -1.356046334420801 0.4001063417874216 -1.096485204662893 -0.0102375445596262 -0.2595611297579072
1.65 0.3929135881222328 -1.36707456950572 0.4031263678654894 -1.10782708371536 -0.01021277974325663 -0.2592474857903606
1.652 0.3960473192884999 -1.378183741819285 0.406235423920409 -1.119249144097534 -0.01018810463190909 -0.258934597721751
1.654 0.3992712311838819 -1.389375821050316 0.4094347499769623 -1.130753358223316 -0.01016351879308037 -0.2586224628269991
1.656 0.4025866286563469 -1.400652801127694 0.4127256504532163 -1.142341722733605 -0.01013902179686941 -0.2583110783940883
1.658 0.4059948821786717 -1.412016700969499 0.4161094953946302 -1.154016259245512 -0.01011461321595845 -0.2580004417239863
1.66 0.4094974291746802 -1.423469565242281 0.4195877218002747 -1.165779015111713 -0.01009029262559454 -0.2576905501305681
1.662 0.4130957754397895 -1.435013465129351 0.4231618350433605 -1.177632064188813 -0.01006605960357099 -0.2573814009405383
1.664 0.4167914966583074 -1.44665049910795 0.4268334103885166 -1.189577507614594 -0.01004191373020919 -0.2570729914933553
1.666 0.4205862400200717 -1.458382793735115 0.4306040946084121 -1.201617474593959 -0.01001785458834039 -0.2567653191411552
1.668 0.4244817259393581 -1.470212504441089 0.4344756077026459 -1.213754123192412 -0.009993881763287768 -0.2564583812486769
1.67 0.4284797498790269 -1.482141816329913 0.4384497447218755 -1.225989641136726 -0.009969994842848577 -0.2561521751931866
1.672 0.432582184283342 -1.494172944987019 0.4425283777006185 -1.238326246622615 -0.009946193417276476 -0.2558466983644042
1.674 0.4367909806229161 -1.506308137292433 0.4467134577021801 -1.250766189128004 -0.009922477079263978 -0.2555419481644292
1.676 0.4411081715556676 -1.518549672239082 0.4510070169795927 -1.263311750231414 -0.009898845423925074 -0.255237922007668
1.678 0.4455358732077911 -1.530899861755743 0.4554111712565691 -1.275965244434983 -0.009875298048777971 -0.2549346173207605
1.68 0.4500762875791443 -1.543361051533133 0.4599281221328723 -1.288729019990624 -0.009851834553728008 -0.2546320315425086
1.682 0.4547317050776546 -1.555935621852357 0.4645601596187053 -1.301605459728553 -0.009828454541050691 -0.254330162123804
1.684 0.4595045071876598 -1.568625988414833 0.4693096648030347 -1.314596981887275 -0.009805157615374857 -0.2540290065275578
1.686 0.4643971692774329 -1.581434603172022 0.4741791126610989 -1.327706040943393 -0.009781943383666005 -0.2537285622286289
1.688 0.4694122635514538 -1.594363955153766 0.4791710750066635 -1.340935128440011 -0.009758811455209751 -0.2534288267137548
1.69 0.4745524621533043 -1.607416571293888 0.4842882235948998 -1.354286773812407 -0.009735761441595426 -0.2531297974814811
1.692 0.4798205404255017 -1.620595017251173 0.4895333333822015 -1.36776354520908 -0.009712792956699787 -0.2528314720420929
1.694 0.4852193803327934 -1.633901898223814 0.4949092859494643 -1.381368050306268 -0.009689905616670897 -0.2525338479175461
1.696 0.4907519740560314 -1.647339859755378 0.5004190730959435 -1.395102937113979 -0.009667099039912103 -0.2522369226413989
1.698 0.4964214277640182 -1.660911588530301 0.5060658006110843 -1.408970894771557 -0.009644372847066174 -0.2519406937587441
1.7 0.5022309655711791 -1.674619813155869 0.5118526922321787 -1.422974654329727 -0.009621726660999558 -0.2516451588261422
1.702 0.5081839336893627 -1.688467304928286 0.5177830937961494 -1.437116989516732 -0.009599160106786742 -0.2513503154115544
1.704 0.5142838047825804 -1.702456878579927 0.5238604775942752 -1.451400717485651 -0.009576672811694806 -0.2510561610942761
1.706 0.5205341825339842 -1.716591393004175 0.5300884469391522 -1.465828699539304 -0.009554264405168024 -0.2507626934648715
1.708 0.52693880643485 -1.730873751954193 0.5364707409536627 -1.480403841829085 -0.009531934518812646 -0.2504699101251077
1.71 0.5335015568059823 -1.745306904712052 0.5430112395923641 -1.495129096024162 -0.009509682786381783 -0.25017780868789
1.712 0.5402264600624465 -1.759893846723196 0.5497139689062068 -1.510007459945999 -0.009487508843760423 -0.2498863867771976
1.714 0.5471176942332179 -1.774637620191714 0.5565831065621685 -1.525041978163695 -0.009465412328950554 -0.2495956420280192
1.716 0.5541795947479958 -1.789541314631422 0.5636229876300523 -1.540235742545132 -0.009443392882056426 -0.2493055720862896
1.718 0.5614166605039473 -1.804608067366239 0.5708381106492173 -1.555591892757412 -0.009421450145269926 -0.2490161746088266
1.72 0.5688335602260817 -1.819841063973898 0.5782331439889378 -1.57111361671063 -0.009399583762856061 -0.2487274472632681
1.722 0.5764351391356043 -1.835243538666211 0.5858129325167428 -1.586804150938202 -0.009377793381138578 -0.2484393877280097
1.724 0.5842264259413318 -1.850818774597653 0.5935825045898174 -1.60266678090551 -0.009356078648485684 -0.2481519936921434
1.726 0.5922126401701612 -1.866570104094183 0.601547079385457 -1.618704841238788 -0.009334439215295885 -0.2478652628553954
1.728 0.6003991998535007 -1.882500908793317 0.6097120745874847 -1.634921715865251 -0.009312874733983959 -0.2475791929280658
1.73 0.6087917295873316 -1.8986146196849 0.6180831144462986 -1.651320838053933 -0.009291384858966989 -0.2472937816309675
1.732 0.6173960689846913 -1.9149147170418 0.6266660382313419 -1.667905690346434 -0.009269969246650581 -0.2470090266953663
1.734 0.6262182815403972 -1.93140473022878 0.6354669090958123 -1.684679804365859 -0.00924862755541514 -0.2467249258629208
1.736 0.6352646639286524 -1.948088237375668 0.6444920233742547 -1.701646760490045 -0.009227359445602266 -0.2464414768856236
1.738 0.6445417557556365 -1.964968864900885 0.6537479203351378 -1.718810187375143 -0.009206164579501273 -0.2461586775257417
1.74 0.6540563497902027 -1.982050286869635 0.6632413924115385 -1.736173761313876 -0.00918504262133581 -0.2458765255557586
1.742 0.6638155026969103 -1.999336224169068 0.6729794959341608 -1.753741205410752 -0.009163993237250576 -0.2455950187583154
1.744 0.6738265462970792 -2.016830443481639 0.6829695623923774 -1.771516288555485 -0.009143016095298166 -0.2453141549261539
1.746 0.6840970993850386 -2.03453675603658 0.6932192102504646 -1.789502824174522 -0.009122110865426001 -0.2450339318620584
1.748 0.6946350801277323 -2.052459016116077 0.7037363573471958 -1.807704668737277 -0.009101277219463367 -0.2447543473787995
1.75 0.705448719077675 -2.070601119291886 0.7145292339087836 -1.826125719992808 -0.009080514831108574 -0.244475399299077
1.752 0.7165465728308259 -2.088967000365708 0.7256063962067421 -1.844769914910244 -0.00905982337591617 -0.2441970854554635
1.754 0.7279375383622351 -2.107560630983237 0.7369767408935194 -1.863641227292887 -0.009039202531284336 -0.2439194036903496
1.756 0.7396308680741838 -2.126386016889818 0.748649520050626 -1.882743665033931 -0.009018651976442294 -0.2436423518558872
1.758 0.7516361855935316 -2.145447194792967 0.7606343569859695 -1.902081266979031 -0.008998171392437882 -0.2433659278139353
1.76 0.7639635023561662 -2.164748228792441 0.7729412628182913 -1.921658099356436 -0.00897776046212518 -0.2430901294360049
1.762 0.776623235018807 -2.184293206336047 0.7855806538889593 -1.941478251732842 -0.008957418870152275 -0.2428149546032048
1.764 0.7896262237403316 -2.20408623365549 0.7985633700432807 -1.961545832449302 -0.008937146302949093 -0.2425404012061877
1.766 0.8029837513763863 -2.224131430631324 0.8119006938251017 -1.981864963486228 -0.008916942448715326 -0.2422664671450964
1.768 0.8167075636332137 -2.244432925031928 0.8256043706306222 -2.002439774702417 -0.008896806997408486 -0.2419931503295108
1.77 0.8308098902291065 -2.264994846067017 0.8396866298698384 -2.023274397388622 -0.008876739640732018 -0.241720448678395
1.772 0.845303467113232 -2.285821317189015 0.8541602071853556 -2.044372957068971 -0.008856740072123524 -0.2414483601200444
1.774 0.8602015597940448 -2.306916448070432 0.8690383677807878 -2.065739565478398 -0.008836807986743073 -0.241176882592034
1.776 0.8755179878318575 -2.328284325679032 0.8843349309133192 -2.087378311637866 -0.008816943081461611 -0.2409060140411665
1.778 0.8912671505516827 -2.349929004364094 0.9000642956065321 -2.109293251940674 -0.008797145054849451 -0.2406357524234204
1.78 0.9074640540345874 -2.37185449485943 0.9162414676417523 -2.131488399155531 -0.008777413607164867 -0.2403660957038994
1.782 0.924124339448378 -2.39406475210105 0.9328820878887207 -2.153967710244268 -0.008757748440342756 -0.2400970418567814
1.784 0.9412643127793091 -2.41656366174574 0.9500024620372925 -2.176735072880473 -0.008738149257983411 -0.2398285888652678
1.786 0.9589009760287903 -2.439355025267618 0.9676195917941317 -2.199794290546084 -0.00871861576534138 -0.2395607347215339
1.788 0.9770520599408139 -2.462442543498383 0.9857512076101282 -2.223149066071705 -0.008699147669314377 -0.2392934774266786
1.79 0.9957360583264698 -2.485829798463065 1.004415803004902 -2.246802983472389 -0.008679744678432341 -0.2390268149906752
1.792 1.014972264053069 -2.509520233349932 1.023632670555916 -2.27075948791761 -0.008660406502846515 -0.2387607454323223
1.794 1.034780806766636 -2.533517130439095 1.043421939620955 -2.2950218636599 -0.008641132854318662 -0.2384952667791951
1.796 1.055182692415547 -2.557823586795583 1.063804615861758 -2.319593209727987 -0.008621923446210334 -0.2382303770675963
1.798 1.076199844643299 -2.582442487516406 1.084802622636771 -2.344476413173897 -0.008602777993472236 -0.2379660743425089
1.8 1.097855148117366 -2.60737647630113 1.10643884433 -2.369674119643582 -0.008583696212633661 -0.2377023566575475
1.802 1.120172493858323 -2.632627923092822 1.128737171680115 -2.39518870101791 -0.00856467782179203 -0.2374392220749113
1.804 1.143176826631195 -2.658198888513937 1.151722549171797 -2.4210222198486 -0.008545722540602489 -0.2371766686653367
1.806 1.16689419445618 -2.684091084795483 1.175421024546448 -2.447176390287432 -0.0085268300902676 -0.2369146945080505
1.808 1.191351800290561 -2.710305832869615 1.199859800484088 -2.473652535178891 -0.008508000193527102 -0.2366532976907231
1.81 1.216578055925877 -2.736844015265406 1.225067288500525 -2.500451538955983 -0.008489232574647764 -0.2363924763094224
1.812 1.242602638135778 -2.763706024414959 1.251073165095192 -2.527573795946391 -0.008470526959413305 -0.2361322284685678
1.814 1.269456547097328 -2.790891705939544 1.277908430172443 -2.55501915365866 -0.00845188307511438 -0.2358725522808844
1.816 1.297172167094829 -2.818400296447186 1.305605467745368 -2.582786850579828 -0.008433300650538687 -0.2356134458673578
1.818 1.325783329497401 -2.846230355330378 1.334198108913362 -2.610875447973189 -0.008414779415961094 -0.2353549073571888
1.82 1.355325377980242 -2.874379690006236 1.363721697083376 -2.639282755118487 -0.00839631910313389 -0.2350969348877489
1.822 1.385835235933384 -2.902845273991031 1.394213155378661 -2.668005747386495 -0.008377919445277063 -0.2348395266045355
1.824 1.417351475971469 -2.931623157147655 1.425711056148538 -2.697040476486527 -0.008359580177068702 -0.2345826806611279
1.826 1.449914391421694 -2.960708367386799 1.45825569245633 -2.726381972167656 -0.008341301034635436 -0.2343263952191431
1.828 1.483566069622544 -2.990094803038402 1.491889151378087 -2.756024134590209 -0.008323081755542959 -0.2340706684481927
1.83 1.518350466816007 -3.019775115044861 1.526655388894794 -2.785959616519022 -0.008304922078786635 -0.2338154985258391
1.832 1.554313484355032 -3.049740578054879 1.562600306099814 -2.816179694417327 -0.008286821744782151 -0.2335608836375523
1.834 1.591503045877512 -3.079980949420645 1.599771826372869 -2.846674127443977 -0.00826878049535627 -0.2333068219766677
1.836 1.629969175015002 -3.110484315020145 1.63821997308874 -2.877431003275801 -0.008250798073737632 -0.233053311744343
1.838 1.669764073109572 -3.1412369207427 1.67799694733412 -2.908436569593184 -0.008232874224547642 -0.2328003511495164
1.84 1.710942196297688 -3.172222988383945 1.71915720499148 -2.93967504997508 -0.008215008693791399 -0.2325479384088643
1.842 1.753560331192583 -3.203424514606674 1.761757532421432 -2.971128442859914 -0.008197201228848745 -0.2322960717467598
1.844 1.797677668244928 -3.234821051527278 1.805857119823393 -3.002776302132046 -0.008179451578465309 -0.2320447493952313
1.846 1.84335587168754 -3.266389467389789 1.851517631180284 -3.034595497795868 -0.008161759492743701 -0.2317939695939211
1.848 1.890659144770848 -3.298103685693555 1.898803269493982 -3.06655995510351 -0.008144124723134695 -0.2315437305900449
1.85 1.939654288765728 -3.329934401044454 1.947780835788157 -3.098640370406104 -0.00812654702242854 -0.2312940306383507
1.852 1.990410753945665 -3.361848769906921 1.998519780090412 -3.130803901905842 -0.008109026144746291 -0.2310448680010789
1.854 2.043000680459985 -3.39381007435066 2.051092242305517 -3.163013833402738 -0.008091561845531243 -0.2307962409479219
1.856 2.097498926666301 -3.425777356812661 2.105573080547842 -3.195229209056677 -0.008074153881540392 -0.2305481477559841
1.858 2.153983082097305 -3.45770502383594 2.162039884108141 -3.227404437126197 -0.008056802010836001 -0.2303005867097429
1.86 2.21253346179631 -3.489542416713112 2.220572967789087 -3.259488860612103 -0.008039505992777186 -0.2300535561010087
1.862 2.273233078254263 -3.521233346956664 2.281255343842275 -3.291426292727778 -0.0080222655880116 -0.2298070542288861
1.864 2.336167586614907 -3.552715594549076 2.344172667173375 -3.323154515149341 -0.008005080558467159 -0.2295610793997352
1.866 2.401425198185866 -3.58392036701128 2.40941314885321 -3.354604737084148 -0.007987950667343846 -0.2293156299271326
1.868 2.469096556586275 -3.614771717472802 2.477067432265381 -3.385701013340968 -0.007970875679105552 -0.2290707041318334
1.87 2.539274570075917 -3.645185920150938 2.547228425435388 -3.416359619809205 -0.007953855359472009 -0.2288263003417332
1.872 2.612054192749811 -3.675070801971889 2.619991082225221 -3.446488385080059 -0.00793688947541075 -0.2285824168918296
1.874 2.687532146332301 -3.704325029509232 2.69545212412743 -3.475985977385046 -0.007919977795129159 -0.2283390521241853
1.876 2.765806573273617 -3.732837351005456 2.773709693361684 -3.504741146617565 -0.007903120088066568 -0.2280962043878904
1.878 2.846976610743415 -3.760485794010402 2.854862926868301 -3.532631921971377 -0.007886316124886387 -0.2278538720390251
1.88 2.931141873936054 -3.787136820149925 2.939011439613522 -3.559524766709302 -0.007869565677468349 -0.227612053440623
1.882 3.018401835861027 -3.812644439767647 3.026254704379927 -3.585273692805013 -0.007852868518900769 -0.2273707469626345
1.884 3.108855089517385 -3.836849290709315 3.116691313940858 -3.609719339727425 -0.007836224423472855 -0.2271299509818901
1.886 3.202598477071711 -3.859577687391216 3.210418110238378 -3.632688023509152 -0.007819633166667119 -0.2268896638820644
1.888 3.299726069404104 -3.880640648559232 3.307529163929256 -3.653990764505592 -0.007803094525151794 -0.2266498840536398
1.89 3.400327978234587 -3.899832914868476 3.40811458651136 -3.673422304974605 -0.007786608276773346 -0.2264106098938711
1.892 3.504488982048675 -3.916931970644228 3.512259156249224 -3.690760130837478 -0.007770174200549023 -0.22617183980675
1.894 3.612286946302032 -3.931697087980591 3.620040738378691 -3.705763515777621 -0.007753792076659455 -0.2259335722029693
1.896 3.723791018029658 -3.943868415747993 3.731528479716099 -3.718172610248105 -0.007737461686441316 -0.2256958054998882
1.898 3.83905957515315 -3.953166141150178 3.84678075796553 -3.727707603028681 -0.007721182812380049 -0.2254585381214974
1.9 3.958137911645048 -3.959289757219319 3.96584286688315 -3.734067988720935 -0.007704955238102618 -0.2252217684983842
1.902 4.081055641497436 -3.961917476063675 4.088744420245806 -3.736931980995976 -0.007688778748370351 -0.2249854950676986
1.904 4.207823807390156 -3.960705834741338 4.215496460519228 -3.73595611846822 -0.007672653129071788 -0.2247497162731182
1.906 4.338431684345239 -3.955289548234592 4.346088262512454 -3.730775117669777 -0.007656578167215627 -0.2245144305648152
1.908 4.472843274806388 -3.94528167198323 4.480483828457312 -3.721002035583809 -0.007640553650923696 -0.2242796363994217
1.91 4.610993499829292 -3.930274144552778 4.618618079198717 -3.70622881231278 -0.00762457936942398 -0.2240453322399969
1.912 4.752784101741746 -3.909838788911068 4.76039275685479 -3.686027272355075 -0.0076086551130437 -0.2238115165559931
1.914 4.898079287074246 -3.883528857983106 4.905672067747449 -3.659950670159883 -0.007592780673202448 -0.2235781878232228
1.916 5.046701155042939 -3.850881216017554 5.054278110885345 -3.627535871493728 -0.007576955842405367 -0.2233453445238259
1.918 5.198424976567996 -3.811419251037097 5.205986156982233 -3.58830626589086 -0.007561180414236373 -0.2231129851462364
1.92 5.352974411794667 -3.764656614297284 5.360519865978019 -3.541775506112134 -0.007545454183351449 -0.2228811081851504
1.922 5.510016780164656 -3.71010187911914 5.517546557110128 -3.487452166977646 -0.007529776945471955 -0.2226497121414938
1.924 5.669158525807378 -3.647264202429676 5.676672674304757 -3.424845406907287 -0.007514148497378019 -0.2224187955223894
1.926 5.829941051548952 -3.57566005650318 5.837439620185854 -3.353471699662055 -0.007498568636901957 -0.2221883568411257
1.928 5.991837125883105 -3.494821074404963 5.999320163046026 -3.272862679787838 -0.007483037162921743 -0.2219583946171249
1.93 6.154248096969428 -3.404303019309281 6.161715650844783 -3.18257411193337 -0.007467553875354524 -0.2217289073759112
1.932 6.316502173759655 -3.303695844293132 6.323954292334805 -3.082195950644052 -0.007452118575150196 -0.2214998936490797
1.934 6.477854053703759 -3.192634755042089 6.485290784768043 -2.971363403067824 -0.007436731064285013 -0.2212713519742648
1.936 6.637486185725815 -3.070812123534121 6.64490757687157 -2.849768842639012 -0.007421391145755236 -0.2210432808951098
1.938 6.794511952502717 -2.937990027619257 6.801918051126288 -2.717174348658022 -0.007406098623570855 -0.2208156789612356
1.94 6.947981033704056 -2.794013112170058 6.955371887006805 -2.573424567441847 -0.007390853302749314 -0.2205885447282103
1.942 7.096887168293861 -2.638821386257715 7.104262823283171 -2.418459509500196 -0.007375654989309333 -0.2203618767575188
1.944 7.240178466665778 -2.472462493199266 7.247538970156043 -2.252326819582734 -0.007360503490264725 -0.2201356736165327
1.946 7.376770331135392 -2.295102923272302 7.38411572974901 -2.075192989393822 -0.007345398613618284 -0.2199099338784797
1.948 7.505560927064263 -2.10703759033834 7.512891267232618 -1.887352934215926 -0.007330340168355723 -0.2196846561224146
1.95 7.62544901014209 -1.908697171871271 7.632764338106529 -1.689237332938082 -0.007315327964439625 -0.2194598389331888
1.952 7.735353764557933 -1.700652624733783 7.742654126370737 -1.481417143832362 -0.007300361812803477 -0.2192354809014213
1.954 7.834236151324023 -1.483616342720064 7.841521592849369 -1.264604762096594 -0.007285441525345708 -0.2190115806234694
1.956 7.921121117850543 -1.258439519857779 7.928391684765467 -1.03965138315638 -0.007270566914923795 -0.2187881367013991
1.958 7.995119892692562 -1.026105425394741 8.00237563048791 -0.8075402776517848 -0.007255737795348407 -0.2185651477429566
1.96 8.055451497250061 -0.7877184773777686 8.062692451231438 -0.5693758650162292 -0.007240953981377581 -0.2183426123615393
1.962 8.101462561889118 -0.5444892119763274 8.108688777177829 -0.3263686828001599 -0.00722621528871095 -0.2181205291761674
1.964 8.132644547148235 -0.2977154709506145 8.139856068682219 -0.07981657413915941 -0.007211521533984002 -0.2178988968114551
1.966 8.148647546308061 -0.04876035231285894 8.155844418842824 0.1689173615847235 -0.007196872534762391 -0.2176777138975825
1.968 8.149289982569279 0.2009723299152948 8.156472250678815 0.4184293089855626 -0.007182268109536281 -0.2174569790702677
1.97 8.134563704869182 0.4500641704344516 8.141731412946896 0.6673008614051903 -0.007167708077714729 -0.2172366909707387
1.972 8.104634217383916 0.6971088708269632 8.111787409643537 0.9141257190726687 -0.007153192259620114 -0.2170168482457056
1.974 8.059836030714077 0.9407384617351904 8.066974751190561 1.157535911282523 -0.007138720476482595 -0.216797449547333
1.976 8.000663376703708 1.17964803150107 8.007787669254142 1.396226525034282 -0.00712429255043463 -0.2165784935332128
1.978 7.927756762740203 1.41261804250889 7.934866671044708 1.628978021375227 -0.007109908304505501 -0.2163599788663366
1.98 7.84188603658433 1.638533472363648 7.848981604146946 1.854675376578717 -0.007095567562615902 -0.216141904215069
1.982 7.743930775190604 1.856399214879619 7.751012045340176 2.072323483132739 -0.007081270149572564 -0.2159242682531203
1.984 7.634858892465175 2.065351397290132 7.641925908356238 2.281058466949652 -0.007067015891062901 -0.2157070696595199
1.986 7.515704379812832 2.264664495869076 7.522757184426482 2.480154802987666 -0.007052804613649719 -0.2154903071185899
1.988 7.387545054028956 2.453754344480619 7.394583690173722 2.669028323800537 -0.007038636144765928 -0.2152739793199179
1.99 7.25148109891739 2.632177314765691 7.258505609230099 2.847235399724023 -0.007024510312709336 -0.215058084958332
1.992 7.108615062518751 2.799626092536818 7.115625489465388 3.014468715270691 -0.007010426946637427 -0.2148426227338731
1.994 6.96003382503064 2.955922577119241 6.967030210907202 3.170550168471012 -0.006996385876562224 -0.2146275913517704
1.996 6.80679289717826 3.101008488086338 6.813775284111605 3.315421477608753 -0.00698238693334516 -0.2144129895224145
1.998 6.649903257119226 3.234934280268439 6.656871687067918 3.449133096229771 -0.006968429948691989 -0.2141988159613322
2 6.490320795585469 3.357846949088088 6.497275310340616 3.57183201847725 -0.006954514755147735 -0.2139850693891611
2.002 6.328938320612391 3.469977261869624 6.335878961798483 3.683749010401248 -0.00694064118609168 -0.2137717485316237
2.004 6.166579978642651 3.571626885100356 6.173506787718384 3.785185737219859 -0.006926809075732385 -0.213558852119503
2.006 6.003997879151373 3.663155800688992 6.010910897410476 3.876502179577608 -0.006913018259102735 -0.2133463788886167
2.008 5.84187066425668 3.744970323122732 5.848769932828735 3.958104650702524 -0.006899268572055032 -0.2131343275797924
2.01 5.680803740568292 3.817511949797163 5.687689300419549 4.030434646736007 -0.006885559851256128 -0.2129226969388433
2.012 5.521330884369335 3.881247202944715 5.528202776303518 4.093958688661258 -0.006871891934182558 -0.2127114857165432
2.014 5.363916939328037 3.936658556320021 5.370775203987153 4.149159248988623 -0.006858264659115753 -0.2125006926686019
2.016 5.208961344506564 3.984236484646305 5.215806022371702 4.196526801201946 -0.006844677865137243 -0.2122903165556412
2.018 5.056802255967196 4.024472629278296 5.06363338735932 4.236552985421468 -0.006831131392123936 -0.2120803561431708
2.02 4.907721054767386 4.057854039280168 4.914538679848129 4.269724849481732 -0.006817625080743381 -0.2118708102015635
2.022 4.761947065148109 4.084858422300396 4.768751223920559 4.296520099806428 -0.006804158772449114 -0.2116616775060324
2.024 4.619662337353094 4.105950323079594 4.62645306966257 4.3174032799162 -0.006790732309475987 -0.2114529568366061
2.026 4.481006378449279 4.121578137818015 4.487783723984115 4.332822784796121 -0.006777345534835577 -0.2112446469781058
2.028 4.346080740876809 4.132171868612996 4.352844739169121 4.343208615333118 -0.006763998292311587 -0.2110367467201215
2.03 4.214953401734144 4.138141522486385 4.221704092160599 4.348970777343373 -0.006750690426455304 -0.2108292548569888
2.032 4.087662885813692 4.139876063016421 4.094400307596272 4.350498233204186 -0.006737421782581072 -0.2106221701877652
2.034 3.964222102185276 4.137742828288764 3.970946294392038 4.348158319804972 -0.006724192206761813 -0.2104154915162081
2.036 3.844621877831275 4.132087335982916 3.851332879377099 4.342296553633666 -0.00671100154582455 -0.2102092176507505
2.038 3.728834182759199 4.123233404265176 3.735532032406546 4.333236751669656 -0.006697849647346011 -0.2100033474044795
2.04 3.61681504947938 4.111483525272655 3.623499785839029 4.321281404867768 -0.006684736359648193 -0.2097978795951125
2.042 3.508507196063781 4.097119435981316 3.515178857595575 4.306712249026292 -0.006671661531794034 -0.2095928130449756
2.044 3.403842366545686 4.080402838895625 3.410500991559269 4.289790985476605 -0.006658625013583033 -0.2093881465809803
2.046 3.30274340549517 4.061576232112643 3.309389032150717 4.270760111147244 -0.006645626655546993 -0.2091838790346023
2.048 3.205126085481145 4.040863814799312 3.211758751790091 4.249843824041171 -0.006632666308945688 -0.208980009241858
2.05 3.110900707082119 4.018472439935 3.117520450907882 4.227248975978284 -0.006619743825762662 -0.208776536043284
2.052 3.019973491328935 3.99459259130322 3.026580350387636 4.203166049587134 -0.006606859058700973 -0.2085734582839138
2.054 2.93224778414964 3.96939936619032 2.938841796010819 4.177770141003577 -0.006594011861179023 -0.2083707748132571
2.056 2.847625091677996 3.943053449100358 2.854206293765322 4.151221933585635 -0.006581202087326379 -0.2081684844852775
2.058 2.766005964319081 3.915702065078555 2.772574393911061 4.123668651236927 -0.006568429591979657 -0.2079665861583713
2.06 2.687290746314042 3.88747990400045 2.69384644054472 4.095244982695796 -0.00655569423067839 -0.2077650786953459
2.062 2.61138020630776 3.858510009492926 2.617923202167421 4.066073970456325 -0.00654299585966098 -0.207563960963399
2.064 2.538176063139091 3.828904628057725 2.544706397474951 4.036267859891822 -0.006530334335860606 -0.2073632318340968
2.066 2.467581419797983 3.798766015525078 2.474099129314884 4.005928905708432 -0.006517709516901246 -0.2071628901833534
2.068 2.399501117248271 3.768187199220703 2.406006238509364 3.975150134112113 -0.006505121261093637 -0.2069629348914098
2.07 2.333842018629769 3.73725269523064 2.3403345880572 3.944016060073454 -0.006492569427431339 -0.2067633648428134
2.072 2.270513233236347 3.706039180934295 2.276993287111934 3.912603359860691 -0.006480053875586762 -0.2065641789263965
2.074 2.209426288628299 3.674616123581499 2.215893863094206 3.880981499616756 -0.006467574465907281 -0.2063653760352569
2.076 2.150495258281314 3.643046366145558 2.156950389340725 3.849213321212294 -0.006455131059411306 -0.2061669550667365
2.078 2.093636851303501 3.611386672018563 2.100079574821285 3.817355586940965 -0.006442723517784462 -0.2059689149224017
2.08 2.0387704699591 3.57968823034794 2.045200821662476 3.785459484855962 -0.00643035170337571 -0.2057712545080227
2.082 1.985818240025379 3.547997123966168 1.992236255504573 3.753571096699722 -0.006418015479193564 -0.2055739727335539
2.084 1.934705018370688 3.516354761953832 1.941110733079591 3.721731830466945 -0.006405714708902284 -0.2053770685131132
2.086 1.885358381571579 3.484798278913577 1.891751830828397 3.689978819678541 -0.00639344925681813 -0.2051805407649633
2.088 1.837708598878486 3.45336090302866 1.844089817866392 3.658345291440151 -0.006381218987905605 -0.2049843884114908
2.09 1.791688592394378 3.422072294948977 1.798057616162152 3.626860905328164 -0.006369023767773769 -0.2047886103791873
2.092 1.747233886931974 3.390958859489848 1.753590750394647 3.595552065088477 -0.006356863462672523 -0.2045932055986295
2.094 1.704282551668734 3.360044032057642 1.710627289608223 3.564442205062103 -0.00634473793948898 -0.2043981730044604
2.096 1.662775135413771 3.329348541632768 1.669107782479515 3.533552053168137 -0.00633264706574379 -0.204203511535369
2.098 1.622654597032969 3.298890652048778 1.628975187742557 3.502899872182851 -0.006320590709587557 -0.2040092201340722
2.1 1.583866232346292 3.268686383211262 1.590174801086089 3.472501680958558 -0.006308568739797232 -0.2038152977472951
2.102 1.546357598608845 3.238749713803156 1.552654179634617 3.442371457128909 -0.006296581025772553 -0.2036217433257524
2.104 1.510078437510571 3.20909276692544 1.516363064948103 3.412521322749568 -0.006284627437532497 -0.2034285558241288
2.106 1.474980597477 3.179725980026528 1.481253305322712 3.38296171422759 -0.006272707845711775 -0.2032357342010615
2.108 1.44101795592299 3.150658260381762 1.447278778044547 3.353701537800883 -0.006260822121557312 -0.2030432774191202
2.11 1.408146341996252 3.12189712729374 1.414395312133177 3.32474831173853 -0.006248970136924808 -0.2028511844447899
2.112 1.376323460250012 3.093448842098789 1.382560612014287 3.29610829634724 -0.006237151764275248 -0.2026594542484511
2.114 1.345508815601836 3.065318526985083 1.351734182478507 3.267786612789445 -0.006225366876671517 -0.2024680858043628
2.116 1.315663639861992 3.037510273549538 1.321877255209767 3.239787351640181 -0.00621361534777496 -0.2022770780906433
2.118 1.286750820054441 3.010027241949355 1.292952717106283 3.212113672038608 -0.00620189705184203 -0.2020864300892526
2.12 1.258734828702102 2.982871751437105 1.264925040565823 3.184767892223079 -0.006190211863720901 -0.201896140785974
2.122 1.23158165620297 2.956045363004531 1.237760215861818 3.157751572174928 -0.006178559658848153 -0.2017062091703966
2.124 1.205258745386585 2.929548954801607 1.21142568569983 3.131065589037505 -0.006166940313245443 -0.2015166342358972
2.126 1.179734928310123 2.903382790944204 1.185890282013639 3.104710205923826 -0.006155353703516221 -0.2013274149796228
2.128 1.154980365325904 2.877546584271977 1.161124165032747 3.078685134674449 -0.006143799706842446 -0.2011385504024727
2.13 1.130966486430872 2.852039553572095 1.137098764631854 3.052989593081176 -0.006132278200981352 -0.2009500395090812
2.132 1.107665934891152 2.826860475741948 1.113786723955415 3.027622357049748 -0.006120789064262195 -0.2007618813078
2.134 1.085052513119406 2.802007733323771 1.091161845294989 3.002581808134452 -0.006109332175583074 -0.2005740748106812
2.136 1.06310113077066 2.777479357807456 1.069199038185068 2.977865976840916 -0.00609790741440772 -0.2003866190334598
2.138 1.041787755013768 2.753273069065484 1.04787426967453 2.953472582061021 -0.006086514660762338 -0.2001995129955366
2.14 1.021089362926892 2.729386311251873 1.027164516722124 2.929399066971834 -0.00607515379523246 -0.200012755719961
2.142 1.000983895960203 2.705816285469291 1.007047720659163 2.905642631702706 -0.00606382469895983 -0.1998263462334147
2.144 0.9814502164047461 2.682559979482923 0.9875027436583853 2.882200263049117 -0.00605252725363928 -0.1996402835661941
2.146 0.9624680658029681 2.659614194735462 0.9685093271444837 2.859068761487656 -0.006041261341515661 -0.1994545667521939
2.148 0.9440180252341249 2.636975570895671 0.9500480520795057 2.836244765724562 -0.006030026845380767 -0.1992691948288906
2.15 0.9260814774072922 2.614640608153988 0.9321003010558625 2.813724774991313 -0.006018823648570304 -0.1990841668373254
2.152 0.9086405704933418 2.592605687459366 0.9146482221283027 2.791505169281455 -0.006007651634960848 -0.1988994818220884
2.154 0.8916781836275858 2.570867088875288 0.8976746943165527 2.76958222770659 -0.005996510688966858 -0.1987151388313017
2.156 0.8751778940155892 2.54942100821787 0.8811632947111269 2.747952145134473 -0.005985400695537669 -0.1985311369166033
2.158 0.8591239455753258 2.528263572124797 0.8650982671154803 2.726611047257928 -0.005974321540154548 -0.198347475133131
2.16 0.8435012190498654 2.50739085169069 0.8494644921586931 2.705555004230197 -0.005963273108827725 -0.1981641525395059
2.162 0.8282952035269954 2.486798874793822 0.8342474588150889 2.684780042991639 -0.005952255288093486 -0.1979811681978171
2.164 0.8134919693030606 2.466483637227376 0.8194332372680718 2.664282158400981 -0.005941267965011237 -0.1977985211736049
2.166 0.7990781420306688 2.446441112739357 0.8050084530578295 2.644057323275203 -0.005930311027160644 -0.1976162105358455
2.168 0.7850408780917283 2.426667262076234 0.790960262454367 2.624101497433169 -0.005919384362638735 -0.197434235356935
2.17 0.7713678411391871 2.407158041117097 0.7772763289992441 2.604410635829772 -0.005908487860057062 -0.1972525947126742
2.172 0.7580471797530209 2.387909408177777 0.7639448011615598 2.584980695860029 -0.005897621408538853 -0.1970712876822521
2.174 0.7450675061581651 2.368917330557727 0.7509542910558813 2.565807643905959 -0.005886784897716212 -0.1968903133482314
2.176 0.7324178759539354 2.350177790395934 0.7382938541716627 2.546887461192466 -0.005875978217727298 -0.1967096707965323
2.178 0.7200877688068262 2.331686789896693 0.7259529700660398 2.528216149013111 -0.005865201259213569 -0.1965293591164177
2.18 0.7080670700604764 2.313440355980903 0.7139215239737934 2.509789733381381 -0.005854453913316991 -0.1963493774004776
2.182 0.6963460532186773 2.295434544413673 0.7021897892903546 2.491604269158286 -0.005843736071677318 -0.196169724744614
2.184 0.6849153632590794 2.277665443454569 0.6907484108855088 2.473655843702595 -0.005833047626429345 -0.195990400248026
2.186 0.6737660007375605 2.260129177073412 0.6795883892077608 2.455940580086607 -0.00582238847020021 -0.1958114030131947
2.188 0.6628893066446859 2.242821907770263 0.6687010651407926 2.438454639916131 -0.00581175849610669 -0.1956327321458683
2.19 0.6522769479776287 2.225739839035198 0.6580781055753813 2.421194225790245 -0.005801157597752536 -0.1954543867550469
2.192 0.6419209039928105 2.20887921748064 0.6477114896620363 2.404155583433609 -0.0057905856692258 -0.1952763659529685
2.194 0.6318134531060021 2.192236334675945 0.6375934957110984 2.387335003531038 -0.005780042605096212 -0.1950986688550937
2.196 0.6219471604082698 2.175807528711432 0.6277166887086824 2.370728823291523 -0.005769528300412529 -0.194921294580091
2.198 0.6123148657678589 2.159589185517038 0.6180739084185588 2.354333427766861 -0.005759042650699956 -0.1947442422498231
2.2 0.6029096724893478 2.143577739958186 0.6086582580413054 2.338145250947518 -0.005748585551957523 -0.1945675109893315
2.202 0.5937249365031041 2.127769676730042 0.5994630934037596 2.322160776656865 -0.005738156900655537 -0.1943910999268229
2.204 0.584754256059118 2.112161531068961 0.5904820126528511 2.306376539262616 -0.005727756593732997 -0.1942150081936543
2.206 0.5759914619009463 2.096749889298986 0.5817088464295413 2.290789124223305 -0.00571738452859508 -0.1940392349243192
2.208 0.5674306078964227 2.081531389229163 0.5731376484995333 2.275395168485596 -0.005707040603110578 -0.1938637792564332
2.21 0.5590659621031766 2.066502720416448 0.5647626868187861 2.260191360747168 -0.005696724715609424 -0.1936886403307204
2.212 0.5508919982480505 2.051660624307628 0.5565784350129306 2.245174441598627 -0.005686436764880166 -0.1935138172909989
2.214 0.5429033876006263 2.037001894272611 0.5485795642507938 2.230341203556778 -0.005676176650167506 -0.193339309284167
2.216 0.5350949912219712 2.02252337554009 0.5407609354931411 2.21568849100028 -0.005665944271169828 -0.1931651154601898
2.218 0.5274618525709527 2.008221965046303 0.5331175920989895 2.201213200018388 -0.005655739528036753 -0.1929912349720849
2.22 0.5199991904510912 1.994094611205992 0.5256447527724579 2.186912278181901 -0.005645562321366703 -0.1928176669759089
2.222 0.5127023922819629 1.98013831361424 0.5183378048341674 2.172782724244984 -0.005635412552204486 -0.1926444106307441
2.224 0.5055670076800856 1.966350122687356 0.5111922978021245 2.15882158778604 -0.005625290122038887 -0.1924714650986844
2.226 0.4985887423348339 1.952727139249869 0.5042039372676341 2.145025968794691 -0.005615194932800295 -0.1922988295448224
2.228 0.4917634521657526 1.93926651407423 0.4973685790526109 2.131393017211465 -0.005605126886858307 -0.1921265031372356
2.23 0.4850871377484777 1.925965447379589 0.4906822236354971 2.117919932426562 -0.0055950858870194 -0.1919544850469733
2.232 0.478555938997011 1.912821188295112 0.4841410108335356 2.104603962743155 -0.005585071836524556 -0.1917827744480433
2.234 0.472166130090767 1.899831034292925 0.477741214729814 2.091442404810324 -0.005575084639046962 -0.1916113705173987
2.236 0.4659141146355281 1.886992330595612 0.4714792388342177 2.078432603030536 -0.005565124198689674 -0.1914402724349248
2.238 0.4597964210479866 1.874302469562639 0.4653516114679699 2.065571948946066 -0.005555190419983333 -0.1912694793834262
2.24 0.453809698153962 1.861758890059486 0.4593549813618459 2.0528578806081 -0.005545283207883873 -0.1910989905486135
2.242 0.4479507109912367 1.849359076813591 0.453486113459007 2.040287881932682 -0.005535402467770251 -0.1909288051190908
2.244 0.4422163368081706 1.837100559760426 0.4477418849136128 2.027859482046769 -0.005525548105442189 -0.1907589222863426
2.246 0.4366035612497975 1.824980913382727 0.4421192812769154 2.015570254627448 -0.005515720027117936 -0.1905893412447213
2.248 0.4311094747237543 1.812997756046278 0.4366153928631863 2.003417817237712 -0.005505918139432031 -0.190420061191434
2.25 0.4257312689385874 1.801148749334855 0.4312274112880204 1.991399830661386 -0.005496142349433102 -0.1902510813265305
2.252 0.420466233607464 1.789431597386828 0.4259526261720457 1.979513998239718 -0.005486392564581648 -0.1900824008528903
2.254 0.4153117533108768 1.777844046236332 0.4207884220036247 1.967758065212543 -0.005476668692747858 -0.1899140189762103
2.256 0.4102653045120832 1.76638388316113 0.4157322751542926 1.956129818066123 -0.005466970642209449 -0.1897459349049925
2.258 0.4053244527194733 1.75504893603943 0.4107817510411228 1.944627083889961 -0.005457298321649482 -0.1895781478505312
2.26 0.4004868497904374 1.743837072718038 0.4059345014305917 1.93324772974494 -0.005447651640154238 -0.1894106570269012
2.262 0.3957502313716437 1.732746200394045 0.4011882618788548 1.92198966204499 -0.005438030507211068 -0.1892434616509452
2.264 0.3911124144707709 1.721774265011855 0.3965408493034772 1.910850825954117 -0.005428434832706282 -0.1890765609422619
2.266 0.3865712951552852 1.710919250678002 0.3919901596822082 1.899829204801196 -0.005418864526923028 -0.1889099541231936
2.268 0.3821248463739961 1.700179179095791 0.3875341658745354 1.888922819514605 -0.005409319500539222 -0.1887436404188147
2.27 0.3777711158973113 1.689552109021604 0.3831709155619367 1.878129728078523 -0.005399799664625433 -0.1885776190569189
2.272 0.3735082243726003 1.67903613574546 0.3788985293032432 1.867448025013469 -0.005390304930642845 -0.1884118892680083
2.274 0.3693343634910617 1.668629390597764 0.3747151987015029 1.856875840883045 -0.005380835210441177 -0.1882464502852806
2.276 0.365247794262871 1.658330040484556 0.3706191846791277 1.846411341829174 -0.00537139041625666 -0.1880813013446178
2.278 0.3612468453975233 1.648136287453764 0.3666088158582332 1.836052729138339 -0.005361970460709981 -0.1879164416845744
2.28 0.357329911786537 1.638046368294976 0.3626824870433413 1.825798238841342 -0.005352575256804294 -0.187751870546366
2.282 0.3534954530857907 1.628058554175235 0.3588386578037139 1.815646141349093 -0.005343204717923184 -0.187587587173857
2.284 0.3497419923949765 1.618171150313869 0.3550758511528052 1.805594741127419 -0.005333858757828696 -0.1874235908135498
2.286 0.3460681150318035 1.608382495699284 0.3513926523224629 1.795642376413857 -0.005324537290659336 -0.1872598807145729
2.288 0.342472467398697 1.598690962850957 0.3477877076296251 1.785787418979627 -0.005315240230928118 -0.1870964561286697
2.29 0.3389537559398041 1.589094957630083 0.3442597234333247 1.77602827394027 -0.005305967493520588 -0.1869333163101869
2.292 0.3355107461863346 1.579592919102811 0.3408074651800275 1.766363379618874 -0.00529671899369289 -0.1867704605160631
2.294 0.3321422618881408 1.570183319459802 0.3374297565352107 1.756791207465621 -0.00528749464706983 -0.1866078880058183
2.296 0.3288471842296601 1.560864663996866 0.3341254785993031 1.747310262038408 -0.005278294369642952 -0.1864455980415418
2.298 0.3256244511281964 1.551635491161221 0.3308935692059651 1.737919081049102 -0.005269118077768625 -0.1862835898878815
2.3 0.3224730566126142 1.542494372668632 0.3277330223007803 1.728616235480665 -0.005259965688166151 -0.186121862812033
2.302 0.3193920502803541 1.533439913697121 0.3246428873982699 1.719400329780849 -0.005250837117915868 -0.1859604160837281
2.304 0.3163805368306199 1.524470753163344 0.3216222691150772 1.710270002138569 -0.005241732284457287 -0.1857992489752244
2.306 0.3134376756714103 1.515585564088245 0.3186703267769975 1.701223924849539 -0.005232651105587205 -0.1856383607612938
2.308 0.3105626805978787 1.506783054059435 0.3157862740973366 1.692260804778648 -0.005223593499457885 -0.1854777507192123
2.31 0.3077548195391523 1.498061965798005 0.3129693789237275 1.683379383926753 -0.005214559384575178 -0.1853174181287486
2.312 0.3050134143704635 1.489421077838515 0.3102189630502603 1.674578440110669 -0.005205548679796716 -0.1851573622721539
2.314 0.3023378407869617 1.480859205331349 0.3075344020912918 1.6658567877655 -0.005196561304330083 -0.1849975824341509
2.316 0.2997275282350346 1.472375200977756 0.3049151254127656 1.657213278879679 -0.005187597177731007 -0.1848380779019232
2.318 0.2971819598962899 1.463967956108377 0.3023606161161915 1.648646804073482 -0.00517865621990156 -0.1846788479651049
2.32 0.2947006727186735 1.455636401917293 0.2998704110697618 1.640156293833062 -0.005169738351088379 -0.1845198919157698
2.322 0.2922832574880956 1.447379510864371 0.2974441009799765 1.631740719912793 -0.005160843491880874 -0.1843612090484213
2.324 0.289929358932975 1.439196298259909 0.2950813304961845 1.623399096919891 -0.005151971563209479 -0.184202798659982
2.326 0.2876386758528183 1.431085824046359 0.2927817983391622 1.615130484096142 -0.005143122486343882 -0.1840446600497826
2.328 0.2854109612603246 1.423047194793357 0.2905452574432159 1.606933987312909 -0.005134296182891292 -0.1838867925195528
2.33 0.2832460225248669 1.415079565923229 0.2883715150996616 1.598808761296639 -0.005125492574794697 -0.1837291953734099
2.332 0.2811437215031599 1.407182144185261 0.286260433087491 1.59075401210311 -0.005116711584331142 -0.1835718679178496
2.334 0.2791039746404247 1.399354190398345 0.2842119277745347 1.58276899986008 -0.005107953134110016 -0.183414809461735
2.336 0.2771267530228145 1.391595022482801 0.2822259701698858 1.574853041799088 -0.005099217147071351 -0.1832580193162873
2.338 0.2752120823586507 1.383904018802856 0.2803025859051348 1.567005515597931 -0.005090503546484119 -0.1831014967950749
2.34 0.2733600428623934 1.376280621842928 0.278441855118338 1.559225863056932 -0.005081812255944567 -0.1829452412140044
2.342 0.2715707690112109 1.368724342241187 0.2766439122105854 1.551513594132497 -0.005073143199374521 -0.1827892518913097
2.344 0.2698444491394331 1.361234763204748 0.2749089454404528 1.543868291352291 -0.005064496301019746 -0.1826335281475428
2.346 0.2681813248306594 1.353811545331361 0.2732371963161077 1.536289614636925 -0.00505587148544827 -0.1824780693055637
2.348 0.2665816900614858 1.346454431862429 0.2716289587390346 1.52877730655296 -0.005047268677548763 -0.1823228746905307
2.35 0.2650458900440142 1.339163254391549 0.2700845778465431 1.521331198021439 -0.005038687802528882 -0.1821679436298904
2.352 0.2635743197066751 1.331937939052325 0.2686044484925888 1.513951214505693 -0.005030128785913666 -0.1820132754533683
2.354 0.2621674217444289 1.324778513206752 0.2671890132979728 1.506637382699712 -0.005021591553543907 -0.1818588694929594
2.356 0.2608256841601905 1.317685112653155 0.2658387601917651 1.499389837736073 -0.005013076031574558 -0.1817047250829178
2.358 0.259549637208668 1.310657989368628 0.2645542193551411 1.492208830928376 -0.005004582146473123 -0.1815508415597481
2.36 0.258339849642657 1.303697519795579 0.2633359594676751 1.485094738057774 -0.004996109825018086 -0.1813972182621951
2.362 0.257196924149447 1.296804213674498 0.2621845831437443 1.478048068205734 -0.004987658994297325 -0.1812438545312351
2.364 0.2561214918516029 1.289978723416386 0.2611007214333094 1.471069473126452 -0.00497922958170655 -0.1810907497100659
2.366 0.2551142057323094 1.283221853995869 0.2600850272472571 1.464159757139966 -0.004970821514947737 -0.1809379031440976
2.368 0.2541757328307311 1.27653457333122 0.2591381675527587 1.457319887512164 -0.004962434722027597 -0.1807853141809438
2.37 0.2533067450373896 1.269918023099407 0.2582608141686456 1.450551005269818 -0.004954069131256008 -0.1806329821704114
2.372 0.2525079083044268 1.263373529911261 0.2574536329756714 1.443854436375754 -0.004945724671244519 -0.1804809064644923
2.374 0.2517798700707607 1.256902616744492 0.2567172713416655 1.437231703161846 -0.0049374012709048 -0.1803290864173538
2.376 0.2511232446882868 1.250507014499737 0.2560523435477339 1.430684535885066 -0.004929098859447143 -0.1801775213853294
2.378 0.2505385966236603 1.244188673505495 0.2554594139900393 1.424214884232405 -0.004920817366378953 -0.1800262107269101
2.38 0.250026421201821 1.237949774751951 0.2549389779233243 1.417824928554686 -0.004912556721503264 -0.1798751538027349
2.382 0.249587122653107 1.231792740580868 0.2544914395080243 1.41151709055645 -0.004904316854917233 -0.1797243499755823
2.384 0.2492209892287085 1.225720244497249 0.2541170869257192 1.40529404310761 -0.004896097697010686 -0.1795737986103612
2.386 0.2489281651600554 1.219735219699279 0.2538160643385201 1.399158718773381 -0.004887899178464629 -0.1794234990741016
2.388 0.2487086192597734 1.213840865846162 0.2535883404900232 1.393114316582108 -0.004879721230249803 -0.1792734507359466
2.39 0.2485621099982679 1.208040653498232 0.2534336737818931 1.387164306465374 -0.004871563783625219 -0.1791236529671427
2.392 0.2484881469438348 1.202338325572625 0.2533515737139715 1.381312430713657 -0.004863426770136732 -0.1789741051410317
2.394 0.248485948528856 1.196737895062455 0.2533412586504716 1.375562701695496 -0.004855310121615582 -0.1788248066330416
2.396 0.2485543962053808 1.191243638170178 0.2534016099755578 1.369919394990856 -0.004847213770177 -0.1786757568206783
2.398 0.2486919851829399 1.18586008191182 0.2535311228311587 1.364387036995336 -0.004839137648218753 -0.1785269550835165
2.4 0.2488967721041257 1.180591985163805 0.2537278537925455 1.358970385966996 -0.004831081688419768 -0.1783784008031915
2.402 0.2491663202132773 1.17544431205519 0.2539893660370161 1.35367440541858 -0.004823045823738706 -0.1782300933633904
2.404 0.2494976428116828 1.170422196565404 0.2543126727990954 1.348504228715248 -0.004815029987412586 -0.1780820321498439
2.406 0.2498871460696488 1.16553089718302 0.2546941801826042 1.343465113733338 -0.004807034112955385 -0.1779342165503178
2.408 0.2503305725802959 1.160775740527211 0.2551296307144525 1.338562386481815 -0.004799058134156671 -0.177786645954604
2.41 0.2508229473850379 1.156162052946348 0.2556140493701181 1.333801372700861 -0.004791101985080227 -0.1776393197545131
2.412 0.2513585285663432 1.151695079303793 0.2561416941664059 1.329187316647658 -0.004783165600062701 -0.1774922373438651
2.414 0.2519307648747114 1.147379888454425 0.2567060137884237 1.324725286572907 -0.00477524891371223 -0.1773453981184819
2.416 0.252532263210383 1.143221265321958 0.2572996150712901 1.320420066798137 -0.004767351860907126 -0.1771988014761787
2.418 0.2531547690870998 1.139223590016269 0.2579142434638943 1.316276036833025 -0.004759474376794504 -0.1770524468167556
2.42 0.2537891634307475 1.135390705086056 0.2585407798275365 1.312297038628046 -0.004751616396788984 -0.1769063335419899
2.422 0.2544254791668961 1.131725772779577 0.2591692570234674 1.308486233835205 -0.004743777856571337 -0.1767604610556274
2.424 0.2550529409827975 1.128231125067088 0.2597888996748847 1.304845953830463 -0.004735958692087202 -0.176614828763375
2.426 0.2556600313672695 1.124908110129789 0.2603881902068153 1.301377546202681 -0.004728158839545749 -0.1764694360728921
2.428 0.256234585493497 1.121756939991488 0.2609549637289154 1.29808122238527 -0.004720378235418402 -0.1763242823937828
2.43 0.2567639166849796 1.118776544892156 0.2614765335014171 1.294955912029744 -0.004712616816437533 -0.1761793671375878
2.432 0.2572349730830359 1.115964440794092 0.2619398476026311 1.291999130511869 -0.004704874519595184 -0.1760346897177767
2.434 0.2576345247261797 1.1133166169752 0.2623316760083215 1.28920686652494 -0.004697151282141786 -0.1758902495497401
2.436 0.2579493786019436 1.110827450900925 0.2626388256435285 1.286573496951707 -0.004689447041584892 -0.1757460460507815
2.438 0.258166617420773 1.108489657384375 0.2628483791564609 1.284091736024484 -0.004681761735687907 -0.1756020786401095
2.44 0.2582738560020955 1.106294278370096 0.2629479513045643 1.281752625108926 -0.004674095302468843 -0.1754583467388304
2.442 0.2582595074003898 1.104230718471708 0.2629259550805889 1.279545568241648 -0.00466644768019906 -0.1753148497699401
2.444 0.2581130493985815 1.102286829664709 0.2627718682059836 1.277458416823025 -0.004658818807402035 -0.1751715871583165
2.446 0.2578252809245609 1.100449046345473 0.262476489547413 1.275477604676185 -0.004651208622852115 -0.1750285583307119
2.448 0.2573885574555798 1.098702569436197 0.2620321745211531 1.273588332151942 -0.004643617065573303 -0.1748857627157453
2.45 0.2567969946776277 1.097031595517215 0.2614330387524657 1.27177479526111 -0.004636044074838024 -0.1747431997438948
2.452 0.2560466306167843 1.095419584314818 0.2606751202069503 1.270020453162308 -0.00462848959016593 -0.1746008688474902
2.454 0.2551355381399704 1.093849555494645 0.2597564916912931 1.26830832495535 -0.004620953551322675 -0.1744587694607053
2.456 0.2540638820377129 1.092304403827693 0.2586773179360316 1.266621304847243 -0.004613435898318722 -0.1743169010195505
2.458 0.2528339176858549 1.090767220591248 0.2574398542572631 1.264942483553113 -0.004605936571408157 -0.1741752629618654
2.46 0.2514499313140366 1.089221608660362 0.2560483868251242 1.263255463387673 -0.004598455511087496 -0.1740338547273114
2.462 0.2499181249353074 1.08765197917782 0.2545091175934019 1.261544654935184 -0.004590992658094504 -0.1738926757573641
2.464 0.2482464517624017 1.086043818918581 0.2528299997158088 1.259795544413888 -0.004583547953407031 -0.1737517254953065
2.466 0.2464444102317991 1.084383919365193 0.251020531570041 1.257994922751414 -0.004576121338241834 -0.173611003386221
2.468 0.2445228064120754 1.082660560899067 0.2490915191661288 1.25613106977605 -0.004568712754053432 -0.1734705088769826
2.47 0.2424934954960072 1.080863648168527 0.2470548176385401 1.254193889584778 -0.004561322142532943 -0.1733302414162518
2.472 0.2403691132511359 1.078984795387424 0.2449230626967429 1.252174995841891 -0.004553949445606937 -0.1731902004544669
2.474 0.2381628077879097 1.077017362836269 0.242709402393346 1.250067748280106 -0.004546594605436305 -0.1730503854438372
2.476 0.2358879809126426 1.074956448009744 0.2404272384770577 1.24786724384808 -0.004539257564415119 -0.1729107958383359
2.478 0.233558046816134 1.072798836560535 0.2380899850813035 1.245570267654228 -0.004531938265169503 -0.1727714310936928
2.48 0.2311862140767151 1.070542919368966 0.2357108507272716 1.243175210036353 -0.004524636650556523 -0.1726322906673873
2.482 0.2287852950921885 1.068188582715455 0.2333026477558515 1.240681956734097 -0.004517352663663056 -0.1724933740186416
2.484 0.2263675452433427 1.065737078688337 0.2308776314911474 1.23809175929675 -0.004510086247804705 -0.1723546806084136
2.486 0.2239445324460727 1.06319088269602 0.2284473697925974 1.23540709259541 -0.004502837346524667 -0.1722162098993896
2.488 0.2215270363478692 1.060553544363316 0.2260226422514619 1.232631505719294 -0.004495605903592673 -0.172077961355978
2.49 0.2191249753113744 1.057829537275514 0.2236133671743783 1.229769471719816 -0.004488391863003862 -0.1719399344443018
2.492 0.2167473585153316 1.055024112085595 0.2212285536843094 1.226826240717788 -0.004481195168977728 -0.1718021286321923
2.494 0.2144022599790258 1.052143156503634 0.2188762757449828 1.223807699892816 -0.004474015765957024 -0.1716645433891818
2.496 0.2120968110508976 1.049193064710172 0.2165636646495043 1.220720242896669 -0.0044668535986067 -0.1715271781864973
2.498 0.2098372078553297 1.046180617826978 0.2142969164671426 1.217570650324031 -0.004459708611812832 -0.1713900324970532
2.5 0.2076287303188099 1.043112876272814 0.2120813110694915 1.214365982068259 -0.004452580750681569 -0.1712531057954449
2.502 0.2054757696543847 1.039997084146309 0.2099212396149228 1.211113481704251 -0.004445469960538071 -0.1711163975579423
2.504 0.2033818615312947 1.036840585219273 0.2078202377182202 1.207820492481755 -0.004438376186925468 -0.1709799072624827
2.506 0.2013497225606274 1.033650749689566 0.2057810219362313 1.20449438407823 -0.004431299375603821 -0.1708436343886642
2.508 0.1993812881602524 1.030434910524281 0.2038055276328015 1.20114248894202 -0.004424239472549074 -0.1707075784177396
2.51 0.197477750302491 1.027200308010571 0.2018949467264431 1.197772046843181 -0.00441719642395204 -0.1705717388326095
2.512 0.1956395940802745 1.023954041010398 0.2000497642564919 1.194390156128213 -0.00441017017621736 -0.1704361151178155
2.514 0.1938666324422298 1.020703023375143 0.1982697931181923 1.191003730134677 -0.004403160675962502 -0.1703007067595343
2.516 0.1921580388371355 1.017453944006183 0.1965542067071522 1.187619457251754 -0.004396167870016728 -0.1701655132455706
2.518 0.1905123778687474 1.014213229140335 0.1949015695741675 1.184243763205686 -0.004389191705420108 -0.1700305340653512
2.52 0.1889276343895281 1.01098700558815 0.1933098665189506 1.180882774298068 -0.004382232129422498 -0.1698957687099183
2.522 0.1874012417522322 1.007781063854878 0.1917765308417148 1.177542280526801 -0.004375289089482558 -0.1697612166719232
2.524 0.1859301101860608 1.004600820324913 0.1902984727193275 1.174227697770533 -0.004368362533266753 -0.1696268774456198
2.526 0.1845106564623554 1.001451277988199 0.1888721088710038 1.170944028515057 -0.004361452408648378 -0.1694927505268585
2.528 0.1831388361543043 0.9983369855271756 0.1874933948180109 1.167695820940255 -0.004354558663706562 -0.1693588354130798
2.53 0.1818101798646047 0.995261994959392 0.18615786111133 1.1644871265627 -0.004347681246725309 -0.1692251316033081
2.532 0.180519834782353 0.9922298184335001 0.1848606548885455 1.161321457031645 -0.004340820106192516 -0.1690916385981454
2.534 0.1792626128234504 0.9892433851906148 0.1835965880142494 1.15820174109038 -0.004333975190799027 -0.1689583558997651
2.536 0.1780330463970496 0.9863050001084377 0.1823601928464873 1.155130283120344 -0.00432714644943765 -0.1688252830119059
2.538 0.1768254525181812 0.9834163056162571 0.1811457863493834 1.152108725056123 -0.004320333831202229 -0.1686924194398655
2.54 0.1756340055541467 0.9805782490741813 0.1799475428395333 1.149138013764676 -0.004313537285386675 -0.1685597646904947
2.542 0.1744528183596185 0.9777910579162029 0.1787595751211025 1.146218376188394 -0.004306756761484043 -0.1684273182721913
2.544 0.1732760309434604 0.9750542249298441 0.177576023152646 1.143349304624738 -0.004299992209185571 -0.1682950796948937
2.546 0.1720979051526575 0.972366505955755 0.1763911487310373 1.14052955442583 -0.004293243578379775 -0.1681630484700755
2.548 0.170912923200095 0.9697259320174451 0.1751994340192465 1.137757156128184 -0.004286510819151494 -0.1680312241107386
2.55 0.1697158872575386 0.967129837426622 0.1739956811393196 1.13502944355803 -0.004279793881780994 -0.1678996061314082
2.552 0.1685020168423706 0.9645749047630352 0.1727751095591136 1.132343098811162 -0.00427309271674303 -0.1677681940481263
2.554 0.1672670404038277 0.9620572268290907 0.1715334476785337 1.129694214207537 -0.004266407274705945 -0.1676369873784459
2.556 0.1660072774113722 0.9595723847782061 0.1702670149179029 1.127078370419631 -0.00425973750653076 -0.167505985641425
2.558 0.1647197073970644 0.9571155406785294 0.1689727907603347 1.12449072903615 -0.004253083363270272 -0.1673751883576209
2.56 0.163402022816364 0.9546815418782623 0.1676484676125322 1.121926136927347 -0.004246444796168155 -0.1672445950490843
2.562 0.162052663251978 0.9522650337659285 0.1662924850086361 1.119379239005282 -0.004239821756658073 -0.1671142052393536
2.564 0.1606708293505626 0.9498605769421777 0.1649040435469254 1.116844595395627 -0.004233214196362785 -0.166984018453449
2.566 0.1592564758867813 0.9474627644966076 0.1634830979538746 1.114316798714474 -0.004226622067093269 -0.1668540342178666
2.568 0.1578102844106127 0.9450663350464096 0.1620303297314605 1.111790587106983 -0.004220045320847838 -0.1667242520605731
2.57 0.1563336169631967 0.9426662774476007 0.160547100873008 1.1092609489586 -0.004213483909811275 -0.1665946715109996
2.572 0.1548284532587221 0.9402579236087532 0.159035391045076 1.10672321570879 -0.004206937786353953 -0.1664652921000364
2.574 0.153297314453674 0.9378370265703569 0.157497721356705 1.104173139930384 -0.004200406903030987 -0.1663361133600271
2.576 0.1517431771112892 0.9353998218903755 0.1559370683238706 1.101606956715138 -0.004193891212581359 -0.1662071348247628
2.578 0.1501693811955165 0.9329430713185547 0.1543567718634435 1.099021427348032 -0.004187390667927075 -0.1660783560294769
2.58 0.1485795358987735 0.9304640886700437 0.1527604411209459 1.096413865180883 -0.004180905222172309 -0.1659497765108393
2.582 0.1469774268491823 0.9279607486528871 0.1511518616777849 1.093782144459838 -0.004174434828602563 -0.165821395806951
2.584 0.145366927801245 0.9254314801100365 0.1495349072419288 1.091124693567375 -0.00416797944068382 -0.1656932134573383
2.586 0.143751919344672 0.9228752456707499 0.1479134583567337 1.088440474673698 -0.004161539012061717 -0.1655652290029477
2.588 0.142136216528443 0.9202915101540576 0.1462913300250037 1.085728952140198 -0.004155113496560702 -0.1654374419861399
2.59 0.1405235066467291 0.9176802002328428 0.1446722094949124 1.082990052183528 -0.00414870284818322 -0.1653098519506852
2.592 0.1389172978162593 0.9150416578697096 0.1430596048373682 1.080224116311467 -0.00414230702110888 -0.1651824584417572
2.594 0.1373208784269064 0.9123765899039027 0.1414568043966001 1.07743185090983 -0.004135925969693642 -0.1650552610059278
2.596 0.1357372870914715 0.9096860159357254 0.1398668467399405 1.074614275126887 -0.004129559648468999 -0.1649282591911619
2.598 0.1341692923674616 0.906971216355946 0.1382925003796028 1.071772668902758 -0.004123208012141178 -0.164801452546812
2.6 0.1326193812741424 0.9042336820344802 0.1367362522897328 1.068908522658093 -0.00411687101559032 -0.1646748406236128
2.602 0.1310897554753866 0.9014750668426769 0.1352003040892563 1.066023489816353 -0.004110548613869695 -0.1645484229736761
2.604 0.1295823339300842 0.8986971438580483 0.1336865746922891 1.063119343008534 -0.004104240762204891 -0.1644221991504851
2.606 0.1280987608122402 0.895901765804642 0.1321967082282332 1.060197934513532 -0.004097947415993033 -0.1642961687088899
2.608 0.1266404175565382 0.8930908300257745 0.1307320860873402 1.057261161230876 -0.004091668530801991 -0.1641703312051014
2.61 0.1252084379759039 0.890266248073079 0.1292938420382735 1.054310934269766 -0.004085404062369596 -0.1640446861966869
2.612 0.1238037255123042 0.8874299198270399 0.127882879478907 1.051349153069604 -0.004079153966602859 -0.1639192332425641
2.614 0.1224269718088448 0.8845837119375513 0.126499890008422 1.048377683840548 -0.004072918199577203 -0.163793971902997
2.616 0.1210786759206319 0.8817294402836198 0.1251453726381676 1.04539834202321 -0.004066696717535678 -0.1636689017395898
2.618 0.1197591636073087 0.8788688560944609 0.1238196530841969 1.042412878409743 -0.004060489476888216 -0.1635440223152823
2.62 0.1184686062669391 0.8760036353440953 0.12252290270115 1.03942296853844 -0.00405429643421084 -0.1634193331943447
2.622 0.1172070391756291 0.8731353710223531 0.121255156721874 1.036430204964726 -0.004048117546244933 -0.1632948339423725
2.624 0.1159743787888135 0.8702655678922147 0.12001633155871 1.033436092018496 -0.004041952769896462 -0.1631705241262818
2.626 0.114770438938155 0.8673956393620067 0.1188062410003902 1.03044204267631 -0.004035802062235238 -0.1630464033143036
2.628 0.1135949458224782 0.8645269061272328 0.1176246112029724 1.027449377203212 -0.004029665380494169 -0.1629224710759797
2.63 0.1124475517434267 0.8616605962677188 0.1164710944254952 1.024459323249876 -0.004023542682068513 -0.1627987269821567
2.632 0.1113278475777997 0.8587978465191477 0.1153452815023148 1.02147301712413 -0.004017433924515138 -0.1626751706049822
2.634 0.1102353740098799 0.8559397044715479 0.1142467130754317 1.018491505989447 -0.004011339065551797 -0.1625518015178989
2.636 0.1091696315702448 0.8530871314800341 0.1131748896333012 1.015515750775674 -0.004005258063056382 -0.1624286192956403
2.638 0.1081300895439327 0.8502410061040679 0.1121292804189989 1.012546629618294 -0.003999190875066214 -0.1623056235142257
2.64 0.1071161938213598 0.847402127919917 0.1111093312811371 1.009584941670872 -0.0039931374597773 -0.162182813750955
2.642 0.1061273737715304 0.8445712215767368 0.110114471547074 1.006631411161141 -0.003987097775543636 -0.1620601895844044
2.644 0.1051630482197945 0.841748940989776 0.1091441200006709 1.003686691584197 -0.003981071780876467 -0.1619377505944212
2.646 0.1042226306122193 0.8389358735842422 0.1081976900466629 1.000751369946361 -0.003975059434443598 -0.1618154963621194
2.648 0.1033055334466395 0.8361325445207918 0.1072745941417082 0.9978259709906661 -0.003969060695068668 -0.1616934264698743
2.65 0.1024111720470723 0.8333394208487289 0.1063742475688028 0.9949109613500475 -0.003963075521730457 -0.1615715405013186
2.652 0.1015389677537135 0.8305569155455441 0.1054960716272757 0.9920067535868808 -0.003957103873562176 -0.1614498380413368
2.654 0.1006883505957796 0.8277853914120409 0.1046394963056304 0.9891137100881021 -0.003951145709850784 -0.1613283186760612
2.656 0.09985876150928256 0.825025164801271 0.1038039624993188 0.9862321467941378 -0.003945200990036274 -0.1612069819928668
2.658 0.09904965415640206 0.8222765091666404 0.1029889238301131 0.9833623367470073 -0.003939269673711007 -0.161085827580367
2.66 0.09826049639787211 0.8195396584203791 0.1021938481184911 0.9805045134487875 -0.003933351720619003 -0.1609648550284084
2.662 0.09749077146479083 0.8168148100984847 0.1014182185554461 0.9776588740265516 -0.003927447090655277 -0.1608440639280669
2.664 0.09673997887136737 0.8141021283317846 0.1006615346152325 0.9748255822034271 -0.003921555743865149 -0.1607234538716424
2.666 0.09600763510565097 0.8114017466257264 0.09992331274609455 0.9720047710783812 -0.003915677640443573 -0.1606030244526549
2.668 0.09529327413116473 0.8087137704538132 0.09920308687189919 0.9691965457196524 -0.003909812740734463 -0.1604827752658392
2.67 0.09459644772848008 0.8060382796710992 0.0985004087337101 0.9664009855782403 -0.003903961005230027 -0.1603627059071411
2.672 0.09391672570233554 0.8033753307553917 0.09781484809690565 0.9636181467291042 -0.003898122394570101 -0.1602428159737124
2.674 0.09325369597678479 0.8007249588846806 0.09714599284632627 0.9608480639485873 -0.003892296869541487 -0.1601231050639067
2.676 0.09260696459799964 0.7980871798596768 0.09649344898907693 0.9580907526369513 -0.003886484391077296 -0.1600035727772745
2.678 0.09197615566186404 0.7954619918806805 0.09585684058212034 0.9553462105952398 -0.003880684920256297 -0.1598842187145594
2.68 0.09136091118126363 0.7928493771880691 0.09523580959956589 0.952614419665762 -0.003874898418302253 -0.1597650424776929
2.682 0.09076089090597765 0.7902493035755918 0.09463001575256094 0.9498953472453825 -0.003869124846583296 -0.1596460436697907
2.684 0.09017577210632505 0.7876617257854305 0.09403913627293631 0.9471889476805784 -0.003863364166611256 -0.1595272218951479
2.686 0.0896052493302162 0.7850865867938505 0.09346286567025724 0.944495163553085 -0.003857616340041045 -0.1594085767592346
2.688 0.08904903414187378 0.7825238189958093 0.09290091547054377 0.9418139268645008 -0.003851881328669999 -0.1592901078686916
2.69 0.08850685484932398 0.7799733452965819 0.09235301394376123 0.9391451601279084 -0.003846159094437258 -0.1591718148313265
2.692 0.08797845622675546 0.777435080118147 0.09181890582617859 0.9364887773742555 -0.003840449599423126 -0.1590536972561085
2.694 0.08746359923692056 0.7749089303275936 0.09129835204276901 0.9338446850807586 -0.00383475280584845 -0.158935754753165
2.696 0.08696206075800074 0.7723947960944632 0.09079112943407473 0.9312127830282398 -0.003829068676073992 -0.1588179869337767
2.698 0.08647363331870815 0.7698925716836278 0.09029703049130795 0.9285929650940014 -0.003823397172599807 -0.1587003934103735
2.7 0.08599812484478761 0.7674021461898157 0.08981586310285224 0.9259851199863463 -0.003817738258064624 -0.1585829737965305
2.702 0.08553535841963135 0.7649234042196853 0.08934745031487659 0.923389131926649 -0.00381209189524524 -0.1584657277069636
2.704 0.08508517206127186 0.7624562265269029 0.08889163010832775 0.9208048812844281 -0.003806458047055893 -0.1583486547575252
2.706 0.08464741851767942 0.7600004906054989 0.08844825519422708 0.9182322451706989 -0.003800836676547671 -0.1582317545651999
2.708 0.08422196508197423 0.7575560712464126 0.08801719282888212 0.9156710979945136 -0.00379522774690789 -0.158115026748101
2.71 0.08380869342891817 0.7551228410619054 0.08759832465037767 0.913121311987371 -0.003789631221459507 -0.1579984709254656
2.712 0.08340749947382073 0.7527006709823572 0.08719154653748123 0.9105827577000078 -0.003784047063660507 -0.1578820867176507
2.714 0.0830182932548251 0.7502894307297031 0.08679676849192841 0.9080553044758324 -0.003778475237103318 -0.1577658737461293
2.716 0.08264099883937634 0.7478889892716041 0.08641391454489054 0.9055388209050902 -0.003772915705514211 -0.1576498316334861
2.718 0.08227555425554603 0.7454992152603673 0.08604292268829875 0.9030331752637808 -0.003767368432752713 -0.1575339600034134
2.72 0.08192191144878036 0.7431199774604608 0.08568374483159139 0.9005382359411681 -0.003761833382811021 -0.1574182584807073
2.722 0.08158003626454412 0.7407511451683756 0.08533634678435753 0.8980538718596389 -0.003756310519813416 -0.1573027266912634
2.724 0.08124990845725132 0.7383925886286156 0.085000708265267 0.8955799528906881 -0.003750799808015682 -0.1571873642620726
2.726 0.08093152172579429 0.7360441794494718 0.08467682293759882 0.8931163502706895 -0.00374530121180453 -0.1570721708212177
2.728 0.08062488377593732 0.7337057910222679 0.08436469847163434 0.8906629370201368 -0.003739814695697023 -0.1569571459978689
2.73 0.08033001640974968 0.7313772989478458 0.08406435663408969 0.8882195883701258 -0.003734340224340002 -0.1568422894222801
2.732 0.08004695564220829 0.7290585814740304 0.08377583340471781 0.885786182199815 -0.003728877762509517 -0.1567276007257846
2.734 0.07977575184503373 0.7267495199479449 0.083499179120144 0.8833625994887366 -0.003723427275110264 -0.1566130795407917
2.736 0.07951646991773767 0.7244499992871726 0.08323445864491269 0.8809487247879548 -0.003717988727175017 -0.1564987255007823
2.738 0.07926918948578054 0.722159908473891 0.08298175156964462 0.8785444467141962 -0.003712562083864075 -0.1563845382403052
2.74 0.07903400512565881 0.7198791410762275 0.0827411524361235 0.8761496584712006 -0.003707147310464691 -0.1562705173949731
2.742 0.07881102661659709 0.7176075958014255 0.08251277098898763 0.8737642584028847 -0.003701744372390537 -0.1561566626014592
2.744 0.07860037921840812 0.7153451770855169 0.08229673245358925 0.8713881505830096 -0.003696353235181131 -0.1560429734974927
2.746 0.07840220397492276 0.7130917957245083 0.08209317783942406 0.8690212454463634 -0.003690973864501304 -0.1559294497218551
2.748 0.07821665804218154 0.710847369552468 0.08190226426832219 0.8666634604668448 -0.003685606226140645 -0.1558160909143768
2.75 0.0780439150403673 0.7086118241721685 0.08172416532638026 0.8643147208881016 -0.003680250286012963 -0.1557028967159331
2.752 0.07788416542819171 0.7063850937443009 0.08155907143834745 0.8619749605127408 -0.003674906010155739 -0.1555898667684399
2.754 0.07773761689809508 0.7041671218418166 0.08140719026282467 0.8596441225566674 -0.003669573364729596 -0.1554770007148508
2.756 0.07760449479027579 0.7019578623763035 0.08126874710629355 0.8573221605754565 -0.003664252316017759 -0.155364298199153
2.758 0.07748504252309411 0.6997572806037902 0.08114398535351963 0.8550090394701532 -0.003658942830425523 -0.1552517588663629
2.76 0.07737952203686066 0.6975653542180306 0.08103316691134038 0.8527047365805543 -0.003653644874479727 -0.1551393823625238
2.762 0.0772882142474214 0.6953820745397703 0.08093657266224961 0.8504092428744708 -0.003648358414828216 -0.1550271683347005
2.764 0.07721141950521523 0.6932074478111283 0.08085450292345457 0.8481225642421056 -0.003643083418239336 -0.1549151164309773
2.766 0.07714945805463057 0.6910414966049435 0.08078727790623196 0.8458447229053964 -0.003637819851601386 -0.1548032263004528
2.768 0.07710267048751449 0.6888842613595225 0.08073523816943662 0.8435757589527602 -0.003632567681922127 -0.1546914975932376
2.77 0.07707141818357337 0.6867358020499302 0.08069874505990161 0.8413157320103798 -0.00362732687632824 -0.1545799299604496
2.772 0.07705608372904049 0.684596200007728 0.08067818113110532 0.8390647230619389 -0.00362209740206483 -0.1544685230542109
2.774 0.07705707130351723 0.6824655599017198 0.08067395053001214 0.8368228364293638 -0.003616879226494903 -0.154357276527644
2.776 0.07707480702315525 0.6803440118929436 0.08068647934025412 0.8345902019278122 -0.003611672317098869 -0.1542461900348686
2.778 0.07710973922630306 0.6782317139778997 0.08071621586777708 0.8323669772088972 -0.003606476641474022 -0.1541352632309974
2.78 0.07716233868549752 0.6761288545345486 0.08076363085283156 0.8301533503066817 -0.003601292167334048 -0.1540244957721331
2.782 0.07723309872708718 0.6740356550861102 0.0808292175895957 0.8279495424014746 -0.003596118862508513 -0.1539138873153643
2.784 0.07732253523674419 0.6719523732982112 0.08091349193168657 0.8257558108169739 -0.003590956694942377 -0.1538034375187627
2.786 0.0774311865258137 0.6698793062250638 0.08101699215850919 0.8235724522664426 -0.003585805632695487 -0.1536931460413788
2.788 0.07755961302966208 0.6678167938203623 0.08114027867360417 0.8213998063636013 -0.003580665643942087 -0.1535830125432391
2.79 0.07770839680483782 0.6657652227283782 0.08128393350180815 0.8192382594137201 -0.003575536696970329 -0.1534730366853418
2.792 0.07787814078711924 0.6637250303699839 0.08144855954730103 0.8170882484996382 -0.003570418760181781 -0.1533632181296543
2.794 0.0780694677671938 0.6616967093371658 0.08163477956928474 0.8149502658762749 -0.003565311802090942 -0.1532535565391091
2.796 0.07828301903468833 0.6596808121079049 0.08184323482601309 0.8128248636855052 -0.003560215791324759 -0.1531440515776004
2.798 0.07851945263478925 0.6576779560907066 0.08207458333141139 0.8107126590006873 -0.003555130696622142 -0.1530347029099808
2.8 0.07877944117453572 0.6556888290046209 0.08232949766136921 0.8086143392066789 -0.00355005648683349 -0.1529255102020581
2.802 0.07906366910797838 0.6537141945960948 0.08260866223889859 0.8065306677166861 -0.003544993130920212 -0.1528164731205913
2.804 0.07937282942108316 0.6517548986880232 0.08291277001903741 0.8044624900213112 -0.003539940597954252 -0.152707591333288
2.806 0.0797076196283887 0.6498118755488167 0.08324251848550632 0.8024107400576171 -0.003534898857117615 -0.1525988645088004
2.808 0.08006873698395096 0.6478861545599184 0.08359860486165287 0.8003764468766407 -0.003529867877701905 -0.1524902923167223
2.81 0.08045687279966342 0.6459788671484179 0.08398172042877126 0.7983607415760032 -0.003524847629107845 -0.1523818744275853
2.812 0.08087270575433096 0.6440912539371304 0.08439254383517579 0.7963648644499867 -0.003519838080844829 -0.1522736105128563
2.814 0.08131689406761819 0.642224672047075 0.08483173327014863 0.7943901722920083 -0.003514839202530442 -0.1521655002449333
2.816 0.08179006640430686 0.6403806024665966 0.08529991736819688 0.7924381457637393 -0.003509850963890013 -0.1520575432971427
2.818 0.08229281136711285 0.6385606573765599 0.08579768470186899 0.7905103967202957 -0.003504873334756149 -0.1519497393437358
2.82 0.08282566543097254 0.6367665872921692 0.08632557171604083 0.7886086753520547 -0.003499906285068285 -0.1518420880598856
2.822 0.08338909916937341 0.6350002878482859 0.08688404895424563 0.786734876969969 -0.003494949784872221 -0.1517345891216832
2.824 0.08398350162502072 0.6332638060165721 0.0874735054293404 0.7848910482227073 -0.003490003804319686 -0.1516272422061352
2.826 0.08460916268439321 0.6315593454989923 0.08809423099806109 0.7830793924901523 -0.003485068313667871 -0.15152004699116
2.828 0.08526625332974287 0.6298892709935991 0.08874639661302187 0.7813022741491839 -0.003480143283278999 -0.1514130031555847
2.83 0.08595480366539879 0.6282561109749165 0.08943003234901865 0.7795622213540583 -0.003475228683619865 -0.1513061103791418
2.832 0.08667467864945905 0.6266625585738632 0.09014500313472046 0.7778619269163296 -0.00347032448526141 -0.1511993683424664
2.834 0.08742555150949212 0.6251114700819916 0.09089098216837038 0.776204246809084 -0.003465430658878264 -0.1510927767270923
2.836 0.08820687488462008 0.6236058605438705 0.0916674220598684 0.7745921957593203 -0.00346054717524832 -0.1509863352154498
2.838 0.08901784981864681 0.6221488958424524 0.0924735238238991 0.773028939333314 -0.003455674005252292 -0.1508800434908616
2.84 0.08985739283177044 0.6207438806290551 0.09330820395164373 0.7715177818665955 -0.003450811119873286 -0.1507739012375405
2.842 0.09072410142484671 0.6193942414068125 0.09417005991504307 0.7700621495473979 -0.003445958490196359 -0.1506679081405854
2.844 0.09161621852061816 0.6181035040503731 0.09505733460802626 0.7686655679363524 -0.003441116087408107 -0.1505620638859793
2.846 0.09253159652120828 0.6168752650425597 0.09596788040400449 0.7673316332031447 -0.003436283882796213 -0.150456368160585
2.848 0.09346766185943629 0.6157131557390922 0.09689912370718534 0.7660639763912351 -0.003431461847749049 -0.1503508206521429
2.85 0.09442138113894591 0.6146207990450356 0.09784803109270114 0.7648662200943033 -0.003426649953755225 -0.1502454210492676
2.852 0.09538923018814267 0.613601758011375 0.09881107836054587 0.7637419270528197 -0.003421848172403194 -0.1501401690414448
2.854 0.09636716758592911 0.6126594760469454 0.09978422406130993 0.7626945403659737 -0.003417056475380814 -0.1500350643190284
2.856 0.09735061443864691 0.6117972086988871 0.1007628892731219 0.7617273152721245 -0.00341227483447494 -0.1499301065732373
2.858 0.09833444237885668 0.6110179472899373 0.1017419456004277 0.7608432427860901 -0.003407503221571005 -0.1498252954961528
2.86 0.09931297189574681 0.6103243351157053 0.1027157135043994 0.7600449658964201 -0.003402741608652609 -0.1497206307807148
2.862 0.1002799831671144 0.6097185773958764 0.1036779731349155 0.7593346895165961 -0.00339798996780111 -0.1496161121207196
2.864 0.1012287415154921 0.6092023467283039 0.1046219897866873 0.7587140859391206 -0.003393248271195211 -0.1495117392108167
2.866 0.1021520394281387 0.6087766863931734 0.1055405559192493 0.7581841981396787 -0.003388516491110555 -0.1494075117465054
2.868 0.1030422567362604 0.6084419144639333 0.1064260513361797 0.7577453438880657 -0.003383794599919321 -0.1493034294241325
2.87 0.1038914400241303 0.6081975322588454 0.1072705225942201 0.7573970241997342 -0.003379082570089816 -0.1491994919408888
2.872 0.1046914016273034 0.608042141159459 0.1080657820014894 0.7571378401542656 -0.003374380374186083 -0.1490956989948066
2.874 0.105433837689004 0.6079733721695246 0.1088035256738715 0.7569654224542811 -0.003369687984867493 -0.1489920502847565
2.876 0.1061104637032108 0.6079878327272371 0.1094754690780992 0.7568763782376818 -0.003365005374888354 -0.1488885455104447
2.878 0.1067131648335437 0.6080810751582046 0.1100734973506413 0.7568662595306144 -0.003360332517097511 -0.1487851843724098
2.88 0.1072341571306047 0.6082475907206226 0.1105898265150427 0.7569295572926428 -0.003355669384437957 -0.1486819665720202
2.882 0.1076661546685783 0.6084808324239768 0.1110171706185247 0.757059724235448 -0.003351015949946437 -0.1485788918114713
2.884 0.1080025366888033 0.608773268704969 0.1113489088755564 0.7572492284987511 -0.003346372186753065 -0.1484759597937821
2.886 0.1082375081782075 0.6091164686588952 0.1115792462462885 0.7574896388816885 -0.003341738068080929 -0.1483731702227933
2.888 0.108366247018436 0.6095012179286933 0.1117033605856817 0.7577717407318566 -0.003337113567245713 -0.1482705228031634
2.89 0.1083850309871759 0.6099176626580588 0.1117175296448312 0.7580856798984252 -0.003332498657655301 -0.1481680172403665
2.892 0.1082913385087901 0.6103554772527912 0.1116192318215995 0.7584211304934807 -0.003327893312809412 -0.1480656532406895
2.894 0.1080839181242133 0.6108040502102429 0.1114072156305125 0.758767480721472 -0.003323297506299204 -0.1479634305112292
2.896 0.1077628231189614 0.6112526811092669 0.1110815343307684 0.7591140298691561 -0.003318711211806907 -0.1478613487598892
2.898 0.1073294095064182 0.6116907811145094 0.1106435439095236 0.7594501888098871 -0.003314134403105437 -0.1477594076953778
2.9 0.1067862974714295 0.6121080691135917 0.1100958645254875 0.7597656761407962 -0.003309567054058032 -0.1476576070272045
2.902 0.1061372982783851 0.6124947558979736 0.109442307417003 0.7600507023636512 -0.003305009138617866 -0.1475559464656776
2.904 0.1053873103810632 0.6128417095878433 0.1086877710118909 0.7602961353097452 -0.003300460630827692 -0.1474544257219018
2.906 0.1045421899017195 0.6131405967094203 0.107838111406539 0.7604936412171951 -0.003295921504819463 -0.1473530445077747
2.908 0.1036086016720993 0.6133839948437371 0.1068999934069132 0.7606357973797219 -0.003291391734813966 -0.1472518025359848
2.91 0.1025938575933054 0.6135654744387371 0.1058807288884258 0.7607161739587452 -0.003286871295120458 -0.1471506995200082
2.912 0.1015057491670938 0.613679649067676 0.1047881093272301 0.7607293842417824 -0.003282360160136304 -0.1470497351741064
2.914 0.1003523807152047 0.6137221949947371 0.1036302390195513 0.7606711042080604 -0.003277858304346608 -0.1469489092133233
2.916 0.09914200910886557 0.6136898422660004 0.1024153748111894 0.7605380636194832 -0.003273365702323861 -0.1468482213534827
2.918 0.09788289487396257 0.6135803406071872 0.1011517772026901 0.7603280119183727 -0.003268882328727573 -0.1467476713111855
2.92 0.09658316842364008 0.6133924041430748 0.099847576581944 0.760039662946882 -0.003264408158303927 -0.1466472588038072
2.922 0.09525071400243168 0.6131256393540763 0.09851065716831708 0.7596726229035712 -0.00325994316588541 -0.1465469835494949
2.924 0.09389307279415679 0.612780460779577 0.09714856012054726 0.7592273060467423 -0.003255487326390473 -0.1464468452671653
2.926 0.09251736561971505 0.6123579988126866 0.09576840623453821 0.758704842489188 -0.003251040614823168 -0.1463468436765014
2.928 0.09113023477909633 0.6118600035651152 0.09437683778536914 0.7581069820630656 -0.003246603006272808 -0.1462469784979505
2.93 0.08973780390074887 0.6112887482762426 0.09297997837666247 0.7574359977289635 -0.003242174475913604 -0.1461472494527209
2.932 0.08834565415701096 0.6106469351574331 0.09158340915601529 0.7566945914202132 -0.003237754999004335 -0.1460476562627802
2.934 0.08695881487848471 0.6099376059525151 0.0901921594293727 0.7558858046033669 -0.00323334455088799 -0.1459481986508517
2.936 0.08558176643353774 0.6091640589003637 0.08881070954052916 0.7550129352407766 -0.00322894310699143 -0.1458488763404129
2.938 0.08421845320482202 0.6083297732367163 0.08744300384764707 0.7540794622924083 -0.003224550642825044 -0.145749689055692
2.94 0.08287230456484061 0.6074383418894416 0.08609247169882302 0.7530889784111074 -0.00322016713398241 -0.1456506365216659
2.942 0.08154626189852103 0.6064934126152102 0.08476205445466098 0.7520451310792678 -0.003215792556139955 -0.1455517184640577
2.944 0.08024280991646557 0.6054986374989857 0.08345423680152218 0.7509515721083193 -0.003211426885056618 -0.1454529346093336
2.946 0.07896401072590707 0.6044576304879509 0.08217108082248059 0.749811915172652 -0.003207070096573513 -0.1453542846847011
2.948 0.07771153935969312 0.6033739324518368 0.08091426152630672 0.7486297008699428 -0.003202722166613602 -0.1452557684181061
2.95 0.07648671969271791 0.6022509831430608 0.07968510276389926 0.7474083686812912 -0.003198383071181349 -0.1451573855382305
2.952 0.07529055989089027 0.6010920993626128 0.07848461267725268 0.7461512351371024 -0.003194052786362406 -0.1450591357744896
2.954 0.07412378673331392 0.5999004586111945 0.07731351802163719 0.7448614774682242 -0.003189731288323267 -0.1449610188570297
2.956 0.07298687832096648 0.5986790875102048 0.07617229687427743 0.7435421220269306 -0.003185418553310953 -0.1448630345167258
2.958 0.07188009483278418 0.5974308543053869 0.07506120939043687 0.7421960367905658 -0.003181114557652681 -0.1447651824851789
2.96 0.07080350711369146 0.5961584648101327 0.073980326391447 0.7408259273048464 -0.003176819277755538 -0.1446674624947137
2.962 0.06975702297997506 0.5948644611994853 0.07292955567008122 0.7394343354778613 -0.003172532690106158 -0.144569874278376
2.964 0.06874041120734938 0.5935512231252794 0.07190866597861978 0.73802364069521 -0.003168254771270407 -0.1444724175699305
2.966 0.0677533232288061 0.59222097068377 0.07091730872669916 0.7365960627876282 -0.00316398549789305 -0.1443750921038583
2.968 0.0667953126156122 0.590875768827103 0.06995503746230965 0.7351536664424573 -0.003159724846697448 -0.1442778976153543
2.97 0.06586585244753501 0.5895175328669903 0.06902132524202023 0.7336983667073153 -0.003155472794485227 -0.144180833840325
2.972 0.06496435070050344 0.5881480347719704 0.0681155800186394 0.7322319352873566 -0.003151229318135971 -0.1440839005153862
2.974 0.06409016379332459 0.5867689100078386 0.0672371581879315 0.7307560073856991 -0.003146994394606904 -0.1439870973778605
2.976 0.06324260844148842 0.5853816647139717 0.066385376442421 0.7292720888797466 -0.003142768000932584 -0.1438904241657749
2.978 0.06242097196727835 0.5839876830462882 0.06555952208150292 0.7277815636641466 -0.003138550114224577 -0.1437938806178583
2.98 0.0616245212128326 0.5825882345507485 0.06475886192450377 0.7262857010242881 -0.003134340711671166 -0.1436974664735396
2.982 0.06085251019713116 0.5811844814597145 0.06398264996766818 0.7247856629326593 -0.003130139770537028 -0.1436011814729449
2.984 0.06010418665043082 0.5797774858277608 0.06323013391859376 0.7232825111846563 -0.003125947268162938 -0.1435050253568955
2.986 0.05937879755106164 0.5783682164439577 0.06250056073302709 0.7217772143108629 -0.003121763181965451 -0.1434089978669052
2.988 0.05867559378002338 0.576957555474611 0.06179318126946 0.7202706542197895 -0.003117587489436614 -0.1433130987451785
2.99 0.0579938339991882 0.5755463048044768 0.06110725416733185 0.7187636325390846 -0.003113420168143648 -0.1432173277346078
2.992 0.05733278784943284 0.5741351920559765 0.0604420490451615 0.717256876634748 -0.003109261195728659 -0.1431216845787715
2.994 0.05669173855561983 0.5727248762750723 0.05979684910552816 0.7157510452970037 -0.00310511054990833 -0.1430261690219314
2.996 0.05606998501651013 0.5713159532798544 0.05917095322498376 0.7142467340888851 -0.003100968208473629 -0.1429307808090307
2.998 0.05546684344941903 0.5699089606736643 0.05856367759870854 0.7127444803593557 -0.003096834149289507 -0.1428355196856914
3 0.05488164865162475 0.5685043825289638 0.05797435700191935 0.7112447679271764 -0.003092708350294605 -0.1427403853982125
3.002 0.05431375493343112 0.5671026537514804 0.05740234572293208 0.7097480314450477 -0.003088590789500959 -0.1426453776935673
3.004 0.05376253677135988 0.5657041641366423 0.05684701821635359 0.7082546604560438 -0.003084481444993707 -0.1425504963194015
3.006 0.05322738922400289 0.5643092621319492 0.0563077695189337 0.7067650031559799 -0.003080380294930803 -0.1424557410240307
3.008 0.05270772814777257 0.5629182583200024 0.05578401546531529 0.7052793698764407 -0.003076287317542716 -0.1423611115564383
3.01 0.05220299024510151 0.5615314286376152 0.05527519273623366 0.7037980363038886 -0.003072202491132151 -0.1422666076662735
3.012 0.05171263297336542 0.5601490173466019 0.05478075876743918 0.7023212464504505 -0.003068125794073758 -0.1421722291038486
3.014 0.05123613433902206 0.5587712397718032 0.0543001915438359 0.7008492153919406 -0.003064057204813844 -0.1420779756201373
3.016 0.05077299259821339 0.5573982848216771 0.05383298930008348 0.6993821317884493 -0.003059996701870092 -0.1419838469667723
3.018 0.05032272588208502 0.5560303173063521 0.0533786701459163 0.6979201602023951 -0.003055944263831277 -0.141889842896043
3.02 0.04988487176248231 0.5546674800674039 0.05293677163183929 0.6964634432282975 -0.003051899869356979 -0.1417959631608935
3.022 0.04945898677150651 0.5533098959331237 0.05250685026868383 0.6950121034480444 -0.003047863497177314 -0.1417022075149207
3.024 0.04904464588635028 0.5519576695122399 0.05208848101244292 0.6935662452246112 -0.003043835126092636 -0.1416085757123713
3.026 0.04864144198913955 0.5506108888383741 0.05168125672411283 0.6921259563465146 -0.003039814734973278 -0.1415150675081406
3.028 0.0482489853100407 0.5492696268768188 0.05128478761279996 0.6906913095345887 -0.003035802302759262 -0.1414216826577699
3.03 0.04786690286054495 0.5479339429044615 0.05089870066900498 0.689262363821906 -0.00303179780846003 -0.1413284209174445
3.032 0.04749483786272293 0.5466038837729296 0.0505226390938771 0.6878391658169208 -0.003027801231154167 -0.1412352820439913
3.034 0.04713244917930477 0.5452794850644411 0.0501562617292939 0.6864217508593183 -0.00302381254998913 -0.1411422657948772
3.036 0.04677941074856593 0.5439607721490838 0.0497992424927469 0.6850101440772902 -0.003019831744180969 -0.1410493719282065
3.038 0.04643541102727435 0.5426477611516264 0.04945126982028841 0.6836043613543455 -0.003015858793014071 -0.1409566002027192
3.04 0.04610015244437957 0.5413404598354161 0.04911204612022044 0.6822044102132047 -0.003011893675840872 -0.1408639503777885
3.042 0.04577335086755563 0.5400388684102901 0.04878128723963724 0.6808102906237095 -0.003007936372081608 -0.1407714222134193
3.044 0.04545473508426223 0.5387429802708973 0.04845872194548626 0.6794219957411427 -0.003003986861224031 -0.1406790154702454
3.046 0.04514404629864067 0.537452782671376 0.04814409142146383 0.6780395125809042 -0.003000045122823159 -0.1405867299095283
3.048 0.04484103764520202 0.5361682573418181 0.04783714878170301 0.6766628226349723 -0.002996111136500993 -0.1404945652931542
3.05 0.04454547371999787 0.5348893810515267 0.04753765860194414 0.6752919024351596 -0.002992184881946274 -0.1404025213836329
3.052 0.04425713012976118 0.5336161261236956 0.04724539646867539 0.6739267240677903 -0.002988266338914207 -0.1403105979440948
3.054 0.04397579305928784 0.5323484609057637 0.04696014854651404 0.6725672556440535 -0.002984355487226207 -0.1402187947382898
3.056 0.04370125885717226 0.5310863501993166 0.04668171116394189 0.6712134617299013 -0.002980452306769635 -0.1401271115305847
3.058 0.04343333363990539 0.5298297556531576 0.04640989041740293 0.6698653037391188 -0.002976556777497541 -0.1400355480859612
3.06 0.04317183291421039 0.5285786361228348 0.0461445017936388 0.6685227402928492 -0.002972668879428409 -0.1399441041700143
3.062 0.04291658121742191 0.5273329479996697 0.04588536981006781 0.6671857275486196 -0.0029687885926459 -0.1398527795489499
3.064 0.04266741177563715 0.5260926455120626 0.04563232767293574 0.6658542195016456 -0.002964915897298595 -0.139761573989583
3.066 0.04242416617933216 0.5248576810016872 0.0453852169529319 0.6645281682610227 -0.002961050773599743 -0.1396704872593355
3.068 0.04218669407607304 0.5236280051769187 0.04514388727790004 0.6632075243031533 -0.002957193201827005 -0.1395795191262347
3.07 0.04195485287993805 0.5224035673456989 0.04490819604226026 0.6618922367046096 -0.002953343162322214 -0.1394886693589107
3.072 0.04172850749724778 0.5211843156298669 0.04467800813273888 0.6605822533564618 -0.002949500635491105 -0.139397937726595
3.074 0.04150753006817858 0.5199701971628461 0.04445319566998167 0.6592775211619644 -0.002945665601803086 -0.1393073239991182
3.076 0.04129179972382674 0.5187611582723934 0.04423363776561771 0.6579779862193018 -0.002941838041790977 -0.1392168279469084
3.078 0.04108120235830611 0.5175571446500852 0.04401922029435688 0.6566835939910739 -0.00293801793605077 -0.1391264493409888
3.08 0.04087563041544456 0.5163581015090193 0.04380983568068594 0.6553942894619953 -0.002934205265241376 -0.139036187952976
3.082 0.04067498268965557 0.515163973731158 0.04360538269973996 0.6541100172862363 -0.002930400010084389 -0.1389460435550783
3.084 0.04047916414058041 0.5139747060056667 0.04340576629194425 0.6528307219257601 -0.002926602151363836 -0.1388560159200934
3.086 0.04028808572109087 0.5127902429594969 0.04321089739101681 0.6515563477809038 -0.002922811669925938 -0.1387661048214069
3.088 0.04010166421825703 0.5116105292814006 0.04302069276493589 0.6502868393143905 -0.002919028546678866 -0.1386763100329898
3.09 0.03991982210690458 0.5104355098405551 0.04283507486949709 0.6490221411699526 -0.002915252762592504 -0.1385866313293975
3.092 0.03974248741538781 0.5092651298008747 0.04265397171408601 0.6477621982866416 -0.002911484298698205 -0.1384970684857669
3.094 0.03956959360321012 0.5080993347320715 0.04247731673929868 0.6465069560098869 -0.00290772313608856 -0.1384076212778154
3.096 0.03940107945015295 0.5069380707185269 0.0423050487060701 0.6452563602003655 -0.002903969255917152 -0.1383182894818385
3.098 0.0392368889565597 0.5057812844669811 0.04213711159595803 0.6440103573416893 -0.002900222639398331 -0.1382290728747081
3.1 0.03907697125443699 0.504628923414032 0.04197345452224396 0.6427688946479027 -0.002896483267806967 -0.1381399712338707
3.102 0.03892128052904256 0.5034809358344867 0.04181403165152079 0.6415319201718321 -0.002892751122478225 -0.1380509843373454
3.104 0.03876977595061949 0.5023372709515523 0.04165880213542682 0.6402993829152748 -0.00288902618480733 -0.1379621119637224
3.106 0.03862242161593606 0.5011978790498794 0.04150773005218539 0.6390712329420399 -0.002885308436249334 -0.1378733538921605
3.108 0.03847918649928581 0.5000627115925304 0.04136078435760469 0.6378474214949165 -0.002881597858318886 -0.1377847099023861
3.11 0.03834004441258219 0.4989317213429275 0.0412179388451722 0.6366279011176182 -0.002877894432590001 -0.1376961797746908
3.112 0.03820497397416256 0.4978048624928723 0.04107917211485839 0.635412625782802 -0.002874198140695834 -0.1376077632899297
3.114 0.03807395858589553 0.49668209079782 0.04094446755022398 0.63420155102734 -0.002870508964328453 -0.13751946022952
3.116 0.03794698641814043 0.4955633637205793 0.04081381330337904 0.6329946340960177 -0.002866826885238607 -0.1374312703754384
3.118 0.03782405040206772 0.4944486405847004 0.04068720228730322 0.6317918340949206 -0.002863151885235507 -0.1373431935102201
3.12 0.03770514822879456 0.4933378827388867 0.04056463217498116 0.6305931121558432 -0.002859483946186596 -0.1372552294169566
3.122 0.03759028235471632 0.492231053733826 0.04044610540473365 0.6293984316131199 -0.00285582305001733 -0.1371673778792939
3.124 0.03747946001233435 0.4911281195128917 0.04033162919104531 0.6282077581943227 -0.002852169178710953 -0.137079638681431
3.126 0.03737269322578279 0.4900290486183205 0.04022121554009106 0.6270210602264384 -0.002848522314308275 -0.1369920116081179
3.128 0.03726999883013511 0.4889338124145038 0.04011488126904256 0.6258383088591578 -0.002844882438907452 -0.136904496444654
3.13 0.0371713984934349 0.487842385330141 0.04001264802809867 0.6246594783070271 -0.00284124953466377 -0.1368170929768861
3.132 0.03707691874023076 0.4867547451211516 0.03991454232402018 0.6234845461123586 -0.002837623583789417 -0.136729800991207
3.134 0.03698659097520335 0.4856708731563025 0.03982059554375663 0.6223134934308561 -0.00283400456855328 -0.1366426202745535
3.136 0.03690045150525316 0.4845907547276285 0.03973084397653387 0.6211463053420333 -0.002830392471280712 -0.1365555506144048
3.138 0.0368185415581536 0.4835143793878668 0.03964532883250693 0.6199829711866475 -0.002826787274353329 -0.1364685917987807
3.14 0.03674090729558565 0.482441741317209 0.03956409625579443 0.6188234849334489 -0.002823188960208787 -0.1363817436162398
3.142 0.03666759981802033 0.4813728397217615 0.0394871973293609 0.6176678455776398 -0.002819597511340576 -0.1362950058558783
3.144 0.03659867515852536 0.4803076792662445 0.03941468806882317 0.6165160575735719 -0.002816012910297799 -0.1362083783073274
3.146 0.03653419426212579 0.4792462705435139 0.03934662940181075 0.6153681313042663 -0.002812435139684968 -0.1361218607607524
3.148 0.03647422294683728 0.4781886305835075 0.03928308712899906 0.6142240835903583 -0.002808864182161785 -0.1360354530068508
3.15 0.03641883184190787 0.477134783404324 0.03922413186235081 0.6130839382411741 -0.00280530002044294 -0.1359491548368501
3.152 0.03636809629815406 0.4760847606080493 0.03916983893545195 0.6119477266505564 -0.002801742637297894 -0.1358629660425071
3.154 0.03632209626454171 0.4750386020238955 0.03912028828009239 0.6108154884400008 -0.002798192015550678 -0.1357768864161052
3.156 0.03628091612432783 0.4739963564011044 0.03907556426240751 0.6096872721515579 -0.002794648138079684 -0.1356909157504536
3.158 0.03624464448317013 0.4729580821538121 0.03903575547098758 0.608563135992697 -0.002791110987817454 -0.1356050538388849
3.16 0.03621337390058924 0.4719238481597118 0.03900095444833972 0.6074431486349658 -0.00278758054775048 -0.1355193004752541
3.162 0.03618720055503826 0.4708937346139495 0.03897125735595726 0.6063273900678858 -0.002784056800918997 -0.1354336554539364
3.164 0.03616622383161686 0.469867833938988 0.03894676356203364 0.605215952508814 -0.00278053973041678 -0.135348118569826
3.166 0.03615054582013961 0.4688462517503469 0.03892757513953055 0.6041089413686812 -0.002777029319390943 -0.1352626896183343
3.168 0.03614027070983152 0.467829107877092 0.03891379626087325 0.6030064762724799 -0.002773525551041735 -0.1351773683953879
3.17 0.03613550406543086 0.4668165374345475 0.0389055324740532 0.6019086921319754 -0.002770028408622338 -0.1350921546974279
3.172 0.03613635196791259 0.4658086919449963 0.03890288984335126 0.6008157402664034 -0.002766537875438669 -0.1350070483214071
3.174 0.03614292000142842 0.4648057405000822 0.03890597393627761 0.5997277895648716 -0.002763053934849184 -0.1349220490647894
3.176 0.03615531206649386 0.4638078709560349 0.03891488863675854 0.5986450276815826 -0.002759576570264672 -0.1348371567255477
3.178 0.036173628997937 0.4628152911497494 0.03892973476308507 0.5975676622519118 -0.002756105765148067 -0.1347523711021624
3.18 0.03619796696474343 0.4618282301201115 0.03895060846775767 0.5964959221137313 -0.00275264150301424 -0.1346676919936197
3.182 0.03622841562784827 0.4608469393145651 0.03897759939527809 0.5954300585139755 -0.002749183767429816 -0.1345831191994104
3.184 0.03626505603120602 0.459871693755844 0.03901078857321899 0.5943703462753716 -0.002745732542012969 -0.1344986525195276
3.186 0.03630795820127794 0.4589027931379244 0.03905024601171118 0.5933170848923903 -0.002742287810433235 -0.134414291754466
3.188 0.03635717843068982 0.4579405628135151 0.03909602798710114 0.5922705995187347 -0.002738849556411315 -0.1343300367052196
3.19 0.0364127562233801 0.4569853546278267 0.03914817398709899 0.5912312418011073 -0.002735417763718883 -0.1342458871732806
3.192 0.0364747108814074 0.4560375475449994 0.0392067032975858 0.590199390505637 -0.002731992416178396 -0.1341618429606376
3.194 0.03654303771806677 0.4550975480043838 0.03927161121572968 0.589175451874158 -0.002728573497662905 -0.1340779038697741
3.196 0.03661770388841368 0.454165789934145 0.03934286488050955 0.5881598596378123 -0.00272516099209586 -0.1339940697036672
3.198 0.03669864383711351 0.4532427343395755 0.03942039872056443 0.5871530746053611 -0.002721754883450927 -0.1339103402657856
3.2 0.03678575437519271 0.4523288683734087 0.0395041095309445 0.5861555837334971 -0.002718355155751795 -0.1338267153600884
3.202 0.0368788894121302 0.4514247037859001 0.03959385120520219 0.5851678985769235 -0.002714961793071994 -0.1337431947910234
3.204 0.03697785438824804 0.4505307746440924 0.03968942916778274 0.5841905530076182 -0.002711574779534701 -0.1336597783635259
3.206 0.03708240047473355 0.4496476342034653 0.03979059457404611 0.583224100086482 -0.002708194099312565 -0.1335764658830166
3.208 0.03719221863516599 0.4487758508120991 0.0398970383717935 0.5822691079675 -0.002704819736627511 -0.1334932571554008
3.21 0.03730693367294995 0.4479160027288948 0.04000838534870052 0.5813261547159611 -0.002701451675750565 -0.1334101519870663
3.212 0.03742609842321743 0.4470686717448084 0.04012418832421909 0.5803958219296905 -0.002698089901001663 -0.1333271501848822
3.214 0.03754918828486939 0.4462344355110093 0.04024392268161887 0.5794786870672065 -0.002694734396749477 -0.1332442515561972
3.216 0.03767559632710564 0.4454138585021475 0.04036698147451687 0.5785753144109861 -0.002691385147411227 -0.1331614559088386
3.218 0.03780462924309616 0.4446074815781014 0.04049267138054866 0.5776862446292115 -0.002688042137452503 -0.1330787630511101
3.22 0.0379355044589206 0.4438158101549586 0.04062020981030769 0.5768119829467495 -0.002684705351387082 -0.1329961727917909
3.222 0.03806734873508388 0.4430393010564977 0.04074872350886063 0.5759529859966316 -0.002681374773776753 -0.1329136849401338
3.224 0.03819919861682757 0.4422783481911159 0.04087724900605871 0.5751096474969802 -0.002678050389231136 -0.1328312993058643
3.226 0.03833000309365969 0.4415332672848857 0.04100473527606719 0.5742822829840644 -0.002674732182407505 -0.1327490156991786
3.228 0.0384586288131233 0.440804279996843 0.04113004895113391 0.5734711139275853 -0.002671420138010609 -0.1326668339307423
3.23 0.03858386815418408 0.4400914978435155 0.04125198239497658 0.5726762516552044 -0.002668114240792501 -0.1325847538116889
3.232 0.03870445039790701 0.4393949064600517 0.04136926487345937 0.5718976816136705 -0.002664814475552357 -0.1325027751536187
3.234 0.03881905613473877 0.4387143508174313 0.04148057696187507 0.5711352485860283 -0.002661520827136304 -0.132420897768597
3.236 0.0389263349183296 0.438049522089674 0.04158456819876685 0.5703886435588267 -0.002658233280437246 -0.1323391214691527
3.238 0.0390249260181332 0.4373999469115585 0.0416798778385279 0.5696573929798355 -0.00265495182039469 -0.132257446068277
3.24 0.03911348194288292 0.4367649797758597 0.04176515837487749 0.5689408511552816 -0.002651676431994575 -0.1321758713794219
3.242 0.03919069421426556 0.4361437992804572 0.04183910131453467 0.5682381964969561 -0.002648407100269101 -0.1320943972164988
3.244 0.03925532067806833 0.4355354088435449 0.04190046448836489 0.567548432237422 -0.002645143810296552 -0.1320130233938771
3.246 0.03930621346478147 0.4349386423572266 0.0419481000119826 0.5668703920836093 -0.002641886547201134 -0.1319317497263828
3.248 0.03934234657063903 0.4343521750489782 0.04198098186679183 0.5662027510782752 -0.002638635296152803 -0.131850576029297
3.25 0.03936284194056783 0.4337745395757492 0.04199823198293492 0.5655440416941039 -0.002635390042367094 -0.1317695021183547
3.252 0.03936699291086869 0.4332041471017619 0.04199914368197364 0.5648926749115051 -0.002632150771104954 -0.1316885278097432
3.254 0.03935428392130056 0.4326393128282441 0.04198320138897314 0.5642469657483449 -0.002628917467672573 -0.1316076529201008
3.256 0.03932440553644717 0.4320782851747351 0.0419500956538684 0.5636051624412506 -0.002625690117421224 -0.1315268772665154
3.258 0.03927726401977315 0.4315192775810978 0.04189973272552024 0.5629654782476211 -0.00262246870574709 -0.1314462006665234
3.26 0.03921298496756374 0.4309605017287683 0.04183223818565485 0.5623261246668759 -0.002619253218091103 -0.1313656229381076
3.262 0.03913191081413517 0.4304002008859296 0.04174795445407395 0.5616853447856263 -0.002616043639938775 -0.1312851438996967
3.264 0.03903459233946906 0.4298366820735119 0.0416474322962891 0.5610414454436753 -0.002612839956820044 -0.1312047633701634
3.266 0.03892177461920916 0.4292683458280754 0.04153141677351825 0.5603928269968986 -0.002609642154309096 -0.1311244811688232
3.268 0.03879437812943417 0.4286937124957395 0.04140082834745839 0.5597380096111725 -0.002606450218024219 -0.131044297115433
3.27 0.03865347593382115 0.4281114442126844 0.04125674006744878 0.5590756552428743 -0.002603264133627628 -0.1309642110301899
3.272 0.03850026802442134 0.4275203619913084 0.04110035191124665 0.558404584725038 -0.002600083886825312 -0.1308842227337296
3.274 0.03833605395278742 0.4269194576130868 0.04093296341615429 0.557723789660212 -0.002596909463366871 -0.1308043320471252
3.276 0.03816220487716249 0.426307900305931 0.04075594572620785 0.5570324390978171 -0.002593740849045359 -0.1307245387918861
3.278 0.03798013607241878 0.4256850384347112 0.04057071410211589 0.5563298812246674 -0.002590578029697118 -0.1306448427899562
3.28 0.03779128081613058 0.4250503966427641 0.04037870180733221 0.555615640506477 -0.002587420991201629 -0.130565243863713
3.282 0.03759706639345341 0.4244036690395235 0.04018133611293476 0.5548894108754895 -0.00258426971948135 -0.130485741835966
3.284 0.03739889277298616 0.423744709130998 0.03998001697348771 0.5541510456609536 -0.002581124200501557 -0.1304063365299556
3.286 0.0371981143119287 0.4230735172371023 0.03977609873219889 0.5534005450064539 -0.002577984420270192 -0.1303270277693515
3.288 0.03699602466556671 0.4223902261385392 0.03957087503040441 0.5526380415167911 -0.002574850364837705 -0.1302478153782519
3.29 0.03679384491382916 0.4216950856547392 0.03936556693412607 0.5518637848359208 -0.0025717220202969 -0.1301686991811816
3.292 0.03659271478302534 0.4209884467833632 0.03916131415580813 0.5510781257864543 -0.002568599372782783 -0.1300896790030911
3.294 0.03639368673707678 0.4202707459413854 0.03895916914554919 0.5502815006107405 -0.002565482408472401 -0.1300107546693552
3.296 0.03619772263979847 0.4195424897473303 0.03876009375338317 0.5494744157531021 -0.002562371113584698 -0.1299319260057718
3.298 0.03600569264580216 0.4188042406819795 0.03856495812018252 0.5486574335205399 -0.002559265474380358 -0.1298531928385603
3.3 0.03581837595882705 0.4180566038670067 0.03837454143598871 0.5478311588613677 -0.002556165477161656 -0.129774554994361
3.302 0.035636463098206 0.417300215112186 0.0381895342064783 0.5469962274124188 -0.002553071108272301 -0.1296960123002329
3.304 0.0354605593319362 0.4165357303047119 0.0380105416860335 0.5461532948883652 -0.002549982354097295 -0.1296175645836533
3.306 0.03529118896398428 0.4157638161501145 0.03783808816504706 0.5453030278226304 -0.002546899201062775 -0.1295392116725159
3.308 0.03512880019992345 0.4149851422234846 0.03767262183555933 0.5444460956186147 -0.002543821635635869 -0.1294609533951301
3.31 0.03497377035534732 0.414200374251532 0.03751451999967187 0.5435831638317512 -0.002540749644324546 -0.1293827895802192
3.312 0.03482641121309263 0.4134101685192302 0.0373640944267701 0.5427148885761498 -0.002537683213677468 -0.1293047200569196
3.314 0.03468697437609627 0.4126151672780595 0.03722159670638012 0.5418419119328387 -0.00253462233028384 -0.1292267446547792
3.316 0.03455565650131016 0.4118159950245724 0.03708722348208344 0.540964858228329 -0.002531566980773272 -0.1291488632037565
3.318 0.03443260433557969 0.4110132555167398 0.03696112148739531 0.5400843310509589 -0.002528517151815623 -0.129071075534219
3.32 0.03431791950626053 0.4102075293999743 0.03684339233638139 0.5392009108769168 -0.002525472830120861 -0.1289933814769424
3.322 0.03421166304728502 0.4093993723237943 0.03673409704972394 0.5383151531869034 -0.002522434002438918 -0.128915780863109
3.324 0.03411385966530567 0.4085893134427978 0.03663326032086522 0.5374275869671045 -0.002519400655559547 -0.1288382735243067
3.326 0.03402450177037682 0.40777785421126 0.03654087454668899 0.5365387135037875 -0.002516372776312173 -0.1287608592925275
3.328 0.0339435533113305 0.4069654673987037 0.03645690366289626 0.5356490053988704 -0.002513350351565757 -0.1286835380001667
3.33 0.03387095346744874 0.4061525962735412 0.03638128683567739 0.5347589057535628 -0.002510333368228649 -0.1286063094800216
3.332 0.03380662025509055 0.4053396539229435 0.036313942068339 0.5338688274882333 -0.00250732181324845 -0.1285291735652898
3.334 0.03375045411035887 0.4045270226988766 0.03625476978397073 0.5329791527884453 -0.002504315673611867 -0.1284521300895687
3.336 0.03370234150647852 0.4037150538019282 0.0362036564428231 0.532090232688782 -0.002501314936344574 -0.1283751788868538
3.338 0.03366215865712378 0.4029040670354008 0.03616047824563485 0.5312023868269387 -0.002498319588511073 -0.1282983197915379
3.34 0.03362977534442887 0.4020943507811066 0.03612510496164343 0.5303159034195161 -0.002495329617214556 -0.1282215526384095
3.342 0.03360505889304669 0.4012861622640427 0.03609740390264345 0.5294310395266947 -0.002492345009596762 -0.128144877262652
3.344 0.03358787828991404 0.4004797281845441 0.03607724404275188 0.5285480216843863 -0.002489365752837841 -0.1280682934998422
3.346 0.03357810842423972 0.3996752458022066 0.03606450025839594 0.5276670469881559 -0.002486391834156218 -0.1279918011859493
3.348 0.03357563439507209 0.3988728845547495 0.03605905763588055 0.5267882847120835 -0.002483423240808455 -0.127915400157334
3.35 0.03358035580641766 0.3980727882862798 0.03606081576650677 0.5259118785370264 -0.002480459960089112 -0.1278390902507465
3.352 0.03359219094438876 0.3972750781429337 0.03606969292371938 0.5250379494462601 -0.002477501979330614 -0.1277628713033264
3.354 0.03361108070962403 0.3964798561698664 0.03608562999552714 0.5241665993224671 -0.002474549285903116 -0.1276867431526008
3.356 0.03363699216346278 0.395687209613375 0.03610859403067715 0.5232979152498582 -0.002471601867214366 -0.1276107056364832
3.358 0.03366992153994323 0.3948972158974344 0.0361385812506528 0.5224319744907073 -0.002468659710709572 -0.1275347585932729
3.36 0.0337098965789586 0.3941099482076332 0.03617561938282987 0.5215688500692865 -0.002465722803871269 -0.1274589018616533
3.362 0.03375697804919245 0.3933254815804673 0.03621976918341163 0.5207086168611581 -0.002462791134219186 -0.1273831352806908
3.364 0.03381126035214477 0.3925438993652655 0.03627112504145488 0.5198513580550995 -0.00245986468931011 -0.127307458689834
3.366 0.03387287112904828 0.3917652999023651 0.03632981458578605 0.5189971718312774 -0.00245694345673776 -0.1272318719289123
3.368 0.03394196982820641 0.3909898032467448 0.03639599725233906 0.5181461780848796 -0.00245402742413265 -0.1271563748381348
3.37 0.03401874522808206 0.3902175577623236 0.03646986180724401 0.517298525020413 -0.002451116579161961 -0.1270809672580893
3.372 0.03410341194804295 0.3894487464185007 0.03655162285757236 0.5164543954482419 -0.002448210909529412 -0.1270056490297412
3.374 0.03419620601078117 0.3886835926362261 0.0366415164137563 0.515614012630658 -0.002445310402975126 -0.1269304199944319
3.376 0.03429737954546508 0.3879223655538595 0.03673979459274059 0.514777645547738 -0.002442415047275504 -0.1268552799938785
3.378 0.03440719473700481 0.3871653846104088 0.03684671956724791 0.5139456134805808 -0.002439524830243096 -0.126780228870172
3.38 0.03452591713371645 0.3864130233723501 0.03696255687344292 0.5131182898381266 -0.002436639739726471 -0.1267052664657765
3.382 0.03465380842355006 0.3856657125570056 0.03708756818716016 0.5122961051805337 -0.00243375976361009 -0.1266303926235281
3.384 0.03479111877938923 0.3849239422276026 0.03722200366920341 0.5114795494142365 -0.002430884889814184 -0.1265556071866338
3.386 0.03493807885878606 0.3841882631506138 0.03736609396508068 0.5106691731492841 -0.002428015106294615 -0.1264809099986703
3.388 0.03509489152542329 0.3834592873135946 0.03752004192646606 0.5098655882171775 -0.002425150401042766 -0.1264063009035829
3.39 0.03526172334151027 0.3827376876009259 0.03768401410359568 0.5090694673466105 -0.0024222907620854 -0.1263317797456847
3.392 0.03543869586474493 0.3820241966162196 0.03785813204222948 0.5082815429858747 -0.002419436177484548 -0.1262573463696551
3.394 0.0356258767728624 0.3813196046246675 0.03804246340819977 0.5075026052452066 -0.002416586635337373 -0.1261830006205391
3.396 0.03582327083522038 0.3806247565679914 0.03823701295899643 0.5067334989117374 -0.002413742123776056 -0.1261087423437459
3.398 0.0360308107557335 0.3799405480809622 0.03844171338670117 0.5059751194660104 -0.002410902630967667 -0.1260345713850482
3.4 0.03624834792576499 0.3792679204141234 0.03865641607087903 0.505228408004704 -0.002408068145114043 -0.1259604875905807
3.402 0.03647564314993326 0.3786078541448267 0.03888088180438493 0.504494344951666 -0.002405238654451662 -0.1258864908068393
3.404 0.03671235744201763 0.3779613615407789 0.03911477158926916 0.503773942421459 -0.002402414147251531 -0.1258125808806802
3.406 0.03695804303170235 0.377329477429724 0.0393576376435214 0.5030682350890424 -0.002399594611819053 -0.1257387576593184
3.408 0.03721213477481435 0.3767132484285197 0.03960891481130826 0.5023782694188468 -0.002396780036493914 -0.1256650209903271
3.41 0.03747394221800385 0.3761137203975146 0.0398679126276538 0.5017050911191507 -0.002393970409649957 -0.1255913707216362
3.412 0.03774264263097808 0.3755319240146191 0.04013380835067314 0.5010497307161509 -0.002391165719695067 -0.1255178067015318
3.414 0.03801727538216171 0.3749688584101603 0.04040564133723275 0.5004131871888149 -0.002388365955071047 -0.1254443287786547
3.416 0.03829673809243665 0.3744254728705874 0.04068230919669016 0.4997964096725868 -0.002385571104253503 -0.1253709368019995
3.418 0.038579785051043 0.3739026467074943 0.04096256620679473 0.499200277328408 -0.002382781155751722 -0.1252976306209136
3.42 0.03886502841160609 0.3734011674981388 0.04124502450971465 0.4986255775832352 -0.002379996098108557 -0.1252244100850964
3.422 0.03915094269731776 0.3729217080329543 0.04152815861721806 0.4980729830775519 -0.002377215919900305 -0.1251512750445976
3.424 0.03943587312508925 0.3724648024505127 0.04181031373482585 0.4975430278003298 -0.002374440609736598 -0.1250782253498171
3.426 0.03971804820204615 0.3720308221945734 0.04208971835830642 0.4970360830460765 -0.002371670156260275 -0.1250052608515031
3.428 0.03999559694775838 0.3716199525819723 0.04236450149590566 0.4965523339827241 -0.002368904548147277 -0.1249323814007518
3.43 0.04026657094817236 0.3712321709121235 0.04263271472227888 0.4960917577611293 -0.002366143774106523 -0.1248595868490058
3.432 0.04052897125199445 0.3708672271646125 0.04289235907487425 0.495654104212666 -0.002363387822879801 -0.1247868770480535
3.434 0.04078077988070372 0.3705246284048504 0.04314141656394537 0.4952388802548783 -0.002360636683241647 -0.1247142518500279
3.436 0.04101999544867382 0.3702036280332835 0.04337788579267306 0.4948453391406895 -0.002357890343999239 -0.1246417111074059
3.438 0.04124467209496849 0.369903220957328 0.04359982088896076 0.4944724756303347 -0.002355148793992274 -0.1245692546730068
3.44 0.04145296063323819 0.3696221456268089 0.04380537265533105 0.4941190280268004 -0.002352412022092862 -0.1244968823999915
3.442 0.04164315055551347 0.3693588936495146 0.04399283057271888 0.4937834877913764 -0.002349680017205408 -0.1244245941418618
3.444 0.04181371130645549 0.3691117273976101 0.04416066407472199 0.4934641171500692 -0.002346952768266506 -0.1243523897524592
3.446 0.04196333110305795 0.3688787056413548 0.04430756136730277 0.4931589747273185 -0.002344230264244817 -0.1242802690859637
3.448 0.04209095153334416 0.3686577168261895 0.04443246402748512 0.4928659488230827 -0.002341512494140967 -0.1242082319968931
3.45 0.04219579624147776 0.3684465191731259 0.04453459568846519 0.492582797513228 -0.002338799446987432 -0.1241362783401022
3.452 0.04227739220071079 0.3682427863657043 0.04461348331255921 0.4923071943364855 -0.002336091111848428 -0.1240644079707811
3.454 0.04233558238274407 0.3680441572263353 0.04466896986056387 0.4920367779707905 -0.0023333874778198 -0.1239926207444552
3.456 0.04237052903301276 0.3678482875139521 0.04470121756704167 0.4917692040309355 -0.002330688534028913 -0.1239209165169834
3.458 0.04238270722631055 0.3676529018197435 0.04471070149594509 0.4915021969643012 -0.002327994269634542 -0.1238492951445577
3.46 0.04237288886859224 0.3674558435130865 0.04469819354241901 0.4912335999967882 -0.002325304673826767 -0.1237777564837017
3.462 0.04234211778840535 0.367255120797398 0.0446647375242322 0.4909614211886683 -0.002322619735826855 -0.1237063003912703
3.464 0.04229167698674141 0.3670489471640214 0.04461161643162857 0.4906838738884697 -0.002319939444887165 -0.1236349267244483
3.466 0.04222304945517476 0.366835774858052 0.04454031324546579 0.4903994101988015 -0.002317263790291032 -0.1235636353407495
3.468 0.04213787420704016 0.3666143203614054 0.04445246696839282 0.4901067464594211 -0.00231459276135266 -0.1234924260980158
3.47 0.04203789928523618 0.3663835813198361 0.0443498256326532 0.4898048801742524 -0.00231192634741702 -0.1234212988544163
3.472 0.04192493351526735 0.3661428447563134 0.0442341980531271 0.4894930982247598 -0.002309264537859739 -0.1233502534684464
3.474 0.04180079867644373 0.3658916867922611 0.04410740599853073 0.4891709765911877 -0.002306607322086998 -0.1232792897989266
3.476 0.0416672835887263 0.3656299644171366 0.04397123827826173 0.4888383721221386 -0.002303954689535423 -0.123208407705002
3.478 0.04152610138315115 0.3653578000912637 0.04382740801282313 0.4884954071374046 -0.002301306629671983 -0.1231376070461409
3.48 0.04137885096676616 0.3650755601317031 0.04367751409876005 0.4881424478138373 -0.002298663131993887 -0.1230668876821342
3.482 0.04122698343316262 0.3647838279199958 0.04352300761919109 0.4877800773930902 -0.002296024186028471 -0.1229962494730944
3.484 0.04107177392718253 0.3644833729940151 0.04336516370851564 0.4874090652734697 -0.00229338978133311 -0.1229256922794547
3.486 0.04091429926161926 0.364175117058657 0.04320505916911436 0.4870303330206247 -0.002290759907495095 -0.1228552159619677
3.488 0.04075542141261852 0.3638600978886994 0.04304355596675007 0.4866449182704048 -0.00228813455413155 -0.1227848203817053
3.49 0.04059577689085728 0.3635394320185148 0.0428812906017466 0.4862539374185718 -0.002285513710889314 -0.122714505400057
3.492 0.04043577189391702 0.3632142770323509 0.04271866926136186 0.4858585479110802 -0.002282897367444847 -0.1226442708787293
3.494 0.04027558308383538 0.3628857941973894 0.04255586859733951 0.4854599108771344 -0.002280285513504128 -0.122574116679745
3.496 0.04011516379228732 0.3625551121272872 0.04239284193108987 0.485059154792729 -0.002277678138802551 -0.1225040426654418
3.498 0.03995425542250129 0.3622232921295683 0.04222933065560611 0.4846573408280402 -0.002275075233104824 -0.1224340486984719
3.5 0.0397924037803762 0.3618912958748488 0.04206488056658107 0.4842554305166498 -0.002272476786204875 -0.122364134641801
3.502 0.03962898001738818 0.3615599560239148 0.04189886280531392 0.4838542563826217 -0.002269882787925742 -0.1222943003587069
3.504 0.03946320579757954 0.3612299504513956 0.04173049902569902 0.483454496164175 -0.00226729322811948 -0.1222245457127794
3.506 0.03929418220673972 0.3609017807009406 0.04155889030340678 0.4830566512688594 -0.002264708096667064 -0.1221548705679188
3.508 0.03912092180484678 0.3605757552841067 0.04138304918832506 0.4826610300724422 -0.002262127383478279 -0.1220852747883354
3.51 0.03894238308879758 0.3602519783817852 0.04120193416728922 0.4822677366203336 -0.002259551078491637 -0.1220157582385484
3.512 0.03875750649179033 0.3599303444132483 0.04101448566346459 0.4818766651966332 -0.002256979171674265 -0.1219463207833849
3.514 0.03856525091274005 0.3596105387979337 0.04081966256576187 0.4814875010859133 -0.00225441165302182 -0.1218769622879796
3.516 0.03836462966056881 0.3592920450482608 0.04061647817312718 0.4810997276660339 -0.002251848512558378 -0.1218076826177731
3.518 0.03815474463130874 0.3589741581037244 0.04040403437164509 0.4807126397422363 -0.002249289740336348 -0.1217384816385119
3.52 0.03793481752621759 0.358656003559066 0.04018155285265396 0.4803253627753127 -0.002246735326436374 -0.1216693592162467
3.522 0.03770421697784593 0.3583365621701677 0.03994840223881316 0.4799368773874999 -0.002244185260967231 -0.1216003152173321
3.524 0.03746248058320347 0.3580146987620829 0.03970412011726921 0.4795460482705087 -0.002241639534065742 -0.1215313495084258
3.526 0.03720933104628221 0.3576891944375531 0.03944842918217888 0.4791516563940402 -0.002239098135896671 -0.1214624619564871
3.528 0.03694468589554929 0.3573587808134586 0.03918124695220192 0.4787524332422353 -0.002236561056652632 -0.1213936524287767
3.53 0.03666866054754989 0.3570221749146902 0.03890268883410389 0.4783470957075459 -0.002234028286554001 -0.1213249207928557
3.532 0.03638156481215345 0.3566781133408238 0.03861306462800226 0.4779343802574083 -0.002231499815848809 -0.1212562669165845
3.534 0.03608389325218531 0.356325384393369 0.03831286888699797 0.4775130750614912 -0.002228975634812661 -0.1211876906681222
3.536 0.03577631009470539 0.355962857004117 0.03800276582845403 0.4770820489200426 -0.002226455733748633 -0.1211191919159256
3.538 0.03545962962119699 0.3555895055240456 0.03768356972418417 0.4766402760527942 -0.002223940102987185 -0.1210507705287486
3.54 0.03513479312384414 0.3552044296972589 0.0373562218567302 0.4761868560728999 -0.002221428732886063 -0.120982426375641
3.542 0.03480284359672279 0.3548068694321373 0.037021765210553 0.4757210287580853 -0.002218921613830214 -0.120914159325948
3.544 0.03446489933426034 0.3543962142683879 0.03668131807049203 0.475242183517697 -0.002216418736231686 -0.1208459692493092
3.546 0.03412212754204591 0.3539720077025671 0.03633604763257545 0.4747498637182249 -0.002213920090529541 -0.1207778560156577
3.548 0.03377571893979597 0.3535339467589394 0.03598714460698574 0.474243766254159 -0.002211425667189763 -0.1207098194952197
3.55 0.03342686416964261 0.3530818773659027 0.03563579962634777 0.4737237369244156 -0.002208935456705166 -0.1206418595585129
3.552 0.03307673263261345 0.3526157862154938 0.03528318208220875 0.4731897622918403 -0.002206449449595306 -0.1205739760763466
3.554 0.03272645417906741 0.3521357898451423 0.0349304218154738 0.4726419587649623 -0.002203967636406387 -0.12050616891982
3.556 0.03237710388968051 0.3516421216918216 0.03457859389739168 0.4720805596521437 -0.002201490007711175 -0.1204384379603221
3.558 0.03202969001357927 0.3511351178373736 0.03422870656768817 0.4715059009069041 -0.002199016554108905 -0.1203707830695305
3.56 0.03168514498683029 0.3506152020999916 0.03388169225305548 0.4709184062194023 -0.002196547266225195 -0.1203032041194107
3.562 0.03134431934174409 0.3500828710411409 0.03353840147645605 0.470318572023356 -0.002194082134711956 -0.1202357009822152
3.564 0.03100797823595127 0.3495386793593653 0.03319959938619858 0.469706952889848 -0.002191621150247301 -0.1201682735304828
3.566 0.03067680027832537 0.3489832260410745 0.03286596458186083 0.4690841476781123 -0.002189164303535462 -0.1201009216370378
3.568 0.030351378302967 0.3484171415402018 0.0325380898882737 0.468450786715191 -0.002186711585306699 -0.1200336451749893
3.57 0.03003222173829517 0.3478410761685646 0.03221648472461238 0.4678075201862946 -0.002184262986317213 -0.11996644401773
3.572 0.0297197602309666 0.3472556897999518 0.03190157872831566 0.4671550078388877 -0.002181818497349058 -0.1198993180389359
3.574 0.02941434820912108 0.3466616429250037 0.03159372631833114 0.466493910037569 -0.002179378109210056 -0.1198322671125652
3.576 0.02911627010209644 0.346059589041195 0.03129321191483015 0.4658248801540527 -0.002176941812733711 -0.1197652911128577
3.578 0.02882574597073885 0.3454501683221618 0.03100025556951797 0.4651485582364955 -0.002174509598779121 -0.1196983899143337
3.58 0.02854293734067576 0.344834002481969 0.03071501879890666 0.4644655658737628 -0.002172081458230893 -0.1196315633917938
3.582 0.0282679530683534 0.3442116907312636 0.03043761045035246 0.4637765021515809 -0.002169657381999058 -0.1195648114203173
3.584 0.02800085510476018 0.3435838067118639 0.03016809246577917 0.4630819405871263 -0.002167237361018989 -0.1194981338752624
3.586 0.02774166405342206 0.3429508962925506 0.02990648543967337 0.4623824269248151 -0.002164821386251309 -0.1194315306322645
3.588 0.02749036444708875 0.3423134761100837 0.02965277389577056 0.4616784776773196 -0.00216240944868181 -0.1193650015672359
3.59 0.02724690969133875 0.3416720327444554 0.02940691123066012 0.4609705793008205 -0.002160001539321374 -0.1192985465563651
3.592 0.02701122664309844 0.341027022424828 0.02916882429230433 0.4602591879009439 -0.002157597649205884 -0.1192321654761159
3.594 0.02678321980812832 0.3403788711716048 0.02893841757752446 0.4595447293748313 -0.002155197769396139 -0.1191658582032265
3.596 0.02656277515429084 0.3397279752899205 0.02871557704526862 0.4588275999046293 -0.002152801890977775 -0.1190996246147089
3.598 0.02634976354710668 0.3390747021398109 0.02850017355216787 0.4581081667276591 -0.002150410005061181 -0.1190334645878482
3.6 0.02614404382133026 0.3384193911181184 0.02829206592411167 0.45738676911832 -0.002148022102781419 -0.1189673780002016
3.602 0.0259454655073955 0.3377623547965102 0.02809110368269364 0.4566637195261083 -0.002145638175298133 -0.1189013647295981
3.604 0.02575387123490409 0.3371038801685591 0.02789712944869957 0.4559393048226962 -0.00214325821379548 -0.1188354246541371
3.606 0.02556909883729177 0.336444229966634 0.02770998104677381 0.4552137876188222 -0.002140882209482038 -0.1187695576521881
3.608 0.02539098318270634 0.3357836440163464 0.02752949333629707 0.4544874076187364 -0.00213851015359073 -0.11870376360239
3.61 0.02521935775614259 0.335122340602389 0.02735549979352133 0.4537603829860392 -0.002136142037378743 -0.1186380423836502
3.612 0.02505405601729471 0.3344605178249066 0.02718783386942215 0.4530329117000501 -0.002133777852127444 -0.1185723938751435
3.614 0.02489491255760291 0.3337983549301539 0.02702633014674521 0.4523051728864661 -0.002131417589142307 -0.1185068179563122
3.616 0.02474176407862085 0.3331360136030007 0.02687082531837368 0.4515773281098653 -0.002129061239752822 -0.1184413145068647
3.618 0.02459445021233456 0.3324736392121159 0.02672115900764699 0.4508495226188908 -0.002126708795312428 -0.1183758834067748
3.62 0.02445281420249266 0.3318113620013747 0.02657717444969109 0.4501218865376561 -0.002124360247198423 -0.1183105245362814
3.622 0.02431670346435577 0.3311492982232203 0.02643871905116767 0.4493945359991076 -0.002122015586811893 -0.1182452377758873
3.624 0.02418597003867039 0.3304875512115077 0.02630564484424801 0.4486675742178665 -0.002119674805577627 -0.1181800230063588
3.626 0.02406047095413972 0.3298262123928322 0.02617780884908376 0.4479410925015567 -0.002117337894944043 -0.1181148801087246
3.628 0.02394006851117179 0.3291653622364505 0.0260550733575549 0.4472151712007261 -0.002115004846383107 -0.1180498089642756
3.63 0.02382463049830627 0.3285050711437884 0.02593730614969653 0.4464898805983522 -0.002112675651390259 -0.1179848094545637
3.632 0.02371403035146363 0.3278454002792338 0.02582438065294796 0.4457652817406353 -0.002110350301484333 -0.1179198814614015
3.634 0.02360814726496696 0.3271864023443917 0.02571617605317444 0.4450414272112527 -0.002108028788207477 -0.1178550248668611
3.636 0.0235068662622303 0.3265281222983142 0.02561257736535539 0.444318361851588 -0.002105711103125082 -0.1177902395532738
3.638 0.02341007823304946 0.3258705980265192 0.02551347547087516 0.4435961234297484 -0.002103397237825702 -0.1177255254032293
3.64 0.02331767994355866 0.3252138609617131 0.02541876712747964 0.4428747432612877 -0.002101087183920976 -0.1176608822995747
3.642 0.02322957402413924 0.3245579366592078 0.0253283549571848 0.4421542467846221 -0.002098780933045559 -0.1175963101254143
3.644 0.02314566893989554 0.323902845330089 0.02524214741675258 0.4414346540941974 -0.002096478476857038 -0.1175318087641084
3.646 0.02306587894768452 0.3232486023351283 0.02516005875472038 0.4407159804344013 -0.00209417980703586 -0.117467378099273
3.648 0.02299012404315696 0.3225952186423733 0.02508200895844222 0.4399982366571521 -0.002091884915285259 -0.1174030180147788
3.65 0.02291832990079869 0.3219427012513146 0.02500792369412987 0.4392814296460653 -0.002089593793331177 -0.1173387283947507
3.652 0.02285042780953858 0.3212910535863956 0.02493773424246078 0.4385655627099627 -0.002087306432922195 -0.117274509123567
3.654 0.02278635460612639 0.3206402758625245 0.02487137743195584 0.4378506359483832 -0.002085022825829452 -0.1172103600858587
3.656 0.022726052608179 0.3199903654251781 0.02480879557202557 0.4371366465916871 -0.002082742963846576 -0.1171462811665089
3.658 0.02266946954850527 0.3193413170675454 0.02474993638729487 0.4364235893181975 -0.002080466838789608 -0.1170822722506521
3.66 0.02261655851208547 0.3186931233270366 0.0246947529545824 0.4357114565507099 -0.002078194442496931 -0.1170183332236733
3.662 0.02256727787688195 0.3180457747634324 0.02464320364371114 0.4350002387346402 -0.002075925766829193 -0.1169544639712078
3.664 0.02252159125946532 0.3173992602208012 0.02459525206313456 0.434289924599941 -0.002073660803669237 -0.1168906643791398
3.666 0.02247946746629529 0.3167535670752302 0.02455086701121732 0.4335805014088326 -0.00207139954492203 -0.1168269343336025
3.668 0.02244088045135894 0.3161086814703588 0.02451002243387352 0.4328719551913356 -0.002069141982514585 -0.1167632737209769
3.67 0.02240580928074936 0.31546458854261 0.02447269738914525 0.4321642709705013 -0.002066888108395894 -0.1166996824278913
3.672 0.02237423810466993 0.3148212726379381 0.02443887601920678 0.4314574329791586 -0.002064637914536856 -0.1166361603412205
3.674 0.02234615613725958 0.3141787175218999 0.02440854753018978 0.4307514248699854 -0.002062391392930202 -0.1165727073480855
3.676 0.02232155764455347 0.3135369065847842 0.02438170618014389 0.4300462299206365 -0.002060148535590425 -0.1165093233358524
3.678 0.02230044194082583 0.3128958230434922 0.02435835127537955 0.429341831235624 -0.002057909334553716 -0.1164460081921318
3.68 0.02228281339349455 0.31225545014189 0.02433848717537243 0.4286382119466685 -0.00205567378187788 -0.1163827618047784
3.682 0.02226868143670688 0.3116157713513031 0.02432212330634916 0.4279353554131933 -0.002053441869642277 -0.1163195840618902
3.684 0.02225806059366856 0.3109767705728296 0.02430927418361631 0.4272332454246374 -0.00205121358994775 -0.1162564748518078
3.686 0.02225097050771833 0.3103384323432005 0.02429995944263488 0.4265318664063142 -0.002048988934916547 -0.1161934340631137
3.688 0.0222474359820912 0.3097007420459035 0.02429420387878346 0.4258312036305352 -0.002046767896692261 -0.1161304615846317
3.69 0.02224748702825299 0.3090636861293381 0.02429203749569275 0.4251312434347644 -0.002044550467439759 -0.1160675573054263
3.692 0.02225115892261796 0.3084272523338378 0.02429349556196306 0.4244319734486399 -0.002042336639345107 -0.1160047211148021
3.694 0.02225849227138648 0.3077914299294454 0.02429861867600199 0.4237333828317482 -0.002040126404615508 -0.1159419529023028
3.696 0.02226953308315907 0.3071562099663921 0.02430745283863829 0.4230354625241033 -0.002037919755479228 -0.1158792525577112
3.698 0.0222843328488829 0.3065215855403586 0.02432004953306843 0.4223382055114063 -0.002035716684185534 -0.1158166199710478
3.7 0.02230294862857713 0.3058875520746586 0.02433646581158175 0.4216416071072292 -0.00203351718300462 -0.1157540550325706
3.702 0.02232544314415824 0.3052541076216315 0.02435676438838578 0.4209456652544062 -0.002031321244227541 -0.1156915576327747
3.704 0.02235188487754132 0.3046212531856239 0.02438101373770746 0.4202503808480148 -0.002029128860166147 -0.1156291276623909
3.706 0.02238234817301387 0.3039889930701306 0.02440928819616689 0.4195557580825164 -0.002026940023153016 -0.1155667650123858
3.708 0.02241691334268796 0.3033573352517644 0.02444166806822935 0.4188618048257252 -0.002024754725541383 -0.1155044695739607
3.71 0.02245566677361106 0.30272629178391 0.02447823973331614 0.4181685330224615 -0.00202257295970508 -0.1154422412385515
3.712 0.02249870103483317 0.3020958792331026 0.02451909575287163 0.4174759591309297 -0.002020394718038459 -0.1153800798978271
3.714 0.02254611498243542 0.3014661191513261 0.02456433497539176 0.4167841045950161 -0.002018219992956341 -0.11531798544369
3.716 0.02259801386016985 0.30083703858761 0.02461406263706378 0.4160929963558846 -0.002016048776893932 -0.1152559577682746
3.718 0.02265450939293299 0.3002086706425267 0.02466839045523977 0.4154026674064741 -0.002013881062306775 -0.1151939967639475
3.72 0.02271571986984305 0.2995810550693355 0.02472743671151372 0.4147131573926415 -0.002011716841670668 -0.1151321023233059
3.722 0.02278177021314653 0.2989542389257083 0.02479132632062815 0.4140245132648863 -0.002009556107481614 -0.115070274339178
3.724 0.02285279202854641 0.298328277280166 0.02486019088080216 0.4133367899847874 -0.002007398852255744 -0.1150085127046214
3.726 0.02292892363185445 0.2977032339774669 0.02493416870038371 0.4126500512903902 -0.002005245068529258 -0.1149468173129233
3.728 0.02301031004606253 0.2970791824672987 0.02501340479492089 0.4119643705248982 -0.00200309474885836 -0.1148851880575995
3.73 0.02309710296200216 0.2964562067007405 0.02509805084782136 0.4112798315331341 -0.002000947885819193 -0.1148236248323937
3.732 0.02318946065474277 0.2958344020989175 0.02518826512675054 0.4105965296301947 -0.001998804472007774 -0.1147621275312771
3.734 0.02328754784671803 0.2952138765982266 0.02528421234675797 0.4099145726466744 -0.001996664500039933 -0.1147006960484478
3.736 0.02339153550724533 0.2945947517763522 0.02538606346979657 0.4092340820546822 -0.001994527962551244 -0.11463933027833
3.738 0.02350160057666374 0.2939771640629809 0.02549399542886071 0.4085551941785544 -0.001992394852196972 -0.1145780301155735
3.74 0.02361792560169681 0.2933612660386423 0.0256081907633488 0.4078780614936956 -0.001990265161651996 -0.1145167954550533
3.742 0.02374069826683504 0.2927472278245041 0.0257288371504458 0.4072028540163726 -0.001988138883610757 -0.1144556261918685
3.744 0.02387011080459065 0.2921352385649768 0.02585612681537784 0.4065297607863191 -0.001986016010787192 -0.1143945222213423
3.746 0.02400635926534208 0.291525508003802 0.02599025580125676 0.4058589914428229 -0.001983896535914671 -0.1143334834390209
3.748 0.02414964262515703 0.2909182681527474 0.02613142307690296 0.4051907778934206 -0.001981780451745933 -0.1142725097406732
3.75 0.02430016170755167 0.2903137750499924 0.0262798294586047 0.4045253760722826 -0.001979667751053031 -0.1142116010222902
3.752 0.02445811789256704 0.2897123106027656 0.0264356763191943 0.4038630677828499 -0.001977558426627259 -0.1141507571800842
3.754 0.02462371158385279 0.2891141845057003 0.02659916405513189 0.4032041626161887 -0.001975452471279102 -0.1140899781104884
3.756 0.02479714040179094 0.2885197362224876 0.02677049027962911 0.402548999932644 -0.001973349877838169 -0.1140292637101563
3.758 0.02497859706807583 0.2879293370137558 0.02694984770722896 0.4018979508897169 -0.001971250639153132 -0.1139686138759611
3.76 0.02516826694468316 0.2873433919885251 0.02713742169277483 0.40125142049352 -0.001969154748091667 -0.1139080285049949
3.762 0.02536632518808207 0.2867623421499105 0.02733338738562246 0.400609849644479 -0.001967062197540391 -0.1138475074945685
3.764 0.02557293347794054 0.2861866663979086 0.02753790645834535 0.3999737171401191 -0.001964972980404805 -0.1137870507422105
3.766 0.02578823627870527 0.2856168834430282 0.0277511233683145 0.3993435415886952 -0.001962887089609229 -0.113726658145667
3.768 0.02601235659270157 0.2850535535740203 0.02797316111079832 0.3987198831769212 -0.00196080451809675 -0.1136663296029008
3.77 0.02624539116506108 0.2844972802110679 0.02820411642389024 0.3981033452231588 -0.001958725258829154 -0.1136060650120909
3.772 0.02648740510427143 0.2839487111625053 0.0284440544090583 0.3974945754341372 -0.00195664930478687 -0.1135458642716319
3.774 0.02673842588809493 0.2834085394884674 0.02869300253706385 0.3968942667686009 -0.001954576648968912 -0.1134857272801335
3.776 0.02699843673347818 0.2828775038590429 0.028950944017871 0.3963031577954627 -0.00195250728439282 -0.1134256539364198
3.778 0.02726736932151339 0.2823563882778854 0.02921781052560799 0.3957220324174144 -0.001950441204094596 -0.113365644139529
3.78 0.02754509588536173 0.2818460210252219 0.02949347428649039 0.3951517188139344 -0.001948378401128655 -0.1133056977887125
3.782 0.02783142069086471 0.2813472726575699 0.02977773955943246 0.3945930874410045 -0.001946318868567756 -0.1132458147834346
3.784 0.02812607096706688 0.2808610528862481 0.03007033356656983 0.39404704790962 -0.001944262599502952 -0.1131859950233718
3.786 0.02842868737776396 0.2803883061441237 0.03037089696480749 0.393514544552536 -0.001942209587043528 -0.1131262384084123
3.788 0.02873881416578133 0.2799300056416972 0.03067897399009828 0.3929965504803525 -0.001940159824316946 -0.1130665448386552
3.79 0.02905588914906319 0.2794871457115415 0.03099400245353197 0.3924940599259521 -0.001938113304468783 -0.1130069142144106
3.792 0.02937923380170019 0.2790607322465782 0.03131530382236287 0.3920080786827765 -0.001936070020662681 -0.1129473464361982
3.794 0.02970804371267104 0.2786517710553249 0.03164207367875132 0.3915396124600722 -0.001934029966080279 -0.1128878414047474
3.796 0.03004137977865102 0.2782612539889039 0.03197337291257218 0.3910896530099002 -0.001931993133921169 -0.1128283990209963
3.798 0.03037816055231123 0.2778901427430114 0.03230812006971406 0.3906591619291029 -0.00192995951740283 -0.1127690191860915
3.8 0.03071715623025291 0.2775393503058163 0.03264508534001348 0.3902490521072037 -0.001927929109760575 -0.1127097018013874
3.802 0.03105698482013161 0.2772097201117883 0.0329828867243791 0.3898601668802341 -0.001925901904247494 -0.1126504467684457
3.804 0.0313961110687889 0.2769020030726775 0.03331998896292331 0.3894932570617122 -0.0019238778941344 -0.1125912539890347
3.806 0.03173284875496628 0.2766168327896019 0.03365470582767605 0.3891489561547308 -0.001921857072709768 -0.1125321233651289
3.808 0.03206536694355683 0.2763546994017069 0.03398520637683652 0.3888277542006154 -0.001919839433279688 -0.1124730547989085
3.81 0.03239170075557098 0.2761159226918141 0.03430952572473878 0.3885299708845728 -0.0019178249691678 -0.1124140481927587
3.812 0.03270976712140725 0.2759006252395427 0.0346255807951225 0.3882557286888121 -0.001915813673715245 -0.1123551034492695
3.814 0.03301738584914182 0.2757087065761787 0.03493119138942243 0.3880049270474132 -0.00191380554028061 -0.1122962204712345
3.816 0.03331230615153217 0.275539819438773 0.03522410671377203 0.3877772186004242 -0.001911800562239867 -0.1122373991616512
3.818 0.03359223853684576 0.2753933493271499 0.03550203726983209 0.3875719887508698 -0.001909798732986326 -0.1121786394237199
3.82 0.03385489168608367 0.2752683986192803 0.03576269173201425 0.3873883397801236 -0.001907800045930579 -0.1121199411608433
3.822 0.03409801362561538 0.2751637764812935 0.03600381812011582 0.3872250807579194 -0.001905804494500441 -0.1120613042766259
3.824 0.03431943617879499 0.2750779957048754 0.0362232482509359 0.3870807243797492 -0.0019038120721409 -0.1120027286748738
3.826 0.03451712136728206 0.2750092774089384 0.03641894413959613 0.3869534916685323 -0.001901822772314063 -0.1119442142595939
3.828 0.03468920816093078 0.2749555642540212 0.03658904474942989 0.3868413251890145 -0.001899836588499103 -0.1118857609349933
3.83 0.03483405777387247 0.2749145424463726 0.03673191128806468 0.3867419110518515 -0.001897853514192201 -0.1118273686054789
3.832 0.03495029560082512 0.2748836723734315 0.03684616914373161 0.3866527095490885 -0.0018958735429065 -0.111769037175657
3.834 0.03503684790282199 0.2748602272424081 0.03693074457099404 0.3865709937927407 -0.001893896668172046 -0.1117107665503327
3.836 0.03509297149697443 0.2748413386254209 0.03698489438051017 0.38649389525993 -0.001891922883535738 -0.1116525566345091
3.838 0.03511827497944878 0.2748240473879768 0.03700822716201005 0.3864184547213641 -0.001889952182561274 -0.1115944073333872
3.84 0.03511273040021592 0.2748053581317321 0.03700071495904502 0.3863416766840974 -0.001887984558829101 -0.1115363185523653
3.842 0.03507667478502202 0.274782295050842 0.03696269479095838 0.3862605852478802 -0.001886020005936357 -0.1114782901970382
3.844 0.03501080142687182 0.2747519570068012 0.03689485994436865 0.3861722791799982 -0.001884058517496828 -0.111420322173197
3.846 0.03491614140265237 0.2747115696789323 0.03679824148979326 0.3860739840657609 -0.001882100087140887 -0.1113624143868285
3.848 0.03479403626607691 0.2746585328415342 0.03667418097459236 0.3859630995856488 -0.00188014470851545 -0.1113045667441147
3.85 0.03464610328611496 0.274590461134564 0.03652429566139888 0.385837240285996 -0.001878192375283917 -0.111246779151432
3.852 0.03447419490997548 0.2745052171018064 0.0363504379911016 0.3856942686171578 -0.001876243081126127 -0.1111890515153514
3.854 0.03428035431312022 0.2744009357309795 0.03615465113285852 0.3855323194736167 -0.001874296819738303 -0.1111313837426372
3.856 0.03406676895096235 0.2742760402036943 0.03593912253579535 0.3853498159439414 -0.001872353584833003 -0.111073775740247
3.858 0.03383572395590472 0.2741292490117613 0.03570613732604379 0.3851454764270925 -0.001870413370139069 -0.1110162274153312
3.86 0.03358955704771875 0.2739595749888382 0.03545803321712033 0.3849183136640701 -0.001868476169401575 -0.110958738675232
3.862 0.03333061637085213 0.2737663171202419 0.03519715834723391 0.3846676265477255 -0.001866541976381781 -0.1109013094274837
3.864 0.03306122236828059 0.2735490462167159 0.03492583315313767 0.3843929857965273 -0.001864610784857075 -0.1108439395798113
3.866 0.03278363447693199 0.2733075856677374 0.03464631706555291 0.3840942147078684 -0.001862682588620929 -0.110786629040131
3.868 0.03250002311049703 0.2730419885323264 0.03436078049197988 0.3837713662488751 -0.001860757381482851 -0.1107293777165487
3.87 0.03221244710239994 0.2727525121924376 0.03407128225966827 0.3834246977097978 -0.001858835157268325 -0.1106721855173603
3.872 0.03192283652938897 0.2724395917018224 0.03377975243920775 0.3830546440528731 -0.001856915909818775 -0.1106150523510507
3.874 0.03163298063321737 0.272103812828971 0.03348798026620887 0.3826617909552648 -0.001854999632991507 -0.1105579781262938
3.876 0.03134452040709063 0.2717458856333411 0.03319760672775029 0.3822468483852925 -0.00185308632065966 -0.1105009627519514
3.878 0.03105894531319131 0.2713666192445355 0.03291012127990348 0.3818106253816089 -0.001851175966712163 -0.1104440061370733
3.88 0.03077759354279858 0.2709668983466811 0.03262686210785225 0.3813540065375775 -0.001849268565053677 -0.1103871081908964
3.882 0.0305016552143477 0.2705476617142063 0.03234901932395226 0.3808779305370508 -0.001847364109604558 -0.1103302688228445
3.884 0.03023217791912907 0.2701098830066837 0.03207764051342987 0.3803833709492113 -0.001845462594300796 -0.1102734879425276
3.886 0.0299700740613911 0.2696545539128166 0.03181363807448508 0.3798713193725581 -0.001843564013093979 -0.1102167654597415
3.888 0.02971612949199869 0.26918266963827 0.03155779785194993 0.3793427709227375 -0.001841668359951232 -0.1101601012844676
3.89 0.02947101299591478 0.2686952166583081 0.03131078862476996 0.3787987119851799 -0.001839775628855183 -0.1101034953268717
3.892 0.02923528625858802 0.2681931626024383 0.03107317207239193 0.3782401100997428 -0.001837885813803905 -0.1100469474973046
3.894 0.02900941400072756 0.2676774481021025 0.03084541290953843 0.3776679058084029 -0.00183599890881087 -0.1099904577063004
3.896 0.02879377403191426 0.2671489804110607 0.03062788893981917 0.377083006275638 -0.001834114907904908 -0.1099340258645772
3.898 0.02858866702927196 0.2666086285986931 0.03042090083440211 0.3764862804817288 -0.001832233805130149 -0.1098776518830357
3.9 0.02839432589685667 0.2660572201163999 0.03022468149140265 0.3758785557891592 -0.001830355594545988 -0.1098213356727593
3.902 0.02821092460395474 0.265495538544029 0.03003940487418176 0.3752606156890423 -0.001828480270227028 -0.1097650771450133
3.904 0.02803858643627267 0.2649243223348735 0.02986519426253571 0.3746331985461183 -0.001826607826263041 -0.1097088762112448
3.906 0.02787739162334633 0.2643442643924867 0.02970212988010524 0.3739969971755685 -0.001824738256758913 -0.1096527327830818
3.908 0.02772738432888269 0.2637560123289326 0.02955025588471729 0.3733526591012656 -0.001822871555834608 -0.109596646772333
3.91 0.027588579008952 0.2631601692710912 0.02940958672657711 0.3727007873620787 -0.001821007717625112 -0.1095406180909875
3.912 0.02746096615663634 0.2625572950985614 0.02928011289291673 0.3720419417497752 -0.001819146736280394 -0.1094846466512138
3.914 0.02734451746157772 0.2619479080128115 0.02916180606754307 0.3713766403781715 -0.001817288605965355 -0.10942873236536
3.916 0.02723919041959124 0.2613324863523183 0.02905462374045103 0.370705361498271 -0.001815433320859787 -0.1093728751459527
3.918 0.02714493243169794 0.2607114705822561 0.02895851330685626 0.3700285454879533 -0.001813580875158324 -0.1093170749056971
3.92 0.02706168443406706 0.2600852653996575 0.02887341569713745 0.3693465969571338 -0.001811731263070398 -0.1092613315574763
3.922 0.0269893841009794 0.2594542419059239 0.02879926857979959 0.3686598869202746 -0.001809884478820192 -0.1092056450143507
3.924 0.0269279686623715 0.2588187398082187 0.02873600917901811 0.3679687549977765 -0.001808040516646599 -0.1091500151895578
3.926 0.02687737737610436 0.2581790696195208 0.02868357674690753 0.3672735116160323 -0.001806199370803172 -0.1090944419965116
3.928 0.0268375536931122 0.2575355148342088 0.02864191472867028 0.3665744401830111 -0.001804361035558083 -0.1090389253488023
3.93 0.0268084471512202 0.25688833406213 0.02861097265641428 0.3658717992223257 -0.001802525505194076 -0.1089834651601957
3.932 0.02679001503081523 0.2562377631091141 0.02859070780482366 0.3651658244537468 -0.001800692774008426 -0.1089280613446328
3.934 0.02678222380286074 0.2555840169961063 0.02858108663917363 0.3644567308123356 -0.00179886283631289 -0.1088727138162294
3.936 0.0267850503970583 0.2549272919126573 0.02858208608349196 0.3637447144019328 -0.001797035686433666 -0.1088174224892755
3.938 0.02679848331529461 0.2542677671033069 0.02859369463400596 0.3630299543815422 -0.001795211318711349 -0.1087621872782353
3.94 0.02682252361299817 0.2536056066877717 0.02861591334049905 0.3623126147855176 -0.001793389727500886 -0.108707008097746
3.942 0.02685718576860411 0.2529409614177671 0.02864875667577564 0.3615928462803852 -0.001791570907171531 -0.1086518848626181
3.944 0.02690249845907708 0.2522739703748287 0.02869225331118389 0.3608707878626634 -0.001789754852106808 -0.1085968174878346
3.946 0.02695850525734236 0.2516047626147107 0.02874644681404682 0.3601465685032613 -0.001787941556704458 -0.1085418058885507
3.948 0.02702526526551884 0.2509334587650005 0.02881139628089524 0.3594203087450935 -0.001786131015376404 -0.108486849980093
3.95 0.02710285369605422 0.2502601725833609 0.02888717691860293 0.3586921222613206 -0.001784323222548705 -0.1084319496779597
3.952 0.02719136241119421 0.2495850124845023 0.02897388058385572 0.3579621173823221 -0.001782518172661509 -0.1083771048978198
3.954 0.02729090042968937 0.2489080830445146 0.02907161628985839 0.3572303986000269 -0.001780715860169019 -0.1083223155555123
3.956 0.02740159440819584 0.2482294864917198 0.02918051068773528 0.3564970680587665 -0.001778916279539442 -0.1082675815670467
3.958 0.02752358910349797 0.2475493241935824 0.02930070852875292 0.355762227042184 -0.001777119425254953 -0.1082129028486016
3.96 0.02765704782042661 0.2468676981495951 0.02943237311223826 0.3550259774661201 -0.001775325291811648 -0.108158279316525
3.962 0.02780215284910554 0.2461847125004951 0.02957568672282504 0.3542884233878285 -0.001773533873719503 -0.1081037108873334
3.964 0.02795910589401248 0.2455004750644636 0.02973085105951482 0.3535496725421753 -0.001771745165502336 -0.1080491974777117
3.966 0.02812812849617761 0.2448150989113527 0.02989808765787537 0.3528098379158652 -0.001769959161697758 -0.1079947390045124
3.968 0.02830946244865502 0.2441287039864349 0.03007763830551216 0.3520690393711907 -0.001768175856857139 -0.1079403353847558
3.97 0.02850337020422804 0.2434414187955053 0.0302697654497736 0.3513274053311341 -0.001766395245545559 -0.1078859865356288
3.972 0.02871013527308125 0.2427533821636468 0.03047475259542302 0.3505850745381318 -0.001764617322341774 -0.107831692374485
3.974 0.02893006260680876 0.2420647450804466 0.03069290468864693 0.3498421978992909 -0.001762842081838167 -0.1077774528188443
3.976 0.02916347896375806 0.2413756726449179 0.03092454848239877 0.34909894043131 -0.001761069518640716 -0.1077232677863921
3.978 0.02941073324916317 0.2406863461238577 0.03117003287653211 0.348355483318837 -0.001759299627368943 -0.1076691371949793
3.98 0.0296721968217952 0.2399969651379691 0.03142972922445108 0.3476120261005907 -0.001757532402655881 -0.1076150609626216
3.982 0.02994826375701887 0.2393077499904916 0.03170403159616689 0.3468687889979908 -0.001755767839148029 -0.1075610390074992
3.984 0.03023935105405774 0.2386189441536115 0.03199335698556306 0.346126015401568 -0.001754005931505315 -0.1075070712479565
3.986 0.0305458987728901 0.2379308169283896 0.03229814544729115 0.345383974530891 -0.001752246674401051 -0.1074531576025014
3.988 0.03086837008361296 0.2372436662942813 0.03261886014613485 0.3446429642840864 -0.001750490062521899 -0.1073992979898051
3.99 0.03120725120818271 0.2365578219645742 0.03295598729875053 0.3439033142932759 -0.001748736090567822 -0.1073454923287017
3.992 0.0315630512310686 0.2358736486642534 0.03331003598432065 0.3431653892024411 -0.001746984753252054 -0.1072917405381877
3.994 0.03193630175170625 0.2351915496466313 0.0336815377970073 0.342429592184053 -0.001745236045301054 -0.1072380425374217
3.996 0.03232755634749148 0.2345119704647305 0.03407104630894595 0.3416963687104543 -0.001743489961454466 -0.1071843982457238
3.998 0.03273738981135745 0.2338354030127308 0.03447913630782253 0.3409662105953062 -0.001741746496465083 -0.1071308075825754
4 0.03316639712287369 0.2331623898515556 0.03490640276797249 0.3402396603191744 -0.001740005645098806 -0.1070772704676188
4.002 0.03361519210611529 0.2324935288309429 0.0353534595082499 0.3395173156515995 -0.001738267402134603 -0.1070237868206566
4.004 0.0340844057211828 0.2318294780179283 0.03582093748354728 0.3387998345795799 -0.001736531762364474 -0.1069703565616516
4.006 0.03457468392943536 0.2311709609383066 0.03630948265002877 0.3380879405490326 -0.001734798720593406 -0.1069169796107259
4.008 0.03508668506504808 0.2305187721332491 0.03681975333668742 0.3373824280214103 -0.001733068271639341 -0.1068636558881612
4.01 0.03562107663738307 0.2298737830276374 0.0373524170477162 0.3366841683420352 -0.001731340410333131 -0.1068103853143978
4.012 0.03617853148019603 0.2292369480994371 0.03790814661171453 0.3359941159094715 -0.001729615131518504 -0.1067571678100344
4.014 0.03675972315478185 0.2286093113304025 0.03848761558483387 0.3353133146262304 -0.001727892430052022 -0.1067040032958279
4.016 0.03736532050484873 0.2279920129073073 0.03909149280565178 0.3346429046000001 -0.001726172300803047 -0.1066508916926928
4.018 0.0379959812517716 0.2273862961291809 0.0397204359904253 0.3339841290508818 -0.001724454738653698 -0.1065978329217009
4.02 0.03865234450992917 0.2267935144595081 0.04037508424842799 0.3333383413635888 -0.001722739738498817 -0.1065448269040807
4.022 0.03933502209341506 0.2262151386425805 0.04105604938866099 0.3327070122037977 -0.001721027295245928 -0.1064918735612172
4.024 0.04004458847845082 0.2256527637796379 0.04176390588226602 0.3320917365942896 -0.0017193174038152 -0.1064389728146518
4.026 0.04078156928067871 0.2251081162328465 0.04249917933981812 0.3314942408189276 -0.001717610059139412 -0.1063861245860811
4.028 0.04154642810396553 0.2245830601931552 0.04326233336012944 0.3309163889905127 -0.001715905256163913 -0.1063333287973575
4.03 0.04233955161891949 0.2240796037112501 0.04405375460876607 0.3303601890817381 -0.001714202989846581 -0.106280585370488
4.032 0.04316123273589517 0.223599903949153 0.04487373599105297 0.3298277981767873 -0.001712503255157795 -0.1062278942276343
4.034 0.04401165175037208 0.2231462713635089 0.04572245779745247 0.3293215266546211 -0.001710806047080389 -0.1061752552911122
4.036 0.04489085536044723 0.2227211724805169 0.04659996672105685 0.3288438409639081 -0.001709111360609621 -0.1061226684833913
4.038 0.04579873348843388 0.2223272308675152 0.04750615267918702 0.3283973645946097 -0.001707419190753131 -0.1060701337270945
4.04 0.04673499388343923 0.2219672258486735 0.04844072341597015 0.3279848767936715 -0.001705729532530909 -0.1060176509449981
4.042 0.04769913454214035 0.221644088453763 0.0494031769231156 0.3276093085137935 -0.001704042380975256 -0.1059652200600305
4.044 0.0486904140628805 0.2213608940322742 0.05039277179401125 0.327273735027547 -0.001702357731130745 -0.1059128409952728
4.046 0.04970782014589507 0.2211208509137177 0.05140849572394927 0.3269813645876755 -0.00170067557805419 -0.1058605136739578
4.048 0.05075003657248569 0.2209272844533501 0.0524490324893003 0.3267355224728199 -0.001698995916814609 -0.1058082380194698
4.05 0.05181540913910027 0.2207836157766301 0.05351272788159345 0.3265396297319744 -0.001697318742493181 -0.1057560139553444
4.052 0.05290191118876725 0.2206933345323646 0.05459755523895047 0.3263971759376323 -0.001695644050183219 -0.1057038414052677
4.054 0.05400710957143905 0.2206599649919828 0.05570108140642918 0.3263116852850593 -0.001693971834990127 -0.1056517202930765
4.056 0.05512813207232245 0.2206870248996782 0.05682043416435382 0.3262866754424357 -0.001692302092031371 -0.1055996505427576
4.058 0.05626163756764535 0.2207779765951022 0.05795227238408179 0.3263256086735493 -0.001690634816436437 -0.1055476320784471
4.06 0.05740379039053698 0.2209361701062821 0.05909276039388378 0.326431834930713 -0.001688970003346799 -0.1054956648244308
4.062 0.05855024060298062 0.2211647781541831 0.0602375482508965 0.3266085268593264 -0.001687307647915883 -0.1054437487051433
4.064 0.05969611205516682 0.2214667233280062 0.06138175980047585 0.3268586069731739 -0.001685647745309031 -0.1053918836451677
4.066 0.06083600024971194 0.2218445980842102 0.0625199905404154 0.3271846676534456 -0.001683990290703468 -0.1053400695692354
4.068 0.06196398209028276 0.2223005786894333 0.06364631736957102 0.3275888850916587 -0.001682335279288263 -0.1052883064022254
4.07 0.06307363955458883 0.2228363347569847 0.06475432226085313 0.3280729288261492 -0.001680682706264298 -0.1052365940691645
4.072 0.0641580991630878 0.2234529365986255 0.06583713172993204 0.3286378690938519 -0.001679032566844232 -0.1051849324952264
4.074 0.06521008879275574 0.2241507631979789 0.0668874736490082 0.3292840848037105 -0.001677384856252467 -0.1051333216057315
4.076 0.0662220128911012 0.2249294141679897 0.06789775246082631 0.3300111754941366 -0.001675739569725109 -0.1050817613261469
4.078 0.06718604647200423 0.2257876295320293 0.06886014317451417 0.3308178811141145 -0.001674096702509941 -0.1050302515820852
4.08 0.06809424742950762 0.2267232215092378 0.069766703679374 0.331702013808543 -0.001672456249866382 -0.1049787922993052
4.082 0.0689386857145583 0.2277330226296897 0.07060950392162375 0.3326604060334005 -0.001670818207065458 -0.1049273834037108
4.084 0.06971158683010931 0.2288128543977458 0.07138076939949907 0.3336888792190965 -0.001669182569389765 -0.1048760248213507
4.086 0.07040548598131771 0.2299575203194102 0.07207303531345115 0.3347822367978286 -0.001667549332133432 -0.1048247164784185
4.088 0.07101338815619342 0.231160826387268 0.07267930664679552 0.3359342846885199 -0.001665918490602096 -0.1047734583012518
4.09 0.07152892850692201 0.2324156310784147 0.07319321854703487 0.337137881294747 -0.001664290040112862 -0.1047222502163324
4.092 0.07194652675477942 0.2337139256049424 0.07360919073077368 0.3383850177552276 -0.001662663975994267 -0.1046710921502852
4.094 0.07226152904265999 0.2350469436343321 0.07392256933624625 0.3396669276642109 -0.001661040293586252 -0.1046199840298787
4.096 0.07247033077717632 0.2364052980726815 0.07412974976541645 0.3409742238547057 -0.00165941898824013 -0.1045689257820242
4.098 0.07257047457057018 0.2377791409057278 0.07422827462588873 0.3422970582395031 -0.001657800055318544 -0.1045179173337753
4.1 0.07256071840083775 0.2391583406584543 0.07421690189103319 0.3436252992707821 -0.001656183490195441 -0.1044669586123278
4.102 0.07244107050003691 0.2405326708966972 0.07409563978829295 0.3449487204417168 -0.001654569288256038 -0.1044160495450195
4.104 0.0722127891559195 0.2418920024644824 0.07386574660081628 0.3462571925238119 -0.001652957444896788 -0.1043651900593295
4.106 0.07187834743741223 0.2432264919010271 0.07352969539293758 0.3475408719839052 -0.001651347955525348 -0.1043143800828781
4.108 0.07144136467908606 0.2445267587365657 0.0730911054946466 0.348790378279992 -0.001649740815560543 -0.1042636195434263
4.11 0.07090650823232329 0.2457840451015683 0.07255464425275564 0.3499969534704438 -0.001648136020432338 -0.1042129083688755
4.112 0.0702793703785418 0.24699035222508 0.07192590394412361 0.3511525987123474 -0.001646533565581806 -0.1041622464872675
4.114 0.06956632630336484 0.2481385498344525 0.07121125974982594 0.3522501836612359 -0.001644933446461089 -0.1041116338267834
4.116 0.06877437959356626 0.2492224560683421 0.07041771525209964 0.3532835263840861 -0.001643335658533372 -0.104061070315744
4.118 0.0679110018315582 0.2502368871385293 0.06955274202883105 0.3542474430211384 -0.001641740197272847 -0.104010555882609
4.12 0.0669839725590918 0.2511776774962405 0.06862411961725649 0.3551377679522177 -0.001640147058164688 -0.1039600904559772
4.122 0.06600122523074516 0.2520416725722466 0.06763978146745017 0.355951346536832 -0.001638556236705009 -0.1039096739645854
4.124 0.06497070387039811 0.2528266971943867 0.06660767159879895 0.3566860035316953 -0.001636967728400839 -0.1038593063373086
4.126 0.06390023408151112 0.253531503504602 0.06553561561028121 0.3573404910077616 -0.001635381528770086 -0.1038089875031596
4.128 0.06279741094286112 0.2541557025969919 0.06443120857620263 0.3579144199882806 -0.001633797633341512 -0.1037587173912886
4.13 0.06166950523276256 0.2546996842021855 0.06330172127041725 0.3584081801331684 -0.001632216037654694 -0.1037084959309828
4.132 0.06052338843521591 0.2551645285957479 0.0621540251724759 0.3588228516474141 -0.001630636737259996 -0.1036583230516662
4.134 0.0593654761375675 0.255551914565682 0.06099453586528604 0.3591601132485811 -0.001629059727718539 -0.1036081986828991
4.136 0.05820168875773787 0.2558640267956035 0.05982917376234004 0.3594221495499815 -0.001627485004602169 -0.103558122754378
4.138 0.05703742804718673 0.2561034654633858 0.05866334061068015 0.359611560659321 -0.001625912563493423 -0.1035080951959352
4.14 0.05587756749529769 0.2562731602706121 0.0575019098952832 0.3597312762081502 -0.001624342399985501 -0.1034581159375381
4.142 0.05472645459394863 0.2563762905463948 0.05634922910363086 0.3597844754556844 -0.001622774509682236 -0.1034081849092895
4.144 0.05358792288298217 0.25641621254014 0.05520913177118023 0.3597745145815671 -0.00162120888819806 -0.1033583020414271
4.146 0.05246531176002565 0.2563963945516698 0.05408495729118362 0.3597048618159924 -0.001619645531157976 -0.1033084672643226
4.148 0.05136149217499054 0.2563203601539664 0.05297957660918806 0.3595790406624486 -0.001618084434197527 -0.1032586805084821
4.15 0.05027889651560979 0.2561916394470102 0.05189542210857256 0.3594005811515557 -0.001616525592962762 -0.1032089417045456
4.152 0.04921955120346712 0.2560137280383614 0.05083452020657733 0.3591729788216477 -0.001614969003110213 -0.1031592507832862
4.154 0.04818511074335058 0.2557900532708174 0.04979852540365744 0.3588996609464281 -0.001613414660306859 -0.1031096076756107
4.156 0.04717689218907161 0.2555239471011997 0.04878875474930171 0.3585839594137579 -0.001611862560230097 -0.1030600123125582
4.158 0.04619590919612282 0.2552186249675657 0.04780622189469053 0.3582290895928663 -0.00161031269856771 -0.1030104646253006
4.16 0.04524290502016044 0.2548771699550738 0.04685167009117829 0.3578381345002158 -0.001608765071017843 -0.102960964545142
4.162 0.04431838398679687 0.2545025215743999 0.04592560366008584 0.3574140335779181 -0.001607219673288968 -0.1029115120035182
4.164 0.04342264110081641 0.2540974684927912 0.04502831760191627 0.3569595754247881 -0.001605676501099856 -0.1028621069319969
4.166 0.04255578958240323 0.2536646445995715 0.04415992513258277 0.3564773938618482 -0.001604135550179546 -0.1028127492622768
4.168 0.04171778621568872 0.2532065278394717 0.04332038303195605 0.3559699667656592 -0.001602596816267319 -0.1027634389261875
4.17 0.04090845447227603 0.2527254413039099 0.0425095147673887 0.3554396171595992 -0.001601060295112663 -0.1027141758556893
4.172 0.04012750543232841 0.2522235561287861 0.04172703141480366 0.3548885161116591 -0.001599525982475249 -0.1026649599828729
4.174 0.03937455657066111 0.2517028958049687 0.04097255044478601 0.3543186870449276 -0.001597993874124899 -0.1026157912399589
4.176 0.03864914850708933 0.2511653415624887 0.04024561247293089 0.3537320111217863 -0.001596463965841558 -0.1025666695592976
4.178 0.03795075984170022 0.2506126385404465 0.03954569609511549 0.3531302334138153 -0.001594936253415263 -0.1025175948733688
4.18 0.0372788202088247 0.2500464025011092 0.03887223094147082 0.3525149696158902 -0.001593410732646117 -0.102468567114781
4.182 0.03663272168960665 0.2494681268881844 0.0382246090889509 0.3518877131044563 -0.001591887399344255 -0.1024195862162719
4.184 0.03601182872423606 0.2488791900658844 0.03760219497356588 0.3512498421765919 -0.001590366249329825 -0.1023706521107075
4.186 0.03541548666225593 0.2482808626072992 0.03700433394068887 0.350602627338381 -0.001588847278432948 -0.1023217647310818
4.188 0.03484302908379107 0.2476743145279332 0.03643035956628476 0.3499472385384501 -0.001587330482493695 -0.1022729240105169
4.19 0.03429378401709926 0.2470606223834921 0.03587959987446132 0.3492847522657542 -0.001585815857362061 -0.1022241298822621
4.192 0.0337670791692822 0.2464407761705376 0.03535138256818013 0.3486161584502319 -0.001584303398897931 -0.1021753822796943
4.194 0.0332622462775757 0.2458156859847392 0.03484503938054676 0.3479423671210563 -0.001582793102971055 -0.102126681136317
4.196 0.03277862467898662 0.2451861884046235 0.03435990964444764 0.3472642147903842 -0.001581284965461021 -0.1020780263857607
4.198 0.03231556418653016 0.2445530525793684 0.03389534316878739 0.3465824705411502 -0.001579778982257222 -0.1020294179617818
4.2 0.03187242735089287 0.243916986007493 0.0334507025001517 0.3458978418057561 -0.001578275149258833 -0.1019808557982631
4.202 0.03144859117743283 0.2432786399996759 0.03302536463980761 0.3452109798288888 -0.001576773462374782 -0.1019323398292128
4.204 0.03104344836009205 0.2426386148237055 0.03261872227761577 0.3445224848124704 -0.00157527391752372 -0.1018838699887649
4.206 0.0306564080859622 0.2419974645327586 0.0322301845965962 0.3438329107439367 -0.001573776510633995 -0.1018354462111782
4.208 0.03028689645720681 0.2413557014802848 0.03185917769485044 0.3431427699111213 -0.001572281237643624 -0.1017870684308364
4.21 0.02993435657060305 0.2407138005256381 0.03150514466510332 0.3424525371078861 -0.001570788094500267 -0.101738736582248
4.212 0.02959824828944002 0.2400722029347167 0.03116754536660122 0.3417626535347621 -0.001569297077161195 -0.1016904506000454
4.214 0.02927804773758896 0.2394313199790065 0.03084585591918223 0.3410735303979915 -0.001567808181593268 -0.1016422104189851
4.216 0.02897324654156909 0.238791536234983 0.030539567945342 0.3403855522089302 -0.001566321403772905 -0.1015940159739472
4.218 0.02868335084333311 0.2381532125838529 0.03024818758301917 0.3396990797837882 -0.001564836739686059 -0.1015458671999353
4.22 0.02840788010421472 0.2375166889090641 0.0299712342895429 0.33901445294114 -0.001563354185328184 -0.1014977640320759
4.222 0.02814636571923555 0.2368822864861863 0.02970823945593976 0.3383319928918047 -0.001561873736704215 -0.1014497064056184
4.224 0.0278983494608334 0.2362503100567807 0.02945874485066194 0.3376520043127152 -0.001560395389828539 -0.1014016942559346
4.226 0.02766338177193614 0.2356210495747116 0.0292223009126611 0.3369747770932301 -0.001558919140724966 -0.1013537275185186
4.228 0.02744101993046108 0.2349947816103999 0.02899846491588778 0.3363005877393862 -0.001557444985426705 -0.1013058061289863
4.23 0.02723082611073297 0.2343717703959771 0.0287867990307093 0.3356297004190523 -0.001555972919976333 -0.1012579300230752
4.232 0.02703236537195628 0.2337522684922793 0.02858686831238205 0.3349623676289236 -0.001554502940425776 -0.1012100991366444
4.234 0.02684520360983964 0.2331365170576406 0.02839823865267591 0.3342988304633143 -0.001553035042836275 -0.1011623134056737
4.236 0.02666890551467947 0.2325247456988628 0.02822047473795784 0.3336393184651266 -0.001551569223278364 -0.1011145727662638
4.238 0.02650303258738402 0.2319171718867976 0.02805313806521586 0.3329840490414336 -0.001550105477831841 -0.101066877154636
4.24 0.02634714127389162 0.2313139999233126 0.02789578507647737 0.3323332264304443 -0.001548643802585746 -0.1010192265071317
4.242 0.02620078128778248 0.2307154194534428 0.02774796548142081 0.331687040213655 -0.001547184193638329 -0.1009716207602122
4.244 0.02606349419988521 0.2301216035264986 0.02760922084698224 0.331045663376957 -0.00154572664709703 -0.1009240598504584
4.246 0.02593481238168826 0.2295327062232718 0.02747908354076671 0.3304092499378424 -0.001544271159078447 -0.1008765437145705
4.248 0.02581425839537798 0.2289488598834025 0.02735707612108629 0.3297779321727706 -0.001542817725708316 -0.1008290722893681
4.25 0.02570134492615602 0.2283701719871294 0.0272427112692775 0.3291518174989185 -0.001541366343121481 -0.1007816455117891
4.252 0.0255955753509833 0.2277967217688463 0.02713549235844517 0.3285309850877366 -0.00153991700746187 -0.1007342633188903
4.254 0.02549644503077952 0.2272285566651878 0.02703491474566199 0.3279154823130344 -0.00153846971488247 -0.1006869256478466
4.256 0.02540344339918342 0.2266656887263988 0.02694046786072872 0.3273053211623495 -0.0015370244615453 -0.1006396324359507
4.258 0.02531605689942038 0.2261080911447946 0.02685163814304177 0.3267004747654079 -0.001535581243621386 -0.1005923836206133
4.26 0.02523377279121533 0.2255556950760257 0.02676791284850607 0.3261008742153879 -0.001534140057290738 -0.1005451791393622
4.262 0.02515608381220852 0.2250083869448404 0.02668878471095084 0.3255064058746828 -0.001532700898742318 -0.1004980189298424
4.264 0.02508249363411455 0.2244660064346011 0.02661375739828858 0.3249169093644171 -0.001531263764174024 -0.100450902929816
4.266 0.02501252300491892 0.2239283453563116 0.02654235165471158 0.324332176433473 -0.00152982864979266 -0.1004038310771613
4.268 0.02494571641767091 0.2233951475762274 0.02647411196948482 0.3237519508861006 -0.001528395551813908 -0.1003568033098732
4.27 0.02488164909780922 0.2228661101500806 0.02640861356427153 0.3231759297161431 -0.001526964466462309 -0.1003098195660625
4.272 0.02481993405884418 0.2223408857666564 0.02634546944881542 0.3226037655506121 -0.001525535389971235 -0.1002628797839556
4.274 0.02476022894517878 0.2218190865451817 0.02628433726376165 0.3220350704470766 -0.001524108318582866 -0.1002159839018949
4.276 0.02470224236512715 0.2213002891629816 0.02622492561367532 0.321469421021319 -0.001522683248548161 -0.1001691318583375
4.278 0.02464573942001211 0.2207840412166567 0.02616699959613895 0.3209063648085123 -0.001521260176126839 -0.1001223235918556
4.28 0.02459054615830403 0.2202698686471648 0.02611038525589138 0.3203454276883011 -0.001519839097587351 -0.1000755590411363
4.282 0.02453655272691854 0.2197572839930225 0.0260549727361254 0.3197861221380034 -0.001518420009206857 -0.1000288381449809
4.284 0.02448371505273039 0.2192457951824657 0.02600071796000159 0.3192279560247706 -0.001517002907271199 -0.09998216084230487
4.286 0.02443205496174604 0.2187349145398258 0.02594764274982092 0.3186704416119635 -0.001515587788074883 -0.09993552707213764
4.288 0.02438165872539294 0.218224167667274 0.02589583337331398 0.3181131044408962 -0.001514174647921045 -0.09988893677362215
4.29 0.02433267410621778 0.2177131018718727 0.02584543758933922 0.3175554917578876 -0.001512763483121437 -0.09984238988601486
4.292 0.0242853060520559 0.2172012938385595 0.0257966603420523 0.3169971801872447 -0.001511354289996398 -0.09979588634868522
4.294 0.02423981125229095 0.2166883562993132 0.02574975831716577 0.3164377824004287 -0.001509947064874827 -0.09974942610111548
4.296 0.02419649181746298 0.2161739435124978 0.02570503362155714 0.3158769525953983 -0.001508541804094165 -0.09970300908290049
4.298 0.02415568837137237 0.2156577554382042 0.02566282687537274 0.3153143906719517 -0.001507138504000369 -0.09965663523374749
4.3 0.02411777285228372 0.2151395405691572 0.02562351001323161 0.3147498450626328 -0.001505737160947887 -0.0996103044934756
4.302 0.02408314130818336 0.214619097446562 0.02558747907948299 0.3141831142485779 -0.001504337771299636 -0.09956401680201586
4.304 0.02405220694313793 0.2140962749511601 0.02555514727456491 0.3136140470505709 -0.001502940331426975 -0.09951777209941076
4.306 0.02402539363175018 0.2135709715084612 0.02552693846945987 0.3130425418342753 -0.001501544837709688 -0.09947157032581411
4.308 0.02400313007099853 0.2130431333816054 0.02550328135753448 0.312468544803096 -0.001500151286535955 -0.09942541142149068
4.31 0.02398584468790778 0.2125127522454034 0.02548460436221011 0.3118920475722194 -0.00149875967430233 -0.09937929532681603
4.312 0.02397396137152413 0.2119798622415488 0.02547133136893785 0.311313084223825 -0.001497369997413717 -0.09933322198227615
4.314 0.02396789605176721 0.2114445367098833 0.02546387830405056 0.3107317280383507 -0.001495982252283352 -0.09928719132846738
4.316 0.02396805410815271 0.2109068847763092 0.02546265054348548 0.3101480880824051 -0.00149459643533277 -0.09924120330609594
4.318 0.02397482855940042 0.2103670479571504 0.02546804110239221 0.3095623058131282 -0.001493212542991792 -0.09919525785597783
4.32 0.02398859896099632 0.2098251969151358 0.02548042953269482 0.3089745518341743 -0.001491830571698496 -0.09914935491903849
4.322 0.02400973092156217 0.2092815284760557 0.02550018143946137 0.3083850229123683 -0.001490450517899195 -0.09910349443631264
4.324 0.0240385761396187 0.2087362629892723 0.02552764851766711 0.3077939393382162 -0.001489072378048417 -0.09905767634894394
4.326 0.024075472858902 0.2081896420912523 0.02556316900751088 0.307201542689437 -0.001487696148608879 -0.09901190059818474
4.328 0.02412074664155653 0.207641926909914 0.02560706846760799 0.3066080940353099 -0.001486321826051463 -0.09896616712539588
4.33 0.02417471136302315 0.2070933967294117 0.02565966076987835 0.3060138726014582 -0.001484949406855201 -0.09892047587204644
4.332 0.02423767033912375 0.2065443481201388 0.025721249226631 0.3054191748998523 -0.001483578887507243 -0.09887482677971346
4.334 0.02430991750367543 0.205995094527216 0.02579212776817827 0.3048243143172977 -0.001482210264502841 -0.09882921979008169
4.336 0.02439173856315364 0.2054459663020336 0.02587258209749896 0.3042296211469769 -0.001480843534345322 -0.09878365484494331
4.338 0.02448341206281785 0.2048973111553006 0.02596289075636392 0.3036354430414985 -0.001479478693546072 -0.09873813188619783
4.34 0.0245852103058247 0.204349495006023 0.02606332604444921 0.3030421458618746 -0.001478115738624506 -0.09869265085585163
4.342 0.02469740007294131 0.2038029031982301 0.02617415473904936 0.3024501148942479 -0.001476754666108052 -0.09864721169601789
4.344 0.02482024309531978 0.2032579420557859 0.0262956385678519 0.3018597564047021 -0.001475395472532126 -0.09860181434891623
4.346 0.02495399623632773 0.2027150407447843 0.02642803439076784 0.3012714995016569 -0.001474038154440109 -0.09855645875687255
4.348 0.02509891134073025 0.2021746534122553 0.02657159404911358 0.300685798274574 -0.00147268270838333 -0.09851114486231873
4.35 0.0252552347106278 0.2016372615690284 0.02672656384154884 0.3001031341768208 -0.001471329130921035 -0.09846587260779237
4.352 0.02542320616758145 0.2011033766832213 0.02689318358620182 0.299524018619158 -0.001469977418620377 -0.09842064193593666
4.354 0.02560305765955788 0.2005735429485237 0.02707168522761426 0.2989489957380237 -0.001468627568056385 -0.0983754527895
4.356 0.02579501136987754 0.2000483401881282 0.02726229094568948 0.298378645299464 -0.001467279575811945 -0.09833030511133585
4.358 0.02599927728342937 0.1995283868505415 0.02746521072190715 0.2978135856949439 -0.001465933438477778 -0.0982851988444024
4.36 0.02621605016346603 0.1990143430472574 0.02768063931611845 0.2972544769790199 -0.001464589152652422 -0.09824013393176245
4.362 0.02644550589053249 0.1985069135743311 0.0279087526054747 0.2967020238909142 -0.001463246714942206 -0.0981951103165831
4.364 0.02668779711389015 0.1980068508500909 0.02814970323585138 0.2961569787922264 -0.00146190612196123 -0.09815012794213548
4.366 0.02694304816574068 0.1975149576892889 0.02840361553607202 0.2956201444410835 -0.001460567370331344 -0.09810518675179458
4.368 0.02721134919006912 0.1970320898199986 0.02867057964675125 0.2950923765090376 -0.001459230456682128 -0.09806028668903899
4.37 0.02749274944157626 0.1965591580334811 0.02895064481922713 0.2945745857309318 -0.001457895377650868 -0.09801542769745067
4.372 0.02778724971682977 0.1960971298390158 0.0292438118467123 0.2940677395597304 -0.001456562129882537 -0.09797060972071461
4.374 0.02809479389006052 0.1956470304757169 0.02955002460009029 0.2935728631783357 -0.001455230710029773 -0.09792583270261884
4.376 0.02841525954085739 0.1952099431119407 0.02986916065561025 0.2930910396989946 -0.001453901114752857 -0.09788109658705386
4.378 0.02874844768143592 0.1947870080405953 0.03020102102215562 0.292623409358608 -0.001452573340719696 -0.09783640131801277
4.38 0.02909407161804807 0.1943794206564636 0.03054531900265387 0.2921711674960543 -0.001451247384605798 -0.0977917468395907
4.382 0.02945174501535845 0.1939884279807731 0.0309016682584527 0.2917355610767579 -0.001449923243094253 -0.09774713309598485
4.384 0.02982096927531055 0.1936153234802029 0.03126957018818626 0.2913178835116969 -0.001448600912875709 -0.09770256003149401
4.386 0.03020112039362076 0.1932614399144983 0.03164840078426912 0.2909194675050169 -0.00144728039064836 -0.09765802759051859
4.388 0.03059143551787085 0.1929281399413665 0.03203739719098877 0.2905416756589267 -0.001445961673117915 -0.09761353571756018
4.39 0.03099099950119064 0.192616804212292 0.03243564425818823 0.2901858885695134 -0.001444644756997583 -0.09756908435722138
4.392 0.03139873182363965 0.1923288167118769 0.0328420614626477 0.2898534901660825 -0.001443329639008052 -0.09752467345420564
4.394 0.03181337433763995 0.1920655471299344 0.03325539065351742 0.2895458500832513 -0.001442016315877469 -0.09748030295331694
4.396 0.03223348038132851 0.191828330113672 0.03367418516566993 0.2892643029131317 -0.001440704784341419 -0.09743597279945962
4.398 0.03265740588973581 0.1916184413305311 0.03409680093087871 0.2890101242681692 -0.001439395041142901 -0.09739168293763811
4.4 0.03308330321212194 0.1914370703834863 0.03452139029515425 0.288784503696443 -0.001438087083032315 -0.09734743331295673
4.402 0.03350911840713773 0.1912852907616096 0.03494589931390517 0.2885885146322291 -0.001436780906767438 -0.09730322387061945
4.404 0.03393259282621321 0.1911640271792927 0.03536806933532662 0.2884230817352224 -0.001435476509113404 -0.09725905455592969
4.406 0.03435126979936715 0.1910740208548985 0.03578544368620983 0.2882889461691885 -0.001434173886842681 -0.09721492531429005
4.408 0.03476250719582375 0.1910157934977766 0.03619538023255881 0.2881866295889787 -0.001432873036735058 -0.0971708360912021
4.41 0.03516349653383502 0.1909896110015084 0.03659507048941264 0.2881163978337746 -0.00143157395557762 -0.09712678683226623
4.412 0.03555128915141597 0.1909954480667984 0.0369815657915807 0.2880782255499797 -0.001430276640164729 -0.09708277748318132
4.414 0.03592282971747655 0.1910329551815369 0.03735181080477456 0.2880717631712814 -0.001428981087298005 -0.09703880798974451
4.416 0.03627499706081213 0.1911014295466445 0.03770268435459843 0.2880963078444956 -0.001427687293786305 -0.09699487829785111
4.418 0.03660465192951469 0.1911997916310619 0.0380310471859604 0.2881507799845561 -0.001426395256445706 -0.09695098835349426
4.42 0.03690869088047494 0.1913265690448235 0.03833379585257442 0.2882337071475882 -0.001425104972099482 -0.09690713810276476
4.422 0.0371841050608612 0.1914798893156766 0.03860792149843929 0.2883432168075273 -0.001423816437578087 -0.09686332749185078
4.424 0.03742804221185854 0.1916574829287944 0.03885057186157767 0.2884770393958322 -0.001422529649719135 -0.09681955646703774
4.426 0.03763786983680668 0.1918566976372357 0.03905911444217407 0.2886325226119437 -0.00142124460536738 -0.09677582497470805
4.428 0.03781123717083822 0.1920745245812859 0.03923119847221291 0.2888066575426268 -0.001419961301374696 -0.09673213296134085
4.43 0.03794613340537981 0.1923076361896858 0.03936481313997987 0.2889961165631977 -0.001418679734600062 -0.0966884803735119
4.432 0.03804093959012727 0.1925524352108109 0.0394583394920368 0.2891973023687041 -0.001417399901909534 -0.09664486715789317
4.434 0.03809447177694409 0.1928051135831949 0.03951059357712033 0.2894064068444477 -0.001416121800176238 -0.09660129326125287
4.436 0.03810601328879763 0.1930617192556935 0.03952085871507796 0.2896194778861486 -0.001414845426280337 -0.09655775863045502
4.438 0.03807533447838341 0.1933182285620658 0.03948890525549244 0.2898324917745252 -0.001413570777109026 -0.09651426321245936
4.44 0.03800269895367922 0.1935706213908424 0.03941499680323572 0.2900414283451634 -0.001412297849556502 -0.09647080695432106
4.442 0.03788885594438992 0.1938149562048763 0.03929988258491387 0.2902423460080669 -0.001411026640523951 -0.0964273898031906
4.444 0.03773501920710309 0.1940474419749506 0.03914477635402262 0.290431453681264 -0.001409757146919526 -0.09638401170631346
4.446 0.03754283355773357 0.1942645042970855 0.0389513229233919 0.2906051769081154 -0.001408489365658332 -0.0963406726110299
4.448 0.03731433072126777 0.1944628433430011 0.03872155401493017 0.2907602158077759 -0.001407223293662402 -0.09629737246477486
4.45 0.0370518766552411 0.194639481810422 0.03845783558310178 0.2908935930254997 -0.001405958927860686 -0.0962541112150777
4.452 0.03675811280471185 0.1947918016453581 0.03816280906990087 0.2910026904549199 -0.001404696265189021 -0.09621088880956187
4.454 0.03643589387072711 0.1949175689480062 0.03783932917331723 0.2910852741439511 -0.001403435302590125 -0.09616770519594484
4.456 0.03608822462706245 0.1950149470949294 0.03749040066407602 0.2911395074169673 -0.001402176037013568 -0.09612456032203788
4.458 0.03571819812270616 0.1950824986669944 0.03711911658812192 0.2911639528027402 -0.001400918465415764 -0.09608145413574577
4.46 0.03532893729243769 0.195119177231116 0.03672859987719763 0.2911575638161827 -0.00139966258475994 -0.09603838658506665
4.462 0.03492354160363057 0.1951243103633044 0.0363219499956467 0.2911196679813962 -0.001398408392016129 -0.09599535761809182
4.464 0.0345050399336566 0.195097575513803 0.03590219581781774 0.2910499426968084 -0.001397155884161145 -0.0959523671830054
4.466 0.03407635043570675 0.1950389704069619 0.03547225549388532 0.2909483856350464 -0.001395905058178569 -0.09590941522808442
4.468 0.03364024774191857 0.1949487796529961 0.0350349036529773 0.2908152813546944 -0.001394655911058726 -0.09586650170169828
4.47 0.03319933749358803 0.1948275391463193 0.03459274593338671 0.290651165698628 -0.001393408439798672 -0.09582362655230868
4.472 0.03275603789307959 0.1946759996587071 0.03414820053448176 0.2904567893871766 -0.001392162641402173 -0.09578078972846947
4.474 0.03231256774694626 0.1944950908283292 0.03370348625982595 0.2902330820071556 -0.001390918512879687 -0.09573799117882643
4.476 0.03187094031391598 0.1942858865190373 0.03326061636516433 0.2899811173711543 -0.001389676051248347 -0.09569523085211695
4.478 0.03143296217955253 0.194049572295829 0.03282139743308447 0.2897020809929989 -0.001388435253531945 -0.09565250869716997
4.48 0.03100023634274372 0.1937874155459257 0.03238743245950462 0.2893972402088313 -0.001387196116760907 -0.09560982466290563
4.482 0.0305741687070714 0.1935007385799744 0.03196012734504369 0.2890679172783097 -0.001385958637972287 -0.09556717869833523
4.484 0.03015597721189703 0.1931908948801467 0.03154070002610677 0.2887154656327076 -0.001384722814209736 -0.09552457075256088
4.486 0.02974670290342203 0.1928592485239317 0.03113019154594552 0.2883412492987071 -0.001383488642523496 -0.09548200077477546
4.488 0.02934722232566525 0.1925071567040785 0.03072947844563563 0.2879466254183407 -0.001382256119970374 -0.09543946871426215
4.49 0.02895826069794776 0.1921359551846148 0.03033928594156149 0.2875329297050094 -0.00138102524361373 -0.09539697452039461
4.492 0.02858040543308897 0.1917469464771269 0.02996020144361243 0.2871014646197633 -0.001379796010523456 -0.0953545181426364
4.494 0.02821411963453265 0.1913413904868808 0.02959268805230861 0.2866534900174217 -0.00137856841777596 -0.095312099530541
4.496 0.02785975528827682 0.1909204973610857 0.02923709775073096 0.2861902159948373 -0.001377342462454149 -0.0952697186337516
4.498 0.02751756593495228 0.1904854222679827 0.02889368407659969 0.2857127976699835 -0.00137611814164741 -0.0952273754020008
4.5 0.02718771866763421 0.190037261842038 0.02856261412008581 0.2852223316271486 -0.001374895452451596 -0.09518506978511052
4.502 0.02687030535205015 0.1895770520444184 0.02824397974401916 0.2847198537774102 -0.001373674391969005 -0.09514280173299171
4.504 0.0265653530080702 0.189105767206688 0.02793780796537857 0.2842063384023323 -0.001372454957308365 -0.09510057119564426
4.506 0.0262728333252463 0.1886243200471725 0.02764407047083111 0.2836826981703291 -0.001371237145584815 -0.09505837812315659
4.508 0.02599267131178564 0.1881335624722383 0.02736269226570553 0.2831497849379441 -0.001370020953919893 -0.09501622246570583
4.51 0.02572475309659717 0.1876342869976246 0.02709355947603868 0.2826083911711818 -0.001368806379441512 -0.09497410417355721
4.512 0.02546893291877049 0.1871272286470534 0.02683652633805444 0.2820592518441175 -0.001367593419283947 -0.09493202319706411
4.514 0.02522503934910856 0.1866130672060992 0.02659142141969638 0.281503046692767 -0.001366382070587817 -0.0948899794866678
4.516 0.02499288079498066 0.1860924297284377 0.02635805312548073 0.280940402721335 -0.001365172330500072 -0.09484797299289729
4.518 0.02477225034336437 0.1855658932087829 0.02613621453953834 0.280371896875152 -0.001363964196173969 -0.09480600366636907
4.52 0.02456292999835259 0.1850339873521079 0.02592568766312165 0.2797980588098947 -0.001362757664769059 -0.09476407145778688
4.522 0.02436469436911612 0.1844971973822088 0.02572624710256729 0.2792193737001505 -0.001361552733451174 -0.09472217631794169
4.524 0.02417731386266593 0.1839559668442342 0.02553766326205834 0.2786362850419455 -0.001360349399392404 -0.09468031819771136
4.526 0.02400055743329763 0.1834107003657317 0.02535970509306871 0.2780491974137922 -0.001359147659771085 -0.09463849704806046
4.528 0.02383419493755424 0.1828617663492401 0.02519214244932602 0.2774584791692802 -0.001357947511771777 -0.0945967128200401
4.53 0.02367799914008891 0.1823094995764691 0.02503474809267417 0.2768644650412569 -0.001356748952585255 -0.09455496546478777
4.532 0.02353174741221429 0.1817542037099688 0.02488729939162278 0.276267458643496 -0.001355551979408488 -0.09451325493352716
4.534 0.02339522316132328 0.1811961536830691 0.0247495797507679 0.2756677348606369 -0.001354356589444621 -0.09447158117756788
4.536 0.02326821702576672 0.1806355979727456 0.02462137980566969 0.2750655421210509 -0.001353162779902965 -0.09442994414830534
4.538 0.02315052786634202 0.1800727607532217 0.02450249841434099 0.2744611045504423 -0.001351970547998972 -0.09438834379722053
4.54 0.02304196358232425 0.1795078439306844 0.02439274347327848 0.2738546240065643 -0.001350779890954228 -0.09434678007587989
4.542 0.02294234177689436 0.178941029061404 0.02429193258289079 0.273246281997339 -0.001349590805996429 -0.09430525293593504
4.544 0.02285149029401665 0.1783724791570741 0.02419989358437602 0.2726362414861968 -0.001348403290359369 -0.09426376232912266
4.546 0.02276924764624277 0.1778023403823784 0.0241164649875257 0.2720246485896426 -0.001347217341282925 -0.09422230820726425
4.548 0.02269546335054354 0.1772307436505987 0.02404149630655658 0.2714116341728647 -0.001346032956013037 -0.09418089052226601
4.55 0.02262999818712785 0.1766578061236718 0.02397484831892954 0.2707973153497904 -0.001344850131801694 -0.09413950922611861
4.552 0.02257272439429053 0.1760836326235792 0.02391639326019745 0.2701817968944761 -0.00134366886590692 -0.09409816427089691
4.554 0.02252352581056519 0.1755083169621428 0.02386601496615794 0.2695651725709028 -0.001342489155592754 -0.09405685560876001
4.556 0.02248229797389715 0.1749319431964919 0.02382360897202639 0.2689475263884428 -0.001341310998129238 -0.09401558319195089
4.558 0.02244894818613639 0.1743545868174826 0.02378908257692879 0.2683289337902788 -0.001340134390792399 -0.09397434697279623
4.56 0.02242339554988081 0.1737763158784004 0.02376235488074505 0.2677094627821066 -0.001338959330864234 -0.09393314690370626
4.562 0.02240557098354494 0.1731971920711677 0.02374335679917763 0.2670891750083423 -0.001337785815632694 -0.0938919829371746
4.564 0.02239541721948731 0.1726172717572094 0.02373203106187897 0.2664681267829875 -0.001336613842391669 -0.09385085502577808
4.566 0.02239288878908173 0.1720366069600658 0.0237283321975227 0.2658463700822423 -0.001335443408440972 -0.09380976312217654
4.568 0.02239795199773311 0.171455246326688 0.02373222650881943 0.2652239535058005 -0.001334274511086321 -0.09376870717911255
4.57 0.02241058489202348 0.1708732360642502 0.02374369203966281 0.2646009232136616 -0.001333107147639331 -0.0937276871494114
4.572 0.02243077722040035 0.1702906208592472 0.02376271853581784 0.2639773238452281 -0.001331941315417488 -0.09368670298598086
4.574 0.02245853038807707 0.1697074447854947 0.02378930739982121 0.2633531994273057 -0.001330777011744144 -0.09364575464181096
4.576 0.0224938574060902 0.1691237522075761 0.02382347164003869 0.2627285942775499 -0.001329614233948492 -0.0936048420699738
4.578 0.02253678283373963 0.168539588686224 0.02386523581310519 0.2621035539098474 -0.001328452979365557 -0.0935639652236234
4.58 0.0225873427129051 0.1679550018920172 0.02391463595824128 0.2614781259480128 -0.001327293245336182 -0.0935231240559956
4.582 0.02264558449198898 0.1673700425336677 0.02397171952119598 0.2608523610540754 -0.001326135029207006 -0.09348231852040774
4.584 0.02271156693643783 0.1667847653071814 0.02403654526476828 0.2602263138774399 -0.001324978328330455 -0.09344154857025856
4.586 0.02278536002197149 0.1661992298719908 0.02410918316203621 0.2596000440310188 -0.001323823140064723 -0.093400814159028
4.588 0.02286704480575422 0.1656135018600617 0.02418971426752798 0.2589736171003388 -0.00132266946177376 -0.09336011524027711
4.59 0.02295671326976904 0.1650276539238793 0.0242782305605963 0.258347105691527 -0.001321517290827255 -0.09331945176764771
4.592 0.023054468129608 0.1644417668289473 0.02437483475420862 0.2577205905238096 -0.001320366624600621 -0.09327882369486229
4.594 0.02316042260075265 0.1638559305961768 0.02447964006122762 0.2570941615719007 -0.001319217460474979 -0.09323823097572395
4.596 0.0232747001131415 0.1632702456992261 0.02459276990897865 0.2564679192633421 -0.00131806979583715 -0.09319767356411601
4.598 0.02339743396346582 0.162684824321309 0.02471435759154544 0.255841975735311 -0.001316923628079629 -0.09315715141400208
4.6 0.02352876689313384 0.1620997916753645 0.02484454584773442 0.2552164561547901 -0.001315778954600579 -0.09311666447942558
4.602 0.02366885057820365 0.1615152873907034 0.02498348635100746 0.2545915001052133 -0.001314635772803812 -0.09307621271450987
4.604 0.0238178450158332 0.1609314669681348 0.02513133909593198 0.2539672630415927 -0.001313494080098776 -0.09303579607345792
4.606 0.02397591778992461 0.1603485033042339 0.02528827166382515 0.2533439178147861 -0.001312353873900541 -0.09299541451055214
4.608 0.02414324319661271 0.1597665882837805 0.02545445834824249 0.2527216562639347 -0.00131121515162978 -0.09295506798015425
4.61 0.02432000120817667 0.1591859344372444 0.02563007911888944 0.2521006908739495 -0.001310077910712761 -0.09291475643670506
4.612 0.02450637625181681 0.1586067766576126 0.02581531840039814 0.2514812564923369 -0.001308942148581328 -0.09287447983472438
4.614 0.02470255577754511 0.1580293739677623 0.02601036364021799 0.250863612096573 -0.001307807862672887 -0.09283423812881078
4.616 0.02490872858737078 0.1574540113257299 0.02621540363780117 0.2502480425993713 -0.001306675050430392 -0.0927940312736414
4.618 0.02512508289602863 0.1568810014506622 0.02643062660533096 0.2496348606746341 -0.001305543709302333 -0.09275385922397186
4.62 0.02535180409178953 0.1563106866469239 0.02665621792853224 0.2490244085815599 -0.001304413836742715 -0.09271372193463602
4.622 0.02558907216470533 0.1557434405974235 0.02689235759491639 0.2484170599579694 -0.001303285430211052 -0.09267361936054587
4.624 0.025837058769039 0.1551796700898967 0.02713921725621134 0.247813221546588 -0.001302158487172347 -0.09263355145669129
4.626 0.02609592388688056 0.1546198166314943 0.02739695689197764 0.2472133348096342 -0.001301033005097081 -0.09259351817813993
4.628 0.02636581206144537 0.154064357897424 0.02766572104290656 0.2466178773774611 -0.001299908981461195 -0.09255351948003711
4.63 0.02664684817155047 0.1535138089487237 0.02794563458529655 0.2460273642663292 -0.001298786413746081 -0.09251355531760544
4.632 0.02693913272366688 0.1529687231425965 0.02823679802310544 0.2454423487887414 -0.001297665299438562 -0.09247362564614491
4.634 0.02724273664534153 0.1524296926461002 0.02853928228137241 0.2448634230671327 -0.001296545636030883 -0.09243373042103251
4.636 0.02755769557409366 0.1518973484507766 0.02885312299511436 0.2442912180484988 -0.001295427421020696 -0.09239386959772225
4.638 0.0278840036496392 0.1513723597724889 0.02917831430155024 0.2437264029042338 -0.001294310651911042 -0.09235404313174482
4.64 0.02822160683519651 0.1508554327077027 0.02951480216140686 0.2431696836864103 -0.001293195326210343 -0.09231425097870755
4.642 0.02857039581610689 0.1503473080056949 0.02986247725753927 0.2426218010999891 -0.001292081441432383 -0.09227449309429417
4.644 0.02893019855146149 0.1498487578067702 0.03022116754655779 0.2420835272410349 -0.001290968995096298 -0.09223476943426473
4.646 0.02930077258736987 0.1493605811906754 0.03059063057209643 0.2415556611451307 -0.00128985798472656 -0.09219507995445532
4.648 0.02968179727881493 0.1488835983787948 0.03097054568666789 0.2410390229895728 -0.001288748407852963 -0.09215542461077801
4.65 0.03007286611038846 0.1484186434402841 0.03136050637239907 0.2405344467995047 -0.001287640262010611 -0.09211580335922065
4.652 0.03047347935399759 0.1479665553680097 0.03176001289873749 0.2400427715238564 -0.001286533544739904 -0.09207621615584664
4.654 0.03088303735224552 0.1475281674173844 0.03216846560583204 0.2395648303741793 -0.001285428253586521 -0.09203666295679493
4.656 0.03130083476741802 0.1471042946421527 0.03258515915351944 0.2391014383604324 -0.001284324386101413 -0.09199714371827966
4.658 0.03172605618497204 0.146695719617727 0.03300927812481282 0.2386533780143172 -0.001283221939840782 -0.09195765839659016
4.66 0.03215777350284987 0.1463031764163922 0.03343989441521594 0.238221383364483 -0.001282120912366073 -0.09191820694809073
4.662 0.03259494556888124 0.1459273329901171 0.0338759668701252 0.2378061223193376 -0.001281021301243958 -0.09187878932922047
4.664 0.03303642054234764 0.1455687722250454 0.03431634364639397 0.2374081777215385 -0.001279923104046323 -0.09183940549649307
4.666 0.03348094144595742 0.1452279720545642 0.03475976776430767 0.2370280274610609 -0.001278826318350255 -0.09180005540649676
4.668 0.03392715533463446 0.1449052851506052 0.03520488627637249 0.2366660241664993 -0.001277730941738028 -0.0917607390158941
4.67 0.03437362643210058 0.144600918848477 0.03565026340389767 0.2363223751298988 -0.001276636971797092 -0.09172145628142182
4.672 0.03481885347077015 0.1443149160896388 0.0360943978768902 0.2359971232495294 -0.001275544406120054 -0.0916822071598906
4.674 0.03526129131314066 0.144047138277727 0.03653574455544533 0.235690129885912 -0.00127445324230467 -0.09164299160818504
4.676 0.03569937673559218 0.1437972510224607 0.03697274021354602 0.2354010606057241 -0.001273363477953833 -0.0916038095832634
4.678 0.03613155802404823 0.143564713779923 0.03740383313472379 0.2351293748220805 -0.001272275110675553 -0.09156466104215751
4.68 0.03655632777629524 0.1433487743731439 0.03782751591437819 0.2348743203151164 -0.001271188138082951 -0.0915255459419725
4.682 0.03697225804393639 0.1431484692836018 0.03824236060173063 0.2346349335234885 -0.001270102557794242 -0.09148646423988679
4.684 0.03737803669785646 0.1429626304365735 0.03864705506528918 0.2344100463297254 -0.001269018367432723 -0.0914474158931519
4.686 0.03777250368768852 0.1427898989619887 0.03904043925231528 0.2341982998210809 -0.001267935564626759 -0.09140840085909219
4.688 0.03815468571158202 0.1426287461060209 0.03942153985859179 0.2339981652011256 -0.001266854147009772 -0.09136941909510475
4.69 0.0385238277387569 0.142477501113608 0.03978960185097712 0.2338079716722674 -0.001265774112220225 -0.09133047055865937
4.692 0.03887941984969091 0.1423343855224361 0.04014411530759252 0.2336259407297342 -0.001264695457901616 -0.09129155520729818
4.694 0.03922121798541194 0.142197552934004 0.04048483616711439 0.2334502259326397 -0.001263618181702455 -0.09125267299863571
4.696 0.03954925742596057 0.1420651329892118 0.04081179970723683 0.2332789568795703 -0.001262542281276258 -0.09121382389035855
4.698 0.03986385813576341 0.1419352780050822 0.04112532589004494 0.2331102858453075 -0.001261467754281533 -0.09117500784022528
4.7 0.0401656214976053 0.1418062105512207 0.04142601609598707 0.232942435357287 -0.001260394598381769 -0.09113622480606635
4.702 0.0404554183764387 0.1416762701763092 0.04171474118768412 0.232773744922093 -0.001259322811245417 -0.09109747474578386
4.704 0.04073436887462342 0.1415439575421145 0.0419926212651693 0.232602715159466 -0.001258252390545885 -0.09105875761735147
4.706 0.04100381452671491 0.1414079743791372 0.04226099786067643 0.2324280477579513 -0.001257183333961521 -0.0910200733788141
4.708 0.04126528400404514 0.1412672579271385 0.04252139964322074 0.2322486799154266 -0.0012561156391756 -0.09098142198828808
4.71 0.04152045363447797 0.1411210088396995 0.04277550293835428 0.2320638122436602 -0.001255049303876315 -0.09094280340396067
4.712 0.04177110417823853 0.1409687118838011 0.04302508850399529 0.2318729294678912 -0.001253984325756761 -0.09090421758409011
4.714 0.04201907533509894 0.1408101491212756 0.04327199603761387 0.231675813608281 -0.001252920702514923 -0.09086566448700534
4.716 0.04226621939984641 0.1406454055893419 0.04351807783170008 0.231472549660448 -0.001251858431853667 -0.09082714407110606
4.718 0.04251435534861108 0.1404748677785497 0.0437651528600918 0.231263524073412 -0.001250797511480723 -0.09078865629486232
4.72 0.04276522445050861 0.1402992154222065 0.04401496238961729 0.231049416539021 -0.001249737939108675 -0.09075020111681453
4.722 0.04302044828150409 0.1401194072539735 0.04426912799395904 0.2308311857495468 -0.001248679712454948 -0.0907117784955733
4.724 0.04328148979445982 0.139936661460094 0.04452911262370161 0.2306100498499132 -0.001247622829241797 -0.09067338838981921
4.726 0.0435496178921464 0.1397524315568909 0.0447961851793427 0.2303874623151937 -0.001246567287196293 -0.09063503075830279
4.728 0.04382587577519484 0.1395683783750294 0.04507138885924515 0.2301650839348737 -0.001245513084050312 -0.09059670555984421
4.73 0.04411105320598109 0.1393863387451919 0.04535551342352161 0.2299447514985251 -0.001244460217540521 -0.0905584127533333
4.732 0.04440566274831506 0.1392082913723035 0.04564907143372343 0.2297284436700328 -0.001243408685408369 -0.09052015229772931
4.734 0.0447099200123257 0.1390363202742426 0.04595227849772578 0.2295182444263034 -0.001242358485400074 -0.09048192415206077
4.736 0.04502372795050213 0.138872576061765 0.04626503756576873 0.2293163043371903 -0.001241309615266606 -0.09044372827542534
4.738 0.04534666530711735 0.1387192352628178 0.04658692737988103 0.2291247998898075 -0.001240262072763682 -0.09040556462698966
4.74 0.04567797940883001 0.1385784578575032 0.04691719526448176 0.2289458910234925 -0.001239215855651752 -0.0903674331659893
4.742 0.04601658358633411 0.1384523431975962 0.04725475454803009 0.2287816770493247 -0.001238170961695983 -0.09032933385172848
4.744 0.04636105962119626 0.1383428845413884 0.04759818700986251 0.2286341511849684 -0.001237127388666252 -0.09029126664357998
4.746 0.04670966570274947 0.1382519225417062 0.0479457508370866 0.2285051540426912 -0.001236085134337131 -0.09025323150098499
4.748 0.04706035044097943 0.1381810981791117 0.04829539463746731 0.2283963265625647 -0.001235044196487878 -0.09021522838345303
4.75 0.04741077349694955 0.138131805826248 0.04864477806985198 0.2283090630768096 -0.001234004572902423 -0.09017725725056168
4.752 0.04775833334783497 0.1381051473509065 0.04899129960920433 0.2282444654128631 -0.001232966261369356 -0.09013931806195659
4.754 0.04810020258706939 0.1381018883977598 0.0493321318467513 0.228203299175111 -0.001231929259681915 -0.09010141077735116
4.756 0.04843337096384859 0.1381224182106302 0.04966426452948657 0.2281859535671568 -0.001230893565637978 -0.09006353535652653
4.758 0.04875469608832935 0.1381667145435315 0.0499845552653694 0.228192406302863 -0.001229859177040047 -0.09002569175933146
4.76 0.04906096137498343 0.1382343153324121 0.05028978746667866 0.2282221952780941 -0.001228826091695238 -0.08998787994568203
4.762 0.04934894038157912 0.1383242988337461 0.05057673468899439 0.2282743987093078 -0.001227794307415269 -0.08995009987556168
4.764 0.04961546624896213 0.1384352738569891 0.05084223007097857 0.22834762536601 -0.001226763822016448 -0.0899123515090209
4.766 0.04985750449037303 0.1385653815083985 0.0510832391236927 0.2284400163145758 -0.001225734633319665 -0.08987463480617727
4.768 0.05007222695849687 0.1387123095170155 0.05129693369764724 0.2285492592442307 -0.001224706739150375 -0.08983694972721518
4.77 0.05025708447759988 0.1388733197358381 0.05148076461493847 0.2286726159682237 -0.001223680137338589 -0.08979929623238568
4.772 0.05040987540977575 0.139045288823457 0.05163253023549462 0.2288069631054635 -0.001222654825718864 -0.08976167428200649
4.774 0.05052880736518296 0.1392247614499016 0.05175043816731325 0.2289488452863633 -0.001221630802130292 -0.08972408383646172
4.776 0.050612549390669 0.1394080146836418 0.05183315745508548 0.2290945395398436 -0.001220608064416482 -0.08968652485620178
4.778 0.05066027228747756 0.1395911315617271 0.05187985889790312 0.2292401288634704 -0.001219586610425557 -0.08964899730174321
4.78 0.05067167520546187 0.1397700812811871 0.05189024164347201 0.2293815824148557 -0.001218566438010138 -0.08961150113366861
4.782 0.05064699730710647 0.1399408030310592 0.05186454485213381 0.2295148393436857 -0.001217547545027336 -0.08957403631262649
4.784 0.05058701404133273 0.1400992902526176 0.05180354397067147 0.2296358930519486 -0.001216529929338737 -0.08953660279933104
4.786 0.05049301835391999 0.1402416720948861 0.05170853194273038 0.2297408726494482 -0.001215513588810392 -0.08949920055456206
4.788 0.05036678792293937 0.1403642890257713 0.05158128644425218 0.2298261185649362 -0.001214498521312806 -0.08946182953916486
4.79 0.05021054018140081 0.140463759947383 0.05142402490612174 0.229888249661433 -0.00121348472472093 -0.08942448971405006
4.792 0.05002687742315333 0.1405370387094732 0.05123934962006747 0.2299242197496667 -0.001212472196914144 -0.08938718104019351
4.794 0.0498187246461234 0.1405814585656851 0.05103018558189965 0.2299313620443211 -0.00121146093577625 -0.08934990347863606
4.796 0.04958926295263742 0.1405947638148698 0.05079971389183287 0.2299074208053534 -0.001210450939195461 -0.08931265699048353
4.798 0.04934186130292158 0.1405751285561515 0.05055130350798597 0.229850570093058 -0.001209442205064386 -0.08927544153690652
4.8 0.04908000922552173 0.1405211631101465 0.05028844395680175 0.2297594201892869 -0.001208434731280025 -0.08923825707914032
4.802 0.0488072527609787 0.1404319091803075 0.05001468127672246 0.2296330127587922 -0.001207428515743754 -0.08920110357848468
4.804 0.04852713549377392 0.1403068252226871 0.04973355905013523 0.2294708062189908 -0.001206423556361312 -0.08916398099630375
4.806 0.04824314605599785 0.1401457637490276 0.04944856590704065 0.2292726530430536 -0.001205419851042799 -0.089126889294026
4.808 0.04795867300497184 0.1399489424103902 0.04916309040267449 0.2290387708435341 -0.001204417397702653 -0.08908982843314393
4.81 0.04767696752076073 0.1397169107103106 0.04888038371502038 0.2287697090855247 -0.00120341619425965 -0.08905279837521411
4.812 0.04740111396397215 0.1394505140989549 0.04860353020260903 0.2284663131808118 -0.001202416238636886 -0.08901579908185688
4.814 0.04713400799630316 0.1391508570277272 0.04833542552506493 0.2281296875424836 -0.001201417528761771 -0.08897883051475637
4.816 0.04687834170393346 0.1388192663228195 0.04807876176649947 0.2277611589584798 -0.001200420062566013 -0.08894189263566028
4.818 0.04663659497750856 0.1384572559897115 0.04783601881549418 0.2273622413960912 -0.001199423837985613 -0.08890498540637976
4.82 0.04641103228694465 0.1380664943087611 0.0476094611399055 0.2269346030975504 -0.001198428852960851 -0.08886810878878926
4.822 0.04620370393558546 0.1376487738404011 0.04740113904102173 0.2264800365852275 -0.001197435105436276 -0.08883126274482647
4.824 0.04601645087499491 0.1372059847381126 0.0472128934683556 0.2260004319746048 -0.001196442593360695 -0.08879444723649216
4.826 0.04585091219727108 0.1367400915751013 0.04704636351195825 0.2254977538009513 -0.001195451314687163 -0.08875766222584999
4.828 0.04570853448475614 0.1362531137295951 0.04690299575212911 0.2249740214046215 -0.001194461267372973 -0.08872090767502638
4.83 0.04559058227733144 0.1357471092440604 0.04678405472671109 0.2244312927902709 -0.001193472449379645 -0.08868418354621056
4.832 0.04549814900667654 0.1352241619734901 0.04669063386534945 0.2238716517751443 -0.001192484858672914 -0.08864748980165418
4.834 0.04543216783838331 0.1346863717640598 0.04662366633160603 0.2232971981677312 -0.001191498493222722 -0.08861082640367134
4.836 0.04539342195170448 0.134135847351594 0.04658393530270769 0.2227100406662325 -0.001190513351003205 -0.08857419331463842
4.838 0.04538255386985519 0.1335747016352677 0.04657208329984788 0.2221122921322617 -0.001189529429992685 -0.08853759049699403
4.84 0.04540007352940148 0.1330050489615509 0.04658862025757514 0.2215060668747896 -0.001188546728173661 -0.08850101791323872
4.842 0.04544636484464212 0.1324290040424889 0.04663393008817491 0.2208934795684238 -0.001187565243532791 -0.08846447552593496
4.844 0.04552169058238066 0.1318486821278051 0.04670827555644155 0.2202766454255121 -0.001186584974060891 -0.08842796329770701
4.846 0.04562619541503928 0.1312662000491987 0.0468118013327922 0.2196576812404394 -0.00118560591775292 -0.08839148119124077
4.848 0.04575990706716383 0.130683677755217 0.04694453513977179 0.2190387069245006 -0.00118462807260797 -0.08835502916928366
4.85 0.04592273551383459 0.1301032399548906 0.04710638695046384 0.2184218471495351 -0.001183651436629256 -0.0883186071946445
4.852 0.04611447023140651 0.1295270174870625 0.04729714623923062 0.2178092327172558 -0.001182676007824107 -0.08828221523019335
4.854 0.04633477554344573 0.128957148029533 0.04751647732764969 0.2172030012683944 -0.001181701784203954 -0.08824585323886143
4.856 0.04658318414993241 0.128395775758475 0.04776391291371673 0.216605296942116 -0.001180728763784321 -0.08820952118364099
4.858 0.04685908897768243 0.127845049565038 0.04803884592226725 0.2160182685926232 -0.001179756944584816 -0.08817321902758515
4.86 0.04716173354647153 0.1273071194342204 0.04834051987110064 0.2154440661680282 -0.001178786324629116 -0.08813694673380777
4.862 0.04749020110984711 0.1267841305935957 0.04866801801179208 0.2148848348590791 -0.001177816901944965 -0.08810070426548339
4.864 0.04784340290301684 0.1262782150492885 0.04902025157758099 0.2143427066351356 -0.001176848674564157 -0.08806449158584705
4.866 0.04822006591272773 0.1257914801473414 0.04939594755325026 0.2138197888055356 -0.001175881640522528 -0.08802830865819415
4.868 0.04861872067483646 0.1253259938346238 0.04979363647269641 0.2133181492805042 -0.001174915797859948 -0.08799215544588039
4.87 0.04903768970211039 0.1248837663492768 0.05021164084673069 0.2128397982615984 -0.001173951144620309 -0.08795603191232164
4.872 0.04947507724432722 0.1244667281508886 0.05064806492317874 0.2123866661718823 -0.001172987678851517 -0.08791993802099371
4.874 0.04992876117936775 0.1240767040096136 0.05110078657797323 0.211960577745046 -0.001172025398605479 -0.08788387373543237
4.876 0.0503963879204159 0.1237153833147182 0.05156745222235399 0.2115632223339513 -0.001171064301938095 -0.08784783901923313
4.878 0.050875371291549 0.1233842868383716 0.05204547567845825 0.2111961206744228 -0.001170104386909251 -0.08781183383605116
4.88 0.05136289636067909 0.1230847303995374 0.05253204201226189 0.2108605885491386 -0.001169145651582803 -0.0877758581496012
4.882 0.05185592921272783 0.1228177861119943 0.0530241173067544 0.2105576980356516 -0.001168188094026572 -0.08773991192365732
4.884 0.05235123358451234 0.1225842421619585 0.05351846529682467 0.2102882372840114 -0.001167231712312334 -0.0877039951220529
4.886 0.05284539515397348 0.1223845623324376 0.05401167165848928 0.2100526700411181 -0.001166276504515808 -0.08766810770868055
4.888 0.05333485407047119 0.1222188467558893 0.05450017653918783 0.2098510964033812 -0.001165322468716647 -0.08763224964749183
4.89 0.05381594602492513 0.12208679561217 0.05498031562792356 0.2096832165146673 -0.001164369602998431 -0.08759642090249731
4.892 0.05428495178937886 0.1219876776694266 0.05544836969482751 0.2095482991071929 -0.001163417905448652 -0.08756062143776625
4.894 0.05473815471444982 0.1219203056640955 0.05590062208860853 0.2094451568815223 -0.001162467374158712 -0.08752485121742672
4.896 0.05517190517902375 0.1218830205057996 0.05633342318624765 0.2093721307114648 -0.001161518007223906 -0.08748911020566526
4.898 0.05558269046797812 0.1218736861513723 0.05674326027072153 0.2093270845180992 -0.001160569802743416 -0.0874533983667269
4.9 0.05596720804848216 0.1218896967051011 0.05712683080730246 0.209307412370016 -0.001159622758820301 -0.08741771566491496
4.902 0.05632243976791456 0.1219279968672489 0.05748111664147605 0.2093100589318399 -0.001158676873561489 -0.08738206206459102
4.904 0.05664572415354479 0.1219851162820594 0.05780345629862255 0.209331553812234 -0.001157732145077764 -0.08734643753017468
4.906 0.05693482379980863 0.1220572176581654 0.05809161237129239 0.2093680596843089 -0.001156788571483761 -0.08731084202614355
4.908 0.05718798481905305 0.1221401577924324 0.058343830969951 0.2094154333094654 -0.001155846150897952 -0.08727527551703307
4.91 0.05740398552661257 0.1222295598787849 0.05855889040805521 0.2094692978462213 -0.001154904881442641 -0.08723973796743643
4.912 0.05758217193304487 0.1223208947895656 0.05873613669428882 0.20952512413157 -0.001153964761243951 -0.08720422934200445
4.914 0.05772247820587718 0.1224095684414999 0.058875503994309 0.2095783180469453 -0.001153025788431817 -0.08716874960544539
4.916 0.05782543099999092 0.1224910119561976 0.0589775189611309 0.2096243106787226 -0.001152087961139976 -0.08713329872252494
4.918 0.05789213738251302 0.1225607711358971 0.05904328866001898 0.2096586477939631 -0.001151151277505956 -0.08709787665806604
4.92 0.05792425692681564 0.1226145918178907 0.05907447266248671 0.2096770751948395 -0.001150215735671072 -0.0870624833769488
4.922 0.05792395935019366 0.1226484979409083 0.05907324068397407 0.2096756167850186 -0.001149281333780409 -0.08702711884411031
4.924 0.05789386975634622 0.1226588596262763 0.05904221782632904 0.2096506426508209 -0.001148348069982819 -0.08699178302454463
4.926 0.05783700406557694 0.1226424491996556 0.05898442000800785 0.2095989250829582 -0.001147415942430912 -0.08695647588330262
4.928 0.05775669754038837 0.1225964837964037 0.05890318248966941 0.2095176811818955 -0.00114648494928104 -0.08692119738549177
4.93 0.05765652943088228 0.122518653941184 0.05880208451957557 0.2094046014374602 -0.001145555088693297 -0.08688594749627621
4.932 0.05754024668285049 0.1224071382093226 0.05868487304168199 0.209257864390199 -0.001144626358831502 -0.08685072618087644
4.934 0.05741168939917005 0.1222606047115251 0.05855538815703325 0.2090761381160945 -0.001143698757863197 -0.08681553340456943
4.936 0.05727472036176389 0.1220782006570965 0.05841749264572352 0.2088585697897848 -0.001142772283959631 -0.08678036913268827
4.938 0.05713316045318716 0.1218595316217456 0.05827500738848292 0.2086047649523678 -0.001141846935295756 -0.08674523333062222
4.94 0.05699073131064918 0.1216046323683433 0.05813165402069939 0.2083147583321598 -0.001140922710050217 -0.08671012596381647
4.942 0.05685100604353922 0.1213139311503655 0.05799100564994455 0.2079889781481377 -0.001139999606405341 -0.08667504699777223
4.944 0.05671736838298265 0.1209882093865204 0.05785644600552978 0.2076282057845667 -0.00113907762254713 -0.08663999639804636
4.946 0.05659298023389357 0.1206285584562318 0.05773113699055882 0.2072335325864832 -0.001138156756665253 -0.08660497413025141
4.948 0.05648075728165573 0.120236335157361 0.05761799428860877 0.2068063153174165 -0.001137237006953033 -0.08656998016005552
4.95 0.05638335207284038 0.1198131171176816 0.05751967044444782 0.2063481315708639 -0.001136318371607444 -0.08653501445318226
4.952 0.05630314384072198 0.1193606591856636 0.05743854468955108 0.2058607361610741 -0.001135400848829096 -0.0865000769754105
4.954 0.05624223427421657 0.1188808515654765 0.0573767187110388 0.2053460192580508 -0.001134484436822231 -0.08646516769257434
4.956 0.05620244842185858 0.118375680222417 0.0573360175556533 0.20480596679298 -0.001133569133794712 -0.08643028657056295
4.958 0.05618533996716044 0.1178471898800857 0.05731799490511846 0.2042426234554063 -0.001132654937958015 -0.08639543357532058
4.96 0.05619220019373391 0.1172974497668153 0.05732394204126113 0.2036580584396615 -0.001131741847527219 -0.08636060867284626
4.962 0.05622407006407946 0.1167285221496473 0.05735489992480046 0.2030543339788412 -0.001130829860721 -0.08632581182919384
4.964 0.05628175495173741 0.1161424336194802 0.05741167392749903 0.202433476629952 -0.001129918975761617 -0.08629104301047183
4.966 0.05636584168090034 0.1155411490585309 0.05749485087177526 0.2017974512413742 -0.001129009190874912 -0.08625630218284329
4.968 0.05647671763042234 0.1149265482263081 0.05760481813471263 0.2011481375388339 -0.001128100504290293 -0.08622158931252574
4.97 0.05661459174179697 0.1143004049363652 0.05774178465603769 0.2004873093021562 -0.001127192914240727 -0.08618690436579095
4.972 0.05677951732654211 0.1136643688554267 0.05790580374550484 0.1998166161643918 -0.001126286418962737 -0.08615224730896502
4.974 0.05697141659259459 0.113019950030125 0.05809679760929098 0.1991375681385531 -0.001125381016696387 -0.08611761810842811
4.976 0.05719010679939687 0.1123685063242446 0.05831458350508215 0.198451523054859 -0.001124476705685276 -0.08608301673061439
4.978 0.05743532790722974 0.1117112340207569 0.05855890139140628 0.1977596771627688 -0.001123573484176532 -0.0860484431420119
4.98 0.0577067715108352 0.111049161897414 0.058829442861256 0.1970630592065765 -0.001122671350420796 -0.08601389730916251
4.982 0.05800411074634605 0.1103831491121481 0.05912588104901827 0.1963625283108098 -0.001121770302672223 -0.08597937919866178
4.984 0.05832703074276131 0.1097138872269051 0.05944790108194978 0.195658776004064 -0.001120870339188468 -0.08594488877715881
4.986 0.05867525906619341 0.1090419066501987 0.05979523052442408 0.1949523326615548 -0.001119971458230676 -0.08591042601135614
4.988 0.05904859549036285 0.1083675876872374 0.06016766914842633 0.1942435785552471 -0.001119073658063479 -0.08587599086800972
4.99 0.05944694033457247 0.1076911762545726 0.06056511727152745 0.1935327595685014 -0.001118176936954984 -0.08584158331392877
4.992 0.05987032055410624 0.1070128041508865 0.060987601847283 0.1928200074668621 -0.001117281293176766 -0.08580720331597559
4.994 0.06031891275905171 0.106332513588269 0.06143529948405557 0.1921053644293346 -0.001116386725003857 -0.08577285084106556
4.996 0.06079306238282094 0.1056502854947389 0.06190855561353568 0.1913888113509059 -0.001115493230714742 -0.08573852585616697
4.998 0.06129329832292926 0.1049660709165803 0.0624078991315206 0.1906702992448813 -0.001114600808591349 -0.08570422832830098
5 0.06182034252956553 0.1042798246958925 0.06293405198648457 0.1899497829204339 -0.001113709456919038 -0.08566995822454139
5.002 0.06237511421166029 0.1035915404907793 0.06348793338564689 0.189227256002794 -0.001112819173986597 -0.08563571551201471
5.004 0.06295872854995033 0.102901286154596 0.06407065850803656 0.1885027863124959 -0.00111192995808623 -0.08560150015789991
5.006 0.06357249003339326 0.1022092385024046 0.0646835318409068 0.187776550631833 -0.001111041807513552 -0.08556731212942835
5.008 0.0642178807491209 0.1015157165669048 0.06532803546968848 0.1870488679607886 -0.001110154720567581 -0.08553315139388375
5.01 0.06489654413841325 0.1008212125754302 0.06600581283396398 0.1863202304940322 -0.001109268695550724 -0.08549901791860198
5.012 0.06561026486729518 0.1001264200511658 0.06671864859806396 0.1855913317221368 -0.001108383730768778 -0.08546491167097101
5.014 0.06636094554032018 0.09943225863919244 0.0674684453648511 0.1848630912576233 -0.001107499824530914 -0.08543083261843082
5.016 0.0671505810062161 0.09873989546305893 0.06825719798136577 0.1841366761915322 -0.001106616975149674 -0.08539678072847327
5.018 0.06798123096688441 0.09805076301217258 0.06908696614782536 0.1834135189808146 -0.001105735180940959 -0.08536275596864198
5.02 0.06885499151388105 0.0973665737293212 0.06995984595410508 0.1826953320358535 -0.001104854440224024 -0.0853287583065323
5.022 0.06977396609010399 0.09668933159924739 0.07087794084142546 0.1819841193090385 -0.001103974751321469 -0.08529478770979107
5.024 0.07074023622252444 0.09602134112594141 0.07184333233508368 0.1812821852720581 -0.001103096112559233 -0.0852608441461167
5.026 0.07175583220793111 0.09536521412548035 0.07285805073019769 0.1805921417087393 -0.00110221852226658 -0.08522692758325892
5.028 0.07282270377049183 0.09472387475390284 0.07392404574926792 0.1799169127429216 -0.001101341978776098 -0.08519303798901876
5.03 0.07394269055896023 0.09410056313954772 0.07504315703938391 0.179259738470796 -0.001100466480423686 -0.08515917533124832
5.032 0.07511749222074428 0.09349883790279997 0.07621708424629282 0.1786241774806509 -0.001099592025548552 -0.08512533957785096
5.034 0.07634863768587009 0.09292257773031258 0.07744735629836329 0.1780141084270934 -0.001098718612493197 -0.08509153069678081
5.036 0.07763745322050976 0.09237598203244438 0.07873529946011318 0.1774337306884874 -0.001097846239603414 -0.08505774865604299
5.038 0.07898502876889969 0.09186357055878427 0.08008200367412797 0.1768875639824776 -0.001096974905228278 -0.08502399342369329
5.04 0.08039218209510313 0.09139018168313463 0.08148828670282326 0.1763804466509729 -0.001096104607720137 -0.08499026496783828
5.042 0.08185942026302706 0.09096096890104861 0.08295465560846166 0.1759175321576836 -0.001095235345434604 -0.08495656325663496
5.044 0.08338689805442327 0.09058139491448569 0.08448126517115383 0.1755042831727766 -0.001094367116730553 -0.08492288825829089
5.046 0.08497437302059044 0.09025722251340075 0.08606787294056055 0.1751464624544647 -0.001093499919970106 -0.08488923994106394
5.048 0.08662115699617638 0.08999450130701225 0.08771379074969501 0.1748501195802745 -0.001092633753518631 -0.08485561827326227
5.05 0.08832606407379247 0.08979954921301807 0.08941783268953719 0.1746215724362623 -0.001091768615744728 -0.08482202322324421
5.052 0.09008735524802584 0.08967892748698669 0.09117825975304607 0.1744673822464048 -0.001090904505020225 -0.08478845475941812
5.054 0.0919026801896044 0.08963940797387401 0.09299272160932458 0.1743943208241164 -0.001090041419720173 -0.08475491285024236
5.056 0.09376901690514051 0.08968793119887861 0.09485819626336335 0.1744093286631037 -0.001089179358222831 -0.08472139746422513
5.058 0.09568261037562747 0.08983155389716777 0.09677092869453714 0.1745194624670922 -0.001088318318909665 -0.08468790856992439
5.06 0.09763891164423147 0.09007738462563189 0.09872636994439681 0.1747318307615797 -0.001087458300165338 -0.08465444613594783
5.062 0.0996325192354765 0.09043250622069876 0.1007191185358542 0.1750535163516514 -0.001086599300377701 -0.08462101013095261
5.064 0.1016571252216681 0.09090388408175684 0.1027428665396059 0.1754914846054023 -0.001085741317937788 -0.08458760052364547
5.066 0.1037054686914148 0.09149825958734605 0.1047903530426546 0.1760524768701285 -0.001084884351239807 -0.08455421728278249
5.068 0.1057692997954552 0.09222202840702828 0.1068533281941363 0.1767428887841973 -0.001084028398681134 -0.08452086037716899
5.07 0.1078393579141862 0.0930811040675831 0.1089225313728484 0.1775686338432426 -0.001083173458662301 -0.08448752977565949
5.072 0.1099053677692755 0.09408076787305977 0.1109876872988625 0.1785349933202174 -0.001082319529586996 -0.08445422544715764
5.074 0.1119560574429107 0.09522550715941265 0.1130375240527727 0.1796464545200287 -0.00108146660986205 -0.08442094736061602
5.076 0.1139792022201817 0.09651884486694293 0.1150598169180791 0.1809065403519791 -0.001080614697897429 -0.08438769548503613
5.078 0.1159616978811409 0.0979631645017869 0.1170414616732471 0.1823176342912551 -0.00107976379210623 -0.08435446978946824
5.08 0.1178896664918913 0.09955953567622614 0.118968580382796 0.1838808059192375 -0.001078913890904673 -0.08432127024301139
5.082 0.1197485968420149 0.1013075464911185 0.120826661834727 0.1855956433059316 -0.001078064992712093 -0.08428809681481315
5.084 0.1215235204314029 0.1032051499574978 0.1226007375273538 0.1874600994315674 -0.001077217095950929 -0.08425494947406961
5.086 0.1231992223353339 0.1052485323414891 0.1242755925343806 0.1894703605315144 -0.001076370199046725 -0.0842218281900253
5.088 0.1247604844170143 0.1074320116424038 0.1258360087174424 0.1916207445743769 -0.001075524300428115 -0.08418873293197304
5.09 0.1261923562979846 0.1097479742705562 0.1272670356965114 0.1939036379398101 -0.001074679398526818 -0.08415566366925392
5.092 0.1274804473659001 0.1121868572931634 0.1285542828576778 0.1963094776644205 -0.001073835491777634 -0.08412262037125709
5.094 0.1286112310576403 0.1147371823126446 0.1296842236362587 0.1988267853200644 -0.001072992578618431 -0.0840896030074198
5.096 0.1295723508899647 0.117385645132496 0.1306445015474549 0.2014422566797232 -0.001072150657490143 -0.0840566115472272
5.098 0.1303529164137387 0.1201172629168307 0.1314242261405754 0.204140908877043 -0.00107130972683676 -0.08402364596021231
5.1 0.1309437766170661 0.1229155776894703 0.1320142464021715 0.2069062839054262 -0.00107046978510532 -0.08399070621595586
5.102 0.1313377584334923 0.1257629119391351 0.1324073892642382 0.2097207042232213 -0.001069630830745905 -0.08395779228408627
5.104 0.1315298589959253 0.1286406690393186 0.1325986518581369 0.2125655731735981 -0.001068792862211632 -0.08392490413427957
5.106 0.1315173821048238 0.1315296684160791 0.1325853379827825 0.2154217101523383 -0.001067955877958646 -0.08389204173625919
5.108 0.1313000119529085 0.1344105031593884 0.1323671318293546 0.2182697082191844 -0.001067119876446111 -0.08385920505979595
5.11 0.1308798202864787 0.1372639062916 0.1319461051426149 0.221090300366308 -0.001066284856136207 -0.08382639407470799
5.112 0.130261206637572 0.1400711113260287 0.1313266574530662 0.2238647200768893 -0.00106545081549412 -0.08379360875086063
5.114 0.1294507747464831 0.1428141931285746 0.1305153924994711 0.2265750421867409 -0.001064617752988035 -0.08376084905816632
5.116 0.1284571515209525 0.1454763763985191 0.1295209371880416 0.2292044913651035 -0.00106378566708913 -0.08372811496658443
5.118 0.1272907575885289 0.1480423011795076 0.1283537121448005 0.231737707625629 -0.001062954556271568 -0.08369540644612133
5.12 0.1259635404952063 0.1504982374942155 0.1270256649142188 0.2341609609610457 -0.001062124419012493 -0.08366272346683025
5.122 0.1244886827693052 0.1528322442183241 0.1255499780230972 0.2364623102171351 -0.001061295253792019 -0.08363006599881107
5.124 0.1228802973771662 0.1550342704057673 0.1239407644362594 0.2386317044179777 -0.001060467059093222 -0.08359743401221031
5.126 0.121153122602527 0.1570962002018137 0.1222127624359291 0.2406610276790348 -0.001059639833402141 -0.08356482747722113
5.128 0.1193222272077163 0.1590118450311945 0.1203810407829241 0.2425440913952776 -0.001058813575207761 -0.0835322463640831
5.13 0.1174027350528388 0.1607768887798525 0.1184607233358409 0.2442765794229347 -0.001057988283002016 -0.08349969064308217
5.132 0.1154095763507989 0.162388793123746 0.1164667403060787 0.2458559534082966 -0.001057163955279772 -0.08346716028455058
5.134 0.1133572706095987 0.1638466709839734 0.1144136112001375 0.2472813262428401 -0.001056340590538826 -0.08343465525886669
5.136 0.1112597442282925 0.1651511363436842 0.1123152624155724 0.2485533118801393 -0.001055518187279903 -0.08340217553645511
5.138 0.109130183803854 0.1663041384294507 0.1101848805478607 0.2496738595172371 -0.001054696744006639 -0.08336972108778634
5.14 0.1069809245662953 0.1673087876435079 0.1080348008255209 0.2506460795268848 -0.001053876259225583 -0.08333729188337685
5.142 0.1048233720437005 0.1681691797459657 0.1058764287751466 0.2514740676397546 -0.001053056731446184 -0.08330488789378893
5.144 0.1026679540849134 0.1688902237382315 0.1037201922440942 0.2521627328278622 -0.001052238159180791 -0.08327250908963063
5.146 0.100524099722381 0.1694774777885914 0.1015755202633256 0.252717633230147 -0.00105142054094464 -0.08324015544155562
5.148 0.09840024100932428 0.1699369964469949 0.09945084488458013 0.2531448233672582 -0.001050603875255849 -0.08320782692026323
5.15 0.09630383386759578 0.1702751913783684 0.0973536220282312 0.2534507148748666 -0.001049788160635413 -0.08317552349649814
5.152 0.09424139408239147 0.1704987069420355 0.09529036747799867 0.253641952083086 -0.001048973395607198 -0.08314324514105051
5.154 0.09221854482634337 0.1706143111805981 0.0932667044050413 0.2537253030053539 -0.001048159578697929 -0.0831109918247558
5.156 0.09024007244029475 0.1706288021624146 0.09128741914873194 0.2537075656809092 -0.00104734670843719 -0.08307876351849464
5.158 0.08830998759838199 0.1705489291440878 0.0893565223817394 0.2535954893372805 -0.001046534783357412 -0.08304656019319279
5.16 0.08643158940812144 0.1703813276715383 0.08747731321011532 0.2533957094913594 -0.001045723801993871 -0.08301438181982115
5.162 0.08460753041588974 0.1701324675044775 0.08565244417877442 0.2531146958738729 -0.001044913762884677 -0.08298222836939542
5.164 0.08283988088440664 0.169808612111262 0.0838839855489774 0.2527587119242383 -0.001044104664570771 -0.0829500998129763
5.166 0.08113019107084581 0.1694157884206017 0.08217348757644172 0.2523337845422709 -0.001043296505595915 -0.08291799612166917
5.168 0.07947955055440276 0.1689597655160132 0.08052203983890945 0.2518456827826374 -0.001042489284506689 -0.08288591726662417
5.17 0.07788864393719504 0.1684460410023803 0.07893032693704752 0.2512999042214163 -0.001041682999852484 -0.08285386321903604
5.172 0.07635780247327204 0.1678798338479014 0.07739868012345752 0.2507016677980454 -0.001040877650185491 -0.08282183395014397
5.174 0.074887051369726 0.1672660825979932 0.0759271246037867 0.2500559120292249 -0.001040073234060699 -0.08278982943123167
5.176 0.07347615265420095 0.1666094479610318 0.07451542240423684 0.249367297594659 -0.00103926975003589 -0.08275784963362719
5.178 0.07212464362009199 0.1659143188724569 0.07316311081676362 0.2486402134011597 -0.001038467196671626 -0.08272589452870278
5.18 0.07083187094897352 0.1651848212485509 0.07186953652150477 0.2478787853364258 -0.001037665572531249 -0.08269396408787494
5.182 0.06959702067338336 0.1644248287403086 0.07063388554956423 0.2470868870229128 -0.001036864876180871 -0.0826620582826042
5.184 0.06841914418749076 0.1636379748890424 0.06945520929368013 0.2462681519734375 -0.001036065106189368 -0.08263017708439513
5.186 0.06729718054217541 0.1628276661673811 0.06833244680330379 0.2454259866321773 -0.001035266261128376 -0.08259832046479625
5.188 0.06622997527819938 0.161997095461246 0.06726444361777166 0.2445635838566459 -0.001034468339572281 -0.08256648839539987
5.19 0.06521629606005351 0.161149255610496 0.06624996740015172 0.2436839364583381 -0.001033671340098214 -0.08253468084784206
5.192 0.06425484537669386 0.1602869526786423 0.06528772063797991 0.2427898504724449 -0.001032875261286049 -0.0825028977938026
5.194 0.06334427057574687 0.1594128186660113 0.06437635067746526 0.241883957871016 -0.001032080101718389 -0.0824711392050048
5.196 0.06248317149733371 0.1585293234172143 0.06351445735731427 0.2409687284704299 -0.001031285859980564 -0.08243940505321555
5.198 0.06167010597412239 0.1576387855041976 0.06270059850878301 0.2400464808144427 -0.001030492534660625 -0.08240769531024504
5.2 0.06090359346662009 0.1567433818917271 0.06193329359096943 0.239119391839674 -0.001029700124349337 -0.08237600994794692
5.202 0.06018211710835632 0.1558451562148795 0.0612110257359965 0.2381895051530975 -0.001028908627640171 -0.08234434893821801
5.204 0.05950412444504194 0.1549460255198287 0.06053224248817124 0.237258737772827 -0.001028118043129303 -0.08231271225299833
5.206 0.05886802716502741 0.1540477853416698 0.05989535553444301 0.2363288852059408 -0.0010273283694156 -0.08228109986427097
5.208 0.05827220013537191 0.1531521130186301 0.05929873974047253 0.2354016247626921 -0.001026539605100621 -0.08224951174406205
5.21 0.05771498007749865 0.152260569172528 0.05874073182628725 0.2344785170369686 -0.001025751748788606 -0.08221794786444059
5.212 0.05719466423760914 0.151374597323165 0.05821962903669561 0.2335610055206834 -0.001024964799086473 -0.08218640819751843
5.214 0.05670950942719916 0.150495521650721 0.05773368818180297 0.2326504143661712 -0.00102417875460381 -0.08215489271545021
5.216 0.05625773182567072 0.1496245429768428 0.05728112543962359 0.231747944367276 -0.001023393613952868 -0.08212340139043323
5.218 0.05583750794659238 0.1487627331025675 0.05686011732234094 0.2308546672972748 -0.001022609375748559 -0.08209193419470737
5.22 0.05544697716736345 0.1479110277188049 0.0564688032059719 0.2299715188193599 -0.001021826038608444 -0.08206049110055501
5.222 0.05508424620468685 0.1470702181915154 0.05610528980583958 0.2290992902718164 -0.001021043601152732 -0.082029072080301
5.224 0.05474739588093583 0.1462409426158089 0.0557676579429401 0.2282386197221214 -0.001020262062004271 -0.08199767710631246
5.226 0.05443449046515641 0.1454236766258022 0.05545397188494496 0.2273899827768011 -0.001019481419788544 -0.08196630615099892
5.228 0.05414358978440556 0.1446187245339922 0.05516229145753922 0.2265536837208042 -0.001018701673133661 -0.08193495918681198
5.23 0.05387276418542498 0.1438262114470531 0.05489068700609534 0.2257298476332984 -0.001017922820670353 -0.08190363618624533
5.232 0.05362011228451431 0.1430460770549353 0.05463725714554628 0.2249184141767701 -0.001017144861031969 -0.0818723371218348
5.234 0.05338378127961456 0.1422780718078788 0.05440014907246903 0.2241191337740369 -0.001016367792854466 -0.08184106196615804
5.236 0.0531619894208513 0.1415217561727552 0.05417758103562771 0.2233315668645898 -0.001015591614776404 -0.08180981069183464
5.238 0.05295305005525442 0.1407765035891828 0.05396786638069336 0.2225550868607088 -0.001014816325438944 -0.08177858327152598
5.24 0.05275539649221264 0.1400415076241208 0.05376943841569848 0.2217888873020559 -0.001014041923485837 -0.08174737967793513
5.242 0.05256760679418463 0.139315793652409 0.05358087520174805 0.2210319935362158 -0.001013268407563418 -0.08171619988380675
5.244 0.05238842749809262 0.1385982351762963 0.05340092327441323 0.2202832790382235 -0.001012495776320607 -0.08168504386192713
5.246 0.05221679523081279 0.1378875746518188 0.05322851925922168 0.2195414862369427 -0.001011724028408893 -0.08165391158512392
5.248 0.05205185520751913 0.1371824484309818 0.05306280837000146 0.2188052514572481 -0.001010953162482337 -0.08162280302626625
5.25 0.05189297569859778 0.136481415176425 0.05290315887579534 0.2180731333346896 -0.001010183177197561 -0.08159171815826453
5.252 0.05173975771710591 0.1357829868818492 0.05274917178831966 0.2173436438359196 -0.001009414071213743 -0.0815606569540704
5.254 0.05159203940431757 0.1350856614577065 0.05260068524751019 0.2166152808443831 -0.001008645843192612 -0.08152961938667666
5.256 0.05144989485909305 0.1343879557341372 0.0524577733508915 0.2158865611632544 -0.001007878491798443 -0.08149860542911716
5.258 0.05131362744612852 0.1336884377028817 0.05232073946182657 0.2151560527573484 -0.001007112015698049 -0.08146761505446677
5.26 0.05118375790430794 0.1329857568698219 0.05219010431786872 0.2144224051056632 -0.001006346413560777 -0.08143664823584131
5.262 0.05106100783563068 0.1322786717147427 0.05206658951968918 0.2136843766611401 -0.0010055816840585 -0.08140570494639737
5.264 0.05094627936694159 0.1315660734424959 0.0519510971928072 0.2129408586018282 -0.001004817825865616 -0.08137478515933233
5.266 0.05084063192595183 0.1308470054419386 0.05184468676361086 0.2121908942898229 -0.001004054837659036 -0.08134388884788434
5.268 0.05074525715168157 0.1301206781242305 0.05174854986979975 0.2114336941095625 -0.001003292718118182 -0.08131301598533201
5.27 0.05066145296687242 0.1293864790686129 0.0516639844327974 0.2106686456136075 -0.001002531465924981 -0.08128216654499461
5.272 0.05059059778216612 0.128643978641816 0.05159236886192999 0.2098953191420478 -0.001001771079763859 -0.08125134050023179
5.274 0.05053412569027725 0.1278929314605581 0.05153513724859899 0.2091134692850017 -0.001001011558321736 -0.08122053782444363
5.276 0.05049350335775775 0.1271332742246543 0.05149375625804577 0.2083230327157248 -0.001000252900288018 -0.0811897584910705
5.278 0.05047020914836541 0.1263651205558735 0.05146970425272 0.2075241230294665 -0.0009994951043545931 -0.08115900247359296
5.28 0.05046571483087384 0.1255887535345262 0.05146445300008967 0.2067170232800579 -0.0009987381692158263 -0.08112826974553175
5.282 0.05048147004891357 0.1248046166363101 0.05147945214248212 0.2059021769167578 -0.0009979820935685536 -0.08109756028044769
5.284 0.05051888957149313 0.124013303743376 0.0515161164476052 0.2050801777953176 -0.000997226876112075 -0.0810668740519416
5.286 0.05057934320725156 0.1232155488445911 0.05157581572279971 0.2042517598782453 -0.0009964725155481506 -0.0810362110336542
5.288 0.05066414815697542 0.1224122159601189 0.05165986716755641 0.2034177871593849 -0.0009957190105809937 -0.08100557119926606
5.29 0.0507745634982841 0.1216042897336528 0.05176952985820137 0.2025792442561504 -0.0009949663599172669 -0.08097495452249756
5.292 0.05091178644215762 0.1207928670392672 0.0519060010044237 0.2017372280163759 -0.0009942145622660748 -0.08094436097710873
5.294 0.05107694997012337 0.119979149855233 0.05207041358646233 0.2008929403921323 -0.0009934636163389597 -0.08091379053689926
5.296 0.05127112144940182 0.1191644395686465 0.05226383497025171 0.2000476827443549 -0.0009927135208498948 -0.08088324317570836
5.298 0.05149530182690065 0.1183501327947636 0.05248726610141593 0.1992028516621783 -0.0009919642745152809 -0.08085271886741473
5.3 0.05175042501738263 0.117537718724998 0.05274164089343656 0.1983599363109344 -0.0009912158760539377 -0.08082221758593645
5.302 0.05203735712268924 0.1167287779577617 0.05302782544687634 0.1975205172629926 -0.0009904683241871016 -0.08079173930523097
5.304 0.05235689514452042 0.1159249827155158 0.05334661676215884 0.1966862667148107 -0.0009897216176384179 -0.0807612839992949
5.306 0.05270976488048231 0.1151280983086036 0.05369874063561625 0.1958589499507677 -0.0009889757551339369 -0.08073085164216413
5.308 0.05309661772041689 0.1143399856694837 0.054084848455819 0.1950404278773973 -0.0009882307354021076 -0.08070044220791363
5.31 0.05351802608636939 0.1135626047483419 0.05450551264354317 0.1942326604189992 -0.0009874865571737716 -0.08067005567065733
5.312 0.05397447728489391 0.1127980185304099 0.05496122050407606 0.1934377105349581 -0.0009867432191821594 -0.08063969200454817
5.314 0.05446636556494382 0.112048397405285 0.0554523662851067 0.192657748589063 -0.0009860007201628843 -0.08060935118377796
5.316 0.05499398219924778 0.1113160235874732 0.05597924125810172 0.1918950567700506 -0.0009852590588539367 -0.08057903318257735
5.318 0.05555750343328843 0.1106032952539599 0.05654202166728411 0.1911520332291755 -0.0009845182339956787 -0.08054873797521568
5.32 0.05615697617538377 0.1099127300282394 0.05714075441971461 0.1904311955642403 -0.0009837782443308388 -0.08051846553600096
5.322 0.05679230133596457 0.1092469674005431 0.05777534042456908 0.189735183239823 -0.0009830390886045079 -0.08048821583927987
5.324 0.05746321476646943 0.1086087696310502 0.05844551553203356 0.1890667584904877 -0.0009823007655641314 -0.08045798885943746
5.326 0.0581692658007367 0.1080010206376698 0.05915082907469621 0.1884288052085672 -0.0009815632739595059 -0.08042778457089736
5.328 0.05890979346692989 0.1074267223241732 0.05989062007947266 0.1878243252722948 -0.0009808266125427736 -0.08039760294812151
5.33 0.0596839005188684 0.1068889877602538 0.06066399129893681 0.1872564317258639 -0.0009800907800684168 -0.08036744396561017
5.332 0.0604904255342916 0.1063910305861852 0.06146978130958486 0.186728338184087 -0.000979355775293252 -0.08033730759790185
5.334 0.0613279134460251 0.1059361499856629 0.06230653504300153 0.1862433438052361 -0.000978621596976426 -0.08030719381957316
5.336 0.06219458501186472 0.1055277105565671 0.06317247325574413 0.185804813161806 -0.0009778882438794087 -0.08027710260523886
5.338 0.06308830589000243 0.1051691164179821 0.06406546160476842 0.1854161503475338 -0.0009771557147659909 -0.08024703392955168
5.34 0.06400655616741222 0.1048637789305811 0.0649829801758145 0.1850807666977834 -0.0009764240084022758 -0.08021698776720236
5.342 0.06494640138552192 0.1046150774851837 0.0659220945090786 0.1848020415781031 -0.000975693123556676 -0.08018696409291942
5.344 0.06590446631390438 0.1044263129401605 0.06687942937290429 0.1845832758216297 -0.0009749630589999068 -0.08015696288146926
5.346 0.06687691292890242 0.104300653471238 0.0678511467424074 0.184427637578894 -0.000974233813504983 -0.08012698410765598
5.348 0.06785942424710288 0.1042410728446932 0.0688329296329501 0.1843381005910145 -0.0009735053858472119 -0.08009702774632137
5.35 0.06884719582570599 0.1042502814421504 0.06981997360051018 0.1843173752144952 -0.0009727777748041887 -0.08006709377234475
5.352 0.06983493685202151 0.1043306507532326 0.0708069878311773 0.1843678329138756 -0.0009720509791557918 -0.08003718216064304
5.354 0.07081688277898587 0.1044841325065964 0.07178820777667005 0.184491425392767 -0.0009713249976841774 -0.08000729288617056
5.356 0.07178682139659479 0.1047121741184032 0.07275742122576856 0.1846896000423222 -0.0009705998291737749 -0.07997742592391904
5.358 0.07273813403503315 0.1050156326790097 0.07370800950744444 0.1849632139279272 -0.0009698754724112798 -0.0799475812489175
5.36 0.07366385325285989 0.1053946902429555 0.07463300517904554 0.1853124490791877 -0.0009691519261856517 -0.0799177588362322
5.362 0.07455673785730532 0.1058487736935148 0.07552516704659343 0.1857367323544814 -0.0009684291892881069 -0.07988795866096661
5.364 0.07540936542992895 0.1063764828718311 0.07637707269044106 0.1862346635700923 -0.0009677072605121146 -0.07985818069826127
5.366 0.07621424170119009 0.1069755309376059 0.07718122783984349 0.1868039558608997 -0.0009669861386533906 -0.07982842492329374
5.368 0.07696392516108944 0.1076427010076479 0.07793019098359932 0.1874413923189265 -0.0009662658225098936 -0.07979869131127861
5.37 0.07765116425951828 0.1083738229501885 0.07861671057040009 0.1881428027876558 -0.0009655463108818202 -0.07976897983746731
5.372 0.078269043508872 0.1091637737602648 0.0792338711114436 0.1889030642374129 -0.0009648276025715984 -0.07973929047714809
5.374 0.07881113383722661 0.1100065041880864 0.0797752435336105 0.1897161273937324 -0.000964109696383884 -0.07970962320564604
5.376 0.07927164174707305 0.1108950932496483 0.0802350343381986 0.1905750712479712 -0.0009633925911255552 -0.07967997799832283
5.378 0.07964555130578646 0.1118218309605601 0.08060822759139216 0.1914721857911369 -0.0009626762856057076 -0.07965035483057685
5.38 0.07992875281017209 0.1127783281756321 0.08089071358880774 0.1923990818534751 -0.0009619607786356499 -0.07962075367784301
5.382 0.08011815218498379 0.1137556508919682 0.08107939825401268 0.1933468254075608 -0.0009612460690288973 -0.07959117451559269
5.384 0.08021175581561672 0.1147444749062783 0.08117228797121789 0.194306092225612 -0.0009605321556011682 -0.07956161731933369
5.386 0.08020872655734523 0.1157352554366564 0.08116854559451561 0.1952673375012666 -0.0009598190371703795 -0.07953208206461021
5.388 0.08010940804356451 0.1167184053455167 0.08106851475612115 0.1962209740725194 -0.0009591067125566397 -0.07950256872700269
5.39 0.07991531603101114 0.1176844750294358 0.08087371121159338 0.1971575523115636 -0.0009583951805822462 -0.0794730772821278
5.392 0.07962909724030023 0.1186243269301478 0.08058678168037191 0.1980679346357861 -0.0009576844400716788 -0.07944360770563835
5.394 0.07925445783244912 0.1195292979800791 0.08021143232230073 0.1989434579533024 -0.0009569744898515965 -0.07941415997322326
5.396 0.07879606516770846 0.1203913440900451 0.07975233049645929 0.1997760781506526 -0.0009562653287508313 -0.07938473406060748
5.398 0.07825942770477728 0.1212031619365076 0.07921498466037767 0.2005584918800594 -0.0009555569556003834 -0.07935532994355182
5.4 0.07765075873327412 0.1219582847010309 0.07860560810250754 0.2012842322988839 -0.0009548493692334164 -0.07932594759785305
5.402 0.07697683004865058 0.12265114992856 0.07793097261713583 0.2019477369279038 -0.0009541425684852548 -0.07929658699934378
5.404 0.07624482167882578 0.1232771391752538 0.07719825823101915 0.2025443872991461 -0.0009534365521933757 -0.07926724812389234
5.406 0.07546217339671819 0.1238325904963557 0.0764149047159156 0.2030705214437583 -0.0009527313191974057 -0.07923793094740268
5.408 0.07463644307287684 0.1243147859906093 0.07558846994121596 0.2035234214364237 -0.000952026868339116 -0.07920863544581447
5.41 0.07377517602689421 0.124721917510669 0.07472649922535662 0.2039012791057719 -0.0009513231984624191 -0.07917936159510289
5.412 0.07288578852032604 0.1250530342428494 0.0738364088287394 0.2042031436141281 -0.000950620308413361 -0.07915010937127862
5.414 0.0719754674871227 0.1253079761586616 0.07292538568416282 0.2044288549090494 -0.0009499181970401188 -0.07912087875038773
5.416 0.0710510875977558 0.1254872973724933 0.07200030446094879 0.2045789670810049 -0.0009492168631929943 -0.07909166970851166
5.418 0.0701191458593797 0.125592183249518 0.07106766216510411 0.2046546654712852 -0.0009485163057244125 -0.07906248222176718
5.42 0.06918571320479917 0.125624364749542 0.07013352972828808 0.2046576810158483 -0.0009478165234889127 -0.07903331626630626
5.422 0.06825640193789974 0.1255860330214634 0.06920351945324288 0.2045902048397794 -0.0009471175153431466 -0.079004171818316
5.424 0.06733634748525105 0.1254797567317942 0.06828276676539692 0.2044548055858129 -0.0009464192801458723 -0.07897504885401865
5.426 0.06643020264215629 0.1253084040642691 0.06737592445891424 0.2042543514139406 -0.0009457218167579517 -0.07894594734967147
5.428 0.06554214237793862 0.125075070801231 0.06648716750198097 0.2039919380827976 -0.0009450251240423423 -0.07891686728156667
5.43 0.06467587725552494 0.1247830154169407 0.06562020645638904 0.2036708240429721 -0.0009443292008640961 -0.07888780862603141
5.432 0.06383467359809306 0.1244356016942342 0.06477830764418341 0.2032943730536618 -0.0009436340460903524 -0.07885877135942761
5.434 0.06302137867614185 0.124036249026932 0.06396431833473219 0.2028660044850841 -0.0009429396585903356 -0.07882975545815206
5.436 0.06223844936899019 0.1235883902925319 0.06318069540622553 0.2023891511911682 -0.0009422460372353483 -0.0788007608986362
5.438 0.06148798295610565 0.1230954369695835 0.06242953613700442 0.2018672246269296 -0.000941553180898768 -0.07877178765734615
5.44 0.06077174890070692 0.1225607510250766 0.06171260998916296 0.2013035867358591 -0.0009408610884560413 -0.07874283571078254
5.442 0.06009122068935017 0.1219876230009332 0.06103139044813486 0.2007015280364138 -0.0009401697587846824 -0.07871390503548065
5.444 0.05944760697844713 0.121379255676003 0.06038708616921139 0.2000642512840131 -0.0009394791907642647 -0.07868499560801011
5.446 0.05884188146696596 0.1207387526619095 0.05978067085024238 0.1993948600668845 -0.0009387893832764183 -0.07865610740497499
5.448 0.05827481106144166 0.1200691112992995 0.05921291139664649 0.1986963517023131 -0.000938100335204825 -0.07862724040301364
5.45 0.05774698202380171 0.119373219248049 0.05868439406923693 0.1979716138268478 -0.0009374120454352149 -0.07859839457879877
5.452 0.0572588238950638 0.1186538542043916 0.05819554840791916 0.1972234241134288 -0.0009367245128553597 -0.07856956990903724
5.454 0.05681063107033525 0.1179136862247652 0.05774666880669032 0.1964544525952353 -0.0009360377363550703 -0.07854076637047004
5.456 0.05640258196433982 0.1171552821859828 0.05733793367916601 0.195667266125855 -0.0009353517148261905 -0.07851198393987224
5.458 0.05603475575461535 0.1163811119611698 0.05696942220177794 0.1948643345552228 -0.0009346664471625949 -0.07848322259405298
5.46 0.05570714672363865 0.11559355593821 0.05664112865589883 0.1940480382480652 -0.000933981932260182 -0.07845448230985527
5.462 0.05541967624411415 0.1147949135507624 0.05635297441313102 0.1932206766149185 -0.0009332981690168705 -0.07842576306415609
5.464 0.05517220246537476 0.1139874125297046 0.05610481762170735 0.1923844773635709 -0.000932615156332596 -0.07839706483386623
5.466 0.05496452776567801 0.1131732186147114 0.05589646065878732 0.1915416062106416 -0.0009319328931093056 -0.07836838759593022
5.468 0.05479640403695942 0.1123544454911694 0.05572765541521037 0.1906941768184957 -0.0009312513782509531 -0.07833973132732634
5.47 0.05466753586695136 0.1115331647363016 0.05559810647761486 0.189844260741368 -0.0009305706106634957 -0.07831109600506647
5.472 0.05457758168029795 0.1107114155705396 0.05550747226955284 0.1889938971767357 -0.0009298905892548878 -0.07828248160619609
5.474 0.05452615289685155 0.1098912142160623 0.05545536420978663 0.1881451023238566 -0.0009292113129350801 -0.07825388810779428
5.476 0.05451281116308 0.1090745626639678 0.05544134394369601 0.1872998781509412 -0.0009285327806160107 -0.07822531548697345
5.478 0.05453706371300925 0.1082634566455883 0.05546491870422085 0.1864602203664678 -0.0009278549912116043 -0.07819676372087951
5.48 0.05459835691968189 0.1074598925925877 0.05552553486331965 0.1856281253792794 -0.0009271779436377656 -0.07816823278669163
5.482 0.05469606810813551 0.1066658733552121 0.05562256974494788 0.1848055960168345 -0.0009265016368123777 -0.07813972266162238
5.484 0.05482949571783151 0.1058834124298015 0.0557553217874868 0.1839946457527189 -0.0009258260696552939 -0.0781112333229174
5.486 0.05499784792762402 0.10511453642679 0.05592299916871236 0.1831973011746457 -0.0009251512410883368 -0.07808276474785562
5.488 0.05520022989109406 0.1043612854903829 0.05612470704112935 0.1824156024041319 -0.000924477150035292 -0.07805431691374896
5.49 0.05543562977548459 0.1036257113634628 0.0563594335709065 0.1816516011614053 -0.0009238037954219056 -0.07802588979794249
5.492 0.0557029038544132 0.1029098727787725 0.05662603503058908 0.1809073561565866 -0.0009231311761758775 -0.07799748337781413
5.494 0.05600076097347895 0.1022158278530124 0.05692322026470582 0.1801849254837872 -0.0009224592912268593 -0.07796909763077484
5.496 0.05632774678848534 0.1015456231684451 0.05724953492799179 0.1794863557027134 -0.0009217881395064485 -0.07794073253426832
5.498 0.05668222826715745 0.1009012792510963 0.05760334598710563 0.1788136673168675 -0.0009211177199481863 -0.07791238806577121
5.5 0.05706237904460323 0.1002847722002572 0.05798282707609079 0.1781688364030499 -0.0009204480314875504 -0.07788406420279273
5.502 0.05746616632652645 0.09969801129575614 0.05838594539958841 0.177553772218631 -0.0009197790730619535 -0.07785576092287488
5.504 0.05789134013664029 0.09914281251185102 0.05881045098025103 0.1769702907154433 -0.0009191108436107376 -0.0778274782035923
5.506 0.05833542579856054 0.09862086800313426 0.05925386914063571 0.1764200840256863 -0.00091844334207517 -0.07779921602255209
5.508 0.05879572061792765 0.09813371180097485 0.05971349718532609 0.1759046861583688 -0.0009177765673984398 -0.07777097435739394
5.51 0.05926929577624469 0.09768268216856499 0.06018640629477034 0.1754254353543549 -0.0009171105185256527 -0.07774275318578994
5.512 0.05975300445125922 0.09726888130520177 0.06066944964566305 0.1749834337906463 -0.0009164451944038276 -0.07771455248544458
5.514 0.06024349712610006 0.09689313335873961 0.06115927772008195 0.1745795055928342 -0.0009157805939818918 -0.07768637223409464
5.516 0.06073724492791661 0.09655594198711193 0.06165236164412729 0.1742141543966212 -0.0009151167162106782 -0.07765821240950924
5.518 0.061230571636084 0.09625744898792871 0.06214502519612691 0.1738875219774184 -0.0009144535600429192 -0.07763007298948965
5.52 0.06171969471352811 0.09599739576732191 0.06263348583796136 0.1735993497191912 -0.0009137911244332438 -0.07760195395186931
5.522 0.0622007753422344 0.09577508961897542 0.06311390475057257 0.1733489448934891 -0.0009131294083381729 -0.0775738552745137
5.524 0.06266997699390212 0.0955893769028692 0.06358244540461823 0.1731351538381896 -0.0009124684107161167 -0.07754577693532044
5.526 0.06312353155681477 0.09543862522241441 0.06403533968734214 0.1729563441346335 -0.0009118081305273685 -0.07751771891221905
5.528 0.06355781149865558 0.09532071657385675 0.06446896006538969 0.1728103977570277 -0.0009111485667341014 -0.07748968118317094
5.53 0.06396940601057659 0.09523305316637276 0.06487989572887695 0.1726947168925422 -0.0009104897183003644 -0.07746166372616947
5.532 0.06435519859569284 0.09517257718036115 0.06526503017988493 0.1726062436996009 -0.0009098315841920792 -0.07743366651923972
5.534 0.06471244318434635 0.09513580515508259 0.06562161734772338 0.1725414946955212 -0.0009091741633770346 -0.0774056895404386
5.536 0.06503883562633196 0.0951188770020204 0.06594735308115685 0.172496609769875 -0.0009085174548248827 -0.07737773276785462
5.538 0.06533257736559538 0.09511761887037119 0.06624043882310252 0.1724674150499791 -0.0009078614575071353 -0.07734979617960792
5.54 0.06559242827056296 0.09512761830297438 0.06649963444096012 0.1724494980568247 -0.0009072061703971611 -0.07732187975385034
5.542 0.06581774597872245 0.09514430938011177 0.06672429757119262 0.1724382928488769 -0.0009065515924701791 -0.07729398346876511
5.544 0.06600850970056886 0.09516306492144418 0.06691440742327212 0.1724291722240111 -0.0009058977227032559 -0.07726610730256693
5.546 0.06616532717670701 0.09517929236227382 0.06707057173678231 0.1724175435957758 -0.0009052445600753023 -0.07723825123350195
5.548 0.06628942433534478 0.09518852968403546 0.06719401643891185 0.1723989449238831 -0.0009045921035670691 -0.07721041523984767
5.55 0.06638261808540863 0.09518653778384464 0.06728655843756977 0.1723691370837575 -0.0009039403521611413 -0.07718259929991284
5.552 0.06644727352886903 0.09516938591315088 0.06735056283371096 0.1723241893051883 -0.0009032893048419372 -0.07715480339203745
5.554 0.06648624761507703 0.09513352727612179 0.06738888657567273 0.1722605547707145 -0.0009026389605957015 -0.07712702749459271
5.556 0.06650282183342658 0.09507586250817479 0.06740481115183708 0.1721751340941557 -0.000901989318410504 -0.07709927158598093
5.558 0.06650062691100962 0.09499378949394931 0.06740196728828586 0.1720653251385847 -0.0009013403772762332 -0.07707153564463544
5.56 0.06648356263390451 0.09488523876488662 0.06738425477008911 0.1719290584139073 -0.0009006921361845939 -0.07704381964902064
5.562 0.06645571585116963 0.09474869447428606 0.06735576044529874 0.1717648180519179 -0.0009000445941291027 -0.07701612357763184
5.564 0.06642127947556614 0.09458320162555769 0.06732067722567123 0.171571649034553 -0.0008993977501050852 -0.0769884474089953
5.566 0.0663844749044482 0.0943883607847365 0.06728322650755787 0.1713491519064046 -0.0008987516031096706 -0.07696079112166809
5.568 0.06634947979598999 0.09416431191503802 0.06724758594813177 0.1710974666092761 -0.0008981061521417877 -0.07693315469423806
5.57 0.06632036259940034 0.09391170921985693 0.0672178239956025 0.1708172473251807 -0.0008974613962021626 -0.07690553810532379
5.572 0.0663010246988739 0.09363168897667168 0.06719784203316721 0.1705096303102463 -0.0008968173342933144 -0.07687794133357459
5.574 0.06629515052796785 0.09332583230490327 0.0671913244933874 0.1701761966625736 -0.0008961739654195502 -0.07685036435767034
5.576 0.06630616557262974 0.09299612466065962 0.0672016968612167 0.1698189318169811 -0.0008955312885869614 -0.07682280715632148
5.578 0.06633720182552094 0.09264491361908381 0.06723209112832436 0.1694401833273528 -0.0008948893028034213 -0.076795269708269
5.58 0.06639106999040477 0.09227486621958911 0.06728531799748334 0.1690426182118734 -0.0008942480070785809 -0.07676775199228433
5.582 0.06647023756391149 0.0918889268374157 0.06736384496433535 0.168629180824585 -0.0008936074004238635 -0.07674025398716933
5.584 0.06657681183761861 0.09149027622958576 0.06746977931947108 0.1682030519013419 -0.0008929674818524624 -0.07671277567175615
5.586 0.06671252685674403 0.09108229210271016 0.06760485510712337 0.1677676091276174 -0.0008923282503793363 -0.07668531702490727
5.588 0.06687873343139453 0.09066851127793245 0.06777042313641574 0.1673263893034479 -0.000891689705021207 -0.07665787802551545
5.59 0.06707639141002714 0.0902525932941588 0.06796744325482369 0.1668830519466624 -0.000891051844796553 -0.07663045865250356
5.592 0.06730606358088323 0.08983828510061091 0.06819647824960884 0.1664413439854356 -0.0008904146687256088 -0.07660305888482467
5.594 0.06756791075470801 0.08942938634752497 0.06845768893053837 0.1660050650489868 -0.0008897781758303577 -0.07657567870146186
5.596 0.06786168779136087 0.08902971469165315 0.0687508301564954 0.1655780327730815 -0.0008891423651345321 -0.07654831808142833
5.598 0.06818674055513252 0.08864307049228508 0.06907524779079613 0.1651640474960522 -0.0008885072356636058 -0.07652097700376716
5.6 0.06854200401036396 0.0882732002849385 0.06942987679680876 0.1647668557324899 -0.000887872786444793 -0.07649365544755139
5.602 0.06892600189187574 0.0879237584845033 0.06981324090838278 0.1643901118763872 -0.0008872390165070429 -0.07646635339188392
5.604 0.06933684859484238 0.08759826688791977 0.07022345451972341 0.1640373377038172 -0.0008866059248810376 -0.07643907081589746
5.606 0.06977225411584566 0.08730007171864061 0.07065822762644484 0.1637118794173951 -0.0008859735105991871 -0.07641180769875451
5.608 0.07022953302909417 0.08703229817971687 0.0711148748017898 0.1634168621993641 -0.0008853417726956255 -0.0763845640196472
5.61 0.0707056185862253 0.08679780275571521 0.07159032929643151 0.1631551425135126 -0.0008847107102062082 -0.07635733975779736
5.612 0.07119708307003517 0.08659912381902247 0.07208116339220368 0.162929258711479 -0.0008840803221685088 -0.07633013489245648
5.614 0.07170016549707016 0.08643843144209101 0.07258361610469197 0.1627413808449965 -0.0008834506076218125 -0.07630294940290547
5.616 0.07221080763763919 0.08631747767718721 0.07309362920324632 0.162593260945642 -0.000882821565607116 -0.07627578326845481
5.618 0.0727246990932532 0.08623754891703346 0.07360689228842032 0.1624861853854779 -0.0008821931951671215 -0.07624863646844444
5.62 0.07323733183501106 0.08619942226542364 0.0741188973303573 0.1624209312476673 -0.0008815654953462343 -0.07622150898224363
5.622 0.07374406416403143 0.08620332809411045 0.07462500262922199 0.1623977288833615 -0.0008809384651905581 -0.07619440078925103
5.624 0.07424019351841926 0.086248921106372 0.07512050562216716 0.1624162329752666 -0.0008803121037478927 -0.07616731186889458
5.626 0.07472103694397063 0.08633526223481736 0.07560072335403836 0.1624755044354488 -0.0008796864100677284 -0.0761402422006314
5.628 0.07518201740421038 0.08646081354266003 0.07606107878741163 0.1625740053066079 -0.0008790613832012459 -0.07611319176394787
5.63 0.07561875347650933 0.08662344795510968 0.07649719049871063 0.1627096084934691 -0.0008784370222013078 -0.07608616053835943
5.632 0.07602714942101781 0.08682047511640181 0.07690496274714026 0.1628796236198125 -0.0008778133261224596 -0.07605914850341064
5.634 0.07640348217779415 0.08704868396265089 0.07728067247181507 0.163080839601326 -0.0008771902940209229 -0.07603215563867508
5.636 0.07674448160139868 0.08730440175542599 0.07762104952635328 0.1633095836791812 -0.000876567924954594 -0.07600518192375526
5.638 0.07704740022783643 0.08758356838985012 0.07792334644581947 0.1635617957281328 -0.0008759462179830392 -0.07597822733828269
5.64 0.0773100691150521 0.08788182384455637 0.07818539428721959 0.1638331157064741 -0.0008753251721674913 -0.07595129186191771
5.642 0.07753093681021712 0.0881946057588377 0.07840564159678796 0.1641189812331871 -0.000874704786570846 -0.07592437547434944
5.644 0.07770908925327713 0.0885172533856293 0.07858317431353479 0.1644147315409252 -0.0008740850602576599 -0.07589747815529588
5.646 0.07784424937860029 0.08884511364998024 0.07871771537089443 0.1647157135344839 -0.000873465992294144 -0.07587059988450365
5.648 0.07793675625443762 0.08917364479496988 0.07880960383618578 0.165017385436718 -0.000872847581748163 -0.07584374064174808
5.65 0.07798752471801684 0.08949851314945624 0.07885975454570607 0.1653154135562893 -0.0008722298276892301 -0.07581690040683307
5.652 0.07799798753207624 0.08981567890421552 0.07886960026126474 0.1656057580638067 -0.0008716127291885044 -0.07579007915959118
5.654 0.07797002302168793 0.09012146740559243 0.07884101930700671 0.1658847442854759 -0.0008709962853187873 -0.07576327687988343
5.656 0.07790587187868744 0.09041262331479795 0.07877625237384196 0.1661491168623973 -0.0008703804951545182 -0.0757364935475993
5.658 0.07780804729710354 0.09068634596568818 0.07867781265487531 0.1663960751083449 -0.0008697653577717718 -0.07570972914265668
5.66 0.07767924280456258 0.09094030530481517 0.07854839367681084 0.166623288949817 -0.0008691508722482546 -0.07568298364500187
5.662 0.07752224208473414 0.09117263883663723 0.07839077912239745 0.1668288958712467 -0.0008685370376633015 -0.07565625703460943
5.664 0.0773398347692454 0.0913819309551037 0.07820775862234328 0.1670114802465859 -0.0008679238530978718 -0.07562954929148223
5.666 0.07713474165501458 0.09156717686536632 0.07800205297264912 0.1671700372610176 -0.0008673113176345457 -0.07560286039565133
5.668 0.07690955212494961 0.09172773394837662 0.07777625155530714 0.1673039242755526 -0.0008666994303575227 -0.07557619032717598
5.67 0.07666667576974444 0.09186326387600392 0.07753276396009705 0.1674128029421474 -0.0008660881903526155 -0.07554953906614352
5.672 0.07640830937761826 0.09197366903884982 0.07727378697432551 0.1674965756315192 -0.000865477596707248 -0.07552290659266939
5.674 0.07613641962366643 0.09205902690875077 0.07700128727217688 0.1675553197956478 -0.0008648676485104519 -0.07549629288689698
5.676 0.07585274099046925 0.09211952583690691 0.07671699933532211 0.1675892237659047 -0.0008642583448528635 -0.07546969792899774
5.678 0.07555878771999497 0.09215540550522276 0.07642243740482169 0.1675985272043938 -0.0008636496848267199 -0.07544312169917101
5.68 0.07525587796106555 0.09216690482501136 0.07611891962859139 0.1675834690026553 -0.000863041667525855 -0.07541656417764395
5.682 0.07494516775928753 0.09215421953831515 0.07580760205133323 0.1675442448829867 -0.0008624342920456968 -0.07539002534467154
5.684 0.07462769215644081 0.09211747114976442 0.07548951971392408 0.1674809763303011 -0.0008618275574832656 -0.07536350518053665
5.686 0.07430441043850182 0.09205668813154208 0.07516563190143899 0.1673936917970918 -0.0008612214629371673 -0.07533700366554974
5.688 0.07397625250515692 0.09197179963444764 0.07483686851266451 0.1672823204144966 -0.0008606160075075923 -0.075310520780049
5.69 0.0736441634315125 0.0918626412410606 0.07450417462180882 0.1671466977454608 -0.000860011190296312 -0.07528405650440025
5.692 0.07330914354862823 0.09172897165125682 0.07416855055903492 0.1669865824702537 -0.0008594070104066754 -0.07525761081899687
5.694 0.07297228176702861 0.091570498633445 0.07383108523397221 0.1668016823377048 -0.0008588034669436053 -0.07523118370425981
5.696 0.07263478037973932 0.09138691214023503 0.07349298093875291 0.1665916872808725 -0.0008582005590135945 -0.07520477514063745
5.698 0.07229797017262403 0.09117792220023054 0.07315556845834874 0.1663563073088361 -0.0008575982857247038 -0.07517838510860557
5.7 0.07196331529683934 0.09094329907241366 0.07282031194302591 0.1660953126610811 -0.0008569966461865587 -0.07515201358866747
5.702 0.07163240797574909 0.09068291318692932 0.07248880361525943 0.165808573748283 -0.000856395639510345 -0.07512566056135365
5.704 0.07130695368319592 0.09039677258312283 0.07216274894800473 0.1654960985903448 -0.000855795264808806 -0.07509932600722198
5.706 0.07098874790463261 0.09008505586696963 0.07184394342582885 0.1651580657738271 -0.0008551955211962386 -0.0750730099068575
5.708 0.07067964595097406 0.08974813911090995 0.07153424235876256 0.1647948513517825 -0.0008545964077884924 -0.07504671224087253
5.71 0.07038152752328686 0.08938661556983819 0.07123552544698981 0.1644070485597447 -0.0008539979237029635 -0.07502043298990647
5.712 0.07009625782441889 0.08900130754732008 0.07094965789247748 0.1639954796819459 -0.0008534000680585927 -0.07499417213462586
5.714 0.0698256469926968 0.08859327017996237 0.07067844983267267 0.1635611998356866 -0.0008528028399758619 -0.07496792965572423
5.716 0.06957140951436737 0.08816378728649835 0.07042361575294416 0.1631054928204205 -0.0008522062385767919 -0.07494170553392218
5.718 0.06933512508258591 0.08771435973275875 0.07018673534557085 0.162629859482726 -0.0008516102629849371 -0.07491549974996724
5.72 0.06911820214060942 0.08724668698547462 0.0699692170529348 0.1621359992701085 -0.0008510149123253846 -0.07488931228463384
5.722 0.0689218451037429 0.08676264266816096 0.06977226528946764 0.1616257857868842 -0.0008504201857247487 -0.07486314311872326
5.724 0.0687470260223299 0.08626424500035959 0.06959685210464107 0.1611012372334233 -0.0008498260823111703 -0.07483699223306367
5.726 0.06859446124453396 0.08575362301232334 0.06944369384574826 0.1605644826208333 -0.000849232601214311 -0.07481085960850992
5.728 0.06846459347393073 0.08523297939923208 0.06931323321549608 0.1600177246251757 -0.0008486397415653518 -0.07478474522594361
5.73 0.06835757949690477 0.08470455083159571 0.06920562699940176 0.1594631998978687 -0.0008480475024969888 -0.07475864906627301
5.732 0.06827328377589073 0.08417056648942023 0.06912073965903416 0.1589031375998533 -0.0008474558831434316 -0.07473257111043308
5.734 0.06821127805869147 0.08363320555222996 0.06905814294133186 0.1583397168916152 -0.000846864882640398 -0.07470651133938526
5.736 0.06817084712940315 0.08309455436597352 0.06901712162952826 0.1577750241000911 -0.0008462745001251123 -0.0746804697341176
5.738 0.06815100080806706 0.08255656402685206 0.06899668554280336 0.1572110103024967 -0.0008456847347363017 -0.07465444627564462
5.74 0.06815049227845581 0.0820210091716837 0.06899558786407001 0.156649450116691 -0.0008450955856141938 -0.07462844094500726
5.742 0.06816784277128583 0.08148944883933995 0.06901234982318634 0.1560919025626129 -0.0008445070519005122 -0.07460245372327293
5.744 0.06820137254068206 0.08096319035737054 0.06904529167342054 0.1555396749489058 -0.0008439191327384739 -0.07457648459153529
5.746 0.06824923793589452 0.0804432572973398 0.0690925697631673 0.1549937908282542 -0.0008433318272727868 -0.07455053353091436
5.748 0.0683094741843583 0.07993036261306827 0.06915221931900795 0.1544549631356247 -0.0008427451346496467 -0.07452460052255644
5.75 0.06838004326882932 0.07942488810758462 0.06922220232284605 0.1539235736552186 -0.0008421590540167324 -0.07449868554763402
5.752 0.06845888601066751 0.0789268713473599 0.06930045959519071 0.1533996599347056 -0.0008415735845232047 -0.07447278858734574
5.754 0.06854397718070335 0.07843600103936205 0.06938496590602306 0.1528829106622784 -0.0008409887253197022 -0.07444690962291639
5.756 0.06863338217251083 0.07795162169604443 0.06947378664806916 0.1523726703316413 -0.0008404044755583383 -0.07442104863559683
5.758 0.06872531351901506 0.07747274813232465 0.06956513435340776 0.1518679537389886 -0.0008398208343926986 -0.07439520560666397
5.76 0.06881818534292246 0.07699808997357459 0.06965742314390029 0.1513674704909953 -0.0008392378009778378 -0.07436938051742069
5.762 0.06891066373335802 0.07652608592190001 0.06974931910782831 0.1508696592710958 -0.0008386553744702753 -0.07434357334919579
5.764 0.06900171105862865 0.07605494705748063 0.06983978461265665 0.1503727311408246 -0.0008380735540279945 -0.07431778408334401
5.766 0.06909062237189988 0.07558270797841528 0.06992811471071031 0.1498747206796612 -0.000837492338810438 -0.07429201270124593
5.768 0.06917705234397228 0.07510728414674529 0.07001396407195079 0.1493735433310532 -0.0008369117279785046 -0.07426625918430792
5.77 0.06926103155247917 0.07462653345067273 0.07009736327317372 0.1488670569646349 -0.0008363317206945475 -0.07424052351396214
5.772 0.06934297144351274 0.07413831974840573 0.07017872375963512 0.1483531254200722 -0.0008357523161223698 -0.07421480567166644
5.774 0.06942365782251747 0.07364057605246134 0.0702588313359447 0.1478296816913657 -0.000835173513427223 -0.07418910563890439
5.776 0.06950423328227295 0.07313136505605733 0.07033882859404876 0.1472947884532425 -0.0008345953117758022 -0.07416342339718512
5.778 0.06958616949130783 0.07260893489147308 0.07042018720164407 0.1467466938195165 -0.0008340177103362447 -0.07413775892804342
5.78 0.06967123070471153 0.07207176832514443 0.07050467141298965 0.146183880538184 -0.0008334407082781265 -0.07411211221303955
5.782 0.06976143018852715 0.07151862400497204 0.07059429449329961 0.1456051072387314 -0.0008328643047724588 -0.07408648323375934
5.784 0.06985898144883861 0.07094856884304411 0.07069126994783029 0.1450094408148581 -0.0008322884989916858 -0.074060871971814
5.786 0.06996624622114823 0.0703610010997691 0.07079795951125792 0.1443962795086093 -0.0008317132901096814 -0.07403527840884024
5.788 0.07008568111234008 0.06975566419359767 0.07091681978964183 0.1437653667200977 -0.000831138677301745 -0.07400970252650001
5.79 0.07021978461524925 0.06913265166078722 0.07105034927499385 0.1431167959672679 -0.0008305646597446022 -0.0739841443064807
5.792 0.07037104596143132 0.06849240400750889 0.07120103719804771 0.1424510077380038 -0.0008299912366163968 -0.07395860373049493
5.794 0.07054189697209413 0.06783569841852481 0.07137131537919082 0.1417687791988053 -0.0008294184070966922 -0.07393308078028053
5.796 0.0707346677414377 0.0671636324094765 0.07156351391180417 0.1410712078470771 -0.0008288461703664659 -0.07390757543760056
5.798 0.07095154666922814 0.06647760253896909 0.07177982119483624 0.1403596902232123 -0.000828274525608108 -0.07388208768424323
5.8 0.07119454507358056 0.06577927924514405 0.07202224854558598 0.1396358967471658 -0.0008277034720054166 -0.07385661750202178
5.802 0.07146546637768557 0.06507057875642766 0.07229259938642917 0.1389017436292023 -0.0008271330087435974 -0.07383116487277464
5.804 0.07176587968617937 0.06435363286683168 0.07259244282118862 0.1381593626451968 -0.0008265631350092578 -0.07380572977836511
5.806 0.07209709745259126 0.06363075718232106 0.07292309130258166 0.1374110693830027 -0.0008259938499904071 -0.0737803122006816
5.808 0.07246015688832526 0.0629044182544292 0.07328558204120171 0.1366593303760666 -0.0008254251528764512 -0.07375491212163736
5.81 0.07285580477139995 0.06217719983666602 0.07368066181425814 0.1359067293598366 -0.0008248570428581905 -0.07372952952317056
5.812 0.07328448537251149 0.06145176834152027 0.07410877489163931 0.1351559327287645 -0.0008242895191278173 -0.07370416438724423
5.814 0.07374633131752865 0.0607308374519734 0.07457005389840757 0.1344096541478196 -0.000823722580878913 -0.07367881669584615
5.816 0.07424115733880646 0.06001713175951597 0.0750643135661129 0.1336706181905049 -0.0008231562273064448 -0.07365348643098897
5.818 0.07476845702142808 0.0593133492665565 0.07559104747903483 0.1329415228412664 -0.0008225904576067627 -0.07362817357470992
5.82 0.07532740281261333 0.0586221226088465 0.07614942808359092 0.1322250007179175 -0.0008220252709775969 -0.07360287810907098
5.822 0.07591684972027406 0.05794597892490859 0.07673831038689212 0.1315235789410674 -0.000821460666618056 -0.0735776000161588
5.824 0.07653534326702058 0.05728729842390716 0.07735623991074921 0.1308396377019917 -0.0008208966437286222 -0.07355233927808454
5.826 0.07718113237471722 0.05664827187821619 0.07800146557622836 0.1301753677552001 -0.0008203332015111496 -0.07352709587698394
5.828 0.0778521879177568 0.05603085748599718 0.07867195825692566 0.1295327272810144 -0.0008197703391688612 -0.07350186979501727
5.83 0.0785462276868972 0.05543673780251804 0.07936543574280355 0.1289133988168873 -0.0008192080559063468 -0.07347666101436925
5.832 0.07926074843688956 0.0548672777129256 0.08007939478781911 0.1283187472301746 -0.0008186463509295588 -0.07345146951724901
5.834 0.07999306554008603 0.05432348469517195 0.08081115076353185 0.127749779981062 -0.00081808522344581 -0.07342629528589009
5.836 0.08074036052927397 0.05380597287677874 0.08155788520193774 0.127207111179329 -0.0008175246726637713 -0.0734011383025503
5.838 0.08149973648619943 0.05331493259683036 0.0823167011839929 0.1266909311463422 -0.0008169646977934685 -0.07337599854951184
5.84 0.08226828082588597 0.05285010731683573 0.08308468612393224 0.1262009833259168 -0.0008164052980462795 -0.07335087600908111
5.842 0.0830431345588836 0.05241077975287654 0.08385898103151852 0.1257365504164653 -0.0008158464726349311 -0.07332577066358874
5.844 0.08382156661110284 0.05199576900329153 0.08463685483187633 0.1252964514986811 -0.0008152882207734975 -0.07330068249538954
5.846 0.08460105128054594 0.05160344020459777 0.08541578182222334 0.1248790516914602 -0.0008147305416773959 -0.0732756114868624
5.848 0.08537934645593097 0.05123172785834766 0.08619351989049436 0.1244822854787581 -0.0008141734345633852 -0.07325055762041041
5.85 0.08615456986052952 0.05087817344250627 0.08696818675917908 0.1241036943209669 -0.0008136168986495622 -0.0732255208784606
5.852 0.08692527036047398 0.05053997727792436 0.08773833129362935 0.1237404785213884 -0.0008130609331553592 -0.07320050124346404
5.854 0.08769049132814341 0.05021406390417099 0.08850299686544495 0.1233895626020668 -0.0008125055373015422 -0.0731754986978958
5.856 0.0884498232014073 0.04989715948339088 0.08926177391171751 0.1230476727076458 -0.000811950710310206 -0.07315051322425488
5.858 0.0892034427342316 0.04958587905758066 0.09001483918563638 0.1227114238626447 -0.0008113964514047739 -0.07312554480506409
5.86 0.08995213697819084 0.04927682089661592 0.09076297973800083 0.1223774143194861 -0.000810842759809993 -0.07310059342287015
5.862 0.0906973107312409 0.04896666474790486 0.09150760036599284 0.1220423238081484 -0.000810289634751933 -0.07307565906024358
5.864 0.09144097698539484 0.04865227057596792 0.09225071406085282 0.1217030122757466 -0.0008097370754579829 -0.07305074169977864
5.866 0.09218573073304751 0.04833077438387312 0.09299491581420435 0.1213566157079665 -0.0008091850811568475 -0.07302584132409334
5.868 0.09293470728201601 0.04799967793775972 0.09374334093309455 0.1210006358535891 -0.0008086336510785459 -0.07300095791582933
5.87 0.09369152691621224 0.04765692964692357 0.09449960970066665 0.1206330211045755 -0.0008080827844544087 -0.07297609145765198
5.872 0.09446022826892149 0.0473009944417345 0.09526776074943856 0.1202522363739847 -0.0008075324805170746 -0.07295124193225019
5.874 0.09524519311299637 0.04693091118277667 0.09605217585149686 0.1198573205051131 -0.0008069827385004882 -0.07292640932233642
5.876 0.09605106540242288 0.04654633686365639 0.09685749896006278 0.1194479304743031 -0.0008064335576398971 -0.07290159361064671
5.878 0.09688266732924641 0.04614757757450853 0.09768855226641826 0.1190243723544491 -0.0008058849371718502 -0.07287679477994055
5.88 0.09774491491318946 0.04573560681944748 0.09855025178952365 0.1185876196324483 -0.0008053368763341931 -0.07285201281300085
5.882 0.09864273525628435 0.04531207228807266 0.09944752463065042 0.1181393199807066 -0.0008047893743660672 -0.07282724769263395
5.884 0.09958098711749187 0.04487929254292027 0.1003852295479998 0.1176817919445898 -0.0008042424305079064 -0.07280249940166955
5.886 0.1005643859394684 0.04444024529203285 0.1013680819834698 0.1172180132149935 -0.0008036960440014347 -0.07277776792296067
5.888 0.1015974339355452 0.0439985489728586 0.1024005841496349 0.1167516022122422 -0.0008031502140896633 -0.07275305323938365
5.89 0.102684355357175 0.0435584392957698 0.1034869602971919 0.1162867946296078 -0.0008026049400168876 -0.07272835533383797
5.892 0.1038290366387915 0.04312474220542879 0.1046310968598202 0.1158284163946752 -0.0008020602210286856 -0.07270367418924639
5.894 0.1050349707770292 0.04270284444245487 0.1058364868334011 0.1153818542310097 -0.0008015160563719151 -0.07267900978855488
5.896 0.1063052050555516 0.04229866255305251 0.1071061775008463 0.114953024667785 -0.0008009724452947099 -0.07265436211473245
5.898 0.1076422910778727 0.04191861082578927 0.1084427204649192 0.1145483419765605 -0.0008004293870464786 -0.07262973115077122
5.9 0.1090482360164236 0.04156956825435196 0.1098481228973015 0.1141746851340383 -0.0007998868808779007 -0.07260511687968636
5.902 0.1105244540216115 0.04125884425080313 0.1113237989476524 0.1138393635353192 -0.0007993449260409262 -0.0725805192845161
5.904 0.1120717168522344 0.04099414248005333 0.1128705203740232 0.1135500808283749 -0.0007988035217887706 -0.07255593834832155
5.906 0.1136901029807877 0.04078352186440379 0.1144883656481636 0.1133148959185906 -0.000798262667375913 -0.0725313740541868
5.908 0.1153789446879364 0.04063535352628868 0.1161766670499945 0.1131421799115075 -0.0007977223620580948 -0.07250682638521883
5.91 0.117136772983054 0.04055827220645997 0.1179339555881463 0.1130405675310075 -0.0007971826050923161 -0.0724822953245475
5.912 0.1189612605673037 0.04056112052266121 0.1197579039630405 0.1130189013779866 -0.0007966433957368321 -0.07245778085532541
5.914 0.1208491634877718 0.0406528843301983 0.121645268221023 0.1130861672909263 -0.0007961047332511533 -0.072433282960728
5.916 0.122796262609206 0.04084261742291896 0.1235918292261021 0.1132514190468724 -0.0007955666168960399 -0.07240880162395343
5.918 0.1247973065457343 0.04113935388479707 0.1255923355916678 0.1135236907130196 -0.000795029045933502 -0.07238433682822253
5.92 0.1268459582374841 0.04155200658474412 0.1276404502571109 0.113911895141523 -0.0007944920196267951 -0.07235988855677887
5.922 0.1289347479083973 0.04208925061738447 0.1297287034456377 0.114424707410273 -0.0007939555372404184 -0.07233545679288857
5.924 0.1310550356775375 0.0427593909467866 0.1318484552755776 0.1150704324666269 -0.0007934195980401114 -0.07231104151984032
5.926 0.1331969875857543 0.0435702141226227 0.1339898717870472 0.1158568568435681 -0.000792884201292854 -0.07228664272094543
5.928 0.1353495692013067 0.04452882471686904 0.1361419185475736 0.1167910850964067 -0.0007923493462668605 -0.07226226037953767
5.93 0.1375005612328236 0.04564146807259808 0.1382923762650552 0.1178793625515714 -0.0007918150322315792 -0.0722378944789733
5.932 0.1396366016519431 0.04691334205050422 0.1404278829104008 0.1191268870531352 -0.0007912812584576894 -0.07221354500263097
5.934 0.1417432586511231 0.0483484016714434 0.1425340066753402 0.1205376136053552 -0.0007907480242170992 -0.07218921193391178
5.936 0.1438051382784525 0.04994916183165722 0.1445953536072354 0.1221140570878964 -0.0007902153287829426 -0.07216489525623919
5.938 0.1458060297537278 0.05171650453701591 0.1465957129251574 0.1238570994900748 -0.0007896831714295771 -0.07214059495305891
5.94 0.147729090247926 0.05364949826572947 0.1485182417993586 0.1257658092735685 -0.0007891515514325814 -0.07211631100783898
5.942 0.1495570692982983 0.05574523800926985 0.1503456897663671 0.1278372814133396 -0.000788620468068753 -0.0720920434040697
5.944 0.1512725710672725 0.05799871513195219 0.1520606609878886 0.1300665072572157 -0.0007880899206161057 -0.07206779212526356
5.946 0.1528583504103365 0.0604027263033582 0.1536459103186904 0.1324462834583134 -0.0007875599083538663 -0.07204355715495521
5.948 0.1542976363182873 0.06294783028224855 0.1550846667488497 0.13496716875895 -0.0007870304305624737 -0.07201933847670143
5.95 0.1555744739096031 0.06562236018836992 0.1563609753961266 0.137617496262451 -0.0007865014865235751 -0.07199513607408112
5.952 0.1566740739690178 0.06841249706073484 0.1574600470445378 0.14038344699143 -0.0007859730755200251 -0.07197094993069521
5.954 0.1575831572773921 0.07130240800514052 0.158368602474228 0.1432491880353072 -0.0007854451968358808 -0.07194678003016668
5.956 0.1582902798685975 0.07427444919282615 0.1590751977183539 0.1461970755489666 -0.0007849178497564017 -0.07192262635614045
5.958 0.1587861250604451 0.07730943057117458 0.1595705160940132 0.149207919463458 -0.0007843910335680469 -0.07189848889228344
5.96 0.1590637487576458 0.08038693563622171 0.1598476135052042 0.1522613032585062 -0.0007838647475584715 -0.07187436762228447
5.962 0.1591187661497888 0.08348568628284725 0.1599021051408053 0.1553359488127014 -0.0007833389910165252 -0.07185026252985419
5.964 0.1589494704630268 0.0865839398922137 0.159732284226259 0.1584101134909388 -0.0007828137632322487 -0.0718261735987251
5.966 0.1585568777076367 0.08965990370584251 0.1593391667711335 0.1614620045184941 -0.0007822890634968747 -0.07180210081265159
5.968 0.1579446951463468 0.09269215038000557 0.1587264600374496 0.1644701945354153 -0.0007817648911028199 -0.07177804415540968
5.97 0.1571192151824452 0.0956600185303081 0.1579004564277889 0.1674140221411053 -0.0007812412453436883 -0.07175400361079722
5.972 0.1560891402008686 0.09854398307202687 0.1568698583263828 0.1702739622346605 -0.0007807181255142646 -0.07172997916263367
5.974 0.1548653472761939 0.1013259821365613 0.1556455428071044 0.1730319529313215 -0.0007801955309105147 -0.07170597079476022
5.976 0.1534606043280665 0.1039896901047878 0.1542402777888961 0.1756716685958274 -0.0007796734608295809 -0.07168197849103962
5.978 0.1518892510800884 0.1065207295797598 0.1526684029946581 0.178178731815116 -0.0007791519145697821 -0.07165800223535625
5.98 0.1501668589834479 0.1089068186281617 0.1509454898748785 0.1805408606397777 -0.0007786308914306086 -0.07163404201161599
5.982 0.1483098841206858 0.1111378530610094 0.1490879945113985 0.1827479508647557 -0.000778110390712723 -0.0716100978037463
5.984 0.1463353261152177 0.113205926641168 0.1471129165269357 0.184792096236864 -0.0007775904117179549 -0.07158616959569603
5.986 0.1442604044106484 0.11510529470178 0.1450374753643976 0.1866675520732155 -0.0007770709537492997 -0.07156225737143551
5.988 0.1421022611585001 0.1168322886132009 0.142878813174611 0.1883706497281574 -0.0007765520161109171 -0.07153836111495648
5.99 0.1398776975836844 0.1183851897964437 0.1406537311817925 0.1898996706067158 -0.0007760335981081275 -0.07151448081027206
5.992 0.1376029482884189 0.1197640725675355 0.1383784639874663 0.1912546890089522 -0.0007755156990474103 -0.07149061644141666
5.994 0.1352934956781665 0.1209706250824488 0.1360684939964029 0.1924373930748948 -0.0007749983182364014 -0.071466767992446
5.996 0.1329639246775859 0.1220079571431728 0.1337384061325698 0.1934508925906099 -0.0007744814549838909 -0.07144293544743707
5.998 0.130627816232963 0.1228804027483369 0.1314017813415629 0.194299521538825 -0.0007739651085998211 -0.07141911879048811
6 0.128297676807489 0.1235933241551843 0.1290711260858843 0.1949886421609028 -0.0007734492783952837 -0.07139531800571849
6.002 0.1259849001693598 0.1241529229813524 0.1267578341330424 0.1955244560586212 -0.0007729339636825181 -0.07137153307726882
6.004 0.123699757222686 0.1245660626154498 0.124472176386461 0.1959138266047505 -0.0007724191637749077 -0.07134776398930069
6.006 0.1214514093899441 0.1248401050033445 0.1222233142679311 0.1961641157293414 -0.0007719048779869796 -0.07132401072599692
6.008 0.1192479410667185 0.1249827637872933 0.1200193321723529 0.1962830370588546 -0.0007713911056344018 -0.07130027327156133
6.01 0.117096406874938 0.1250019748315554 0.117867284720972 0.1962785264417741 -0.0007708778460339795 -0.07127655161021872
6.012 0.1150028897814736 0.1249057843866639 0.1157732548799772 0.1961586301128788 -0.0007703650985036541 -0.07125284572621489
6.014 0.1129725665749418 0.1247022545259954 0.1137424194373043 0.195931410129812 -0.0007698528623625009 -0.07122915560381661
6.016 0.1110097776620857 0.1243993850235279 0.1117791187990164 0.1956048662508394 -0.0007693411369307264 -0.07120548122731153
6.018 0.1091180986212993 0.1240050505145749 0.109886928542829 0.1951868730955831 -0.0007688299215296664 -0.07118182258100819
6.02 0.1073004114108069 0.1235269515718462 0.1080687306262887 0.1946851312210822 -0.0007683192154817835 -0.07115817964923594
6.022 0.1055589735553939 0.1229725782165045 0.1063267825735046 0.1941071306328495 -0.0007678090181106649 -0.07113455241634498
6.024 0.103895484016914 0.1223491843470258 0.1046627833456551 0.193460125213732 -0.0007672993287410204 -0.07111094086670626
6.026 0.1023111447860846 0.1216637715885895 0.1030779349327832 0.192751116573301 -0.0007667901466986799 -0.07108734498471146
6.028 0.1008067175149992 0.1209230811259053 0.1015729989863098 0.1919868458806782 -0.0007662814713105912 -0.07106376475477297
6.03 0.09938257474266267 0.1201335921680873 0.1001483480445675 0.1911737923294111 -0.0007657733019048176 -0.07104020016132385
6.032 0.09803874545440001 0.119301525794294 0.09880401109221056 0.1903181769831118 -0.0007652656378105367 -0.07101665118881781
6.034 0.09677495486534071 0.118432853034137 0.09753971334369875 0.1894259708558661 -0.0007647584783580367 -0.07099311782172911
6.036 0.0955906584335155 0.1175333061401382 0.09635491025639421 0.1885029061846908 -0.0007642518228787146 -0.07096960004455262
6.038 0.09448507019617176 0.1166083921061689 0.09524881586687683 0.1875544899479726 -0.0007637456707050748 -0.07094609784180372
6.04 0.09345718558979513 0.1156634075725382 0.09422042561096586 0.1865860187705566 -0.0007632400211707266 -0.07092261119801831
6.042 0.0925057989649975 0.1147034543329068 0.09326853383860788 0.1856025944306595 -0.0007627348736103819 -0.07089914009775274
6.044 0.09162951604821021 0.113733454720168 0.09239174627557006 0.1846091392457518 -0.0007622302273598519 -0.07087568452558377
6.046 0.0908267616377402 0.1127581661981484 0.09158848771949625 0.183610410664257 -0.0007617260817560467 -0.07085224446610859
6.048 0.09009578285646461 0.111782194524127 0.09085700529260157 0.1826110144280717 -0.0007612224361369723 -0.07082881990394474
6.05 0.08943464832180265 0.1108100048762469 0.09019536761164437 0.1816154156999769 -0.0007607192898417282 -0.07080541082373008
6.052 0.08884124363922392 0.1098459303626304 0.08960146028143443 0.1806279475727532 -0.0007602166422105057 -0.07078201721012277
6.054 0.08831326368091254 0.1088941773484802 0.08907297817349712 0.1796528163962814 -0.0007597144925845854 -0.07075863904780123
6.056 0.08784820217921693 0.1079588270586214 0.08860741501952327 0.1786941033800855 -0.0007592128403063356 -0.07073527632146413
6.058 0.08744333924604658 0.1070438329404984 0.08820205093076579 0.1777557619563288 -0.0007587116847192091 -0.0707119290158303
6.06 0.08709572752488552 0.1061530133125771 0.08785393855005326 0.1768416104282159 -0.0007582110251677424 -0.07068859711563875
6.062 0.08680217779006082 0.1052900388816851 0.08755988865105836 0.1759553194873337 -0.0007577108609975519 -0.0706652806056486
6.064 0.08655924492544022 0.1044584147968919 0.08731645611699555 0.175100394267531 -0.0007572111915553336 -0.07064197947063912
6.066 0.08636321533659067 0.1036614570238149 0.08711992735277953 0.1742801507192244 -0.0007567120161888596 -0.07061869369540957
6.068 0.0862100969687284 0.1029022629776144 0.08696631030297539 0.1734976862423937 -0.0007562133342469766 -0.07059542326477929
6.07 0.08609561320756058 0.1021836765504709 0.08685132835264019 0.1727558447140584 -0.0007557151450796032 -0.07057216816358756
6.072 0.08601520201814454 0.1015082479123953 0.08677041946618227 0.172057176289089 -0.0007552174480377293 -0.07054892837669373
6.074 0.08596402171307412 0.1008781887518581 0.08671874195554753 0.171403892640835 -0.0007547202424734113 -0.07052570388897693
6.076 0.0859369647186666 0.1002953239498251 0.08669118824640637 0.1707978186351615 -0.0007542235277397734 -0.07050249468533634
6.078 0.08592868060914542 0.09976104103627828 0.08668240791233642 0.1702403417869692 -0.0007537273031910015 -0.07047930075069089
6.08 0.08593360948798977 0.09927623914487102 0.08668684105617211 0.1697323612148504 -0.0007532315681823458 -0.07045612206997942
6.082 0.08594602650017784 0.09884127953502839 0.08669876282224795 0.1692742381631889 -0.0007527363220701139 -0.07043295862816049
6.084 0.08596009785272735 0.0984559400613815 0.08671233941693902 0.168865750471594 -0.0007522415642116722 -0.07040981041021252
6.086 0.08596994820614495 0.09811937620258254 0.0867216955001104 0.1685060536037161 -0.0007517472939654424 -0.07038667740113358
6.088 0.08596973869010847 0.09783009137829193 0.08672099220079937 0.1681936509642334 -0.0007512535106908995 -0.07036355958594148
6.09 0.08595375411982026 0.09758591924878281 0.08670451433356882 0.1679263761984565 -0.0007507602137485703 -0.07034045694967374
6.092 0.0859164972852839 0.0973840204768056 0.08666676468778393 0.167701389954193 -0.0007502674025000302 -0.07031736947738744
6.094 0.0858527875065306 0.09722089601849818 0.08660256258283849 0.1675151931726575 -0.0007497750763079018 -0.07029429715415927
6.096 0.08575786005432111 0.09709241839807228 0.08650714328885696 0.1673636583631579 -0.0007492832345358538 -0.07027123996508561
6.098 0.08562746259131251 0.09699388162861691 0.08637625446786111 0.1672420795238991 -0.0007487918765485972 -0.07024819789528222
6.1 0.08545794455202772 0.09692006950968374 0.08620624555373961 0.1671452404395682 -0.0007483010017118842 -0.07022517092988451
6.102 0.08524633539713802 0.09686534102276961 0.08599414600653053 0.1670675000768168 -0.0007478106093925057 -0.07020215905404723
6.104 0.08499040797415652 0.09682373053582756 0.08573772867311481 0.1670028927887723 -0.0007473206989582904 -0.0701791622529447
6.106 0.08468872379187341 0.0967890596034766 0.08543555506165151 0.1669452401152472 -0.0007468312697781014 -0.07015618051177057
6.108 0.08434065784011728 0.09675505639508644 0.08508700016133912 0.1668882702108244 -0.0007463423212218345 -0.07013321381573792
6.11 0.08394640160201988 0.09671547827088441 0.0846922554546803 0.1668257404209636 -0.0007458538526604167 -0.07011026215007916
6.112 0.08350694403326461 0.09666423280737882 0.08425230989673042 0.1667515583074249 -0.0007453658634658039 -0.07008732550004604
6.114 0.08302403142862709 0.09659549266968472 0.08376890978163806 0.1666598965205943 -0.0007448783530109782 -0.07006440385090955
6.116 0.08250010816496131 0.09650380012985907 0.08324449948563126 0.166545297317819 -0.0007443913206699474 -0.07004149718795996
6.118 0.08193824121563044 0.09638415769670268 0.08268214598144819 0.1664027631932095 -0.0007439047658177412 -0.07001860549650678
6.12 0.08134203200743298 0.09623210218838718 0.08208545069526339 0.1662278309502659 -0.0007434186878304111 -0.06999572876187871
6.122 0.08071551959637345 0.0960437605635896 0.08145845268245848 0.1660166275330132 -0.0007429330860850268 -0.06997286696942359
6.124 0.08006307926169247 0.09581588684289773 0.08080552722165214 0.1657659069474061 -0.0007424479599596744 -0.06995002010450839
6.126 0.07938932047451497 0.09554588041824393 0.08013128378334843 0.1654730685707631 -0.0007419633088334552 -0.06992718815251918
6.128 0.07869898782715197 0.09523178689574693 0.07944046695923845 0.1651361579946081 -0.0007414791320864841 -0.06990437109886113
6.13 0.07799686796666386 0.09487228329728439 0.07873786339576375 0.1647538522262428 -0.0007409954290998857 -0.06988156892895844
6.132 0.07728770492449755 0.09446664993121268 0.07802821712375334 0.1643254315594669 -0.0007405121992557938 -0.06985878162825426
6.134 0.07657612553512266 0.09401473152633427 0.07731615497706001 0.163850740708545 -0.0007400294419373489 -0.06983600918221075
6.136 0.07586657594713414 0.09351689031761486 0.07660612310366284 0.1633301418939239 -0.0007395471565286974 -0.06981325157630903
6.138 0.07516326959566098 0.09297395370257701 0.07590233493807597 0.1627644624986262 -0.0007390653424149878 -0.06979050879604916
6.14 0.0744701464571047 0.09238715888752233 0.07520873045608707 0.1621549397144723 -0.0007385839989823696 -0.06976778082694998
6.142 0.07379084296558498 0.0917580966498787 0.07452894609120297 0.161503164304428 -0.0007381031256179912 -0.06974506765454926
6.144 0.07312867164198233 0.09108865599357575 0.07386629436369234 0.1608110252579793 -0.0007376227217099988 -0.06972236926440357
6.146 0.07248660926787345 0.09038097110060569 0.07322375205452099 0.160080656742694 -0.0007371427866475331 -0.06969968564208828
6.148 0.07186729231831424 0.08963737161074599 0.07260395563813496 0.1593143883839435 -0.0007366633198207285 -0.06967701677319753
6.15 0.07127301833487659 0.08886033691312563 0.0720092026554973 0.1585146995564697 -0.0007361843206207101 -0.06965436264334411
6.152 0.07070575195666463 0.08805245482130986 0.07144145774510423 0.1576841780594695 -0.000735705788439593 -0.06963172323815964
6.154 0.07016713441595046 0.08721638473609954 0.07090236213862094 0.1568254832793938 -0.0007352277226704793 -0.06960909854329429
6.156 0.06965849543110368 0.0863548251806667 0.07039324555381114 0.1559413137250837 -0.0007347501227074566 -0.06958648854441696
6.158 0.06918086657890669 0.08547048542024065 0.06991513956685229 0.1550343786474557 -0.0007342729879455956 -0.06956389322721503
6.16 0.06873499539059018 0.08456606075103 0.06946879170837113 0.1541073733284246 -0.0007337963177809499 -0.06954131257739464
6.162 0.0683213595824923 0.08364421095642766 0.06905467969410285 0.153162957537108 -0.0007333201116105518 -0.0695187465806803
6.164 0.06794018099667394 0.08270754137777632 0.06867302536550635 0.1522037366005915 -0.0007328443688324115 -0.06949619522281515
6.166 0.06759143898506964 0.0817585860280601 0.06832380807391515 0.1512322445176209 -0.0007323690888455159 -0.06947365848956077
6.168 0.0672748831198733 0.08079979218589205 0.06800677739092312 0.1502509285525893 -0.0007318942710498248 -0.06945113636669721
6.17 0.06699004525052728 0.07983350594042335 0.06772146516537354 0.1492621347804463 -0.0007314199148462712 -0.06942862884002296
6.172 0.0667362510525083 0.07886195821328498 0.06746719707214506 0.1482680941086399 -0.0007309460196367575 -0.06940613589535488
6.174 0.06651263132333439 0.07788725085963821 0.06724310390815855 0.1472709083781664 -0.0007304725848241551 -0.06938365751852821
6.176 0.0663181333745643 0.07691134254489072 0.0670481329843766 0.1462725362402872 -0.0007299996098123014 -0.06936119369539652
6.178 0.06615153294251674 0.07593603420580006 0.06688106003652275 0.1452747786176318 -0.0007295270940059991 -0.06933874441183172
6.18 0.06601144709154844 0.07496295403268215 0.06674050212835946 0.1442792636864061 -0.0007290550368110124 -0.06931630965372394
6.182 0.06589634860772307 0.07399354205011272 0.06662493204535715 0.1432874314570944 -0.0007285834376340678 -0.06929388940698164
6.184 0.0658045823734472 0.07302903452340298 0.06653269466933005 0.1423005181809344 -0.0007281122958828495 -0.06927148365753141
6.186 0.06573438417067447 0.07207044857113107 0.06646202578164047 0.1413195409624492 -0.0007276416109660005 -0.06924909239131813
6.188 0.0656839022781722 0.07111856751230521 0.06641107366046531 0.1403452831066099 -0.000727171382293117 -0.06922671559430472
6.19 0.06565122210533045 0.0701739276105228 0.0663779237146052 0.1393782808629951 -0.00072670160927475 -0.06920435325247234
6.192 0.06563439394190178 0.06923680698554824 0.06636062623322418 0.1384188123373684 -0.0007262322913224021 -0.0691820053518202
6.194 0.06563146370411801 0.06830721753227197 0.06635722713196654 0.1374668894106376 -0.0007257634278485251 -0.06915967187836559
6.196 0.06564050633134762 0.06738490070616422 0.06636580134961413 0.1365222535243081 -0.0007252950182665189 -0.06913735281814386
6.198 0.06565966124671435 0.06646932799264302 0.06638448830870508 0.1355843761498514 -0.0007248270619907295 -0.06911504815720834
6.2 0.06568716905690956 0.06555970676807124 0.06641152861534601 0.1346524646497016 -0.0007243595584364476 -0.06909275788163038
6.202 0.06572140845103187 0.06465499208061246 0.06644530095805178 0.1337254740581117 -0.0007238925070199053 -0.06907048197749927
6.204 0.06576093208731321 0.0637539046347726 0.06648435799447149 0.1328021250656948 -0.000723425907158276 -0.06904822043092221
6.206 0.06580450015078275 0.06285495496583966 0.06652745990905243 0.131880928193864 -0.0007229597582696718 -0.06902597322802435
6.208 0.06585111024147322 0.06195647345908248 0.06657360430124636 0.1309602138140312 -0.0007224940597731418 -0.06900374035494869
6.21 0.06590002232249291 0.0610566455283653 0.06662205113358158 0.1300381673262213 -0.0007220288110886703 -0.06898152179785604
6.212 0.06595077762263596 0.06015355094889913 0.06667234163427313 0.1291128684918242 -0.0007215640116371744 -0.06895931754292503
6.214 0.06600321064181772 0.05924520606787291 0.06672431030265823 0.128182333644225 -0.0007210996608405032 -0.06893712757635211
6.216 0.06605745373252746 0.05832960742126195 0.0667780894906489 0.1272445593056134 -0.000720635758121436 -0.06891495188435148
6.218 0.06611393410153805 0.05740477518471915 0.06683410640444173 0.1262975656378742 -0.0007201723029036791 -0.06889279045315502
6.22 0.06617336346258672 0.05646879489117358 0.06689307275719858 0.1253394381601859 -0.0007197092946118656 -0.06887064326901236
6.222 0.06623672094023453 0.05551985595765062 0.06695596767290608 0.1243683662758414 -0.0007192467326715525 -0.06884851031819077
6.224 0.06630523014717286 0.05455628576799815 0.06702401476368208 0.1233826773549733 -0.0007187846165092205 -0.06882639158697519
6.226 0.06638033160716943 0.05357657833630815 0.0670986545527217 0.1223808653979763 -0.0007183229455522694 -0.06880428706166813
6.228 0.06646365185721251 0.05257941690200377 0.06718151357644153 0.1213616136305935 -0.0007178617192290194 -0.06878219672858973
6.23 0.06655697062854707 0.05156369015265555 0.06727437156551577 0.1203238107267332 -0.0007174009369687074 -0.06876012057407764
6.232 0.06666218748010139 0.05052850210583654 0.06737912807830287 0.1192665606903236 -0.0007169405982014861 -0.06873805858448709
6.234 0.06678128915056304 0.04947317598251225 0.06749776985292147 0.118189186728703 -0.0007164807023584219 -0.0687160107461908
6.236 0.06691631872441293 0.04839725265311495 0.06763233997328442 0.1170912296986939 -0.0007160212488714929 -0.06869397704557892
6.238 0.06706934749328683 0.04730048442180894 0.06778490973046042 0.115972441890868 -0.0007155622371735874 -0.06867195746905905
6.24 0.06724245015845787 0.04618282503104969 0.06795755382515636 0.114832777034106 -0.000715103666698503 -0.06864995200305629
6.242 0.06743768378275855 0.04504441681980031 0.06815232931963949 0.1136723774538134 -0.0007146455368809432 -0.06862796063401304
6.244 0.06765707067729382 0.0438855759618275 0.06837125852445033 0.1124915593102166 -0.0007141878471565169 -0.06860598334838909
6.246 0.06790258521189609 0.04270677665667914 0.06861631580885783 0.1112907967893407 -0.0007137305969617358 -0.06858402013266157
6.248 0.06817614437600412 0.04150863505761611 0.06888941816173814 0.110070706030941 -0.0007132737857340138 -0.0685620709733249
6.25 0.06847960179179483 0.04029189361004415 0.06919241920470649 0.1088320294669349 -0.0007128174129116641 -0.06854013585689078
6.252 0.06881474479367833 0.03905740635266058 0.06952710627161222 0.1075756211225488 -0.0007123614779338984 -0.06851821476988819
6.254 0.06918329413463484 0.03780612561129136 0.06989520011487566 0.1063024333101547 -0.0007119059802408244 -0.06849630769886331
6.256 0.06958690585566894 0.0365390903990445 0.07029835677494238 0.105013505029424 -0.0007114509192734438 -0.06847441463037945
6.258 0.07002717485413307 0.0352574167316355 0.07073817114860673 0.1037099522826527 -0.0007109962944736531 -0.06845253555101724
6.26 0.07050563970386281 0.03396228997655472 0.07121618180914704 0.102392960423929 -0.0007105421052842382 -0.06843067044737432
6.262 0.07102378830952151 0.03265495927996262 0.07173387666067038 0.1010637785860281 -0.0007100883511488751 -0.06840881930606547
6.264 0.07158306401414134 0.03133673405615739 0.07229269904565347 0.09972371616987999 -0.0007096350315121279 -0.0683869821137226
6.266 0.07218487181840767 0.03000898248012686 0.07289405396422712 0.0983741413371215 -0.0007091821458194465 -0.06836515885699464
6.268 0.07283058440962453 0.02867313189173562 0.0735393141031417 0.09701648141428318 -0.0007087296935171651 -0.06834334952254756
6.27 0.07352154773499132 0.02733067099890225 0.07422982540904383 0.09565222509596658 -0.0007082776740525011 -0.06832155409706432
6.272 0.07425908588606062 0.02598315375449713 0.07496691197293417 0.09428292632174201 -0.0007078260868735518 -0.06829977256724488
6.274 0.0750445050882608 0.02463220477478253 0.07575188001969009 0.09291020969458869 -0.0007073749314292955 -0.06827800491980615
6.276 0.07587909661055253 0.02327952616450295 0.07658602081772212 0.09153577730598489 -0.0007069242071695869 -0.06825625114148194
6.278 0.07676413842539755 0.02192690561329411 0.0774706123389427 0.0901614168323171 -0.0007064739135451568 -0.06823451121902299
6.28 0.07770089545892844 0.02057622562761825 0.07840691950893605 0.0887890107668151 -0.0007060240500076105 -0.06821278513919685
6.282 0.07869061827568788 0.01922947376101787 0.0793961928916973 0.08742054664980585 -0.0007055746160094267 -0.06819107288878798
6.284 0.07973454004216654 0.0178887537017408 0.0804396656531705 0.08605812815633841 -0.0007051256110039538 -0.06816937445459761
6.286 0.08083387160981478 0.01655629706905161 0.08153854864426019 0.08470398689249542 -0.0007046770344454101 -0.06814768982344381
6.288 0.08198979455185861 0.01523447575725231 0.08269402343764749 0.08336049473941363 -0.0007042288857888814 -0.06812601898216132
6.29 0.08320345198005535 0.01392581464871895 0.08390723314454568 0.08203017656632067 -0.00070378116449032 -0.06810436191760172
6.292 0.08447593695927375 0.01263300449267847 0.08517927082928028 0.0807157231093117 -0.0007033338700065416 -0.06808271861663323
6.294 0.08580827833031746 0.01135891471486404 0.08651116533211269 0.07942000378100482 -0.0007028870017952258 -0.06806108906614078
6.296 0.08720142374640125 0.01010660588388206 0.08790386430571616 0.07814607913690798 -0.0007024405593149119 -0.06803947325302592
6.298 0.08865621972839882 0.008879341512214048 0.08935821427042383 0.07689721267642094 -0.0007019945420249998 -0.06801787116420689
6.3 0.0901733885502391 0.007680598813326639 0.09087493749962484 0.07567688159994515 -0.0007015489493857466 -0.06799628278661851
6.302 0.09175350178085204 0.006514077971576132 0.0924546055617103 0.07448878607878827 -0.0007011037808582656 -0.06797470810721214
6.304 0.09339695033655666 0.005383709408128323 0.09409760937246119 0.07333685652108404 -0.0007006590359045243 -0.06795314711295572
6.306 0.09510391093997657 0.004293658445747708 0.09580412565396391 0.07222525823658144 -0.0007002147139873443 -0.06793159979083373
6.308 0.09687430894280107 0.003248326689074543 0.09757407975737147 0.07115839281692167 -0.0006997708145703968 -0.06791006612784713
6.31 0.09870777755306701 0.002252349347864932 0.09940710489018521 0.07014089545887824 -0.0006993273371182037 -0.0678885461110133
6.312 0.1006036136179141 0.001310587641916369 0.1013024978990102 0.06917762736928257 -0.0006988842810961349 -0.0678670397273662
6.314 0.1025607302529963 0.000428115343468774 0.1032591718989667 0.06827366230742483 -0.0006984416459704061 -0.06784554696395606
6.316 0.1045776067836184 -0.0003898015577240982 0.1052756062148265 0.06743426625012552 -0.0006979994312080787 -0.06782406780784962
6.318 0.1066522366731725 -0.001137733131403043 0.1073497943094495 0.06666486911472685 -0.0006975576362770568 -0.0678026022461299
6.32 0.1087820743619705 -0.001810122809238007 0.1094791906226166 0.06597102745665831 -0.0006971162606460855 -0.06778115026589632
6.322 0.110963982223439 -0.002401334771284111 0.1116606575272237 0.06535837708298047 -0.0006966753037847514 -0.06775971185426458
6.324 0.1131941791609598 -0.002905712392943544 0.1138904139261232 0.06483257460542316 -0.000696234765163478 -0.0677382869983667
6.326 0.1154681927089692 -0.00331764857432347 0.1161639873532227 0.0643992271110275 -0.0006957946442535273 -0.06771687568535097
6.328 0.1177808168534104 -0.003631668531446142 0.1184761717939374 0.06406380937093571 -0.0006953549405269944 -0.06769547790238185
6.33 0.1201260781307947 -0.003842525284220563 0.1208209937842515 0.06383156835241956 -0.0006949156534568102 -0.06767409363664012
6.332 0.1224972128768129 -0.003945307617797211 0.1231916896593296 0.06370741525752545 -0.0006944767825167361 -0.06765272287532266
6.334 0.1248866587420215 -0.003935559715499096 0.1255806970692029 0.06369580589014345 -0.0006940383271813651 -0.06763136560564255
6.336 0.1272860637376711 -0.0038094109644288 0.1279796640245972 0.06380061085040019 -0.0006936002869261181 -0.06761002181482899
6.338 0.1296863160757365 -0.00356371363103887 0.1303794787369638 0.06402497785908844 -0.0006931626612272445 -0.06758869149012731
6.34 0.1320775978798774 -0.003196185219207809 0.1327703233294392 0.06437118939959112 -0.0006927254495618186 -0.06756737461879893
6.342 0.1344494654283069 -0.002705551398951248 0.1351417540797147 0.06484051978917003 -0.0006922886514077396 -0.06754607118812128
6.344 0.1367909579106724 -0.002091684488119833 0.1374828101769162 0.06543309669726806 -0.0006918522662437284 -0.06752478118538789
6.346 0.1390907357197547 -0.001355731656793133 0.139782152013304 0.06614777294111515 -0.0006914162935493284 -0.06750350459790828
6.348 0.141337248058522 -0.0005002263916476235 0.1420282287913269 0.06698201502136031 -0.0006909807328049018 -0.06748224141300793
6.35 0.1435189281521222 0.0004708236003947847 0.1442094737356138 0.06793181521842309 -0.0006905455834916284 -0.06746099161802831
6.352 0.145624412675133 0.001551878861161093 0.1463145235202246 0.06899163406148787 -0.000690110845091505 -0.06743975520032677
6.354 0.1476427802339498 0.00273584738184332 0.1483324567510371 0.07015437952912 -0.000689676517087344 -0.06741853214727668
6.356 0.149563802008838 0.004014105945379015 0.1502530446078007 0.07141142839164617 -0.00068924259896277 -0.06739732244626716
6.358 0.151378196110829 0.005376567564369633 0.1520670052010312 0.07275269364907293 -0.00068880909020222 -0.06737612608470329
6.36 0.1530778760065364 0.006811797043275128 0.1537662519968274 0.07416674009328107 -0.0006883759902909412 -0.06735494305000594
6.362 0.1546561826606415 0.008307174392775299 0.1553441259593565 0.07564094772238708 -0.00068794329871499 -0.06733377332961178
6.364 0.1561080899649796 0.009849103293789754 0.1567956009799408 0.07716172020476307 -0.0006875110149612298 -0.06731261691097332
6.366 0.1574303736412087 0.01142325923930416 0.158117452779726 0.07871473302086293 -0.0006870791385173296 -0.06729147378155877
6.368 0.1586217351307211 0.01301486958808432 0.1593083827995928 0.08028521351693639 -0.0006866476688717625 -0.06727034392885207
6.37 0.1596828739593336 0.01460901576142908 0.1603690905648474 0.08185824310178202 -0.0006862166055138057 -0.06724922734035295
6.372 0.160616504552305 0.01619094639383753 0.1613022905002385 0.08341907039741428 -0.0006857859479335357 -0.06722812400357675
6.374 0.1614273162836897 0.01774638954925539 0.1621126719793115 0.08495342345530987 -0.0006853556956218297 -0.06720703390605448
6.376 0.1621218784418577 0.01926185220566959 0.1628068042899281 0.08644780924100241 -0.0006849258480703628 -0.06718595703533282
6.378 0.1627084945380217 0.02072489608218972 0.1633929909427933 0.08788978946116377 -0.0006844964047716077 -0.06716489337897405
6.38 0.1631970127527695 0.02212438044377718 0.1638810801179883 0.0892682233683332 -0.0006840673652188311 -0.06714384292455602
6.382 0.1635986011278946 0.02345066461391307 0.1642822398568007 0.09057347027358524 -0.000683638728906094 -0.06712280565967217
6.384 0.1639254972521102 0.0246957653549085 0.1646087077474385 0.09179754692683995 -0.0006832104953282493 -0.06710178157193145
6.386 0.1641907426171883 0.02585346681902941 0.1648735252811692 0.09293423746798773 -0.0006827826639809415 -0.06708077064895833
6.388 0.1644079115654584 0.02691938321987945 0.165090266799819 0.09397915609827226 -0.0006823552343606031 -0.06705977287839281
6.39 0.1645908439009977 0.02789097654204729 0.1652727721069622 0.0949297647899376 -0.0006819282059644555 -0.06703878824789031
6.392 0.1647533889300343 0.02876753336301267 0.1654348905083248 0.09578535010813435 -0.000681501578290505 -0.06701781674512168
6.394 0.1649091670892227 0.02955010612493049 0.1655902424400603 0.09654696448270375 -0.0006810753508375449 -0.06699685835777326
6.396 0.1650713535753129 0.03024142494061284 0.165752003098418 0.09721733801415956 -0.0006806495231051496 -0.06697591307354672
6.398 0.1652524866548476 0.03084578626975276 0.1659327107494413 0.09780076714991189 -0.0006802240945936766 -0.06695498088015912
6.4 0.1654643017309662 0.03136892461805106 0.1661441007957704 0.09830298638339394 -0.0006797990648042635 -0.06693406176534288
6.402 0.1657175908672659 0.03181787287747083 0.1663969653005047 0.09873102859431653 -0.0006793744332388269 -0.0669131557168457
6.404 0.1660220863734948 0.03220081613521443 0.1667010365728949 0.09909307885764505 -0.000678950199400061 -0.06689226272243062
6.406 0.1663863662711791 0.03252694282817732 0.1670648926339705 0.09939832559805327 -0.0006785263627914357 -0.06687138276987595
6.408 0.1668177789795766 0.03280629609736672 0.1674958819024938 0.09965681194434192 -0.0006781029229171954 -0.0668505158469752
6.41 0.1673223843745532 0.03304962717886961 0.1680000642538355 0.09987928912040679 -0.0006776798792823583 -0.06682966194153718
6.412 0.1679049084432343 0.03326825171605277 0.1685821656746271 0.1000770727574386 -0.000677257231392714 -0.06680882104138587
6.414 0.1685687090460218 0.03347390903862198 0.1692455440247766 0.1002619021729824 -0.0006768349787548217 -0.06678799313436042
6.416 0.1693157507628622 0.03367862376170952 0.1699921638837382 0.1004458019700246 -0.0006764131208760103 -0.0667671782083151
6.418 0.1701465874000382 0.03389456853545386 0.1708225790573026 0.1006409447865733 -0.0006759916572643755 -0.06674637625111943
6.42 0.1710603514269649 0.03413392643798693 0.1717359220143937 0.1008595136886448 -0.0006755705874287797 -0.06672558725065791
6.422 0.172054750360275 0.03440875136174225 0.1727299002711538 0.1011135625565724 -0.0006751499108788481 -0.0667048111948302
6.424 0.173126070876706 0.0347308248001944 0.173800800503831 0.1014148728717454 -0.0006747296271249711 -0.06668404807155098
6.426 0.1742691921788538 0.03511150770176082 0.1749435019145321 0.1017748055705108 -0.0006743097356782992 -0.06666329786875001
6.428 0.1754776108179992 0.03556158651806579 0.17615150105405 0.1022041470924378 -0.0006738902360507437 -0.06664256057437203
6.43 0.1767434797524696 0.0360911132283195 0.1774169508802245 0.1027129494046963 -0.0006734711277549751 -0.06662183617637676
6.432 0.1780576648421321 0.03670923995608058 0.1787307172524365 0.1033103646188195 -0.0006730524103044202 -0.06660112466273894
6.434 0.1794098221996825 0.03742404978432909 0.1800824562828958 0.1040044758057773 -0.0006726340832132631 -0.06658042602144822
6.436 0.1807884997878266 0.03824238648101808 0.1814607159338231 0.1048021267215272 -0.000672216145996441 -0.06655974024050915
6.438 0.1821812663224281 0.03916968701551982 0.1828530649205978 0.1057087543234611 -0.000671798598169646 -0.06653906730794124
6.44 0.183574869878264 0.04020982190381218 0.1842462513175133 0.106728229115591 -0.0006713814392493202 -0.06651840721177879
6.442 0.1849554275758226 0.04136494947630355 0.1856263922445753 0.1078627094163746 -0.0006709646687526573 -0.06649775994007107
6.444 0.1863086463587422 0.04263539101287271 0.1869791946449398 0.1091125164937548 -0.0006705482861975997 -0.06647712548088204
6.446 0.1876200731875196 0.04401953422245419 0.1882902054786224 0.1104760380447448 -0.0006701322911028371 -0.06645650382229058
6.448 0.1888753710485798 0.0455137726495977 0.1895450877315676 0.111949667601988 -0.0006697166829878052 -0.06643589495239027
6.45 0.1900606151214133 0.04711248817398886 0.190729916582786 0.1135277870332784 -0.000669301461372685 -0.06641529885928953
6.452 0.1911626014091146 0.048808082767619 0.191831488034893 0.1152027982987304 -0.0006688866257784011 -0.06639471553111144
6.454 0.192169158295947 0.05059106406975988 0.1928376304716737 0.1169652090257538 -0.0006684721757266196 -0.06637414495599388
6.456 0.1930694500395421 0.05245018717316043 0.1937375081502818 0.1188037742952497 -0.0006680581107397468 -0.06635358712208932
6.458 0.1938542603161165 0.05437265238929513 0.1945219047464574 0.1207056944068601 -0.0006676444303409295 -0.06633304201756496
6.46 0.1945162437648604 0.05634435584422293 0.1951834748989145 0.1226568654748256 -0.0006672311340540515 -0.06631250963060266
6.462 0.1950501341167476 0.05835018676798352 0.1957169523381513 0.1246421767173824 -0.0006668182214037336 -0.06629198994939886
6.464 0.1954528989641165 0.0603743625313025 0.1961193046560318 0.1266458454934671 -0.0006664056919153313 -0.06627148296216463
6.466 0.1957238334655315 0.06240079010765828 0.1963898270106465 0.1286517787647839 -0.0006659935451149341 -0.06625098865712561
6.468 0.1958645881363645 0.06441344092341277 0.1965301699168939 0.1306439479459348 -0.0006655817805293645 -0.06623050702252199
6.47 0.1958791291288747 0.06639672517449527 0.1965442995265609 0.1326067632211038 -0.0006651703976861752 -0.06621003804660852
6.472 0.1957736327878244 0.06833585172264431 0.1964383921839381 0.1345254334402987 -0.0006647593961136491 -0.06618958171765441
6.474 0.1955563194953919 0.07021716063342273 0.1962206682707327 0.1363862986573661 -0.0006643487753407971 -0.06616913802394339
6.476 0.1952372346274205 0.07202841718495591 0.1959011731623178 0.1381771241387296 -0.0006639385348973578 -0.06614870695377369
6.478 0.1948279866170182 0.0737590585837751 0.195491515291332 0.139887347079233 -0.000663528674313795 -0.0661282884954579
6.48 0.1943414535199098 0.07540038744059505 0.195004572713031 0.1415082700779182 -0.0006631191931212966 -0.06610788263732312
6.482 0.1937914700422867 0.07694570902944223 0.1944541801331385 0.143033198397153 -0.0006627100908517743 -0.06608748936771078
6.484 0.1931925067546688 0.07839041222789535 0.1938548081217067 0.1444575209028721 -0.0006623013670378607 -0.06606710867497674
6.486 0.1925593522760776 0.07973199659928809 0.1932212452972905 0.1457787371467793 -0.0006618930212129089 -0.06604674054749118
6.488 0.1919068077259471 0.08097005016821812 0.1925682927788581 0.1469964351418568 -0.0006614850529109912 -0.06602638497363864
6.49 0.1912494008913597 0.08210618395950997 0.1919104783530266 0.1481122259013279 -0.0006610774616668976 -0.06600604194181792
6.492 0.1906011255349291 0.08314393028429608 0.1912617957819452 0.1491296417247382 -0.0006606702470161339 -0.06598571144044217
6.494 0.1899752092498329 0.08408861208869382 0.1906354726583278 0.1500540055466326 -0.0006602634084949219 -0.0659653934579388
6.496 0.1893839114009226 0.0849471904979848 0.1900437683465628 0.1508922784807342 -0.0006598569456401956 -0.0659450879827494
6.498 0.1888383510848585 0.08572809709031587 0.1894978019428481 0.1516528920936457 -0.000659450857989603 -0.06592479500332984
6.5 0.1883483637681916 0.08644105653162022 0.1890074089132731 0.1523455710397704 -0.0006590451450815021 -0.0659045145081502
6.502 0.1879223843541932 0.08709690411206214 0.1885810241606482 0.1529811505977569 -0.0006586398064549612 -0.06588424648569474
6.504 0.1875673538893156 0.08770740155126285 0.1882255887309654 0.1535713924757246 -0.0006582348416497566 -0.06586399092446178
6.506 0.1872886469260738 0.08828505327808064 0.1879464771762802 0.1541288010910446 -0.0006578302502063718 -0.06584374781296393
6.508 0.1870900166724742 0.08884292431725449 0.1877474427041402 0.1546664414569823 -0.0006574260316659966 -0.06582351713972778
6.51 0.1869735554300708 0.08939445998882033 0.1876305776156413 0.1551977588821144 -0.000657022185570525 -0.0658032988932941
6.512 0.1869396683989269 0.0899533068906765 0.1875962871103894 0.1557363999528942 -0.000656618711462554 -0.0657830930622177
6.514 0.1869870596531592 0.09053313411990116 0.1876432752620446 0.1562960337549686 -0.0006562156088853825 -0.0657628996350674
6.516 0.187112729909431 0.09114745341365371 0.187768542786814 0.1568901720140799 -0.0006558128773830111 -0.06574271860042616
6.518 0.187311986567854 0.09180943686646341 0.1879673970843541 0.1575319868133542 -0.0006554105165001384 -0.06572254994689079
6.52 0.1875784673451553 0.09253173111007504 0.1882334758709374 0.1582341247731473 -0.0006550085257821618 -0.06570239366307223
6.522 0.1879041795876394 0.09332626732016583 0.1885587864924146 0.1590085170577611 -0.0006546069047751751 -0.06568224973759526
6.524 0.1882795579888438 0.09420406712796973 0.1889337636418698 0.1598661852870684 -0.0006542056530259682 -0.06566211815909871
6.526 0.188693543885021 0.09517504543974471 0.1893473486551031 0.16081704435598 -0.0006538047700820246 -0.06564199891623528
6.528 0.1891336895013341 0.09624781226538105 0.1897870937568256 0.1618697042630526 -0.0006534042554915211 -0.06562189199767153
6.53 0.1895862904174773 0.09742947687500315 0.1902392945262806 0.1630312742670911 -0.0006530041088033259 -0.06560179739208798
6.532 0.1900365490650575 0.09872545886646718 0.1906891533946245 0.1643071739546461 -0.000652604329566998 -0.06558171508817894
6.534 0.190468771227352 0.1001393119445942 0.1911209761446847 0.1657009570192468 -0.0006522049173327853 -0.06556164507465259
6.536 0.1908665962746755 0.1016725672763449 0.1915184021463271 0.1672141546165758 -0.0006518058716516234 -0.06554158734023093
6.538 0.1912132602555138 0.1033246040730134 0.191864667447589 0.1688461459466631 -0.0006514071920751348 -0.06552154187364971
6.54 0.1914918890331855 0.1050925554366628 0.1921428979113412 0.1705940641003213 -0.0006510088781556272 -0.06550150866365849
6.542 0.1916858165110974 0.106971257379246 0.1923364274405435 0.1724527450782666 -0.0006506109294460927 -0.0654814876990206
6.544 0.1917789207693267 0.1089532481894954 0.1924291341148269 0.1744147271580084 -0.0006502133455002058 -0.06546147896851301
6.546 0.1917559688208318 0.1110288239365339 0.1924057849467041 0.1764703063974604 -0.0006498161258723227 -0.06544148246092651
6.548 0.1916029588893781 0.1131861538702891 0.1922523781594956 0.1786076520353546 -0.00064941927011748 -0.06542149816506553
6.55 0.1913074478191255 0.1154114568831356 0.1919564705969169 0.1808129829528838 -0.0006490227777913938 -0.06540152606974814
6.552 0.1908588506326718 0.1176892371814857 0.1915074772811222 0.1830708033452918 -0.0006486266484504571 -0.06538156616380608
6.554 0.1902486994982227 0.1200025740930459 0.1908969303798745 0.1853641925291306 -0.0006482308816517404 -0.06536161843608472
6.556 0.1894708505138976 0.122333457762181 0.1901186859908506 0.187675140637624 -0.0006478354769529895 -0.06534168287544306
6.558 0.1885216287471632 0.1246631596427865 0.1891690691810759 0.1899849191135401 -0.0006474404339126238 -0.06532175947075364
6.56 0.1873999047649147 0.1269726244515335 0.1880469505170045 0.1922744726624361 -0.0006470457520897359 -0.06530184821090258
6.562 0.1861070992525438 0.1292428688170437 0.1867537506835878 0.1945248179018332 -0.0006466514310440899 -0.06528194908478951
6.564 0.1846471159801557 0.131455371396767 0.1852933734504918 0.1967174334780947 -0.0006462574703361211 -0.06526206208132766
6.566 0.1830262070266179 0.1335924397829714 0.1836720708961448 0.1988346269724151 -0.000645863869526933 -0.06524218718944372
6.568 0.1812527775132054 0.1356375410292995 0.1818982481413837 0.2008598654273773 -0.0006454706281782977 -0.06522232439807782
6.57 0.1793371398628242 0.137575584949968 0.1799822176086768 0.2027780586461516 -0.0006450777458526535 -0.06520247369618361
6.572 0.1772912295894568 0.1393931522518023 0.17793591481157 0.2045757873245304 -0.0006446852221131055 -0.06518263507272815
6.574 0.1751282957241749 0.1410786627877132 0.1757725887806983 0.2062414713044051 -0.0006442930565234219 -0.06516280851669191
6.576 0.1728625791818006 0.1426224824901789 0.1735064804304487 0.2077654765072477 -0.0006439012486480342 -0.06514299401706883
6.578 0.1705089917356943 0.1440169705994694 0.1711525015337463 0.2091401621623355 -0.0006435097980520367 -0.06512319156286611
6.58 0.1680828069356047 0.1452564714365311 0.1687259256399059 0.2103598725796356 -0.0006431187043011835 -0.06510340114310442
6.582 0.1655993724598787 0.1463372570412217 0.1662421004268406 0.2114208797880395 -0.0006427279669618887 -0.06508362274681771
6.584 0.1630738512427967 0.147257428430231 0.163716188828398 0.2123212847932843 -0.0006423375856012246 -0.06506385636305326
6.586 0.1605209964573003 0.1480167840203482 0.1611629440170872 0.2130608860012199 -0.0006419475597869201 -0.06504410198087163
6.588 0.1579549632380937 0.1486166639603393 0.1585965211271811 0.213641023549686 -0.0006415578890873611 -0.06502435958934669
6.59 0.1553891580370827 0.1490597788084734 0.1560303266101543 0.214064407986039 -0.0006411685730715876 -0.06500462917756557
6.592 0.1528361248049567 0.1493500302957433 0.153476904416266 0.2143349410303719 -0.0006407796113092929 -0.06498491073462857
6.594 0.150307465842425 0.1494923309468766 0.1509478568457958 0.2144575351965259 -0.0006403910033708229 -0.06496520424964931
6.596 0.1478137941759264 0.1494924282079805 0.1484537969247536 0.214437937919735 -0.0006400027488271747 -0.06494550971175454
6.598 0.1453647136683373 0.1493567375520119 0.1460043285155873 0.2142825646620961 -0.0006396148472499959 -0.06492582711008418
6.6 0.1429688227390041 0.1490921878825499 0.1436080500372157 0.2139983443163413 -0.0006392272982115816 -0.06490615643379136
6.602 0.1406337374894504 0.1487060814927646 0.1412725775907352 0.2135925791648069 -0.0006388401012848755 -0.06488649767204228
6.604 0.1383661301544923 0.1482059698991471 0.1390045834105357 0.2130728207131634 -0.0006384532560434679 -0.06486685081401634
6.606 0.1361717790698527 0.1475995460793682 0.1368098458319143 0.2124467619282741 -0.0006380667620615935 -0.06484721584890595
6.608 0.1340556267162498 0.1468945530066877 0.134693307335164 0.2117221457726044 -0.0006376806189141319 -0.06482759276591667
6.61 0.1320218428221487 0.1460987078841571 0.1326591376483253 0.2109066894384241 -0.0006372948261766048 -0.06480798155426705
6.612 0.1300738899491757 0.1452196411275637 0.1307107993326009 0.2100080233307524 -0.0006369093834251767 -0.06478838220318875
6.614 0.1282145894188561 0.1442648489095099 0.1288511137090927 0.2090336436114363 -0.0006365242902366523 -0.06476879470192641
6.616 0.1264461858469454 0.1432416579381047 0.1270823253931339 0.2079908769778424 -0.0006361395461884746 -0.06474921903973767
6.618 0.1247704089211092 0.142157201083157 0.1254061640719679 0.2068868562890502 -0.0006357551508587269 -0.06472965520589315
6.62 0.1231885313821461 0.1410184024620951 0.1238239024859722 0.2057285056517715 -0.000635371103826128 -0.06471010318967643
6.622 0.1217014224451352 0.139831970639831 0.1223364098498052 0.2045225336202151 -0.0006349874046700335 -0.06469056298038404
6.624 0.1203095961264577 0.1386043986675512 0.1209442001794281 0.2032754332348766 -0.0006346040529704337 -0.06467103456732542
6.626 0.1190132541285276 0.1373419697732028 0.1196474751768356 0.2019934877130257 -0.000634221048307952 -0.06465151793982292
6.628 0.1178123230797844 0.1360507676109302 0.1184461614700482 0.2006827806981419 -0.0006338383902638451 -0.06463201308721177
6.63 0.1167064860392117 0.1347366900710405 0.1173399421176317 0.1993492100698805 -0.0006334560784200003 -0.06461251999884003
6.632 0.1156952082577207 0.1334054657407808 0.1163282823700796 0.1979985044048495 -0.0006330741123589359 -0.06459303866406865
6.634 0.1147777572482464 0.1320626721844049 0.1154104497399102 0.1966362412566763 -0.0006326924916637989 -0.06457356907227141
6.636 0.1139532172586217 0.1307137552768737 0.11458552847454 0.1952678664897085 -0.0006323112159183641 -0.06455411121283483
6.638 0.1132204982713751 0.129364048877269 0.1138524285560822 0.1938987139524273 -0.0006319302847070337 -0.06453466507515829
6.64 0.1125783396771969 0.1280187941644289 0.1132098893748118 0.1925340248130828 -0.0006315496976148347 -0.06451523064865387
6.642 0.1120253087893327 0.1266831579789571 0.1126564782435601 0.1911789659017036 -0.0006311694542274192 -0.06449580792274645
6.644 0.111559794389099 0.1253622495237949 0.1121905839432301 0.1898386464106685 -0.0006307895541310632 -0.06447639688687359
6.646 0.1111799955220756 0.1240611347704066 0.1118104055189883 0.1885181323008922 -0.000630409996912664 -0.06445699753048562
6.648 0.1108839058050845 0.1227848479026502 0.1115139365872442 0.1872224577456957 -0.0006300307821597407 -0.06443760984304547
6.65 0.110669293559573 0.1215383991084131 0.1112989454690334 0.1859566329224419 -0.0006296519094604322 -0.06441823381402884
6.652 0.1105336781608346 0.1203267780035252 0.1111629515392381 0.1847256474364492 -0.0006292733784034968 -0.064398869432924
6.654 0.1104743030883516 0.1191549519490684 0.1111031982769299 0.1835344686383003 -0.00062889518857831 -0.06437951668923191
6.656 0.1104881062823861 0.1180278585081107 0.111116623621961 0.1823880340805768 -0.0006285173395748643 -0.06436017557246609
6.658 0.1105716885573591 0.1169503912878831 0.1111998283883429 0.1812912373600358 -0.0006281398309837678 -0.06434084607215271
6.66 0.1107212809934255 0.1159273784378841 0.1113490436558218 0.1802489066157146 -0.0006277626623962433 -0.06432152817783048
6.662 0.1109327124217569 0.1149635531328627 0.111560098255161 0.1792657750119133 -0.0006273858334041268 -0.06430222187905064
6.664 0.1112013783315783 0.114063515472196 0.1118283876751782 0.178346442637573 -0.0006270093435998663 -0.06428292716537706
6.666 0.1115222127501336 0.1132316853851079 0.1121488459427101 0.1774953294114939 -0.0006266331925765213 -0.06426364402638603
6.668 0.1118896648682093 0.1124722463546212 0.112515922248137 0.1767166188062876 -0.0006262573799277616 -0.06424437245166638
6.67 0.1122976823879415 0.1117890800700872 0.1129235642931893 0.1760141925009067 -0.0006258819052478654 -0.06422511243081942
6.672 0.1127397037354153 0.1111856924943907 0.113365210503547 0.1753915564478497 -0.0006255067681317194 -0.06420586395345895
6.674 0.1132086613834353 0.1106651322876708 0.1138337933516102 0.174851759296882 -0.0006251319681748166 -0.06418662700921117
6.676 0.1136969985419667 0.1102299030576779 0.1143217560469399 0.1743973046453927 -0.0006247575049732557 -0.06416740158771471
6.678 0.1141967013656279 0.1098818714927676 0.1148210847437516 0.1740300591713883 -0.0006243833781237409 -0.06414818767862064
6.68 0.1146993485707601 0.109622174050973 0.1153233581579837 0.1737511593225654 -0.0006240095872235787 -0.0641289852715924
6.682 0.1151961799257231 0.1094511254903698 0.1158198160575938 0.1735609198466756 -0.0006236361318706786 -0.06410979435630576
6.684 0.1156781844618767 0.1093681330841866 0.1163014474735403 0.1734587480066355 -0.0006232630116635517 -0.06409061492244891
6.686 0.116136208448133 0.1093716208113143 0.1167590986743343 0.1734430677710367 -0.0006228902262013091 -0.06407144695972235
6.688 0.1165610821954774 0.1094589680863213 0.1171835999705611 0.1735112585441601 -0.0006225177750836612 -0.06405229045783885
6.69 0.1169437636474392 0.1096264676304265 0.1175659093053501 0.1736596130369501 -0.0006221456579109162 -0.06403314540652354
6.692 0.1172754955288162 0.1098693068315912 0.1178972694031001 0.173883318627105 -0.0006217738742839802 -0.06401401179551379
6.694 0.1175479716504531 0.1101815763599766 0.1181693740742575 0.1741764659745359 -0.0006214024238043545 -0.06399488961455922
6.696 0.1177535069016171 0.1105563088819994 0.1183745382076912 0.1745320877354211 -0.0006210313060741355 -0.06397577885342172
6.698 0.1178852046108452 0.1109855494717012 0.1185058651315412 0.1749422289735766 -0.000620660520696014 -0.0639566795018754
6.7 0.1179371144253158 0.1114604578089474 0.118557404492589 0.1753980493586539 -0.0006202900672732726 -0.06393759154970655
6.702 0.1179043737350226 0.1119714405728151 0.1185242936804324 0.1758899555595288 -0.0006199199454097865 -0.06391851498671366
6.704 0.1177833260082254 0.1125083107086751 0.1184028761629354 0.1764077605113825 -0.0006195501547100213 -0.06389944980270743
6.706 0.1175716102237865 0.1130604686119473 0.1181907909185656 0.1769408645994579 -0.0006191806947790319 -0.06388039598751058
6.708 0.1172682168509905 0.1136170988762654 0.1178870284162129 0.1774784524072235 -0.0006188115652224625 -0.06386135353095813
6.71 0.1168735074560841 0.1141673752314044 0.1174919502217307 0.1780096976543015 -0.0006184427656465443 -0.06384232242289711
6.712 0.1163891968834623 0.1147006657469588 0.1170072711791204 0.1785239684001455 -0.000618074295658095 -0.06382330265318668
6.714 0.1158182989156153 0.1152067303571828 0.1164360050704799 0.1790110245688808 -0.0006177061548645177 -0.06380429421169802
6.716 0.1151650381968075 0.1156759032722704 0.1157823765396813 0.1794612003605849 -0.0006173383428737999 -0.06378529708831446
6.718 0.1144347328572665 0.1160992538303114 0.1150517037165611 0.1798655651032427 -0.0006169708592945125 -0.06376631127293131
6.72 0.1136336535706139 0.1164687207148965 0.1142502572743497 0.1802160574703525 -0.0006166037037358088 -0.06374733675545594
6.722 0.1127688656321608 0.1167772160851629 0.1133851025079683 0.1805055896109705 -0.0006162368758074233 -0.06372837352580768
6.724 0.1118480610224599 0.1170186978920709 0.1124639313975796 0.1807281194659888 -0.0006158703751196704 -0.06370942157391789
6.726 0.1108793873305345 0.117188210343644 0.1114948915318179 0.1808786912333739 -0.0006155042012834438 -0.06369048088972989
6.728 0.10987127990872 0.1172818940070398 0.1104864182626302 0.1809534454702387 -0.0006151383539102158 -0.06367155146319894
6.73 0.1088323028016353 0.1172969683015047 0.1094470756342474 0.180949601585797 -0.0006147728326120353 -0.06365263328429226
6.732 0.1077710029384063 0.1172316900840616 0.1083854105754078 0.1808654164270506 -0.0006144076370015272 -0.06363372634298894
6.734 0.1066957809078438 0.1170852926365583 0.1073098236745356 0.1807001232658383 -0.0006140427666918921 -0.06361483062928003
6.736 0.1056147804510059 0.1168579096389502 0.1062284586723028 0.1804538557721186 -0.0006136782212969043 -0.06359594613316841
6.738 0.1045357976878362 0.1165504886957115 0.1051491116882671 0.1801275615403803 -0.0006133140004309105 -0.06357707284466885
6.74 0.1034662101071842 0.1161646987235841 0.104079160210893 0.1797229094773921 -0.0006129501037088304 -0.06355821075380795
6.742 0.1024129245323583 0.1157028350715704 0.1030255110631045 0.1792421949221946 -0.0006125865307461542 -0.06353935985062419
6.744 0.1013823426448831 0.1151677256912045 0.101994565926042 0.1786882458163723 -0.000612223281158942 -0.06352052012516776
6.746 0.1003803422077928 0.1145626410643736 0.1009922025623566 0.1780643326318743 -0.0006118603545638225 -0.06350169156750074
6.748 0.09941227186261194 0.1138912099765364 0.1000237696131899 0.1773740841442333 -0.000611497750577994 -0.06348287416769696
6.75 0.09848295725753194 0.113157342632744 0.09909409272635115 0.176621410548586 -0.0006111354688192192 -0.063464067915842
6.752 0.09759671627057458 0.1123651620792893 0.09820748977948041 0.1758104348813225 -0.0006107735089058286 -0.06344527280203315
6.754 0.09675738119138373 0.1115189444313373 0.09736779306184044 0.1749454332477167 -0.0006104118704567171 -0.06342648881637948
6.756 0.09596832589012842 0.1106230680234248 0.09657837644321976 0.1740307839724266 -0.0006100505530913429 -0.06340771594900173
6.758 0.09523249620743142 0.1096819712957766 0.09584218576386115 0.173070925485809 -0.0006096895564297283 -0.06338895419003236
6.76 0.09455244202429784 0.1087001190000036 0.09516177090439031 0.172070322529619 -0.0006093288800924566 -0.06337020352961548
6.762 0.09393034969893393 0.1076819761445268 0.0945393182226346 0.1710334401024336 -0.0006089685237006723 -0.06335146395790686
6.764 0.09336807377643198 0.1066319889930882 0.09397668226330806 0.1699647244581621 -0.0006086084868760794 -0.06333273546507387
6.766 0.09286716707925671 0.1055545723686347 0.09347541584849765 0.1688685904099303 -0.0006082487692409421 -0.06331401804129561
6.768 0.0924289084660215 0.1044541024886033 0.09303679783643959 0.1677494141653659 -0.000607889370418081 -0.06329531167676264
6.77 0.09205432770144105 0.1033349145571524 0.09266185799147192 0.1666115309188296 -0.0006075302900308743 -0.06327661636167721
6.772 0.09174422701115979 0.1022013043565551 0.09235139853886305 0.1654592364428082 -0.0006071715277032563 -0.0632579320862531
6.774 0.09149919900267048 0.1010575331061733 0.09210601208573019 0.164296791946889 -0.0006068130830597162 -0.06323925884071566
6.776 0.09131964072037876 0.09990783488754823 0.09192609567610406 0.16312843150285 -0.0006064549557252972 -0.06322059661530174
6.778 0.09120576367213054 0.09875642596354924 0.09181186081745614 0.161958371363809 -0.0006060971453255951 -0.06320194540025974
6.78 0.09115759971965302 0.09760751534400564 0.09176333937113978 0.1607908205298552 -0.0006057396514867583 -0.06318330518584955
6.782 0.09117500277049666 0.09646531596775117 0.09178038524433214 0.1596299919300938 -0.0006053824738354863 -0.06316467596234258
6.784 0.09125764624804844 0.09533405587987455 0.09186267186004747 0.1584801135998962 -0.0006050256119990282 -0.06314605772002164
6.786 0.09140501635318228 0.09421798878179657 0.09200968541878746 0.1573454392309776 -0.0006046690656051823 -0.06312745044918103
6.788 0.09161640117026652 0.0931214033211442 0.09222071400454881 0.1562302574612706 -0.000604312834282295 -0.06310885414012644
6.79 0.09189087571566187 0.09204863046902428 0.09249483263332113 0.1551388992521994 -0.0006039569176592609 -0.06309026878317509
6.792 0.09222728308256496 0.09100404830534943 0.09283088439793048 0.1540757426740049 -0.000603601315365519 -0.06307169436865546
6.794 0.09262421190607653 0.0899920835014472 0.09322745793310759 0.1530452143883547 -0.0006032460270310552 -0.06305313088690752
6.796 0.09307997046023223 0.08901720875691503 0.09368286151251862 0.1520517870851976 -0.0006028910522863986 -0.06303457832828253
6.798 0.09359255780785435 0.08808393541876094 0.09419509419861696 0.1510999721019041 -0.0006025363907626221 -0.06301603668314315
6.8 0.09415963255685045 0.08719680049188999 0.09476181459894178 0.1501943064337533 -0.0006021820420913409 -0.06299750594186335
6.802 0.09477847993442093 0.08636034724821399 0.09538030794032563 0.1493393333430424 -0.0006018280059047114 -0.06297898609482842
6.804 0.09544597807369277 0.08557909866519779 0.09604745235552821 0.1485395757976327 -0.0006014742818354308 -0.06296047713243495
6.806 0.09615856461319881 0.08485752298397027 0.09675968548271555 0.1477995020290611 -0.0006011208695167358 -0.06294197904509082
6.808 0.09691220493369268 0.08419999078233931 0.09751297270227507 0.1471234826055545 -0.0006007677685824009 -0.06292349182321516
6.81 0.09770236359073695 0.08361072312039915 0.09830277856940368 0.1465157385776375 -0.0006004149786667393 -0.06290501545723838
6.812 0.09852398073342057 0.0830937305459425 0.09912404323282517 0.1459802804835446 -0.0006000624994046 -0.06288654993760208
6.814 0.09937145551268881 0.08265274305244252 0.09997116584312017 0.1455208383072016 -0.0005997103304313682 -0.06286809525475912
6.816 0.1002386386561771 0.08229113146920003 0.1008379971275601 0.1451407828683736 -0.0005993584713829635 -0.06284965139917353
6.818 0.1011188364949578 0.08201182123149606 0.1017178434168536 0.1448430395928166 -0.0005990069218958398 -0.06283121836132055
6.82 0.1020048287423985 0.0818172000215303 0.1026034844240055 0.1446299961532168 -0.0005986556816069831 -0.06281279613168654
6.822 0.1028889022163928 0.08170902137282647 0.1034872069665467 0.1445034060735955 -0.0005983047501539123 -0.06279438470076908
6.824 0.1037629024347204 0.08168830696474605 0.1043608565618951 0.1444642910238229 -0.0005979541271746769 -0.06277598405907683
6.826 0.10461830457466 0.08175525096216461 0.1052159083869679 0.1445128451592942 -0.000597603812307856 -0.0627575941971296
6.828 0.105446304657263 0.08190913032842136 0.1060435584624555 0.1446483454338796 -0.0005972538051925584 -0.06273921510545828
6.83 0.1062379309925807 0.08214822549882211 0.1068348350980491 0.144869072273427 -0.0005969041054684212 -0.06272084677460488
6.832 0.1069841749216666 0.0824697560827637 0.1075807296344422 0.1451722452778861 -0.0005965547127756084 -0.0627024891951224
6.834 0.107676138753067 0.08286983630100177 0.1082723443798218 0.1455539786585768 -0.0005962056267548107 -0.06268414235757501
6.836 0.1083051975786648 0.0833434546048711 0.1089010544257121 0.1460092608574089 -0.0005958568470472438 -0.06266580625253783
6.838 0.1088631704502283 0.0838844813275192 0.1094586788235229 0.1465319621981162 -0.0005955083732946486 -0.06264748087059703
6.84 0.1093424953054501 0.08448570727040418 0.1099376555105894 0.147114873472754 -0.0005951602051392891 -0.0626291662023498
6.842 0.1097364011612853 0.08513891485211544 0.1103312135035092 0.1477497770905197 -0.0005948123422239519 -0.06261086223840429
6.844 0.11003907054934 0.08583498189895448 0.1106335353335319 0.1484275508683341 -0.0005944647841919456 -0.06259256896937963
6.846 0.1102457850424785 0.08656401643267662 0.1108399025731655 0.1491383028185826 -0.0005941175306871 -0.06257428638590594
6.848 0.1103530470722298 0.08731551903752556 0.1109468176535836 0.1498715335161498 -0.0005937705813537638 -0.06255601447862423
6.85 0.1103586720780217 0.08807856771204636 0.1109520960138585 0.1506163209502328 -0.000593423935836806 -0.06253775323818647
6.852 0.1102618463276756 0.08884201868119321 0.1108549239214572 0.1513615213364487 -0.0005930775937816125 -0.06251950265525552
6.854 0.1100631474199219 0.08959471559691608 0.110655878974756 0.1520959783174212 -0.0005927315548340875 -0.06250126272050517
6.856 0.1097645263966793 0.09032569899340606 0.11035691221532 0.1528087324180261 -0.000592385818640651 -0.06248303342462005
6.858 0.1093692523994005 0.091024407842972 0.1099612927842487 0.1534892226012677 -0.0005920403848482382 -0.06246481475829566
6.86 0.1088818227328084 0.09168086558260358 0.1094735179859127 0.1541274722948419 -0.0005916952531042992 -0.06244660671223833
6.862 0.1083078428930335 0.09228584399643543 0.1088991933160903 0.1547142532736007 -0.0005913504230567971 -0.06242840927716527
6.864 0.1076538824461205 0.09283099974528101 0.1082448883404747 0.1552412221890855 -0.0005910058943542088 -0.06241022244380444
6.866 0.1069273135192674 0.09330897999799267 0.1075179751859129 0.1557010262008873 -0.0005906616666455218 -0.06239204620289466
6.868 0.1061361390532326 0.09371349539041408 0.1067264567928128 0.1560873759355996 -0.0005903177395802354 -0.06237388054518549
6.87 0.1052888178723824 0.09403936026905063 0.1058787919851908 0.1563950857304879 -0.0005899741128083586 -0.06235572546143728
6.872 0.1043940931137929 0.09428250174022913 0.1049837238997734 0.1566200826826503 -0.0005896307859804094 -0.06233758094242113
6.874 0.1034608297068394 0.09443994034317474 0.1040501174655869 0.1567593873220936 -0.000589287758747414 -0.06231944697891884
6.876 0.1024978655158348 0.09450974613655494 0.1030868105465957 0.1568110696982779 -0.0005889450307609066 -0.06230132356172299
6.878 0.1015138795604857 0.09449097460963657 0.1021024821621587 0.1567741852912734 -0.0005886026016729271 -0.0622832106816368
6.88 0.1005172795152051 0.09438358711194399 0.1011055399863411 0.1566486954414182 -0.0005882604711360213 -0.06226510832947425
6.882 0.09951610954474485 0.09418836047644122 0.1001040281835481 0.1564353769725012 -0.0005879186388032398 -0.06224701649605993
6.884 0.09851797852364438 0.09390679024598281 0.09910555562797252 0.1561357254182119 -0.0005875771043281367 -0.06222893517222913
6.886 0.09753000785184379 0.09354099146459183 0.09811724371920856 0.1557518558134196 -0.0005872358673647699 -0.06221086434882777
6.888 0.0965587974370563 0.09309360042878084 0.09714569236462399 0.1552864044454932 -0.0005868949275676981 -0.06219280401671237
6.89 0.09561040796539615 0.09256768016897592 0.09619696224998812 0.154742434335726 -0.0005865542845919822 -0.0621747541667501
6.892 0.09469035731170017 0.09196663179734374 0.09527657124979336 0.1541233465871625 -0.0005862139380931829 -0.06215671478981872
6.894 0.09380362882598992 0.0912941132551071 0.09438950271371728 0.1534327991319137 -0.0005858738877273609 -0.06213868587680656
6.896 0.09295468924355925 0.09055396644700021 0.09354022337671032 0.1526746338656127 -0.000585534133151075 -0.06212066741861251
6.898 0.09214751407340595 0.08975015327967463 0.09273270874742733 0.1518528126858207 -0.0005851946740213819 -0.06210265940614602
6.9 0.09138561849450595 0.08888670073229873 0.09197047400450178 0.1509713625626258 -0.000584855509995835 -0.0620846618303271
6.902 0.09067209200558074 0.08796765478133867 0.09125660864631323 0.1500343294634249 -0.0005845166407324839 -0.06206667468208622
6.904 0.09000963531065873 0.08699704277293997 0.09059381337654859 0.1490457407253044 -0.0005841780658898734 -0.06204869795236441
6.906 0.08940059816290077 0.08597884367747835 0.08998443794802781 0.1480095753095915 -0.0005838397851270424 -0.06203073163211315
6.908 0.08884701711986172 0.08491696556108427 0.08943051891796525 0.1469297412733787 -0.0005835017981035231 -0.06201277571229443
6.91 0.08835065237647727 0.0838152295582201 0.08893381648095661 0.1458100597421008 -0.0005831641044793407 -0.06199483018388068
6.912 0.08791302303219148 0.08267735961727582 0.0884958497361065 0.1446542546551306 -0.0005828267039150116 -0.06197689503785477
6.914 0.08753544031282974 0.0815069773076529 0.08811792990890129 0.1434659475728629 -0.0005824895960715434 -0.06195897026521001
6.916 0.08721903840581513 0.08030760101400894 0.08780119118642557 0.1422486568709591 -0.0005821527806104332 -0.06194105585695011
6.918 0.08696480267985669 0.07908264889423669 0.08754661893705036 0.1410058006983259 -0.0005818162571936685 -0.0619231518040892
6.92 0.08677359514882116 0.07783544503590109 0.08735507517430488 0.1397407031335529 -0.0005814800254837233 -0.06190525809765177
6.922 0.08664617710675744 0.07656922830733651 0.08722732119190101 0.1384566030360092 -0.0005811440851435604 -0.06188737472867269
6.924 0.08658322890944305 0.075287163460794 0.08716403734527968 0.1371566651489912 -0.0005808084358366285 -0.06186950168819718
6.926 0.0865853669098582 0.07399235410281388 0.08716583998708506 0.1358439930700947 -0.000580473077226863 -0.06185163896728082
6.928 0.08665315757343231 0.07268785719997523 0.087233295582411 0.1345216437569647 -0.0005801380089786829 -0.06183378655698948
6.93 0.08678712880593735 0.07137669883516137 0.08736693203669434 0.1331926432835607 -0.0005798032307569926 -0.06181594444839936
6.932 0.08698777852468284 0.07006189096881264 0.08756724726691002 0.1318600036014096 -0.0005794687422271783 -0.06179811263259692
6.934 0.08725558049418462 0.06874644899155859 0.08783471503723973 0.1305267400922376 -0.0005791345430551102 -0.06178029110067899
6.936 0.08759098743230183 0.06743340987842315 0.08816978806520896 0.1291958897221757 -0.000578800632907139 -0.06176247984375256
6.938 0.08799443137358057 0.06612585077001873 0.08857289838503066 0.1278705296229536 -0.0005784670114500966 -0.06174467885293491
6.94 0.08846632125455266 0.06482690781278277 0.08904445493290396 0.1265537959321364 -0.0005781336783512943 -0.06172688811935358
6.942 0.08900703766228968 0.06353979508834884 0.08958483829556821 0.1252489027224951 -0.0005778006332785234 -0.0617091076341463
6.944 0.08961692466393968 0.06226782345086761 0.09019439253983974 0.1239591608393286 -0.0005774678759000527 -0.06169133738846101
6.946 0.09029627861263512 0.06101441907061789 0.09087341401851974 0.1226879964440737 -0.0005771354058846284 -0.06167357737345583
6.948 0.091045333805351 0.05978314145247906 0.09162213702825248 0.1214389690327781 -0.0005768032229014741 -0.06165582758029909
6.95 0.09186424485283404 0.0585777006580363 0.09244071617945432 0.1202157886582056 -0.0005764713266202881 -0.06163808800016926
6.952 0.09275306561242427 0.05740197341052596 0.09332920532913552 0.1190223320347809 -0.0005761397167112444 -0.06162035862425495
6.954 0.09371172453339136 0.05626001770250671 0.09428753292623634 0.1178626571462616 -0.0005758083928449915 -0.06160263944375493
6.956 0.09473999627422545 0.05515608545695093 0.09531547362891811 0.116741015906829 -0.0005754773546926497 -0.06158493044987803
6.958 0.09583746947465531 0.05409463271441532 0.09641261607658112 0.1156618643482586 -0.0005751466019258139 -0.06156723163384328
6.96 0.09700351060563735 0.0530803267328171 0.09757832673985389 0.1146298697196968 -0.0005748161342165488 -0.06154954298687968
6.962 0.09823722388135084 0.0521180492945616 0.09881170983258823 0.113649913794788 -0.0005744859512373912 -0.06153186450022641
6.964 0.09953740730284096 0.05121289542034988 0.1001115633555023 0.1127270915854825 -0.000574156052661347 -0.06151419616513263
6.966 0.1009025050170325 0.05037016659463907 0.1014763314551944 0.1118667045674967 -0.0005738264381618928 -0.06149653797285762
6.968 0.1023305563211588 0.04959535751970852 0.1029040534285718 0.1110742474343791 -0.0005734971074129722 -0.06147888991467061
6.97 0.1038191418253367 0.04889413534034191 0.1043923098854257 0.1103553873221928 -0.0005731680600889971 -0.06146125198185091
6.972 0.1053653275070971 0.04827231022878588 0.105938166802962 0.1097159343944737 -0.0005728392958648462 -0.06144362416568781
6.974 0.106965607651998 0.04773579620072887 0.1075381184664139 0.1091618026582095 -0.0005725108144158645 -0.06142600645748059
6.976 0.10861584797349 0.04729056106032067 0.1091880305889079 0.1086989599088592 -0.0005721826154178615 -0.06140839884853849
6.978 0.1103112305377289 0.0469425644606527 0.110883085236276 0.1083333657908334 -0.0005718546985471121 -0.06139080133018073
6.98 0.1120462024762649 0.0466976832316181 0.1126177295397452 0.1080708971253545 -0.0005715270634803538 -0.06137321389373645
6.982 0.1138144308383512 0.04656162338527015 0.114385630548246 0.1079172599158149 -0.0005711997098947879 -0.06135563653054476
6.984 0.1156087662942072 0.04653981857519269 0.1161796389316753 0.1078778878071473 -0.0005708726374680774 -0.06133806923195465
6.986 0.1174212187241036 0.04663731527246818 0.117991764569982 0.1079578272617932 -0.0005705458458783462 -0.06132051198932503
6.988 0.1192429479828897 0.04685864553292775 0.1198131673176939 0.1081616103269524 -0.0005702193348041791 -0.06130296479402467
6.99 0.1210642732748659 0.04720768896669664 0.1216341663787905 0.1084931166041289 -0.0005698931039246205 -0.06128542763743227
6.992 0.1228747045654112 0.04768752636775074 0.1234442717183304 0.1089554268786871 -0.0005695671529191737 -0.06126790051093635
6.994 0.1246629992485261 0.04830028839097261 0.1252322407299939 0.1095506717969079 -0.0005692414814677999 -0.06125038340593527
6.996 0.1264172468395652 0.0490470036322075 0.1269861629288161 0.1102798799460447 -0.0005689160892509177 -0.06123287631383724
6.998 0.128124983735503 0.04992745141117708 0.1286935747114524 0.1111428306372374 -0.0005685909759494027 -0.0612153792260603
7 0.1297733390631136 0.05094002539887155 0.1303416052043582 0.1121379175329038 -0.0005682661412445853 -0.06119789213403225
7.002 0.1313492113211623 0.05208161487826456 0.1319171529059805 0.1132620299074553 -0.0005679415848182516 -0.06118041502919074
7.004 0.1328394739494391 0.05334751078053904 0.1334070912557917 0.1145104586835222 -0.0005676173063526419 -0.06116294790298313
7.006 0.1342312061932028 0.05473134360337319 0.1347984994987332 0.1158768343502398 -0.0005672933055304493 -0.06114549074686657
7.008 0.1355119437784345 0.05622505981228316 0.1360789133604693 0.1173531033645911 -0.0005669695820348201 -0.06112804355230799
7.01 0.1366699421067409 0.05781894229881536 0.1372365882422902 0.1189295486095994 -0.0005666461355493525 -0.06111060631078402
7.012 0.1376944430785259 0.05950167891217817 0.138260766044284 0.1205948579259592 -0.0005663229657580955 -0.061093179013781
7.014 0.1385759354266685 0.06126048103670217 0.1391419354990141 0.1223362426894972 -0.0005660000723455484 -0.06107576165279502
7.016 0.1393063977492637 0.06308125175746424 0.1398720752042604 0.124139605976796 -0.00056567745499666 -0.0610583542193318
7.018 0.1398795133967743 0.06494880049844276 0.1404448685101711 0.1259897572033496 -0.0005653551133968285 -0.0610409567049068
7.02 0.140290847070895 0.06684709833188615 0.1408558801181269 0.1278706674329313 -0.0005650330472318992 -0.06102356910104511
7.022 0.1405379744370137 0.0687595656707012 0.1411026856932019 0.1297657570699827 -0.0005647112561881651 -0.06100619139928147
7.024 0.1406205581699488 0.07066938199429373 0.1411849479099012 0.131658205585454 -0.000564389739952366 -0.06098882359116028
7.026 0.1405403664992834 0.07255980581918368 0.1411044349974951 0.1335312714874192 -0.0005640684982116867 -0.06097146566823554
7.028 0.1403012332907879 0.07441449245119899 0.1408649808214416 0.1353686100732699 -0.0005637475306537578 -0.0609541176220709
7.03 0.1399089617498784 0.0762177972155085 0.140472388586845 0.137154576659748 -0.0005634268369666528 -0.06093677944423952
7.032 0.1393711767079026 0.07795505283690295 0.1399342831247415 0.1388745039632272 -0.0005631064168388904 -0.06091945112632426
7.034 0.1386971329196469 0.07961281133770309 0.1392599191896063 0.1405149439976205 -0.0005627862699594306 -0.06090213265991746
7.036 0.1378974886759945 0.08117904306935454 0.1384599550720122 0.1420638671059756 -0.0005624663960176758 -0.06088482403662103
7.038 0.1369840552023918 0.08264328808359984 0.1375462019970952 0.1435108133316463 -0.0005621467947034698 -0.06086752524804646
7.04 0.1359695327314614 0.08399675775071797 0.1365313601971685 0.1448469940365327 -0.0005618274657070962 -0.06085023628581473
7.042 0.1348672438407448 0.08523238712702258 0.135428752249464 0.146065344268579 -0.0005615084087192792 -0.06083295714155636
7.044 0.1336908737314817 0.08634484087404952 0.1342520633549129 0.1471605286809609 -0.0005611896234311809 -0.06081568780691136
7.046 0.1324542257335002 0.08733047740113878 0.1330150968430346 0.148128905674668 -0.0005608711095344026 -0.06079842827352924
7.048 0.1311709986186657 0.08818727726235735 0.1317315514853866 0.1489684557954263 -0.0005605528667209818 -0.06078117853306893
7.05 0.129854590458292 0.08891474266443 0.1304148253529754 0.1496786812416289 -0.0005602348946833943 -0.06076393857719891
7.052 0.1285179319201713 0.0895137752609293 0.1290778491132858 0.1502604836585263 -0.0005599171931145501 -0.06074670839759703
7.054 0.1271733501912807 0.08998653928400682 0.1277329499529885 0.1507160272699574 -0.0005595997617077956 -0.06072948798595063
7.056 0.1258324632235998 0.09033631658519431 0.1263917458237568 0.1510485939191507 -0.0005592826001569116 -0.06071227733395642
7.058 0.124506102785827 0.09056735941998742 0.1250650684939831 0.151262435853308 -0.0005589657081561118 -0.06069507643332056
7.06 0.1232042638853788 0.09068474591367168 0.1237629129707789 0.1513626311894303 -0.0005586490854000438 -0.0606778852757586
7.062 0.1219360774964101 0.09069424217589683 0.1224944102279939 0.1513549460288923 -0.0005583327315837869 -0.06066070385299543
7.064 0.1207098031660268 0.09060217406105389 0.1212678198124297 0.1512457062178192 -0.0005580166464028522 -0.06064353215676536
7.066 0.1195328379338293 0.09041531065583999 0.1200905387633825 0.151041680834652 -0.0005577008295531816 -0.06062637017881203
7.068 0.1184117380447535 0.09014076075194868 0.1189691233254847 0.1507499786628371 -0.0005573852807311469 -0.06060921791088839
7.07 0.1173522501169431 0.08978588285214216 0.1179093201165766 0.1503779581968989 -0.000557069999633549 -0.06059207534475679
7.072 0.1163593487025721 0.08935820867061114 0.1169161036885297 0.1499331511428 -0.0005567549859576181 -0.06057494247218884
7.074 0.1154372775128034 0.08886537962122695 0.1159937177522044 0.1494231989061924 -0.0005564402394010114 -0.06055781928496546
7.076 0.1145895919385829 0.08831509543109646 0.1151457176982447 0.1488558012059733 -0.0005561257596618142 -0.06054070577487687
7.078 0.1138192008634711 0.08771507375802136 0.1143750124099097 0.1482386756917439 -0.000555811546438537 -0.06052360193372254
7.08 0.113128406116464 0.08707301951298482 0.1136839037158941 0.1475795272662961 -0.0005554975994301175 -0.06050650775331126
7.082 0.1125189382417887 0.08639660247641526 0.1130741221601247 0.1468860257018763 -0.0005551839183359171 -0.060489423225461
7.084 0.1119919875637673 0.08569344173424243 0.112546858066623 0.1461657900762414 -0.0005548705028557224 -0.06047234834199903
7.086 0.1115482297964959 0.084971095432726 0.1121027871491856 0.1454263785274878 -0.0005545573526897423 -0.06045528309476177
7.088 0.1111878456928684 0.08423705434819206 0.111742090160407 0.144675281823787 -0.0005542444675386102 -0.06043822747559491
7.09 0.1109105344495815 0.08349873778052669 0.1114644662966849 0.14391991925688 -0.0005539318471033802 -0.06042118147635331
7.092 0.1107155207898476 0.08276349030073797 0.1112691402809332 0.143167635389639 -0.0005536194910855285 -0.06040414508890103
7.094 0.1106015558406131 0.08203857790995708 0.1111548632398001 0.1424256962150684 -0.0005533073991869515 -0.06038711830511129
7.096 0.1105669121129966 0.08133118219906385 0.1111199076841066 0.1417012833159303 -0.0005529955711099663 -0.06037010111686648
7.098 0.110609373089849 0.08064839113604572 0.1111620570964063 0.1410014846521038 -0.0005526840065573087 -0.0603530935160581
7.1 0.1107262181287837 0.07999718515681453 0.1112785908340159 0.1403332806514014 -0.000552372705232133 -0.06033609549458684
7.102 0.1109142036068278 0.0793844173011151 0.1114662652736658 0.1397035243454776 -0.0005520616668380119 -0.06031910704436245
7.104 0.1111695414662226 0.07881678622673832 0.1117212923573015 0.1391189143840422 -0.0005517508910789344 -0.06030212815730385
7.106 0.1114878765693527 0.07830080106325343 0.1120393169470121 0.1385859598885924 -0.000551440377659307 -0.060285158825339
7.108 0.111864264530133 0.07784273724266054 0.112415394656417 0.1381109362830655 -0.0005511301262839506 -0.06026819904040494
7.11 0.1122931519513316 0.07744858268041495 0.1128439720879897 0.1376998314748628 -0.0005508201366581024 -0.06025124879444781
7.112 0.1127683612492306 0.07712397398803736 0.113318871657718 0.1373582820674602 -0.0005505104084874131 -0.06023430807942281
7.114 0.1132830824703279 0.07687412278704649 0.1138332834118058 0.1370914996743406 -0.0005502009414779478 -0.06021737688729416
7.116 0.1138298746762881 0.07670373266841007 0.1143797664116243 0.1369041878784452 -0.0005498917353361835 -0.06020045521003511
7.118 0.11440067956467 0.07661690790146242 0.114950262354439 0.1368004509410904 -0.0005495827897690103 -0.06018354303962794
7.12 0.1149868499723556 0.07661705563211398 0.1155361240768393 0.1367836960001779 -0.0005492741044837298 -0.06016664036806395
7.122 0.115579195743468 0.07670678400239428 0.116128161422656 0.1368565311897376 -0.0005489656791880538 -0.06014974718734337
7.124 0.1161680491026298 0.07688779934044898 0.1167167066162199 0.1370206628299245 -0.0005486575135901049 -0.06013286348947549
7.126 0.1167433511328741 0.07716080626709726 0.1172917007402725 0.1372767955335757 -0.0005483496073984146 -0.06011598926647849
7.128 0.1172947602020083 0.0775254151852284 0.1178428021623303 0.137624539695608 -0.000548041960321924 -0.0600991245103796
7.13 0.1178117822142726 0.0779800620949809 0.1183595167863426 0.1380623313081958 -0.0005477345720699815 -0.06008226921321489
7.132 0.1182839214098073 0.07852194593914419 0.1188313488521597 0.1385873693061736 -0.0005474274423523433 -0.06006542336702942
7.134 0.1187008491420166 0.07914698866040623 0.1192479697128958 0.1391955756242834 -0.0005471205708791722 -0.06004858696387714
7.136 0.1190525867069121 0.07984982278646105 0.1195994006642732 0.139881582782282 -0.0005468139573610371 -0.06003175999582094
7.138 0.1193296969773326 0.08062381061322758 0.1198762045788415 0.1406387530681601 -0.0005465076015089125 -0.06001494245493257
7.14 0.119523478424523 0.08146109792440651 0.1200696799275572 0.1414592322576992 -0.0005462015030341768 -0.05999813433329265
7.142 0.1196261542119352 0.08235270369893263 0.1201720498735838 0.1423340393219233 -0.0005458956616486131 -0.05998133562299068
7.144 0.1196310485366812 0.08328864549017606 0.1201766386137456 0.1432531918063011 -0.0005455900770644079 -0.05996454631612507
7.146 0.1195327423655281 0.08425809822688018 0.1200780271145222 0.1442058646316832 -0.0005452847489941497 -0.05994776640480298
7.148 0.1193272012192006 0.08524958223159443 0.1198721808963515 0.1451805781127349 -0.0005449796771508296 -0.05993099588114045
7.15 0.119011868706318 0.08625117444255043 0.1195565435675659 0.1461654091798127 -0.0005446748612478392 -0.05991423473726231
7.152 0.118585721045942 0.08725073532438971 0.119130091346941 0.147148218289692 -0.0005443703009989719 -0.05989748296530226
7.154 0.1180492797405413 0.08823614290503086 0.1185933457366598 0.1481168834624336 -0.00054406599611842 -0.05988074055740271
7.156 0.1174045817198609 0.08919552488400961 0.1179483436661817 0.1490595323897245 -0.0005437619463207755 -0.05986400750571491
7.158 0.1166551084929105 0.09011747987198587 0.1171985666442315 0.1499647636743847 -0.0005434581513210287 -0.05984728380239882
7.16 0.1158056779355011 0.09099127952952951 0.1163488325463357 0.1508218489691528 -0.0005431546108345686 -0.05983056943962325
7.162 0.1148623041353881 0.09180704460458874 0.1154051554599653 0.1516209090141544 -0.0005428513245771806 -0.05981386440956565
7.164 0.1138320320813884 0.09255588950200538 0.1143745803736534 0.1523530582064176 -0.0005425482922650471 -0.05979716870441227
7.166 0.1127227548321847 0.09323003190064505 0.1132650003457994 0.1530105142170031 -0.0005422455136147463 -0.05978048231635804
7.168 0.1115430211056548 0.09382286589748892 0.1120849640939981 0.1535866711350956 -0.0005419429883432522 -0.05976380523760664
7.17 0.1103018410149911 0.09432899904406394 0.110843481731159 0.1540761365044343 -0.0005416407161679325 -0.05974713746037039
7.172 0.1090084970145601 0.09474425531282132 0.1095498357113666 0.1544747342896917 -0.0005413386968065497 -0.05973047897687037
7.174 0.1076723661097306 0.09506564739024181 0.1082134030397078 0.154779477169578 -0.0005410369299772589 -0.05971382977933623
7.176 0.1063027581497623 0.09529132268192705 0.1068434935651609 0.1549885125419334 -0.0005407354153986085 -0.05969718986000638
7.178 0.1049087736832322 0.09542048801592587 0.1054492078360218 0.1551010472270537 -0.0005404341527895385 -0.0596805592111278
7.18 0.103499183521808 0.09545331826329134 0.1040393166636774 0.1551172560882475 -0.0005401331418693802 -0.05966393782495616
7.182 0.1020823309195296 0.09539085400633607 0.1026221633018875 0.1550381797000918 -0.0005398323823578557 -0.0596473256937557
7.184 0.1006660561973317 0.09523489303866503 0.1012055880713068 0.1548656158484643 -0.0005395318739750774 -0.05963072280979931
7.186 0.09925764276522041 0.0949878799485202 0.09979687438166196 0.1546020091138887 -0.0005392316164415463 -0.05961412916536849
7.188 0.09786378283258962 0.09465279738912302 0.09840271444206777 0.1542503421418763 -0.000538931609478153 -0.05959754475275329
7.19 0.09649056064677285 0.09423306194000725 0.09702919249957902 0.1538140315042596 -0.0005386318528061753 -0.05958096956425233
7.192 0.09514345084272058 0.09373242676514296 0.09568178318886786 0.1532968303573158 -0.0005383323461472797 -0.05956440359217285
7.194 0.09382732939405179 0.09315489261697321 0.09436536248327532 0.1527027394458038 -0.0005380330892235179 -0.05954784682883058
7.196 0.09254649469567984 0.09250462814800253 0.09308422877743718 0.1520359274145524 -0.0005377340817573289 -0.05953129926654981
7.198 0.09130469644759327 0.09178589998948816 0.0918421317710648 0.1513006608871516 -0.0005374353234715364 -0.05951476089766338
7.2 0.09010517021645099 0.09100301264619474 0.09064230703054034 0.1505012443607074 -0.0005371368140893501 -0.05949823171451261
7.202 0.08895067579950118 0.09016025793622268 0.08948751435283554 0.14964196964567 -0.0005368385533343625 -0.05948171170944736
7.204 0.08784353778145623 0.08926187346927492 0.08838007832238678 0.1487270743441009 -0.0005365405409305507 -0.05946520087482596
7.206 0.08678568694122292 0.08831200949555784 0.08732192971782519 0.1477607086985731 -0.0005362427766022743 -0.0594486992030152
7.208 0.08577870141960396 0.0873147033597784 0.08631464667967824 0.1467469100461688 -0.0005359452600742751 -0.05943220668639038
7.21 0.08482384679202909 0.08627386074827809 0.08535949478310077 0.1456895840656133 -0.000535647991071677 -0.05941572331733524
7.212 0.08392211439765795 0.08519324291157226 0.08445746536697794 0.1445924919998142 -0.0005353509693199844 -0.05939924908824196
7.214 0.08307425745461237 0.08407645906838779 0.08360931164915746 0.1434592430598989 -0.0005350541945450822 -0.05938278399151112
7.216 0.08228082464110206 0.08292696324243327 0.0828155823075753 0.1422932912619851 -0.0005347576664732356 -0.05936632801955181
7.218 0.08154219094489451 0.08174805484207957 0.08207665232972559 0.141097936006861 -0.0005344613848310884 -0.05934988116478147
7.22 0.08085858568067261 0.08054288235937201 0.08139275103001828 0.1398763257789979 -0.0005341653493456628 -0.05933344341962593
7.222 0.08023011764949553 0.0793144496341522 0.08076398720923988 0.1386314644106716 -0.0005338695597443592 -0.05931701477651942
7.224 0.07965679746969197 0.07806562419796212 0.08019037148544693 0.1373662194258667 -0.0005335740157549553 -0.05930059522790457
7.226 0.07913855714658219 0.07679914727781717 0.0796718358636878 0.1360833320440495 -0.000533278717105605 -0.05928418476623234
7.228 0.07867526697267485 0.07551764510052422 0.07920825063619968 0.1347854284844863 -0.0005329836635248386 -0.05926778338396204
7.23 0.0782667498628541 0.0742236411929596 0.07879943871759566 0.1334750322665209 -0.0005326888547415611 -0.05925139107356133
7.232 0.07791279323258307 0.07291956942129377 0.07844518752306813 0.1321545772488 -0.0005323942904850533 -0.05923500782750624
7.234 0.07761315852356097 0.07160778755279162 0.07814525849404594 0.1308264211910727 -0.0005320999704849695 -0.05921863363828106
7.236 0.0773675884723117 0.07029059115751202 0.07789939436678305 0.1294928596558904 -0.0005318058944713373 -0.0592022684983784
7.238 0.07717581220403436 0.06897022769329489 0.07770732426620891 0.1281561400935941 -0.0005315120621745572 -0.05918591240029916
7.24 0.07703754821828858 0.06764891063670025 0.07756876669161399 0.1268184759732528 -0.0005312184733254027 -0.05916956533655255
7.242 0.07695250531573908 0.06632883353514768 0.07748343044339409 0.1254820608348037 -0.0005309251276550184 -0.05915322729965605
7.244 0.0769203814971086 0.06501218386096208 0.07745101352200352 0.1241490821430974 -0.0005306320248949197 -0.05913689828213536
7.246 0.07694086084782342 0.06370115654710511 0.07747120001260041 0.1228217348236296 -0.0005303391647769927 -0.05912057827652445
7.248 0.07701360840538993 0.06239796707719892 0.07754365495242342 0.1215022343525645 -0.0005300465470334935 -0.05910426727536554
7.25 0.07713826299222347 0.06110486398850838 0.07766801716362051 0.1201928292597175 -0.0005297541713970471 -0.05908796527120909
7.252 0.07731442798564241 0.05982414062657438 0.07784389002324306 0.1188958128831881 -0.0005294620376006471 -0.05907167225661372
7.254 0.0775416599899726 0.05855814596434847 0.07807083013535025 0.1176135341884948 -0.0005291701453776549 -0.05905538822414629
7.256 0.07781945537466946 0.05730929426659047 0.07834833386913126 0.1163484074329723 -0.0005288784944617998 -0.05903911316638184
7.258 0.07814723464837371 0.05608007334302582 0.07867582173296089 0.1151029204189294 -0.0005285870845871776 -0.05902284707590363
7.26 0.07852432465356747 0.05487305109184217 0.07905262056905572 0.1138796410371452 -0.0005282959154882502 -0.05900658994530302
7.262 0.07894993859185762 0.05369087998909931 0.07947794357875745 0.1126812217562789 -0.0005280049868998449 -0.05899034176717959
7.264 0.07942315392782354 0.05253629913134993 0.07995086822638069 0.111510401665491 -0.0005277142985571541 -0.05897410253414104
7.266 0.07994288827181492 0.05141213339034266 0.08047031212201065 0.1103700056291459 -0.0005274238501957346 -0.05895787223880319
7.268 0.080507873411266 0.05032128919218054 0.08103500705281751 0.1092629400659706 -0.0005271336415515067 -0.05894165087379001
7.27 0.08111662774775125 0.04926674639283665 0.081643471420112 0.1081921848245703 -0.0005268436723607545 -0.0589254384317336
7.272 0.0817674275044421 0.04825154569191358 0.08229398144680222 0.1071607805971877 -0.0005265539423601232 -0.0589092349052741
7.274 0.08245827719683899 0.04727877101197378 0.0829845416481256 0.1061718112990336 -0.0005262644512866219 -0.05889304028705981
7.276 0.08318688000800878 0.0463515262786768 0.0837128552068864 0.1052283808484239 -0.0005259751988776196 -0.05887685456974707
7.278 0.08395060887605131 0.04547290607472283 0.08447629506092216 0.1043335838207231 -0.0005256861848708462 -0.05886067774600029
7.28 0.08474647928248275 0.04464595971585267 0.08527187669148714 0.1034904695243446 -0.0005253974090043925 -0.05884450980849195
7.282 0.08557112491878782 0.04387364841877131 0.08609623378980454 0.1027019991686739 -0.0005251088710167079 -0.05882835074990257
7.284 0.08642077759490453 0.04315879540658965 0.08694559816555114 0.1019709959695104 -0.000524820570646602 -0.05881220056292075
7.286 0.08729125292514887 0.04250402903354353 0.08781578543278211 0.1013000882737865 -0.0005245325076332412 -0.058796059240243
7.288 0.08817794346721188 0.04191171931163818 0.08870218814892802 0.1006916460862122 -0.000524244681716151 -0.05877992677457398
7.29 0.08907582107833964 0.04138390858755676 0.08959977817097485 0.100147711746183 -0.0005239570926352135 -0.05876380315862625
7.292 0.08997945026765794 0.0409222375427813 0.09050312000778861 0.09966992592790173 -0.0005236697401306676 -0.05874768838512043
7.294 0.09088301424077876 0.04052786816123533 0.09140639686472186 0.09925945060802041 -0.0005233826239431081 -0.05873158244678509
7.296 0.09178035512950306 0.04020140580577855 0.09230345087331654 0.0989168911421353 -0.0005230957438134853 -0.05871548533635675
7.298 0.09266502955714627 0.03994282303737227 0.09318783865662937 0.0986422200839522 -0.0005228090994831042 -0.05869939704657992
7.3 0.09353038019638107 0.0397513882600812 0.0940529028870747 0.09843470583028827 -0.0005225226906936246 -0.05868331757020707
7.302 0.094369623330628 0.039625602634911 0.09489185984781506 0.09829284953490958 -0.0005222365171870595 -0.05866724689999857
7.304 0.09517595164586325 0.03956314892515418 0.09569790222456902 0.09821433395387691 -0.0005219505787057746 -0.05865118502872273
7.306 0.09594265058732515 0.03956085596534114 0.09646431546231764 0.09819598791449693 -0.0005216648749924893 -0.0586351319491558
7.308 0.09666322566456856 0.03961468224108187 0.09718460507035884 0.09823376989516375 -0.000521379405790274 -0.05861908765408187
7.31 0.09733153714468337 0.03971972159765124 0.09785263131552592 0.09832277373394425 -0.0005210941708425509 -0.05860305213629301
7.312 0.09794193771752049 0.03987023335110979 0.09846274688741359 0.09845725873969891 -0.0005208091698930925 -0.05858702538858912
7.314 0.09848940803463237 0.04005969807311234 0.09900993243731838 0.09863070547689032 -0.0005205244026860224 -0.05857100740377798
7.316 0.09896968459929992 0.04028089910522103 0.09948992446826573 0.09883589727989625 -0.0005202398689658132 -0.05855499817467522
7.318 0.09937937438874928 0.04052602850528762 0.09989932995722656 0.09906502619939199 -0.0005199555684772866 -0.05853899769410437
7.32 0.09971605086685707 0.04078681473689427 0.1002357223678227 0.09930982069179098 -0.0005196715009656129 -0.05852300595489671
7.322 0.09997832670829437 0.04105466809775259 0.1004977143744707 0.09956169104764405 -0.0005193876661763104 -0.05850702294989146
7.324 0.1001658995762195 0.04132083876233157 0.1006850036400747 0.09981188743426714 -0.0005191040638552447 -0.05849104867193557
7.326 0.1002795686088959 0.04157658149393569 0.1007983893026446 0.1000516646078195 -0.0005188206937486282 -0.05847508311388385
7.328 0.1003212207761938 0.04181332064285737 0.1008397583317968 0.1002724469114562 -0.0005185375556030193 -0.05845912626859886
7.33 0.1002937878420978 0.04202280903433044 0.1008120424912631 0.1004659871632815 -0.0005182546491653227 -0.05844317812895101
7.332 0.1002011761828373 0.04219727476410782 0.1007191481570201 0.1006245134519263 -0.0005179719741827877 -0.05842723868781844
7.334 0.1000481730384056 0.04232955071891543 0.1005658625688086 0.1007408586570025 -0.0005176895304030078 -0.05841130793808706
7.336 0.09984033381636159 0.04241318274506715 0.1003577411339355 0.1008085686177177 -0.0005174073175739212 -0.05839538587265054
7.338 0.09958385575226272 0.04244251369608545 0.1001009810877065 0.1008219861804958 -0.000517125335443809 -0.05837947248441031
7.34 0.09928544353149252 0.04241274198152029 0.09980228711525381 0.1007763097477958 -0.0005168435837612954 -0.05836356776627551
7.342 0.09895217240196998 0.04231995459916666 0.09946873446424533 0.1006676263103297 -0.0005165620622753468 -0.05834767171116301
7.344 0.09859135390007429 0.04216113586038211 0.09910763467080956 0.1004929201723795 -0.0005162807707352711 -0.0583317843119974
7.346 0.0982104086421702 0.04193415403684638 0.09872640835106092 0.1002500595985573 -0.0005159997088907178 -0.05831590556171096
7.348 0.0978167497842559 0.04163772891912859 0.09833246866074759 0.0999377643723723 -0.0005157188764916768 -0.05830003545324371
7.35 0.09741767980944011 0.04127138376489591 0.09793311808272859 0.09955555774443917 -0.0005154382732884779 -0.05828417397954326
7.352 0.09702030234762961 0.0408353853360859 0.0975354602466614 0.09910370646965086 -0.0005151578990317904 -0.05826832113356496
7.354 0.09663144983110956 0.04033067570912189 0.09714632758458219 0.09858315261739371 -0.0005148777534726228 -0.05825247690827182
7.356 0.09625762699403541 0.03975879933353506 0.09677222483039773 0.09799544063016953 -0.0005145978363623221 -0.05823664129663447
7.358 0.09590496956502492 0.03912182846216274 0.0964192877124775 0.09734264275379394 -0.0005143181474525723 -0.05822081429163119
7.36 0.09557921699424826 0.03842228963096066 0.09609325568074366 0.09662728551720855 -0.0005140386864953958 -0.05820499588624789
7.362 0.09528569769966469 0.0376630933750032 0.09579945715290784 0.09585227944848131 -0.0005137594532431509 -0.05818918607347811
7.364 0.09502932510007409 0.03684746886885843 0.09554280554752262 0.09502085371518143 -0.0005134804474485327 -0.058173384846323
7.366 0.09481460260644943 0.0359789047044231 0.095327804275314 0.09413649690221437 -0.0005132016688645714 -0.05815759219779127
7.368 0.09464563574521405 0.03506109658897769 0.09515855886245868 0.09320290470987695 -0.0005129231172446325 -0.05814180812089927
7.37 0.09452614966401648 0.03409790237380562 0.0950387944563589 0.09222393498247651 -0.0005126447923424162 -0.05812603260867089
7.372 0.09445951039928208 0.03309330451436972 0.09497187709319403 0.09120357016850732 -0.0005123666939119566 -0.0581102656541376
7.374 0.09444874844564836 0.03205137981720935 0.09496083726735599 0.09014588706754781 -0.0005120888217076213 -0.05809450725033845
7.376 0.09449658334327977 0.03097627614236697 0.09500839451876389 0.08905503353268696 -0.0005118111754841105 -0.05807875739031999
7.378 0.0946054481769068 0.02987219559601027 0.09511698193190327 0.08793521166314661 -0.0005115337549964573 -0.05806301606713634
7.38 0.09477751305054978 0.02874338365824166 0.0952887696105498 0.08679066693209081 -0.0005112565600000265 -0.05804728327384915
7.382 0.09501470675764817 0.02759412363709369 0.09552568634789868 0.08562568264062125 -0.0005109795902505137 -0.05803155900352756
7.384 0.09531873600383436 0.02642873581234804 0.09582943884933831 0.08444457906159628 -0.0005107028455039456 -0.05801584324924823
7.386 0.09569110165727665 0.02525158062454352 0.09620152798279333 0.08325171662863885 -0.0005104263255166797 -0.05800013600409533
7.388 0.09613311159920626 0.02406706526823785 0.09664326162925166 0.08205150252939834 -0.0005101500300454023 -0.05798443726116049
7.39 0.09664588982642948 0.02287965305768859 0.09715576378527661 0.08084840007123144 -0.0005098739588471293 -0.05796874701354285
7.392 0.09723038152048254 0.02169387494283036 0.09773997963216174 0.07964694019717933 -0.0005095981116792049 -0.05795306525434896
7.394 0.09788735384741305 0.02051434255986371 0.09839667633571235 0.0784517345365566 -0.0005093224882993018 -0.05793739197669289
7.396 0.09861739229162876 0.01934576219989719 0.09912643938009418 0.0772674893735933 -0.0005090470884654202 -0.05792172717369611
7.398 0.09942089236037754 0.01819294906921433 0.09992966427231344 0.07609901990770188 -0.0005087719119358868 -0.05790607083848755
7.4 0.1002980465262216 0.01706084119418286 0.100806543484691 0.07495126415838639 -0.0005084969584693554 -0.05789042296420353
7.402 0.1012488263078198 0.01595451229117407 0.1017570485356446 0.07382929583516191 -0.0005082222278248055 -0.05787478354398785
7.404 0.1022729594288064 0.01487918287760194 0.102780907148568 0.07273833544859359 -0.0005079477197615421 -0.05785915257099165
7.406 0.1033699020449553 0.01384022884514086 0.1038775754789945 0.07168375888351436 -0.0005076734340391949 -0.0578435300383735
7.408 0.1045388060965999 0.01284318665140101 0.1050462054670176 0.07067110259070035 -0.0005073993704177183 -0.05782791593929934
7.41 0.1057784819308952 0.01189375421532045 0.1062856074595526 0.06970606448226295 -0.0005071255286573903 -0.0578123102669425
7.412 0.1070873564517803 0.01099778652831362 0.1075942083602992 0.06879449954279729 -0.0005068519085188126 -0.05779671301448367
7.414 0.1084634271996465 0.01016128492288973 0.1089700057094094 0.06794240909800062 -0.0005065785097629091 -0.05778112417511089
7.416 0.109904212941239 0.009390378880979641 0.1104105182733899 0.06715592262299917 -0.0005063053321509264 -0.05776554374201953
7.418 0.11140670156621 0.008691299224642041 0.1119127339416544 0.06644127093305438 -0.0005060323754444327 -0.05774997170841234
7.42 0.1129672963419078 0.008070341523102785 0.1134730559813132 0.06580474959060216 -0.0005057596394053179 -0.05773440806749938
7.422 0.1145817618710085 0.007533818585747795 0.1150872489948043 0.06525267139824577 -0.0005054871237957921 -0.05771885281249797
7.424 0.1162451714228775 0.007088001005664708 0.1167503862512559 0.06479130694229754 -0.0005052148283783855 -0.05770330593663283
7.426 0.1179518576616092 0.006739044888189751 0.1184568004145252 0.06442681232132565 -0.0005049427529159485 -0.0576877674331359
7.428 0.1196953691568412 0.006492906160514324 0.1202000400540128 0.06416514345576076 -0.0005046708971716504 -0.05767223729524643
7.43 0.1214684354179218 0.006355241226493884 0.1219728346788308 0.06401195674270486 -0.0005043992609089791 -0.05765671551621098
7.432 0.1232629435120361 0.006331294217410216 0.1237670713559279 0.06397249630669355 -0.0005041278438917407 -0.05764120208928333
7.434 0.1250699295780726 0.006425771701238196 0.1255737862239567 0.06405146870896274 -0.000503856645884059 -0.05762569700772454
7.436 0.1268795886909982 0.006642706448056437 0.1273831743576485 0.06425290671285934 -0.0005035856666503751 -0.0576102002648029
7.438 0.1286813065224664 0.006985312694482257 0.1291846214284219 0.06458002454827623 -0.0005033149059554461 -0.05759471185379397
7.44 0.1304637160361657 0.00745583627794668 0.1309667603997301 0.06503506804592718 -0.0005030443635643457 -0.0575792317679805
7.442 0.1322147820078392 0.008055403978179852 0.1327175560470817 0.06561916397883236 -0.0005027740392424633 -0.0575637600006525
7.444 0.1339219154361385 0.008783877346742561 0.134424419368894 0.0663321738918497 -0.000502503932755503 -0.05754829654510714
7.446 0.1355721188918818 0.009639717147452966 0.1360743529357513 0.06717255854210179 -0.0005022340438694835 -0.05753284139464882
7.448 0.1371521625431526 0.01061986517897664 0.1376541269155033 0.06813725972156577 -0.0005019643723507376 -0.05751739454258913
7.45 0.1386487890252274 0.01171965060761057 0.1391504839431933 0.0692216065898574 -0.0005016949179659121 -0.05750195598224683
7.452 0.1400489435638941 0.0129327279073311 0.1405503692443761 0.07041925361427895 -0.0005014256804819659 -0.05748652570694784
7.454 0.1413400239103751 0.01425105300487795 0.1418411805700413 0.07172215671490323 -0.0005011566596661716 -0.05747110371002528
7.456 0.1425101428413117 0.01566490320860946 0.1430110306965978 0.0731205931934288 -0.0005008878552861128 -0.05745568998481934
7.458 0.1435483943758218 0.01716294495085458 0.1440490136429315 0.07460322947553204 -0.0005006192671096856 -0.05744028452467746
7.46 0.1444451136321238 0.01873235133810042 0.1449454645270289 0.07615723866105456 -0.0005003508949050964 -0.05742488732295414
7.462 0.1451921195465705 0.02035896908099226 0.1456922022850114 0.07776846745400326 -0.0005000827384408625 -0.057409498373011
7.464 0.1457829296364206 0.02202753172420902 0.1462827444339065 0.0794216493924258 -0.0004998147974858107 -0.05739411766821678
7.466 0.146212936679665 0.02372191341407117 0.146712483751474 0.08110065861601855 -0.0004995470718090785 -0.05737874520194738
7.468 0.1464795386188352 0.0254254149551777 0.1469788181800153 0.08278879592276339 -0.0004992795611801112 -0.05736338096758569
7.47 0.1465822151028451 0.02712107184295971 0.1470812273682137 0.08446909680148149 -0.0004990122653686634 -0.05734802495852178
7.472 0.1465225467180587 0.02879197251352383 0.1470212919022035 0.08612464968167656 -0.0004987451841447976 -0.05733267716815273
7.474 0.1463041759229247 0.0304215743685925 0.1468026542402036 0.08773891195847523 -0.0004984783172788837 -0.05731733758988273
7.476 0.1459327117459416 0.03199400528174851 0.1464309234104832 0.08929601149887149 -0.000498211664541599 -0.05730200621712299
7.478 0.1454155831812025 0.03349433925645684 0.1459135284069064 0.09078102229974862 -0.0004979452257039269 -0.05728668304329178
7.48 0.1447618486865431 0.03490883658976977 0.1452595276870803 0.09218020465158416 -0.0004976790005371572 -0.0572713680618144
7.482 0.143981971071478 0.03622514113400318 0.1444793840602909 0.09348120240012639 -0.0004974129888128854 -0.05725606126612321
7.484 0.143087568237946 0.03743242983033361 0.143584715428249 0.09467319247999115 -0.0004971471903030118 -0.05724076264965754
7.486 0.14209115066577 0.03852151238455406 0.1425880322705497 0.09574698459041781 -0.0004968816047797414 -0.05722547220586375
7.488 0.1410058562494622 0.03948488154729871 0.1415024724814777 0.0966950714754939 -0.0004966162320155834 -0.0572101899281952
7.49 0.1398451921902553 0.04031671676161018 0.1403415432620387 0.09751163257172242 -0.0004963510717833505 -0.05719491581011224
7.492 0.1386227922683449 0.04101284581282637 0.139118878392201 0.09819249565790861 -0.0004960861238561593 -0.05717964984508223
7.494 0.1373521961287293 0.04157067047990002 0.1378480175167367 0.09873506250647944 -0.0004958213880074275 -0.05716439202657942
7.496 0.136046655377004 0.04198906301938639 0.1365422122410149 0.09913820536747149 -0.0004955568640108766 -0.0571491423480851
7.498 0.1347189694506065 0.04226824063964731 0.135214262002247 0.09940214144273481 -0.0004952925516405291 -0.05713390080308749
7.5 0.1333813525295491 0.04240962500719804 0.1338763809802198 0.09952829239227978 -0.0004950284506707084 -0.05711866738508174
7.502 0.1320453312691677 0.04241569335655863 0.1325400958300438 0.09951913544412859 -0.0004947645608760394 -0.05710344208756996
7.504 0.130721671930263 0.04228982704769599 0.1312161728122944 0.09937805195175711 -0.0004945008820314464 -0.05708822490406112
7.506 0.1294203345700748 0.04203616252855304 0.129914571983987 0.09910917835662424 -0.0004942374139121539 -0.05707301582807119
7.508 0.1281504513362215 0.04165944870149472 0.1286444254925152 0.09871726355461773 -0.0004939741562936862 -0.05705781485312301
7.51 0.1269203255496987 0.04116491373506776 0.1274140366586506 0.09820753570781407 -0.0004937111089518656 -0.05704262197274631
7.512 0.1257374481333065 0.04055814346159083 0.1262308964049693 0.09758558064206856 -0.0004934482716628131 -0.05702743718047772
7.514 0.1246085279946017 0.03984497269479067 0.1251017136388046 0.09685723316465139 -0.0004931856442029474 -0.05701226046986072
7.516 0.1235395331620611 0.03903139011244891 0.1240324563884101 0.09602848194689463 -0.0004929232263489851 -0.05699709183444572
7.518 0.1225357397559681 0.03812345678542627 0.123028400773846 0.09510538805321619 -0.000492661017877939 -0.05698193126778992
7.52 0.1216017862146985 0.03712723799523487 0.1220941852332657 0.09409401675869229 -0.0004923990185671187 -0.05696677876345742
7.522 0.1207417305614635 0.03604874765919291 0.1212338677896576 0.09300038197421207 -0.0004921372281941298 -0.05695163431501915
7.524 0.1199591088612601 0.03489390446139366 0.120450984507797 0.09183040237744654 -0.0004918756465368736 -0.05693649791605288
7.526 0.1192569933657738 0.03366849865414261 0.1197486076391474 0.09058986821428577 -0.0004916142733735458 -0.05692136956014316
7.528 0.1186380491632817 0.03237816843219738 0.1191294022717643 0.08928441767307881 -0.0004913531084826372 -0.05690624924088142
7.53 0.1181045884335208 0.03102838477498844 0.1185956805851638 0.0879195217268543 -0.0004910921516429323 -0.05689113695186586
7.532 0.1176586216514887 0.02962444368645433 0.1181494530541222 0.0865004763731558 -0.0004908314026335098 -0.05687603268670147
7.534 0.1173019052885545 0.02817146482604297 0.1177924761497882 0.08503240126504304 -0.0004905708612337411 -0.05686093643900007
7.536 0.1170359857253594 0.02667439560687841 0.1175262962525827 0.08352024380925861 -0.0004903105272232901 -0.0568458482023802
7.538 0.1168622392221576 0.02513801993040216 0.1173522896225397 0.08196878790086937 -0.0004900504003821131 -0.05683076797046721
7.54 0.1167819078919343 0.02356697082457116 0.1172716983724247 0.08038266656146437 -0.0004897904804904587 -0.05681569573689321
7.542 0.1167961316934923 0.02196574634926904 0.1172856624608212 0.07876637784456608 -0.0004895307673288661 -0.05680063149529704
7.544 0.1169059765100989 0.02033872822515422 0.1173952477707771 0.07712430346447853 -0.0004892712606781656 -0.05678557523932432
7.546 0.1171124584076157 0.01869020272828548 0.1176014703679351 0.07546072969091282 -0.0004890119603194775 -0.05677052696262734
7.548 0.1174165641777512 0.01702438347009019 0.1179053170437854 0.07377987012895539 -0.0004887528660342127 -0.05675548665886519
7.55 0.1178192682702712 0.01534543575038701 0.1183077622478753 0.07208589007209065 -0.0004884939776040712 -0.05674045432170365
7.552 0.1183215462051181 0.01365750222971853 0.1188097814999292 0.07038293217453367 -0.0004882352948110415 -0.05672542994481514
7.554 0.1189243845337128 0.01196472971498163 0.1194123613511502 0.06867514323686053 -0.0004879768174374011 -0.0567104135218789
7.556 0.1196287873900724 0.01027129689044604 0.1201165059353382 0.06696670193702683 -0.0004877185452657162 -0.05669540504658079
7.558 0.1204357796382995 0.008581442853623292 0.1209232401163783 0.06526184736623662 -0.0004874604780788392 -0.05668040451261333
7.56 0.1213464065847321 0.00689949633295199 0.121833609200392 0.06356490824662776 -0.0004872026156599108 -0.05666541191367577
7.562 0.1223617301818978 0.005229905470862099 0.1228486751396902 0.06188033271433607 -0.0004869449577923575 -0.05665042724347397
7.564 0.1234828216082861 0.003577268052022561 0.123969509112546 0.06021271854774305 -0.0004866875042598931 -0.05663545049572049
7.566 0.1247107500637604 0.001946362041969935 0.1251971803186069 0.05856684370610445 -0.0004864302548465165 -0.05662048166413451
7.568 0.126046567576652 0.0003421762747506663 0.1265327407859885 0.0569476970171925 -0.0004861732093365115 -0.05660552074244184
7.57 0.1274912895760033 -0.001230058910147339 0.1279772059435177 0.05536050881422759 -0.0004859163675144479 -0.05659056772437493
7.572 0.1290458709426119 -0.002764841332497943 0.1295315306717771 0.05381078127117493 -0.0004856597291651791 -0.05657562260367287
7.574 0.1307111772175897 -0.004256367253977954 0.1311965805116636 0.05230431812010336 -0.0004854032940738428 -0.05656068537408131
7.576 0.1324879506187587 -0.005698502674688813 0.1329730976807845 0.05084725335466376 -0.0004851470620258603 -0.05654575602935257
7.578 0.1343767704963318 -0.007084756134701317 0.1348616615291388 0.04944607842854416 -0.0004848910328069354 -0.05653083456324548
7.58 0.1363780078533368 -0.008408253623108104 0.1368626430595398 0.04810766734641742 -0.0004846352062030552 -0.05651592096952552
7.582 0.1384917735671546 -0.009661716324920855 0.1389761531491551 0.04683929891704389 -0.0004843795820004891 -0.05650101524196474
7.584 0.1407178599804451 -0.01083744207956823 0.1412019841404309 0.0456486752947735 -0.0004841241599857875 -0.05648611737434173
7.586 0.1430556755893802 -0.01192729158382867 0.143539544529326 0.04454393577661296 -0.0004838689399457824 -0.05647122736044163
7.588 0.1455041726498274 -0.01292268054354586 0.145987786571495 0.04353366465051032 -0.0004836139216675873 -0.05645634519405618
7.59 0.1480617676548473 -0.01381457915886723 0.1485451267597859 0.04262689171011639 -0.0004833591049385949 -0.05644147086898361
7.592 0.1507262548180891 -0.01459352051201741 0.1512093593076356 0.04183308386701134 -0.000483104489546479 -0.05642660437902874
7.594 0.1534947129341675 -0.01524961960586871 0.1539775630094466 0.04116212611213413 -0.0004828500752791921 -0.05641174571800284
7.596 0.156363406285907 -0.01577260496520962 0.156846002147832 0.04062428991451412 -0.0004825958619249662 -0.05639689487972374
7.598 0.1593276806371184 -0.01615186484668682 0.1598100224863907 0.04023018701132898 -0.000482341849272312 -0.0563820518580158
7.6 0.1623818557912761 -0.01637651018948958 0.1628639438283861 0.03999070645722023 -0.0004820880371100182 -0.05636721664670982
7.602 0.1655191167120326 -0.01643545645541281 0.1660009511372597 0.0399169327842303 -0.000481834425227151 -0.05635238923964311
7.604 0.1687314057883768 -0.01631752642881638 0.1692129868017899 0.04002004320184312 -0.0004815810134130547 -0.0563375696306595
7.606 0.1720093194739342 -0.0160115758453701 0.1724906472753915 0.04031118196823914 -0.0004813278014573496 -0.05632275781360924
7.608 0.1753420132172513 -0.0155066433631828 0.1758230880064013 0.04080131041916631 -0.0004810747891499332 -0.0563079537823491
7.61 0.1787171193003568 -0.01479212585097998 0.1791979412766377 0.04150103167976225 -0.0004808219762809784 -0.05629315753074224
7.612 0.1821206828740496 -0.01385797921781352 0.1826012522366905 0.04242038983484479 -0.0004805693626409341 -0.0562783690526583
7.614 0.18553712206579 -0.01269494402791186 0.1860174390138105 0.04356864431406153 -0.0004803169480205241 -0.05626358834197339
7.616 0.1889492184749249 -0.01129479392341243 0.1894292832071356 0.04495402146915755 -0.000480064732210747 -0.05624881539256998
7.618 0.1923381445804848 -0.009650603426281483 0.1928179572954877 0.04658344677205555 -0.0004798127150028757 -0.05623405019833703
7.62 0.1956835344837433 -0.007757030040695223 0.1961630953799317 0.04846226271247465 -0.0004795608961884569 -0.05621929275316987
7.622 0.1989636039063578 -0.005610603788256202 0.1994429131819171 0.05059393926271406 -0.0004793092755593108 -0.05620454305097026
7.624 0.202155324385294 -0.003210015473819036 0.2026343822382015 0.0529797856118273 -0.0004790578529075304 -0.05618980108564633
7.626 0.2052346550888023 -0.0005563932257148518 0.2057134617168278 0.05561867362539778 -0.0004788066280254814 -0.05617506685111263
7.628 0.2081768335990156 0.002346444663440826 0.2086553891997214 0.05850678500473092 -0.0004785556007058018 -0.05616034034129009
7.63 0.2109567243848905 0.005491773670652796 0.2114350291556319 0.06163739522075876 -0.0004783047707414007 -0.05614562155010596
7.632 0.2135492206026592 0.008869797323434223 0.2140272747405846 0.06500070779492814 -0.0004780541379254593 -0.05613091047149392
7.634 0.21592969145639 0.01246754511771452 0.2164074951584414 0.06858375221710845 -0.0004778037020514286 -0.05611620709939394
7.636 0.2180744638382257 0.01626884615904978 0.2185520173011387 0.07237035758680219 -0.0004775534629130312 -0.0561015114277524
7.638 0.2199613236169407 0.02025438840844458 0.220438627037245 0.07634121185896657 -0.0004773034203042589 -0.05608682345052199
7.64 0.2215700190642792 0.02440187021651866 0.2220470726382985 0.08047401337818037 -0.0004770535740193732 -0.05607214316166171
7.642 0.2228827468177572 0.02868624674809687 0.2233595507416102 0.08474371730323377 -0.0004768039238529047 -0.0560574705551369
7.644 0.223884599765705 0.03308006915286044 0.2243611542353047 0.08912287477777969 -0.0004765544695996535 -0.05604280562491925
7.646 0.2245639565257636 0.03755390925057218 0.2250402617368183 0.09358205761555886 -0.0004763052110546867 -0.05602814836498668
7.648 0.2249127938828109 0.04207685746602151 0.2253888500308243 0.09809035623534497 -0.0004760561480133402 -0.05601349876932346
7.65 0.2249269066343212 0.04661707720338398 0.2254027139145925 0.1026159340353041 -0.0004758072802712167 -0.05599885683192013
7.652 0.22460602359155 0.05114239521310866 0.2250815821991742 0.1071266177598822 -0.0004755586076241871 -0.05598422254677354
7.654 0.2239538136975662 0.0556209051268196 0.2244291238274346 0.1115905010347064 -0.0004753101298683877 -0.05596959590788676
7.656 0.2229777819358334 0.06002156045365449 0.2234528437826336 0.1159765373629237 -0.0004750618468002215 -0.05595497690926916
7.658 0.2216890604428676 0.06431473403678448 0.222163874201084 0.1202550995817208 -0.0004748137582163571 -0.05594036554493636
7.66 0.2201021055293344 0.0684727231875734 0.2205766713932482 0.1243984849964836 -0.0004745658639137291 -0.05592576180891022
7.662 0.2182343157346361 0.07247018322553705 0.2187086338983256 0.1283813489207559 -0.0004743181636895362 -0.05591116569521886
7.664 0.216105589269734 0.07628447661589913 0.2165796599270753 0.1321810538137957 -0.000474070657341242 -0.05589657719789659
7.666 0.2137378410575481 0.07989592989643003 0.2142116644022147 0.135777926207414 -0.0004738233446665744 -0.05588199631098399
7.668 0.2111545000207535 0.08328799568724632 0.211628076246217 0.1391554187157742 -0.0004735762254635251 -0.05586742302852785
7.67 0.2083800063904307 0.08644732187947143 0.2088533356899611 0.1423001792240526 -0.0004733292995303485 -0.05585285734458112
7.672 0.2054393268258733 0.0893637342677214 0.2059124093925388 0.1452020335209244 -0.0004730825666655625 -0.055838299253203
7.674 0.2023575023297836 0.09203014219557357 0.2028303383564516 0.1478538909440324 -0.000472836026667947 -0.05582374874845886
7.676 0.1991592406291836 0.09444237910164892 0.1996318303085201 0.1502515849260692 -0.0004725896793365445 -0.05580920582442024
7.678 0.1958685611833548 0.09659899116731849 0.1963409047078254 0.1523936616424834 -0.0004723435244706589 -0.0557946704751649
7.68 0.1925084975518532 0.09850098764642204 0.1929805951137231 0.1542811303411988 -0.000472097561869855 -0.05578014269477671
7.682 0.1891008587248199 0.1001515660394316 0.1895727105161539 0.1559171885167774 -0.000471851791333959 -0.05576562247734574
7.684 0.1856660483390945 0.1015558242312166 0.1861376545517575 0.1573069340481848 -0.0004716062126630573 -0.05575110981696819
7.686 0.1822229385619104 0.1027204702313058 0.1826942993875679 0.1584570749390522 -0.0004713608256574963 -0.05573660470774641
7.688 0.1787887938449191 0.1036535384194402 0.1792599094750369 0.1593756455632291 -0.0004711156301178823 -0.0557221071437889
7.69 0.1753792387139323 0.1043641193665273 0.1758501093397773 0.1600717364857376 -0.0004708706258450801 -0.05570761711921025
7.692 0.1720082632086578 0.1048621085015307 0.172478889021298 0.1605552431296619 -0.000470625812640214 -0.05569313462813118
7.694 0.1686882594436367 0.1051579772253103 0.1691586406339414 0.1608366368899889 -0.0004703811903046668 -0.05567865966467856
7.696 0.1654300829415392 0.1052625685962367 0.1659002197001793 0.160926760819222 -0.0004701367586400788 -0.05566419222298533
7.698 0.1622431328077686 0.1051869184645783 0.1627130253252169 0.1608366507617688 -0.0004698925174483481 -0.05564973229719052
7.7 0.1591354453902417 0.1049421019245055 0.1596050938567734 0.1605773818059447 -0.0004696484665316299 -0.05563527988143924
7.702 0.1561137967335036 0.10453910417709 0.156583201339196 0.1601599391469727 -0.0004694046056923366 -0.05562083496988272
7.704 0.1531838098365492 0.1039887143357797 0.1536529707712823 0.1595951118924579 -0.0004691609347331366 -0.05560639755667823
7.706 0.1503500634150227 0.1033014403311278 0.1508189808684797 0.1588934079671169 -0.0004689174534569544 -0.05559196763598909
7.708 0.1476161995221763 0.1024874428539091 0.1480848736838432 0.1580649880558939 -0.0004686741616669705 -0.05557754520198474
7.71 0.1449850279775369 0.1015564861847238 0.1454534590367035 0.1571196164335644 -0.0004684310591666197 -0.05556313024884059
7.712 0.1424586260784226 0.1005179037654307 0.1429268142241821 0.1560666265361688 -0.0004681881457595926 -0.05554872277073811
7.714 0.1400384325203737 0.09938057644689685 0.1405063779416236 0.1549148992087617 -0.0004679454212498334 -0.05553432276186485
7.716 0.1377253348308465 0.09815292147689716 0.138193037716288 0.1536728516933115 -0.0004677028854415411 -0.05551993021641433
7.718 0.1355197499294326 0.09684289045335442 0.1359872104675717 0.1523484355819405 -0.0004674605381391678 -0.05550554512858611
7.72 0.1334216976728201 0.09545797464624702 0.1338889160519675 0.1509491421388328 -0.0004672183791474191 -0.05549116749258577
7.722 0.1314308674318496 0.09400521627572266 0.1318978438401209 0.1494820135783475 -0.0004669764082712529 -0.05547679730262485
7.724 0.1295466778891896 0.09249122451604022 0.1300134125145054 0.1479536590689611 -0.0004667346253158802 -0.05546243455292092
7.726 0.1277683303456432 0.09092219516838049 0.12823482337573 0.146370274406078 -0.000466493030086764 -0.05544807923769752
7.728 0.1260948558892332 0.0893039331070502 0.1265611075116228 0.1447376644582344 -0.0004662516223896185 -0.05543373135118418
7.73 0.1245251568202424 0.08764187675109078 0.1249911672222728 0.1430612676387072 -0.0004660104020304094 -0.05541939088761638
7.732 0.1230580427420146 0.08594112394473452 0.1235238121108299 0.1413461817859701 -0.0004657693688153536 -0.0554050578412356
7.734 0.121692261727359 0.08420645874614119 0.1221577902499099 0.1395971909524304 -0.0004655285225509179 -0.05539073220628923
7.736 0.1204265269578796 0.08244237872486829 0.1208918148209234 0.1378187927018989 -0.0004652878630438198 -0.05537641397703062
7.738 0.1192595392108088 0.08065312245432485 0.1197245866009098 0.1360152256020439 -0.0004650473901010259 -0.05536210314771906
7.74 0.1181900055388421 0.07884269695799334 0.1186548126423718 0.1341904966706131 -0.0004648071035297528 -0.05534779971261979
7.742 0.1172166544547179 0.0770149049284849 0.1176812214578554 0.1323484085944889 -0.0004645670031374655 -0.05533350366600398
7.744 0.1163382478951684 0.07517337158684495 0.1168025749839003 0.1304925865889936 -0.0004643270887318779 -0.05531921500214865
7.746 0.1155535902003205 0.0733215710876311 0.1160176775604414 0.1286265048029679 -0.0004640873601209517 -0.0553049337153368
7.748 0.1148615343053727 0.07146285240438026 0.1153253821224856 0.1267535122042376 -0.0004638478171128968 -0.0552906597998573
7.75 0.1142609853019232 0.06960046464981728 0.1147245937614394 0.1248768578998222 -0.0004636084595161703 -0.05527639325000492
7.752 0.1137509014876432 0.06773758179716119 0.1142142707747827 0.1229997158572415 -0.0004633692871394764 -0.05526213406008032
7.754 0.1133302929854491 0.06587732677374411 0.1137934232852409 0.1211252089981341 -0.0004631302997917657 -0.05524788222439002
7.756 0.112998217977156 0.06402279489515489 0.1134611094744383 0.1192564326324013 -0.0004628914972822355 -0.05523363773724644
7.758 0.1127537765624299 0.06217707659843904 0.1132164294418502 0.1173964771914069 -0.0004626528794203284 -0.05521940059296782
7.76 0.112596102222249 0.06034327941663748 0.1130585166682647 0.1155484502025158 -0.0004624144460157333 -0.05520517078587831
7.762 0.1125243508372891 0.05852454911305733 0.1129865270341674 0.1137154974233652 -0.0004621761968783833 -0.05519094831030786
7.764 0.1125376871867412 0.05672408986302298 0.1129996253185596 0.1119008230236153 -0.0004619381318184567 -0.05517673316059228
7.766 0.1126352688328473 0.05494518333327844 0.1130969690834936 0.1101077086643517 -0.0004617002506463765 -0.05516252533107323
7.768 0.1128162272819835 0.05319120646355077 0.1132776898351563 0.1083395312796489 -0.000461462553172809 -0.05514832481609815
7.77 0.113079646306068 0.05146564770202613 0.1135408713452767 0.1065997793120465 -0.0004612250392086645 -0.05513413161002036
7.772 0.1134245373100489 0.04977212138656219 0.113885525018614 0.1048920670937611 -0.0004609877085650965 -0.05511994570719891
7.774 0.1138498116444259 0.04811437989588978 0.1143105622054794 0.1032201469978885 -0.0004607505610535012 -0.05510576710199874
7.776 0.1143542497887009 0.04649632312151466 0.1148147633851864 0.1015879189103052 -0.0004605135964855175 -0.05509159578879052
7.778 0.1149364673749332 0.04492200473270629 0.1153967441896062 0.09999943649465705 -0.0004602768146730264 -0.05507743176195076
7.78 0.1155948780835995 0.04339563462504969 0.1160549182990277 0.09845890964091136 -0.0004600402154281502 -0.05506327501586167
7.782 0.1163276535297558 0.04192157686138824 0.1167874573283191 0.09697070240629958 -0.0004598037985632533 -0.05504912554491134
7.784 0.1171326803692541 0.04050434233648747 0.1175922479331451 0.09553932567998101 -0.0004595675638909405 -0.05503498334349354
7.786 0.1180075149957661 0.03914857532817835 0.1184668465069902 0.0941694237341862 -0.0004593315112240574 -0.05502084840600785
7.788 0.118949336371775 0.03785903304564695 0.1194084320121507 0.09286575377250651 -0.0004590956403756897 -0.05500672072685956
7.79 0.119954897741564 0.03664055725855079 0.1204137576927231 0.09163315755901053 -0.0004588599511591634 -0.05499260030045974
7.792 0.1210204782116879 0.03549803709817007 0.121479102655076 0.09047652421939524 -0.0004586244433880437 -0.05497848712122517
7.794 0.1221418354511884 0.03443636217632244 0.1226002245680645 0.08940074335990081 -0.0004583891168761348 -0.05496438118357837
7.796 0.1233141610537108 0.03346036528209848 0.1237723150251483 0.08841064776404604 -0.0004581539714374796 -0.05495028248194756
7.798 0.1245320404073053 0.0325747541032356 0.1249899594141916 0.08751094511400236 -0.0004579190068863605 -0.05493619101076675
7.8 0.1257894192194345 0.03178403169172501 0.1262471034424718 0.08670613845620055 -0.0004576842230372962 -0.05492210676447554
7.802 0.1270795791243218 0.03109240576250621 0.1275370287440269 0.08600043550002555 -0.0004574496197050444 -0.05490802973751933
7.804 0.1283951250317069 0.03050368738639399 0.1288523402284115 0.08539764731074316 -0.0004572151967045997 -0.05489395992434917
7.806 0.1297279870282787 0.03002118021504533 0.1301849679821299 0.0849010775344671 -0.0004569809538511933 -0.05487989731942177
7.808 0.131069439680246 0.02964756204837721 0.1315261865712063 0.08451340396557679 -0.0004567468909602936 -0.05486584191719957
7.81 0.1324101414696088 0.02938476130475692 0.1328666544774564 0.08423655501690756 -0.0004565130078476046 -0.05485179371215065
7.812 0.1337401967913048 0.02923383174890314 0.1341964760956339 0.08407158444765189 -0.0004562793043290667 -0.05483775269874875
7.814 0.1350492424118688 0.0291948296252518 0.1355052881920896 0.08401854849672509 -0.0004560457802208554 -0.05482371887147329
7.816 0.1363265595224374 0.02926669807440088 0.1367823719577768 0.0840763902992102 -0.0004558124353393815 -0.05480969222480932
7.818 0.1375612115067225 0.02944716430390364 0.1380167907762238 0.08424283705715116 -0.0004555792695012905 -0.05479567275324752
7.82 0.1387422063067247 0.02973265536150281 0.1391975525892482 0.08451431581278704 -0.0004553462825234623 -0.05478166045128423
7.822 0.13985868085221 0.03011823843792972 0.140313794326433 0.08488589375135111 -0.0004551134742230107 -0.05476765531342139
7.824 0.1409001035005223 0.03059759133579766 0.1413549843449396 0.08535124866996427 -0.000454880844417284 -0.05475365733416661
7.826 0.1418564889146427 0.03116300802975803 0.1423111373075666 0.08590267453779107 -0.0004546483929238625 -0.05473966650803305
7.828 0.1427186184164316 0.03180544309123796 0.1431730345359922 0.08653112592077745 -0.0004544161195605605 -0.0547256828295395
7.83 0.1434782577268124 0.03251459718054297 0.1439324417509578 0.08722630347375335 -0.0004541840241454246 -0.05471170629321038
7.832 0.1441283632807886 0.03327904388863054 0.1445823153872853 0.08797678078220618 -0.0004539521064967336 -0.05469773689357564
7.834 0.144663268097665 0.03408639605621365 0.145116988464098 0.08877017068138451 -0.0004537203664329981 -0.05468377462517086
7.836 0.145078838573644 0.0349235074656854 0.1455323273774169 0.08959332694822258 -0.0004534888037729603 -0.05466981948253719
7.838 0.145372594569083 0.03577670367407213 0.1458258519874186 0.09043257513429347 -0.0004532574183355942 -0.05465587146022133
7.84 0.14554378674918 0.03663203392209073 0.1459968129591201 0.09127396447486631 -0.0004530262099401037 -0.05464193055277558
7.842 0.1455934272040112 0.03747553468892935 0.1460462223824172 0.0921035314436871 -0.0004527951784059237 -0.05462799675475775
7.844 0.1455242717659655 0.03829349469839735 0.1459768360895182 0.09290756475912858 -0.0004525643235527193 -0.05461407006073123
7.846 0.1453407549655216 0.0390727110963115 0.145793088610722 0.09367286156157642 -0.000452333645200385 -0.05460015046526492
7.848 0.1450488810098641 0.03980072712086749 0.1455009841530331 0.0943869650838008 -0.0004521031431690451 -0.05458623796293331
7.85 0.1446560763325034 0.04046604281599657 0.1451079491497825 0.09503837536431295 -0.0004518728172790528 -0.05457233254831638
7.852 0.1441710109788185 0.04105829207108219 0.1446226536461695 0.09561672628708179 -0.00045164266735099 -0.0545584342159996
7.854 0.1436033972467683 0.04156838134395356 0.144054809939974 0.09611292430452757 -0.0004514126932056672 -0.05454454296057401
7.856 0.1429637745404592 0.04198858764965756 0.1434149574351233 0.09651924642629371 -0.000451182894664123 -0.05453065877663615
7.858 0.1422632893269302 0.04231261558891042 0.1427142425984779 0.09682939724769841 -0.0004509532715476229 -0.054516781658788
7.86 0.1415134784782799 0.04253561518325989 0.1419642023019576 0.09703852678489698 -0.0004507238236776604 -0.0545029116016371
7.862 0.1407260632400206 0.04265416395128496 0.1411765577908966 0.09714321255108141 -0.0004504945508759564 -0.05448904859979645
7.864 0.1399127597242591 0.04266621792118763 0.1403630251772235 0.09714141056907216 -0.0004502654529644576 -0.05447519264788454
7.866 0.1390851103217746 0.04257103709675004 0.13953514685154 0.09703238083727533 -0.0004500365297653375 -0.0544613437405253
7.868 0.1382543388909858 0.04236909128556988 0.1387041466720868 0.09681659315791802 -0.000449807781100995 -0.05444750187234813
7.87 0.1374312311246078 0.04206195220538227 0.1378808103314018 0.0964956192433702 -0.0004495792067940553 -0.05443366703798794
7.872 0.1366260401991913 0.04165217747347664 0.1370753910058587 0.09607201670556166 -0.0004493508066673687 -0.05441983923208502
7.874 0.1358484167327559 0.04114319153527386 0.1362975393132999 0.09554920998455903 -0.0004491225805440102 -0.05440601844928517
7.876 0.13510736123713 0.04053916788245057 0.1355562557653773 0.09493137256669011 -0.0004488945282472791 -0.05439220468423954
7.878 0.134411196655487 0.03984491612388895 0.1348598633050876 0.09422331405549375 -0.0004486666496006997 -0.0543783979316048
7.88 0.1337675582058002 0.03906577666820921 0.1342159971502282 0.09343037485425221 -0.0004484389444280197 -0.054364598186043
7.882 0.1331833975783514 0.03820752500512103 0.1336316089909046 0.09255833044734264 -0.0004482114125532105 -0.05435080544222161
7.884 0.1326649985238655 0.03727628686929486 0.1331129825776659 0.09161330656410836 -0.0004479840538004664 -0.05433701969481351
7.886 0.1322180009808489 0.03627846495686939 0.1326657578488431 0.09060170589536636 -0.0004477568679942053 -0.05432324093849697
7.888 0.13184743108994 0.0352206773512309 0.1322949609448991 0.08953014651918657 -0.0004475298549590668 -0.05430946916795567
7.89 0.1315577346967292 0.03410970740140416 0.1320050377112491 0.08840541177928286 -0.0004473030145199132 -0.0542957043778787
7.892 0.1313528122259081 0.03295246447742886 0.1317998885724099 0.08723441104038933 -0.0004470763465018285 -0.05428194656296047
7.894 0.131236053097324 0.03175595479203911 0.1316829029480541 0.08602415050993995 -0.0004468498507301184 -0.05426819571790083
7.896 0.1312103681326809 0.03052726131283345 0.1316569916597113 0.08478171315023843 -0.0004466235270303095 -0.05425445183740498
7.898 0.1312782186601823 0.02927353168057475 0.1317246160354105 0.0835142465967582 -0.0004463973752281495 -0.05424071491618345
7.9 0.1314416412573487 0.02800197298330859 0.1318878126524983 0.08222895793226073 -0.0004461713951496063 -0.05422698494895214
7.902 0.1317022672772093 0.02671985219928269 0.1321482128638301 0.08093311412971503 -0.0004459455866208684 -0.05421326193043234
7.904 0.1320613364811751 0.02543450110343261 0.1325070564306434 0.07963404695878322 -0.0004457199494683438 -0.05419954585535061
7.906 0.1325197042558757 0.02415332442294064 0.1329651987393943 0.07833916114137955 -0.0004454944835186604 -0.05418583671843891
7.908 0.1330778420260788 0.02288381001884512 0.1335231112146774 0.07705594453327959 -0.0004452691885986648 -0.05417213451443447
7.91 0.1337358305973096 0.02163353985777777 0.1341808746618451 0.07579197909585765 -0.0004450440645354225 -0.05415843923807988
7.912 0.1344933462768824 0.02041020051685457 0.1349381653880386 0.07455495140097762 -0.0004448191111562182 -0.05414475088412305
7.914 0.1353496397380662 0.01922159193305929 0.1357942340663547 0.07335266138037644 -0.0004445943282885538 -0.05413106944731715
7.916 0.1363035077169337 0.01807563306682902 0.1367478774326938 0.07219302798924972 -0.0004443697157601497 -0.0541173949224207
7.918 0.1373532577724821 0.01698036310017753 0.137797403045881 0.07108409040437502 -0.0004441452733989438 -0.05410372730419749
7.92 0.1384966665060655 0.01594393673595926 0.1389405875070986 0.07003400332337587 -0.0004439210010330909 -0.05409006658741661
7.922 0.139730931832645 0.01497461211427945 0.140174628731136 0.06905102488113185 -0.0004436968984909627 -0.05407641276685241
7.924 0.1410526201300075 0.0140807298231486 0.1414960930956086 0.06814349566043312 -0.0004434729656011477 -0.05406276583728453
7.926 0.1424576093677312 0.01327068146453848 0.1429008585699237 0.06731980725803635 -0.0004432492021924504 -0.05404912579349787
7.928 0.1439410296373649 0.01255286625852099 0.1443840552454587 0.0665883588888036 -0.0004430256080938913 -0.05403549263028262
7.93 0.1454972028675 0.01193563424374328 0.1459400050506347 0.06595750058617746 -0.0004428021831347063 -0.05402186634243417
7.932 0.1471195839078116 0.01142721478023959 0.1475621628349559 0.06543546170499277 -0.0004425789271443466 -0.05400824692475318
7.934 0.1488007055929144 0.0110356293008941 0.1492430614328669 0.06503026367293969 -0.0004423558399524784 -0.0539946343720456
7.936 0.1505321308327644 0.01076858761051218 0.1509742637541534 0.06474961628963471 -0.0004421329213889824 -0.05398102867912254
7.938 0.1523044151963586 0.01063336751415777 0.1527463253676425 0.06460079735495812 -0.0004419101712839535 -0.05396742984080035
7.94 0.1541070838258674 0.01063667818352048 0.1545487714153351 0.06459051603542115 -0.0004416875894677007 -0.05395383785190067
7.942 0.155928626796821 0.01078450844780397 0.1563700919725917 0.06472476115505424 -0.0004414651757707464 -0.05394025270725027
7.944 0.1577565171781291 0.01108196211973898 0.1581977601081529 0.06500863652142015 -0.0004412429300238262 -0.05392667440168117
7.946 0.1595772559887308 0.01153308351922595 0.1600182768407887 0.06544618644925652 -0.0004410208520578892 -0.05391310293003058
7.948 0.1613764479403013 0.01214067749986696 0.1618172468820054 0.06604021578700786 -0.0004407989417040964 -0.0538995382871409
7.95 0.1631389112472274 0.01290612946008123 0.1635794884460212 0.06679210992794099 -0.0004405771987938219 -0.05388598046785976
7.952 0.1648488238369187 0.01382923195196824 0.1652891794600773 0.06770166141900816 -0.0004403556231586513 -0.05387242946703992
7.954 0.1664899069862353 0.01490802548881597 0.1669300412008656 0.06876691076835528 -0.0004401342146303816 -0.05385888527953931
7.956 0.1680456457544031 0.01613866188287002 0.1684855587274442 0.06998400978309111 -0.000439912973041022 -0.05384534790022109
7.958 0.1694995436255219 0.01751529879862099 0.1699392355237447 0.07134711612257452 -0.0004396918982227921 -0.05383181732395353
7.96 0.1708354066042798 0.01903003407000462 0.1712748775942879 0.07284832761561469 -0.0004394709900081225 -0.05381829354561007
7.962 0.1720376497579904 0.02067288760928356 0.1724769000062201 0.07447766416935286 -0.000439250248229654 -0.0538047765600693
7.964 0.1730916170374561 0.02243183737777178 0.1735306467101764 0.07622310373998673 -0.0004390296727202375 -0.05379126636221495
7.966 0.1739839033334802 0.02429291389253926 0.1744227125967932 0.07807067683947515 -0.0004388092633129341 -0.05377776294693589
7.968 0.1747026663390076 0.02624035517371806 0.1751412553588486 0.08000462148284419 -0.0004385890198410139 -0.05376426630912613
7.97 0.1752379150763753 0.02825682102987555 0.1756762840185132 0.08200759747356033 -0.0004383689421379562 -0.05375077644368478
7.972 0.1755817620593735 0.03032366233421221 0.176019911089411 0.08406095567972829 -0.0004381490300374492 -0.05373729334551608
7.974 0.1757286270689375 0.03242123771265086 0.1761665563523109 0.08614505472218026 -0.0004379292833733898 -0.0537238170095294
7.976 0.1756753824221032 0.03452926712396905 0.1761130921240831 0.08823961455460821 -0.0004377097019798829 -0.05371034743063917
7.978 0.1754214323055061 0.03662720943082054 0.1758589225911973 0.09032409403458549 -0.0004374902856912412 -0.05369688460376495
7.98 0.174968722038415 0.03869464946844093 0.1754059930727569 0.09237807799227232 -0.000437271034341985 -0.05368342852383139
7.982 0.1743216767666078 0.04071167947441692 0.1747587287143746 0.09438165866018512 -0.000437051947766842 -0.05366997918576821
7.984 0.1734870727667647 0.04265926011204291 0.1739239057925655 0.09631579669655314 -0.0004368330258007471 -0.05365653658451023
7.986 0.1724738479564379 0.04451954766408404 0.1729104622247167 0.09816264837908135 -0.0004366142682788411 -0.05364310071499732
7.988 0.1712928610826768 0.0462761761595935 0.1717292567577133 0.09990584773176793 -0.0004363956750364719 -0.05362967157217443
7.99 0.1699566111929151 0.04791448600968926 0.1703927884388243 0.1015307351606808 -0.0004361772459091929 -0.05361624915099156
7.992 0.168478930249392 0.04942169390669533 0.1689148892301248 0.1030245273530991 -0.0004359589807327636 -0.05360283344640378
7.994 0.1668746621001137 0.05078700200762052 0.1673104029794569 0.1043764264609917 -0.0004357408793431484 -0.05358942445337121
7.996 0.1651593405218722 0.05200164751591501 0.1655948634634487 0.105577669682774 -0.0004355229415765172 -0.05357602216685895
7.998 0.1633488778334186 0.0530588964787162 0.1637841830006879 0.1066215230605534 -0.0004353051672692449 -0.05356262658183723
8 0.1614592738168792 0.05395398777728554 0.1618943613731371 0.1075032254705668 -0.0004350875562579101 -0.05354923769328124
8.002 0.1595063525853445 0.05468403482129811 0.1599412226937239 0.1082198903174693 -0.0004348701083792962 -0.05353585549617121
8.004 0.1575055327947173 0.05524789334717738 0.1579401856181877 0.1087703733326698 -0.0004346528234703906 -0.0535224799854924
8.006 0.1554716343956156 0.05564600400829306 0.155906070096984 0.1091551151645281 -0.0004344357013683834 -0.05350911115623504
8.008 0.1534187231005933 0.05588021821391215 0.1538529418425039 0.1093759672173066 -0.0004342187419106691 -0.05349574900339443
8.01 0.151359992004118 0.05595361503425236 0.1517939939490528 0.1094360085562231 -0.0004340019449348441 -0.05348239352197078
8.012 0.1493076783944882 0.05587031606065943 0.149741463704767 0.1093393607676288 -0.0004337853102787081 -0.05346904470696937
8.014 0.1472730127590458 0.0556353040089171 0.147706581596826 0.1090910065623175 -0.000433568837780263 -0.05345570255340043
8.016 0.1452661962947622 0.05525424968367619 0.1456995488220399 0.1086966167399553 -0.0004333525272777127 -0.05344236705627915
8.018 0.1432964028602354 0.05473335076741815 0.1437295392388448 0.1081623889780439 -0.0004331363786094626 -0.05342903821062572
8.02 0.141371801194953 0.05407918482162413 0.1418047215865672 0.1074949008330894 -0.0004329203916141204 -0.05341571601146532
8.022 0.1394995933328776 0.05329857793334104 0.1399322978990081 0.106700978387169 -0.0004327045661304936 -0.05340240045382801
8.024 0.1376860653935839 0.05239848963070854 0.1381185542955815 0.1057875811634574 -0.0004324889019975919 -0.05338909153274887
8.026 0.1359366472956373 0.05138591403438455 0.136368920694692 0.1047617032776525 -0.0004322733990546242 -0.05337578924326791
8.028 0.1342559783594875 0.05026779670491135 0.1346880364166285 0.1036302902853414 -0.0004320580571410007 -0.05336249358043006
8.03 0.1326479762134516 0.04905096627676069 0.1330798190895479 0.1024001708160459 -0.0004318428760963314 -0.05334920453928524
8.032 0.1311159068598496 0.04774207972159332 0.13154753471561 0.1010780018364816 -0.0004316278557604252 -0.05333592211488823
8.034 0.1296624541788563 0.04634757993744412 0.1300938671748296 0.09967022623974291 -0.0004314129959732911 -0.05332264630229878
8.036 0.128289787530933 0.04487366429688135 0.1287209858275082 0.0981830413934629 -0.000431198296575137 -0.05330937709658155
8.038 0.1269996264583698 0.04332626278778347 0.1274306102157762 0.09662237728058955 -0.0004309837574063691 -0.05329611449280608
8.04 0.1257933017790816 0.04171102442876772 0.1262240711573892 0.09499388291481457 -0.0004307693783075928 -0.05328285848604686
8.042 0.1246718126108009 0.04003331072224019 0.1251023677699205 0.09330291979362342 -0.0004305551591196108 -0.05326960907138323
8.044 0.123635879064533 0.03829819501075188 0.1240662201642165 0.09155456125465133 -0.0004303410996834243 -0.05325636624389946
8.046 0.1226859905057326 0.03651046671635207 0.1231161177055729 0.08975359671503677 -0.0004301271998402319 -0.0532431299986847
8.048 0.1218224494051561 0.03467463956149885 0.1222523628645875 0.08790453989233181 -0.0004299134594314292 -0.05322990033083296
8.05 0.1210454108931258 0.03279496298739293 0.1214751107714244 0.08601164022283607 -0.0004296998782986092 -0.05321667723544314
8.052 0.1203549181963986 0.03087543609824484 0.1207844046526821 0.08407889680586385 -0.0004294864562835614 -0.05320346070761901
8.054 0.1197509341801735 0.02891982356542818 0.1201802073734018 0.08211007430789737 -0.0004292731932282713 -0.05319025074246918
8.056 0.1192333692430771 0.02693167302146722 0.119662429332052 0.08010872035657439 -0.0004290600889749214 -0.05317704733510717
8.058 0.1188021058240082 0.02491433356035803 0.1192309529673741 0.0780781840410093 -0.0004288471433658889 -0.05316385048065127
8.06 0.1184570197796663 0.0228709750376918 0.1188856541359101 0.07602163521191647 -0.0004286343562437473 -0.05315066017422467
8.062 0.1181979988826312 0.02080460793076203 0.1186264206100825 0.07394208434171742 -0.0004284217274512653 -0.05313747641095539
8.064 0.1180249586746368 0.01871810357677059 0.1184531679314682 0.07184240276274687 -0.0004282092568314061 -0.05312429918597628
8.066 0.1179378558895773 0.01661421465686209 0.1183658528338046 0.06972534315128708 -0.0004279969442273275 -0.05311112849442498
8.068 0.1179366996371567 0.01449559583490657 0.118364484426639 0.06759356016635058 -0.0004277847894823824 -0.05309796433144402
8.07 0.1180215605121233 0.01236482449442345 0.1184491333045634 0.06544963118660413 -0.000427572792440117 -0.05308480669218068
8.072 0.1181925777662986 0.01022442154525085 0.1186199387192429 0.06329607711703794 -0.0004273609529442717 -0.05307165557178709
8.074 0.1184499646517678 0.008076872293354319 0.1188771139226066 0.06113538325877445 -0.0004271492708387798 -0.05305851096542013
8.076 0.1187940120139674 0.005924647383993613 0.1192209497599352 0.05897002025223516 -0.0004269377459677687 -0.05304537286824155
8.078 0.1192250901832121 0.003770223840579061 0.1196518165613877 0.0568024651159969 -0.0004267263781755582 -0.05303224127541784
8.08 0.1197436491826153 0.001616106228365478 0.120170164349922 0.05463522241048575 -0.0004265151673066606 -0.05301911618212027
8.082 0.1203502172394384 -0.0005351520250503825 0.1207765213526442 0.05247084555847453 -0.0004263041132057805 -0.05300599758352491
8.084 0.1210453975556266 -0.002680927122054637 0.1214714907713444 0.05031195835275796 -0.0004260932157178154 -0.0529928854748126
8.086 0.1218298632618117 -0.004818503176373612 0.1222557457364995 0.04816127667479531 -0.0004258824746878531 -0.05297977985116892
8.088 0.122704350447362 -0.006945050270764988 0.1231300223373232 0.04602163043701929 -0.0004256718899611744 -0.05296668070778428
8.09 0.1236696491271616 -0.009057602294351617 0.1240951105885448 0.04389598574550212 -0.0004254614613832501 -0.05295358803985374
8.092 0.124726591974187 -0.01115303458509928 0.1251518431629867 0.04178746725747792 -0.0004252511887997426 -0.0529405018425772
8.094 0.1258760406156938 -0.01322804143112079 0.1263010816877503 0.03969938068003846 -0.000425041072056505 -0.05292742211115926
8.096 0.1271188692604614 -0.01527911351929796 0.127543700371461 0.03763523532151129 -0.0004248311109995802 -0.05291434884080925
8.098 0.1284559453959783 -0.01730251546301933 0.1288805667014535 0.03559876656372193 -0.0004246213054752016 -0.05290128202674126
8.1 0.1298881072686588 -0.01929426359249769 0.1303125189239886 0.03359395807167642 -0.0004244116553297923 -0.05288822166417411
8.102 0.1314161378380164 -0.02125010425209452 0.1318403399984263 0.03162506349623676 -0.0004242021604099647 -0.05287516774833129
8.104 0.133040734879778 -0.02316549292129431 0.1334647277003405 0.02969662735314672 -0.0004239928205625208 -0.05286212027444104
8.106 0.1347624769046871 -0.02503557455915962 0.1351862605403216 0.02781350467857667 -0.000423783635634451 -0.0528490792377363
8.108 0.1365817845619192 -0.02685516566695673 0.1370053591673921 0.025980878966498 -0.000423574605472935 -0.05283604463345472
8.11 0.1384988772125497 -0.02861873867140926 0.138922242942475 0.0242042777854294 -0.0004233657299253408 -0.05282301645683866
8.112 0.1405137243926996 -0.03032040935043169 0.1409368814015388 0.02248958535270343 -0.0004231570088392238 -0.05280999470313513
8.114 0.1426259919422358 -0.0319539281533613 0.1430489403842981 0.02084305121423453 -0.0004229484420623279 -0.05279697936759583
8.116 0.1448349826592281 -0.03351267640761294 0.1452577226886707 0.01927129403786425 -0.0004227400294425847 -0.0527839704454772
8.118 0.1471395714577612 -0.03498966854906718 0.1475621032285893 0.01778129938297308 -0.0004225317708281124 -0.05277096793204026
8.12 0.1495381351629058 -0.03637756165965984 0.149960458828973 0.01638041016289094 -0.0004223236660672169 -0.05275797182255079
8.122 0.1520284772789257 -0.03766867373646245 0.1524505929939341 0.01507630837581669 -0.0004221157150083901 -0.05274498211227913
8.124 0.1546077483197183 -0.03885501224181456 0.1550296562372186 0.01387698655468582 -0.0004219079175003108 -0.05273199879650039
8.126 0.1572723625988298 -0.03992831458208819 0.1576940628722216 0.01279070728840606 -0.0004217002733918442 -0.05271902187049424
8.128 0.1600179127438026 -0.04088010221890326 0.1604394055263346 0.01182594911064178 -0.0004214927825320408 -0.05270605132954504
8.13 0.1628390836253105 -0.04170175011254165 0.1632603690700807 0.01099133705640012 -0.0004212854447701371 -0.05269308716894176
8.132 0.1657295678710135 -0.04238457311214706 0.1661506461309691 0.010295556271831 -0.0004210782599555552 -0.05268012938397806
8.134 0.1686819856588079 -0.04291993071846584 0.1691028568867458 0.009747247251486298 -0.0004208712279379013 -0.05266717796995214
8.136 0.1716878120362051 -0.04329935132763118 0.1721084763847721 0.00935488159453573 -0.0004206643485669677 -0.05265423292216691
8.138 0.1747373155663108 -0.0435146765954243 0.1751577731880036 0.009126617640505484 -0.00042045762169273 -0.05264129423592979
8.14 0.177819512622497 -0.04355822592034943 0.1782397636696623 0.009070135986203501 -0.0004202510471653489 -0.05262836190655294
8.142 0.1809221420966869 -0.04342298021630418 0.181342186721522 0.00919245571304885 -0.0004200446248351692 -0.05261543592935303
8.144 0.1840316655944469 -0.04310278312816692 0.1844515039489996 0.009499733171484453 -0.0004198383545527185 -0.05260251629965138
8.146 0.1871332983017437 -0.04259255664749689 0.1875529305379124 0.00999704636527694 -0.0004196322361687085 -0.05258960301277384
8.148 0.1902110755532629 -0.04188852674126897 0.1906305018227969 0.01068816932278195 -0.0004194262695340342 -0.05257669606405093
8.15 0.1932479596428785 -0.04098845316854496 0.1936671800973782 0.01157534228027274 -0.000419220454499773 -0.05256379544881769
8.152 0.1962259905354517 -0.03989185620832944 0.1966450053263689 0.01265904495408434 -0.0004190147909171855 -0.05255090116241378
8.154 0.199126482822894 -0.03860023166313655 0.1995452921015317 0.01393778153704683 -0.000418809278637714 -0.05253801320018338
8.156 0.2019302695038996 -0.03711724436707873 0.2023488734214126 0.01540788719039654 -0.0004186039175129833 -0.05252513155747527
8.158 0.2046179909843645 -0.03544888965921779 0.2050363896917593 0.01706336657042503 -0.0004183987073948006 -0.05251225622964282
8.16 0.2071704251681357 -0.03360361203110632 0.2075886188162708 0.01889577518093755 -0.0004181936481351533 -0.05249938721204386
8.162 0.2095688517639441 -0.03159237055733141 0.2099868405035303 0.02089415394270946 -0.0004179887395862112 -0.05248652450004087
8.164 0.211795441156308 -0.02942864186982503 0.2122132251379084 0.02304502621917579 -0.0004177839816003249 -0.05247366808900081
8.166 0.2138336555982492 -0.02712835338883647 0.2142512349722792 0.02533246458545874 -0.0004175793740300255 -0.05246081797429521
8.168 0.2156686483315103 -0.02470974225106371 0.2160860232482383 0.02773823190023641 -0.0004173749167280251 -0.05244797415130013
8.17 0.2172876447764128 -0.0221931387677916 0.21770481538596 0.03024199784760451 -0.000417170609547215 -0.0524351366153961
8.172 0.2186802893756698 -0.0196006771079358 0.2190972558280104 0.03282162825403245 -0.0004169664523406677 -0.05242230536196824
8.174 0.219838942180568 -0.01695593995985602 0.2202557046255296 0.03545354042655017 -0.0004167624449616348 -0.05240948038640619
8.176 0.2207589108975555 -0.01428354785473005 0.2211754694848191 0.03811311382937398 -0.0004165585872635472 -0.05239666168410403
8.178 0.2214386068208432 -0.01160870728853142 0.2218549616999432 0.04077514196192897 -0.0004163548791000154 -0.05238384925046039
8.18 0.2218796166991462 -0.008956734436177567 0.2222957680194711 0.04341430864470087 -0.0004161513203248286 -0.05237104308087843
8.182 0.2220866868555241 -0.006352572849888917 0.2225026347663161 0.04600567032087682 -0.0004159479107919547 -0.05235824317076573
8.184 0.2220676204541531 -0.003820323914342928 0.2224833651045086 0.04852512560119149 -0.0004157446503555398 -0.05234544951553442
8.186 0.2218330933068408 -0.001382807955537441 0.2222486348457107 0.0509498541550636 -0.0004155415388699081 -0.05233266211060104
8.188 0.2213963976637664 0.0009388281443377527 0.2218117362399559 0.05325870909572446 -0.0004153385761895623 -0.0523198809513867
8.19 0.2207731267195944 0.003125443983615098 0.2211882624817635 0.05543255001693204 -0.0004151357621691821 -0.05230710603331694
8.192 0.2199808148592789 0.005160170172566751 0.2203957479559426 0.05745450752438847 -0.0004149330966636245 -0.05229433735182171
8.194 0.2190385498495592 0.007028599227553826 0.2194532804290871 0.05931017412988936 -0.0004147305795279241 -0.05228157490233554
8.196 0.21796657325016 0.008718901717277003 0.2183811014607773 0.0609877203975743 -0.0004145282106172918 -0.05226881868029729
8.198 0.2167858843757975 0.01022187025917284 0.2172002103655846 0.06247793894032319 -0.0004143259897871154 -0.05225606868115035
8.2 0.2155178613699511 0.01153089711621627 0.2159319852868441 0.06377422201655879 -0.000414123916892959 -0.05224332490034252
8.202 0.2141839105887219 0.01264189357698713 0.2145978325805125 0.06487248091031318 -0.0004139219917905625 -0.05223058733332606
8.204 0.2128051527912694 0.01355316093920283 0.2132188730056052 0.06577101691476046 -0.0004137202143358418 -0.05221785597555764
8.206 0.2114021518336166 0.01426522376482198 0.2118156704180015 0.06647035458732035 -0.0004135185843848885 -0.05220513082249838
8.208 0.209994688873785 0.01478063620380893 0.2104080059755789 0.06697304807342273 -0.0004133171017939689 -0.05219241186961381
8.21 0.2086015826791171 0.01510377171030378 0.2090146984455366 0.06728347082267763 -0.000413115766419525 -0.05217969911237386
8.212 0.2072405545880242 0.01524060554224103 0.2076534691661424 0.06740759808849396 -0.0004129145781181735 -0.05216699254625293
8.214 0.2059281350737499 0.01519849819114181 0.2063408486104966 0.06735279035787156 -0.0004127135367467049 -0.05215429216672975
8.216 0.2046796076976469 0.01498598647335866 0.2050921203398089 0.06712758444264617 -0.0004125126421620848 -0.05214159796928752
8.218 0.2035089854980703 0.01461258754788635 0.2039212973922918 0.06674149749730011 -0.0004123118942214523 -0.05212890994941376
8.22 0.2024290144891316 0.01408861970509372 0.2028411257819137 0.06620484780769419 -0.0004121112927821204 -0.05211622810260046
8.222 0.201451198877543 0.01342504246431214 0.2018631097152446 0.06552859488865612 -0.0004119108377015761 -0.05210355242434397
8.224 0.2005858427772104 0.0126333173701941 0.2009975533060479 0.06472420028033908 -0.0004117105288374786 -0.05209088291014498
8.226 0.199842103542492 0.01172528990949447 0.2002536139085397 0.06380350946500304 -0.0004115103660476607 -0.05207821955550858
8.228 0.1992280522924717 0.01071309218534508 0.1996393626416618 0.06277865454128934 -0.0004113103491901284 -0.05206556235594426
8.23 0.198750737709055 0.009609065376222303 0.1991618481871781 0.06166197668318812 -0.0004111104781230593 -0.05205291130696582
8.232 0.1984162497199588 0.008425700552793562 0.1988271604726636 0.06046596695688502 -0.0004109107527048038 -0.05204026640409146
8.234 0.1982297801943376 0.007175596104916623 0.1986404913671315 0.05920322374776033 -0.000410711172793884 -0.05202762764284371
8.236 0.1981956782633184 0.005871429817985691 0.1986061900015674 0.05788642483673515 -0.000410511738248994 -0.05201499501874945
8.238 0.1983174983176426 0.00452594350673987 0.1987278107665716 0.05652831203407979 -0.0004103124489289991 -0.05200236852733992
8.24 0.1985980391255983 0.003151938042605835 0.1990081524302912 0.05514168620675652 -0.0004101133046929362 -0.05198974816415068
8.242 0.1990393728568049 0.001762276577036079 0.1994492871622049 0.05373941050175771 -0.0004099143054000128 -0.05197713392472163
8.244 0.1996428630959833 0.0003698937496899937 0.200052578546893 0.05233441955428698 -0.0004097154509096076 -0.05196452580459699
8.246 0.2004091711941404 -0.00101219133639309 0.2008186879352216 0.0509397324629322 -0.000409516741081269 -0.05195192379932529
8.248 0.2013382505425506 -0.002370860600888473 0.2017475687183253 0.04956846730357095 -0.0004093181757747167 -0.05193932790445942
8.25 0.2024293285799012 -0.003692883183167059 0.2028384483347511 0.04823385493238948 -0.0004091197548498394 -0.05192673811555654
8.252 0.2036808765677348 -0.004964904634880619 0.2040897980459015 0.0469492497932975 -0.0004089214781666963 -0.05191415442817812
8.254 0.2050905674069513 -0.006173441440935928 0.2054992907525368 0.04572813539695402 -0.0004087233455855158 -0.05190157683788995
8.256 0.206655222032425 -0.00730488325955482 0.2070637473893917 0.04458412208070728 -0.0004085253569666953 -0.0518890053402621
8.258 0.2083707452259799 -0.008345505331021338 0.2087790727381507 0.0435309345998476 -0.0004083275121708018 -0.05187643993086893
8.26 0.2102320520411339 -0.009281493552595339 0.2106401818521924 0.04258238705269376 -0.0004081298110585704 -0.0518638806052891
8.262 0.2122329864460692 -0.01009898473856437 0.2126409186995601 0.04175234262054114 -0.0004079322534909051 -0.05185132735910552
8.264 0.2143662342693152 -0.01078412455820252 0.2147739691086441 0.0410546556297029 -0.0004077348393288786 -0.05183878018790542
8.266 0.2166232330769375 -0.01132314554616105 0.2170307706453713 0.0405030935411192 -0.0004075375684337304 -0.05182623908728024
8.268 0.2189940822162479 -0.01170246738192708 0.2194014226569148 0.04011123667089867 -0.0004073404406668691 -0.05181370405282575
8.27 0.221467456915678 -0.01190882130607784 0.2218746003715678 0.0398923537740641 -0.0004071434558898702 -0.05180117508014194
8.272 0.2240305310101916 -0.01192940004966277 0.2244374776241561 0.03985925211517028 -0.0004069466139644763 -0.05178865216483305
8.274 0.2266689135333403 -0.01175203396946346 0.2270756634480929 0.04002410133304413 -0.0004067499147525978 -0.0517761353025076
8.276 0.2293666050322798 -0.01136539318053795 0.2297731583903961 0.04039823130824034 -0.0004065533581163109 -0.05176362448877829
8.278 0.2321059799602366 -0.01075921434320085 0.2325123369041545 0.04099190537606129 -0.0004063569439178593 -0.05175111971926214
8.28 0.234867801810152 -0.009924549393563423 0.2352739624821717 0.04181407159601695 -0.0004061606720196527 -0.05173862098958037
8.282 0.2376312776899879 -0.008854031924527314 0.2380372422322721 0.04287209637083108 -0.0004059645422842666 -0.05172612829535839
8.284 0.2403741587174204 -0.007542155173899646 0.2407799272719948 0.04417148645832625 -0.0004057685545744427 -0.05171364163222589
8.286 0.2430728918468429 -0.005985553734688086 0.243478464555596 0.04571560726112868 -0.0004055727087530884 -0.05170116099581677
8.288 0.2457028274638388 -0.004183279280066433 0.2461082044685221 0.04750540710170266 -0.000405377004683276 -0.05168868638176909
8.29 0.2482384852478743 -0.002137058935358899 0.2486436666901025 0.0495391588503663 -0.0004051814422282435 -0.0516762177857252
8.292 0.2506538784111378 0.0001484763987310497 0.2510588644323892 0.05181223160206261 -0.0004049860212513931 -0.05166375520333156
8.294 0.2529228935181938 0.002665607276677778 0.2533276842598101 0.05431690590691669 -0.0004047907416162924 -0.05165129863023891
8.296 0.2550197197925233 0.00540339810342063 0.25542431539571 0.0570422461655228 -0.0004045956031866733 -0.05163884806210217
8.298 0.2569193183019183 0.008347639546156117 0.2573237189077447 0.0599740430407365 -0.000404400605826431 -0.05162640349458038
8.3 0.2585979179314321 0.01148087207921421 0.2590021236808317 0.06309483700255104 -0.0004042057493996257 -0.05161396492333683
8.302 0.2600335218937705 0.01478249903006895 0.260437532927541 0.06638403137410794 -0.0004040110337704811 -0.05160153234403898
8.304 0.261206406011574 0.01822899379310935 0.2616102224703774 0.06981809954546779 -0.0004038164588033838 -0.05158910575235844
8.306 0.2620995884436451 0.02179420139326726 0.262503210468008 0.07337088653723826 -0.0004036220243628842 -0.05157668514397101
8.308 0.2626992501749907 0.025449729589869 0.2631026779053044 0.07701400010442561 -0.0004034277303136951 -0.05156427051455661
8.31 0.2629950866163907 0.02916541957929789 0.2633983201929114 0.08071728143909727 -0.0004032335765206931 -0.05155186185979938
8.312 0.2629805731067542 0.03290988150812435 0.2633836126696031 0.08444934068351193 -0.0004030395628489163 -0.05153945917538758
8.314 0.2626531308796007 0.03665107587905756 0.2630559765687643 0.08817813833607116 -0.0004028456891635656 -0.0515270624570136
8.316 0.2620141848992738 0.04035691891240401 0.2624168368546038 0.09187159061277801 -0.0004026519553300037 -0.05151467170037401
8.318 0.2610691105240793 0.0439958883137298 0.261471568885293 0.09549817521489928 -0.0004024583612137553 -0.05150228690116949
8.32 0.2598270717597927 0.04753760585494753 0.2602293366664732 0.09902751391005239 -0.0004022649066805067 -0.05148990805510486
8.322 0.2583007594442485 0.05095337470596113 0.2587028310358446 0.1024309098638502 -0.0004020715915961057 -0.05147753515788909
8.324 0.2565060425963417 0.05421665240374785 0.2569079210121682 0.1056818206089831 -0.0004018784158265605 -0.05146516820523522
8.326 0.2544615499965547 0.05730344442301968 0.2548632353757928 0.1087562516158801 -0.0004016853792380411 -0.05145280719286046
8.328 0.2521882015890441 0.06019260813027524 0.252589694070741 0.1116330602467614 -0.0004014924816968777 -0.05144045211648612
8.33 0.2497087103990038 0.0628660620285249 0.2501100101220733 0.1142941650003625 -0.000401299723069561 -0.05142810297183759
8.332 0.2470470753798902 0.06530890020650065 0.2474481824831129 0.116724659961145 -0.0004011071032227419 -0.0514157597546444
8.334 0.2442280841048162 0.06750941642320066 0.2446289987268394 0.1189128388838408 -0.0004009146220232315 -0.05140342246064018
8.336 0.2412768417489932 0.06945904600495068 0.2416775640283312 0.1208501370905133 -0.000400722279338 -0.05139109108556259
8.338 0.2382183396833777 0.07115223653157027 0.2386188697584118 0.1225310021567237 -0.0004005300750341778 -0.05137876562515346
8.34 0.2350770735329085 0.0725862600759147 0.2354774115418875 0.1239527061510734 -0.0004003380089790542 -0.05136644607515865
8.342 0.2318767170420038 0.07376098056906694 0.2322768631230439 0.125115113000395 -0.0004001460810400775 -0.0513541324313281
8.344 0.2286398547838152 0.07467858979999573 0.2290398090749 0.1260204144894116 -0.0003999542910848554 -0.05134182468941589
8.346 0.2253877738339577 0.07534332478293085 0.2257875364729388 0.1266728476281109 -0.0003997626389811533 -0.05132952284518007
8.348 0.2221403121187331 0.07576117792335507 0.22253988324333 0.1270784048177379 -0.0003995711245968956 -0.05131722689438283
8.35 0.2189157592973934 0.07593960977036571 0.2193151390451936 0.1272445466031561 -0.0003993797478001646 -0.05130493683279038
8.352 0.2157308047469863 0.07588727233137951 0.2161299932554455 0.1271799249875525 -0.0003991885084592007 -0.05129265265617299
8.354 0.2126005264431467 0.07561374908993573 0.2129995238495891 0.1268941234502407 -0.0003989974064424019 -0.051280374360305
8.356 0.2095384142039764 0.07512931612090062 0.2099372206455947 0.1263974180618654 -0.0003988064416183233 -0.05126810194096475
8.358 0.2065564208034961 0.07444472711918139 0.2069550364173517 0.1257005625131161 -0.0003986156138556777 -0.05125583539393468
8.36 0.2036650347771246 0.07357102379597119 0.204063459700148 0.1248145985109724 -0.0003984249230233349 -0.05124357471500122
8.362 0.2008733692529255 0.07251937197220759 0.2012716036219158 0.1237506918721624 -0.0003982343689903211 -0.05123131989995484
8.364 0.1981892617749953 0.07130092281354114 0.1985873057266211 0.1225199937581312 -0.0003980439516258192 -0.05121907094459003
8.366 0.1956193807757754 0.06992669799027282 0.1960172344465746 0.1211335258349781 -0.0003978536707991688 -0.05120682784470532
8.368 0.1931693350554802 0.06840749708575294 0.1935669985818601 0.1196020876818562 -0.0003976635263798651 -0.05119459059610326
8.37 0.1908437833026802 0.06675382528937794 0.1912412568209177 0.1179361844839683 -0.0003974735182375595 -0.05118235919459035
8.372 0.1886465413144652 0.06497583926387736 0.1890438249607072 0.1161459728998545 -0.0003972836462420589 -0.05117013363597718
8.374 0.1865806851338202 0.06308330904193388 0.1869777790440835 0.1142412229580122 -0.0003970939102633255 -0.05115791391607829
8.376 0.1846486488082535 0.06108559385725203 0.185045553118425 0.1122312938879643 -0.0003969043101714774 -0.05114570003071223
8.378 0.1828523158844368 0.05899162992483663 0.1832490307302735 0.1101251219005382 -0.0003967148458367867 -0.05113349197570152
8.38 0.1811931040925285 0.05680992833521288 0.1815896296096582 0.1079312180820856 -0.0003965255171296808 -0.0511212897468727
8.382 0.1796720429459433 0.05454858140142217 0.180068379269864 0.1056576747414785 -0.000396336323920742 -0.05110909334005629
8.384 0.1782898441933549 0.0522152759816837 0.1786859914594356 0.1033121787327705 -0.0003961472660807061 -0.05109690275108676
8.386 0.1770469652184022 0.04981731248612358 0.1774429235618826 0.1009020304619262 -0.0003959583434804638 -0.05108471797580259
8.388 0.1759436655962971 0.0473616284559777 0.1763394351522881 0.09843416746602386 -0.0003957695559910588 -0.05107253901004617
8.39 0.1749800570918334 0.04485482577206052 0.1753756379953171 0.09591519162172443 -0.0003955809034836894 -0.05106036584966391
8.392 0.1741561474276604 0.0423032007041361 0.1745515398134901 0.09335139919464226 -0.000395392385829707 -0.05104819849050617
8.394 0.1734718781711187 0.03971277615270475 0.1738670821740193 0.09074881308113197 -0.0003952040029006159 -0.05103603692842722
8.396 0.1729271570866722 0.03708933555718889 0.1733221728412403 0.08811321671647424 -0.0003950157545680738 -0.05102388115928534
8.398 0.1725218852843532 0.03443845805107273 0.1729167129250571 0.08545018923001545 -0.0003948276407038911 -0.05101173117894272
8.4 0.1722559794659267 0.03176555453565534 0.1726506191271067 0.08276514151892081 -0.0003946396611800304 -0.05099958698326547
8.402 0.1721293895322979 0.02907590441875757 0.1725238413481665 0.08006335298688126 -0.0003944518158686075 -0.05098744856812369
8.404 0.1721421117708548 0.02637469282535786 0.1725363758754966 0.07735000875474922 -0.0003942641046418894 -0.05097531592939136
8.406 0.1722941977917786 0.02366704813437707 0.1726882743191509 0.07463023719732348 -0.0003940765273722955 -0.0509631890629464
8.408 0.1725857593288834 0.02095807972892792 0.1729796484128158 0.0719091476935986 -0.0003938890839323972 -0.05095106796467069
8.41 0.1730169689652473 0.01825291586829747 0.1734106707394422 0.06919186849874741 -0.0003937017741949163 -0.05093895263044994
8.412 0.1735880567870174 0.01555674159898601 0.1739815713850501 0.06648358465515987 -0.0003935145980327271 -0.05092684305617386
8.414 0.1742993029116874 0.01287483661814789 0.1746926304670063 0.06378957585588393 -0.0003933275553188546 -0.05091473923773604
8.416 0.1751510257806137 0.01021261298681996 0.1755441664265402 0.06111525415785388 -0.0003931406459264739 -0.05090264117103391
8.418 0.1761435660502915 0.007575652562470829 0.1765365199200204 0.05846620141443974 -0.0003929538697289118 -0.05089054885196891
8.42 0.1772772658644168 0.004969743978244866 0.1776700330910164 0.05584820625469115 -0.0003927672265996448 -0.05087846227644629
8.422 0.1785524432401096 0.002400918941103468 0.1789450239565219 0.05326730038147866 -0.0003925807164122996 -0.05086638144037519
8.424 0.1799693612585665 -0.0001245124486952409 0.1803617555976071 0.05072979389097345 -0.0003923943390406535 -0.05085430633966869
8.426 0.181528191715202 -0.002599927739950304 0.1819203998095606 0.04824230923029339 -0.0003922080943586328 -0.0508422369702437
8.428 0.1832289728596359 -0.00501836001971117 0.1836209948418762 0.04581181330830984 -0.0003920219822403138 -0.05083017332802101
8.43 0.1850715608447957 -0.007372468252711872 0.1854633968473556 0.04344564715621343 -0.0003918360025599223 -0.0508181154089253
8.432 0.1870555745114839 -0.009654510810572774 0.1874472246666757 0.04115155239831234 -0.0003916501551918325 -0.05080606320888511
8.434 0.1891803331646199 -0.01185632308339466 0.1895717976046305 0.03893769364043816 -0.0003914644400105684 -0.05079401672383282
8.436 0.1914447870555731 -0.01396930023497377 0.1918360659124639 0.03681267571473092 -0.000391278856890802 -0.05078197594970469
8.438 0.1938474403785184 -0.01598438634568838 0.1942385337842258 0.03478555453675244 -0.0003910934057073541 -0.05076994088244083
8.44 0.1963862667249068 -0.01789207137964557 0.196777174811242 0.03286584013833961 -0.000390908086335194 -0.05075791151798518
8.442 0.1990586171260295 -0.0196823976090463 0.1994493400246789 0.03106349024323924 -0.0003907228986494385 -0.05074588785228554
8.444 0.201861121058575 -0.02134497732115831 0.2022516589011003 0.02938889256013522 -0.0003905378425253528 -0.05073386988129353
8.446 0.2047895810990948 -0.02286902381018523 0.2051799340169331 0.02785283379077939 -0.0003903529178383497 -0.05072185760096463
8.448 0.2078388622967936 -0.02424339780240773 0.2082290304212576 0.02646645320485038 -0.0003901681244639887 -0.05070985100725811
8.45 0.2110027777958522 -0.02545667156053224 0.2113927612581302 0.02524117853560488 -0.0003899834622779779 -0.05069785009613711
8.452 0.2142739727791574 -0.02649721293871297 0.2146637717103136 0.0241886419248556 -0.000389798931156171 -0.05068585486356857
8.454 0.2176438094209129 -0.02735329158680635 0.2180334239518875 0.02332057371871686 -0.0003896145309745693 -0.05067386530552322
8.456 0.2211022562168987 -0.02801320930122336 0.221491686478508 0.0226486721167523 -0.000389430261609321 -0.05066188141797565
8.458 0.2246377857882362 -0.02846545615825877 0.225027031911173 0.02218444703864544 -0.0003892461229367194 -0.0506499031969042
8.46 0.2282372859969207 -0.02869889351144729 0.2286263481117539 0.02193903712684378 -0.0003890621148332057 -0.05063793063829107
8.462 0.2318859899279052 -0.02870296415883623 0.2322748681650806 0.021922999579286 -0.0003888782371753658 -0.05062596373812223
8.464 0.2355674309261913 -0.0284679289662064 0.2359561254160312 0.02214607352618102 -0.0003886944898399317 -0.05061400249238742
8.466 0.2392634293577404 -0.02798512795861358 0.2396519402304442 0.02261691893846662 -0.0003885108727037814 -0.0506020468970802
8.468 0.2429541180100093 -0.02724726237219547 0.2433424453956533 0.02334283457600243 -0.0003883273856439376 -0.0505900969481979
8.47 0.2466180129694792 -0.02624869242329084 0.2470061569980168 0.0243294602184508 -0.0003881440285375687 -0.05057815264174164
8.472 0.2502321363196874 -0.02498574366325946 0.2506200971209494 0.02558047031045686 -0.0003879608012619879 -0.05056621397371632
8.474 0.2537721960075679 -0.02345701284089208 0.2541599737112625 0.02709726809923849 -0.0003877777036946527 -0.05055428094013057
8.476 0.2572128266661745 -0.02166366232055613 0.2576004214018876 0.02887869121644072 -0.000387594735713166 -0.05054235353699685
8.478 0.2605278930250099 -0.01960969046686539 0.2609153049222052 0.03092074129346594 -0.0003874118971952745 -0.05053043176033133
8.48 0.2636908548020842 -0.01730216419501904 0.264078083990103 0.0332163514111349 -0.0003872291880188687 -0.05051851560615394
8.482 0.2666751887342813 -0.01475139929806342 0.2670622353423433 0.03575520577242498 -0.0003870466080619838 -0.0505066050704884
8.484 0.2694548598102136 -0.01197107438796245 0.2698417239674163 0.0385236257613997 -0.0003868641572027983 -0.05049470014936215
8.486 0.2720048300419574 -0.008978265480490757 0.2723915118772771 0.04150453535831562 -0.000386681835319634 -0.05048280083880637
8.488 0.2743015895319076 -0.005793390503990574 0.2746880891741986 0.04467751663086544 -0.0003864996422909567 -0.05047090713485601
8.49 0.2763236914821993 -0.002440056321081803 0.2767100090601947 0.0480189627124679 -0.0003863175779953747 -0.05045901903354971
8.492 0.2780522704949094 0.001055194886411093 0.2784384061372211 0.05150233141734095 -0.0003861356423116393 -0.05044713653092986
8.494 0.2794715223335849 0.004663238031460605 0.2798574761687035 0.05509849765450323 -0.0003859538351186449 -0.05043525962304262
8.496 0.2805691234997318 0.008352809113935704 0.2809548956560273 0.05877619741987349 -0.000385772156295428 -0.05042338830593778
8.498 0.2813365706520725 0.01209102820796318 0.2817221612577936 0.06250255078363215 -0.0003855906057211677 -0.05041152257566897
8.5 0.2817694230503541 0.01584398398105884 0.2821548322336292 0.06624364640935222 -0.0003854091832751847 -0.05039966242829338
8.502 0.2818674356718497 0.01957735832858232 0.2822526635606867 0.06996516618845439 -0.0003852278888369423 -0.05038780785987206
8.504 0.2816345761148007 0.02325706706328719 0.2820196228370868 0.07363302592975687 -0.0003850467222860453 -0.05037595886646968
8.506 0.2810789244385041 0.02684989152948906 0.2814637901220064 0.07721400697364367 -0.0003848656835022395 -0.0503641154441546
8.508 0.2802124611960395 0.03032407662174894 0.280597145968405 0.08067635421074788 -0.0003846847723654128 -0.05035227758899894
8.51 0.2790507545861647 0.03364987291663034 0.2794352585749204 0.08399031821370878 -0.0003845039887555933 -0.05034044529707844
8.512 0.2776125624306697 0.03680000425210593 0.2779968857632227 0.08712862281657853 -0.000384323332552951 -0.0503286185644726
8.514 0.2759193682231786 0.03975004675730444 0.2763035110268164 0.09006684414456897 -0.000384142803637796 -0.05031679738726454
8.516 0.2739948725865635 0.04247871061058086 0.2743788349884541 0.09278369237212193 -0.0003839624018905789 -0.05030498176154107
8.518 0.2718644620639499 0.04496802122630705 0.2722482441911418 0.09526119290969977 -0.0003837821271918909 -0.05029317168339272
8.52 0.2695546763461601 0.04720340170620779 0.2699382783255825 0.09748476885512143 -0.0003836019794224633 -0.05028136714891365
8.522 0.2670926930208236 0.04917366288023063 0.2674761149792868 0.0994432310344323 -0.0003834219584631669 -0.05026956815420167
8.524 0.2645058460095208 0.05087091085115913 0.2648890880737158 0.1011286855465174 -0.0003832420641950129 -0.05025777469535829
8.526 0.2618211903751542 0.05229038450493187 0.2622042526716533 0.1025363712734205 -0.0003830622964991511 -0.05024598676848865
8.528 0.2590651224645872 0.05343023692871784 0.2594480051198441 0.1036644412984194 -0.0003828826552568717 -0.05023420436970157
8.53 0.2562630606964071 0.05429127515978539 0.2566457638367567 0.1045137026548949 -0.0003827031403496034 -0.0502224274951095
8.532 0.2534391889491956 0.05487667230828629 0.2538217127008545 0.1050873284491148 -0.0003825237516589139 -0.05021065614082851
8.534 0.2506162616199898 0.05519166503864881 0.2509986061090563 0.1053905553416272 -0.0003823444890665097 -0.05019889030297837
8.536 0.2478154671002456 0.05524324785622151 0.2481976324526998 0.1054303778339039 -0.0003821653524542359 -0.05018712997768243
8.538 0.2450563446920378 0.05503987382079802 0.2454383310337419 0.1052152489818657 -0.0003819863417040758 -0.05017537516106768
8.54 0.2423567488410618 0.05459116936881031 0.24273855629776 0.1047547952180751 -0.0003818074566981513 -0.0501636258492648
8.542 0.2397328539363719 0.05390766901157518 0.2401144826336906 0.1040595510499832 -0.0003816286973187215 -0.05015188203840799
8.544 0.2371991927421435 0.05300057389328133 0.2375806428055917 0.1031407176179165 -0.0003814500634481839 -0.05014014372463513
8.546 0.2347687216910438 0.05188153660975118 0.2351499932460129 0.1020099475138389 -0.0003812715549690735 -0.05012841090408773
8.548 0.2324529066924668 0.05056247334695755 0.2328339998642309 0.1006791569198684 -0.0003810931717640625 -0.05011668357291086
8.55 0.2302618237055052 0.04905540331013541 0.2306427386192212 0.09916036503738863 -0.0003809149137159602 -0.05010496172725323
8.552 0.2282042690242539 0.04737231457439726 0.2285850058049616 0.09746555993766441 -0.0003807367807077135 -0.05009324536326715
8.554 0.2262878749612116 0.04552505487690494 0.2266684337338341 0.09560658935401345 -0.0003805587726224051 -0.05008153447710851
8.556 0.2245192273463442 0.04352524546043305 0.2248996082356874 0.09359507452536987 -0.0003803808893432554 -0.05006982906493682
8.558 0.2229039819523941 0.0413842158375901 0.2232841850831477 0.09144234496050523 -0.0003802031307536204 -0.05005812912291513
8.56 0.2214469775890064 0.03911295724166904 0.2218270030857434 0.08915939188887917 -0.0003800254967369928 -0.05004643464721013
8.562 0.2201523441658293 0.03672209253271364 0.2205321921530063 0.08675683816670572 -0.0003798479871770013 -0.05003474563399208
8.564 0.2190236045035007 0.03422186040892878 0.2194032751054581 0.08424492248836356 -0.0003796706019574102 -0.05002306207943478
8.566 0.2180637690712424 0.03162211191014028 0.2184432624122045 0.08163349588985591 -0.0003794933409621195 -0.05001138397971563
8.568 0.2172754231537836 0.02893231737093288 0.2176547393578588 0.0789320287019485 -0.0003793162040751652 -0.04999971133101562
8.57 0.2166608062057294 0.02616158217143646 0.2170399453969101 0.07614962630095572 -0.0003791391911807178 -0.04998804412951925
8.572 0.2162218833452012 0.0233186698308388 0.2166008456473643 0.07329505220225342 -0.0003789623021630834 -0.04997638237141462
8.574 0.2159604090785516 0.02041203118271644 0.2163391946154583 0.07037675723560981 -0.0003787855369067027 -0.04996472605289336
8.576 0.2158779834423449 0.01744983855640807 0.216256592337641 0.06740291372655877 -0.0003786088952961515 -0.0499530751701507
8.578 0.2159761008049617 0.0144400240603546 0.2163545331821778 0.06438145377973997 -0.00037843237721614 -0.04994142971938537
8.58 0.2162561915944941 0.01139032121771896 0.2166344475770456 0.0613201109145186 -0.0003782559825515124 -0.04992978969679963
8.582 0.2167196572184165 0.008308309341194954 0.2170977369296038 0.05822646443979429 -0.0003780797111872474 -0.04991815509859934
8.584 0.2173678984186288 0.00520146015173472 0.2177458019816373 0.05510798607272856 -0.0003779035630084577 -0.04990652592099384
8.586 0.2182023372671154 0.002077186243733077 0.2185800648050158 0.05197208840392911 -0.0003777275379003892 -0.04989490216019603
8.588 0.2192244329564309 -0.001057108921697664 0.2196019845921794 0.04882617489072468 -0.0003775516357484226 -0.04988328381242235
8.59 0.2204356914781301 -0.004193979753210175 0.2208130673345681 0.04567769112068252 -0.0003773758564380705 -0.04987167087389269
8.592 0.2218376692138434 -0.007325886212262649 0.2222148694136984 0.04253417712856791 -0.0003772001998549797 -0.04986006334083055
8.594 0.2234319703898967 -0.01044514063675976 0.2238089950557816 0.03940332057270314 -0.0003770246658849301 -0.0498484612094629
8.596 0.2252202382687563 -0.01354385389451584 0.2255970875231702 0.03629301058150437 -0.0003768492544138337 -0.04983686447602022
8.598 0.2272041398713705 -0.0166138810711237 0.2275808138366982 0.03321139206561279 -0.0003766739653277358 -0.04982527313673649
8.6 0.2293853439450924 -0.01964676693125622 0.2297618427436052 0.03016692025659301 -0.000376498798512814 -0.04981368718784923
8.602 0.2317654918138194 -0.022633691446675 0.2321418155676747 0.0271684151789244 -0.0003763237538553779 -0.0498021066255994
8.604 0.2343461606734734 -0.02556541576138001 0.2347223095047153 0.02422511568485151 -0.00037614883124187 -0.04979053144623152
8.606 0.2371288188288322 -0.02843222906369393 0.2375047928593911 0.0213467325822996 -0.0003759740305588636 -0.04977896164599353
8.608 0.2401147723102245 -0.03122389695855277 0.2404905716619176 0.01854350026258415 -0.0003757993516930645 -0.04976739722113692
8.61 0.2433051022657561 -0.0339296120833991 0.2436807270602874 0.01582622608451752 -0.0003756247945313102 -0.04975583816791662
8.612 0.2467005925008758 -0.03653794788800509 0.2470760428598363 0.01320633659458597 -0.0003754503589605689 -0.04974428448259106
8.614 0.2503016465379022 -0.03903681670260299 0.2506769225827701 0.01069591945881914 -0.0003752760448679404 -0.04973273616142213
8.616 0.2541081936026172 -0.04141343345197436 0.2544832954547579 0.008307759748700832 -0.0003751018521406555 -0.0497211932006752
8.618 0.2581195830206237 -0.04365428663242893 0.2584945108012898 0.006055368964190169 -0.0003749277806660758 -0.0497096555966191
8.62 0.2623344666326861 -0.04574511845178031 0.2627092204630178 0.003953004893745827 -0.0003747538303316936 -0.04969812334552613
8.622 0.2667506690288625 -0.04767091633547402 0.2671252490298877 0.002015680108197985 -0.0003745800010251311 -0.04968659644367201
8.624 0.2713650456667175 -0.04941591831586145 0.2717394519593517 0.0002591565714745253 -0.0003744062926341417 -0.04967507488733598
8.626 0.2761733292920882 -0.05096363513462655 0.2765475619971348 -0.001300076461825861 -0.0003742327050466085 -0.04966355867280069
8.628 0.2811699655366885 -0.05229689218580625 0.2815440247748391 -0.00264484438945404 -0.000374059238150544 -0.04965204779635221
8.63 0.2863479391352657 -0.0533978946858752 0.2867218250270998 -0.003757352431595069 -0.0003738858918340912 -0.04964054225428013
8.632 0.2916985928950359 -0.05424831965085387 0.2920723055610214 -0.004619277607976476 -0.0003737126659855226 -0.04962904204287739
8.634 0.2972114423689112 -0.05482943835548249 0.2975849819294044 -0.005211891197042075 -0.0003735395604932392 -0.04961754715844042
8.636 0.3028739901272969 -0.05512227290468054 0.3032473567025427 -0.005516215307411458 -0.0003733665752457724 -0.04960605759726908
8.638 0.3086715445793319 -0.05510779031687837 0.3090447382894637 -0.005513216961211771 -0.0003731937101317816 -0.0495945733556666
8.64 0.3145870494413003 -0.05476713705244868 0.3149600704063403 -0.005184042622508971 -0.0003730209650400556 -0.0495830944299397
8.642 0.3206009311448618 -0.05408191616511807 0.3209737794847213 -0.004510295348719569 -0.000372848339859512 -0.04957162081639849
8.644 0.3266909726607516 -0.05303450816077635 0.3270636484952308 -0.003474355649419866 -0.0003726758344791962 -0.04956015251135649
8.646 0.3328322233066193 -0.05160843517477539 0.3332047267554076 -0.00205974566364476 -0.0003725034487882825 -0.04954868951113063
8.648 0.3389969550047024 -0.04978876619956923 0.3393692861873785 -0.0002515343875279771 -0.0003723311826760733 -0.04953723181204125
8.65 0.3451546760314875 -0.04756255880855793 0.3455268350675195 0.001963220601854163 -0.0003721590360319983 -0.04952577941041209
8.652 0.351272213420095 -0.04491933016196414 0.3516442004288406 0.004595002140606156 -0.000371987008745616 -0.0495143323025703
8.654 0.357313874685099 -0.04185154712391867 0.3576856897858056 0.007651343360927727 -0.0003718151007066115 -0.04950289048484639
8.656 0.3632416982957092 -0.03835512219702526 0.363613341607514 0.01113633175654907 -0.000371643311804798 -0.04949145395357433
8.658 0.369015800208895 -0.03442989887691633 0.3693872718508251 0.01505012382817506 -0.0003714716419301156 -0.04948002270509139
8.66 0.3745948207098559 -0.03008010718787359 0.3749661208008285 0.01938848954786469 -0.0003713000909726314 -0.04946859673573827
8.662 0.3799364717841678 -0.02531476787136385 0.3803076004429904 0.02414240817049521 -0.0003711286588225397 -0.04945717604185906
8.664 0.384998180348283 -0.02014802227819315 0.3853691376936532 0.02929773834160806 -0.0003709573453701614 -0.04944576061980121
8.666 0.3897378170783471 -0.01459936477934101 0.390108603228853 0.0348349856865745 -0.0003707861505059437 -0.04943435046591551
8.668 0.3941144946063662 -0.008693755739571214 0.3944851096804866 0.04072918983698496 -0.0003706150741204605 -0.04942294557655617
8.67 0.3980894129139574 -0.002461595984083263 0.3984598570300619 0.04694994996399746 -0.0003704441161044115 -0.04941154594808073
8.672 0.4016267243438432 0.004061451697380751 0.4019969976201919 0.05346160327423084 -0.0003702732763486227 -0.04940015157685009
8.674 0.4046943863127343 0.01083480221753969 0.4050644888674784 0.06022356467676823 -0.000370102554744046 -0.04938876245922854
8.676 0.4072649670754432 0.01781344964023639 0.4076348990266249 0.06719082823182006 -0.0003699319511817587 -0.04937737859158366
8.678 0.4093163692038194 0.02494862253603004 0.4096861306693723 0.07431462250631647 -0.0003697614655529636 -0.04936599997028644
8.68 0.4108324370985695 0.03218857661681846 0.4112020281963185 0.08154320320852963 -0.0003695910977489892 -0.04935462659171117
8.682 0.4118034189319438 0.03947949972284556 0.4121728397796051 0.08882275817508106 -0.0003694208476612887 -0.04934325845223551
8.684 0.4122262597630437 0.04676649713169267 0.4125955104782251 0.0960983926799331 -0.0003692507151814404 -0.04933189554824043
8.686 0.4121047107674685 0.05399461992096867 0.4124737914676697 0.1033151577970789 -0.0003690807002011474 -0.04932053787611025
8.688 0.4114492489590007 0.06110989626264623 0.411818159761613 0.1104190816948788 -0.0003689108026122375 -0.0493091854322326
8.69 0.4102768116843366 0.06806032534266208 0.4106455527066433 0.1173581635556606 -0.000368741022306663 -0.04929783821299848
8.692 0.4086103597185309 0.07479679610268819 0.4089789310777074 0.1240832923174903 -0.0003685713591765001 -0.04928649621480214
8.694 0.4064782911980033 0.08127389794202974 0.4068466930111173 0.1305490573760709 -0.0003684018131139496 -0.0492751594340412
8.696 0.4039137352530921 0.08745059740704376 0.4042819676371034 0.1367144252741604 -0.0003682323840113362 -0.0492638278671166
8.698 0.4009537586049982 0.0932907630765353 0.4013218216767593 0.1425432645869678 -0.0003680630717611077 -0.04925250151043253
8.7 0.3976385203764898 0.09876352958912288 0.3980064142527456 0.1480047099495194 -0.0003678938762558364 -0.04924118036039656
8.702 0.3940104099838865 0.1038435003230959 0.3943781347812748 0.1530733647365154 -0.0003677247973882173 -0.04922986441341949
8.704 0.3901132004980388 0.1085107959917624 0.3904807563330898 0.1577293496576779 -0.0003675558350510691 -0.04921855366591547
8.706 0.3859912457121104 0.1127509628722515 0.3863586327012478 0.1619582109865535 -0.0003673869891373338 -0.04920724811430196
8.708 0.3816887438555263 0.1165547592351601 0.3820559621150663 0.1657507069901597 -0.0003672182595400751 -0.0491959477549996
8.71 0.3772490849927924 0.1199178416664729 0.3776161346389449 0.1691024942509054 -0.000367049646152481 -0.04918465258443246
8.712 0.3727142931497928 0.1228403744219964 0.3730811742986607 0.1720137370210242 -0.0003668811488678613 -0.04917336259902781
8.714 0.3681245685466908 0.1253265849069317 0.3684912813142704 0.1744886627021479 -0.0003667127675796481 -0.0491620777952162
8.716 0.3635179303066459 0.1273842870988145 0.3638844748088272 0.176535085268246 -0.000366544502181396 -0.0491507981694315
8.718 0.3589299558552672 0.1290243925453197 0.3592963322078339 0.1781639162634304 -0.0003663763525667816 -0.04913952371811079
8.72 0.354393610024216 0.1302604257876257 0.3547598183428456 0.1793886802253201 -0.0003662083186296032 -0.04912825443769446
8.722 0.3499391546234695 0.1311080579802175 0.3503051950237333 0.1802250483048437 -0.0003660404002637815 -0.04911699032462618
8.724 0.3455941278846106 0.1315846693480996 0.345960000481974 0.1806904007234524 -0.0003658725973633578 -0.04910573137535282
8.726 0.3413833825822949 0.1317089481375107 0.3417490874921175 0.1808034257238353 -0.0003657049098224957 -0.04909447758632457
8.728 0.3373291716743222 0.1315005310126385 0.3376947090118577 0.1805837599666333 -0.0003655373375354794 -0.04908322895399483
8.73 0.3334512708132094 0.1309796875132904 0.3338166406936061 0.1800516729881107 -0.0003653698803967145 -0.04907198547482026
8.732 0.3297671279292935 0.1301670492549356 0.3301323304675943 0.1792277964001963 -0.0003652025383007274 -0.04906074714526078
8.734 0.3262920311426297 0.1290833830254566 0.3266570664537718 0.1781328969872362 -0.0003650353111421651 -0.04904951396177953
8.736 0.3230392874213365 0.1277494057901916 0.3234041556201523 0.1767876917110345 -0.0003648681988157954 -0.0490382859208429
8.738 0.3200204055817237 0.1261856388162928 0.3203851067829402 0.1752127018352133 -0.0003647012012165067 -0.04902706301892054
8.74 0.3172452783596951 0.1244122976213163 0.3176098126779344 0.1734281428738016 -0.0003645343182393068 -0.04901584525248525
8.742 0.3147223593305844 0.1224492141861348 0.3150867268803637 0.171453846804148 -0.0003643675497793245 -0.04900463261801315
8.744 0.3124588313871143 0.1203157877964821 0.3128230322828461 0.1693092129084656 -0.0003642008957318082 -0.04899342511198354
8.746 0.3104607642915571 0.1180309609438988 0.3108247986475492 0.1670131836747777 -0.0003640343559921256 -0.04898222273087893
8.748 0.3087332594945569 0.1156132168838996 0.3090971274250127 0.1645842423550847 -0.0003638679304557648 -0.04897102547118509
8.75 0.3072805809621973 0.1130805956798296 0.3076442825812157 0.1620404290092205 -0.0003637016190183325 -0.04895983332939091
8.752 0.3061062711856412 0.1104507258269048 0.3064698066072168 0.1593993721288934 -0.0003635354215755552 -0.0489486463019886
8.754 0.3052132518745541 0.1077408688293522 0.3055766212125773 0.1566783332148257 -0.0003633693380232784 -0.04893746438547351
8.756 0.3046039090700439 0.1049679743746019 0.3049671124383013 0.1538942619509461 -0.0003632033682574662 -0.04892628757634422
8.758 0.3042801625689732 0.102148743999543 0.3046432000811474 0.1510638598706455 -0.0003630375121742019 -0.04891511587110246
8.76 0.3042435196429026 0.09929970136570884 0.3046063914125723 0.1482036506319621 -0.0003628717696696872 -0.04890394926625322
8.762 0.3044951130738829 0.09643726744315657 0.3048578192145232 0.1453300552014612 -0.000362706140640242 -0.04889278775830462
8.764 0.3050357235288002 0.09357783904386759 0.3053982641537825 0.1424594703876356 -0.000362540624982305 -0.04888163134376801
8.766 0.3058657862648888 0.09073786924130485 0.3062281614874812 0.1396083492604628 -0.0003623752225924326 -0.04887048001915791
8.768 0.3069853821123015 0.08793394825913106 0.3073475920456688 0.1367932820401231 -0.0003622099333672992 -0.04885933378099199
8.77 0.3083942126260986 0.08518288340977676 0.3087562573833023 0.1340310760355679 -0.0003620447572036973 -0.04884819262579116
8.772 0.3100915592491584 0.08250177661180538 0.310453438943157 0.1313388331618848 -0.0003618796939985366 -0.04883705655007944
8.774 0.3120762262909141 0.07990809791250142 0.3124379410345629 0.1287340234628855 -0.0003617147436488447 -0.04882592555038404
8.776 0.3143464675147563 0.07741975329151377 0.3147080174208081 0.1262345529147491 -0.0003615499060517659 -0.04881479962323534
8.778 0.3168998961510195 0.075055144825003 0.3172612813321241 0.1238588235901699 -0.0003613851811045623 -0.04880367876516688
8.78 0.3197333782260177 0.07283322104948488 0.3200945987947223 0.1216257840222002 -0.0003612205687046126 -0.04879256297271536
8.782 0.3228429092339513 0.07077351508794058 0.3232039653027007 0.1195549673303612 -0.0003610560687494126 -0.04878145224242064
8.784 0.3262234743912996 0.06889616779636605 0.3265843660724361 0.1176665143671917 -0.0003608916811365743 -0.04877034657082568
8.786 0.3298688930197975 0.06722193286676037 0.3302296204255613 0.115981178821237 -0.000360727405763827 -0.04875924595447667
8.788 0.333771648018153 0.06577216050125664 0.334132211260682 0.1145203108911795 -0.0003605632425290154 -0.04874815038992288
8.79 0.337922701918641 0.06456875597282144 0.3382831011099711 0.1133058158465382 -0.0003603991913301012 -0.04873705987371676
8.792 0.3423113016974701 0.06363410913734779 0.3426715369495353 0.1123600835397616 -0.0003602352520651614 -0.04872597440241384
8.794 0.3469247753233853 0.06299099079707036 0.3472848467480177 0.1117058847696432 -0.0003600714246323896 -0.04871489397257284
8.796 0.3517483239923269 0.06266241177650053 0.352108231701257 0.1113662303572561 -0.0003599077089300948 -0.0487038185807556
8.798 0.3567648150986308 0.06267144070990943 0.3571245592034875 0.1113641889334365 -0.0003597441048567014 -0.04869274822352705
8.8 0.3619545822186853 0.06304097690789226 0.362314162830996 0.1117226598053475 -0.0003595806123107492 -0.04868168289745528
8.802 0.3672952396947057 0.06379347533024589 0.3676546569258966 0.1124640979293574 -0.0003594172311908938 -0.04867062259911149
8.804 0.3727615207495108 0.06495062170103762 0.3731207747109067 0.1136101890261076 -0.000359253961395905 -0.04865956732506996
8.806 0.3783251493625669 0.06653295721408276 0.3786842401653916 0.1151814742859909 -0.0003590908028246685 -0.04864851707190815
8.808 0.3839547572886803 0.06855945413412937 0.3843136850440565 0.1171969259703359 -0.0003589277553761837 -0.04863747183620654
8.81 0.389615858475967 0.07104704591993019 0.3899746232949166 0.119673477534479 -0.0003587648189495655 -0.04862643161454881
8.812 0.3952708935921969 0.07401011826757239 0.3956294955856409 0.122625514671094 -0.0003586019934440432 -0.04861539640352166
8.814 0.400879357230609 0.07745997063877935 0.4012377965093679 0.1260643368384943 -0.0003584392787589596 -0.04860436619971493
8.816 0.4063980194704989 0.08140426128824635 0.4067562961452927 0.1299976022879679 -0.0003582766747937726 -0.04859334099972153
8.818 0.4117812516612727 0.08584645236406767 0.4121393658427208 0.1344287731642052 -0.0003581141814480538 -0.04858232080013751
8.82 0.4169814634591447 0.09078527508705235 0.4173394152577662 0.1393565806846143 -0.0003579517986214882 -0.04857130559756194
8.822 0.4219496542155162 0.09621423801937357 0.4223074437417301 0.1447745334079706 -0.0003577895262138751 -0.04856029538859701
8.824 0.4266360768257202 0.1021212036678651 0.4269937041898454 0.1506704938377131 -0.0003576273641251268 -0.04854929016984798
8.826 0.4309910062339591 0.1084880597663235 0.4313484715462144 0.1570263497042467 -0.0003574653122552694 -0.04853828993792319
8.828 0.4349655982233183 0.1152905111980455 0.4353229015938228 0.1638178058874796 -0.0003573033705044421 -0.04852729468943406
8.83 0.4385128172979501 0.122498016373205 0.438869958836723 0.1710143207942 -0.0003571415387728969 -0.04851630442099506
8.832 0.4415884058995708 0.1300738877950013 0.4419453857165317 0.1785792069242251 -0.0003569798169609991 -0.04850531912922375
8.834 0.4441518614869283 0.1379755705285346 0.4445086796918976 0.1864699093392754 -0.0003568182049692267 -0.04849433881074074
8.836 0.4461673837643232 0.1461551045208888 0.4465240404670214 0.1946384679830585 -0.0003566567026981698 -0.04848336346216967
8.838 0.4476047521425389 0.1545597676133705 0.4479612474525874 0.2030321606935078 -0.000356495310048532 -0.04847239308013731
8.84 0.4484400937967707 0.1631328862427892 0.4487964278236918 0.2115943139040626 -0.000356334026921128 -0.0484614276612734
8.842 0.4486565056942212 0.1718147910091979 0.449012678547438 0.2202652582114087 -0.0003561728532168853 -0.04845046720221076
8.844 0.4482444996814782 0.1805438853295605 0.448600511470315 0.2289833970291458 -0.0003560117888368435 -0.04843951169958529
8.846 0.4472022478501917 0.1892577881205151 0.4475580986838739 0.237686349270551 -0.0003558508336821538 -0.04842856115003587
8.848 0.445535615371059 0.1978945065638272 0.445891305358713 0.2463121221140317 -0.0003556899876540789 -0.04841761555020447
8.85 0.4432579790160325 0.2063935929878076 0.4436135082666866 0.2548002678845436 -0.0003555292506539937 -0.04840667489673606
8.852 0.4403898407673564 0.214697240950892 0.4407452093899398 0.2630929801371707 -0.0003553686225833838 -0.04839573918627866
8.854 0.4369582563110191 0.2227512796367447 0.4373134644143629 0.2711360880522281 -0.0003552081033438465 -0.04838480841548333
8.856 0.4329961069960648 0.2305060322572089 0.4333511546889018 0.278879914838213 -0.0003550476928370897 -0.04837388258100409
8.858 0.4285412503677646 0.2379170126672243 0.4288961377587295 0.2862799743467224 -0.0003548873909649328 -0.04836296167949807
8.86 0.4236355882620279 0.2449454440349943 0.4239903154596572 0.2932974897426197 -0.0003547271976293059 -0.04835204570762538
8.862 0.4183240925774889 0.2515585933318831 0.4186786596902211 0.2998997279939322 -0.0003545671127322491 -0.04834113466204909
8.864 0.4126538273864715 0.2577299248172031 0.4130082345226474 0.3060601533566384 -0.0003544071361759137 -0.04833022853943538
8.866 0.406673002391275 0.2634390839359502 0.4070272496591375 0.3117584112724036 -0.0003542472678625615 -0.04831932733645338
8.868 0.4004300874194001 0.2686717296473016 0.4007841749270946 0.3169801606970769 -0.0003540875076945634 -0.0483084310497752
8.87 0.393973011291977 0.273419237899901 0.3943269391475515 0.3217167775759771 -0.0003539278555744016 -0.04829753967607603
8.872 0.3873484616001604 0.2776783017154248 0.3877022299115651 0.3259649549274588 -0.0003537683114046673 -0.04828665321203398
8.874 0.3806012952308133 0.281450454253286 0.3809549041059013 0.3297262259076161 -0.0003536088750880618 -0.04827577165433017
8.876 0.3737740633326017 0.2847415405600019 0.374127512879129 0.3330064355596507 -0.0003534495465273963 -0.04826489499964876
8.878 0.3669066491135391 0.2875611617898295 0.3672599394391647 0.3358151850345064 -0.0003532903256255908 -0.04825402324467685
8.88 0.3600360125923226 0.2899221128804182 0.3603891438046083 0.3381652692665228 -0.000353131212285675 -0.04824315638610452
8.882 0.3531960332510681 0.2918398313324451 0.3535490054574789 0.3400721257530699 -0.0003529722064107877 -0.04823229442062486
8.884 0.3464174394190621 0.2933318711923744 0.3467702527269662 0.3415533085373083 -0.0003528133079041765 -0.04822143734493391
8.886 0.3397278120561153 0.294417412828781 0.3400804665727845 0.3426279979845118 -0.0003526545166691985 -0.04821058515573073
8.888 0.3331516502537478 0.2951168158198196 0.3335041460863571 0.3433165536695368 -0.0003524958326093184 -0.04819973784971727
8.89 0.3267104860641249 0.295451219362841 0.3270628233197531 0.3436401147864395 -0.0003523372556281106 -0.04818889542359852
8.892 0.3204230370356405 0.2954421921489118 0.3207752158212698 0.3436202500229942 -0.0003521787856292574 -0.04817805787408241
8.894 0.3143053859259101 0.2951114316415149 0.3146574063484266 0.3432786568393947 -0.0003520204225165492 -0.04816722519787982
8.896 0.3083711783391581 0.2944805111498064 0.308723040505352 0.342636908541511 -0.0003518621661938848 -0.0481563973917046
8.898 0.3026318303890466 0.2935706719568224 0.3029835344056118 0.3417162464090959 -0.000351704016565271 -0.04814557445227355
8.9 0.297096739834202 0.2924026570024166 0.2974482858077368 0.340537413378723 -0.000351545973534822 -0.0481347563763064
8.902 0.29177349540814 0.2909965821705708 0.2921248834451467 0.3391205253310967 -0.0003513880370067605 -0.04812394316052587
8.904 0.2866680802303676 0.2893718410326463 0.287019310437253 0.3374849758343039 -0.0003512302068854159 -0.04811313480165758
8.906 0.2817850662174435 0.2875470388959215 0.2821361387005187 0.3356493701923516 -0.0003510724830752256 -0.04810233129643014
8.908 0.2771277972993961 0.2855399521489736 0.2774787121648769 0.3336314847905487 -0.000350914865480734 -0.04809153264157504
8.91 0.2726985599909985 0.2833675091388651 0.273049317345005 0.3314482479726918 -0.0003507573540065924 -0.04808073883382674
8.912 0.2684987404756739 0.2810457891237935 0.2688493404242315 0.3291157389937161 -0.0003505999485575595 -0.04806994986992262
8.914 0.2645289678416085 0.2785900361883536 0.2648794104906469 0.3266492019349566 -0.0003504426490385007 -0.048059165746603
8.916 0.2607892434813084 0.2760146853654037 0.2611395289366628 0.3240630718260148 -0.0003502854553543878 -0.0480483864606111
8.918 0.2572790569415809 0.2733333985621357 0.2576291853089911 0.3213710105708288 -0.0003501283674102996 -0.0480376120086931
8.92 0.2539974887039851 0.2705591082250079 0.2543474600890965 0.318585950612606 -0.0003499713851114206 -0.04802684238759804
8.922 0.2509433005017011 0.2677040669920009 0.2512931150100641 0.3157201445860788 -0.0003498145083630424 -0.04801607759407791
8.924 0.2481150138495629 0.2647799018662429 0.2484646715866335 0.3127852194911305 -0.000349657737070562 -0.04800531762488762
8.926 0.2455109774900159 0.2617976716987735 0.2458604785611554 0.3097922341755585 -0.0003495010711394827 -0.04799456247678496
8.928 0.2431294244491858 0.2587679269901522 0.2434787689596613 0.3067517391366829 -0.0003493445104754136 -0.04798381214653066
8.93 0.2409685193624606 0.2557007712111654 0.2413177074174447 0.3036738378420537 -0.0003491880549840695 -0.04797306663088832
8.932 0.2390263966735075 0.2526059230021108 0.2393754283780788 0.3005682489287353 -0.0003490317045712705 -0.04796232592662444
8.934 0.2373011902409422 0.2494927787400521 0.2376500657000852 0.2974443687705605 -0.0003488754591429426 -0.04795159003050844
8.936 0.2357910548072278 0.2463704750662417 0.2361397741258329 0.2943113340055543 -0.0003487193186051162 -0.0479408589393126
8.938 0.2344941796979715 0.2432479510417191 0.2348427429808355 0.2911780836915313 -0.0003485632828639277 -0.04793013264981209
8.94 0.233408795029937 0.2401340096501736 0.2337572023817626 0.2880534208089586 -0.0003484073518256182 -0.04791941115878502
8.942 0.2325331706155589 0.2370373783952875 0.2328814221409554 0.2849460728582998 -0.0003482515253965331 -0.04790869446301229
8.944 0.2318656076622249 0.2339667687440215 0.232213703465708 0.2818647513032992 -0.0003480958034831232 -0.04789798255927775
8.946 0.2314044232785509 0.2309309341496988 0.2317523634645428 0.2788182095940669 -0.0003479401859919437 -0.04788727544436812
8.948 0.2311479277197146 0.2279387263494525 0.2314957123925442 0.2758152994645254 -0.0003477846728296537 -0.04787657311507295
8.95 0.231094394231631 0.2249991495685534 0.231442023495534 0.272865025136738 -0.0003476292639030173 -0.04786587556818469
8.952 0.2312420212923881 0.2221214121802343 0.231589495251507 0.269976594980733 -0.0003474739591189022 -0.04785518280049866
8.954 0.2315888870024747 0.2193149752637526 0.231936205760859 0.2671594700725656 -0.0003473187583842802 -0.047844494808813
8.956 0.23213289534634 0.2165895973746171 0.2324800590079463 0.2644234089645459 -0.0003471636616062273 -0.04783381158992879
8.958 0.2328717140422402 0.2139553746901484 0.2332187227109321 0.2617785078307983 -0.0003470086686919227 -0.04782313314064989
8.96 0.2338027037201712 0.2114227755221781 0.2341495574997198 0.2592352349799611 -0.0003468537795486492 -0.04781245945778304
8.962 0.234922838225941 0.2090026679973065 0.2352695372200248 0.2568044585354444 -0.0003466989940837937 -0.04780179053813783
8.964 0.2362286159506249 0.206706339497872 0.2365751602628297 0.2544974658763987 -0.0003465443122048455 -0.0477911263785267
8.966 0.2377159622366952 0.2045455062388102 0.2380623519705146 0.2523259732145751 -0.0003463897338193979 -0.04778046697576494
8.968 0.2393801231243995 0.2025323111330641 0.2397263583832346 0.2503021234597347 -0.0003462352588351463 -0.04776981232667065
8.97 0.2412155509830783 0.2006793078827011 0.2415616318702382 0.2484384703107659 -0.0003460808871598899 -0.04775916242806481
8.972 0.2432157829310865 0.1989994290368877 0.243561709549788 0.2467479463136589 -0.00034592661870153 -0.04774851727677119
8.974 0.2453733133910819 0.197505935600408 0.2457190858444499 0.2452438124700244 -0.0003457724533680708 -0.04773787686961643
8.976 0.2476794626604871 0.1962123456779206 0.2480250810515547 0.2439395868813505 -0.0003456183910676189 -0.04772724120342996
8.978 0.2501242439997007 0.1951323396276803 0.2504697084314091 0.2428489499027244 -0.0003454644317083832 -0.04771661027504407
8.98 0.2526962324470166 0.1942796393045934 0.2530415430222152 0.2419856233858872 -0.0003453105751986749 -0.04770598408129385
8.982 0.2553824393473937 0.1936678592301201 0.2557275961688406 0.2413632218491373 -0.0003451568214469071 -0.04769536261901721
8.984 0.2581681974068067 0.1933103279729734 0.2585132005771683 0.2409950738580283 -0.0003450031703615949 -0.04768474588505489
8.986 0.2610370619181359 0.1932198786955914 0.2613819115399872 0.2408940125718418 -0.0003448496218513552 -0.04767413387625043
8.988 0.2639707345990618 0.1934086087482723 0.2643154307748867 0.2410721353377224 -0.0003446961758249066 -0.04766352658945016
8.99 0.2669490171690069 0.1938876093993994 0.2672935600011979 0.2415405334209027 -0.0003445428321910692 -0.04765292402150326
8.992 0.2699498022889144 0.1946666682838855 0.2702941918797731 0.2423089944531471 -0.0003443895908587642 -0.04764232616926166
8.994 0.272949109701567 0.1957539489196841 0.273293346153304 0.2433856819492642 -0.0003442364517370146 -0.04763173302958014
8.996 0.2759211752364351 0.1971556536422126 0.2762652586511701 0.2447767982415288 -0.0003440834147349439 -0.04762114459931623
8.998 0.2788385996789614 0.1988756784618498 0.2791825301587231 0.2464862393371802 -0.0003439304797617773 -0.04761056087533033
9 0.2816725632588107 0.2009152705451859 0.2820163409055375 0.2485152523996714 -0.0003437776467268397 -0.0475999818544855
9.002 0.2843931096168318 0.2032727011005732 0.2847367345323714 0.2508621086342209 -0.0003436249155395579 -0.0475894075336477
9.004 0.28696950053958 0.2059429682208009 0.2873129728256895 0.2535218061304865 -0.0003434722861094589 -0.04757883790968565
9.006 0.2893706395372441 0.2089175454842595 0.2897139592955902 0.2564858184637303 -0.0003433197583461696 -0.04756827297947082
9.008 0.2915655585862619 0.2121841926155502 0.2919087259184213 0.2597419053554276 -0.0003431673321594179 -0.04755771273987748
9.01 0.2935239582449575 0.2157268440479251 0.2938669732524165 0.2632740012357077 -0.0003430150074590314 -0.04754715718778266
9.012 0.2952167871432808 0.2195255896529479 0.2955596499274358 0.2670621959730141 -0.0003428627841549382 -0.0475366063200662
9.014 0.2966168428744691 0.2235567591209775 0.2969595535366263 0.2710828192545882 -0.0003427106621571659 -0.04752606013361066
9.016 0.2976993729513019 0.227793117510556 0.2980419315926778 0.2753086361358574 -0.0003425586413758418 -0.04751551862530138
9.018 0.2984426521131596 0.2322041744841168 0.2987850588348808 0.2797091562761433 -0.0003424067217211932 -0.04750498179202647
9.02 0.2988285112208025 0.2367566039885405 0.299170766123906 0.2842510536192174 -0.000342254903103547 -0.04749444963067683
9.022 0.2988427935048767 0.241414765018782 0.29918489669031 0.288898687156928 -0.0003421031854333288 -0.04748392213814603
9.024 0.298475716159923 0.2461413081076542 0.298817667728544 0.2936147074189847 -0.0003419515686210641 -0.0474733993113305
9.026 0.2977221191500832 0.2508978468336038 0.2980639192026606 0.2983607279807331 -0.000341800052577377 -0.04746288114712931
9.028 0.2965815883942207 0.2556456694277711 0.2969232370314337 0.3030980370702155 -0.0003416486372129912 -0.04745236764244438
9.03 0.2950584468435035 0.2603464629027427 0.2953999441659422 0.3077883216969231 -0.0003414973224387288 -0.04744185879418032
9.032 0.293161613847116 0.264963021282093 0.2935029599552815 0.3123943758813374 -0.0003413461081655104 -0.04743135459924445
9.034 0.2909043400514987 0.2694599105667634 0.291245535045803 0.3168807656213103 -0.0003411949943043558 -0.04742085505454692
9.036 0.2883038313281345 0.273804065927409 0.2886448753089009 0.3212144260844095 -0.0003410439807663828 -0.04741036015700054
9.038 0.2853807803799183 0.2779653009737744 0.2857216734473811 0.3253651708772952 -0.0003408930674628077 -0.04739986990352087
9.04 0.2821588283705131 0.2819167144013426 0.2824995706248181 0.3293060986923688 -0.0003407422543049451 -0.0473893842910262
9.042 0.2786639809516175 0.2856349853513615 0.2790045724928217 0.3330138886677991 -0.0003405915412042072 -0.04737890331643756
9.044 0.274924003403498 0.2891005549200108 0.2752644443315701 0.3364689818966895 -0.0003404409280721046 -0.04736842697667868
9.046 0.2709678183884606 0.2922976969418651 0.2713081088032808 0.3396556522105411 -0.0003402904148202457 -0.04735795526867603
9.048 0.2668249273093443 0.2952144860653168 0.2671650673107047 0.3425619742546756 -0.0003401400013603361 -0.04734748818935879
9.05 0.2625248728114195 0.2978426749711466 0.2628648624990237 0.3451797007068055 -0.0003399896876041793 -0.04733702573565882
9.052 0.2580967559482685 0.3001774952266448 0.2584365954217322 0.3475040631311556 -0.0003398394734636766 -0.04732656790451078
9.054 0.2535688173206925 0.302217397709161 0.2539085066795433 0.3495335124020129 -0.0003396893588508256 -0.04731611469285193
9.056 0.2489680874146641 0.303963748870702 0.2493076267583418 0.3512694149683244 -0.000339539343677722 -0.04730566609762232
9.058 0.2443201076649852 0.3054204985169613 0.2446594970928418 0.3527157206327259 -0.0003393894278565579 -0.04729522211576463
9.06 0.2396487206289337 0.306593833452209 0.2399879602402334 0.3538786161964333 -0.0003392396112996225 -0.0472847827442243
9.062 0.2349759251615662 0.3074918295212279 0.2353150150554855 0.3547661775011774 -0.000339089893919302 -0.04727434797994946
9.064 0.2303217906674966 0.308124112474922 0.2306607309431247 0.3553880302948129 -0.0003389402756280789 -0.04726391781989087
9.066 0.2257044233309691 0.3085015358856614 0.2260432140873076 0.3557550281466635 -0.0003387907563385322 -0.04725349226100205
9.068 0.2211399766248009 0.3086358821931732 0.2214786179607643 0.3558789534934124 -0.000338641335963338 -0.04724307130023921
9.07 0.2166426982773881 0.3085395909822997 0.2169811902918034 0.3557722459168609 -0.0003384920144152674 -0.04723265493456116
9.072 0.2122250061310041 0.3082255168530854 0.2125633489226113 0.3554477600140149 -0.0003383427916071888 -0.04722224316092948
9.074 0.207897585850818 0.3077067177794252 0.20823577951827 0.3549185537557336 -0.0003381936674520658 -0.04721183597630838
9.076 0.2036695041508364 0.3069962736754585 0.2040075487926993 0.3541977070531233 -0.0003380446418629584 -0.04720143337766478
9.078 0.1995483320093791 0.3061071339890179 0.1998862277241321 0.3532981693509861 -0.0003378957147530223 -0.04719103536196825
9.08 0.1955402731871278 0.3050519924944216 0.1958780200731633 0.3522326344206126 -0.0003377468860355084 -0.04718064192619101
9.082 0.1916502941876927 0.3038431870301893 0.1919878923433164 0.3510134400974973 -0.0003375981556237634 -0.04717025306730799
9.084 0.1878822525782525 0.3024926216849545 0.1882197021016837 0.3496524904672512 -0.0003374495234312295 -0.04715986878229674
9.086 0.1842390212929378 0.301011708840218 0.1845763222823092 0.3481611979083555 -0.0003373009893714439 -0.04714948906813753
9.088 0.1807226071632495 0.2994113284978706 0.1810597597166076 0.3465504424196837 -0.0003371525533580391 -0.04713911392181321
9.09 0.1773342624526851 0.2977018024232259 0.1776712666679898 0.3448305457635352 -0.0003370042153047423 -0.04712874334030934
9.092 0.1740745886176292 0.2958928807942213 0.1744114445927546 0.3430112581148353 -0.0003368559751253758 -0.04711837732061411
9.094 0.1709436318792968 0.2939937392433999 0.1712803397120306 0.3411017551031184 -0.000336707832733857 -0.04710801585971839
9.096 0.1679409704800873 0.29201298439449 0.1682775302681315 0.3391106433491057 -0.0003365597880441971 -0.04709765895461564
9.098 0.1650657937192014 0.2899586662159824 0.1654022055601719 0.3370459728182844 -0.0003364118409705023 -0.047087306602302
9.1 0.1623169730277896 0.2878382957312673 0.1626532370192166 0.3349152545310435 -0.0003362639914269733 -0.04707695879977626
9.102 0.1596931254620145 0.2856588668320484 0.1600292417013424 0.3327254823760882 -0.0003361162393279046 -0.04706661554403981
9.104 0.1571926700703422 0.2834268811336774 0.1575286386549299 0.3304831579657742 -0.0003359685845876853 -0.04705627683209671
9.106 0.1548138776382446 0.2811483749860574 0.1551496986653653 0.328194317647011 -0.000335821027120798 -0.04704594266095365
9.108 0.1525549143357524 0.2788289479109508 0.1528905879025942 0.3258645609385706 -0.0003356735668418196 -0.04703561302761989
9.11 0.1504138797955029 0.2764737918746667 0.1507494059991683 0.3234990798037741 -0.0003355262036654206 -0.0470252879291074
9.112 0.1483888401371629 0.274087720925785 0.1487242190746693 0.3211026882882157 -0.000335378937506365 -0.04701496736243073
9.114 0.1464778564321335 0.2716752008321164 0.146813088200413 0.3186798521567235 -0.0003352317682795103 -0.04700465132460703
9.116 0.1446790090724345 0.2692403784394966 0.1450140937683343 0.3162347182521527 -0.0003350846958998079 -0.04699433981265613
9.118 0.1429904184732259 0.2667871105500069 0.1433253561935082 0.3137711433736072 -0.0003349377202823015 -0.04698403282360038
9.12 0.1414102625013419 0.2643189921803251 0.141745053342684 0.3112927225347899 -0.000334790841342129 -0.04697373035446486
9.122 0.1399367909830431 0.2618393841123856 0.1402714350420376 0.3088028165146627 -0.0003346440589945203 -0.04696343240227713
9.124 0.1385683376051066 0.2593514396909953 0.1389028349782614 0.3063045786550627 -0.000334497373154799 -0.04695313896406747
9.126 0.137303329484677 0.2568581308576691 0.1376376802684154 0.3038009808945378 -0.0003343507837383811 -0.0469428500368687
9.128 0.1361402946450977 0.2543622734368016 0.1364744989357585 0.3012948390545179 -0.0003342042906607751 -0.04693256561771623
9.13 0.135077867598131 0.2518665517113584 0.1354119254919685 0.2987888374150064 -0.0003340578938375823 -0.04692228570364811
9.132 0.1341147931974945 0.2493735423415368 0.134448704790679 0.2962855526332418 -0.0003339115931844966 -0.04691201029170496
9.134 0.1332499288941657 0.2468857376906915 0.133583694282783 0.2937874770696215 -0.0003337653886173035 -0.04690173937893
9.136 0.1324822454908246 0.2444055686299998 0.1328158647708765 0.2912970415923688 -0.0003336192800518812 -0.04689147296236902
9.138 0.1318108264608785 0.2419354268972923 0.1321442997282827 0.2888166379363628 -0.0003334732674041997 -0.04688121103907041
9.14 0.131234865866305 0.2394776870851611 0.1315681932168953 0.2863486406912462 -0.0003333273505903211 -0.04687095360608515
9.142 0.1307536648782869 0.2370347283303332 0.1310868464078133 0.2838954289908 -0.0003331815295263993 -0.0468607006604668
9.144 0.130366626874928 0.2346089557702851 0.1306996626790567 0.2814594079695566 -0.0003330358041286795 -0.04685045219927147
9.146 0.130073251061141 0.2322028218228934 0.1304061412354545 0.2790430300424512 -0.0003328901743134989 -0.04684020821955787
9.148 0.1298731245269759 0.229818847331565 0.1302058691669732 0.2766488160499523 -0.0003327446399972861 -0.04682996871838729
9.15 0.1297659126323859 0.2274596426013702 0.1300985118334824 0.2742793762941937 -0.0003325992010965607 -0.04681973369282354
9.152 0.1297513475785139 0.2251279283296949 0.1300838014360418 0.271937431469628 -0.0003324538575279337 -0.04680950313993307
9.154 0.129829214998557 0.2228265564082886 0.1301615236077651 0.2696258334650734 -0.0003323086092081072 -0.04679927705678481
9.156 0.1299993383752159 0.2205585305418951 0.1303315018312697 0.2673475859823454 -0.000332163456053874 -0.04678905544045033
9.158 0.1302615610674934 0.2183270265898168 0.1305935794654755 0.2651058648778205 -0.0003320183979821184 -0.04677883828800369
9.16 0.1306157257078374 0.2161354124913439 0.1309475991427472 0.2629040380878655 -0.0003318734349098146 -0.04676862559652156
9.162 0.1310616507123318 0.2139872675830787 0.1313933792790858 0.2607456849461618 -0.0003317285667540279 -0.04675841736308313
9.164 0.1315991036335937 0.2118864010539179 0.1319306874270256 0.258634614638688 -0.000331583793431914 -0.04674821358477015
9.166 0.132227771079691 0.2098368692123511 0.1325592101945517 0.256574883471018 -0.0003314391148607187 -0.04673801425866689
9.168 0.1329472249251578 0.2078429911601583 0.1332785194561155 0.2545708105420185 -0.0003312945309577786 -0.04672781938186021
9.17 0.133756884554925 0.2059093623753502 0.1340880345965656 0.2526269913267897 -0.0003311500416405198 -0.04671762895143948
9.172 0.1346559749118439 0.2040408656067167 0.1349869805586703 0.2507483085712133 -0.0003310056468264587 -0.04670744296449661
9.174 0.1356434801671499 0.2022426783729802 0.1359743415135831 0.2489399397911063 -0.0003308613464332019 -0.04669726141812607
9.176 0.1367180929052917 0.2005202762428381 0.1370488100456702 0.2472073605522629 -0.0003307171403784452 -0.04668708430942481
9.178 0.1378781588146109 0.198879430951013 0.1382087318431909 0.2455563425865053 -0.0003305730285799742 -0.04667691163549236
9.18 0.1391216170080946 0.1973262022844791 0.1394520460190502 0.2439929456779099 -0.0003304290109556646 -0.04666674339343078
9.182 0.1404459362694209 0.1958669225572879 0.1407762213568443 0.2425235021376325 -0.0003302850874234806 -0.0466565795803446
9.184 0.1418480477329376 0.1945081723903662 0.1421781889908391 0.2411545925837071 -0.0003301412579014766 -0.04664642019334093
9.186 0.1433242747657231 0.1932567464344977 0.1436542722880309 0.239893011664027 -0.0003299975223077954 -0.04663626522952936
9.188 0.1448702611279868 0.19211960763254 0.1452001150085475 0.238745722318562 -0.0003298538805606694 -0.04662611468602201
9.19 0.1464808988441975 0.1911038286261907 0.1468106091767759 0.2377197971861242 -0.00032971033257842 -0.04661596855993352
9.192 0.148150257617157 0.1902165189908742 0.1484798244954365 0.2368223458392552 -0.0003295668782794569 -0.04660582684838104
9.194 0.1498715180529759 0.1894647371482523 0.1502009415705581 0.2360604266967365 -0.000329423517582279 -0.04659568954848421
9.196 0.1516369114212316 0.1888553860797434 0.1519661916716371 0.2354409427371086 -0.0003292802504054739 -0.0465855566573652
9.198 0.1534376691297505 0.1883950923655863 0.1537668062064182 0.234970520537735 -0.0003291370766677171 -0.04657542817214864
9.2 0.1552639855179158 0.188090068618549 0.1555929795142035 0.2346553727085107 -0.0003289939962877732 -0.04656530408996173
9.202 0.1571049979275252 0.1879459600802829 0.1574338489367097 0.234501144488217 -0.0003288510091844944 -0.04655518440793411
9.204 0.1589487882490392 0.1879676770035149 0.159277496364316 0.2345127461267129 -0.0003287081152768215 -0.04654506912319792
9.206 0.1607824102112013 0.1881592154436384 0.161110975525685 0.2346941736765262 -0.0003285653144837833 -0.04653495823288782
9.208 0.1625919465264647 0.1885234702016918 0.1629203691331892 0.2350483219358327 -0.0003284226067244961 -0.04652485173414092
9.21 0.1643625995677069 0.1890620448501724 0.1646908795596251 0.2355767944742693 -0.0003282799919181645 -0.04651474962409684
9.212 0.1660788184865329 0.1897750649649158 0.166406955956517 0.2362797168648136 -0.0003281374699840807 -0.04650465189989771
9.214 0.1677244645578772 0.1906610017903718 0.1680524595987188 0.2371555603490599 -0.0003279950408416242 -0.04649455855868808
9.216 0.1692830150421674 0.1917165144730546 0.1696108677465777 0.2382009840706696 -0.0003278527044102623 -0.04648446959761502
9.218 0.1707378040223165 0.1929363195885838 0.1710655144829261 0.2394107046024118 -0.0003277104606095491 -0.04647438501382806
9.22 0.172072296564195 0.1943130968393269 0.1723998648735541 0.2407774016438061 -0.0003275683093591267 -0.04646430480447921
9.222 0.1732703902777225 0.1958374394038729 0.1735978165283012 0.2422916683705959 -0.000327426250578724 -0.04645422896672295
9.224 0.1743167360737046 0.1974978563960254 0.1746440203578928 0.2439420138937416 -0.0003272842841881564 -0.04644415749771623
9.226 0.1751970678080643 0.1992808332077996 0.1755242102181717 0.245714923602418 -0.0003271424101073269 -0.04643409039461844
9.228 0.1758985287858668 0.2011709531952877 0.176225529414123 0.2475949808498792 -0.0003270006282562251 -0.04642402765459146
9.23 0.176409981966873 0.2031510813164619 0.1767368409054279 0.2495650505912616 -0.000326858938554927 -0.04641396927479963
9.232 0.1767222903487123 0.2052026071160708 0.1770490076896359 0.2516065223684805 -0.0003267173409235954 -0.04640391525240974
9.234 0.1768285545227805 0.2073057411050088 0.177155130358063 0.2536996066895998 -0.0003265758352824794 -0.046393865584591
9.236 0.1767242958450026 0.2094398553715232 0.1770507302665545 0.2558236756400383 -0.0003264344215519146 -0.04638382026851513
9.238 0.1764075759890452 0.211583856474961 0.1767338690886976 0.2579576357763173 -0.0003262930996523229 -0.04637377930135628
9.24 0.1758790467084434 0.2137165765705827 0.1762051985779476 0.2600803192508737 -0.0003261518695042116 -0.04636374268029101
9.242 0.175141927198285 0.2158171675020067 0.1754679379293132 0.2621708779045051 -0.000326010731028175 -0.04635371040249835
9.244 0.1742019102280737 0.2178654823991868 0.1745277799122185 0.2642091648643466 -0.0003258696841448927 -0.04634368246515981
9.246 0.1730670019006088 0.2198424301533101 0.1733927306293839 0.2661760890187694 -0.00032572872877513 -0.04633365886545926
9.248 0.1717473031748394 0.2217302899214898 0.1720728910396792 0.2680539295220729 -0.0003255878648397383 -0.04632363960058306
9.25 0.1702547439183271 0.2235129753683344 0.1705801910105867 0.2698266000360544 -0.0003254470922596539 -0.04631362466771998
9.252 0.1686027820488437 0.2251762414325496 0.1689280884597996 0.2714798554966109 -0.0003253064109558992 -0.04630361406406124
9.254 0.1668060811984327 0.2267078297348332 0.1671312470192822 0.2730014375216336 -0.0003251658208495818 -0.04629360778680047
9.256 0.1648801802950784 0.2280975520388953 0.1652052056169404 0.274381157872029 -0.0003250253218618941 -0.04628360583313371
9.258 0.1628411676005345 0.2293373141899105 0.1631660525144486 0.2756109223901699 -0.0003248849139141139 -0.04627360820025948
9.26 0.1607053702258563 0.2304210854895649 0.1610301148227839 0.2766847003749435 -0.000324744596927604 -0.04626361488537866
9.262 0.1584890681643333 0.231344820399259 0.1588136725351572 0.2775984462849536 -0.0003246043708238121 -0.04625362588569457
9.264 0.1562082396441337 0.2321063407375562 0.156532703879658 0.2783499819359692 -0.0003244642355242706 -0.04624364119841295
9.266 0.1538783423076067 0.2327051871662454 0.1542026664985573 0.2789388479869874 -0.0003243241909505964 -0.04623366082074194
9.268 0.1515141325373909 0.2331424488055255 0.1518383167744154 0.2793661335554176 -0.0003241842370244914 -0.04622368474989211
9.27 0.1491295233001427 0.2334205793817573 0.1494535676738104 0.2796342923648337 -0.0003240443736677418 -0.04621371298307641
9.272 0.1467374792502724 0.2335432075101042 0.1470613838510746 0.2797469530276144 -0.0003239046008022177 -0.0462037455175102
9.274 0.1443499465687545 0.2335149476717421 0.1446737114871044 0.2797087300221533 -0.0003237649183498741 -0.04619378235041125
9.276 0.1419778141115012 0.2333412172750944 0.142301439437734 0.2795250407540942 -0.0003236253262327494 -0.04618382347899974
9.278 0.1396309018847955 0.2330280639906605 0.1399543877091685 0.2792019328911587 -0.0003234858243729665 -0.04617386890049821
9.28 0.1373179726080708 0.2325820063966231 0.1376413190207635 0.2787459250087547 -0.0003233464126927325 -0.04616391861213165
9.282 0.1350467621147492 0.23200988992236 0.1353699692058636 0.2781638625334873 -0.0003232070911143374 -0.04615397261112737
9.284 0.1328240245232209 0.2313187591640419 0.133147092382781 0.2774627900587571 -0.0003230678595601554 -0.04614403089471513
9.286 0.1306555884261975 0.2305157468872041 0.1309785171441502 0.2766498403473311 -0.0003229287179526447 -0.04613409346012705
9.288 0.1285464207495747 0.2296079794280757 0.1288692104157891 0.2757321397326733 -0.000322789666214346 -0.04612416030459763
9.29 0.1265006953797386 0.2286024977510447 0.1268233460840064 0.2747167291764084 -0.0003226507042678843 -0.04611423142536376
9.292 0.1245218641167771 0.2275061930988281 0.124844375948813 0.2736104999184928 -0.000322511832035967 -0.0461043068196647
9.294 0.1226127279569192 0.2263257559667035 0.1229351010063606 0.2724201424514455 -0.0003223730494413853 -0.04609438648474208
9.296 0.1207755071223245 0.2250676370222962 0.1210977414787316 0.2711521074401361 -0.0003222343564070135 -0.04608447041783996
9.298 0.1190119086302062 0.2237380185586508 0.119334004383062 0.2698125771748555 -0.0003220957528558081 -0.04607455861620467
9.3 0.1173231905196377 0.2223427950920331 0.1176451477583486 0.2684074461691181 -0.000321957238710809 -0.046064651077085
9.302 0.1157102221325943 0.2208875617814693 0.1160320409464894 0.2669423095792013 -0.000321818813895139 -0.04605474779773205
9.304 0.1141735400767348 0.2193776094408692 0.1144952205550668 0.2654224582162685 -0.0003216804783320029 -0.04604484877539931
9.306 0.112713399683999 0.217817925025225 0.1130349419159437 0.2638528790325677 -0.0003215422319446884 -0.04603495400734262
9.308 0.1113298219261451 0.2162131965915349 0.1116512260008017 0.2622382600823551 -0.0003214040746565653 -0.04602506349082016
9.31 0.1100226358607767 0.2145678218561985 0.1103439018671678 0.260582999079291 -0.0003212660063910862 -0.04601517722309251
9.312 0.1087915167635431 0.212885919588298 0.1091126447906148 0.2588912147897205 -0.0003211280270717856 -0.04600529520142257
9.314 0.1076360201598111 0.211171343189781 0.1079570102964334 0.2571667606128566 -0.0003209901366222798 -0.04599541742307561
9.316 0.1065556120062207 0.2094276959168754 0.106876464341187 0.2554132398021946 -0.0003208523349662676 -0.04598554388531922
9.318 0.1055496952929141 0.207658347290375 0.1058704099149416 0.2536340218757984 -0.0003207146220275295 -0.04597567458542337
9.32 0.1046176333449645 0.2058664503260529 0.1049382103426944 0.2518322598467132 -0.0003205769977299271 -0.04596580952066032
9.322 0.1037587700992181 0.2040549592901405 0.1040792095612155 0.2500109079784452 -0.000320439461997405 -0.04595594868830475
9.324 0.1029724476227355 0.2022266477485181 0.1032927496374894 0.2481727398341517 -0.000320302014753988 -0.0459460920856336
9.326 0.1022580211237028 0.200384126733298 0.1025781857796265 0.2463203664432242 -0.0003201646559237832 -0.04593623970992619
9.328 0.1016148716864164 0.1985298628973226 0.1019348990718474 0.2444562544557868 -0.0003200273854309789 -0.04592639155846416
9.33 0.10104241693989 0.1966661965660957 0.1013623071430899 0.2425827441946272 -0.0003198902031998442 -0.04591654762853147
9.332 0.1005401198460387 0.1947953596292328 0.1008598729551934 0.2407020675466472 -0.0003197531091547298 -0.04590670791741445
9.334 0.100107495768757 0.1929194932402771 0.1004271118719771 0.2388163656626788 -0.0003196161032200676 -0.0458968724224017
9.336 0.09974411796002498 0.1910406653146947 0.1000635971453454 0.2369277064554789 -0.0003194791853203695 -0.04588704114078415
9.338 0.09944962157388361 0.1891608878325134 0.09976896392926383 0.2350381019023685 -0.0003193423553802294 -0.04587721406985511
9.34 0.09922370629392969 0.1872821339645563 0.09954291190725402 0.2331495251714664 -0.000319205613324321 -0.04586739120691013
9.342 0.09906613763484082 0.1854063550495048 0.09938520659391821 0.2312639275987519 -0.0003190689590773991 -0.04585757254924713
9.344 0.09897674695364254 0.1835354974539414 0.09929567934620684 0.2293832555481077 -0.0003189323925642991 -0.04584775809416631
9.346 0.09895543018179057 0.1816715193494589 0.0992742260955005 0.2275094671884291 -0.0003187959137099362 -0.04583794783897021
9.348 0.09900214526470683 0.1798164074388965 0.09932080478714614 0.2256445492198601 -0.0003186595224393064 -0.04582814178096364
9.35 0.09911690827120156 0.1779721936588318 0.09943543148987904 0.2237905335762855 -0.000318523218677486 -0.04581833991745376
9.352 0.09929978811116229 0.1761409718773526 0.09961817511351193 0.2219495141231026 -0.000318387002349631 -0.04580854224574999
9.354 0.09955089977609961 0.1743249145938092 0.0998691506494806 0.2201236633569733 -0.0003182508733809778 -0.0457987487631641
9.356 0.09987039599375337 0.1725262896312481 0.1001885108254502 0.2183152490982581 -0.0003181148316968423 -0.04578895946701009
9.358 0.1002584571650632 0.1707474767922205 0.1005764360422858 0.2165266511468248 -0.0003179788772226202 -0.04577917435460431
9.36 0.1007152794298968 0.1689909844231162 0.1010331224397806 0.2147603778463817 -0.0003178430098837876 -0.04576939342326541
9.362 0.1012410606874621 0.167259465801627 0.101558767917068 0.2130190824719412 -0.0003177072296058993 -0.04575961667031428
9.364 0.1018359843787776 0.1655557352255857 0.1021535559150922 0.2113055793186598 -0.0003175715363145897 -0.04574984409307413
9.366 0.102500200823217 0.1638827836379102 0.1028176367531526 0.2096228593267807 -0.0003174359299355735 -0.04574007568887048
9.368 0.1032338058899594 0.1622437935718725 0.103551106300354 0.2079741050269036 -0.0003173004103946434 -0.04573031145503106
9.37 0.1040368167795217 0.1606421531429397 0.1043539817571394 0.2063627045318257 -0.0003171649776176722 -0.04572055138888598
9.372 0.1049091446927329 0.1590814687466641 0.1052261743242635 0.2047922642344316 -0.0003170296315306114 -0.04571079548776753
9.374 0.1058505641764978 0.1575655760473643 0.1061674585485572 0.2032666197963746 -0.0003168943720594913 -0.04570104374901033
9.376 0.1068606789600752 0.156098548759701 0.1071774381592057 0.2017898449296523 -0.0003167591991304217 -0.04569129616995128
9.378 0.1079388841359808 0.1546847046347153 0.1082555082486504 0.2003662573826448 -0.0003166241126695906 -0.04568155274792954
9.38 0.1090843245992687 0.1533286079656949 0.109400813711872 0.1990004214459815 -0.0003164891126032646 -0.0456718134802865
9.382 0.1102958497414332 0.1520350678296004 0.1106122039402909 0.1976971461939663 -0.0003163541988577898 -0.04566207836436591
9.384 0.1115719645054984 0.1508091311795082 0.111888183876858 0.1964614785770219 -0.0003162193713595896 -0.04565234739751367
9.386 0.1129107770503489 0.1496560698082975 0.113226861680384 0.1952986903853755 -0.0003160846300351665 -0.04564262057707804
9.388 0.1143099434488936 0.14858136011993 0.1146258934237047 0.1942142580203395 -0.0003159499748111008 -0.04563289790040945
9.39 0.1157666100599365 0.1475906545801332 0.1160824254655506 0.1932138339449939 -0.0003158154056140516 -0.04562317936486068
9.392 0.1172773544687344 0.146689743684061 0.1175930353911052 0.1923032086518477 -0.0003156809223707556 -0.0456134649677867
9.394 0.1188381261857113 0.1458845072871036 0.1191536727107193 0.1914882619936484 -0.0003155465250080272 -0.04560375470654473
9.396 0.1204441886242641 0.1451808542102286 0.1207596008377168 0.1907749027887229 -0.0003154122134527594 -0.04559404857849427
9.398 0.1220900642389892 0.1445846491696343 0.1224053422266212 0.1901689957506314 -0.0003152779876319228 -0.04558434658099708
9.4 0.1237694850827925 0.1441016263083787 0.1240846289302651 0.1896762750197958 -0.0003151438474725652 -0.04557464871141712
9.402 0.1254753514179842 0.1437372889405364 0.125790361210886 0.189302243907657 -0.0003150097929018125 -0.04556495496712062
9.404 0.1271997013669269 0.1434967955704489 0.1275145771907737 0.189052060915925 -0.0003148758238468676 -0.04555526534547604
9.406 0.1289336948801517 0.143384832829272 0.1292484368203868 0.1889304126731261 -0.0003147419402350111 -0.04554557984385407
9.408 0.1306676154964604 0.143405476679749 0.130982223638454 0.1889413751393767 -0.000314608141993601 -0.04553589845962767
9.41 0.1323908934255232 0.1435620440688594 0.1327053678545733 0.1890882652590314 -0.0003144744290500722 -0.04552622119017199
9.412 0.1340921533519128 0.1438569381340511 0.1344064941532447 0.1893734861669156 -0.0003143408013319367 -0.04551654803286444
9.414 0.1357592899956837 0.1442914910528255 0.1360734972544504 0.1897983700379102 -0.0003142072587667838 -0.04550687898508465
9.416 0.1373795738282663 0.1448658096109486 0.1376936476295486 0.190363023655163 -0.000314073801282279 -0.04549721404421445
9.418 0.1389397884075335 0.1455786294762088 0.1392537288363397 0.1910661826838468 -0.0003139404288061656 -0.04548755320763797
9.42 0.1404263995577713 0.1464271849129412 0.1407402066990376 0.1919050813856826 -0.0003138071412662626 -0.04547789647274145
9.422 0.1418257551001824 0.1474071011573186 0.1421394290387729 0.1928753449942321 -0.0003136739385904662 -0.04546824383691343
9.424 0.1431243120933207 0.1485123167941179 0.1434378529140274 0.1939709120916625 -0.000313540820706749 -0.04545859529754465
9.426 0.144308886663231 0.1497350431425145 0.1446222944507742 0.1951839939945425 -0.0003134077875431597 -0.04544895085202805
9.428 0.145366919616796 0.1510657668060189 0.1456801944558239 0.1965050773037777 -0.0003132748390278237 -0.0454393104977588
9.43 0.146286749294238 0.1524933001429516 0.146599891269327 0.1979229743750859 -0.0003131419750889423 -0.04542967423213425
9.432 0.147057881699679 0.1540048824930449 0.1473708908953338 0.1994249245455988 -0.0003130091956547931 -0.04542004205255398
9.434 0.1476712470202507 0.1555863326347248 0.1479841235209045 0.2009967465911446 -0.0003128765006537297 -0.04541041395641979
9.436 0.148119431349419 0.15722225028666 0.1484321752394332 0.2026230402277956 -0.0003127438900141814 -0.04540078994113563
9.438 0.1483968728685236 0.1588962616983694 0.1487094842321883 0.2042874317024771 -0.0003126113636646536 -0.0453911700041077
9.44 0.1485000129460943 0.1605913017228962 0.148812491867628 0.2059728558656406 -0.0003124789215337273 -0.04538155414274439
9.442 0.1484273945454936 0.1622899224646788 0.1487397411090436 0.207661864819135 -0.000312346563550059 -0.04537194235445625
9.444 0.1481797028675066 0.1639746168648352 0.1484919171571489 0.2093369515014913 -0.0003122142896423808 -0.04536233463665607
9.446 0.1477597461057915 0.1656281445934549 0.148071828205531 0.2109808755802137 -0.0003120820997395006 -0.0453527309867588
9.448 0.1471723773207354 0.1672338474635164 0.1474843273145057 0.212576978865698 -0.0003119499937703009 -0.04534313140218158
9.45 0.1464243614812569 0.1687759422802018 0.1467361794529206 0.2141094781605456 -0.0003118179716637403 -0.04533353588034377
9.452 0.1455241944340689 0.170239780521588 0.1458358804674177 0.2155637249402549 -0.0003116860333488516 -0.04532394441866685
9.454 0.1444818827261408 0.1716120663648613 0.1447934369048956 0.2169264233794359 -0.0003115541787547434 -0.04531435701457453
9.456 0.1433086946812336 0.1728810271244372 0.1436201170890442 0.2181858007899299 -0.0003114224078105993 -0.04530477366549271
9.458 0.1420168938449364 0.174036532922241 0.1423281845653821 0.2193317272910904 -0.0003112907204456768 -0.04529519436884941
9.46 0.1406194658729888 0.1750701651340068 0.1409306249895781 0.2203557842560817 -0.0003111591165893094 -0.04528561912207488
9.462 0.1391298492220178 0.1759752356433952 0.1394408768181887 0.2212512835659968 -0.0003110275961709046 -0.04527604792260152
9.464 0.1375616787414756 0.1767467610272824 0.1378725749005955 0.2220132417951463 -0.0003108961591199443 -0.04526648076786389
9.466 0.1359285496233949 0.1773813973871893 0.1362393144287609 0.2226383150424881 -0.0003107648053659855 -0.04525691765529875
9.468 0.1342438073145851 0.1778773425898973 0.1345544408494238 0.2231247011722423 -0.000310633534838659 -0.04524735858234497
9.47 0.1325203670975812 0.1782342131940338 0.1328308694450488 0.2234720167404774 -0.0003105023474676702 -0.04523780354644364
9.472 0.1307705652398986 0.1784529033723562 0.1310809364830814 0.2236811559173942 -0.0003103712431827987 -0.04522825254503798
9.474 0.1290060420020075 0.1785354327738783 0.1293162822239214 0.2237541383494517 -0.000310240221913898 -0.04521870557557339
9.476 0.1272376554504054 0.1784847896047346 0.1275477647339963 0.2236939522402319 -0.0003101092835908959 -0.04520916263549738
9.478 0.125475423977844 0.1783047743424472 0.1257854024059878 0.2235043980647068 -0.0003099784281437941 -0.0451996237222597
9.48 0.1237284946917255 0.1779998485297402 0.1240383423472282 0.2231899373630523 -0.0003098476555026675 -0.04519008883331213
9.482 0.1220051343735528 0.1775749921018786 0.1223148513391505 0.2227555500679873 -0.0003097169655976658 -0.04518055796610872
9.484 0.1203127395025355 0.1770355717490695 0.1206223258608945 0.2222066028671751 -0.0003095863583590112 -0.04517103111810558
9.486 0.1186578618310463 0.1763872219482978 0.1189673176647633 0.2215487302350588 -0.0003094558337170004 -0.04516150828676101
9.488 0.1170462461505921 0.1756357395452986 0.1173555715421941 0.220787729014834 -0.0003093253916020032 -0.04515198946953548
9.49 0.1154828771499044 0.1747869921408359 0.1157920721818488 0.2199294668047274 -0.0003091950319444623 -0.0451424746638915
9.492 0.1139720326009519 0.1738468400383706 0.1142810973556268 0.2189798039056644 -0.0003090647546748943 -0.0451329638672938
9.494 0.1125173404787925 0.1728210711355419 0.1128262750385164 0.2179445282127511 -0.0003089345597238889 -0.04512345707720926
9.496 0.1111218380008869 0.1717153478778748 0.111430642447909 0.2168293021689816 -0.0003088044470221085 -0.0451139542911068
9.498 0.1097880309401795 0.1705351652245732 0.1100967053566798 0.2156396207310308 -0.0003086744165002889 -0.04510445550645759
9.5 0.108517951908975 0.1692858184861856 0.1088264963770643 0.2143807792069204 -0.0003085444680892383 -0.04509496072073483
9.502 0.1073132166194137 0.1679723798665886 0.1076216312211336 0.2130578497980025 -0.0003084146017198383 -0.04508546993141391
9.504 0.1061750773963898 0.166599682562201 0.1064833622137129 0.2116756656981733 -0.0003082848173230429 -0.0450759831359723
9.506 0.1051044734483075 0.16517231132583 0.1054126285631374 0.2102388116577196 -0.0003081551148298785 -0.04506650033188962
9.508 0.1041020775917303 0.16369459848034 0.1044101030859018 0.2087516199969877 -0.0003080254941714446 -0.04505702151664762
9.51 0.1031683392804928 0.1621706244594842 0.1034762352357717 0.2072181711472144 -0.0003078959552789125 -0.04504754668773013
9.512 0.1023035239111399 0.1606042220517669 0.1026112904092234 0.20564229789439 -0.0003077664980835264 -0.04503807584262313
9.514 0.1015077484693915 0.158998983623418 0.1018153855919081 0.2040275926022327 -0.0003076371225166025 -0.04502860897881471
9.516 0.1007810136507007 0.1573582706944643 0.1010885214792102 0.2023774167882594 -0.0003075078285095289 -0.04501914609379503
9.518 0.1001232326355077 0.1556852253341584 0.1004306112515015 0.2006949125192148 -0.0003073786159937663 -0.04500968718505642
9.52 0.09953425673066529 0.1539827829275275 0.09984150621556614 0.1989830151776208 -0.0003072494849008471 -0.04500023225009329
9.522 0.09901389810595632 0.1522536859427906 0.09932101854111869 0.1972444672291927 -0.0003071204351623755 -0.04499078128640213
9.524 0.09856194986117943 0.1505004983985803 0.09886894132788945 0.1954818326900618 -0.0003069914667100276 -0.04498133429148158
9.526 0.09817820365782876 0.1487256207911817 0.09848506623730431 0.193697512054014 -0.0003068625794755513 -0.04497189126283233
9.528 0.09786246514182462 0.1469313052957955 0.09816919891521539 0.1918937574937527 -0.000306733773390766 -0.04496245219795721
9.53 0.09761456737152845 0.1451196711016805 0.09792117241991601 0.1900726881960416 -0.0003066050483875628 -0.04495301709436112
9.532 0.09743438245003584 0.1432927197805557 0.09774085885443375 0.1882363057301068 -0.0003064764043979039 -0.04494358594955107
9.534 0.09732183154334796 0.1414523506214613 0.09762817938470178 0.1863865093824975 -0.0003063478413538231 -0.04493415876103615
9.536 0.09727689344722656 0.1396003758931588 0.09758311280641399 0.1845251114194863 -0.0003062193591874257 -0.04492473552632755
9.538 0.09729961184599567 0.1377385360186694 0.09760570280382656 0.182653852261608 -0.0003060909578308874 -0.04491531624293852
9.54 0.09739010138669468 0.1358685146663515 0.09769606402391114 0.180774415574736 -0.000305962637216456 -0.04490590090838446
9.542 0.09754855267189354 0.1339919537774065 0.09785438706916999 0.1788884432975892 -0.0003058343972764492 -0.04489648952018274
9.544 0.0977752362545582 0.1321104685628429 0.09808094249250145 0.1769975506386958 -0.0003057062379432565 -0.04488708207585292
9.546 0.09807050569841448 0.1302256625128733 0.09837608385756381 0.1751033410857899 -0.000305578159149338 -0.04487767857291661
9.548 0.09843479974743762 0.1283391424697975 0.09874024990826484 0.173207421478695 -0.000305450160827224 -0.04486827900889746
9.55 0.09886864362831095 0.126452533820827 0.09917396587122047 0.1713114172021482 -0.0003053222429095161 -0.04485888338132121
9.552 0.09937264948977553 0.1245674958710937 0.09967784389510442 0.1694169875588094 -0.0003051944053288861 -0.0448494916877157
9.554 0.09994751596264009 0.122685737459137 0.1002525826106582 0.1675258413847477 -0.0003050666480180763 -0.04484010392561078
9.556 0.1005940268037461 0.120809032876825 0.100898965774656 0.1656397529693635 -0.0003049389709098996 -0.04483072009253847
9.558 0.1013130485661553 0.1189392381538456 0.1016178599400926 0.1637605783398783 -0.0003048113739372386 -0.04482134018603273
9.56 0.1021055272160488 0.1170783077629938 0.1024102110730818 0.1618902719666234 -0.0003046838570330468 -0.04481196420362966
9.562 0.1029724835943796 0.1152283117958493 0.10327704001451 0.1600309039387167 -0.0003045564201303475 -0.04480259214286742
9.564 0.1039150075978976 0.1133914536495214 0.1042194366610599 0.1581846776508076 -0.0003044290631622337 -0.04479322400128619
9.566 0.1049342509296604 0.1115700882532344 0.1052385527157222 0.1563539480296626 -0.0003043017860618687 -0.04478385977642825
9.568 0.1060314182439285 0.1097667408475739 0.106335592832691 0.1545412403134118 -0.0003041745887624859 -0.04477449946583791
9.57 0.1072077564840855 0.1079841263095255 0.1075118039552829 0.152749269376587 -0.0003040474711973876 -0.04476514306706153
9.572 0.1084645421852275 0.1062251689918096 0.1087684626185275 0.1509809595694572 -0.0003039204332999468 -0.04475579057764754
9.574 0.1098030664860176 0.1044930230143567 0.1101068599610212 0.1492394650095031 -0.000303793475003605 -0.04474644199514638
9.576 0.1112246175673652 0.1027910929087595 0.111528284163607 0.14752819022587 -0.0003036665962418742 -0.04473709731711058
9.578 0.1127304602093579 0.101123054472013 0.1130340000063062 0.1458508110131077 -0.0003035397969483354 -0.04472775654109471
9.58 0.1143218121340093 0.0994928756322661 0.1146252252110659 0.1442112952969214 -0.0003034130770566385 -0.04471841966465533
9.582 0.1159998167807289 0.09790483706624775 0.1163031032172294 0.1426139237515988 -0.0003032864365005031 -0.04470908668535109
9.584 0.1177655121458021 0.09636355223427599 0.1180686720210158 0.1410633098350187 -0.0003031598752137181 -0.04469975760074267
9.586 0.1196197953093072 0.09487398641277757 0.1199228287024374 0.1395644188211703 -0.0003030333931301409 -0.04469043240839278
9.588 0.121563382275027 0.09344147420609533 0.1218662892652107 0.1381225853119615 -0.0003029069901836985 -0.04468111110586617
9.59 0.1235967627645207 0.09207173490817311 0.1238995434308291 0.1367435285989027 -0.0003027806663083861 -0.04467179369072957
9.592 0.1257201496401449 0.09077088496039916 0.1260228040615832 0.135433365120951 -0.0003026544214382683 -0.04466248016055184
9.594 0.1279334226877807 0.08954544661549019 0.1282359509432882 0.134198617128394 -0.0003025282555074781 -0.04465317051290377
9.596 0.1302360665733396 0.08840235177082859 0.1305384687417898 0.1330462165161868 -0.0003024021684502172 -0.04464386474535822
9.598 0.1326271029049446 0.08734893978038769 0.1329293790651454 0.1319835026358777 -0.0003022761602007557 -0.04463456285549006
9.6 0.1351050164904936 0.08639294789780375 0.135407166721187 0.1310182127386799 -0.0003021502306934327 -0.04462526484087621
9.602 0.1376676760843419 0.08554249285095283 0.1379697004642045 0.1301584635500484 -0.0003020243798626548 -0.04461597069909556
9.604 0.1403122501748642 0.08480604190921534 0.1406141487825071 0.1294127223369444 -0.0003018986076428977 -0.04460668042772906
9.606 0.1430351186806151 0.0841923716912862 0.1433368915945838 0.1287897657156458 -0.0003017729139687047 -0.04459739402435965
9.608 0.1458317818003931 0.08371051288880682 0.1461334290991677 0.1282986243753791 -0.0003016472987746874 -0.04458811148657226
9.61 0.1486967677039118 0.08336967906750203 0.1489982894659073 0.1279485118794559 -0.0003015217619955259 -0.04457883281195391
9.612 0.1516235412504088 0.08317917777483334 0.1519249375539748 0.1277487357729269 -0.0003013963035659674 -0.04456955799809352
9.614 0.1546044164735312 0.08314830235553977 0.1549056873969521 0.1277085893981219 -0.0003012709234208276 -0.0445602870425821
9.616 0.1576304761576793 0.08328620317930618 0.1579316217791743 0.1278372231223188 -0.0003011456214949898 -0.04455101994301264
9.618 0.1606915024275341 0.08360173744425467 0.1609925228252575 0.1281434941412348 -0.0003010203977234048 -0.04454175669698011
9.62 0.1637759228434748 0.0841032973586712 0.1640768180955159 0.1286357946607527 -0.0003008952520410913 -0.04453249730208151
9.622 0.1668707769970515 0.08479861733869107 0.1671715471814346 0.1293218590946069 -0.0003007701843831352 -0.0445232417559158
9.624 0.1699617089738093 0.08569456189882477 0.170262354168494 0.1302085519549087 -0.0003006451946846902 -0.04451399005608397
9.626 0.1730329912295867 0.0867968971472598 0.1733335115124676 0.1313016393474488 -0.0003005202828809772 -0.04450474220018901
9.628 0.1760675853398026 0.08811005020219101 0.1763679807887099 0.1326055483880269 -0.0003003954489072841 -0.04449549818583586
9.63 0.1790472446543102 0.08963686236736237 0.1793475153470092 0.1341231203779939 -0.0003002706926989664 -0.04448625801063149
9.632 0.1819526630564041 0.09137834346537922 0.1822528090705956 0.135855365137564 -0.0003001460141914467 -0.04447702167218483
9.634 0.184763672735138 0.0933334362197224 0.1850636941484582 0.1378012253878292 -0.000300021413320214 -0.04446778916810679
9.636 0.1874594921113395 0.0954988008668681 0.1877593890013604 0.1399573613628784 -0.0002998968900208251 -0.04445856049601032
9.638 0.1900190228270438 0.09786863111589778 0.1903187952712727 0.142317966769408 -0.0002997724442289029 -0.04444933565351025
9.64 0.1924211920837996 0.1004345129957715 0.1927208401596797 0.144874627633995 -0.0002996480758801376 -0.0444401146382235
9.642 0.1946453337192952 0.1031853378892921 0.1949448575042055 0.147616235337061 -0.000299523784910286 -0.04443089744776888
9.644 0.1966715984240544 0.1061072800275516 0.1969709979953096 0.1505289641073188 -0.000299399571255171 -0.04442168407976722
9.646 0.1984813806515207 0.1091838468432955 0.1987806560863714 0.1535963213751368 -0.0002992754348506827 -0.04441247453184132
9.648 0.2000577473270005 0.1123960078609486 0.2003568987026332 0.1567992766625645 -0.0002991513756327774 -0.04440326880161594
9.65 0.2013858516839395 0.1157224043284026 0.201684879077477 0.1601164712151203 -0.0002990273935374774 -0.0443940668867178
9.652 0.202453314697172 0.1191396377600122 0.2027522181856729 0.1635245065447878 -0.0002989034885008718 -0.04438486878477561
9.654 0.2032505568270239 0.1226226312334082 0.2035493364874831 0.1669983057268283 -0.0002987796604591155 -0.04437567449342002
9.656 0.2037710642315915 0.126145053002484 0.2040697201409399 0.1705115370127677 -0.0002986559093484297 -0.04436648401028366
9.658 0.2040115762277064 0.129679788125714 0.2043101084628114 0.1740370854587152 -0.0002985322351051018 -0.04435729733300113
9.66 0.2039721844397384 0.1331994407178512 0.2042705930774039 0.1775475551770601 -0.0002984086376654846 -0.04434811445920895
9.662 0.2036563385093494 0.1366768474125135 0.2039546236263154 0.1810157827990591 -0.0002982851169659973 -0.04433893538654563
9.664 0.203070758098124 0.1400855818771643 0.2033689197710671 0.1844153419898159 -0.0002981616729431246 -0.04432976011265163
9.666 0.2022252557957419 0.1434004308236439 0.2025232941012753 0.1877210194588133 -0.0002980383055334169 -0.04432058863516936
9.668 0.2011324800451798 0.146597823846226 0.2014303950598532 0.1909092447979692 -0.0002979150146734905 -0.04431142095174317
9.67 0.1998075909539952 0.1496562024080606 0.2001053827542952 0.19395845946808 -0.0002977918003000268 -0.04430225706001936
9.672 0.1982678846056023 0.1525563170936178 0.1985655532679521 0.196849414051264 -0.0002976686623497727 -0.04429309695764619
9.674 0.1965323830596747 0.1552814464975295 0.1968299286604342 0.1995653871398034 -0.0002975456007595412 -0.04428394064227387
9.676 0.1946214076029009 0.1578175354602257 0.1949188302183671 0.2020923235717802 -0.0002974226154662094 -0.0442747881115545
9.678 0.1925561520642927 0.1601532544441514 0.1928534517706995 0.2044188938072936 -0.0002972997064067207 -0.04426563936314221
9.68 0.1903582713213681 0.1622799853889303 0.1906554481948862 0.2065364797836233 -0.000297176873518083 -0.04425649439469297
9.682 0.1880494977353915 0.1641917421939346 0.1883465518521288 0.2084390953977994 -0.0002970541167373694 -0.04424735320386478
9.684 0.1856512954350981 0.1658850359470557 0.1859482268710998 0.2101232517353732 -0.000296931436001718 -0.04423821578831749
9.686 0.1831845593840069 0.1673586961345571 0.1834813682152552 0.21158777828027 -0.0002968088312483317 -0.04422908214571294
9.688 0.1806693632501182 0.1686136593895692 0.1809660495525327 0.2128336116632841 -0.0002966863024144784 -0.04421995227371488
9.69 0.178124757434642 0.1696527369807104 0.1784213212840795 0.2138635631506994 -0.0002965638494374906 -0.04421082616998899
9.692 0.1755686163386969 0.1704803713550886 0.1758650578109516 0.2146820751872914 -0.0002964414722547653 -0.04420170383220286
9.694 0.1730175321250702 0.171102390791801 0.173313851295874 0.215294976049827 -0.0002963191708037644 -0.04419258525802604
9.696 0.1704867508894315 0.1715257697461303 0.1707829478344535 0.2157092401912603 -0.0002961969450220141 -0.04418347044512998
9.698 0.1679901462733214 0.1717584009069134 0.1682862210681685 0.2159327602981014 -0.0002960747948471049 -0.04417435939118804
9.7 0.1655402250815137 0.1718088834605776 0.1658361778017304 0.2159741355544531 -0.0002959527202166917 -0.04416525209387553
9.702 0.1631481593439613 0.1716863306367106 0.1634439900650298 0.2158424791875802 -0.0002958307210684938 -0.04415614855086963
9.704 0.1608238394149698 0.1714001983560667 0.1611195482123101 0.2155472471159162 -0.0002957087973402944 -0.0441470487598495
9.706 0.1585759430552986 0.1709601357424028 0.1588715300042685 0.215098088460899 -0.0002955869489699413 -0.04413795271849615
9.708 0.1564120159302613 0.1703758574035609 0.1567074811061566 0.2145047178280534 -0.0002954651758953455 -0.04412886042449253
9.71 0.1543385595206702 0.1696570367293916 0.1546339029987247 0.2137768086049151 -0.0002953434780544827 -0.04411977187552349
9.712 0.1523611230357076 0.1688132189777778 0.152656344891093 0.2129239060470536 -0.000295221855385392 -0.04411068706927581
9.714 0.1504843965018046 0.1678537526026592 0.1507794968096308 0.2119553586060973 -0.0002951003078261765 -0.04410160600343813
9.716 0.1487123027539016 0.1667877370943631 0.1490072815892166 0.2108802657700641 -0.0002949788353150028 -0.04409252867570103
9.718 0.1470480865569933 0.1656239855262028 0.1473429439947834 0.2097074406099598 -0.0002948574377901012 -0.04408345508375698
9.72 0.1454943995281799 0.1643710000084352 0.1457891356433697 0.2084453852337356 -0.0002947361151897657 -0.04407438522530035
9.722 0.1440533799078128 0.1630369583185525 0.1443479947752651 0.2071022774165799 -0.0002946148674523535 -0.04406531909802739
9.724 0.1427267265440962 0.1616297100875665 0.1430212202386124 0.2056859667872028 -0.0002944936945162852 -0.04405625669963627
9.726 0.1415157667107767 0.1601567810586461 0.1418101393070968 0.2042039790864731 -0.000294372596320045 -0.04404719802782705
9.728 0.1404215175784391 0.1586253840854178 0.1407157691512413 0.2026635271657194 -0.0002942515728021801 -0.04403814308030166
9.73 0.1394447413124129 0.1570424356927697 0.1397388719363142 0.2010715275475336 -0.0002941306239013007 -0.04402909185476394
9.732 0.1385859938800805 0.1554145771751205 0.1388800036296365 0.1994346215240401 -0.0002940097495560804 -0.04402004434891961
9.734 0.1378456677247585 0.1537481993512948 0.1381395566744637 0.1977591999117711 -0.0002938889497052555 -0.04401100056047626
9.736 0.1372240285079188 0.1520494702280277 0.1375177967322064 0.1960514307151711 -0.0002937682242876253 -0.04400196048714338
9.738 0.1367212461413964 0.1503243649424829 0.1370148937146385 0.1943172890691152 -0.0002936475732420521 -0.04399292412663237
9.74 0.1363374203317621 0.1485786974576184 0.1366309473282696 0.1925625889342748 -0.0002935269965074608 -0.04398389147665644
9.742 0.1360726008441477 0.1468181535721558 0.1363660073381706 0.1907930161070865 -0.000293406494022839 -0.04397486253493073
9.744 0.1359268026658282 0.1450483248782477 0.1362200887315554 0.1890141621774199 -0.0002932860657272369 -0.04396583729917226
9.746 0.1359000162142043 0.1432747433556319 0.136193181925764 0.1872315591227318 -0.0002931657115597672 -0.04395681576709987
9.748 0.1359922126918848 0.1415029163313814 0.1362852581233444 0.1854507142678157 -0.0002930454314596053 -0.04394779793643434
9.75 0.1362033446454921 0.1397383615585936 0.1364962698708581 0.1836771453634919 -0.0002929252253659883 -0.04393878380489825
9.752 0.1365333417368776 0.1379866421766344 0.1368261468300958 0.1819164155468505 -0.0002928050932182164 -0.0439297733702161
9.754 0.1369821016872713 0.1362534013098426 0.137274786722227 0.1801741679399569 -0.0002926850349556518 -0.04392076663011427
9.756 0.1375494763085235 0.1345443960401394 0.1378420413590412 0.1784561596224604 -0.0002925650505177184 -0.04391176358232093
9.758 0.1382352524930532 0.1328655304524063 0.1385276976328971 0.1767682946769725 -0.0002924451398439027 -0.04390276422456619
9.76 0.1390391279972996 0.1312228873996557 0.1393314533001734 0.1751166559542377 -0.0002923253028737528 -0.04389376855458196
9.762 0.1399606818253066 0.1296227585668851 0.1402528873648535 0.1735075351369871 -0.000292205539546879 -0.04388477657010204
9.764 0.1409993390022218 0.1280716723288015 0.1412914248520247 0.1719474605976636 -0.0002920858498029534 -0.0438757882688621
9.766 0.142154329525183 0.1265764187975928 0.1424462957587647 0.1704432224461925 -0.0002919662335817095 -0.04386680364859962
9.768 0.1434246412959212 0.1251440713421712 0.1437164879867441 0.1690018940492252 -0.0002918466908229431 -0.04385782270705397
9.77 0.1448089668795332 0.1237820037320453 0.1451006941009997 0.1676308491740116 -0.0002917272214665111 -0.04384884544196636
9.772 0.1463056440024173 0.1224979019191453 0.1465972518278696 0.1663377737702252 -0.0002916078254523321 -0.04383987185107984
9.774 0.1479125898058226 0.12129976932212 0.148204078308543 0.1651306712542593 -0.0002914885027203864 -0.04383090193213934
9.776 0.1496272290154115 0.1201959243255224 0.1499185982686222 0.164017860008414 -0.0002913692532107152 -0.04382193568289157
9.778 0.151446416377815 0.1191949885577733 0.1517376664546784 0.1630079616588584 -0.0002912500768634214 -0.04381297310108515
9.78 0.1533663539594299 0.1183058643752812 0.1536574849330485 0.1621098785597517 -0.000291130973618669 -0.0438040141844705
9.782 0.1553825042048371 0.1175376998684493 0.1556735161482538 0.1613327587992492 -0.0002910119434166831 -0.0437950589307999
9.784 0.1574895000157497 0.1168998396333028 0.1577803930019475 0.1606859469711302 -0.0002908929861977499 -0.04378610733782746
9.786 0.1596810535379467 0.1164017595378832 0.1599718276398489 0.1601789189411923 -0.0002907741019022167 -0.04377715940330913
9.788 0.1619498658291448 0.1160529837771274 0.1622405211196153 0.1598211989021301 -0.0002906552904704918 -0.04376821512500267
9.79 0.164287540116247 0.115862982677329 0.16457807666809 0.1596222571779967 -0.0002905365518430441 -0.04375927450066771
9.792 0.1666845019215318 0.1158410500064023 0.1669749198074922 0.159591387534468 -0.0002904178859604035 -0.0437503375280657
9.794 0.1691299299180968 0.115996158994715 0.1694202292108599 0.1597375631996748 -0.0002902992927631603 -0.04374140420495988
9.796 0.1716117019321962 0.116336796895413 0.1719018827043881 0.1600692714245284 -0.0002901807721919661 -0.04373247452911538
9.798 0.174116360997963 0.1168707787300228 0.1744064233221506 0.1605943272283219 -0.0002900623241875322 -0.04372354849829908
9.8 0.1766291067338322 0.1176050418815427 0.1769190506825228 0.1613196679918225 -0.0002899439486906311 -0.04371462611027977
9.802 0.1791338174836728 0.1185454244059952 0.1794236431293149 0.1622511317688231 -0.0002898256456420954 -0.04370570736282799
9.804 0.1816131085784627 0.1196964313077057 0.1819028159934455 0.1633932235614218 -0.000289707414982818 -0.04369679225371612
9.806 0.1840484316549727 0.1210609945132818 0.1843380209116265 0.1647488752940002 -0.0002895892566537522 -0.04368788078071836
9.808 0.1864202191500863 0.1226402338070801 0.1867096903206822 0.1663192067486908 -0.0002894711705959112 -0.04367897294161072
9.81 0.1887080768242869 0.1244332274515056 0.1889974299810372 0.1681032961856767 -0.0002893531567503688 -0.04367006873417104
9.812 0.1908910254343885 0.1264368024788608 0.1911802606494468 0.1700979706350398 -0.0002892352150582585 -0.04366116815617896
9.814 0.1929477904897349 0.1286453555577072 0.1932369078351957 0.1722976267631231 -0.0002891173454607738 -0.04365227120541591
9.816 0.1948571364536092 0.1310507157495132 0.1951461360015083 0.1746940936291784 -0.0002889995478991683 -0.04364337787966516
9.818 0.1965982389140308 0.1336420602343588 0.1968871207363455 0.1772765484110706 -0.0002888818223147552 -0.04363448817671178
9.82 0.1981510853207435 0.1364058930794981 0.1984398494893924 0.1800314951738408 -0.0002887641686489073 -0.04362560209434262
9.822 0.1994968920933672 0.1393260952858158 0.1997855386802103 0.1829428149161621 -0.0002886465868430579 -0.04361671963034636
9.824 0.2006185235073484 0.1423840516810547 0.2009070525841871 0.1859918924635681 -0.0002885290768386985 -0.04360784078251345
9.826 0.2015008960232333 0.14555885682609 0.2017893076618107 0.1891578223747261 -0.0002884116385773816 -0.04359896554863618
9.828 0.2021313508823972 0.1488275981450412 0.2024196451543979 0.1924176920715498 -0.0002882942720007183 -0.04359009392650861
9.83 0.2024999780318474 0.1521657102504605 0.2027881550088978 0.1957469361643871 -0.0002881769770503794 -0.0435812259139266
9.832 0.2025998758546257 0.1555473902408696 0.2028879356082938 0.1991197517495574 -0.0002880597536680945 -0.04357236150868777
9.834 0.2024273337520279 0.1589460599614597 0.2027152763538235 0.2025095606700514 -0.0002879426017956534 -0.04356350070859163
9.836 0.2019819282084096 0.1623348581897067 0.2022697537297845 0.205889501701146 -0.0002878255213749041 -0.04355464351143933
9.838 0.2012665273135626 0.1656871437279207 0.2015542358259103 0.2092329336429547 -0.0002877085123477544 -0.04354578991503397
9.84 0.2002872034778365 0.1689769896520399 0.2005747950524926 0.2125139295692202 -0.0002875915746561706 -0.04353693991718029
9.842 0.1990530588574533 0.1721796495551052 0.1993405335656954 0.2157077430707901 -0.0002874747082421784 -0.04352809351568492
9.844 0.1975759724150408 0.1752719784743597 0.1978633303280887 0.2187912291827159 -0.0002873579130478621 -0.04351925070835622
9.846 0.1958702812223139 0.1782327941173401 0.1961575224113292 0.2217432056103444 -0.0002872411890153648 -0.04351041149300433
9.848 0.1939524113013472 0.1810431677222474 0.1942395358374341 0.2245447435896886 -0.0002871245360868886 -0.04350157586744121
9.85 0.1918404748441522 0.1836866380541544 0.1921274827983569 0.227179381883635 -0.000287007954204694 -0.04349274382948055
9.852 0.1895538510156238 0.1861493462892613 0.1898407424589349 0.2296332616661992 -0.0002868914433111002 -0.04348391537693783
9.854 0.1871127668131038 0.1884200935399261 0.1873995418164523 0.2318951840475564 -0.000286775003348485 -0.04347509050763031
9.856 0.1845378928021564 0.1904903262456973 0.1848245514364156 0.2339565954650743 -0.0002866586342592843 -0.04346626921937701
9.858 0.1818499662093375 0.1923540574072653 0.1821365085453235 0.235811508917264 -0.0002865423359859929 -0.04345745150999873
9.86 0.1790694510910899 0.1940077335704981 0.1793558771995611 0.2374563709478161 -0.0002864261084711637 -0.04344863737731806
9.862 0.1762162423742195 0.1954500585605335 0.1765025523258769 0.2388898853796928 -0.0002863099516574076 -0.04343982681915929
9.864 0.1733094177071963 0.1966817852807398 0.1735956115726837 0.2401128051140884 -0.000286193865487394 -0.04343101983334854
9.866 0.170367038453651 0.1977054865418343 0.1706531163035548 0.2411277029595479 -0.0002860778499038504 -0.04342221641771366
9.868 0.1674059989280295 0.1985253150163875 0.167691960832879 0.2419387315864718 -0.0002859619048495619 -0.04341341657008426
9.87 0.1644419211901116 0.1991467611797584 0.1647277672203789 0.2425513814680502 -0.0002858460302673721 -0.04340462028829173
9.872 0.16148909139999 0.1995764166516561 0.1617748216260902 0.2429722442218253 -0.000285730226100182 -0.04339582757016918
9.874 0.1585604328718104 0.1998217488250882 0.1588460473641014 0.2432087872386397 -0.0002856144922909509 -0.04338703841355153
9.876 0.1556675105063222 0.1998908911699959 0.1559530093351049 0.2432691439862713 -0.0002854988287826956 -0.0433782528162754
9.878 0.1528205611635915 0.1997924522077313 0.15310594439911 0.2431619229839105 -0.0002853832355184903 -0.04336947077617918
9.88 0.1500285446880032 0.1995353449225641 0.1503138124004447 0.2428960372136672 -0.0002852677124414673 -0.04336069229110303
9.882 0.1472992106464525 0.1991286373367643 0.1475843629059473 0.2424805546956531 -0.0002851522594948164 -0.04335191735888885
9.884 0.1446391763200809 0.1985814241358584 0.1449242131967027 0.2419245701132387 -0.0002850368766217843 -0.04334314597738024
9.886 0.1420540120448464 0.1979027185844189 0.1423389336086121 0.2412370967288415 -0.0002849215637656757 -0.04333437814442261
9.888 0.1395483305803038 0.1971013635047277 0.1398331369011736 0.2404269773625908 -0.0002848063208698524 -0.04332561385786309
9.89 0.1371258777624503 0.1961859597782409 0.1374105689103281 0.2395028128937914 -0.0002846911478777334 -0.04331685311555052
9.892 0.1347896222415627 0.195164810648295 0.1350741982862955 0.2384729065636305 -0.0002845760447327952 -0.04330809591533553
9.894 0.1325418426028296 0.1940458800267346 0.1328263036142082 0.237345222281805 -0.0002844610113785708 -0.04329934225507046
9.896 0.1303842106058669 0.192836763012739 0.1306685566536255 0.2361273551453484 -0.0002843460477586509 -0.04329059213260937
9.898 0.1283178696563826 0.1915446668979517 0.1286021008101993 0.2348265124437598 -0.0002842311538166828 -0.0432818455458081
9.9 0.1263435079397734 0.1901764010398677 0.1266276242692697 0.2334495035323919 -0.0002841163294963709 -0.04327310249252419
9.902 0.1244614259044809 0.1887383741193673 0.1247454274792224 0.2320027370899842 -0.0002840015747414763 -0.0432643629706169
9.904 0.1226715979887361 0.1872365974467035 0.1229554848782319 0.2304922244246507 -0.0002838868894958169 -0.04325562697794724
9.906 0.1209737286440109 0.1856766931339911 0.1212575009177142 0.228923587646369 -0.0002837722737032674 -0.04324689451237795
9.908 0.1193673028272757 0.1840639061035859 0.1196509605545834 0.2273020716753594 -0.0002836577273077591 -0.04323816557177348
9.91 0.1178516312196313 0.1824031190465582 0.1181351744698846 0.2256325592005582 -0.0002835432502532797 -0.04322944015400002
9.912 0.1164258904866918 0.1806988695807288 0.1167093193291757 0.2239195878376542 -0.0002834288424838736 -0.04322071825692547
9.914 0.1150891589308204 0.178955368980688 0.115372473434764 0.2221673688591075 -0.0002833145039436417 -0.04321199987841944
9.916 0.113840447902599 0.1771765219627987 0.1141236481371757 0.220379806979152 -0.000283200234576741 -0.04320328501635329
9.918 0.1126787293426825 0.1753659471064338 0.1129618153770099 0.2185605207750339 -0.000283086034327385 -0.04319457366860006
9.92 0.1116029598180736 0.173526997577919 0.1118859317212134 0.2167128634109535 -0.0002829719031398433 -0.04318586583303454
9.922 0.1106121014026067 0.1716627818976949 0.1108949592435652 0.2148399434052281 -0.0002828578409584416 -0.04317716150753319
9.924 0.1097051397318853 0.1697761845547059 0.1099878835796129 0.2129446452446802 -0.0002827438477275621 -0.04316846068997425
9.926 0.1088810995397348 0.1678698863255237 0.1091637294631264 0.2110296497037613 -0.0002826299233916424 -0.04315976337823758
9.928 0.1081390579580155 0.165946384200805 0.1084215740259107 0.2090974537710098 -0.0002825160678951766 -0.04315106957020482
9.93 0.1074781558355116 0.1640080108595048 0.1077605581166943 0.2071503901232641 -0.0002824022811827144 -0.04314237926375929
9.932 0.1068976073050414 0.1620569536622586 0.1071798958682402 0.2051906461190446 -0.0002822885631988614 -0.04313369245678602
9.934 0.1063967078016512 0.1600952731607254 0.1066788827155395 0.2032202823078972 -0.0002821749138882789 -0.04312500914717173
9.936 0.1059748407092216 0.1581249211407165 0.1062569020424173 0.2012412504735213 -0.0002820613331956839 -0.04311632933280485
9.938 0.1056314827879235 0.1561477582334177 0.1059134306089893 0.1992554112449932 -0.0002819478210658491 -0.04310765301157551
9.94 0.1053662085110702 0.1541655711422042 0.1056480428885138 0.1972645513235797 -0.0002818343774436026 -0.04309898018137554
9.942 0.1051786934169587 0.1521800895431875 0.1054604144192326 0.195270400383286 -0.0002817210022738282 -0.04309031084009846
9.944 0.105068716559118 0.1501930027253743 0.1053503242546195 0.1932746477110137 -0.0002816076955014649 -0.04308164498563949
9.946 0.1050361621169663 0.1482059760420843 0.1053176565740378 0.1912789586579799 -0.0002814944570715071 -0.04307298261589554
9.948 0.1050810202080596 0.1462206672495432 0.1053624014949886 0.1892849909783084 -0.0002813812869290047 -0.0430643237287652
9.95 0.1052033869226566 0.1442387428107912 0.1054846551076756 0.18729441113294 -0.0002812681850190625 -0.04305566832214879
9.952 0.1054034635810868 0.1422618942438088 0.1056846187323736 0.1853089106377571 -0.0002811551512868405 -0.04304701639394826
9.954 0.1056815551941611 0.1402918545924567 0.1059625973798387 0.183330222534524 -0.000281042185677554 -0.04303836794206727
9.956 0.1060380680864022 0.1383304150965097 0.1063189973745387 0.1813601380609209 -0.0002809292881364733 -0.04302972296441119
9.958 0.1064735066210417 0.1363794421332781 0.1067543230796506 0.1794005235921651 -0.0002808164586089233 -0.04302108145888704
9.96 0.1069884689442337 0.1344408944980306 0.1072691726412739 0.1774533379214341 -0.000280703697040284 -0.04301244342340351
9.962 0.1075836416437667 0.1325168410826683 0.1078642326471427 0.1755206499385393 -0.0002805910033759905 -0.04300380885587104
9.964 0.108259793194511 0.130609479002022 0.1085402715720726 0.1736046567562237 -0.0002804783775615322 -0.04299517775420165
9.966 0.1090177660387522 0.1287211522045597 0.1092981318582946 0.1717077023208688 -0.0002803658195424535 -0.04298655011630909
9.968 0.1098584671246552 0.1268543705878101 0.1101387204539196 0.1698322965279189 -0.0002802533292643531 -0.0429779259401088
9.97 0.1107828567001905 0.1250118296187805 0.1110629976068634 0.1679811348422984 -0.0002801409066728846 -0.04296930522351784
9.972 0.1117919351333857 0.1231964304344452 0.1120719636850995 0.1661571183989002 -0.0002800285517137561 -0.04296068796445501
9.974 0.1128867275027229 0.121411300367292 0.1131666437670556 0.1643633745281327 -0.0002799162643327296 -0.04295207416084069
9.976 0.1140682656748071 0.1196598138036505 0.1143480697192827 0.1626032776142475 -0.0002798040444756221 -0.04294346381059701
9.978 0.1153375675606183 0.1179456132381279 0.1156172594527066 0.1608804701497756 -0.0002796918920883044 -0.04293485691164772
9.98 0.1166956132174296 0.1162726303349098 0.1169751930245463 0.159198883796828 -0.000279579807116702 -0.04292625346191824
9.982 0.1181433174428869 0.1146451067438051 0.1184227852323937 0.1575627602031408 -0.0002794677895067942 -0.04291765345933568
9.984 0.1196814984919869 0.1130676143457951 0.1199608543311915 0.1559766712476239 -0.0002793558392046144 -0.04290905690182877
9.986 0.1213108425388204 0.1115450745182495 0.1215900864949767 0.1544455383055774 -0.0002792439561562501 -0.04290046378732791
9.988 0.1230318635064999 0.1100827759123686 0.1233109956468077 0.1529746500261338 -0.0002791321403078432 -0.04289187411376519
9.99 0.1248448579033124 0.1086863901252226 0.125123878294918 0.1515696780042969 -0.0002790203916055886 -0.04288328787907431
9.992 0.1267498543347059 0.1073619845258283 0.1270287630447016 0.1502366896070189 -0.0002789087099957358 -0.04287470508119065
9.994 0.1287465574148404 0.1061160313590654 0.129025354510265 0.1489821570771167 -0.0002787970954245878 -0.04286612571805123
9.996 0.1308342858825513 0.1049554121053502 0.1311129714303898 0.147812961892945 -0.0002786855478385013 -0.04285754978759476
9.998 0.1330119048406123 0.1038874159206632 0.1332904789077961 0.1467363932084247 -0.0002785740671838867 -0.04284897728776153
10 0.1352777521915028 0.1029197308247276 0.13555621484491 0.1457601390412211 -0.0002784626534072079 -0.04284040821649351
