# sector=5 Eg=157.35566898294442 eta=0.065 area=25.98076211353316 Kexp=9.884730470100003 source_norm2=32.87958812804418 lattice=corrected Np=13 t1=1.0 t3=0.2 V1=10.0 V2=2.0 V3=2.0 requested_mmax=600 lanczos_steps=600 lanczos_breakdown=false residual=6.007871307992112e-13 drude_weight=-4.364508133289577
# omega Re_total Im_total Re_regular Im_regular Re_drude Im_drude
0 -16.16752839951843 -0 0.07112201557020013 -0 -16.23865041508863 -0
0.002 -16.15216864363675 -0.5013572806772434 0.07112244261282905 -0.002179093408025559 -16.22329108624958 -0.4991781872692178
0.004 -16.10626321416833 -0.9998897165709472 0.07112372375892077 -0.004358212698500976 -16.17738693792725 -0.9955315038724462
0.006 -16.03032872994169 -1.492825499663098 0.07112585906311145 -0.00653738375496231 -16.1014545890048 -1.486288115908136
0.008 -15.92521015901922 -1.977496818018263 0.07112884861646297 -0.008716632463102196 -15.99633900763569 -1.968780185555161
0.01 -15.79205759733786 -2.451386798540223 0.07113269254640964 -0.01089598471187348 -15.86319028988427 -2.440490813828349
0.012 -15.63229543199733 -2.912170756797168 0.07113739101696218 -0.01307546639452805 -15.7034328230143 -2.89909529040264
0.014 -15.44758539862374 -3.357750438793301 0.07114294422843838 -0.01525510340975648 -15.51872834285217 -3.342495335383545
0.016 -15.23978526122866 -3.786280365021846 0.07114935241772478 -0.01743492166273565 -15.31093461364639 -3.76884544335911
0.018 -15.01090493695545 -4.19618583861461 0.0711566158582376 -0.01961494706620451 -15.08206155281369 -4.176570891548406
0.02 -14.76306186054545 -4.586172619512437 0.07116473485984261 -0.02179520554157843 -14.83422659540529 -4.564377413970859
0.022 -14.49843724876769 -4.95522866283244 0.07117370976904205 -0.02397572302000951 -14.56961095853673 -4.931252939812431
0.024 -14.21923470601082 -5.302618647405224 0.07118354096886592 -0.02615652544349435 -14.29041824697968 -5.27646212196173
0.026 -13.92764233585257 -5.627872264658578 0.07119422887901275 -0.02833763876594607 -13.99883656473158 -5.599534625892631
0.028 -13.62579921780885 -5.930767393099073 0.07120577395586702 -0.03051908895427214 -13.69700499176472 -5.9002483041448
0.03 -13.31576679964885 -6.211309352608578 0.07121817669250841 -0.03270090198948983 -13.38698497634136 -6.178608450619088
0.032 -12.99950546536265 -6.469707425335586 0.07123143761877244 -0.03488310386781036 -13.07073690298142 -6.434824321467776
0.034 -12.67885628320217 -6.706349760249702 0.07124555730135627 -0.03706572060170411 -12.75010184050353 -6.669284039647998
0.036 -12.35552772733121 -6.921777662717955 0.07126053634375308 -0.03924877822105351 -12.42678826367496 -6.882528884496901
0.038 -12.03108700505971 -7.116660125188854 0.07127637538648489 -0.04143230277415796 -12.10236338044619 -7.075227822414696
0.04 -11.70695550922768 -7.29176929530411 0.07129307510698935 -0.04361632032892795 -11.77824858433467 -7.248152974975183
0.042 -11.38440784829339 -7.447957416197834 0.07131063621979544 -0.04580085697392906 -11.45571848451318 -7.402156559223905
0.044 -11.06457387896681 -7.586135620227301 0.07132905947653718 -0.04798593881949768 -11.13590293844335 -7.538149681407804
0.046 -10.74844317045903 -7.70725481879506 0.07134834566610293 -0.0501715919988132 -10.81979151612513 -7.657083226796247
0.048 -10.43687135792336 -7.812288811435571 0.07136849561462141 -0.05235784266906293 -10.50823985353798 -7.759930968766508
0.05 -10.13058788814145 -7.902219638802542 0.07138951018560484 -0.05454471701249718 -10.20197739832706 -7.847674921790045
0.052 -9.830204716481358 -7.978025126646644 0.07141139028000114 -0.0567322412375568 -9.90161610676136 -7.921292885409088
0.054 -9.536225575213765 -8.040668510052361 0.07143413683629321 -0.05892044158000587 -9.607659712050058 -7.981748068472355
0.056 -9.249055495161729 -8.091089987005088 0.07145775083059168 -0.06110934430401323 -9.32051324599232 -8.029980642701075
0.058 -8.969010322231153 -8.130200025233407 0.07148223327674899 -0.06329897570327896 -9.040492555507901 -8.066901049530127
0.06 -8.69632602547639 -8.15887423352015 0.07150758522641672 -0.06548936210217451 -8.767833610702807 -8.093384871417975
0.062 -8.431167642689298 -8.177949605678783 0.07153380776918158 -0.06768052985684866 -8.502701450458479 -8.110269075821934
0.064 -8.173637752425856 -8.188221949746287 0.07156090203267854 -0.06987250535634459 -8.245198654458534 -8.118349444389942
0.066 -7.92378439777332 -8.190444324548302 0.0715888691826824 -0.07206531502374629 -7.995373266956003 -8.118379009524556
0.068 -7.681608417246502 -8.185326318879486 0.07161771042322908 -0.07425898531730299 -7.753226127669731 -8.111067333562183
0.07 -7.447070162455268 -8.173534023679888 0.07164742699672708 -0.07645354273158461 -7.518717589451995 -8.097080480948303
0.072 -7.220095601215566 -8.155690563656675 0.07167802018410295 -0.07864901379858295 -7.291773621399669 -8.077041549858093
0.074 -7.000581819255807 -8.132377070958011 0.07170949130490575 -0.08084542508889411 -7.072291310560712 -8.051531645869117
0.076 -6.788401944278885 -8.104133999147011 0.07174184171746301 -0.08304280321282084 -6.860143785996348 -8.02109119593419
0.078 -6.583409523528818 -8.071462690438929 0.07177507281898259 -0.08524117482156821 -6.655184596347801 -7.986221515617361
0.08 -6.385442390777746 -8.034827122698797 0.07180918604573358 -0.08744056660836197 -6.457251576823479 -7.947386556090436
0.082 -6.194326061327208 -7.994655774916235 0.07184418287312716 -0.08964100530965925 -6.266170244200334 -7.905014769606575
0.084 -6.00987669466898 -7.951343560732894 0.0718800648159465 -0.09184251770621972 -6.081756759484927 -7.859501043026675
0.086 -5.831903664269666 -7.905253789117231 0.07191683342842142 -0.09404513062437951 -5.903820497698087 -7.811208658492852
0.088 -5.660211772854513 -7.856720119521559 0.07195449030443753 -0.09624887093713368 -5.732166263158951 -7.760471248584425
0.09 -5.494603149839125 -7.806048485911693 0.07199303707766723 -0.09845376556536627 -5.566596186916792 -7.707594720346327
0.092 -5.334878865404901 -7.753518970033643 0.07203247542175707 -0.1006598414789877 -5.406911340826658 -7.652859128554655
0.094 -5.180840293305529 -7.699387609289914 0.07207280705045391 -0.1028671256981866 -5.252913100355983 -7.596520483591727
0.096 -5.03229025195655 -7.643888128752086 0.07211403371783902 -0.1050756452945262 -5.10440428567439 -7.538812483457559
0.098 -4.889033950797276 -7.587233590246701 0.07215615721844977 -0.1072854273922223 -4.961190108015725 -7.479948162854479
0.1 -4.750879766394538 -7.529617954218577 0.07219917938749763 -0.1094964991692919 -4.823078945782036 -7.420121455049285
0.102 -4.617639870333829 -7.471217552295027 0.07224310210102373 -0.1117088878587961 -4.689882972434853 -7.35950866443623
0.104 -4.489130728647639 -7.412192470228022 0.07228792727613463 -0.1139226207499862 -4.561418655923773 -7.298269849478036
0.106 -4.365173490386456 -7.35268784225585 0.07233365687112647 -0.11613772518964 -4.437507147257583 -7.23655011706621
0.108 -4.245594280954594 -7.292835058964029 0.07238029288576471 -0.1183542285831247 -4.317974573840359 -7.174480830380904
0.11 -4.130224414016779 -7.232752891497336 0.07242783736144297 -0.12057215839573 -4.202652251378222 -7.112180733101606
0.112 -4.018900534128807 -7.172548535525309 0.07247629238138814 -0.1227915421538955 -4.091376826510196 -7.049756993371414
0.114 -3.911464700753083 -7.112318578737692 0.07252566007088007 -0.1250124074464349 -3.983990360823963 -6.987306171291257
0.116 -3.807764422978516 -7.052149895876766 0.07257594259749614 -0.1272347819257293 -3.880340365576012 -6.924915113951037
0.118 -3.707652653065322 -6.992120475430927 0.07262714217130113 -0.1294586933090586 -3.780279795236623 -6.862661782121869
0.12 -3.610987745867638 -6.932300182141771 0.07267926104508478 -0.1316841693798208 -3.683667006912723 -6.800616012761949
0.122 -3.517633390240565 -6.872751459436949 0.07273230151460114 -0.1339112379887922 -3.590365691755166 -6.738840221448156
0.124 -3.427458517701917 -6.813529975808779 0.07278626591878895 -0.1361399270554302 -3.500244783620706 -6.677390048753348
0.126 -3.340337192882332 -6.75468521902785 0.07284115664005333 -0.1383702645690729 -3.413178349522386 -6.616314954458778
0.128 -3.256148489650765 -6.696261041923701 0.07289697610446176 -0.1406022785903318 -3.329045465755227 -6.555658763333369
0.13 -3.17477635623569 -6.638296163287743 0.07295372678203529 -0.1428359972522915 -3.247730083017726 -6.495460166035452
0.132 -3.096109472167875 -6.580824627267126 0.07301141118699009 -0.1450714487618617 -3.169120883354865 -6.435753178505264
0.134 -3.020041099439312 -6.523876224424451 0.07307003187800691 -0.1473086614010544 -3.093111131317319 -6.376567563023396
0.136 -2.946468929898377 -6.467476877444226 0.07312959145849365 -0.1495476635283122 -3.01959852135687 -6.317929213915914
0.138 -2.875294930576232 -6.411648994274101 0.07319009257686641 -0.1517884835798292 -2.948485023153099 -6.259860510694272
0.14 -2.806425188358573 -6.356411791300948 0.07325153792681897 -0.1540311500708731 -2.879676726285392 -6.202380641230075
0.142 -2.739769755174064 -6.301781588979872 0.07331393024762069 -0.1562756915971151 -2.813083685421685 -6.145505897382757
0.144 -2.675242494662078 -6.247772082159876 0.07337727232439968 -0.1585221368359876 -2.748619766986478 -6.089249945323888
0.146 -2.612760931102855 -6.194394587183861 0.07344156698842851 -0.1607705145480552 -2.686202498091284 -6.033624072635805
0.148 -2.552246101239525 -6.141658267683424 0.07350681711745295 -0.1630208535783059 -2.625752918356978 -5.978637414105118
0.15 -2.493622409490299 -6.089570340841309 0.07357302563596704 -0.1652731828576178 -2.567195435126266 -5.924297157983691
0.152 -2.436817486937136 -6.038136265754957 0.07364019551555152 -0.1675275314040597 -2.510457682452687 -5.870608734350897
0.154 -2.381762054382487 -5.98735991540556 0.07370832977518291 -0.1697839283243109 -2.45547038415767 -5.817575987081249
0.156 -2.328389789685404 -5.937243733615763 0.07377743148155359 -0.1720424028150651 -2.402167221166958 -5.765201330800698
0.158 -2.276637199520629 -5.88778887826698 0.07384750374941959 -0.1743029841643988 -2.350484703270049 -5.713485894102581
0.16 -2.22644349564784 -5.838995351943412 0.07391854974191581 -0.1765657017532443 -2.300362045389756 -5.662429650190168
0.162 -2.177750475730722 -5.790862121073155 0.07399057267091451 -0.1788305850567677 -2.251741048401636 -5.612031536016387
0.164 -2.130502408706634 -5.743387224548234 0.07406357579738151 -0.1810976636457947 -2.204565984504016 -5.562289560902439
0.166 -2.084645924675354 -5.696567872723275 0.07413756243170544 -0.1833669671883226 -2.15878348710706 -5.513200905534952
0.168 -2.040129909249099 -5.650400537616678 0.07421253593409519 -0.1856385254508833 -2.114342445183194 -5.464762012165794
0.17 -1.99690540228506 -5.604881035069266 0.07428849971492411 -0.1879123683000783 -2.071193901999984 -5.416968666769188
0.172 -1.954925500904715 -5.560004599550953 0.07436545723511356 -0.1901885257040218 -2.029290958139829 -5.369816073846931
0.174 -1.91414526669118 -5.515765952247669 0.07444341200652362 -0.1924670277338169 -1.988588678697704 -5.323298924513852
0.176 -1.874521636945876 -5.472159363007001 0.07452236759233244 -0.1947479045650838 -1.949044004538208 -5.277411458441917
0.178 -1.836013339878417 -5.429178706671474 0.07460232760743449 -0.1970311864794478 -1.910615667485852 -5.232147520192026
0.18 -1.79858081359854 -5.386817514283432 0.07468329571885217 -0.1993169038660393 -1.873264109317392 -5.187500610417392
0.182 -1.76218612877565 -5.345069019604074 0.0747652756461411 -0.2016050872230584 -1.836951404421791 -5.143463932381015
0.184 -1.726792914829882 -5.303926201351151 0.07484827116180631 -0.203895767159295 -1.801641185991688 -5.100030434191855
0.186 -1.692366289518097 -5.263381821525353 0.07493228609173946 -0.2061889743956671 -1.767298575609836 -5.057192847129686
0.188 -1.65887279177902 -5.223428460163677 0.07501732431563689 -0.2084847397668248 -1.733890116094656 -5.014943720396852
0.19 -1.626280317703086 -5.184058546828879 0.07510338976745236 -0.2107830942226905 -1.701383707470538 -4.973275452606189
0.192 -1.594558059494929 -5.145264389117879 0.07519048643584257 -0.2130840688300631 -1.669748545930771 -4.932180320287816
0.194 -1.56367644729911 -5.107038198447511 0.0752786183646211 -0.2153876947742197 -1.638955065663732 -4.891650503673291
0.196 -1.533607093762953 -5.069372113353934 0.07536778965322963 -0.2176940033605205 -1.608974883416183 -4.851678109993413
0.198 -1.504322741213877 -5.032258220521804 0.07545800445720553 -0.2200030260160434 -1.579780745671083 -4.81225519450576
0.2 -1.475797211332407 -4.995688573740677 0.07554926698866571 -0.222314794291221 -1.551346478321073 -4.773373779449456
0.202 -1.448005357206012 -4.959655210969307 0.0756415815167992 -0.2246293398614929 -1.523646938722811 -4.735025871107814
0.204 -1.420923017653008 -4.924150169672954 0.07573495236835884 -0.2269466945289725 -1.496657970021367 -4.697203475143981
0.206 -1.394526973709887 -4.889165500584749 0.07582938392817196 -0.2292668902241317 -1.470356357638059 -4.659898610360617
0.208 -1.368794907179609 -4.854693280029155 0.07592488063966453 -0.2315899590074799 -1.444719787819273 -4.623103321021675
0.21 -1.343705361142579 -4.820725620933908 0.07602144700536713 -0.2339159330713151 -1.419726808147946 -4.586809687862593
0.212 -1.319237702336047 -4.78725468264577 0.07611908758747175 -0.2362448447413719 -1.395356789923518 -4.551009837904398
0.214 -1.295372085311856 -4.754272679655962 0.07621780700835912 -0.2385767264786398 -1.371589892320215 -4.515695953177322
0.216 -1.272089418286287 -4.721771889331652 0.07631760995115913 -0.2409116108810642 -1.348407028237446 -4.480860278450588
0.218 -1.249371330599712 -4.689744658742033 0.07641850116031132 -0.2432495306853376 -1.325789831760024 -4.446495128056695
0.22 -1.227200141707491 -4.658183410659727 0.07652048544214263 -0.2455905187686596 -1.303720627149634 -4.412592891891067
0.222 -1.205558831627191 -4.627080648811563 0.07662356766544087 -0.2479346081505727 -1.282182399292632 -4.379146040660991
0.224 -1.184431012770736 -4.596428962446218 0.07672775276205629 -0.2502818319947477 -1.261158765532793 -4.34614713045147
0.226 -1.163800903093485 -4.566221030280719 0.07683304572750273 -0.2526322236108225 -1.240633948820988 -4.313588806669896
0.228 -1.143653300495521 -4.536449623882353 0.07693945162156805 -0.2549858164562553 -1.220592752117089 -4.281463807426098
0.23 -1.123973558413539 -4.507107610537742 0.07704697556894588 -0.25734264413818 -1.201020533982485 -4.249764966399562
0.232 -1.104747562544783 -4.478187955656502 0.0771556227598639 -0.2597027404152995 -1.181903185304647 -4.218485215241202
0.234 -1.085961708647302 -4.449683724752722 0.07726539845073727 -0.2620661391997805 -1.16322710709804 -4.187617585552942
0.236 -1.067602881363615 -4.421588085043947 0.07737630796482552 -0.2644328745591477 -1.14497918932844 -4.157155210484799
0.238 -1.049658434017471 -4.393894306703916 0.07748835669289855 -0.2668029807182564 -1.127146790710369 -4.12709132598566
0.24 -1.032116169335911 -4.366595763802161 0.07760155009392262 -0.2691764920612366 -1.109717719429834 -4.097419271740924
0.242 -1.014964321051242 -4.33968593496072 0.07771589369575893 -0.2715534431334219 -1.092680214747001 -4.068132491827297
0.244 -0.9981915363398384 -4.313158403755852 0.07783139309585846 -0.2739338686433903 -1.076022929435697 -4.039224535112462
0.246 -0.9817868590567989 -4.287006858889918 0.07794805396199105 -0.27631780346496 -1.05973491301879 -4.010689055424958
0.248 -0.9657397137276398 -4.261225094156613 0.07806588203297513 -0.2787052826391892 -1.043805595760615 -3.982519811517423
0.25 -0.9500398902601156 -4.23580700822083 0.07818488311941929 -0.2810963413764652 -1.028224773379535 -3.954710666844365
0.252 -0.9346775293411358 -4.210746604232331 0.07830506310448521 -0.2834910150585389 -1.012982592445621 -3.927255589173792
0.254 -0.9196431084855594 -4.186037989291012 0.0784264279446565 -0.2858893392406299 -0.9980695364302159 -3.900148650050382
0.256 -0.9049274287052917 -4.161675373779831 0.07854898367052679 -0.2882913496535306 -0.9834764123758185 -3.8733840241263
0.258 -0.8905216017687463 -4.13765307058015 0.07867273638759811 -0.2906970822057366 -0.9691943381563444 -3.846955988374413
0.26 -0.8764170380222325 -4.113965494182919 0.07879769227709871 -0.2931065729855941 -0.9552147302993312 -3.820858921197325
0.262 -0.8626054347462938 -4.090607159707979 0.07892385759680771 -0.295519858263477 -0.9415292923431016 -3.795087301444501
0.264 -0.8490787650213673 -4.067572681842647 0.07905123868190329 -0.2979369744939777 -0.9281300037032706 -3.769635707348669
0.266 -0.8358292670784546 -4.044856773709789 0.07917984194582424 -0.3003579583181248 -0.9150091090242789 -3.744498815391665
0.268 -0.8228494341117254 -4.022454245674676 0.07930967388114039 -0.302782846565629 -0.9021591079928658 -3.719671399109047
0.27 -0.8101320045311129 -4.000360004099004 0.07944074106045228 -0.3052116762571181 -0.8895727455915652 -3.695148327841886
0.272 -0.7976699526341234 -3.978569050049936 0.07957305013728977 -0.3076444846064836 -0.8772430027714132 -3.670924565443453
0.274 -0.7854564796770608 -3.9570764779709 0.07970660784704939 -0.3100813090231125 -0.8651630875241102 -3.646995168947787
0.276 -0.7734850053269396 -3.935877474320783 0.07984142100792502 -0.3125221871142809 -0.8533264263348647 -3.623355287206502
0.278 -0.7617491594762271 -3.914967316187075 0.07997749652187688 -0.3149671566874911 -0.841726655998104 -3.600000159499583
0.28 -0.7502427744035081 -3.894341369878269 0.08011484137560781 -0.3174162557528462 -0.8303576157791159 -3.576925114125423
0.282 -0.73895987726399 -3.873995089500311 0.08025346264155489 -0.3198695225254859 -0.8192133399055449 -3.554125566974825
0.284 -0.7278946828945453 -3.853924015521251 0.08039336747891256 -0.3223269954279888 -0.8082880503734579 -3.531597020093262
0.286 -0.7170415869188088 -3.834123773328133 0.08053456313466031 -0.3247887130928684 -0.7975761500534692 -3.509335060235264
0.288 -0.7063951591384955 -3.814590071779459 0.08067705694462439 -0.327254714365021 -0.7870722160831198 -3.487335357414438
0.29 -0.6959501371978571 -3.79531870175654 0.08082085633454564 -0.3297250383042827 -0.7767709935324028 -3.465593663452258
0.292 -0.6857014205087875 -3.776305534716418 0.08096596882118025 -0.3321997241879481 -0.7666673893299677 -3.44410581052847
0.294 -0.6756440644247415 -3.757546521248983 0.08111240201341249 -0.334678811513333 -0.756756466438154 -3.42286770973565
0.296 -0.6657732746521895 -3.739037689640598 0.08126016361339415 -0.3371623400004015 -0.7470334382655837 -3.401875349640196
0.298 -0.6560844018888909 -3.720775144446167 0.08140926141770669 -0.3396503495943811 -0.7374936633065976 -3.381124794851786
0.3 -0.6465729366787978 -3.702755065071515 0.08155970331854338 -0.3421428804684018 -0.7281326399973411 -3.360612184603113
0.302 -0.637234504473891 -3.68497370436773 0.08171149730491292 -0.3446399730262109 -0.7189460017788039 -3.340333731341519
0.304 -0.6280648608937137 -3.667427387238837 0.08186465146387242 -0.3471416679048959 -0.7099295123575862 -3.320285719333941
0.306 -0.619059887173828 -3.650112509264012 0.08201917398178524 -0.3496480059775871 -0.7010790611556132 -3.300464503286425
0.308 -0.6102155857948479 -3.633025535335625 0.08217507314559412 -0.3521590283562999 -0.692390658940442 -3.280866506979325
0.31 -0.6015280762840726 -3.616162998313825 0.08233235734413048 -0.3546747763947029 -0.683860433628203 -3.261488221919122
0.312 -0.5929935911821606 -3.599521497698697 0.08249103506944634 -0.3571952916909836 -0.6754846262516069 -3.242326206007713
0.314 -0.5846084721676301 -3.583097698320601 0.08265111491817402 -0.3597206160907164 -0.6672595870858041 -3.223377082229884
0.316 -0.5763691663323166 -3.566888329049343 0.08281260559290952 -0.3622507916897827 -0.6591817719252261 -3.204637537359561
0.318 -0.5682722226012378 -3.550890181522671 0.08297551590363146 -0.3647858608373105 -0.6512477385048693 -3.18610432068536
0.32 -0.5603142882906416 -3.535100108894525 0.08313985476914246 -0.3673258661386655 -0.643454143059784 -3.16777424275586
0.322 -0.552492105798287 -3.519515024603374 0.08330563121854623 -0.369870850458446 -0.6357977370168332 -3.149644174144928
0.324 -0.5448025094203042 -3.504131901160946 0.08347285439275126 -0.3724208569235623 -0.6282753638130554 -3.131711044237384
0.326 -0.5372424222892306 -3.488947768961491 0.08364153354600583 -0.3749759289263054 -0.6208839558352364 -3.113971840035186
0.328 -0.529808853428076 -3.47395971511177 0.08381167804747131 -0.3775361101274696 -0.6136205314755473 -3.0964236049843
0.33 -0.522498894915517 -3.459164882281875 0.08398329738282063 -0.3801014444595456 -0.6064821922983377 -3.07906343782233
0.332 -0.5153097191575313 -3.444560467576844 0.08415640115587868 -0.3826719761298883 -0.59946612031341 -3.061888491446956
0.334 -0.508238576261015 -3.430143721429139 0.08433099909029021 -0.3852477496239711 -0.5925695753513052 -3.044895971805168
0.336 -0.5012827915051128 -3.415911946511934 0.08450710103123395 -0.3878288097086647 -0.5857898925363467 -3.028083136803269
0.338 -0.4944397629062135 -3.401862496673118 0.0846847169471612 -0.3904152014355697 -0.5791244798533747 -3.011447295237549
0.34 -0.4877069588727077 -3.38799277588989 0.08486385693158582 -0.3930069701443549 -0.5725708158042935 -2.994985805745535
0.342 -0.4810819159458244 -3.374300237243847 0.08504453120490275 -0.395604161466175 -0.5661264471507271 -2.978696075777672
0.344 -0.4745622366229993 -3.360782381916404 0.08522675011625273 -0.3982068213271319 -0.559788986739252 -2.962575560589272
0.346 -0.4681455872603961 -3.347436758204284 0.08541052414542979 -0.4008149959517338 -0.5535561114058259 -2.94662176225255
0.348 -0.4618296960513633 -3.334260960554969 0.08559586390482776 -0.4034287318664384 -0.547425559956191 -2.93083222868853
0.35 -0.45561235107774 -3.321252628621857 0.08578278014143123 -0.4060480759032431 -0.5413951312191713 -2.915204552718614
0.352 -0.4494913984310637 -3.308409446338858 0.08597128373885467 -0.4086730752033003 -0.5354626821699183 -2.899736371135558
0.354 -0.4434647404008705 -3.295729141014192 0.08616138571942715 -0.4113037772205714 -0.5296261261202977 -2.884425363793621
0.356 -0.4375303337273959 -3.283209482443181 0.08635309724632508 -0.4139402297255704 -0.5238834309737209 -2.86926925271761
0.358 -0.4316861879161074 -3.27084828203966 0.08654642962575386 -0.4165824808091018 -0.5182326175418612 -2.854265801230559
0.36 -0.4259303636116083 -3.258643391985842 0.08674139430917985 -0.4192305788860923 -0.5126717579207881 -2.83941281309975
0.362 -0.4202609710285563 -3.246592704400246 0.08693800289562051 -0.4218845726994462 -0.5071989739241768 -2.8247081317008
0.364 -0.4146761684373597 -3.234694150523465 0.0871362671339825 -0.4245445113239493 -0.5018124355713421 -2.810149639199516
0.366 -0.4091741607024895 -3.222945699921437 0.08733619892545837 -0.4272104441702227 -0.4965103596279478 -2.795735255751214
0.368 -0.4037531978713522 -3.211345359705994 0.08753781032598155 -0.4298824209887815 -0.4912910081973338 -2.781462938717212
0.37 -0.3984115738117503 -3.199891173772222 0.08774111354874194 -0.4325604918740355 -0.4861526873604922 -2.767330681898186
0.372 -0.3931476248960513 -3.188581222052557 0.08794612096675865 -0.4352447072684758 -0.48109374586281 -2.753336514784082
0.374 -0.3879597287302499 -3.177413619787084 0.0881528451155212 -0.4379351179668011 -0.4761125738457711 -2.739478501820283
0.376 -0.3828463029261983 -3.166386516809887 0.08836129869569626 -0.4406317751201589 -0.4712076016218946 -2.725754741689728
0.378 -0.3778058039153545 -3.155498096851118 0.08857149457589671 -0.4433347302404572 -0.4663772984912512 -2.712163366610661
0.38 -0.3728367258024519 -3.144746576854383 0.08878344579552608 -0.4460440352046656 -0.461620171597978 -2.698702541649717
0.382 -0.3679375992575756 -3.134130206309303 0.08899716556769445 -0.4487597422592542 -0.45693476482527 -2.685370464050048
0.384 -0.3631069904451911 -3.123647266598796 0.08921266728220693 -0.4514819040246283 -0.4523196577273981 -2.672165362574167
0.386 -0.3583434999887273 -3.113296070360889 0.08942996450862911 -0.454210573499664 -0.4477734644973564 -2.659085496861225
0.388 -0.3536457619693702 -3.103074960864706 0.08964907099943786 -0.4569458040662823 -0.4432948329688081 -2.646129156798424
0.39 -0.349012442957799 -3.092982311400355 0.08987000069324501 -0.4596876494940902 -0.438882443651044 -2.633294661906264
0.392 -0.3444422410776163 -3.083016524682427 0.09009276771811643 -0.4624361639450843 -0.4345350087957328 -2.620580360737342
0.394 -0.3399338850993076 -3.073176032266845 0.09031738639497297 -0.4651914019784378 -0.4302512714942805 -2.607984630288408
0.396 -0.3354861335635895 -3.063459293980708 0.09054387124108419 -0.4679534185553112 -0.4260300048046737 -2.595505875425397
0.398 -0.3310977739330653 -3.053864797364919 0.0907722369736578 -0.4707222690437528 -0.421870010906723 -2.583142528321166
0.4 -0.3267676217711409 -3.044391057129336 0.09100249851352633 -0.473498009223692 -0.4177701202846672 -2.570893047905644
0.402 -0.3224945199472068 -3.035036614620087 0.09123467098893488 -0.4762806952919484 -0.4137291909361417 -2.558755919328139
0.404 -0.3182773378671219 -3.025800037298859 0.0914687697394348 -0.4790703838673371 -0.4097461076065567 -2.546729653431522
0.406 -0.3141149707280759 -3.016679918233876 0.09170481031988588 -0.4818671319958376 -0.4058197810479617 -2.534812786238038
0.408 -0.3100063387969539 -3.007674875602343 0.09194280850456801 -0.4846709971558676 -0.4019491473015219 -2.523003878446476
0.41 -0.3059503867113346 -2.998783552203993 0.09218278029141874 -0.4874820372635487 -0.3981331670027533 -2.511301514940444
0.412 -0.3019460828023296 -2.990004614985643 0.09242474190637989 -0.4903003106781313 -0.3943708247087095 -2.499704304307512
0.414 -0.2979924184384539 -2.981336754576396 0.09266870980788035 -0.4931258762074361 -0.3906611282463343 -2.48821087836896
0.416 -0.2940884073897932 -2.972778684833313 0.0929147006914421 -0.4959587931134071 -0.3870031080812353 -2.476819891719906
0.418 -0.2902330852117265 -2.964329142397267 0.09316273149442712 -0.4987991211176949 -0.3833958167061536 -2.465530021279572
0.42 -0.2864255086475194 -2.955986886258833 0.09341281940092054 -0.5016469204073744 -0.37983832804844 -2.454339965851458
0.422 -0.2826647550491114 -2.947750697333879 0.09366498184676036 -0.5045022516406812 -0.3763297368958717 -2.443248445693198
0.424 -0.2789499218154473 -2.939619378048734 0.09391923652472202 -0.5073651759528612 -0.3728691583401693 -2.432254202095873
0.426 -0.2752801258477453 -2.931591751934696 0.09417560138985423 -0.5102357549621206 -0.3694557272375996 -2.421355996972575
0.428 -0.2716545030210898 -2.923666663231578 0.09443409466498429 -0.5131140507755813 -0.3660885976860742 -2.410552612455996
0.43 -0.2680722076717837 -2.915842976500207 0.09469473484638938 -0.5160001259953704 -0.3627669425181731 -2.399842850504837
0.432 -0.2645324120999044 -2.908119576243672 0.09495754070964384 -0.5188940437248286 -0.3594899528095482 -2.389225532518843
0.434 -0.2610343060865264 -2.900495366536945 0.09522253131565481 -0.5217958675746884 -0.3562568374021813 -2.378699498962257
0.436 -0.2575770964251057 -2.892969270664942 0.09548972601688184 -0.5247056616694559 -0.3530668224419875 -2.368263608995486
0.438 -0.2541600064665208 -2.885540230768593 0.09575914446376114 -0.5276234906537699 -0.349919150930282 -2.357916740114823
0.44 -0.250782275677304 -2.878207207498938 0.09603080661133234 -0.5305494196989385 -0.3468130822886363 -2.347657787799999
0.442 -0.2474431592105941 -2.870969179678896 0.09630473272608303 -0.5334835145094909 -0.3437478919366772 -2.337485665169405
0.444 -0.244141927489377 -2.863825143972639 0.09658094339301569 -0.5364258413298341 -0.3407228708823927 -2.327399302642805
0.446 -0.2408778658015802 -2.856774114562377 0.09685945952294546 -0.5393764669510166 -0.3377373253245257 -2.317397647611361
0.448 -0.2376502739066077 -2.849815122832335 0.09714030236004788 -0.5423354587175391 -0.3347905762666556 -2.307479664114795
0.45 -0.2344584656529276 -2.842947217059812 0.09742349348965058 -0.5453028845342719 -0.3318819591425782 -2.29764433252554
0.452 -0.231301768606315 -2.836169462113154 0.09770905484629572 -0.5482788128734614 -0.3290108234526107 -2.287890649239693
0.454 -0.2281795236883912 -2.829480939156408 0.09799700872207305 -0.5512633127817815 -0.3261765324104642 -2.278217626374627
0.456 -0.2250910848250923 -2.822880745360636 0.09828737777524166 -0.5542564538875242 -0.323378462600334 -2.268624291473112
0.458 -0.2220358186047268 -2.816367993621619 0.09858018503914959 -0.557258306407844 -0.3206160036438764 -2.259109687213775
0.46 -0.2190131039452838 -2.80994181228383 0.09887545393146573 -0.5602689411560637 -0.3178885578767495 -2.249672871127766
0.462 -0.2160223317706702 -2.803601344870556 0.0991732082637375 -0.5632884295490737 -0.3151955400344076 -2.240312915321482
0.464 -0.213062904695565 -2.797345749820066 0.09947347225128503 -0.5663168436148595 -0.31253637694685 -2.231028906205206
0.466 -0.2101342367185806 -2.791174200227545 0.09977627052345674 -0.5693542560000161 -0.3099105072420373 -2.221819944227529
0.468 -0.2072357529234502 -2.785085883592812 0.1000816281342453 -0.5724007399774048 -0.3073173810576955 -2.212685143615407
0.47 -0.2043668891879418 -2.779080001573609 0.1003895705732996 -0.5754563694538637 -0.3047564597612414 -2.203623632119745
0.472 -0.2015270919002349 -2.773155769744329 0.1007001237773351 -0.578521218977975 -0.30222721567757 -2.194634550766354
0.474 -0.1987158176824863 -2.767312417360076 0.1010133141419683 -0.5815953637479003 -0.2997291318244546 -2.185717053612176
0.476 -0.195932533121328 -2.761549187125969 0.1013291685339919 -0.5846788796193186 -0.2972617016553198 -2.17687030750665
0.478 -0.1931767145050415 -2.755865334971447 0.1016477143041128 -0.5877718431133588 -0.2948244288091543 -2.168093491858088
0.48 -0.19044784756717 -2.750260129829591 0.1019689793001693 -0.5908743314246245 -0.2924168268673393 -2.159385798404967
0.482 -0.1877454272363211 -2.744732853421276 0.1022929918808574 -0.5939864224292747 -0.2900384191171786 -2.150746430992001
0.484 -0.1850689573919357 -2.739282800044029 0.1026197809299829 -0.5971081946931277 -0.2876887383219186 -2.142174605350902
0.486 -0.1824179506257949 -2.733909276365509 0.1029493758712643 -0.6002397274798044 -0.2853673264970593 -2.133669548885704
0.488 -0.1797919280090416 -2.728611601221457 0.1032818066837181 -0.603381100758892 -0.2830737346927597 -2.125230500462565
0.49 -0.1771904188645046 -2.723389105418095 0.1036171039176482 -0.6065323952141749 -0.2808075227821528 -2.11685671020392
0.492 -0.1746129605441159 -2.718241131538717 0.1039552987112689 -0.6096936922518041 -0.2785682592553848 -2.108547439286913
0.494 -0.1720590982112173 -2.713167033754491 0.1042964228079901 -0.6128650740085139 -0.2763555210192074 -2.100301959745977
0.496 -0.1695283846275438 -2.708166177639356 0.1046405085744074 -0.6160466233598517 -0.2741688932019511 -2.092119554279504
0.498 -0.1670203799447074 -2.703237939988808 0.10498758901901 -0.6192384239283273 -0.2720079689637174 -2.083999516060481
0.5 -0.16453465149997 -2.698381708642553 0.1053376978116613 -0.6224405600915427 -0.2698723493116313 -2.07594114855101
0.502 -0.1620707736161254 -2.693596882310955 0.1056908693038777 -0.6256531169903162 -0.267761642920003 -2.067943765320639
0.504 -0.1596283274052995 -2.68888287040506 0.1060471385499495 -0.6288761805366682 -0.265675465955249 -2.060006689868392
0.506 -0.1572069005764907 -2.684239092870235 0.1064065413289407 -0.6321098374218004 -0.2636134419054314 -2.052129255448435
0.508 -0.1548060872466629 -2.679664980023158 0.1067691141676147 -0.6353541751238807 -0.2615752014142776 -2.044310804899277
0.51 -0.1524254877552163 -2.675159972392242 0.1071348943643315 -0.6386092819157899 -0.2595603821195477 -2.036550690476452
0.512 -0.1500647084816603 -2.670723520561172 0.1075039200139585 -0.6418752468726066 -0.2575686284956187 -2.028848273688566
0.514 -0.1477233616663108 -2.666355085015714 0.1078762300338523 -0.64515215987904 -0.2555995917001631 -2.021202925136674
0.516 -0.1454010652338395 -2.662054135993436 0.108251864190961 -0.6484401116365578 -0.2536529294248005 -2.013614024356878
0.518 -0.1430974426195067 -2.657820153336387 0.1086308631300996 -0.6517391936702936 -0.2517283057496064 -2.006080959666094
0.52 -0.1408121225978969 -2.653652626346595 0.1090132684034666 -0.6550494983356874 -0.2498253910013635 -1.998603128010908
0.522 -0.1385447391139984 -2.649551053644279 0.1093991225014513 -0.6583711188248217 -0.2479438616154497 -1.991179934819457
0.524 -0.1362949311164462 -2.645514943028632 0.1097884688848072 -0.661704149172373 -0.2460834000012534 -1.983810793856258
0.526 -0.1340623423927667 -2.641543811341064 0.1101813520182517 -0.6650486842611304 -0.2442436944110183 -1.976495127079933
0.528 -0.1318466214064413 -2.637637184330894 0.1105778174055734 -0.6684048198271445 -0.2424244388120147 -1.96923236450375
0.53 -0.1296474211356347 -2.633794596523184 0.1109779116263099 -0.6717726524642502 -0.2406253327619446 -1.962021944058933
0.532 -0.1274643989134 -2.63001559108878 0.1113816823740873 -0.6751522796281141 -0.2388460812874874 -1.954863311460666
0.534 -0.1252972162691956 -2.626299719716274 0.1117891784966994 -0.678543799639536 -0.237086394765895 -1.947755920076737
0.536 -0.1231455387715396 -2.622646542485897 0.1122004500380126 -0.681947311687128 -0.2353459888095522 -1.940699230798769
0.538 -0.1210090358716226 -2.619055627745076 0.1126155482817932 -0.685362915829111 -0.2336245841534158 -1.933692711915965
0.54 -0.1188873807477017 -2.615526551985607 0.1130345257975513 -0.6887907129942751 -0.231921906545253 -1.926735838991332
0.542 -0.1167802501500977 -2.612058899722255 0.1134574364885013 -0.6922308049819373 -0.2302376866385989 -1.919828094740317
0.544 -0.114687324246613 -2.608652263372568 0.1138843356417451 -0.6956832944607707 -0.2285716598883581 -1.912968968911797
0.546 -0.112608286468178 -2.605306243137861 0.1143152799807967 -0.6991482849664729 -0.2269235664489747 -1.906157958171388
0.548 -0.1105428233545504 -2.602020446885088 0.1147503277205507 -0.7026258808980819 -0.2252931510751011 -1.899394565987006
0.55 -0.1084906243998656 -2.598794490029408 0.1151895386248289 -0.7061161875127615 -0.2236801630246946 -1.892678302516647
0.552 -0.1064513818978486 -2.595627995417332 0.1156329740666269 -0.709619310919017 -0.2220843559644755 -1.886008684498315
0.554 -0.10442479078649 -2.592520593210177 0.1160806970911907 -0.7131353580680986 -0.2205054878776807 -1.879385235142079
0.556 -0.1024105484919822 -2.589471920767573 0.1165327724820683 -0.7166644367433868 -0.2189433209740505 -1.872807484024186
0.558 -0.1004083547717151 -2.586481622530793 0.1169892668302718 -0.7202066555475822 -0.2173976216019869 -1.866274966983211
0.56 -0.09841791155611872 -2.583549349905764 0.117450248606705 -0.7237621238875906 -0.2158681601628237 -1.859787226018174
0.562 -0.09643892278914283 -2.580674761145208 0.117915788238009 -0.7273309519566036 -0.2143547110271518 -1.853343809188605
0.564 -0.09447109426715833 -2.577857521229915 0.1183859581859846 -0.7309132507134132 -0.2128570524531429 -1.846944270516501
0.566 -0.09251413347606105 -2.575097301748564 0.1188608330307569 -0.7345091318584265 -0.2113749665068179 -1.840588169890138
0.568 -0.09056774942635798 -2.57239378077591 0.1193404895578502 -0.7381187078062137 -0.2099082389842082 -1.834275072969696
0.57 -0.08863165248600617 -2.56974664274886 0.1198250068493511 -0.7417420916541878 -0.2084566593353573 -1.828004551094672
0.572 -0.08670555421078495 -2.56715557834005 0.1203144663793302 -0.7453793971470368 -0.2070200205901152 -1.821776181193013
0.574 -0.08478916717197185 -2.564620284328477 0.1208089521137045 -0.7490307386365049 -0.2055981192856763 -1.815589545691972
0.576 -0.0828822047810899 -2.562140463466687 0.1213085506147259 -0.7526962310360735 -0.2041907553958158 -1.809444232430613
0.578 -0.08098438111150436 -2.559715824343973 0.1218133511502726 -0.7563759897700191 -0.2027977322617769 -1.803339834573954
0.58 -0.07909541071664274 -2.557346081245082 0.1223234458081264 -0.7600701307163734 -0.2014188565247691 -1.797275950528709
0.582 -0.07721500844461258 -2.55503095400368 0.1228389296154181 -0.7637787701430978 -0.2000539380600307 -1.791252183860583
0.584 -0.07534288924901215 -2.552770167849985 0.1233599006634055 -0.7675020246368786 -0.1987027899124177 -1.785268143213106
0.586 -0.07347876799571362 -2.550563453251836 0.1238864602377633 -0.7712400110238757 -0.1973652282334769 -1.779323442227961
0.588 -0.07162235926543555 -2.54841054574831 0.124418712954531 -0.7749928462815359 -0.1960410722199665 -1.773417699466774
0.59 -0.06977337715191916 -2.546311185775068 0.1249567669018649 -0.77876064744072 -0.1947301440537841 -1.767550538334348
0.592 -0.06793153505555111 -2.544265118480467 0.1255007337877157 -0.7825435314771748 -0.1934322688432668 -1.761721587003292
0.594 -0.06609654547228938 -2.542272093531409 0.1260507290935396 -0.7863416151913715 -0.192147274565829 -1.755930478340037
0.596 -0.06426811977779806 -2.540331864907719 0.1266068722341023 -0.7901550150755249 -0.1908749920119003 -1.750176849832194
0.598 -0.06244596800671423 -2.538444190683923 0.1271692867234193 -0.7939838471666956 -0.1896152547301335 -1.744460343517228
0.6 -0.06062979862702567 -2.536608832796986 0.1277381003468215 -0.7978282268845514 -0.1883678989738471 -1.738780605912435
0.602 -0.05881931830958931 -2.53482555679864 0.1283134453390841 -0.8016882688524649 -0.1871327636486734 -1.733137287946175
0.604 -0.05701423169289715 -2.533094131590572 0.1288954585684816 -0.8055640867002223 -0.1859096902613787 -1.72753004489035
0.606 -0.05521424114325008 -2.531414329140939 0.1294842817265787 -0.8094557928468431 -0.1846985228698288 -1.721958536294096
0.608 -0.05341904651062734 -2.529785924180076 0.1300800615234402 -0.8133634982614142 -0.1834991080340675 -1.716422425918662
0.61 -0.0516283448806179 -2.528208693873627 0.1306829498878654 -0.8172873122001688 -0.1823112947684833 -1.710921381673458
0.612 -0.04984183032292983 -2.526682417470675 0.131293104172104 -0.8212273419174332 -0.1811349344950338 -1.705455075553242
0.614 -0.04805919363714981 -2.525206875924521 0.1319106873603542 -0.8251836923480989 -0.179969880997504 -1.700023183576422
0.616 -0.04628012209659285 -2.52378185148359 0.1325358682801771 -0.8291564657591244 -0.17881599037677 -1.694625385724466
0.618 -0.0445042991912879 -2.522407127249586 0.1331688218157572 -0.8331457613672187 -0.1776731210070451 -1.689261365882367
0.62 -0.04273140437142728 -2.521082486699833 0.1338097291216559 -0.8371516749196543 -0.1765411334930832 -1.683930811780178
0.622 -0.04096111279284639 -2.519807713170636 0.1344587778354682 -0.8411742982350728 -0.1754198906283146 -1.678633414935564
0.624 -0.03919309506645879 -2.518582589298107 0.1351161622874338 -0.845213718700738 -0.1743092573538926 -1.673368870597369
0.626 -0.0374270170139574 -2.517406896412671 0.1357820837046711 -0.8492700187224951 -0.1732091007186285 -1.668136877690176
0.628 -0.03566253943252568 -2.516280413883321 0.1364567504072659 -0.8533432751234885 -0.1721192898397916 -1.662937138759832
0.63 -0.03389931787181308 -2.515202918407282 0.137140377992941 -0.8574335584873578 -0.1710396958647541 -1.657769359919924
0.632 -0.03213700242702852 -2.514174183240651 0.1378331895064322 -0.8615409324414646 -0.1699701919334607 -1.652633250799187
0.634 -0.03037523755267407 -2.513193977365169 0.1385354155890275 -0.8656654528753422 -0.1689106531417015 -1.647528524489827
0.636 -0.0286136619021988 -2.512262064586191 0.1392472946029709 -0.8698071670894539 -0.1678609565051697 -1.642454897496737
0.638 -0.02685190819975652 -2.51137820255668 0.1399690727245277 -0.8739661128690893 -0.1668209809242843 -1.63741208968759
0.64 -0.02508960315124492 -2.510542141721793 0.1407010039985152 -0.8781423174780018 -0.1657906071497601 -1.632399824243792
0.642 -0.02332636740291261 -2.509753624178733 0.141443350345994 -0.8823357965664556 -0.1647697177489066 -1.627417827612277
0.644 -0.02156181555715403 -2.509012382446273 0.1421963815154839 -0.8865465529881369 -0.1637581970726379 -1.622465829458136
0.646 -0.01979555625652418 -2.508318138138542 0.1429603749666533 -0.8907745755205015 -0.1627559312231775 -1.617543562618041
0.648 -0.0180271923486264 -2.507670600537914 0.1437356156738136 -0.8950198374834352 -0.16176280802244 -1.612650763054479
0.65 -0.01625632114637596 -2.507069465061981 0.1445223958346996 -0.8992822952512259 -0.1607787169810756 -1.607787169810756
0.652 -0.01448253480012512 -2.506514411620357 0.1453210144680339 -0.9035618866535917 -0.159803549268159 -1.602952524966765
0.654 -0.01270542080037068 -2.506005102857733 0.1461317768811401 -0.9078585292622244 -0.1588371976815108 -1.598146573595509
0.656 -0.01092456263223451 -2.505541182280661 0.1469549939863978 -0.9121721185603102 -0.1578795566186323 -1.59336906372035
0.658 -0.009139540605550667 -2.505122272267143 0.1477909814426927 -0.9165025259941566 -0.1569305220482433 -1.588619746272987
0.66 -0.007349932887270094 -2.504747971959877 0.1486400585951365 -0.9208495969077487 -0.1559899914824066 -1.583898375052128
0.662 -0.005555316765985779 -2.504417855046522 0.1495025471832388 -0.9252131483636498 -0.1550578639492246 -1.579204706682872
0.664 -0.003755270181590276 -2.504131467433475 0.1503787697845076 -0.9295929668567215 -0.1541340399660979 -1.574538500576754
0.666 -0.001949373556424799 -2.503888324823334 0.1512690479571041 -0.9339888059308695 -0.1532184215135289 -1.569899518892465
0.668 -0.0001372119676753547 -2.503687910211172 0.1521737000417851 -0.9384003837139472 -0.1523109120094605 -1.565287526497224
0.67 0.001681622295923557 -2.503529671320232 0.1530930385800603 -0.9428273803914374 -0.1514114162841367 -1.560702290928794
0.672 0.003507526746904743 -2.503413018004648 0.1540273673023775 -0.94726943564653 -0.1505198405554727 -1.556143582358118
0.674 0.005340885232496068 -2.503337319655171 0.1549769776374188 -0.951726146102588 -0.1496360924049227 -1.551611173552583
0.676 0.007182063937619748 -2.503301902653129 0.1559421446914548 -0.9561970628132446 -0.148760080753835 -1.547104839839884
0.678 0.009031406805296682 -2.503306047929497 0.1569231226455788 -0.9606816888570152 -0.1478917158402821 -1.542624359072482
0.68 0.01088923032229969 -2.503348988698711 0.1579201395186553 -0.965179477106067 -0.1470309091963556 -1.538169511592644
0.682 0.01275581761980893 -2.503429908451697 0.1589333912457236 -0.9696898282536375 -0.1461775736259147 -1.533740080198059
0.684 0.01463141184291691 -2.503547939308944 0.1599630350256958 -0.9742120892009321 -0.1453316231827789 -1.529335850108012
0.686 0.01651620874983148 -2.50370216085295 0.1610091818991856 -0.9787455519228441 -0.1444929731493541 -1.524956608930106
0.688 0.01841034851232193 -2.503891599578904 0.1620718885280044 -0.9832894529513722 -0.1436615400156825 -1.520602146627532
0.69 0.02031390670406064 -2.504115229123309 0.1631511481629676 -0.9878429736364507 -0.1428372414589069 -1.516272255486858
0.692 0.02222688448387661 -2.504371971451785 0.1642468808070168 -0.9924052413654305 -0.1420199963231402 -1.511966730086354
0.694 0.02414919800763213 -2.5046606992081 0.1653589226073623 -0.9969753319432892 -0.1412097245997301 -1.507685367264811
0.696 0.02608066713610332 -2.504980239446152 0.1664870145440152 -1.00155227335528 -0.1404063474079119 -1.503427966090872
0.698 0.02802100354784129 -2.505329378982754 0.16763079052368 -1.006135051149901 -0.1396097869758388 -1.499194327832853
0.7 0.02996979841597022 -2.505706871620729 0.1687897650379531 -1.010722615691683 -0.1388199666219828 -1.494984255929046
0.702 0.03192650986649581 -2.506111447495125 0.1699633206033934 -1.015313891536631 -0.1380368107368976 -1.490797555958494
0.704 0.03389045050267744 -2.506541824789033 0.1711506952680118 -1.019907789176796 -0.1372602447653343 -1.486634035612236
0.706 0.035860775354217 -2.506996724045064 0.1723509705429217 -1.024503219380056 -0.1364901951887047 -1.482493504665007
0.708 0.03783647068962373 -2.50747488526108 0.1735630601975052 -1.029099110313695 -0.1357265895078814 -1.478375774947385
0.71 0.03981634421193631 -2.507975087900579 0.1747857004382668 -1.0336944275822 -0.1349693562263305 -1.47428066031838
0.712 0.04179901723742754 -2.508496173866156 0.1760174420709943 -1.038288197227702 -0.1342184248335667 -1.470207976638454
0.714 0.04378291952829866 -2.509037073375763 0.1772566453172245 -1.042879531632793 -0.1334737257889259 -1.46615754174297
0.716 0.04576628750588649 -2.509596833544804 0.1785014780115338 -1.047467658128751 -0.1327351905056473 -1.462129175416053
0.718 0.04774716660192865 -2.510174649313748 0.1797499179371875 -1.052051949948889 -0.1320027513352589 -1.458122699364859
0.72 0.04972341850210474 -2.510769896172545 0.180999760054364 -1.056631958978289 -0.1312763415522592 -1.454137937194256
0.722 0.05169273398827046 -2.511382163927361 0.1822486293273597 -1.061207449545477 -0.1305558953390893 -1.450174714381884
0.724 0.05365265198404598 -2.512011290541508 0.1834939997554345 -1.065778432287888 -0.1298413477713885 -1.44623285825362
0.726 0.05560058524537856 -2.512657394874208 0.184733220048907 -1.070345196914798 -0.1291326348035284 -1.44231219795941
0.728 0.05753385290924673 -2.513320906956753 0.1859635461636649 -1.07490834250727 -0.1284296932544182 -1.438412564449483
0.73 0.05944971982093811 -2.514002594304962 0.187182180614514 -1.079468803854033 -0.1277324607935759 -1.43453379045093
0.732 0.06134544221105523 -2.514703582692522 0.1883863181385164 -1.084027872247882 -0.1270408759274612 -1.43067571044464
0.734 0.06321831890257945 -2.515425369821465 0.1895731968886406 -1.088587209178868 -0.1263548779860611 -1.426838160642598
0.736 0.0650657468192371 -2.516169830443212 0.1907401539289645 -1.093148851477684 -0.1256744071097274 -1.423020978965528
0.738 0.06688527916908721 -2.516939211715093 0.191884683405343 -1.09771520669422 -0.1249994042362558 -1.419224005020873
0.74 0.06867468432705041 -2.517736117926499 0.1930044954152568 -1.102289037845381 -0.1243298110882064 -1.415447080081118
0.742 0.07043200317406177 -2.518563484184214 0.1940975733345182 -1.106873437121773 -0.1236655701604564 -1.411690047062441
0.744 0.07215560250367943 -2.519424539186148 0.1951622272116627 -1.111471788682462 -0.1230066247079833 -1.407952750503686
0.746 0.07384422210672963 -2.52032275780061 0.1961971408406005 -1.116087721254953 -0.1223529187338708 -1.404235036545656
0.748 0.07549701330716793 -2.521261804760382 0.1972014102847041 -1.120725051849659 -0.1217043969775361 -1.400536752910724
0.75 0.07711356704852911 -2.52224547132663 0.1981745719516999 -1.12538772244389 -0.1210610049031708 -1.39685774888274
0.752 0.07869393010400103 -2.523277607227473 0.1991166187923941 -1.130079731940218 -0.120422688688393 -1.393197875287255
0.754 0.0802386085719121 -2.524362050487035 0.200028003785018 -1.134805066015007 -0.1197893952131059 -1.389556984472028
0.756 0.08174855847627216 -2.525502557901526 0.2009096305248296 -1.139567627613689 -0.1191610720485574 -1.385934930287837
0.758 0.08322516396491733 -2.526702738875644 0.2017628314115161 -1.144371170806076 -0.1185376674465988 -1.382331568069568
0.76 0.08467020422983702 -2.527965995109775 0.2025893345589729 -1.149219240492187 -0.1179191303291359 -1.378746754617588
0.762 0.08608581081425318 -2.529295468247772 0.2033912210920239 -1.154115120068368 -0.1173054102777707 -1.375180348179404
0.764 0.0874744173790423 -2.530693997094928 0.2041708749026713 -1.159061788663351 -0.116696457523629 -1.371632208431578
0.766 0.08883870425190388 -2.53216408544174 0.2049309271892732 -1.164061888979818 -0.1160922229373693 -1.368102196461922
0.768 0.09018154016821832 -2.533707880932938 0.2056741981875896 -1.169117706180983 -0.1154926580193712 -1.364590174751956
0.77 0.09150592354110446 -2.535327164850926 0.2064036384312019 -1.17423115769131 -0.1148977148900975 -1.361096007159616
0.772 0.09281492539176625 -2.537023352178569 0.2071222716723942 -1.179403793276341 -0.114307346280628 -1.357619558902228
0.774 0.09411163576131031 -2.538797500898365 0.2078331412846717 -1.184636804358646 -0.1137215055233614 -1.354160696539719
0.776 0.09539911504843764 -2.540650329190266 0.2085392615913184 -1.189931041232182 -0.1131401465428808 -1.350719287958085
0.778 0.09668035131051658 -2.542582239013079 0.2092435751574974 -1.195287036659985 -0.1125632238469809 -1.347295202353094
0.78 0.09795822416154473 -2.544593344488176 0.2099489166793974 -1.200705034273944 -0.1119906925178526 -1.343888310214231
0.782 0.099235475526693 -2.546683503535216 0.2106579837301159 -1.206185020226343 -0.1114225082034229 -1.340498483308873
0.784 0.100514687188866 -2.548852351317572 0.2113733142977116 -1.211726756650881 -0.1108586271088456 -1.337125594666691
0.786 0.1017982647993676 -2.551099334218748 0.2120972707875086 -1.217329815654458 -0.110299005988141 -1.33376951856429
0.788 0.1030884278270283 -2.553423743268753 0.2128320299630099 -1.222993612758699 -0.1097436021359816 -1.330430130510054
0.79 0.1043872047865363 -2.555824746152222 0.2135795781661559 -1.228717438923 -0.1091923733796196 -1.327107307229223
0.792 0.1056964330111117 -2.558301417141489 0.214341711082067 -1.23450049049231 -0.1086452780709553 -1.323800926649178
0.794 0.1070177622088504 -2.560852764496375 0.2151200372875924 -1.240341896611435 -0.108102275078742 -1.32051086788494
0.796 0.108352661056143 -2.563477755050087 0.2159159848370688 -1.246240743825212 -0.1075633237809257 -1.317237011224875
0.798 0.1097024261250255 -2.566175335851292 0.2167308101821422 -1.25219609773469 -0.1070283840571167 -1.313979238116602
0.8 0.1110681925053636 -2.568944452856377 0.2175656087865533 -1.258207021703273 -0.1064974162811897 -1.310737431153104
0.802 0.112450945558761 -2.571784066761705 0.218421326872773 -1.264272592702664 -0.105970381314012 -1.30751147405904
0.804 0.1138515333222332 -2.574693166136226 0.2192987738185276 -1.270391914458985 -0.1054472404962944 -1.304301251677241
0.806 0.1152706791609681 -2.577670778062929 0.2201986348025333 -1.27656412810752 -0.1049279556415652 -1.301106649955408
0.808 0.1167089943469176 -2.580715976526589 0.2211214833761807 -1.282788420593595 -0.1044124890292631 -1.297927555932994
0.81 0.1181669903109704 -2.583827888798886 0.2220677937089175 -1.289064031070622 -0.1039008033979472 -1.294763857728265
0.812 0.1196450903795607 -2.587005700073181 0.2230379523181827 -1.295390255547626 -0.103392861938622 -1.291615444525555
0.814 0.1211436408612673 -2.590248656593901 0.2240322691494428 -1.301766450031211 -0.1028886282881755 -1.28848220656269
0.816 0.1226629213948475 -2.593556067511365 0.2250509879177745 -1.308192032392774 -0.102388066522927 -1.285364035118592
0.818 0.124203154508106 -2.596927305674936 0.2260942956603903 -1.314666483173882 -0.1018911411522843 -1.282260822501054
0.82 0.1257645143671571 -2.600361807556958 0.2271623314796633 -1.321189345522265 -0.1013978171125061 -1.279172462034693
0.822 0.1273471347194084 -2.603859072478681 0.2282551944799785 -1.327760224429624 -0.1009080597605701 -1.276098848049056
0.824 0.1289511160513288 -2.607418661288161 0.2293729509194708 -1.334378785421254 -0.100421834868142 -1.273039875866908
0.826 0.1305765319949853 -2.611040194619642 0.2305156406106311 -1.341044752826974 -0.09993910861564581 -1.269995441792668
0.828 0.1322234350262811 -2.614723350845032 0.2316832826127137 -1.347757907744014 -0.09945984758643257 -1.266965443101018
0.83 0.1338918615033627 -2.618467863810513 0.232875880264408 -1.354518085784858 -0.09898401876104522 -1.263949778025654
0.832 0.1355818360966036 -2.622273520435551 0.2340934256081823 -1.361325174687343 -0.09851158951157869 -1.260948345748207
0.834 0.1372933756626494 -2.626140158237921 0.2353359032587822 -1.368179111850616 -0.09804252759613287 -1.257961046387305
0.836 0.1390264926143809 -2.630067662835983 0.2366032937677378 -1.375079881848192 -0.09757680115335692 -1.254987780987791
0.838 0.1407811978369623 -2.634055965468949 0.2378955765340452 -1.382027513958865 -0.09711437869708291 -1.252028451510084
0.84 0.1425575031978152 -2.638105040567156 0.2392127323088629 -1.389022079747462 -0.09665522911104775 -1.249082960819694
0.842 0.1443554236953473 -2.642214903396484 0.2405547453390484 -1.396063690719619 -0.09619932164370101 -1.246151212676865
0.844 0.1461749792880404 -2.646385607795053 0.2419216051911379 -1.403152496068679 -0.09574662590309754 -1.243233111726374
0.846 0.1480161964421729 -2.650617244014689 0.2433133082940461 -1.410288680527231 -0.09529711185187323 -1.240328563487458
0.848 0.1498791094330919 -2.654909936675863 0.2447298592353942 -1.417472462331982 -0.09485074980230226 -1.237437474343881
0.85 0.1517637614315707 -2.659263842840859 0.2461712718430048 -1.424704091306721 -0.09440751041143412 -1.234559751534138
0.852 0.1536702054037454 -2.663679150207535 0.2476375700800553 -1.431983847065749 -0.09396736467630991 -1.231695303141785
0.854 0.1555985048500587 -2.668156075423502 0.2491287887793135 -1.439312037337601 -0.09353028392925478 -1.228844038085901
0.856 0.1575487344058747 -2.672694862519275 0.2506449742391216 -1.446688996407594 -0.0930962398332469 -1.226005866111682
0.858 0.1595209803239109 -2.67729578145721 0.2521861847012713 -1.454115083676053 -0.09266520437736039 -1.223180697781157
0.86 0.1615153408562556 -2.681959126792505 0.2537524907285367 -1.461590682328479 -0.09223714987228109 -1.220368444464026
0.862 0.1635319265515964 -2.686685216441627 0.2553439754974907 -1.469116198112998 -0.09181204894589429 -1.217569018328629
0.864 0.1655708604814093 -2.691474390553092 0.2569607350203519 -1.476692058220072 -0.09138987453894253 -1.214782332333021
0.866 0.1676322784071235 -2.696327010475429 0.2586028783078761 -1.484318710259248 -0.09097059990075256 -1.21200830021618
0.868 0.1697163288987186 -2.701243457816922 0.2602705274837487 -1.491996621327597 -0.09055419858503011 -1.209246836489325
0.87 0.1718231734138703 -2.70622413359162 0.2619638178595914 -1.499726277164276 -0.09014064444572109 -1.206497856427344
0.872 0.1739529863455486 -2.711269457446369 0.2636828979784871 -1.507508181386026 -0.08972991163293847 -1.203761276060344
0.874 0.1761059550448898 -2.716379866963669 0.2654279296338429 -1.515342854798361 -0.08932197458895311 -1.201037012165308
0.876 0.1782822798252359 -2.721555817035256 0.2671990878694835 -1.523230834777396 -0.08891680804424758 -1.19832498225786
0.878 0.1804821739524246 -2.726797779301679 0.2689965609660568 -1.531172674717539 -0.08851438701363222 -1.19562510458414
0.88 0.1827058636256623 -2.732106241653322 0.2708205504180842 -1.539168943540534 -0.08811468679242188 -1.192937298112788
0.882 0.1849535879527099 -2.737481707788461 0.272671270905382 -1.547220225261435 -0.08771768295267203 -1.190261482527026
0.884 0.1872255989225695 -2.742924696824413 0.2745489502620438 -1.555327118607563 -0.08732335133947425 -1.18759757821685
0.886 0.1895221613783511 -2.748435742957902 0.2764538294456598 -1.563490236686586 -0.08693166806730873 -1.184945506271316
0.888 0.1918435529926496 -2.754015395171195 0.2783861625091033 -1.571710206700259 -0.08654260951645368 -1.182305188470936
0.89 0.1941900642473264 -2.759664216980489 0.2803462165767767 -1.579987669700324 -0.08615615232945024 -1.179676547280165
0.892 0.1965619984193916 -2.765382786223863 0.2823342718270137 -1.588323280383879 -0.08577227340762214 -1.177059505839984
0.894 0.1989596715743181 -2.771171694885617 0.2843506214819669 -1.596717706925031 -0.08539094990764887 -1.174453987960586
0.896 0.2013834125679613 -2.777031548954533 0.286395571806153 -1.605171630840383 -0.08501215923819169 -1.17185991811415
0.898 0.2038335630580556 -2.782962968313727 0.2884694421146271 -1.613685746886017 -0.08463587905657147 -1.16927722142771
0.9 0.2063104775261041 -2.788966586659811 0.2905725647916013 -1.622260762983696 -0.08426208726549722 -1.166705823676115
0.902 0.2088145233102985 -2.795043051449267 0.2927052853201434 -1.630897400174188 -0.08389076200984494 -1.164145651275079
0.904 0.2113460806500607 -2.801193023870327 0.2948679623235461 -1.639596392596008 -0.08352188167348534 -1.161596631274319
0.906 0.2139055427426728 -2.807417178838607 0.2970609676188328 -1.648358487487823 -0.08315542487616003 -1.159058691350784
0.908 0.2164933158123474 -2.813716205014858 0.2992846862827525 -1.657184445212892 -0.08279137047040502 -1.156531759801966
0.91 0.219109819192105 -2.820090804843598 0.301539516730626 -1.666075039304304 -0.08242969753852096 -1.154015765539294
0.912 0.2217554854187023 -2.826541694611186 0.3038258708082914 -1.675031056529566 -0.08207038538958918 -1.15151063808162
0.914 0.2244307603408453 -2.833069604522219 0.3061441738973779 -1.684053296973437 -0.0817134135565326 -1.149016307548782
0.916 0.2271361032409073 -2.83967527879328 0.3084948650341287 -1.693142574138038 -0.08135876179322131 -1.146532704655242
0.918 0.2298719869703035 -2.846359475762922 0.3108783970419247 -1.702299715059103 -0.08100641007162115 -1.144059760703819
0.92 0.2326388980987037 -2.85312296801717 0.3132952366776891 -1.711525560437684 -0.08065633857898541 -1.141597407579486
0.922 0.2354373370772069 -2.859966542529627 0.3157458647922953 -1.720820964786373 -0.0803085277150884 -1.139145577743254
0.924 0.2382678184156711 -2.86689100081566 0.3182307765051715 -1.730186796589531 -0.07996295808950044 -1.136704204226129
0.926 0.2411308708742818 -2.873897159099817 0.3207504813931851 -1.739623938476673 -0.07961961051890326 -1.134273220623145
0.928 0.2440270376695435 -2.880985848496061 0.3233055036939891 -1.749133287408591 -0.07927846602444562 -1.13185256108747
0.93 0.2469568766948455 -2.888157915200275 0.3258963825239833 -1.758715754875687 -0.07893950582913788 -1.129442160324588
0.932 0.24992096075576 -2.895414220694631 0.3285236721110453 -1.768372267108078 -0.07860271135528535 -1.127041953586553
0.934 0.2529198778202261 -2.902755641963277 0.3311879420421856 -1.778103765296967 -0.07826806422195949 -1.12465187666631
0.936 0.2559542312838499 -2.910183071719214 0.3338897775263563 -1.787911205827122 -0.07793554624250638 -1.122271865892092
0.938 0.2590246402504833 -2.91769741864187 0.3366297796725753 -1.797795560519989 -0.07760513942209203 -1.119901858121882
0.94 0.2621317398283261 -2.925299607625184 0.3394085657836095 -1.80775781688724 -0.07727682595528339 -1.117541790737944
0.942 0.2652761814417913 -2.932990580035988 0.3422267696654566 -1.817798978394563 -0.07695058822366524 -1.115191601641425
0.944 0.2684586331593783 -2.940771293982416 0.34508504195287 -1.827920064735399 -0.07662640879349165 -1.112851229247017
0.946 0.2716797800378664 -2.948642724592273 0.3479840504512381 -1.838122112114586 -0.07630427041337172 -1.110520612477687
0.948 0.2749403244830937 -2.956605864301081 0.350924480495083 -1.848406173541607 -0.0759841560119893 -1.108199690759474
0.95 0.2782409866276949 -2.964661723149859 0.3539070353235503 -1.858773319133511 -0.07566604869585539 -1.105888404016348
0.952 0.2815825047261423 -2.972811329092479 0.356932436473236 -1.869224636427353 -0.07534993174709369 -1.103586692665126
0.954 0.2849656355674285 -2.98105572831237 0.3600014241886863 -1.879761230701909 -0.07503578862125779 -1.10129449761046
0.956 0.2883911549058791 -2.989395985548845 0.3631147578510591 -1.890384225308966 -0.07472360294518007 -1.099011760239879
0.958 0.2918598579104684 -2.99783318443274 0.36627321642532 -1.901094762013851 -0.07441335851485155 -1.096738422418889
0.96 0.2953725596331384 -3.00636842783146 0.3694775989264708 -1.91189400134532 -0.0741050392933324 -1.09447442648614
0.962 0.298930095496601 -3.015002838203437 0.3727287249052932 -1.922783122954793 -0.0737986294086922 -1.092219715248645
0.964 0.3025333218021877 -3.02373755796205 0.3760274349541676 -1.933763325984994 -0.07349411315197996 -1.089974231977056
0.966 0.306183116258261 -3.032573749848894 0.3793745912334839 -1.944835829447888 -0.07319147497522295 -1.087737920401006
0.968 0.3098803785298164 -3.04151259731657 0.3827710780192708 -1.95600187261208 -0.07289069948945441 -1.08551072470449
0.97 0.3136260308099105 -3.050555304921019 0.3862178022726794 -1.967262715399699 -0.07259177146276891 -1.083292589521321
0.972 0.3174210184135692 -3.059703098723405 0.3897156942319751 -1.978619638792783 -0.0722946758184058 -1.081083459930622
0.974 0.3212663103948856 -3.068957226701655 0.3932657080277451 -1.990073945249268 -0.07199939763285952 -1.078883281452387
0.976 0.3251629001880545 -3.078318959171661 0.3968688223220714 -2.001626959128577 -0.07170592213401687 -1.076692000043084
0.978 0.3291118062731481 -3.087789589218361 0.4005260409724686 -2.013280027127047 -0.07141423469932046 -1.074509562091314
0.98 0.3331140728674154 -3.097370433136536 0.4042383937213737 -2.025034518723012 -0.07112432085395824 -1.072335914413524
0.982 0.3371707706430412 -3.107062830881663 0.4080069369121195 -2.036891826631896 -0.07083616626907827 -1.070171004249767
0.984 0.3412829974722386 -3.116868146530747 0.4118327542322673 -2.048853367271236 -0.0705497567600287 -1.068014779259511
0.986 0.3454518792006418 -3.126787768753192 0.4157169574852644 -2.060920581235687 -0.07026507828462257 -1.065867187517505
0.988 0.3496785704500548 -3.136823111291932 0.4196606873914814 -2.073094933782248 -0.0699821169414266 -1.063728177509685
0.99 0.3539642554515829 -3.14697561345478 0.4236651144196569 -2.085377915325652 -0.06970085896807403 -1.061597698129127
0.992 0.3583101489102813 -3.15724674061608 0.4277314396498822 -2.097771041944017 -0.06942129073960092 -1.059475698672063
0.994 0.3627174969025059 -3.167637984728759 0.4318608956693116 -2.110275855894837 -0.06914339876680577 -1.057362128833922
0.996 0.3671875778072231 -3.178150864846935 0.4360547475018547 -2.122893926141503 -0.06886716969463159 -1.055256938705432
0.998 0.3717217032725071 -3.188786927658835 0.4403142935730777 -2.135626848890073 -0.06859259030057063 -1.053160078768761
1 0.3763212192186882 -3.199547748030497 0.4446408667117793 -2.148476248136787 -0.06831964749309116 -1.05107149989371
1.002 0.3809875068794901 -3.210434929559888 0.4490358351895759 -2.16144377622595 -0.06804832831008577 -1.048991153333938
1.004 0.3857219838827239 -3.221450105141735 0.4535006038000652 -2.174531114418494 -0.06777861991734128 -1.046918990723241
1.006 0.3905261053720618 -3.232594937542902 0.4580366149790913 -2.187739973471029 -0.06751050960702956 -1.044854964071873
1.008 0.3954013651715888 -3.243871119988403 0.4626453499678078 -2.201072094225499 -0.06724398479621897 -1.042799025762903
1.01 0.4003492969948307 -3.255280376758025 0.4673283300202372 -2.214529248209401 -0.06697903302540646 -1.040751128548624
1.012 0.4053714757000615 -3.266824463793291 0.4720871176571309 -2.228113238246303 -0.06671564195706936 -1.038711225546987
1.014 0.4104695185938644 -3.278505169315086 0.4769233179681017 -2.241825899076983 -0.06645379937423732 -1.036679270238102
1.016 0.4156450867848436 -3.290324314451369 0.481838579963927 -2.25566909799062 -0.06619349317908334 -1.034655216460749
1.018 0.4208998865896653 -3.302283753875211 0.4868345979811994 -2.269644735466261 -0.06593471139153415 -1.03263901840895
1.02 0.4262356709935688 -3.31438537645271 0.4919131131414683 -2.283754745824135 -0.06567744214789945 -1.030630630628576
1.022 0.4316542411676877 -3.326631105900764 0.4970759148672073 -2.298001097886779 -0.06542167369951957 -1.028630008013985
1.024 0.4371574480455676 -3.33902290145428 0.502324842456999 -2.312385795649575 -0.06516739441143148 -1.026637105804705
1.026 0.4427471939613653 -3.351562758542435 0.5076617867224181 -2.326910878960279 -0.0649145927610528 -1.024651879582156
1.028 0.4484254343525599 -3.364252709474127 0.5130886916894434 -2.341578424207723 -0.06466325733688352 -1.022674285266404
1.03 0.4541941795296893 -3.377094824131349 0.5186075563669145 -2.356390545018396 -0.06441337683722519 -1.020704279112953
1.032 0.4600554965162328 -3.390091210670661 0.5242204365851498 -2.371349392961086 -0.06416494006891703 -1.018741817709575
1.034 0.4660115109616493 -3.403244016232011 0.5299294469077388 -2.386457158258834 -0.06391793594608948 -1.016786857973177
1.036 0.472064409130694 -3.416555427654026 0.5357367626196279 -2.401716070507327 -0.06367235348893382 -1.014839357146699
1.038 0.4782164399724704 -3.430027672195331 0.5416446217949591 -2.417128399399282 -0.06342818182248863 -1.012899272796049
1.04 0.4844699172726826 -3.443663018260835 0.5476553274481247 -2.432696455453761 -0.06318541017544214 -1.010966562807074
1.042 0.4908272218927853 -3.457463776132174 0.5537712497717359 -2.448422590749612 -0.06294402787895058 -1.009041185382562
1.044 0.4972908040998653 -3.471432298701013 0.5599948284653375 -2.464309199661737 -0.06270402436547223 -1.007123099039277
1.046 0.5038631859913967 -3.485570982204361 0.5663285751590136 -2.480358719599326 -0.06246538916761685 -1.005212262605034
1.048 0.5105469640189774 -3.49988226696017 0.5727750759359876 -2.496573631744373 -0.06222811191701032 -1.003308635215797
1.05 0.5173448116155679 -3.51436863810184 0.5793369939587421 -2.512956461789026 -0.0619921823431742 -1.001412176312814
1.052 0.524259481930901 -3.529032626310096 0.5860170722033211 -2.529509780670311 -0.06175759027242016 -0.9995228456397849
1.054 0.5312938106798478 -3.543876808540081 0.5928181363066066 -2.546236205300022 -0.06152432562675883 -0.9976406032400587
1.056 0.5384507191089126 -3.558903808741761 0.5997430975317355 -2.5631383992879 -0.0612923784228229 -0.9957654094538614
1.058 0.5457332170861099 -3.574116298571136 0.6067949558569143 -2.580219073655579 -0.0610617387708045 -0.9938972249155564
1.06 0.5531444063198985 -3.589516998089984 0.6139768031933047 -2.597480987539051 -0.06083239687340629 -0.9920360105509335
1.062 0.5606874837128697 -3.605108676450829 0.621291826737676 -2.614926948876301 -0.06060434302480632 -0.9901817275745278
1.064 0.5683657448563872 -3.620894152564368 0.6287433124660234 -2.632559815077399 -0.06037756760963624 -0.9883343374869686
1.066 0.5761825876724519 -3.636876295745589 0.6363346487744249 -2.650382493673232 -0.060152061101973 -0.9864938020723572
1.068 0.5841415162094553 -3.653058026334762 0.6440693302737986 -2.668397942939089 -0.05992781406434338 -0.9846600833956728
1.07 0.5922461445987569 -3.669442316289158 0.6519509617454985 -2.68660917248895 -0.05970481714674162 -0.9828331438002081
1.072 0.6005002011792168 -3.686032189740503 0.6599832622648762 -2.705019243835472 -0.05948306108565952 -0.9810129459050309
1.074 0.6089075327972473 -3.702830723513224 0.6681700695003766 -2.723631270910749 -0.05926253670312928 -0.9791994526024745
1.076 0.6174721092901128 -3.719841047597495 0.6765153441958912 -2.74244842054184 -0.05904323490577845 -0.9773926270556555
1.078 0.6261980281606342 -3.737066345571008 0.6850231748445313 -2.76147391287499 -0.0588251466838972 -0.9755924326960181
1.08 0.6350895194516317 -3.754509854962339 0.6936977825621492 -2.780711021741434 -0.05860826311051742 -0.9737988332209049
1.082 0.6441509508287776 -3.772174867548189 0.7025435261692813 -2.800163074957036 -0.05839257534050368 -0.9720117925911537
1.084 0.6533868328809029 -3.790064729576331 0.7115649074905587 -2.819833454547611 -0.05817807460965576 -0.9702312750287208
1.086 0.6628018246469328 -3.808182841904773 0.7207665768807555 -2.839725596890443 -0.0579647522338227 -0.9684572450143302
1.088 0.67240073937903 -3.826532660047098 0.730153338987058 -2.859842992761952 -0.05775259960802803 -0.9666896672851462
1.09 0.6821885505516037 -3.845117694112641 0.7397301587572099 -2.880189187280167 -0.05754160820560625 -0.964928506832474
1.092 0.6921703981263539 -3.863941508629656 0.749502167703704 -2.900767779730175 -0.05733176957735005 -0.9631737288994809
1.094 0.7023515950833253 -3.883007722237545 0.759474670433994 -2.921582423258598 -0.05712307535066866 -0.9614252989789465
1.096 0.7127376342284155 -3.902320007233792 0.7696531514571721 -2.942636824422759 -0.0569155172287565 -0.9596831828110327
1.098 0.7233341952876962 -3.921882088959303 0.7800432822774687 -2.963934742578223 -0.05670908698977249 -0.9579473463810799
1.1 0.734147152299095 -3.941697745004697 0.7906509287851248 -2.985479989087271 -0.05650377648602974 -0.9562177559174263
1.102 0.7451825813116554 -3.961770804217848 0.8014821589548506 -3.007276426328598 -0.05629957764319531 -0.9544943778892497
1.104 0.7564467684028561 -3.982105145491984 0.8125432508623561 -3.029327966487552 -0.05609648245950009 -0.9527771790044324
1.106 0.7679462180239615 -4.002704696311137 0.82384070102892 -3.051638570103688 -0.05589448300495858 -0.951066126207449
1.108 0.7796876616828801 -4.023573431027337 0.8353812331034784 -3.074212244350061 -0.05569357142059833 -0.9493611866772762
1.11 0.791678066973995 -4.044715368842831 0.8471718068916942 -3.097053041017506 -0.05549373991769919 -0.9476623278253248
1.112 0.8039246469630937 -4.066134571466684 0.8592196277401356 -3.120165054173291 -0.05529498077704187 -0.9459695172933932
1.114 0.8164348699349522 -4.087835140413318 0.8715321562831181 -3.143552417461676 -0.05509728634816587 -0.9442827229516428
1.116 0.8292164695099388 -4.109821213907663 0.8841171185585756 -3.167219301011069 -0.05490064904863677 -0.9426019128965946
1.118 0.8422774551344504 -4.132096963358252 0.8969825164977728 -3.191169907909106 -0.05470506136332243 -0.9409270554491458
1.12 0.8556261229480555 -4.154666589356252 0.9101366387917337 -3.215408470203644 -0.05451051584367818 -0.9392581191526087
1.122 0.8692710670282067 -4.177534317155269 0.9235880721352477 -3.239939244384499 -0.05431700510704102 -0.9375950727707695
1.124 0.8832211910107637 -4.200704391583196 0.9373457128466959 -3.26476650629723 -0.05412452183593217 -0.9359378852859654
1.126 0.8974857200808399 -4.224181071332511 0.9514187788582086 -3.289894545435325 -0.05393305877736868 -0.9342865258971865
1.128 0.9120742133253943 -4.247968622572861 0.9658168220675772 -3.315327658554671 -0.05374260874218298 -0.9326409640181907
1.13 0.9269965764338715 -4.27207131182427 0.9805497410382227 -3.341070142548626 -0.05355316460435123 -0.9310011692756444
1.132 0.9422630747281421 -4.296493398025726 0.9956277940284717 -3.367126286518447 -0.05336471930032963 -0.9293671115072789
1.134 0.9578843464966453 -4.321239123729139 1.011061612325044 -3.393500362969073 -0.05317726582839886 -0.9277387607600662
1.136 0.9738714166004451 -4.346312705344447 1.026862213848462 -3.420196618056031 -0.05299079724801674 -0.9261160872884155
1.138 0.9902357103103219 -4.371718322357292 1.0430410169895 -3.447219260804906 -0.05280530667917843 -0.9244990615523855
1.14 1.006989067324187 -4.397460105436163 1.059609854625971 -3.474572451220246 -0.05262078730178473 -0.9228876542159168
1.142 1.024143755903168 -4.423542123342926 1.076580988258186 -3.502260287197842 -0.05243723235501787 -0.9212818361450831
1.144 1.041712487051286 -4.449968368556426 1.093967122188011 -3.530286790150067 -0.05225463513672491 -0.9196815784063583
1.146 1.05970842864916 -4.476742741516778 1.111781417651969 -3.558655889251875 -0.05207298900280863 -0.9180868522649027
1.148 1.078145219435255 -4.503869033396131 1.13003750680188 -3.587371404213265 -0.05189228736662571 -0.9164976291828663
1.15 1.097036982709391 -4.531350907302027 1.148749506407783 -3.616437026484317 -0.05171252369839226 -0.9149138808177093
1.152 1.116398339611113 -4.559191877819565 1.16793203113571 -3.645856298799024 -0.05153369152459647 -0.9133355790205403
1.154 1.136244421802395 -4.587395288803906 1.187600206229813 -3.675632592969436 -0.05135578442741819 -0.9117626958344704
1.156 1.156590883356641 -4.615964289339914 1.207769679400796 -3.705769085846928 -0.05117879604415575 -0.9101952034929853
1.158 1.177453911626574 -4.644901807795999 1.228456631693233 -3.736268733377667 -0.05100272006665938 -0.9086330744183317
1.16 1.198850236831415 -4.674210523913906 1.249677787072187 -3.767134242693983 -0.05082755024077158 -0.9070762812199233
1.162 1.220797140067763 -4.703892838894814 1.271450420433537 -3.798368042202055 -0.05065328036577395 -0.905524796692759
1.164 1.243312459411169 -4.733950843468843 1.29379236370501 -3.829972249652983 -0.05047990429384099 -0.9039785938158602
1.166 1.266414593734654 -4.764386283967742 1.316722009664154 -3.861948638217019 -0.05030741592950003 -0.9024376457507234
1.168 1.290122503828343 -4.795200526463692 1.340258313057441 -3.894298600623906 -0.05013580922909767 -0.9009019258397858
1.17 1.314455710361109 -4.826394519089819 1.364420788561381 -3.92702311148491 -0.04996507820027273 -0.899371407604909
1.172 1.339434288181997 -4.857968752723393 1.389229505083432 -3.960122687977516 -0.04979521690143516 -0.8978460647458768
1.174 1.365078856418342 -4.889923220293649 1.414705075859593 -3.99359734915474 -0.04962621944125138 -0.8963258711389094
1.176 1.391410563789266 -4.922257375070452 1.440868643767401 -4.027446574235263 -0.04945807997813545 -0.8948108008351889
1.178 1.418451068523529 -4.95497008840595 1.467741861243275 -4.061669260346547 -0.04929079271974639 -0.8933008280594036
1.18 1.446222512249703 -4.988059607535224 1.495346864172194 -4.09626368032692 -0.04912435192249134 -0.8917959272083043
1.182 1.47474748722131 -5.021523514198624 1.523706239112344 -4.131227441349349 -0.04895875189103462 -0.8902960728492756
1.184 1.504048996254302 -5.055358685027748 1.552842983232115 -4.166557445308826 -0.04879398697781243 -0.8888012397189217
1.186 1.534150404795746 -5.089561254840782 1.5827804563783 -4.202249852119117 -0.04863005158255333 -0.8873114027216652
1.188 1.565075384619522 -5.124126584219434 1.613542324771327 -4.238300047291072 -0.04846694015180431 -0.8858265369283618
1.19 1.596847848765331 -5.159049232987329 1.645152495943793 -4.274702615412403 -0.04830464717846231 -0.8843466175749253
1.192 1.629491877512428 -5.194322941475354 1.67763504471374 -4.311451321414385 -0.04814316720131127 -0.8828716200609696
1.194 1.663031635420689 -5.229940621735558 1.711014130225254 -4.348539101787096 -0.04798249480456455 -0.8814015199484626
1.196 1.697491279790576 -5.265894361142308 1.745313904407988 -4.385958068181916 -0.04782262461741263 -0.8799362929603922
1.198 1.732894861303158 -5.302175441084285 1.780558412616734 -4.423699526104837 -0.04766355131357607 -0.878475914979448
1.2 1.769266218111661 -5.338774373683557 1.816771487722525 -4.461754011636844 -0.04750526961086358 -0.8770203620467123
1.202 1.806628865278731 -5.375680959656175 1.853976639549467 -4.500111349295806 -0.04734777427073542 -0.8755696103603688
1.204 1.845005882191396 -5.412884370519746 1.892196942289268 -4.538760734245328 -0.04719106009787142 -0.8741236362744182
1.206 1.884419801441828 -5.450373258325246 1.931454923381572 -4.577690842027835 -0.04703512193974437 -0.8726824162974109
1.208 1.924892503625018 -5.488135895896095 1.971772458311216 -4.616889968804904 -0.04687995468619817 -0.8712459270911905
1.21 1.96644512355724 -5.526160350154393 2.013170676826271 -4.656346204684745 -0.04672555326903068 -0.869814145469648
1.212 2.009097974526119 -5.564434690452906 2.055669887187701 -4.696047642055416 -0.04657191266158157 -0.8683870483974903
1.214 2.052870498296095 -5.602947232863679 2.09928952617442 -4.735982619874659 -0.04641902787832478 -0.8669646129890197
1.216 2.097781249636978 -5.641686820057085 2.144048143611444 -4.77614000355016 -0.04626689397446557 -0.8655468165069249
1.218 2.143847925032349 -5.680643134714578 2.189963431077892 -4.816509498353494 -0.04611550604554227 -0.8641336363610844
1.22 2.191087445844658 -5.719807042341911 2.237052305071691 -4.85708199223453 -0.04596485922703256 -0.8627250501073802
1.222 2.239516106435849 -5.759170956909395 2.285331055129813 -4.897849921462869 -0.04581494869396409 -0.8613210354465248
1.224 2.289149797432499 -5.798729220006275 2.334815567093029 -4.938807649783378 -0.04566576966052969 -0.8599215702228975
1.226 2.340004313342892 -5.838478481259552 2.385521630722599 -4.979951848836159 -0.04551731737970682 -0.8585266324233932
1.228 2.39209575196193 -5.878418064797264 2.437465339104812 -5.021281864620983 -0.04536958714288136 -0.8571362001762816
1.23 2.445441010353672 -5.918550303743458 2.490663584633148 -5.06280005199338 -0.04522257427947563 -0.8557502517500774
1.232 2.500058378656536 -5.958880822377967 2.545134652813116 -5.104512056825546 -0.04507627415658069 -0.8543687655524215
1.234 2.555968228557586 -5.999418743962805 2.600898910736179 -5.146427023833832 -0.04493068217859258 -0.8529917201289728
1.236 2.613193788189189 -6.040176801636952 2.657979581976042 -5.188557707474642 -0.04478579378685289 -0.8516190941623104
1.238 2.671761989658178 -6.081171330471639 2.716403594117471 -5.230920464000794 -0.0446416044592932 -0.8502508664708457
1.24 2.73170436979057 -6.122422120970628 2.776202479500653 -5.273535104962882 -0.04449810971008348 -0.8488870160077464
1.242 2.793057999408894 -6.163952118089998 2.837413304498179 -5.316424596230129 -0.04435530508928463 -0.8475275218598692
1.244 2.85586641205141 -6.205786955189096 2.900079598233915 -5.359614591942393 -0.04421318618250457 -0.8461723632467028
1.246 2.920180499993489 -6.247954318994043 2.964252248604047 -5.403132799474721 -0.04407174861055851 -0.8448215195193215
1.248 2.986059344177862 -6.290483149264901 3.029990332206995 -5.447008179105552 -0.04393098802913275 -0.8434749701593488
1.25 3.053570945516572 -6.333402684864705 3.097361845645024 -5.491269990086776 -0.04379090012845233 -0.8421326947779293
1.252 3.12279282811663 -6.376741375676312 3.166444308749583 -5.535946702561601 -0.04365148063295229 -0.8407946731147117
1.254 3.193812490215382 -6.420525686614192 3.237325215516335 -5.581064801577351 -0.0435127253009527 -0.8394608850368414
1.256 3.266727685658068 -6.464778825179299 3.310102315582405 -5.626647514641338 -0.04337462992433715 -0.838131310537961
1.258 3.341646527076035 -6.50951942708675 3.38488371740427 -5.672713497349528 -0.04323719032823486 -0.8368059297372223
1.26 3.418687410837475 -6.55476023513364 3.461787813208181 -5.719275512255334 -0.04310040237070625 -0.8354847228783058
1.262 3.497978772572318 -6.600506804586036 3.54094303451475 -5.766339134257587 -0.04296426194243201 -0.8341676703284492
1.264 3.579658689876372 -6.646756264131152 3.622487454842777 -5.813901511553664 -0.04282876496640563 -0.8328547525774879
1.266 3.663874355020736 -6.693496155261381 3.706568262418366 -5.861950205024481 -0.04269390739762913 -0.8315459502368998
1.268 3.750781444672255 -6.740703365422672 3.793341129895067 -5.910462121383809 -0.04255968522281237 -0.8302412440388629
1.27 3.840543415517138 -6.788343162045161 3.882969509977213 -5.959402547209841 -0.04242609446007542 -0.8289406148353198
1.272 3.933330754258245 -6.836368326374764 3.975623885416899 -6.008724282777713 -0.04229313115865432 -0.8276440435970506
1.274 4.029320207920187 -6.884718378469774 4.071480999318797 -6.058366867057018 -0.04216079139861001 -0.8263515114127562
1.276 4.128694016105658 -6.933318878320978 4.170723087396198 -6.10825587883283 -0.04202907129054041 -0.8250629994881472
1.278 4.231639161261787 -6.982080783136483 4.273537128237082 -6.158302293991438 -0.04189796697529568 -0.8237784891450444
1.28 4.338346646627878 -7.030899837574612 4.380114121251575 -6.208401875754127 -0.0417674746236965 -0.8224979618204848
1.282 4.449010804833008 -7.079655972121827 4.490648395269263 -6.25843457305599 -0.04163759043625544 -0.821221399065838
1.284 4.563828633496623 -7.12821268477742 4.605336944139524 -6.308263902231491 -0.04150831064290137 -0.8199487825459286
1.286 4.682999147973797 -7.176416382519427 4.724378779476504 -6.357736288481258 -0.04137963150270681 -0.8186800940381687
1.288 4.806722735792032 -7.22409566143298 4.847974285095651 -6.406680346001282 -0.04125154930361825 -0.8174153154316971
1.29 4.935200492460526 -7.271060507625351 4.976324552822715 -6.454906078898825 -0.0411240603621893 -0.8161544287265261
1.292 5.06863351420776 -7.317101404892772 5.109630675231077 -6.502203988860074 -0.04099716102331682 -0.8148974160326976
1.294 5.207222119784567 -7.361988339354361 5.248092967444546 -6.548344079784916 -0.04087084765997986 -0.8136442595694453
1.296 5.351164970674224 -7.405469695794329 5.391910087347205 -6.593074754129963 -0.04074511667298127 -0.8123949416643651
1.298 5.500658056753934 -7.447271045181413 5.541278021244627 -6.63612160042882 -0.04061996449069226 -0.8111494447525932
1.3 5.655893512581873 -7.487093827756807 5.696388900150672 -6.677186076380815 -0.04049538756879958 -0.8099077513759916
1.302 5.817058227928634 -7.524613941233863 5.85742961031869 -6.715944097051523 -0.0403713823900554 -0.8086698441823406
1.304 5.984332214896314 -7.559480249121093 6.024580160360344 -6.752044543196554 -0.04024794546402994 -0.8074357059245392
1.306 6.157886692962499 -7.591313030079796 6.198011766289366 -6.785107710619984 -0.04012507332686661 -0.8062053194598122
1.308 6.337881852591333 -7.619702395691046 6.377884615132372 -6.814723727942122 -0.04000276254103982 -0.8049786677489245
1.31 6.524464257772515 -7.644206711183429 6.564345267467631 -6.840450977328026 -0.03988100969511543 -0.8037557338554033
1.312 6.717763848140655 -7.664351061696164 6.757523659544169 -6.861814560751398 -0.03975981140351355 -0.8025365009447657
1.314 6.917890502426752 -7.679625815649113 6.957529666733025 -6.878304863365359 -0.039639164306274 -0.8013209522837543
1.316 7.124930127183011 -7.689485346848919 7.164449192251835 -6.889376275609338 -0.03951906506882424 -0.8001090712395801
1.318 7.338940238385696 -7.693346988120387 7.378339748767446 -6.894446146841217 -0.0393995103817497 -0.7989008412791709
1.32 7.559945009080881 -7.690590301483358 7.599225506041448 -6.892894055514931 -0.0392804969605665 -0.7976962459684274
1.322 7.787929764199001 -7.680556763071643 7.827091785744497 -6.884061494100158 -0.03916202154549663 -0.7964952689714854
1.324 8.02283491460285 -7.662549974867073 8.061878995504095 -6.867252080817088 -0.03904408090124549 -0.795297894049985
1.326 8.264549336926397 -7.635836529492418 8.303476008743178 -6.841732424430073 -0.03892667181678165 -0.7941041050623455
1.328 8.512903224465934 -7.599647668176091 8.551713015571053 -6.806733782213043 -0.03880979110511908 -0.7929138859630483
1.33 8.767660457860837 -7.553181884751472 8.806353893463939 -6.761454663949547 -0.03869343560310157 -0.7917272208019244
1.332 9.02851057310421 -7.495608639095982 9.0670881752754 -6.705064545372534 -0.03857760217118932 -0.7905440937234487
1.334 9.295060438903096 -7.426073350376813 9.333522726596344 -6.636708861410771 -0.03846228769324792 -0.7893644889660419
1.336 9.566825795695225 -7.343703842173879 9.605173284771565 -6.555515451312503 -0.03834748907633943 -0.7881883908613764
1.338 9.843222854475142 -7.247618406029035 9.881456057725657 -6.460602622195345 -0.03823320325051559 -0.7870157838336902
1.34 10.12356020424779 -7.136935634994926 10.16167963141641 -6.351088982595821 -0.03811942716861332 -0.7858466523991053
1.342 10.40703133101654 -7.010786151953065 10.44503748882259 -6.226105170788111 -0.03800615780605214 -0.7846809811649536
1.344 10.69270810650864 -6.86832631645048 10.73060149866927 -6.084807561621373 -0.03789339216063389 -0.7835187548291069
1.346 10.97953565825008 -6.70875393637847 11.01731678550242 -5.926393978199155 -0.03778112725234436 -0.7823599581793155
1.348 11.26632907994879 -6.531325935326135 11.30399844007195 -5.750121359233587 -0.03766936012315703 -0.7812045760925488
1.35 11.55177247729032 -6.335377832093016 11.58933056512716 -5.55532523855867 -0.03755808783683885 -0.7800525935343454
1.352 11.83442086312228 -6.120344776164133 11.87186817060104 -5.341440780605966 -0.03744730747875802 -0.7789039955581669
1.354 12.11270541094036 -5.885783754229124 12.15004242709606 -5.108024986924367 -0.03733701615569365 -0.7777587673047569
1.356 12.38494253973297 -5.631396442578158 12.42216975072862 -4.854779548576651 -0.03722721099564747 -0.7766168940015072
1.358 12.6493472303358 -5.357052035423422 12.68646511948345 -4.581573674461593 -0.03711788914765748 -0.7754783609618285
1.36 12.90405085861597 -5.062809239555966 12.94105990639758 -4.288466085971439 -0.0370090477816134 -0.7743431535845265
1.362 13.14712367164489 -4.748936503363776 13.18402435573296 -3.975725246010593 -0.03690068408807411 -0.7732112573531836
1.364 13.37660183069817 -4.415929457074251 13.41339462597626 -3.643846799238704 -0.03679279527808688 -0.7720826578355463
1.366 13.59051870509082 -4.064524495950174 13.62720408367383 -3.293567155267257 -0.03668537858300852 -0.7709573406829175
1.368 13.78693983435213 -3.695707453151764 13.82351826560646 -2.92587216152221 -0.03657843125432822 -0.7698352916295539
1.37 13.96400069920302 -3.310716395601895 14.00047264976651 -2.541999899109826 -0.0364719505634923 -0.7687164964920685
1.372 14.11994617507474 -2.911037741310944 14.15631210887647 -2.143436800142104 -0.03636593380173075 -0.7676009411688399
1.374 14.25317030959234 -2.498395140554285 14.28943068787222 -1.731906528914861 -0.0362603782798854 -0.7664886116394238
1.376 14.36225489267808 -2.074730878263964 14.39841017400632 -1.309351384299992 -0.03615528132823997 -0.7653794939639721
1.378 14.44600519791016 -1.642179924586634 14.48205583820651 -0.8779063503039795 -0.03605064029635164 -0.7642735742826547
1.38 14.50348128455643 -1.203037160244766 14.53942773710931 -0.439866321429677 -0.03594645255288465 -0.7631708388150895
1.382 14.53402337118627 -0.7597187022927945 14.56986608667172 0.002352571566979249 -0.03584271548544522 -0.7620712738597737
1.384 14.53727002336858 -0.3147186200364711 14.573009449869 0.4462562457570505 -0.03573942650041829 -0.7609748657935216
1.386 14.51316822761689 0.129437373115792 14.5488048106397 0.8893189741867 -0.03563658302280594 -0.7598816010709081
1.388 14.46197482841558 0.5702394667701725 14.49750901091164 1.329030932993888 -0.03553418249606736 -0.7587914662237152
1.39 14.38424925307877 1.00524067171464 14.41968147546073 1.762945119575024 -0.03543222238196041 -0.7577044478603839
1.392 14.28083790338382 1.432101283280794 14.31616860354421 2.188721815946265 -0.0353307001603848 -0.7566205326654714
1.394 14.15285101566473 1.848629226704576 14.18808062899395 2.604168934103688 -0.03522961332922686 -0.7555397073991115
1.396 14.00163314841173 2.252814888288971 14.03676210781593 3.007276847185453 -0.03512895940420579 -0.7544619588964812
1.398 13.82872872217328 2.642859381458439 13.863757458092 3.396246655525709 -0.03502873591872145 -0.7533872740672706
1.4 13.63584419488582 3.017195588103078 13.67077313530952 3.769511227998236 -0.03492894042370373 -0.7523156398951574
1.402 13.42480850234409 3.374501718686849 13.45963807283156 4.125748762124136 -0.03482957048746337 -0.7512470434372868
1.404 13.1975333350159 3.713707517144996 13.23226395871145 4.463888988968749 -0.03473062369554417 -0.7501814718237541
1.406 12.95597467448881 4.033993571755975 12.99060677213939 4.783112484013069 -0.03463209765057688 -0.7491189122570936
1.408 12.7020967973844 4.33478446174008 12.73663078735654 5.08284381375185 -0.03453398997213428 -0.7480593520117702
1.41 12.4378396964165 4.615736660721645 12.47227599471309 5.36273943915532 -0.0344362982965879 -0.7470027784336758
1.412 12.1650905921427 4.876722230161123 12.19942961241966 5.622671409100754 -0.034339020276966 -0.7459491789396304
1.414 11.88565993699143 5.117809373315277 11.91990209057425 5.862707914332164 -0.03424215358281305 -0.744898541016887
1.416 11.60126206309979 5.339240893467453 11.63540775899984 6.083091745690093 -0.03414569590005056 -0.7438508522226397
1.418 11.31350041000658 5.541411522514225 11.34755005493742 6.284217622697763 -0.03404964493083918 -0.7428061001835378
1.42 11.02385709459178 5.72484497228527 11.05781109298522 6.466609244880472 -0.03395399839344236 -0.7417642725952023
1.422 10.73368645639117 5.89017142557972 10.76754521041326 6.630896782801467 -0.03385875402209114 -0.7407253572217476
1.424 10.44421212518907 6.038106039647258 10.47797603475592 6.777795381542564 -0.03376390956685034 -0.739689341895306
1.426 10.1565271104489 6.169428892220078 10.19019657324239 6.908085106735635 -0.03366946279348613 -0.7386562145155572
1.428 9.871596397724394 6.284966667119259 9.905171809207729 7.02259263016852 -0.0335754114833347 -0.7376259630492606
1.43 9.590261549003241 6.385576258196551 9.623743302436413 7.122174833726344 -0.03348175343317244 -0.7365985755297937
1.432 9.313246835148234 6.472130369919985 9.346635321603321 7.207704409976675 -0.0333884864550872 -0.7355740400566901
1.434 9.041166472930048 6.545505111323521 9.074462081306399 7.280057456118708 -0.03329560837635088 -0.7345523447951871
1.436 8.774532591105888 6.606569516915648 8.807735708145183 7.340102994891418 -0.03320311703929325 -0.7335334779757708
1.438 8.513763605114452 6.656176882051664 8.546874615415629 7.388694309945395 -0.03311101030117698 -0.7325174278937305
1.44 8.259192734752331 6.695157769182145 8.292212020786405 7.426661952090857 -0.03301928603407384 -0.7315041829087126
1.442 8.011076451204501 6.724314522937902 8.044004393329242 7.454808254382183 -0.0329279421247422 -0.7304937314442806
1.444 7.76960268734448 6.744417123807328 7.802439663818985 7.473903185794806 -0.03283697647450558 -0.7294860619874779
1.446 7.534898687363748 6.756200209915102 7.567645074362881 7.484681373003496 -0.0327463869991325 -0.7284811630883937
1.448 7.307038408136222 6.760361102062742 7.33969457976494 7.487840125422475 -0.03265617162871733 -0.7274790233597337
1.45 7.086049415275632 6.757558676967188 7.118615743583194 7.484038308443581 -0.03256632830756244 -0.7264796314763928
1.452 6.871919241887487 6.748412946053671 6.904396096881548 7.473895922228704 -0.03247685499406137 -0.7254829761750323
1.454 6.664601198035915 6.733505211045374 6.696988947696498 7.457994257299036 -0.0323877496605832 -0.7244890462536611
1.456 6.464019634497339 6.713378682031516 6.496318644790697 7.436876512602734 -0.03229901029335793 -0.7234978305712176
1.458 6.270074676066848 6.688539458009637 6.302285310959211 7.411048776056796 -0.03221063489236305 -0.7225093180471588
1.46 6.082646448126015 6.659457783612475 6.114769069597226 7.380981281273525 -0.03212262147121111 -0.7215234976610495
1.462 5.901598825931688 6.626569508527691 5.933633793988727 7.347109866979848 -0.03203496805703845 -0.720540358452157
1.464 5.726782739661109 6.590277687810729 5.758730412351504 7.309837577329776 -0.03194767269039486 -0.7195598895190473
1.466 5.55803907011489 6.550954271790255 5.589899803540025 7.269536351809442 -0.03186073342513446 -0.7185820800191863
1.468 5.395201170507929 6.508941843551131 5.426975318836236 7.226548762719674 -0.03177414832830742 -0.717606919168543
1.47 5.238097049314215 6.464555370082081 5.269784964794267 7.181189766323277 -0.03168791548005287 -0.7166343962411956
1.472 5.086551247950437 6.418083940166511 5.11815328092393 7.133748440735454 -0.03160203297349273 -0.7156645005689429
1.474 4.940386445389668 6.369792468054672 4.971902944304295 7.084489689595588 -0.03151649891462656 -0.7146972215409161
1.476 4.799424819787426 6.319923346986512 4.830856131209653 7.033655895589707 -0.03143131142222744 -0.7137325486031952
1.478 4.663489195001527 6.268698040837 4.694835663629266 6.981468512095429 -0.03134646862773875 -0.7127704712584289
1.48 4.532403997610437 6.216318605629604 4.563665966285609 6.928129584695061 -0.03126196867517205 -0.711810979065456
1.482 4.405996047750545 6.162969135503851 4.43717385747155 6.873823197142782 -0.03117780972100574 -0.7108540616389308
1.484 4.284095204873359 6.108817130020462 4.315189194807444 6.818716838669415 -0.03109398993408485 -0.7098997086489525
1.486 4.166534887393017 6.05401478151997 4.197545394888539 6.762962691340665 -0.03101050749552163 -0.7089479098206946
1.488 4.053152483189314 5.998700182691817 4.084079843787912 6.706698837625857 -0.0309273605985972 -0.7079986549340405
1.49 3.943789666067059 5.942998455625512 3.974634213515723 6.650050389448732 -0.03084454744866396 -0.7070519338232201
1.492 3.838292631551986 5.887022804456828 3.869054697815035 6.593130540833278 -0.03076206626304908 -0.7061077363764496
1.494 3.736512263831053 5.83087549433974 3.767192179102012 6.536041546875315 -0.03067991527095874 -0.7051660525355747
1.496 3.638304244218406 5.774648759909239 3.668902336931789 6.478875632204955 -0.03059809271338338 -0.704226872295716
1.498 3.543529110245846 5.718425646689527 3.57404570708885 6.421715832394444 -0.03051659684300374 -0.7032901857049171
1.5 3.452052273318102 5.662280789068594 3.4824876992422 6.364636771932391 -0.03043542592409784 -0.7023559828637964
1.502 3.363744001847777 5.606281128538066 3.394098580080226 6.307705382463267 -0.03035457823244878 -0.701424253925201
1.504 3.27847937586712 5.5504865758989 3.308753427922374 6.250981564992763 -0.03027405205525338 -0.7004949890938627
1.506 3.196138218304348 5.494950621081141 3.226332063995379 6.194518799707199 -0.03019384569103174 -0.6995681786260584
1.508 3.116605007395676 5.439720894130303 3.146718964845213 6.138364706959575 -0.03011395744953756 -0.6986438128292712
1.51 3.039768774075557 5.384839680788204 3.069803159727226 6.08256156285006 -0.0300343856516693 -0.6977218820618559
1.512 2.965522987634982 5.330344395948489 2.995478116264364 6.027146772681195 -0.02995512862938219 -0.6968023767327057
1.514 2.893765432453238 5.276268018105688 2.923641617178839 5.972153305406611 -0.02987618472560104 -0.6958852873009227
1.516 2.824398078188455 5.222639487748108 2.854195630482589 5.917610092023597 -0.0297975522941338 -0.6949706042754897
1.518 2.757326945443785 5.169484072471189 2.787046175143371 5.863542390686135 -0.02971922969958596 -0.6940583182149459
1.52 2.69246196860688 5.11682370141458 2.722103183924156 5.809972121141644 -0.02964121531727579 -0.6931484197270645
1.522 2.629716857283905 5.064677271455381 2.659280364817055 5.756918170923914 -0.02956350753315019 -0.6922408994685323
1.524 2.569008957510905 5.013060927424474 2.598495062254607 5.704396675569107 -0.02948610474370153 -0.6913357481446327
1.526 2.510259113717964 4.961988318451659 2.539668119073849 5.65242127496059 -0.029409005355885 -0.6904329565089309
1.528 2.45339153224354 4.911470832391671 2.482723740030577 5.601003347754631 -0.02933220778703693 -0.6895325153629605
1.53 2.398333647046292 4.861517810139275 2.427589357511085 5.550152225695189 -0.02925571046479376 -0.6886344155559145
1.532 2.345015988127791 4.81213674150136 2.374195499954803 5.499875389485697 -0.02917951182701171 -0.6877386479843376
1.534 2.293372053070051 4.763333444165792 2.322475663391738 5.450178647757612 -0.02910361032168727 -0.6868452035918197
1.536 2.243338181996314 4.715112227185213 2.272366186403192 5.401066300553907 -0.02902800440687833 -0.685954073368694
1.538 2.194853436181793 4.667476040278933 2.223806128732419 5.352541288630669 -0.02895269255062605 -0.6850652483517362
1.54 2.147859480474076 4.620426610151588 2.176737153704954 5.304605329775455 -0.02887767323087747 -0.6841787196238662
1.542 2.102300469624445 4.573964564927758 2.131103414559854 5.25725904324161 -0.0288029449354088 -0.6832944783138518
1.544 2.058122938583133 4.528089547709732 2.086851444744883 5.210502063305747 -0.02872850616174933 -0.682412515596015
1.546 2.01527569677135 4.482800320180923 2.043930052188456 5.164333142870864 -0.0286543554171062 -0.6815328226899412
1.548 1.973709726309916 4.43809485709876 2.002290217528206 5.118750247958948 -0.02858049121828958 -0.6806553908601888
1.55 1.933378084156332 4.393970432446435 1.961884996247971 5.073750643862438 -0.02850691209163883 -0.6797802114160029
1.552 1.894235808080488 4.35042369794617 1.922669424653437 5.029330973657201 -0.02843361657294909 -0.6789072757110305
1.554 1.856239826391788 4.307450754573146 1.884600429599186 4.985487329716184 -0.0283606032073986 -0.6780365751430373
1.556 1.819348871316357 4.265047217650078 1.847636741865834 4.942215318803706 -0.02828787054947675 -0.6771681011536279
1.558 1.783523395913997 4.223208276049305 1.811738813076909 4.899510121277271 -0.02821541716291259 -0.6763018452279664
1.56 1.748725494417081 4.181928745977712 1.776868736037685 4.857366544872213 -0.02814324162060421 -0.6754377988945011
1.562 1.714918825870444 4.141203119772899 1.742990168374992 4.815779073497588 -0.02807134250454854 -0.6745759537246897
1.564 1.682068540950227 4.101025610095884 1.710068259355999 4.774741911428611 -0.02799971840577193 -0.6737163013327275
1.566 1.650141211841602 4.061390189864515 1.678069579765863 4.734249023239792 -0.02792836792426119 -0.6728588333752772
1.568 1.619104765059837 4.022290628234743 1.646962054728732 4.694294169785944 -0.02785728966889544 -0.6720035415512007
1.57 1.588928417105786 3.983720522901844 1.616714899363164 4.654870940503138 -0.02778648225737841 -0.6711504176012939
1.572 1.559582612857282 3.945673328963468 1.587298557173454 4.61597278227149 -0.02771594431617138 -0.6702994533080215
1.574 1.53103896660961 3.908142384558031 1.558684641090037 4.577593025053288 -0.02764567448042671 -0.6694506404952562
1.576 1.50327020569266 3.871120933466949 1.530845877086582 4.539724904494967 -0.02757567139392205 -0.6686039710280178
1.578 1.476250116610215 3.834602144851387 1.50375605031921 4.502361581663603 -0.02750593370899494 -0.6677594368122157
1.58 1.449953493664632 3.798579130276258 1.47738995375111 4.465496160070651 -0.02743646008647816 -0.6669170297943923
1.582 1.424356090051933 3.763044958166142 1.451723339247569 4.429121700127611 -0.02736724919563559 -0.6660767419614694
1.584 1.399434571432646 3.727992665832603 1.426732871146745 4.393231231173099 -0.0272982997140986 -0.6652385653404953
1.586 1.375166472005406 3.693415269214715 1.402396082333209 4.357817761213109 -0.02722961032780305 -0.6644024919983945
1.588 1.351530153130138 3.659305770484159 1.378691332861065 4.322874284525879 -0.02716117973092681 -0.6635685140417196
1.59 1.328504764564316 3.625657163683177 1.355597771190144 4.28839378729958 -0.02709300662582783 -0.6627366236164038
1.592 1.306070208386969 3.592462438586046 1.333095298109952 4.254369251493562 -0.02702508972298279 -0.6619068129075171
1.594 1.284207105690453 3.559714583006023 1.311164533431379 4.220793657145045 -0.02695742774092624 -0.6610790741390218
1.596 1.262896766114804 3.527406583804846 1.289786785520995 4.187659983378379 -0.02689001940619025 -0.660253399573533
1.598 1.242121160282815 3.495531426898929 1.26894402373606 4.154961208411007 -0.0268228634532447 -0.6594297815120775
1.6 1.221862895165 3.464082096596034 1.248618853789438 4.122690308889892 -0.02675595862443798 -0.6586082122938579
1.602 1.20210519235929 3.43305157463013 1.228794496029228 4.090840258926145 -0.02668930366993816 -0.6577886842960143
1.604 1.182831869211971 3.402432839288517 1.209454766559646 4.05940402922191 -0.0266228973476749 -0.6569711899333928
1.606 1.164027322635466 3.372218865038978 1.190584061058747 4.028374586697289 -0.02655673842328159 -0.656155721658311
1.608 1.145676515397111 3.342402623060524 1.17216734106715 3.997744895020853 -0.02649082567003816 -0.6553422719603287
1.61 1.127764964566638 3.312977083054967 1.154190122435453 3.967507916420984 -0.02642515786881437 -0.6545308333660174
1.612 1.110278731725198 3.28393521666644 1.136638465533211 3.937656615105175 -0.02635973380801348 -0.6537213984387344
1.614 1.093204414461698 3.255270002759643 1.119498966745214 3.908183962538039 -0.02629455228351659 -0.6529139597783967
1.616 1.076529138622853 3.226974434708323 1.10275875072148 3.879082944729579 -0.02622961209862727 -0.6521085100212562
1.618 1.060240550748008 3.199041529726248 1.086405462812025 3.850346571565927 -0.02616491206401675 -0.6513050418396785
1.62 1.044326810115995 3.171464340142624 1.070427261113664 3.821967888084545 -0.02610045099766968 -0.6505035479419212
1.622 1.028776579862304 3.14423596639038 1.054812807587134 3.793939987462295 -0.02603622772483016 -0.6497040210719156
1.624 1.013579016691814 3.117349571350065 1.039551257769763 3.766256025359113 -0.02597224107794836 -0.6489064540090482
1.626 0.9987237588131047 3.090798395587443 1.024632248709732 3.738909235155389 -0.02590848989662762 -0.648110839567946
1.628 0.984200911846894 3.064575772945159 1.010045884874466 3.71189294354342 -0.02584497302757185 -0.6473171705982611
1.63 0.9700010326055907 3.038675145908792 0.9957827219301243 3.68520058589325 -0.02578168932453359 -0.6465254399844578
1.632 0.9561151107905534 3.013090080167973 0.9818337484388159 3.658825720813576 -0.02571863764826238 -0.645735640645603
1.634 0.9425345487965678 2.987814277832874 0.9681903656630213 3.632762043368028 -0.0256558168664535 -0.644947765535154
1.636 0.9292511399374255 2.962841588842079 0.9548443657911229 3.607003396482831 -0.02559322585369737 -0.6441618076407523
1.638 0.9162570455037086 2.938166020202457 0.9417879089951378 3.581543780186473 -0.02553086349142921 -0.6433777599840159
1.64 0.903544771127118 2.913781742823747 0.929013499794997 3.556377358444082 -0.02546872866787912 -0.6425956156203346
1.642 0.8911071429522103 2.889683095839347 0.916513963230233 3.531498463478013 -0.02540682027802272 -0.641815367638666
1.644 0.8789372841087515 2.865864588431598 0.9042824213322835 3.506901597592931 -0.02534513722353202 -0.641037009161333
1.646 0.867028591938809 2.842320899291965 0.8923122703515359 3.482581432635789 -0.02528367841272694 -0.6402605333438237
1.648 0.8553747163695293 2.819046873939316 0.8805971591300563 3.458532807313908 -0.02522244276052698 -0.6394859333745916
1.65 0.8439695397433556 2.796037520188486 0.8691309689317591 3.434750722663344 -0.02516142918840348 -0.6387132024748574
1.652 0.832807158330037 2.773288002103987 0.8579077949543693 3.411230336002401 -0.02510063662433226 -0.6379423338984137
1.654 0.8218818656565101 2.750793632791857 0.8469219296592567 3.387966953723285 -0.02504006400274658 -0.6371733209314283
1.656 0.8111881377080626 2.72854986637884 0.8361678479725532 3.364956023271092 -0.02497971026449056 -0.6364061568922519
1.658 0.8007206199821169 2.706552289507242 0.8256401943388898 3.342193124638467 -0.02491957435677299 -0.6356408351312248
1.66 0.790474116315968 2.68479661263812 0.8153337715490895 3.319673961668607 -0.02485965523312147 -0.6348773490304869
1.662 0.7804435793650466 2.663278661414033 0.8052435312183837 3.29739435341782 -0.02479995185333705 -0.6341156920037871
1.664 0.7706241025769518 2.641994368285088 0.7953645657604008 3.275350225781384 -0.02474046318344907 -0.6333558574962962
1.666 0.7610109134885132 2.620939764554772 0.7856921016841839 3.253537603539191 -0.02468118819567062 -0.6325978389844192
1.668 0.7515993681661682 2.600110972958062 0.7762214940345223 3.231952602933672 -0.02462212586835412 -0.6318416299756103
1.67 0.7423849466125115 2.579504200843921 0.766948221798459 3.210591424852109 -0.02456327518594745 -0.6310872240081883
1.672 0.7333632489706735 2.559115733999215 0.7578678841096239 3.189450348650368 -0.02450463513895036 -0.6303346146511538
1.674 0.7245299923722748 2.53894193112331 0.748976197096146 3.168525726627319 -0.02444620472387128 -0.629583795504008
1.676 0.7158810082916194 2.518979218939946 0.7402689912348038 3.147813979136518 -0.02438798294318446 -0.6288347601965717
1.678 0.7074122402869117 2.499224087915893 0.7317422090921992 3.1273115903047 -0.0243299688052875 -0.6280875023888066
1.68 0.6991197420276655 2.479673088544905 0.7233919033521247 3.107015104315542 -0.02427216132445919 -0.6273420157706375
1.682 0.6909996755252568 2.46032282814803 0.7152142350460745 3.086921122209806 -0.02421455952081775 -0.6265982940617764
1.684 0.6830483094997516 2.441169968137093 0.707205471920031 3.067026299148639 -0.02415716242027938 -0.6258563310115457
1.686 0.6752620178308408 2.422211221688209 0.699361986885358 3.047327342086915 -0.02409996905451712 -0.6251161203987055
1.688 0.6676372780534536 2.40344335177285 0.6916802565143738 3.027821007804131 -0.02404297846092016 -0.6243776560312803
1.69 0.6601706698693141 2.384863169496377 0.6841568595518674 3.008504101242765 -0.02398618968255337 -0.6236409317463876
1.692 0.6528588736548395 2.366467532698614 0.6767884754229567 2.989373474108681 -0.02392960176811723 -0.6229059414100669
1.694 0.6456986689529783 2.348253344774583 0.6695718827248864 2.970426023691695 -0.02387321377190806 -0.6221726789171116
1.696 0.63868693294228 2.330217553678437 0.6625039576960585 2.951658691869337 -0.02381702475377858 -0.6214411381908995
1.698 0.631820638880999 2.312357151077975 0.6555816726600978 2.933068464261202 -0.0237610337790988 -0.6207113131832271
1.7 0.6250968545272594 2.294669171632246 0.6488020944459767 2.91465236950639 -0.02370523991871726 -0.6199831978741438
1.702 0.6185127405386301 2.277150692368061 0.6421623827875527 2.896407478639848 -0.02364964224892253 -0.6192567862717867
1.704 0.6120655488560737 2.259798832135766 0.6356597887074787 2.878330904547984 -0.02359423985140504 -0.6185320724122182
1.706 0.6057526210781283 2.242610751128038 0.6292916528913476 2.8604198014873 -0.02353903181321926 -0.6178090503592625
1.708 0.5995713868315908 2.225583650448348 0.623055404058337 2.842671364652694 -0.02348401722674618 -0.6170877142043457
1.71 0.5935193621451205 2.208714771718473 0.6169485573347765 2.825082829784809 -0.02342919518965602 -0.6163680580663353
1.712 0.5875941478319514 2.192001396717424 0.6109687126368227 2.807651472808805 -0.02337456480487136 -0.6156500760913811
1.714 0.5817934278872785 2.175440847045139 0.605113553067809 2.790374609497897 -0.02332012518053048 -0.6149337624527575
1.716 0.5761149679056351 2.15903048380682 0.5993808433355862 2.773249595157528 -0.02326587542995105 -0.6142191113507076
1.718 0.5705566135226218 2.142767707315181 0.5937684281942158 2.756273824327467 -0.02321181467159406 -0.6135061170122861
1.72 0.5651162888846168 2.126649956808487 0.5882742309136449 2.739444730499693 -0.02315794202902813 -0.6127947736912059
1.722 0.55979199514944 2.110674710183607 0.582896251780334 2.722759785851292 -0.02310425663089402 -0.6120850756676847
1.724 0.5545818090199621 2.09483948374435 0.5776325666308316 2.706216500992642 -0.02305075761086946 -0.6113770172482915
1.726 0.5494838813118523 2.079141831965092 0.5724813254194866 2.689812424730889 -0.02299744410763428 -0.6106705927657965
1.728 0.5444964355558737 2.063579347270794 0.5674407508207095 2.673545143849814 -0.02294431526483583 -0.6099657965790201
1.73 0.5396177666342029 2.048149659834452 0.5625091368652575 2.657412282907135 -0.02289137023105458 -0.6092626230726834
1.732 0.5348462394494461 2.032850437393102 0.5576848476092163 2.641411504050363 -0.02283860815977018 -0.6085610666572608
1.734 0.5301802876242567 2.017679385083351 0.5529663158335844 2.625540506852183 -0.02278602820932761 -0.607861121768832
1.736 0.5256184122285619 2.002634245297426 0.5483520417714656 2.609797028166362 -0.0227336295429037 -0.6071627828689355
1.738 0.5211591805306534 1.987712797560169 0.5438405918591273 2.594178842004593 -0.02268141132847389 -0.6064660444444248
1.74 0.5168012247676318 1.972912858426625 0.5394305975064111 2.578683759433947 -0.02262937273877928 -0.6057709010073221
1.742 0.5125432409299706 1.95823228139983 0.5351207538812646 2.563309628494506 -0.02257751295129391 -0.6050773470946768
1.744 0.5083839875542571 1.943668956866804 0.5309098187024494 2.548054334135227 -0.02252583114819234 -0.6043853772684223
1.746 0.5043222845175772 1.92922081204979 0.5267966110338946 2.532915798165025 -0.02247432651631746 -0.6036949861152351
1.748 0.50035701182657 1.914885810968835 0.5227800100737185 2.517891979215229 -0.02242299824714851 -0.6030061682463937
1.75 0.4964871083937069 1.900661954409685 0.5188589539304764 2.502980872707325 -0.02237184553676951 -0.6023189182976406
1.752 0.4927115707933453 1.886547279889286 0.515032438379183 2.488180510818328 -0.02232086758583774 -0.601633230929042
1.754 0.4890294519900541 1.872539861609175 0.5112995155896067 2.473488962434027 -0.02227006359955266 -0.6009491008248519
1.756 0.4854398600322664 1.858637810384372 0.5076592928198913 2.458904333077747 -0.0222194327876249 -0.6002665226933743
1.758 0.4819419567051272 1.844839273532729 0.5041109310693729 2.444424764799558 -0.02216897436424566 -0.5995854912668288
1.76 0.47853495613778 1.831142434706814 0.5006536436858362 2.430048436008029 -0.02211868754805622 -0.5989060013012144
1.762 0.4752181233624574 1.817545513647141 0.4972866949245752 2.415773561223318 -0.02206857156211776 -0.5982280475761766
1.764 0.4719907728255436 1.804046765831985 0.4940093984594251 2.40159839072686 -0.02201862563388144 -0.5975516248948746
1.766 0.4688522668545686 1.790644481996075 0.4908211158497272 2.387521210079923 -0.02196884899515862 -0.5968767280838481
1.768 0.4658020140900132 1.777336987486967 0.4877212549721047 2.373540339479855 -0.02191924088209145 -0.5962033519928874
1.77 0.4628394678969192 1.764122641424824 0.4847092684320428 2.359654132919727 -0.02186980053512355 -0.5955314914949027
1.772 0.4599641247786742 1.750999835629498 0.4817846519776452 2.345860977115292 -0.02182052719897102 -0.5948611414857945
1.774 0.4571755228243766 1.737966993277302 0.4789469429469703 2.332159290161627 -0.02177142012259364 -0.594192296884325
1.776 0.454473240231427 1.725022567249826 0.4761957187905933 2.318547519881817 -0.02172247855916632 -0.5935249526319906
1.778 0.4518568939566842 1.712165038139687 0.4735305957227349 2.305024141832582 -0.02167370176605073 -0.5928591036928952
1.78 0.449326138562422 1.699392911882274 0.4709512275671892 2.291587656935898 -0.02162508900476718 -0.5921947450536242
1.782 0.4468806653369605 1.686704716990221 0.4684573048779272 2.27823658871334 -0.02157663954096675 -0.5915318717231191
1.784 0.4445202017834766 1.674099001378858 0.4660485544278801 2.264969480111411 -0.02152835264440356 -0.5908704787325531
1.786 0.4422445115838834 1.661574328786293 0.4637247391727908 2.251784889921502 -0.02148022758890736 -0.5902105611352083
1.788 0.4400533951560364 1.649129274811433 0.4614856588083926 2.238681388817785 -0.02143226365235621 -0.5895521140063522
1.79 0.4379466909308327 1.636762422618783 0.4593311510474822 2.2256575550619 -0.02138446011664949 -0.5888951324431166
1.792 0.4359242774799013 1.624472358387709 0.4572610937475823 2.212711969952085 -0.02133681626768105 -0.588239611564376
1.794 0.4339860766220771 1.612257666616923 0.4552754080173897 2.199843213127551 -0.02128933139531259 -0.5875855465106274
1.796 0.4321320576265811 1.600116925431289 0.4533740624199283 2.18704985787516 -0.02124200479334725 -0.5869329324438716
1.798 0.4303622426112499 1.588048702074705 0.4515570783707533 2.174330466622198 -0.02119483575950338 -0.5862817645474935
1.8 0.4286767132039641 1.576051548807297 0.4498245367993526 2.161683586833441 -0.02114782359538856 -0.5856320380261448
1.802 0.4270756184940314 1.56412399945649 0.4481765861005051 2.149107747562117 -0.02110096760647379 -0.5849837481056271
1.804 0.4255591842486626 1.552264566893001 0.4466134513507304 2.136601456925776 -0.02105426710206785 -0.5843368900327752
1.806 0.4241277233090002 1.540471741713026 0.4451354447042921 2.124163200788368 -0.02100772139529192 -0.5836914590753416
1.808 0.4227816470130996 1.528743992403497 0.443742976816154 2.111791442925379 -0.02096132980305438 -0.5830474505218819
1.81 0.421521477424854 1.517079767243863 0.4424365690708797 2.099484626925503 -0.02091509164602576 -0.5824048596816405
1.812 0.4203478600826016 1.50547749815547 0.4412168663312155 2.087241180039908 -0.02086900624861393 -0.5817636818844376
1.814 0.4192615769251222 1.493935606648828 0.4400846498640616 2.075059519129384 -0.02082307293893947 -0.5811239124805568
1.816 0.4182635590128864 1.482452511940314 0.4390408500616976 2.062938058780947 -0.02077729104881118 -0.5804855468406324
1.818 0.4173548986431097 1.471026641219456 0.4380865585568116 2.050875221574996 -0.0207316599137019 -0.5798485803555392
1.82 0.4165368604636775 1.459656441951319 0.4372230393364019 2.038869450387602 -0.02068617887272437 -0.5792130084362824
1.822 0.4158108912243018 1.448340396004053 0.4364517384929091 2.02691922251794 -0.02064084726860737 -0.5785788265138867
1.824 0.4151786278634838 1.437077035306985 0.4357742923111558 2.015023065346274 -0.02059566444767202 -0.5779460300392886
1.826 0.4146419037134009 1.425864958678314 0.4351925334732091 2.003179573161542 -0.02055062975980821 -0.5773146144832275
1.828 0.4142027527044196 1.414702849421583 0.434708495262871 1.991387424757722 -0.02050574255845132 -0.5766845753361387
1.83 0.4138634115604052 1.403589493277851 0.4343244137609642 1.979645401385897 -0.02046100220055902 -0.5760559081080462
1.832 0.4136263200842727 1.392523796340811 0.4340427281308609 1.967952404669268 -0.02041640804658826 -0.5754286083284568
1.834 0.4134941197313736 1.381504802592074 0.4338660791918461 1.956307474138328 -0.02037195946047248 -0.5748026715462542
1.836 0.4134696507490715 1.370531710787735 0.4337973065586704 1.944709804117331 -0.02032765580959896 -0.5741780933295954
1.838 0.4135559482171748 1.35960389052051 0.4338394446819612 1.933158759786315 -0.02028349646478636 -0.5735548692658052
1.84 0.4137562373518507 1.348720897385504 0.4339957181521131 1.921653892346777 -0.02023948080026239 -0.5729329949612738
1.842 0.4140739284359903 1.337882487281584 0.434269536629632 1.910194953322938 -0.0201956081936417 -0.5723124660413541
1.844 0.4145126117125996 1.32708862997956 0.4346644897385035 1.898781908129819 -0.02015187802590392 -0.5716932781502588
1.846 0.4150760525282229 1.316339522175176 0.4351843422095948 1.887414949126136 -0.02010828968137182 -0.5710754269509598
1.848 0.4157681869476998 1.30563560031344 0.4358330294953895 1.876094508438528 -0.02006484254768976 -0.5704589081250871
1.85 0.4165931179844872 1.294977553521421 0.4366146540002893 1.86482127089425 -0.02002153601580211 -0.5698437173728291
1.852 0.4175551125077084 1.284366337017663 0.4375334819876404 1.853596187430495 -0.01997836947993202 -0.5692298504128324
1.854 0.418658598804887 1.273803186377842 0.4385939411424473 1.842420489359945 -0.01993534233756026 -0.5686173029821033
1.856 0.419908164700393 1.263289633033692 0.4398006186897972 1.831295703869602 -0.01989245398940419 -0.5680060708359104
1.858 0.4213085560564667 1.252827521365976 0.4411582598958637 1.820223671113662 -0.01984970383939697 -0.5673961497476857
1.86 0.4228646754188529 1.242419027727429 0.4426717667135198 1.809206563236358 -0.01980709129466687 -0.5667875355089288
1.862 0.4245815805120348 1.232066681700159 0.4443461962775515 1.798246905629269 -0.01976461576551672 -0.5661802239291098
1.864 0.4264644822378126 1.221773389857965 0.4461867589032162 1.787347600693539 -0.0197222766654036 -0.5655742108355739
1.866 0.428518741786306 1.211542462267674 0.4481988151972245 1.776511954341121 -0.01968007341091856 -0.5649694920734466
1.868 0.4307498664272215 1.201377641927372 0.450387871848988 1.765743705432911 -0.0196380054217666 -0.5643660635055386
1.87 0.4331635035084663 1.191283137303383 0.4527595756292131 1.755047058315635 -0.01959607212074675 -0.5637639210122527
1.872 0.4357654321492375 1.1812636580914 0.4553197050829698 1.744426718582889 -0.01955427293373228 -0.5631630604914895
1.874 0.4385615520723896 1.171324454289136 0.4580741593620407 1.733887932147692 -0.01951260728965108 -0.5625634778585559
1.876 0.4415578689735807 1.161471358628377 0.4610289435940469 1.723436527674449 -0.01947107462046625 -0.5619651690460719
1.878 0.4447604757745064 1.151710832368444 0.4641901501356631 1.713078962372324 -0.01942967436115664 -0.5613681300038796
1.88 0.448175529050749 1.14205001440157 0.4675639350004469 1.702822371100523 -0.01938840594969782 -0.5607723566989524
1.882 0.4518092198620229 1.132496773558756 0.4711564886890659 1.692674618674061 -0.01934726882704294 -0.5601778451153047
1.884 0.4556677381456511 1.123059763929847 0.4749740005827549 1.682644355183748 -0.0193062624371038 -0.5595845912539009
1.886 0.4597572297623884 1.113748482920774 0.4790226159891205 1.672741074053342 -0.0192653862267322 -0.5589925911325682
1.888 0.4640837452079875 1.104573331660816 0.4833083848536887 1.662975172446723 -0.01922463964570122 -0.558401840785906
1.89 0.4686531789300624 1.095545677238201 0.4878372010767492 1.6533580135034 -0.01918402214668674 -0.5578123362651991
1.892 0.4734711981173759 1.086677916081521 0.4926147313026251 1.643901989719851 -0.01914353318524917 -0.5572240736383297
1.894 0.4785431597633323 1.077983537611849 0.4976463319831474 1.634620586601539 -0.01910317221981514 -0.5566370489896901
1.896 0.4838740147546743 1.069477187062293 0.5029369534663337 1.62552844548239 -0.01906293871165943 -0.5560512584200966
1.898 0.4894681977050108 1.061174726095511 0.5084910298298979 1.616641424142215 -0.01902283212488711 -0.5554666980467036
1.9 0.4953295012495777 1.053093289540971 0.5143123531759933 1.607976653543889 -0.01898285192641561 -0.5548833640029178
1.902 0.5014609335568921 1.045251336221484 0.5204039311428492 1.599552588659799 -0.01894299758595712 -0.5543012524383144
1.904 0.5078645579035982 1.037668691441525 0.5267678264795992 1.591389050960075 -0.01890326857600095 -0.5537203595185509
1.906 0.5145413133173529 1.030366578270238 0.5334049776891491 1.583507259695524 -0.0188636643717962 -0.5531406814252855
1.908 0.521490815539019 1.023367634273753 0.5403149999903534 1.575929848629846 -0.01882418445133438 -0.5525622143560923
1.91 0.5287111379064287 1.016695909843116 0.5474959662017609 1.568680864367496 -0.01878482829533228 -0.5519849545243792
1.912 0.5361985722382012 1.010376843740356 0.5549441676254161 1.561785741899662 -0.01874559538721489 -0.5514088981593055
1.914 0.5439473704245089 1.004437210964528 0.5626538556376074 1.555271252470228 -0.01870648521309848 -0.5508340415056999
1.916 0.5519494682293681 0.9989050375507129 0.5706169654911419 1.549165418374693 -0.01866749726177385 -0.5502603808239801
1.918 0.5601941937957099 0.9938094764950925 0.5788228248203995 1.543497388885164 -0.01862863102468958 -0.549687912390071
1.92 0.5686679645402101 0.9891806386950783 0.5872578505361455 1.538297271190404 -0.0185898859959355 -0.5491166324953256
1.922 0.5773539775313394 0.9850493726626652 0.5959052392035658 1.53359591010911 -0.01855126167222627 -0.5485465374464444
1.924 0.5862319000570564 0.9814469868819224 0.6047446576099414 1.529424610447319 -0.01851275755288503 -0.5479776235653968
1.926 0.595277568890916 0.9784049091153911 0.6137519420307432 1.525814796304733 -0.01847437313982721 -0.5474098871893417
1.928 0.6044627087086628 0.9759542778047313 0.6228988166462073 1.522797602475281 -0.01843610793754448 -0.5468433246705501
1.93 0.6137546821192157 0.9741254620465184 0.6321526435723044 1.520403394422845 -0.01839796145308872 -0.5462779323763266
1.932 0.6231162857571109 0.9729475085366648 0.6414762189531671 1.518661215225597 -0.01835993319605621 -0.5457137066889324
1.934 0.6325056086904205 0.9724475164340765 0.6508276313689924 1.517598160439585 -0.01832202267857191 -0.5451506440055087
1.936 0.641875970852229 0.9726499443346752 0.6601602002675028 1.517238685072675 -0.01828422941527377 -0.5445887407380001
1.938 0.651175960097921 0.9735758574680368 0.6694225130212182 1.517603850781116 -0.01824655292329728 -0.5440279933130788
1.94 0.6603495865799709 0.9752421277659884 0.678558579302231 1.518710525938058 -0.01820899272226004 -0.5434683981720692
1.942 0.6693365721684915 0.9776606044648141 0.687508120502738 1.520570556235687 -0.01817154833424652 -0.5429099517708728
1.944 0.6780727903958592 0.9808372781648464 0.696207009679652 1.523189928744741 -0.01813421928379276 -0.5423526505798943
1.946 0.6864908686654486 0.9847714664530882 0.7045878737633201 1.526567957537055 -0.01809700509787145 -0.5417964910839668
1.948 0.6945209591267655 0.9894550538842036 0.7125808644326423 1.530696523666482 -0.01805990530587686 -0.5412414697822788
1.95 0.7020916776773424 0.9948718228133444 0.7201145971169524 1.535559406001645 -0.01802291943961002 -0.5406875831883007
1.952 0.7091312021696715 1.000996913751221 0.7271172492029355 1.541131741580934 -0.01798604703326399 -0.5401348278297126
1.954 0.7155685114122041 1.007796454035376 0.7335177990356133 1.547379654283707 -0.01794928762340918 -0.5395832002483314
1.956 0.7213347364945404 1.015227391229334 0.7392473772435192 1.554260088229374 -0.01791264074897882 -0.5390326970000395
1.958 0.7263645860544212 1.02323756246823 0.7442406920056758 1.561720877122944 -0.01787610595125454 -0.5384833146547137
1.96 0.7305977981877094 1.031766022879575 0.7484374809615615 1.569701072675728 -0.01783968277385203 -0.5379350497961534
1.962 0.7339805646973988 1.040743645413844 0.7517839354601056 1.578131544435855 -0.01780337076270678 -0.5373878990220108
1.964 0.7364668691646514 1.050093991436468 0.7542340386307115 1.586935850380189 -0.01776716946606 -0.5368418589437205
1.966 0.7380196796231254 1.059734437070407 0.75575075805757 1.596031363256837 -0.01773107843444454 -0.5362969261864303
1.968 0.7386119398843506 1.069577525604583 0.7563070371050216 1.605330622993514 -0.01769509722067101 -0.5357530973889316
1.97 0.7382273108914978 1.079532502523797 0.7558865362713117 1.614742871727387 -0.0176592253798139 -0.5352103692035904
1.972 0.7368606245482391 1.089506978105109 0.754484087017437 1.624175716401389 -0.01762346246919785 -0.5346687382962795
1.974 0.7345180265489106 1.09940865416903 0.7521058345972947 1.63353685551534 -0.01758780804838407 -0.53412820134631
1.976 0.7312168007469377 1.109147047300333 0.7487690624260944 1.642735802346697 -0.01755226167915672 -0.5335887550463643
1.978 0.7269848842295485 1.118635141090024 0.744501707155058 1.651685537192452 -0.01751682292550952 -0.5330503961024281
1.98 0.7218600981361055 1.127790904670927 0.7393415894897379 1.660304025904652 -0.01748149135363238 -0.5325131212337247
1.982 0.715889133070867 1.136538623557056 0.7333353996027652 1.668515550729704 -0.01744626653189814 -0.5319769271726477
1.984 0.7091263386718188 1.144810000683123 0.7265374867026683 1.676251811347818 -0.01741114803084939 -0.5314418106646954
1.986 0.7016323738146975 1.152544999453391 0.719008509237883 1.683452767921797 -0.01737613542318549 -0.5309077684684058
1.988 0.6934727767774351 1.159692415305068 0.7108140050611845 1.690067212660358 -0.01734122828374943 -0.5303747973552904
1.99 0.6847165135996079 1.166210176557757 0.702022939789123 1.696053070667528 -0.0173064261895151 -0.5298428941097701
1.992 0.6754345583330188 1.172065388110125 0.6927062870525932 1.701377443639236 -0.0172717287195744 -0.5293120555291108
1.994 0.6656985516353271 1.177234142077472 0.6829356870904516 1.706016420500831 -0.01723713545512454 -0.528782278423359
1.996 0.6555795750970927 1.181701127259635 0.6727822210765482 1.709954686874914 -0.01720264597945547 -0.5282535596152788
1.998 0.6451470687279447 1.185459074222036 0.6623153286058819 1.713184970162324 -0.01716825987793729 -0.5277258959402877
2 0.634467908996743 1.188508074880134 0.6516018857347509 1.715707359126529 -0.01713397673800785 -0.5271992842463953
2.002 0.6236056554248495 1.190854815118331 0.6407054515740098 1.71752853651247 -0.01709979614916035 -0.5266737213941386
2.004 0.6126199654854282 1.192511756615812 0.6296856831883593 1.718660960872334 -0.01706571770293111 -0.5261492042565222
2.006 0.6015661707818003 1.193496300226313 0.6185979117746877 1.719122029945268 -0.01703174099288737 -0.5256257297189548
2.008 0.5904950023063259 1.193829958497704 0.607492867920941 1.718933253176893 -0.01699786561461517 -0.5251032946791887
2.01 0.5794524490062913 1.193537559707303 0.5964165401719987 1.718119455754562 -0.01696409116570738 -0.5245818960472588
2.012 0.5684797317736697 1.192646500541233 0.5854101490194215 1.716708031286654 -0.01693041724575168 -0.5240615307454211
2.014 0.5576133741338803 1.19118605957259 0.5745102175901992 1.714728255280684 -0.01689684345631881 -0.5235421957080936
2.016 0.5468853510942324 1.189186779214686 0.5637487204951832 1.712210667096482 -0.01686336940095074 -0.5230238878817952
2.018 0.5363232985729303 1.186679919973731 0.5531532932580793 1.709186524198818 -0.016829994685149 -0.5225066042250874
2.02 0.525950767331288 1.183696987655624 0.542747486247651 1.705687329364137 -0.01679671891636306 -0.5219903417085135
2.022 0.5157875071661204 1.180269331693425 0.5325510488700993 1.701744429007966 -0.01676354170397883 -0.5214750973145412
2.024 0.5058497691086702 1.176427810912982 0.5225802317679773 1.697388678950485 -0.01673046265930716 -0.520960868037503
2.026 0.4961506153880422 1.172202521773941 0.5128480967836148 1.69265017265748 -0.01669748139557256 -0.5204476508835384
2.028 0.4867002288495505 1.167622583328994 0.5033648263774523 1.68755802619953 -0.0166645975279018 -0.5199354428705362
2.03 0.4775062153012656 1.162715972747984 0.4941380259745784 1.682140213776061 -0.0166318106733128 -0.5194242410280767
2.032 0.4685738938560739 1.157509405169977 0.4851730143067773 1.676423447567352 -0.01659912045070342 -0.5189140423973746
2.034 0.4599065717232588 1.152028251798648 0.4764730982040993 1.67043309582987 -0.01656652648084045 -0.5184048440312224
2.036 0.4515058010747288 1.146296490475837 0.4680398294610773 1.664193133469771 -0.01653402838634856 -0.5178966429939333
2.038 0.4433716165802545 1.140336683398152 0.459873242371954 1.657726119759438 -0.0165016257916995 -0.5173894363612859
2.04 0.435502752985878 1.134169977136505 0.4519720713090792 1.651053198356972 -0.01646931832320116 -0.5168832212204671
2.042 0.4278968427201394 1.127816120641842 0.4443339483291263 1.64419411531186 -0.01643710560898687 -0.5163779946700181
2.044 0.4205505939763829 1.121293497445082 0.4369555812553876 1.63716725126486 -0.01640498727900467 -0.5158737538197777
2.046 0.4134599500595671 1.114619168767327 0.4298329130245739 1.629989664558156 -0.01637296296500678 -0.5153704957908288
2.048 0.4066202310206213 1.107808924732947 0.4229612633211603 1.622677142448389 -0.01634103230053894 -0.5148682177154423
2.05 0.4000262587525107 1.100877341315947 0.4163354536734407 1.615244258052972 -0.01630919492093005 -0.5143669167370247
2.052 0.3936724668071505 1.093837841045851 0.4099499172704322 1.607704431055914 -0.0162774504632817 -0.5138665900100623
2.054 0.3875529962231193 1.086702755849937 0.4037987947895771 1.600069990550006 -0.01624579856645788 -0.5133672347000688
2.056 0.3816617786467253 1.079483390715652 0.3978760175178 1.592352238699184 -0.01621423887107469 -0.5128688479835317
2.058 0.375992607993032 1.072190087124038 0.3921753790125222 1.584561514171897 -0.01618277101949021 -0.5123714270478592
2.06 0.3705392018352993 1.064832285431534 0.3866905964910936 1.576707254522862 -0.01615139465579431 -0.5118749690913273
2.062 0.3652952536417078 1.057418585570828 0.3814153630675065 1.568798056893856 -0.01612010942579866 -0.5113794713230283
2.064 0.3602544768988071 1.049956805602323 0.3763433918758338 1.56084173656514 -0.0160889149770267 -0.5108849309628171
2.066 0.3554106420792947 1.042454037782127 0.3714684530379985 1.552845383023388 -0.01605781095870376 -0.5103913452412611
2.068 0.3507576073279311 1.034916701921732 0.3667844043496783 1.54481541332132 -0.0160267970217472 -0.5098987113995878
2.07 0.3462893436575203 1.027350595903679 0.3622852164762769 1.536757622593312 -0.01599587281875662 -0.5094070266896338
2.072 0.3419999553686853 1.019760943289173 0.3579649933726894 1.528677231662967 -0.01596503800400415 -0.5089162883737938
2.074 0.3378836963325261 1.012152438009689 0.3538179885659509 1.520578931734659 -0.01593429223342482 -0.5084264937249704
2.076 0.3339349827053689 1.004529286178029 0.3498386178699758 1.512466926204552 -0.01590363516460693 -0.5079376400265229
2.078 0.3301484025814705 0.9968952450885477 0.3460214690382531 1.504344969660766 -0.01587306645678259 -0.5074497245722186
2.08 0.3265187230300887 0.9892536595000768 0.3423613088009068 1.496216404166258 -0.01584258577081818 -0.5069627446661816
2.082 0.3230408949098511 0.9816074953127657 0.3388530876790561 1.48808419293561 -0.01581219276920505 -0.5064766976228446
2.084 0.319710055805672 0.9739593707626804 0.3354919429217221 1.479950951529579 -0.01578188711605012 -0.5059915807668991
2.086 0.316521531389603 0.9663115852644791 0.3322731998666696 1.471818976697725 -0.01575166847706664 -0.5055073914332463
2.088 0.3134708354681914 0.9586661460362631 0.3291923719877564 1.463690273003212 -0.01572153651956498 -0.5050241269669489
2.09 0.3105536689449793 0.9510247926421499 0.3262451598574228 1.455566577365333 -0.01569149091244349 -0.5045417847231829
2.092 0.3077659178957162 0.9433890195859361 0.3234274492218955 1.447449381653125 -0.01566153132617939 -0.504060362067189
2.094 0.3051036509269217 0.9357600970863035 0.3207353083597415 1.439339953460529 -0.01563165743281979 -0.5035798563742254
2.096 0.3025631159649614 0.9281390901602898 0.3181649848709341 1.431239355189809 -0.01560186890597269 -0.5031002650295194
2.098 0.3001407366016896 0.9205268761359859 0.3157129020224877 1.423148461564208 -0.0155721654207981 -0.5026215854282217
2.1 0.2978331081043685 0.9129241607096017 0.3133756547583677 1.415067975684959 -0.01554254665399916 -0.5021438149753576
2.102 0.2956369931819512 0.9053314926567769 0.3111500054657646 1.406998443742559 -0.01551301228381342 -0.5016669510857817
2.104 0.2935493175856825 0.8977492773007534 0.3090328795756866 1.398940268484884 -0.01548356199000403 -0.5011909911841306
2.106 0.2915671656098827 0.8901777888342335 0.3070213610637338 1.390893721539011 -0.01545419545385115 -0.5007159327047772
2.108 0.2896877755485973 0.8826171815855351 0.3051126879067405 1.38285895467732 -0.01542491235814326 -0.5002417730917844
2.11 0.2879085351545497 0.8750675003134576 0.3033042475417184 1.374836010112318 -0.01539571238716868 -0.4997685097988603
2.112 0.2862269771389402 0.8675286896090705 0.3015935723656473 1.366824829898382 -0.01536659522670702 -0.4992961402893111
2.114 0.2846407747443835 0.8600006024777227 0.2999783353084043 1.358825264513721 -0.01533756056402075 -0.498824662035998
2.116 0.2831477374170969 0.8524830081686183 0.2984563455049437 1.350837080689909 -0.01530860808784682 -0.4983540725212905
2.118 0.281745806599666 0.8449755993141641 0.2970255440880543 1.342859968551188 -0.01527973748838835 -0.4978843692370236
2.12 0.280433051661748 0.8374779984371694 0.2956840001190543 1.33489354812162 -0.01525094845730628 -0.497415549684451
2.122 0.2792076659823139 0.8299897638789591 0.2944299066700252 1.326937375253163 -0.01522224068771123 -0.4969476113742035
2.124 0.2780679631939761 0.8225103951971708 0.2932615770681314 1.318990947023414 -0.01519361387415528 -0.4964805518262433
2.126 0.2770123735977364 0.8150393380788101 0.2921774413103603 1.311053706648632 -0.0151650677126239 -0.4960143685698215
2.128 0.2760394407541101 0.8075759888099343 0.2911760426546379 1.303125047953368 -0.01513660190052781 -0.4955490591434336
2.13 0.2751478182548393 0.8001196983400045 0.2902560343915344 1.295204319434782 -0.01510821613669509 -0.4950846210947774
2.132 0.2743362666782186 0.7926697759764555 0.2894161767995818 1.287290827957165 -0.01507991012136309 -0.4946210519807094
2.134 0.2736036507296072 0.7852254927415341 0.2886553342857779 1.279383842108736 -0.01505168355617064 -0.4941583493672024
2.136 0.2729489365678281 0.7777860844210867 0.2879724727119782 1.27148259525039 -0.01502353614415014 -0.493696510829303
2.138 0.2723711893175479 0.7703507543328991 0.2873666569072677 1.263586288283989 -0.01499546758971975 -0.4932355339510895
2.14 0.271869570767008 0.7629186758395901 0.2868370483656836 1.25569409216522 -0.01496747759867566 -0.4927754163256294
2.142 0.2714433372499986 0.7554889946290338 0.286382903128183 1.247805150183973 -0.01493956587818442 -0.4923161555549388
2.144 0.2710918377108785 0.7480608307840746 0.2860035698476537 1.239918580034014 -0.01491173213677522 -0.4918577492499396
2.146 0.2708145119510255 0.7406332806609051 0.2856984880353578 1.232033475691324 -0.01488397608433236 -0.4914001950304192
2.148 0.2706108890550705 0.7332054185942829 0.2854671864871581 1.224148909119271 -0.01485629743208764 -0.4909434905249885
2.15 0.2704805859952985 0.7257762984466209 0.2853092818879114 1.216263931817663 -0.01482869589261291 -0.4904876333710424
2.152 0.2704233064125305 0.7183449550164533 0.285224477592343 1.208377576231171 -0.01480117117981258 -0.490032621214718
2.154 0.2704388395719393 0.7109104053205658 0.2852125625808555 1.200488857031421 -0.01477372300891623 -0.4895784517108549
2.156 0.2705270594924622 0.7034716497636584 0.2852734105889335 1.192596772286613 -0.01474635109647127 -0.4891251225229548
2.158 0.2706879242485014 0.6960276732080257 0.285406979408837 1.184700304531167 -0.01471905516033559 -0.4886726313231415
2.16 0.2709214754429957 0.6885774459547744 0.285613310362666 1.176798421746896 -0.01469183491967032 -0.4882209757921215
2.162 0.2712278378511068 0.6811199246482937 0.2858925279460395 1.168890078267438 -0.01466469009493265 -0.4877701536191446
2.164 0.2716072192340001 0.6736540531142945 0.2862448396418686 1.160974215616258 -0.0146376204078686 -0.4873201625019637
2.166 0.2720599103226561 0.6661787631411774 0.286670535904162 1.153049763287975 -0.01461062558150593 -0.4868710001467974
2.168 0.2725862849718297 0.6586929752148714 0.2871699903119767 1.145115639483161 -0.01458370534014705 -0.4864226642682893
2.17 0.2731868004846235 0.6511955992162494 0.2877436598939855 1.137170751805721 -0.01455685940936204 -0.4859751525894712
2.172 0.273861998108659 0.6436855350897523 0.2883920856246406 1.129213997931475 -0.01453008751598158 -0.4855284628417229
2.174 0.2746125037050002 0.6361616734925413 0.2891158930930903 1.121244266257277 -0.01450338938809007 -0.4850825927647356
2.176 0.275439028591427 0.6286228964327335 0.2899157933464457 1.113260436539206 -0.01447676475501871 -0.4846375401064728
2.178 0.2763423705622386 0.6210680779048319 0.2907925839095774 1.105261380527965 -0.01445021334733868 -0.4841933026231331
2.18 0.2773234150868777 0.6134960845316013 0.291747149983732 1.097245962610714 -0.01442373489685427 -0.4837498780791126
2.182 0.278383136690264 0.6059057762208486 0.2927804658268602 1.089213040467816 -0.01439732913659618 -0.4833072642469671
2.184 0.2795226005182306 0.5982960068455179 0.2938935963190453 1.081161465752893 -0.01437099580081475 -0.4828654589073755
2.186 0.2807429640916906 0.5906656249567397 0.295087698716664 1.073090084805842 -0.01434473462497331 -0.4824244598491024
2.188 0.2820454792537128 0.5830134745388772 0.2963640245994543 1.064997739407839 -0.01431854534574154 -0.4819842648689615
2.19 0.2834314943142517 0.5753383958160314 0.2977239220152406 1.056883267587811 -0.01429242770098888 -0.4815448717717794
2.192 0.2849024563975662 0.5676392261204184 0.2991688378273442 1.048745504490777 -0.01426638142977796 -0.4811062783703584
2.194 0.28645991399785 0.5599148008332605 0.3007003202702082 1.040583283318702 -0.0142404062723581 -0.4806684824854411
2.196 0.2881055197492526 0.5521639544090609 0.3023200217194115 1.032395436354735 -0.01421450197015885 -0.4802314819456743
2.198 0.2898410334167888 0.5443855214954749 0.3040297016825723 1.024180796083048 -0.01418866826578355 -0.4797952745875729
2.2 0.2916683251150595 0.536578338161513 0.3058312300180624 1.015938196416997 -0.01416290490300295 -0.4793598582554844
2.202 0.2935893787624093 0.5287412432475298 0.3077265903891581 1.007666474049084 -0.01413721162674888 -0.4789252308015542
2.204 0.2956062957785272 0.5208730798514123 0.3097178839616351 0.9993644699371015 -0.01411158818310789 -0.4784913900856891
2.206 0.2977212990338397 0.5129726969671538 0.3118073333531548 0.9910310309426776 -0.01408603431931508 -0.4780583339755239
2.208 0.2999367370597072 0.5050389512924338 0.313997286843455 0.9826650116388185 -0.01406054978374774 -0.4776260603463846
2.21 0.3022550885289585 0.4970707092233291 0.3162902228548778 0.9742652763045853 -0.0140351343259193 -0.4771945670812562
2.212 0.3046789670163567 0.4890668490565747 0.3186887547128298 0.9658307011273207 -0.0140097876964731 -0.4767638520707461
2.214 0.3072111260494513 0.4810262634205235 0.3211956356966276 0.9573601766335743 -0.01398450964717629 -0.4763339132130509
2.216 0.3098544644605679 0.4729478619579803 0.3238137643914816 0.9488526103719025 -0.01395929993091378 -0.4759047484139222
2.218 0.3126120320506691 0.4648305742870107 0.3265461903523513 0.9403069298736435 -0.01393415830168221 -0.4754763555866328
2.22 0.3154870355766672 0.4566733532668844 0.3293961200912511 0.9317220859188271 -0.01390908451458391 -0.4750487326519428
2.222 0.3184828450737617 0.4484751785992954 0.3323669233995827 0.9230970561373615 -0.01388407832582101 -0.4746218775380661
2.224 0.32160300052435 0.4402350607981848 0.3354621400170395 0.9144308489788215 -0.01385913949268947 -0.4741957881806367
2.226 0.3248512188854892 0.4319520455636824 0.3386854866590625 0.9057225080863592 -0.01383426777357323 -0.4737704625226768
2.228 0.3282314014868659 0.4236252185990336 0.3420408644148042 0.8969711171135959 -0.01380946292793831 -0.4733458985145623
2.23 0.3317476418105118 0.4152537109139187 0.3455323665268389 0.8881758050279096 -0.01378472471632709 -0.4729220941139909
2.232 0.3354042336639665 0.4068367046600839 0.3491642865643189 0.8793357519460328 -0.01376005290035245 -0.4724990472859489
2.234 0.3392056797575867 0.3983734395503429 0.3529411270002788 0.8704501955530224 -0.01373544724269211 -0.4720767560026795
2.236 0.3431567006960111 0.3898632199165716 0.3568676082030939 0.8615184381602211 -0.01371090750708284 -0.4716552182436495
2.238 0.3472622443929432 0.3813054224672276 0.3609486778512581 0.8525398544627462 -0.01368643345831488 -0.4712344319955186
2.24 0.3515274959170919 0.3726995048103394 0.3651895207793182 0.8435139000624449 -0.01366202486222627 -0.4708143952521054
2.242 0.3559578877752608 0.3640450148143921 0.369595569260958 0.8344401208287501 -0.01363768148569727 -0.470395106014358
2.244 0.3605591106365476 0.3553416008858154 0.3741725137331923 0.8253181631761358 -0.01361340309664475 -0.4699765622903204
2.246 0.3653371244992817 0.3465890232485664 0.3789263139632985 0.8161477853436688 -0.01358918946401676 -0.4695587620951024
2.248 0.3702981702984982 0.3377871663199183 0.3838632106562851 0.8069288697707656 -0.01356504035778695 -0.4691417034508473
2.25 0.3754487819483966 0.3289360522841483 0.3889897374973458 0.7976614366708502 -0.01354095554894917 -0.4687253843867019
2.252 0.3807957988094609 0.3200358559749406 0.3943127336189729 0.7883456589137252 -0.01351693480951199 -0.4683098029387846
2.254 0.3863463785638949 0.3110869211877422 0.3998393564763882 0.778981878337897 -0.01349297791249337 -0.4678949571501548
2.256 0.3921080104766869 0.3020897785531223 0.4055770951086022 0.7695706236239054 -0.0134690846319153 -0.4674808450707831
2.258 0.3980885290117827 0.2930451651135234 0.4115337837545811 0.7601126298710429 -0.01344525474279839 -0.4670674647575195
2.26 0.4042961277628331 0.2839540457585341 0.4177176157839899 0.7506088600325986 -0.01342148802115672 -0.4666548142740645
2.262 0.4107393736475675 0.2748176366859412 0.42413715789156 0.7410605283768791 -0.01339778424399247 -0.4662428916909379
2.264 0.4174272213016414 0.2656374310697315 0.4308013644909322 0.7314691261551808 -0.01337414318929073 -0.4658316950854493
2.266 0.4243690275925246 0.2564152271309474 0.4377195922285389 0.7218364496726155 -0.01335056463601431 -0.4654212225416681
2.268 0.4315745661564051 0.2471531588222717 0.4449016145205037 0.7121646309726662 -0.01332704836409861 -0.4650114721503946
2.27 0.4390540418408468 0.2378537293527833 0.4523576359952933 0.7024561713619119 -0.01330359415444641 -0.4646024420091286
2.272 0.4468181049115303 0.2285198477964011 0.4600983067004532 0.6927139780184438 -0.01328020178892288 -0.4641941302220428
2.274 0.4548778648543407 0.2191548690438047 0.4681347359046911 0.6829414039437555 -0.0132568710503504 -0.4637865348999508
2.276 0.4632449035723302 0.2097626373745041 0.4764785052948338 0.6731422915347847 -0.01323360172250362 -0.4633796541602805
2.278 0.4719312877400794 0.2003475339431723 0.4851416813301838 0.6633210200702154 -0.01321039359010439 -0.4629734861270431
2.28 0.4809495800361959 0.1909145284903896 0.4941368264750128 0.6534825574211958 -0.01318724643881684 -0.4625680289308062
2.282 0.490312848927324 0.181469235602899 0.5034770089825664 0.6436325163115625 -0.01316416005524239 -0.4621632807086635
2.284 0.5000346766208766 0.172017975863461 0.5131758108477915 0.6337772154676692 -0.01314113422691486 -0.4617592396042082
2.286 0.5101291647420825 0.1625678422412523 0.523247333484378 0.6239237460087552 -0.01311816874229558 -0.4613559037675029
2.288 0.5206109372205824 0.1531267720815516 0.5337062006113509 0.6140800434366045 -0.01309526339076855 -0.4609532713550529
2.29 0.5314951397901354 0.1437036250586746 0.544567557752771 0.6042549655884518 -0.0130724179626356 -0.4605513405297772
2.292 0.5427974354157776 0.1343082674532179 0.5558470676648892 0.5944583769141991 -0.0130496322491116 -0.4601501094609812
2.294 0.5545339948616352 0.1249516631047971 0.5675609009039549 0.5847012394291259 -0.01302690604231969 -0.4597495763243288
2.296 0.5667214814980112 0.1156459713734353 0.5797257206332977 0.5749957106752503 -0.01300423913528658 -0.4593497393018151
2.298 0.5793770293213975 0.1064046524105788 0.5923586606433352 0.5653552489923174 -0.01298163132193778 -0.4589505965817385
2.3 0.5925182130224383 0.09724257999381991 0.6054772954195313 0.5557947263524938 -0.01295908239709296 -0.4585521463586739
2.302 0.6061630087823618 0.08817616211566276 0.6190996009388232 0.546330548949108 -0.01293659215646131 -0.4581543868334453
2.304 0.6203297443136582 0.07922346942774799 0.6332439047102951 0.5369807856408468 -0.0129141603966369 -0.4577573162130988
2.306 0.6350370364814769 0.0704043715265667 0.647928823396571 0.5277653042374426 -0.01289178691509407 -0.4573609327108759
2.308 0.6503037146492171 0.06174068091973739 0.6631731861594 0.5187059154659243 -0.01286947151018291 -0.4569652345461869
2.31 0.6661487276921301 0.05325630432350964 0.6789959416732547 0.5098265242680932 -0.01284721398112464 -0.4565702199445835
2.312 0.6825910324139748 0.04497740070935069 0.695416046541982 0.5011532878470845 -0.01282501412800722 -0.4561758871377338
2.314 0.6996494608915665 0.03693254523055428 0.7124523326433473 0.492714779593949 -0.01280287175178075 -0.4557822343633947
2.316 0.717342564064863 0.02915289781142738 0.730123350719116 0.4845421576768136 -0.01278078665425307 -0.4553892598653863
2.318 0.7356884286981398 0.02167237476149542 0.7484471873362251 0.4766693366550612 -0.01275875863808532 -0.4549969618935658
2.32 0.7547044646675188 0.01452782127865032 0.7674412521743064 0.469133159982452 -0.01273678750678755 -0.4546053387038017
2.322 0.7744071593982866 0.007759182118442343 0.7871220324630009 0.46197357067639 -0.0127148730647143 -0.4542143885579477
2.324 0.7948117962021716 0.001409667022975902 0.8075048113192319 0.4552337767467936 -0.0126930151170603 -0.4538241097238176
2.326 0.8159321332708247 -0.004474093282520686 0.8286033467406808 0.4489604071926385 -0.01267121346985613 -0.4534345004751592
2.328 0.8377800401901346 -0.0098419056075294 0.8504295081200985 0.4432036534841001 -0.01264946792996388 -0.4530455590916295
2.33 0.8603650890947819 -0.01463989340813293 0.8729928673998549 0.4380173904506359 -0.01262777830507295 -0.4526572838587688
2.332 0.8836940980101814 -0.01881040366729625 0.8963002424138772 0.4334592694006801 -0.01260614440369574 -0.4522696730679764
2.334 0.90777062457478 -0.02229194989662719 0.9203551906099434 0.4295907751198575 -0.01258456603516346 -0.4518827250164847
2.336 0.9325944092549727 -0.02501920085296488 0.9451574522645947 0.4264772371543706 -0.01256304300962192 -0.4514964380073355
2.338 0.9581607683990891 -0.02692302582288236 0.9707023435371165 0.4241877845264714 -0.01254157513802737 -0.4511108103493538
2.34 0.9844599390775101 -0.02793060855560048 0.9969801013096524 0.4227952318015242 -0.01252016223214235 -0.4507258403571247
2.342 1.011476379680039 -0.02796564304593341 1.023975183784571 0.4223758833050343 -0.01249880410453155 -0.4503415263509677
2.344 1.039188032721283 -0.02694862528626479 1.051665533289841 0.4230092413706485 -0.01247750056855775 -0.4499578666569133
2.346 1.067565559263462 -0.02479725570120483 1.08002181070184 0.4247776039054731 -0.01245625143837769 -0.4495748596066779
2.348 1.096571557820401 -0.02142696710578074 1.109006614349339 0.4277655364318599 -0.01243505652893809 -0.4491925035376406
2.35 1.126159784511687 -0.01675159251800329 1.138573700167658 0.4320592042748149 -0.01241391565597157 -0.4488107967928182
2.352 1.156274395520062 -0.0106841858254535 1.168667224156055 0.4377455518953889 -0.01239282863599267 -0.4484297377208424
2.354 1.186849237447333 -0.003138005954867518 1.199221032733627 0.4449113187210679 -0.01237179528629388 -0.4480493246759354
2.356 1.217807215748055 0.005972328366857071 1.230158031172996 0.4536418843847433 -0.01235081542494168 -0.4476695560178862
2.358 1.249059775775703 0.01672951110702381 1.261389664646475 0.4640199412190513 -0.0123298888707726 -0.4472904301120275
2.36 1.280506534743122 0.02921205295109469 1.292815550186512 0.4761239982803069 -0.01230901544338932 -0.4469119453292122
2.362 1.312035105633165 0.04349262908066026 1.324323300596322 0.4900267291264501 -0.01228819496315679 -0.4465341000457899
2.364 1.343521155290059 0.05963629231249401 1.355788582541257 0.5057931849560783 -0.01226742725119838 -0.4461568926435843
2.366 1.37482873803969 0.07769858378141226 1.387075450169083 0.5234789052912814 -0.01224671212939201 -0.4457803215098691
2.368 1.405810942693936 0.09772358468596259 1.418036992114302 0.5431279697233095 -0.01222604942036636 -0.4454043850373469
2.37 1.436310884218398 0.119741964070726 1.448516323165895 0.5647710456948499 -0.01220543894749707 -0.4450290816241239
2.372 1.466163061387116 0.1437690883565477 1.478347941922019 0.5884234980302375 -0.01218488053490297 -0.4446544096736898
2.374 1.495195088316553 0.169803267321137 1.507359462323995 0.6140836349160306 -0.01216437400744232 -0.4442803675948935
2.376 1.523229791107056 0.1978242173406469 1.535373710297765 0.6417311711425682 -0.01214391919070913 -0.4439069538019213
2.378 1.550087641548607 0.2277918247847993 1.562211157459636 0.6713259914990736 -0.01212351591102936 -0.4435341667142743
2.38 1.575589479009499 0.2596452894853706 1.587692643004957 0.702807294242117 -0.01210316399545736 -0.4431620047567464
2.382 1.599559450664 0.2933027194262072 1.611642313935772 0.7360931857856093 -0.0120828632717721 -0.4427904663594021
2.384 1.621828080909558 0.328661232953542 1.633890694478031 0.7710807829110967 -0.0120626135684736 -0.4424195499575547
2.386 1.642235365105154 0.3655976041656868 1.654277779819933 0.8076468581574304 -0.01204241471477927 -0.4420492539917436
2.388 1.660633772539523 0.403969461689847 1.672656039080143 0.8456490385975608 -0.01202226654062035 -0.4416795769077138
2.39 1.676891040414637 0.4436170224506442 1.688893209291276 0.8849275396070373 -0.01200216887663831 -0.4413105171563931
2.392 1.690892645653629 0.4843653125061287 1.70287476720781 0.9253073856999997 -0.01198212155418128 -0.440942073193871
2.394 1.702543854781494 0.5260267991692706 1.714505979186794 0.9666010426506475 -0.01196212440530054 -0.4405742434813769
2.396 1.711771273343358 0.5684043351368915 1.723713450606105 1.008611361622151 -0.01194217726274703 -0.4402070264852598
2.398 1.718523843738932 0.6112942985921859 1.7304461236989 1.051134719269151 -0.01192227995996779 -0.4398404206769654
2.4 1.72277327160154 0.6544898050163421 1.734675703932643 1.093964229549359 -0.01190243233110253 -0.4394744245330164
2.402 1.724513893030781 0.6977838676212085 1.736396527241761 1.136892904156199 -0.01188263421098017 -0.4391090365349905
2.404 1.723762025030078 0.7409723937078181 1.735624910465194 1.179716648877318 -0.01186288543511544 -0.4387442551695002
2.406 1.720554866574385 0.7838569226210492 1.73239805241409 1.222237001549221 -0.01184318583970537 -0.4383800789281713
2.408 1.714949035627274 0.8262470351660847 1.7267725708889 1.264263541473707 -0.01182353526162603 -0.4380165063076227
2.41 1.707018836843594 0.8679623916167504 1.718822770382023 1.305615927426196 -0.01180393353842902 -0.4376535358094452
2.412 1.696854355396954 0.9088343827929599 1.708638735905293 1.346125548733142 -0.01178438050833824 -0.4372911659401821
2.414 1.684559465171023 0.9487074033451821 1.69632434118127 1.385636798556489 -0.01176487601024646 -0.4369293952113069
2.416 1.670249826139603 0.9874397761079833 1.681995246023315 1.424007998247188 -0.01174541988371206 -0.4365682221392052
2.418 1.654050928411562 1.024904369749396 1.665776940380517 1.461112014994548 -0.01172601196895571 -0.4362076452451525
2.42 1.636096221632953 1.060988958484534 1.64780287373981 1.49683662153983 -0.01170665210685711 -0.4358476630552957
2.422 1.616525350594006 1.095596372751358 1.628212690732958 1.531084646851989 -0.01168734013895171 -0.4354882741006313
2.424 1.595482502908607 1.128644484649537 1.607150578816034 1.563773961566525 -0.01166807590742748 -0.4351294769169877
2.426 1.573114863782332 1.160066063312975 1.584763723037454 1.594837333357978 -0.01164885925512169 -0.4347712700450033
2.428 1.549571166688185 1.189808525091211 1.561200856713703 1.624222177121319 -0.01162969002551772 -0.4344136520301081
2.43 1.525000327032381 1.217833593244309 1.536610895095123 1.651890214666812 -0.01161056806274186 -0.4340566214225032
2.432 1.499550147835252 1.244116873277956 1.511141641046812 1.677817050055098 -0.01159149321156013 -0.4337001767771421
2.434 1.473366090925202 1.268647344017314 1.484938556242577 1.701991660671025 -0.01157246531737518 -0.4333443166537106
2.436 1.446590112845565 1.291426761462412 1.458143597071788 1.724415801079019 -0.01155348422622311 -0.4329890396166078
2.438 1.419359570357397 1.312468972301278 1.430894120142167 1.745103316536205 -0.01153454978477039 -0.4326343442349265
2.44 1.391806205091448 1.331799136170389 1.403321866931759 1.764079365252824 -0.01151566184031076 -0.4322802290824347
2.442 1.364055219889952 1.34945285958373 1.375552040130714 1.781379552321286 -0.01149682024076213 -0.4319266927375559
2.444 1.336224460383652 1.365475249048054 1.347702485218315 1.797048982831404 -0.01147802483466357 -0.4315737337833502
2.446 1.30842371442125 1.379919895416494 1.319882989892423 1.81114124622399 -0.01145927547117221 -0.4312213508074958
2.448 1.280754139421512 1.392847805340344 1.292194711421573 1.823717347742614 -0.01144057200006028 -0.4308695424022701
2.45 1.25330782403507 1.404326298308264 1.264729738306782 1.834844605472794 -0.01142191427171203 -0.4305183071645305
2.452 1.226167486240916 1.414427888995157 1.237570788378037 1.844595532690854 -0.01140330213712083 -0.4301676436956966
2.454 1.199406305699926 1.423229174473425 1.210791041147812 1.853046725075156 -0.01138473544788612 -0.4298175506017312
2.456 1.173087884300999 1.430809744440353 1.18445409835721 1.860277770933475 -0.01136621405621047 -0.4294680264931219
2.458 1.147266325690142 1.437251130274159 1.158614063505039 1.866370200259022 -0.0113477378148967 -0.4291190699848627
2.46 1.12198642236826 1.442635805791867 1.133315728945605 1.871406485488303 -0.01132930657734486 -0.4287706796964364
2.462 1.097283937742267 1.44704624940041 1.108594857939816 1.875469103652206 -0.01131092019754943 -0.4284228542517953
2.464 1.073185970254373 1.450564074235493 1.084478548784469 1.878639666514837 -0.01129257853009634 -0.4280755922793445
2.466 1.049711387266717 1.453269230132294 1.060985668696877 1.880998122544217 -0.01127428143016016 -0.4277288924119224
2.468 1.026871317540976 1.455239279064825 1.038127346294477 1.882622032351609 -0.0112560287535012 -0.4273827532867842
2.47 1.004669692687432 1.456548744142592 1.015907513043894 1.883585917688175 -0.01123782035646272 -0.4270371735455833
2.472 0.9831038296365656 1.45726853139905 0.9943234857325337 1.883960683233404 -0.01121965609596805 -0.4266921518343539
2.474 0.9621650477719045 1.457465423418419 0.9733665836014223 1.883813110221913 -0.01120153582951781 -0.4263476868034933
2.476 0.9418393156572338 1.457201644227871 0.9530227750724209 1.883205421335615 -0.01118345941518714 -0.4260037771077439
2.478 0.9221079231298183 1.456534495687003 0.9332733498414412 1.88219491709318 -0.01116542671162287 -0.4256604214061765
2.48 0.9029481748104418 1.455516066648686 0.9140956123884826 1.880833685010859 -0.01114743757804082 -0.4253176183621727
2.482 0.8843341007381533 1.454193017233604 0.8954635926123763 1.879168383877011 -0.01112949187422299 -0.4249753666434071
2.484 0.8662371789013924 1.452606441432135 0.8773487683619073 1.877240106353965 -0.0111115894605149 -0.4246336649218307
2.486 0.8486270629847854 1.450791811710192 0.8597207931826082 1.875084323583845 -0.0110937301978228 -0.4242925118736534
2.488 0.8314723068400488 1.448779009165727 0.8425482207876599 1.872730915345054 -0.01107591394761104 -0.4239519061793273
2.49 0.8147410752326151 1.446592441929993 0.8257992158045144 1.870204288453522 -0.01105814057189935 -0.4236118465235291
2.492 0.7984018285741449 1.444251252874571 0.809442238507405 1.867523584469715 -0.01104040993326018 -0.4232723315951441
2.494 0.7824239678948984 1.441769615300125 0.7934466897897144 1.864702975387373 -0.01102272189481602 -0.4229333600872485
2.496 0.7667784255123742 1.439157112273387 0.777783501832611 1.861752042970481 -0.01100507632023681 -0.4225949306970936
2.498 0.7514381869296821 1.436419191861777 0.7624256600034194 1.858676233987866 -0.01098747307373728 -0.4222570421260881
2.5 0.7363787305919468 1.433557686982386 0.7473486426120212 1.855477380062168 -0.01096991202007435 -0.4219196930797824
2.502 0.7215783742795544 1.430571385271564 0.7325307673040989 1.852154267539416 -0.01095239302454452 -0.421582882267852
2.504 0.7070185200446579 1.427456631636174 0.7179534359976393 1.848703240040255 -0.01093491595298132 -0.4212466084040804
2.506 0.6926837935024193 1.424207944272124 0.703601274174172 1.845118814478468 -0.01091748067175273 -0.4209108702063437
2.508 0.6785620776789687 1.420818624157036 0.6894621647267273 1.84139429055363 -0.01090008704775861 -0.4205756663965936
2.51 0.6646444461364522 1.417281338457635 0.6755271810848804 1.837522334158477 -0.01088273494842818 -0.4202409957008419
2.512 0.6509250043617345 1.413588659926966 0.6617904286034521 1.83349551677611 -0.0108654242417175 -0.4199068568491439
2.514 0.6374006520704796 1.409733547067078 0.6482488068665865 1.829306795642661 -0.01084815479610695 -0.4195732485755824
2.516 0.6240707818615859 1.405709753357405 0.6349017083421846 1.824949922975657 -0.01083092648059872 -0.4192401696182521
2.518 0.6109369313741434 1.401512157885139 0.6217506705388578 1.820419776604383 -0.01081373916471438 -0.4189076187192433
2.52 0.5980024066854163 1.397137013917674 0.6087989994039086 1.8157126085423 -0.01079659271849235 -0.4185755946246266
2.522 0.5852718941910753 1.392582115997192 0.5960513812035607 1.810826212081629 -0.01077948701248548 -0.4182440960844367
2.524 0.57275107676839 1.38784688972982 0.5835134986861485 1.805760011582477 -0.0107624219177586 -0.4179131218526571
2.526 0.5604462678527079 1.38293241137564 0.571191665158594 1.800515082062844 -0.0107453973058861 -0.4175826706872044
2.528 0.5483640744085391 1.377841366498525 0.5590924874574885 1.795094107848438 -0.0107284130489495 -0.4172527413499127
2.53 0.5365110968981126 1.372577958266784 0.5472225659176476 1.789501290873302 -0.01071146901953506 -0.4169233326065183
2.532 0.5248936714783233 1.367147776545636 0.5355882365690547 1.78374221977228 -0.01069456509073139 -0.4165944432266443
2.534 0.5135176569826458 1.361557638786468 0.5241953581187729 1.777823710770253 -0.0106777011361271 -0.4162660719837857
2.536 0.502388266903911 1.355815413027614 0.5130491439337194 1.771753630682907 -0.01066087702980838 -0.4159382176552932
2.538 0.491509944674715 1.349929832228017 0.5021540373210718 1.765540711250376 -0.01064409264635672 -0.4156108790223593
2.54 0.4808862790805198 1.343910307807724 0.4915136269413663 1.759194362677726 -0.01062734786084652 -0.4152840548700024
2.542 0.470519955625932 1.337766748802459 0.4811305981747748 1.752724492789511 -0.0106106425488428 -0.414957743987052
2.544 0.4604127390724981 1.331509391567044 0.471006715658897 1.746141336733178 -0.01059397658639887 -0.4146319451661341
2.546 0.4505654821194789 1.325148643571148 0.4611428319695329 1.739455300774804 -0.01057734985005406 -0.4143066572036558
2.548 0.4409781552356684 1.318694943579331 0.4515389174524998 1.732676822479122 -0.0105607622168314 -0.4139818788997908
2.55 0.4316498929045045 1.312158639432319 0.4421941064687399 1.725816248490784 -0.01054421356423538 -0.413657609058465
2.552 0.4225790519489254 1.305549883762288 0.4331067557191751 1.718883730249629 -0.01052770377024968 -0.4133338464873412
2.554 0.4137632780978822 1.298878547280351 0.4242745108112171 1.711889137278156 -0.0105112327133349 -0.4130105899978051
2.556 0.4051995774951404 1.292154148756903 0.4156943777675667 1.704841987161854 -0.01049480027242636 -0.4126878384049504
2.558 0.3968843903979245 1.285385800456762 0.4073627967248564 1.697751390984327 -0.01047840632693186 -0.4123655905275647
2.56 0.3888136648352349 1.278582167565205 0.3992757155919643 1.69062601275332 -0.01046205075672947 -0.4120438451881147
2.562 0.3809829284797659 1.271751440026426 0.3914286619219313 1.683474041239158 -0.01044573344216534 -0.4117226012127324
2.564 0.3733873574182684 1.26490131518672 0.3838168116823199 1.676303172617921 -0.01042945426405149 -0.4114018574312004
2.566 0.3660218408804518 1.258038989671459 0.3764350539841155 1.669120602348397 -0.01041321310366367 -0.411081612676938
2.568 0.3588810413019269 1.251171159006681 0.3692780511446661 1.661933024793668 -0.01039700984273916 -0.4107618657869872
2.57 0.3519594493578921 1.24430402360923 0.3623402937213668 1.654746639211228 -0.01038084436347466 -0.4104426156019981
2.572 0.345251433813784 1.237443299900268 0.3556161503623081 1.647567160866483 -0.01036471654852411 -0.4101238609662158
2.574 0.338751286202051 1.230594235435506 0.3490999124830476 1.640399836162971 -0.0103486262809966 -0.4098056007274655
2.576 0.3324532604576144 1.223761627084547 0.3427858339020686 1.633249460821686 -0.01033257344445422 -0.4094878337371395
2.578 0.3263516077350856 1.216949841427105 0.3366681656579956 1.626120400277288 -0.01031655792290997 -0.4091705588501831
2.58 0.3204406066916288 1.210162836659671 0.3307411862924544 1.619016611584752 -0.01030057960082567 -0.4088537749250803
2.582 0.3147145895583158 1.203404185422075 0.3249992279214257 1.611941666245916 -0.01028463836310988 -0.4085374808238416
2.584 0.3091679643443715 1.196677098058478 0.3194366984394873 1.604898773470466 -0.01026873409511581 -0.4082216754119886
2.586 0.3037952335247606 1.18998444591921 0.3140481002073999 1.597890803477752 -0.0102528666826393 -0.4079063575585419
2.588 0.2985910095579672 1.18332878439057 0.308828045569884 1.590920310526577 -0.01023703601191672 -0.4075915261360071
2.59 0.2935500275699252 1.176712375409894 0.3037712695395481 1.583989555430255 -0.01022124196962297 -0.4072771800203612
2.592 0.2886671555226745 1.170137209282055 0.2988726399655439 1.577100527373094 -0.01020548444286943 -0.4069633180910395
2.594 0.2839374021660418 1.16360502566328 0.2941271654852438 1.570254964894202 -0.01018976331920199 -0.4066499392309225
2.596 0.2793559230487657 1.157117333620505 0.2895300015353646 1.563454375946827 -0.01017407848659897 -0.4063370423263221
2.598 0.2749180248416419 1.150675430708065 0.2850764546751111 1.556700056975034 -0.0101584298334692 -0.4060246262669691
2.6 0.2706191682018181 1.14428042103132 0.280761985450468 1.549993110977319 -0.01014281724864999 -0.4057126899459995
2.602 0.2664549693849489 1.137933232289766 0.2765822100063541 1.543334464549708 -0.01012724062140517 -0.4054012322599422
2.604 0.2624212007893472 1.131634631809312 0.2725329006307703 1.536724883918018 -0.01011169984142313 -0.4050902521087053
2.606 0.2585137905955104 1.125385241586961 0.2686099853943253 1.530164989982525 -0.0100961947988149 -0.4047797483955633
2.608 0.2547288216453565 1.119185552382333 0.2648095470294687 1.523655272409477 -0.01008072538411212 -0.4044697200271448
2.61 0.2510625296869759 1.113035936897458 0.2611278211752411 1.517196102810877 -0.01006529148826523 -0.4041601659134191
2.612 0.2475113010942191 1.106936662091703 0.2575611940968606 1.510787747059386 -0.01004989300264143 -0.4038510849676835
2.614 0.2440716701556109 1.100887900682986 0.2541061999746338 1.504430376789537 -0.01003452981902289 -0.4035424761065511
2.616 0.2407403160128791 1.09488974188794 0.2507595178424838 1.498124080137877 -0.01001920182960472 -0.4032343382499375
2.618 0.2375140593169037 1.088942201454609 0.2475179682438969 1.491868871775658 -0.0100039089269932 -0.4029266703210491
2.62 0.2343898586577517 1.083045231041897 0.2443785096619555 1.485664702288266 -0.009988651004203819 -0.4026194712463694
2.622 0.2313648068149043 1.077198726998686 0.2413382347695638 1.479511466954333 -0.009973427954659457 -0.4023127399556476
2.624 0.2284361268642471 1.071402538593998 0.2383943665364355 1.473409013975884 -0.009958239672188486 -0.4020064753818859
2.626 0.2256011681702823 1.065656475748564 0.2355442542213053 1.467357152209891 -0.009943086051022943 -0.4017006764613269
2.628 0.2228574022837053 1.059960316315098 0.232785369269502 1.46135565844854 -0.009927966985796685 -0.4013953421334414
2.63 0.2202024187573831 1.054313812952047 0.2301153011289266 1.455404284292963 -0.009912882371543566 -0.4010904713409166
2.632 0.2176339208872746 1.04871669963329 0.2275317529909702 1.449502762662933 -0.009897832103695596 -0.4007860630296431
2.634 0.2151497213782466 1.043168697832265 0.2250325374563277 1.443650813980969 -0.00988281607808115 -0.4004821161487038
2.636 0.212747737928948 1.037669522415586 0.2226155721198712 1.437848152065947 -0.009867834190923158 -0.4001786296503607
2.638 0.2104259887244646 1.03221888727773 0.220278875063302 1.432094489767774 -0.00985288633883733 -0.3998756024900442
2.64 0.208182587819932 1.026816510743431 0.2180205602387623 1.426389544369771 -0.009837972418830335 -0.3995730336263398
2.642 0.2060157403932855 1.021462120759611 0.2158388327215836 1.420733042780588 -0.009823092328298077 -0.3992709220209772
2.644 0.2039237378406162 1.016155459893711 0.2137319838056401 1.415124726532529 -0.009808245965023887 -0.3989692666388178
2.646 0.2019049526829235 1.010896290148655 0.2116983859101003 1.409564356596499 -0.009793433227176813 -0.3986680664478437
2.648 0.1999578332488138 1.005684397597661 0.2097364872621237 1.404051718016806 -0.009778654013309827 -0.3983673204191449
2.65 0.1980808980941184 1.00051959683494 0.2078448063164766 1.398586624361848 -0.009763908222358135 -0.3980670275269086
2.652 0.1962727301159649 0.9954017352286804 0.2060219258696024 1.393168921977087 -0.00974919575363742 -0.3977671867484067
2.654 0.194531970316469 0.9903306969527725 0.2042664868233112 1.387798494016758 -0.009734516506842138 -0.3974677970639851
2.656 0.1928573111698216 0.9853064067627723 0.2025771815518654 1.382475264219823 -0.009719870382043798 -0.3971688574570512
2.658 0.1912474895464218 0.9803288334683624 0.2009527468261111 1.377199200382426 -0.009705257279689293 -0.3968703669140637
2.66 0.1897012791491579 0.9753979930402353 0.199391956249757 1.371970317464755 -0.009690677100599161 -0.3965723244245195
2.662 0.1882174824210197 0.9705139512743146 0.1978936121669857 1.366788680255259 -0.009676129745965954 -0.3962747289809441
2.664 0.1867949218895602 0.9656768259186258 0.1964565370069127 1.361654405497505 -0.009661615117352524 -0.3959775795788788
2.666 0.1854324309236588 0.960886788150033 0.1950795640403492 1.356567663366903 -0.009647133116690387 -0.3956808752168702
2.668 0.1841288438922013 0.9561440632697393 0.1937615275384794 1.351528678166198 -0.009632683646278051 -0.3953846148964591
2.67 0.1828829857329719 0.9514489304668594 0.1925012523417513 1.346537728089028 -0.009618266608779388 -0.3950887976221687
2.672 0.1816936609645079 0.9468017214810304 0.1912975428717299 1.341595143882524 -0.009603881907221969 -0.3947934224014938
2.674 0.1805596422044939 0.9422028179788551 0.1901491716494894 1.336701306223745 -0.00958952944499546 -0.3944984882448901
2.676 0.1794796582958735 0.9376526474450818 0.1890548674217235 1.331856641610844 -0.009575209125849988 -0.3942039941657626
2.678 0.1784523821868547 0.9331516773810773 0.1880133030407493 1.327061616561532 -0.009560920853894535 -0.3939099391804548
2.68 0.1774764187634104 0.9287004076024387 0.1870230832970058 1.322316729910676 -0.009546664533595317 -0.3936163223082377
2.682 0.1765502928921768 0.9242993604358524 0.186082732961951 1.317622503007152 -0.009532440069774228 -0.3933231425712996
2.684 0.1756724379967174 0.9199490686366434 0.1851906853643246 1.312979467631378 -0.009518247367607197 -0.3930303989947341
2.686 0.1748411855592282 0.9156500608861062 0.1843452718918509 1.308388151492637 -0.009504086332622664 -0.3927380906065303
2.688 0.1740547560093711 0.9114028447828939 0.1835447128800711 1.303849061220455 -0.009489956870699963 -0.3924462164375616
2.69 0.1733112515283314 0.9072078873202934 0.1827871104163991 1.299362662841868 -0.009475858888067797 -0.392154775521575
2.692 0.1726086513534105 0.9030655929418304 0.1820704436447131 1.294929359837011 -0.009461792291302652 -0.3918637668951807
2.694 0.171944810209965 0.8989762793920919 0.1813925671972923 1.290549468989933 -0.009447756987327279 -0.3915731895978414
2.696 0.1713174605150928 0.8949401517270615 0.180751213398502 1.286223194398923 -0.009433752883409131 -0.3912830426718618
2.698 0.1707242189827752 0.8909572750154476 0.180143998869934 1.281950600177826 -0.009419779887158846 -0.3909933251623779
2.7 0.1701625982043936 0.8870275464422144 0.1795684361109223 1.277731582559561 -0.00940583790652872 -0.3907040361173468
2.702 0.1696300236739129 0.8831506677092011 0.179021950523724 1.273565842296738 -0.009391926849811201 -0.3904151745875364
2.704 0.1691238565679926 0.8793261188010704 0.1785019031936299 1.269452858427585 -0.009378046625637361 -0.3901267396265142
2.706 0.1686414223754334 0.8755531343335617 0.1780056195184089 1.2653918646242 -0.009364197142975424 -0.3898387302906384
2.708 0.1681800452003276 0.8718306838048131 0.1775304235114569 1.261381829443859 -0.00935037831112925 -0.3895511456390463
2.71 0.1677370872476025 0.8681574571120947 0.1770736772873394 1.25742144184574 -0.009336590039736874 -0.389263984733645
2.712 0.1673099926532942 0.8645318566576194 0.1766328248920632 1.25350910329672 -0.009322832238769002 -0.3889772466391006
2.714 0.1668963344671606 0.8609519972337762 0.1762054392856882 1.249642927656605 -0.009309104818527581 -0.3886909304228285
2.716 0.1664938632593889 0.8574157146433534 0.1757892709490332 1.245820749798336 -0.009295407689644293 -0.3884050351549831
2.718 0.1661005555378343 0.8539205836759651 0.1753822963009134 1.242040143584413 -0.009281740763079138 -0.3881195599084477
2.72 0.165714659959237 0.8504639456385055 0.174982763909356 1.23829844939733 -0.009268103950118973 -0.3878345037588247
2.722 0.1653347392261646 0.8470429451495312 0.1745892363885407 1.234592810933957 -0.009254497162376071 -0.3875498657844257
2.724 0.1649597056022633 0.8436545753873553 0.17420062591405 1.230920220453616 -0.009240920311786697 -0.3872656450662609
2.726 0.1645888481624185 0.8402957304695278 0.1738162214730282 1.227277571157558 -0.009227373310609681 -0.3869818406880306
2.728 0.1642218502181703 0.8369632631812034 0.1734357062895953 1.223661714917317 -0.009213856071424997 -0.3866984517361138
2.73 0.1638587958044082 0.8336540459038851 0.1730591643115406 1.220069523203445 -0.009200368507132371 -0.3864154772995595
2.732 0.1635001646495089 0.830365032357602 0.1726870751804587 1.216497948827679 -0.009186910530949844 -0.3861329164700766
2.734 0.1631468156359647 0.8270933176826387 0.1723202976923771 1.212944086024663 -0.009173482056412429 -0.3858507683420243
2.736 0.1627999593449559 0.8238361944591668 0.1719600423423266 1.209405226471569 -0.00916008299737066 -0.3855690320124019
2.738 0.1624611208191592 0.8205912024856266 0.1716078340871485 1.205878909066467 -0.009146713267989279 -0.3852877065808407
2.74 0.1621320941324007 0.8173561704875223 0.1712654669151464 1.202362961637114 -0.009133372782745798 -0.3850067911495921
2.742 0.1618148906918148 0.8141292483730693 0.170934952148244 1.19885553319659 -0.009120061456429187 -0.3847262848235204
2.744 0.1615116834013929 0.8109089291492512 0.1706184626055313 1.195355115859343 -0.009106779204138472 -0.3844461867100918
2.746 0.161224748882511 0.8076940601199144 0.1703182748237924 1.19186055603928 -0.009093525941281412 -0.3841664959193655
2.748 0.1609564098883207 0.8044838434682882 0.1700367114718939 1.188371055032272 -0.009080301583573133 -0.3838872115639842
2.75 0.1607089798861214 0.8012778267483409 0.1697760859331562 1.184886159507506 -0.00906710604703481 -0.3836083327591651
2.752 0.1604847115429675 0.7980758841534237 0.1695386507909598 1.181405742776113 -0.009053939247992304 -0.3833298586226895
2.754 0.1602857505649642 0.794878189687614 0.169326551668039 1.177929977962509 -0.009040801103074866 -0.3830517882748951
2.756 0.1601140960385487 0.7916851835356312 0.1691417875677625 1.174459304374297 -0.009027691529213811 -0.3827741208386656
2.758 0.1599715681264796 0.7884975330213477 0.1689861785701208 1.170994388460769 -0.009014610443641187 -0.3824968554394214
2.76 0.1598597836988657 0.7853160895785222 0.1688613414627542 1.167536080783634 -0.009001557763888503 -0.3822199912051117
2.762 0.1597801402401953 0.7821418431468944 0.1687686736479807 1.164085370413098 -0.00898853340778539 -0.3819435272662038
2.764 0.1597338081685506 0.7789758753709943 0.1687093454620089 1.16064333812667 -0.008975537293458355 -0.3816674627556753
2.766 0.1597217315287678 0.775819312932622 0.1686843008680972 1.157211109741626 -0.008962569339329445 -0.3813917968090038
2.768 0.1597446368685023 0.7726732823005467 0.1686942663326173 1.153789810864706 -0.008949629464115018 -0.3811165285641595
2.77 0.1598030499635938 0.7695388671381191 0.1687397675504182 1.150380524299714 -0.008936717586824426 -0.3808416571615947
2.772 0.1598973199152594 0.7664170695703002 0.1688211535420182 1.146984251314536 -0.008923833626758778 -0.3805671817442359
2.774 0.1600276499873502 0.7633087764689517 0.1689386274908599 1.143601877926426 -0.008910977503509665 -0.380293101457474
2.776 0.1601941343814816 0.760214731859311 0.1690922835184395 1.140234147308468 -0.008898149136957918 -0.3800194154491566
2.778 0.1603967999611246 0.7571355164684377 0.1692821484083969 1.136881639338016 -0.008885348447272349 -0.3797461228695782
2.78 0.1606356517389833 0.7540715353143437 0.1695082270938919 1.133544758185816 -0.008872575354908518 -0.3794732228714719
2.782 0.160910720747001 0.7510230140618672 0.1697705505276085 1.130223728671868 -0.008859829780607488 -0.3792007146100005
2.784 0.1612221127324321 0.7479900046422537 0.1700692243778267 1.126918601885002 -0.008847111645394619 -0.378928597242748
2.786 0.1615700559872663 0.744972400347152 0.1704044768578446 1.123629270276862 -0.008834420870578313 -0.3786568699297105
2.788 0.1619549465429219 0.7419699602735544 0.1707767039206708 1.120355492106843 -0.008821757377748828 -0.3783855318332882
2.79 0.1623773889661438 0.7389823426303427 0.1711865100549209 1.117096924748619 -0.008809121088777044 -0.3781145821182762
2.792 0.1628382310886105 0.7360091460431428 0.1716347430144238 1.113853165994999 -0.008796511925813278 -0.3778440199518565
2.794 0.1633385911963354 0.7330499576407051 0.1721225210076215 1.110623802144294 -0.008783929811286069 -0.3775738445035889
2.796 0.1638798764894522 0.7301044064040638 0.1726512511573532 1.107408461349467 -0.008771374667901007 -0.3773040549454033
2.798 0.1644637919828361 0.7271722200359185 0.1732226384014756 1.104206870487509 -0.008758846418639516 -0.3770346504515902
2.8 0.1650923394270336 0.7242532834846555 0.1738386844137913 1.101018913683449 -0.008746344986757706 -0.3767656301987935
2.802 0.1657678062549612 0.7213476972472613 0.1745016765507464 1.097844690613262 -0.008733870295785179 -0.3764969933660011
2.804 0.1664927449682868 0.7184558336781979 0.1752141672378107 1.094684572812735 -0.008721422269523863 -0.3762287391345371
2.806 0.1672699437342801 0.7155783897366996 0.1759789445663269 1.091539256424753 -0.008709000832046855 -0.3759608666880535
2.808 0.1681023892414413 0.7127164348917795 0.1767989951491386 1.088409810104301 -0.008696605907697261 -0.3756933752125217
2.81 0.1689932230417686 0.7098714532424901 0.1776774604628557 1.085297717138714 -0.008684237421087039 -0.3754262638962243
2.812 0.1699456926800402 0.7070453792692786 0.1786175879771361 1.082204911199026 -0.008671895297095871 -0.3751595319297474
2.814 0.170963098878988 0.7042406269764623 0.179622678339858 1.079133805482434 -0.008659579460869994 -0.3748931785059718
2.816 0.172048739925446 0.7014601124881047 0.1806960297632671 1.07608731530817 -0.008647289837821101 -0.3746272028200649
2.818 0.1732058542068339 0.6987072703958757 0.1818408805604591 1.073068874465349 -0.00863502635362518 -0.3743616040694732
2.82 0.1744375616033816 0.6959860643137412 0.183060350537603 1.070082445767655 -0.008622788934221417 -0.3740963814539137
2.822 0.1757468041756003 0.6933009921637568 0.1843573816814114 1.067132526339123 -0.008610577505811056 -0.3738315341753661
2.824 0.1771362863237859 0.6906570867002936 0.1857346783186422 1.064224148138359 -0.008598391994856312 -0.373567061438065
2.826 0.1786084143590991 0.6880599116840058 0.1871946466871783 1.061362874132497 -0.008586232328079237 -0.3733029624484911
2.828 0.1801652352313602 0.6855155539539156 0.1887393336638208 1.05855479036928 -0.008574098432460644 -0.3730392364153646
2.83 0.1818083740223571 0.683030611429141 0.1903703642575961 1.055806493978777 -0.008561990235238993 -0.3727758825496362
2.832 0.1835389697435264 0.680612176817653 0.1920888774074357 1.053125076882133 -0.008549907663909321 -0.3725129000644798
2.834 0.1853576089795194 0.6782678165335926 0.1938954596257415 1.050518104708877 -0.008537850646222124 -0.3722502881752846
2.836 0.1872642569984982 0.676005544041802 0.1957900761086805 1.047993590141449 -0.008525819110182322 -0.3719880460996471
2.838 0.1892581861066405 0.6738337865737287 0.1977719990906887 1.045559959631092 -0.008513812984048144 -0.3717261730573636
2.84 0.1913379012576291 0.6717613439075976 0.1998397334539592 1.04322601217802 -0.00850183219633009 -0.3714646682704223
2.842 0.1935010632382997 0.6697973376917401 0.2019909399140896 1.041000868654736 -0.008489876675789845 -0.371203530962996
2.844 0.1957444101351374 0.6679511496296733 0.2042223564865766 1.038893909991107 -0.008477946351439237 -0.3709427603614337
2.846 0.1980636782386745 0.6662323467563875 0.2065297193912137 1.036914702450641 -0.008466041152539173 -0.3706823556942536
2.848 0.2004535240581938 0.6646505920355577 0.2089076850667924 1.035072908227693 -0.008454161008598599 -0.3704223161921356
2.85 0.2029074496851027 0.6632155386187455 0.2113497555344762 1.033378179706658 -0.008442305849373452 -0.3701626410879129
2.852 0.2054177343429155 0.6619367063520116 0.2138482099477811 1.031840035968577 -0.008430475604865623 -0.3699033296165655
2.854 0.2079753755722865 0.660823339514459 0.2163940457776084 1.030467720529671 -0.008418670205321927 -0.369644381015212
2.856 0.2105700440870106 0.6598842453477216 0.2189769336682437 1.029270039870824 -0.008406889581233076 -0.3693857945231026
2.858 0.2131900568586581 0.6591276137002194 0.2215851905219908 1.028255183081831 -0.008395133663332652 -0.3691275693816111
2.86 0.2158223733924765 0.6585608190717208 0.2242057757750726 1.027430523905949 -0.008383402382596094 -0.3688697048342281
2.862 0.2184526203830313 0.6581902074962267 0.226824316053271 1.02680240762278 -0.008371695670239678 -0.3686122001265532
2.864 0.2210651499164713 0.6580208720204572 0.2294251633741908 1.026375926526745 -0.008360013457719528 -0.3683550545062881
2.866 0.2236431360502485 0.6580564219752094 0.2319914917269791 1.026154689198438 -0.008348355676730588 -0.3680982672232287
2.868 0.2261687138847558 0.6582987527265969 0.2345054361439615 1.026140590255855 -0.008336722259205644 -0.3678418375292583
2.87 0.2286231640951122 0.6587478240352177 0.2369482772324266 1.026333588713558 -0.00832511313731432 -0.3675857646783399
2.872 0.2309871442914541 0.6594014564210231 0.2393006725349162 1.026731504347533 -0.008313528243462095 -0.3673300479265098
2.874 0.2332409665322104 0.6602551558877998 0.2415429340424997 1.027329842419669 -0.008301967510289316 -0.3670746865318692
2.876 0.2353649178824616 0.6613019778523028 0.2436553487531319 1.028121657606881 -0.008290430870670235 -0.3668196797545785
2.878 0.2373396181996085 0.6625324410057147 0.2456185364573205 1.029097467862563 -0.008278918257712002 -0.3665650268568484
2.88 0.2391464065020399 0.6639345009899056 0.2474138361067937 1.03024522809284 -0.008267429604753736 -0.3663107271029347
2.882 0.2407677445445601 0.6654935921251754 0.2490237093899256 1.031550371884305 -0.008255964845365525 -0.3660567797591299
2.884 0.2421876238337316 0.6671927429753175 0.2504321477470791 1.032995927069074 -0.008244523913347492 -0.3658031840937564
2.886 0.2433919605215163 0.6690127683546627 0.2516250672642451 1.034562707731823 -0.008233106742728827 -0.3655499393771599
2.888 0.2443689616552818 0.6709325366340964 0.2525906749230487 1.036229581515799 -0.008221713267766845 -0.3652970448817023
2.89 0.2451094463239724 0.6729293071374927 0.2533197897469184 1.037973807019247 -0.008210343422946027 -0.3650444998817541
2.892 0.2456071064273743 0.6749791283475335 0.2538061035703514 1.039771432001222 -0.008198997142977097 -0.3647923036536886
2.894 0.2458586941067796 0.6770572839067341 0.2540463684695757 1.041597739382608 -0.008187674362796063 -0.3645404554758739
2.896 0.2458641261931668 0.6791387703486629 0.2540405012107301 1.04342772497733 -0.008176375017563313 -0.3642889546286669
2.898 0.2456265001213326 0.6811987884174999 0.2537915991639953 1.045236588811906 -0.008165099042662657 -0.3640378003944058
2.9 0.2451520203047759 0.6832132289368739 0.2533058666784763 1.047000220994277 -0.008153846373700428 -0.3637869920574036
2.902 0.2444498385911956 0.6851591345631622 0.2525924555377001 1.048695663467104 -0.008142616946504547 -0.3635365289039414
2.904 0.2435318167365905 0.6870151203633383 0.2516632274337141 1.0503015305856 -0.008131410697123627 -0.3632864102222617
2.906 0.2424122224996323 0.6887617388314948 0.2505324500614584 1.051798374134056 -0.008120227561826038 -0.363036635302561
2.908 0.2411073736965371 0.6903817784397583 0.2492164411736361 1.053168981876742 -0.008109067477099025 -0.3627872034369841
2.91 0.2396352462043772 0.6918604887799942 0.247733176584025 1.054398602699611 -0.00809793037964779 -0.3625381139196165
2.912 0.2380150624105795 0.6931857294422989 0.2461018786169742 1.055475095488777 -0.00808681620639461 -0.3622893660464785
2.914 0.2362668760416086 0.6943480436655202 0.2443426009360866 1.056389002781038 -0.008075724894477927 -0.3620409591155181
2.916 0.2344111678227842 0.6953406612057881 0.2424758242040357 1.057133553632393 -0.00806465638125148 -0.3617928924266048
2.918 0.2324684642462178 0.6961594376018694 0.2405220748505012 1.057704602883392 -0.008053610604283399 -0.3615451652815224
2.92 0.2304589891076672 0.6968027389611162 0.2385015766090225 1.05810051594508 -0.008042587501355348 -0.3612977769839633
2.922 0.2284023546708609 0.6972712825195282 0.2364339416813225 1.058322009359049 -0.008031587010461626 -0.3610507268395212
2.924 0.2263172965576341 0.6975679435921134 0.2343379056274424 1.058371957747799 -0.008020609069808322 -0.3608040141556851
2.926 0.2242214539286293 0.6976975392294855 0.2322311075464417 1.058255177471318 -0.008009653617812418 -0.3605576382418329
2.928 0.2221311943455148 0.6976665980694133 0.2301299149386157 1.057978196478638 -0.007998720593100955 -0.3603115984092246
2.93 0.2200614809702676 0.6974831246704996 0.2280492909047778 1.057549018641495 -0.007987809934510147 -0.3600658939709958
2.932 0.2180257784893539 0.697156365188532 0.2260027000704384 1.056976889430684 -0.007976921581084552 -0.3598205242421523
2.934 0.2160359933407823 0.6966965797386946 0.2240020488128585 1.056272068278257 -0.007966055472076196 -0.3595754885395623
2.936 0.2141024434306803 0.6961148252906697 0.222057654977624 1.055445611472621 -0.007955211546943749 -0.3593307861819515
2.938 0.2122338524933045 0.6954227515556803 0.2201782422386562 1.054509168045576 -0.007944389745351672 -0.3590864164898955
2.94 0.2104373645076499 0.6946324111056059 0.2183709545148193 1.053474789891421 -0.00793359000716937 -0.3588423787858146
2.942 0.2087185740637486 0.693756083952959 0.216641386336219 1.052354756346926 -0.007922812272470374 -0.3585986723939668
2.944 0.2070815692053703 0.6928061160364994 0.2149936256869018 1.051161412676942 -0.007912056481531501 -0.3583552966404421
2.946 0.2055289840014972 0.6917947705056966 0.2134303065763292 1.049907021358852 -0.007901322574832018 -0.3581122508531558
2.948 0.2040620588626561 0.6907340903727663 0.2119526693557089 1.048603624734609 -0.007890610493052843 -0.3578695343618428
2.95 0.2026807073721754 0.6896357709907814 0.2105606275492511 1.047262917488833 -0.007879920177075703 -0.3576271464980512
2.952 0.2013835891058283 0.6885110409028694 0.2092528406738107 1.045896127498006 -0.007869251567982337 -0.3573850865951363
2.954 0.2001681885295069 0.6873705498688369 0.2080267931365606 1.044513903857091 -0.007858604607053661 -0.357143353988254
2.956 0.1990309005614762 0.686224263286246 0.2068788797972452 1.043126211300602 -0.007847979235768989 -0.3569019480143559
2.958 0.1979671237338826 0.6850813627532132 0.2058044991296878 1.041742230765395 -0.00783737539580521 -0.3566608680121818
2.96 0.1969713620623354 0.6839501531348653 0.2047981550913714 1.04037026645712 -0.007826793029035998 -0.3564201133222546
2.962 0.1960373367125343 0.682837977152785 0.2038535687900653 1.039017660439659 -0.007816232077531 -0.3561796832868742
2.964 0.1951581083251162 0.6817511391688096 0.2029638008086712 1.037690716418921 -0.007805692483555073 -0.3559395772501113
2.966 0.1943262104220988 0.6806948404262877 0.2021213846116662 1.036394634984089 -0.007795174189567463 -0.3556997945578014
2.968 0.1935337936809056 0.6796731284843867 0.2013184708191267 1.035133463041926 -0.007784677138221044 -0.3554603345575393
2.97 0.1927727800525097 0.6786888638738543 0.2005469813248712 1.033910060472527 -0.007774201272361521 -0.3552211965986726
2.972 0.1920350247655705 0.6777437070602199 0.1997987713005972 1.032726087092516 -0.007763746535026667 -0.3549823800322962
2.974 0.1913124832643635 0.6768381285776717 0.199065796133809 1.031582012788918 -0.007753312869445533 -0.3547438842112464
2.976 0.1905973791574871 0.6759714446673755 0.1983402793765248 1.030477153157471 -0.0077429002190377 -0.3545057084900953
2.978 0.189882368401257 0.6751418799167355 0.1976148769286694 1.02940973214188 -0.00773250852741248 -0.3542678522251441
2.98 0.1891606943041823 0.6743466572800662 0.1968828320425505 1.028376972054485 -0.007722137738368188 -0.3540303147744185
2.982 0.1884263276063118 0.6735821145288081 0.1961381154022032 1.02737521002647 -0.007711787795891357 -0.353793095497662
2.984 0.1876740859305471 0.6728438447231742 0.1953755445747031 1.026400038479505 -0.007701458644155998 -0.3535561937563307
2.986 0.1868997273613545 0.6721268568329689 0.1945908775888774 1.025446465746556 -0.007691150227522833 -0.3533196089135874
2.988 0.1861000137801376 0.6714257512923201 0.1937808762706762 1.024509091626616 -0.007680862490538565 -0.3530833403342959
2.99 0.1852727408332253 0.6707349041770088 0.1929433362111604 1.023582291562024 -0.007670595377935111 -0.3528473873850151
2.992 0.1844167329445053 0.6700486529528662 0.1920770817791342 1.02266040238686 -0.007660348834628881 -0.352611749433994
2.994 0.1835318034934498 0.6693614764359468 0.1911819262991698 1.021737902287112 -0.007650122805720023 -0.3523764258511654
2.996 0.1826186820248657 0.6686681617646336 0.1902585992613574 1.020809577772774 -0.0076399172364917 -0.3521414160081405
2.998 0.181678911999842 0.6679639517988087 0.1893086440722514 1.019870671077012 -0.00762973207240935 -0.3519067192782036
3 0.1807147240115517 0.6672446673762376 0.1883342912706717 1.018917002412544 -0.007619567259119965 -0.3516723350363061
3.002 0.1797288904766339 0.6665068001801756 0.1873383132190853 1.017945062839237 -0.007609422742451359 -0.3514382626590612
3.004 0.1787245685113432 0.665747573491078 0.1863238669797547 1.016952075015817 -0.00759929846841145 -0.3512045015247384
3.006 0.1777051379907677 0.6649649696882786 0.1852943323739552 1.015936020701537 -0.007589194383187552 -0.3509710510132581
3.008 0.1766740416871987 0.6641577249203221 0.1842531521203444 1.014895635426508 -0.007579110433145636 -0.3507379105061856
3.01 0.1756346339394058 0.663325292780756 0.1832036805042354 1.013830372167483 -0.007569046564829645 -0.3505050793867266
3.012 0.1745900435868911 0.6624677800409207 0.1821490463118519 1.012740337080641 -0.007559002724960772 -0.3502725570397207
3.014 0.1735430559905976 0.6615858584636178 0.1810920348510344 1.011626201315254 -0.007548978860436757 -0.3500403428516366
3.016 0.1724960179298646 0.6606806574388426 0.1800349928481958 1.01048909364941 -0.007538974918331182 -0.3498084362105668
3.018 0.1714507680794744 0.6597536426543336 0.1789797589253672 1.009330479160556 -0.007528990845892787 -0.349576836506222
3.02 0.1704085946810917 0.6588064862617977 0.1779276212716364 1.008152029391723 -0.007519026590544758 -0.3493455431299257
3.022 0.169370220963779 0.6578409340529217 0.176879303063663 1.006955489527531 -0.007509082099884047 -0.3491145554746091
3.024 0.1683358178579282 0.6568586750441043 0.1758349751796089 1.00574254797891 -0.007499157321680674 -0.3488838729348054
3.026 0.1673050425958011 0.6558612186059448 0.1747942947996782 1.00451471351259 -0.00748925220387705 -0.3486534949066454
3.028 0.1662771009060095 0.6548497838745324 0.1737564676005968 1.003273204662383 -0.007479366694587291 -0.348423420787851
3.03 0.1652508296958298 0.6538252056506999 0.1727203304379264 1.002018855628431 -0.007469500742096538 -0.3481936499777309
3.032 0.1642247963888506 0.6527878603298686 0.1716844506837109 1.000752042207044 -0.007459654294860285 -0.3479641818771751
3.034 0.163197410469117 0.6517376146090494 0.1706472377706207 0.9994726304976992 -0.007449827301503703 -0.3477350158886497
3.036 0.1621670423081703 0.6506737987950117 0.1696070620189913 0.9981799502112033 -0.007440019710820965 -0.3475061514161916
3.038 0.1611321440560226 0.649595205506792 0.1685623755277972 0.9968727933721954 -0.007430231471774598 -0.3472775878654035
3.04 0.1600913672988621 0.6485001134599226 0.1675118298323569 0.9955494381033712 -0.007420462533494789 -0.3470493246434486
3.042 0.1590436723555435 0.6473863348890936 0.1664543852008222 0.9942076960481396 -0.007410712845278761 -0.346821361159046
3.044 0.1579884245182736 0.6462512840745331 0.1653894068748637 0.9928449808969979 -0.007400982356590081 -0.3465936968224647
3.046 0.1569254732358333 0.6450920634582424 0.1643167442528913 0.9914583945037619 -0.007391271017058033 -0.3463663310455194
3.048 0.1558552111609177 0.6439055630424716 0.1632367899373946 0.9900448262840366 -0.007381578776476944 -0.346139263241565
3.05 0.1547786110832514 0.642688568219022 0.1621505166680569 0.9886010610445134 -0.007371905584805555 -0.3459124928254914
3.052 0.1536972399728918 0.6414378709299324 0.1610594913650581 0.9871238901436513 -0.007362251392166359 -0.3456860192137189
3.054 0.1526132505751945 0.6401503791283879 0.1599658667240394 0.9856102209525811 -0.007352616148844977 -0.3454598418241932
3.056 0.1515293521397405 0.638823219884473 0.15887235194503 0.984057179960853 -0.007342999805289496 -0.34523396007638
3.058 0.1504487628464564 0.6374538321261998 0.1577821651585663 0.98246220551746 -0.007333402312109849 -0.3450083733912603
3.06 0.1493751472460088 0.6360400458599791 0.156698970866086 0.9808231270513045 -0.007323823620077176 -0.3447830811913254
3.062 0.1483125425167378 0.6345801456983204 0.155626806196861 0.9791382285988929 -0.007314263680123192 -0.3445580829005725
3.064 0.1472652775416071 0.6330729175511649 0.1545699999849467 0.9774062954956636 -0.00730472244333956 -0.3443333779444986
3.066 0.1462378887386283 0.6315176783293502 0.1535330885996055 0.9756266440794473 -0.007295199860977271 -0.3441089657500971
3.068 0.1452350362720648 0.6299142893945195 0.1525207321565108 0.9737991351403709 -0.007285695884446003 -0.3438848457458514
3.07 0.1442614237818688 0.6282631552179245 0.1515376342471823 0.9719241725796561 -0.007276210465313535 -0.3436610173617315
3.072 0.143321724155546 0.6265652092499578 0.1505884677108511 0.970002689279146 -0.007266743555305088 -0.3434374800291882
3.074 0.1424205131921726 0.6248218893430751 0.1496778082984754 0.9680361225242239 -0.007257295106302755 -0.3432142331811487
3.076 0.141562212329107 0.6230351052212202 0.1488100773994519 0.9660263814732321 -0.007247865070344856 -0.3429912762520119
3.078 0.1407510409649409 0.6212072004715445 0.1479894943645662 0.9639758091491876 -0.007238453399625341 -0.3427686086776431
3.08 0.1399909783514192 0.6193409113801251 0.1472200383979124 0.9618871412754949 -0.007229060046493194 -0.3425462298953698
3.082 0.1392857345640919 0.6174393246782188 0.1465054195275437 0.9597634640221957 -0.007219684963451816 -0.3423241393439769
3.084 0.1386387297054767 0.6155058359451535 0.1458490578086351 0.9576081724088551 -0.007210328103158432 -0.3421023364637016
3.086 0.1380530802446996 0.6135441100596262 0.1452540696631231 0.9554249307558554 -0.007200989418423494 -0.3418808206962293
3.088 0.1375315912460128 0.6115580447303572 0.1447232601082229 0.9532176362150455 -0.007191668862210081 -0.3416595914846882
3.09 0.137076753172332 0.6095517377904345 0.1442591195599653 0.95099038606408 -0.007182366387633324 -0.3414386482736456
3.092 0.1366907419535651 0.6075294586205526 0.1438638239015249 0.9487474491296548 -0.007173081947959779 -0.3412179905091021
3.094 0.1363754210676061 0.6054956237840314 0.143539236564213 0.9464932414225193 -0.007163815496606889 -0.3409976176384879
3.096 0.1361323444799118 0.6034547767141242 0.1432869114670542 0.944232305824782 -0.007154566987142365 -0.3407775291106578
3.098 0.1359627594128673 0.601411571091335 0.1431080957861509 0.9419692954672219 -0.007145336373283619 -0.3405577243758869
3.1 0.1358676080591831 0.5993707573828452 0.1430037316680803 0.9397089602687105 -0.007136123608897178 -0.3403382028858654
3.102 0.135847527506852 0.5973371718838394 0.1429744561548501 0.9374561359775342 -0.007126928647998117 -0.3401189640936947
3.104 0.1359028473023307 0.5953157274961937 0.1430205987470802 0.9352157349500765 -0.00711775144474948 -0.3399000074538828
3.106 0.1360335842414279 0.5933114053999273 0.1431421761948896 0.9329927378222667 -0.007108591953461706 -0.3396813324223393
3.108 0.1362394341432208 0.5913292467135981 0.1433388842718128 0.9307921851699695 -0.007099450128592067 -0.3394629384563714
3.11 0.1365197605325192 0.5893743431985496 0.1436100864572633 0.9286191682132289 -0.007090325924744102 -0.3392448250146793
3.112 0.1368735803326222 0.5874518260387209 0.1439547996292892 0.9264788175960723 -0.007081219296667044 -0.3390269915573514
3.114 0.1372995468543901 0.5855668517238046 0.1443716770536453 0.9243762892696651 -0.007072130199255277 -0.3388094375458605
3.116 0.1377959305619885 0.5837245840813028 0.1448589891495363 0.9223167465243614 -0.007063058587547755 -0.3385921624430585
3.118 0.1383605983008057 0.5819301715480173 0.1454146027175331 0.9203053372611905 -0.007054004416727472 -0.3383751657131732
3.12 0.1389909918877919 0.5801887188502559 0.1460359595299127 0.9183471656720582 -0.007044967642120881 -0.3381584468218023
3.122 0.1396841071862868 0.5785052523815143 0.1467200554054842 0.916447257617425 -0.007035948219197371 -0.3379420052359107
3.124 0.1404364750097555 0.5768846787357595 0.1474634211133242 0.9146105191595845 -0.0070269461035687 -0.3377258404238249
3.126 0.1412441454118236 0.5753317360816521 0.148262106662812 0.9128416879368815 -0.007017961250988454 -0.3375099518552293
3.128 0.1421026771106202 0.5738509383544327 0.1491116707279717 0.9111452773555941 -0.007008993617351502 -0.3372943390011615
3.13 0.1430071339453326 0.572446512602375 0.150007177104026 0.9095255139363833 -0.007000043158693463 -0.3370790013340083
3.132 0.1439520903503873 0.5711223302531652 0.1509432001815775 0.9079862685806663 -0.006991109831190158 -0.3368639383275012
3.134 0.1449316478339618 0.5698818335552411 0.1519138414251189 0.9065309830119533 -0.00698219359115708 -0.3366491494567121
3.136 0.1459394643360904 0.5687279589858842 0.1529127587311392 0.9051625931839337 -0.006973294395048855 -0.3364346341980494
3.138 0.1469687980926641 0.5676630599775543 0.1539332102921228 0.9038834520068074 -0.006964412199458717 -0.3362203920292531
3.14 0.1480125672255621 0.5666888318619953 0.15496811418668 0.9026952542913864 -0.00695554696111797 -0.3360064224293912
3.142 0.1490634257027885 0.5658062424241573 0.156010124339684 0.9015989673030125 -0.006946698636895477 -0.3357927248788551
3.144 0.1501138555664721 0.5650154718427367 0.1570517227502692 0.9005947707020924 -0.006937867183797112 -0.3355792988593557
3.146 0.1511562744280158 0.5643158660136924 0.1580853269869811 0.899682009867611 -0.006929052558965263 -0.3353661438539187
3.148 0.1521831562140934 0.5637059072515422 0.1591034109337717 0.8988591665984234 -0.006920254719678296 -0.3351532593468812
3.15 0.1531871620716617 0.5631832060916387 0.1600986356950117 0.8981238509155255 -0.006911473623350045 -0.3349406448238867
3.152 0.154161277281636 0.5627445173415919 0.1610639865091653 0.8974728171134738 -0.006902709227529289 -0.3347282997718818
3.154 0.1550989490800461 0.5623857826416884 0.1619929105699454 0.8969020063207999 -0.006893961489899254 -0.3345162236791115
3.156 0.1559942195410592 0.5621022006122771 0.1628794499093363 0.8964066166473922 -0.006885230368277084 -0.334304416035115
3.158 0.1568418472340829 0.5618883242439465 0.1637183630546963 0.8959812005746688 -0.006876515820613348 -0.3340928763307223
3.16 0.1576374113059502 0.5617381836100689 0.1645052291109418 0.8956197876681184 -0.006867817804991525 -0.3338816040580496
3.162 0.1583773920109086 0.5616454303645875 0.1652365282905361 0.8953160290750825 -0.006859136279627506 -0.333670598710495
3.164 0.1590592225298459 0.5616034989619592 0.165909693732715 0.8950633587446944 -0.006850471202869087 -0.3334598597827353
3.166 0.1596813081553873 0.5616057782350368 0.1665231306885828 0.8948551650057579 -0.006841822533195476 -0.3332493867707212
3.168 0.1602430104971521 0.5616457860116209 0.1670762007263689 0.8946849651832944 -0.006833190229216786 -0.3330391791716736
3.17 0.1607445961711592 0.5617173389349369 0.1675691704208328 0.8945465754190165 -0.006824574249673557 -0.3328292364840796
3.172 0.1611871513411472 0.5618147096299201 0.1680031258945834 0.8944342678376085 -0.006815974553436238 -0.3326195582076884
3.174 0.1615724653316424 0.5619327638316958 0.1683798564311471 0.8943429076752034 -0.006807391099504725 -0.3324101438435076
3.176 0.1619028881946208 0.5620670710246449 0.1687017120416286 0.8942680639184438 -0.00679882384700785 -0.332200992893799
3.178 0.162181168467869 0.5622139834484297 0.1689714412230719 0.8942060883105043 -0.006790272755202911 -0.3319921048620746
3.18 0.1624102783338197 0.5623706799023866 0.1691920161172949 0.8941541591554795 -0.006781737783475167 -0.3317834792530928
3.182 0.1625932339333604 0.5625351725003314 0.1693664528246978 0.8941102880731862 -0.006773218891337388 -0.3315751155728549
3.184 0.1627329187099321 0.5627062762737463 0.1694976347483615 0.8940732896023466 -0.006764716038429338 -0.3313670133286002
3.186 0.1628319173892324 0.5628835431883874 0.1695881465737497 0.8940427152171907 -0.00675622918451733 -0.3311591720288033
3.188 0.162892367596819 0.5630671636473847 0.1696401258863127 0.894018754830554 -0.00674775828949373 -0.3309515911831694
3.19 0.1629158352484028 0.5632578398494821 0.1696551385617793 0.8940021101521127 -0.006739303313376486 -0.3307442703026306
3.192 0.1629032187853864 0.5634566364274249 0.1696340830016951 0.8939938453267673 -0.006730864216308664 -0.3305372088993424
3.194 0.1628546861324389 0.5636648146024705 0.1695771270909969 0.8939952210891502 -0.006722440958557977 -0.3303304064866797
3.196 0.1627696469723403 0.5638836566624266 0.1694836804728566 0.8940075192416592 -0.006714033500516307 -0.3301238625792326
3.198 0.1626467616001291 0.5641142879127825 0.1693524034028283 0.894031864605586 -0.006705641802699257 -0.3299175766928035
3.2 0.1624839862566881 0.5643575033710163 0.1691812520824338 0.8940690517154186 -0.006697265825745672 -0.3297115483444023
3.202 0.1622786534690319 0.5646136063718818 0.1689675589994491 0.8941193834241254 -0.006688905530417187 -0.3295057770522435
3.204 0.1620275845608076 0.5648822659172814 0.1687081454384054 0.8941825282530232 -0.00668056087759776 -0.3293002623357419
3.206 0.1617272301704487 0.5651623990220528 0.1683994619987419 0.8942574027375618 -0.006672231828293228 -0.329095003715509
3.208 0.1613738333693447 0.5654520834609825 0.1680377517129756 0.8943420841743319 -0.006663918343630833 -0.3288900007133494
3.21 0.1609636088668298 0.5657485052039524 0.1676192292516886 0.8944337580562095 -0.006655620384858789 -0.3286852528522571
3.212 0.1604929308954264 0.5660479434442702 0.1671402688087722 0.8945287031006817 -0.00664733791334581 -0.3284807596564114
3.214 0.1599585217678787 0.5663457945138383 0.1665975926584594 0.8946223151650122 -0.006639070890580681 -0.328276520651174
3.216 0.1593576328632905 0.5666366342009603 0.1659884521414623 0.8947091695640449 -0.006630819278171794 -0.3280725353630845
3.218 0.1586882099933536 0.566914316135537 0.1653107930312003 0.8947831194553943 -0.006622583037846714 -0.3278688033198573
3.22 0.1579490357531316 0.5671721021004924 0.1645633978845833 0.8948374261508703 -0.006614362131451726 -0.3276653240503778
3.222 0.1571398425671978 0.567402818498954 0.1637459990881492 0.8948649155836527 -0.0066061565209514 -0.3274620970846986
3.224 0.1562613916503965 0.5675990318850755 0.1628593578188247 0.8948581538391118 -0.00659796616842815 -0.3272591219540363
3.226 0.1553155149184398 0.5677532355661059 0.1619053059545216 0.8948096337568733 -0.006589791036081799 -0.3270563981907674
3.228 0.1543051188768375 0.5678580388839114 0.1608867499630666 0.8947119642123365 -0.006581631086229129 -0.3268539253284251
3.23 0.1532341515354418 0.5679063509204045 0.1598076378167453 0.8945580538221 -0.006573486281303467 -0.3266517029016954
3.232 0.1521075352825278 0.5678915510268231 0.1586728918663821 0.8943412814732372 -0.006565356583854245 -0.3264497304464141
3.234 0.1509310702647353 0.5678076396849346 0.1574883122212819 0.8940556471844973 -0.006557241956546558 -0.3262480074995626
3.236 0.1497113140449301 0.5676493646617335 0.1562604564070909 0.8936958982609983 -0.006549142362160755 -0.3260465335992647
3.238 0.1484554440789251 0.5674123190835836 0.1549965018425171 0.8932576273683666 -0.006541057763592 -0.325845308284783
3.24 0.1471711098422295 0.56709300978616 0.1537040979660794 0.8927373408826756 -0.006532988123849851 -0.3256443310965156
3.242 0.1458662812734526 0.5666888959551993 0.1523912146795104 0.8921324975311917 -0.006524933406057837 -0.3254436015759924
3.244 0.1445490996442223 0.5661983995434359 0.1510659932176753 0.8914415188093072 -0.006516893573453031 -0.3252431192658713
3.246 0.1432277361069339 0.565620890145915 0.1497366046963196 0.8906637738558506 -0.006508868589385647 -0.3250428837099356
3.248 0.1419102621154438 0.5649566478897889 0.1484111205327624 0.8897995423428786 -0.006500858417318603 -0.3248428944530896
3.25 0.1406045347647005 0.5642068084317249 0.1470973977855276 0.888849959473081 -0.006492863020827122 -0.3246431510413561
3.252 0.1393180989489731 0.5633732943731118 0.1458029813125714 0.8878169473949836 -0.006484882363598301 -0.3244436530218718
3.254 0.1380581071727486 0.5624587373403103 0.1445350235821793 0.8867031372831953 -0.00647691640943071 -0.3242443999428851
3.256 0.1368312569195964 0.561466394689268 0.1433002220418304 0.8855117860430197 -0.006468965122233989 -0.3240453913537518
3.258 0.135643744727057 0.5604000643420619 0.1421047731930854 0.8842466911469942 -0.00646102846602842 -0.3238466268049322
3.26 0.1345012355439573 0.5592640007083817 0.1409543419489018 0.8829121065563693 -0.006453106404944539 -0.3236481058479876
3.262 0.1334088455572436 0.5580628340419312 0.1398540444604663 0.881512662077508 -0.006445198903222713 -0.3234498280355768
3.264 0.1323711364538282 0.5568014949760305 0.138808442379041 0.8800532878974834 -0.006437305925212758 -0.3232517929214529
3.266 0.1313921190060072 0.5554851454092984 0.1378215464413807 0.8785391454697582 -0.00642942743537351 -0.3230540000604598
3.268 0.1304752639096277 0.5541191163947932 0.1368968273079002 0.8769755654033223 -0.00642156339827246 -0.3228564490085292
3.27 0.1296235179352034 0.5527088532392175 0.1360372317137887 0.8753679925618942 -0.006413713778585317 -0.3226591393226768
3.272 0.1288393236481656 0.5512598676491997 0.1352452021892612 0.8737219382101991 -0.006405878541095649 -0.3224620705609994
3.274 0.128124641192566 0.5497776964692257 0.1345226988432605 0.872042938751897 -0.006398057650694451 -0.3222652422826713
3.276 0.127480970894917 0.5482678663370779 0.1338712219672968 0.8703365203850194 -0.006390251072379793 -0.3220686540479415
3.278 0.1269093757170873 0.5467358634316428 0.1332918344883437 0.8686081688497727 -0.006382458771256387 -0.3218723054181298
3.28 0.1264105028585855 0.5451871073971029 0.1327851835711207 0.8668633033527268 -0.006374680712535228 -0.3216761959556239
3.282 0.1259846040719126 0.5436269284902173 0.1323515209334458 0.8651072537140935 -0.006366916861533195 -0.3214803252238761
3.284 0.1256315545048408 0.542060547007658 0.1319907216885134 0.8633452397950583 -0.006359167183672661 -0.3212846927874002
3.286 0.1253508701166322 0.5404930541027113 0.1317023017611132 0.8615823523144793 -0.006351431644481108 -0.321089298211768
3.288 0.1251417239284481 0.5389293931920291 0.1314854341380388 0.8598235342556355 -0.006343710209590758 -0.3208941410636064
3.29 0.1250029615581226 0.5373743412809584 0.1313389644028608 0.858073562191552 -0.006336002844738172 -0.3206992209105936
3.292 0.1249331166520714 0.5358324896981117 0.1312614261678352 0.8563370270195687 -0.006328309515763884 -0.320504537321457
3.294 0.1249304269570177 0.5343082239248296 0.1312510571456297 0.8546183137907984 -0.006320630188612014 -0.3203100898659688
3.296 0.1249928518646705 0.5328057024305159 0.1313058166940004 0.8529215805454597 -0.006312964829329899 -0.3201158781149438
3.298 0.1251180923054364 0.5313288346758209 0.1314234057095041 0.8512507363160564 -0.006305313404067708 -0.3199219016402354
3.3 0.1253036138536225 0.5298812587158874 0.1316012897327005 0.849609418730621 -0.006297675879078086 -0.3197281600147336
3.302 0.125546673827436 0.5284663191150916 0.1318367260481517 0.8480009719274522 -0.006290052220715759 -0.3195346528123605
3.304 0.1258443530147249 0.5270870461584127 0.1321267954101621 0.846428425766481 -0.006282442395437179 -0.3193413796080683
3.306 0.1261935924248403 0.5257461375947423 0.1324684387946404 0.8448944775725779 -0.006274846369800153 -0.3191483399778355
3.308 0.1265912351578659 0.5244459443523464 0.1328584992683294 0.8434014778510105 -0.006267264110463473 -0.3189555334986641
3.31 0.1270340731011822 0.5231884618015015 0.1332937686853687 0.8419514215500782 -0.006259695584186551 -0.3187629597485767
3.312 0.1275188977236153 0.5219753281798856 0.1337710384814444 0.8405459464864986 -0.006252140757829059 -0.318570618306613
3.314 0.1280425537624948 0.5208078317199658 0.1342871533608454 0.8391863404727926 -0.006244599598350557 -0.3183785087528269
3.316 0.1286019941198468 0.5196869278077065 0.1348390661926569 0.8378735584759901 -0.006237072072810145 -0.3181866306682836
3.318 0.1291943338398162 0.5186132671507724 0.1354238919881822 0.8366082507858288 -0.006229558148366085 -0.3179949836350564
3.32 0.1298169006726635 0.5175872354465245 0.1360389584649389 0.8353908026827483 -0.006222057792275467 -0.3178035672362239
3.322 0.1304672794844335 0.5166090044338758 0.1366818504563273 0.8342213854897421 -0.006214570971893832 -0.3176123810558663
3.324 0.13114334768362 0.5156785935215985 0.1373504453382949 0.833100018200662 -0.006207097654674829 -0.3174214246790635
3.326 0.1318432989344581 0.5147959404545065 0.1380429367426279 0.8320266381463977 -0.006199637808169851 -0.3172306976918912
3.328 0.132565652722993 0.513960978763259 0.1387578441230207 0.831001178444677 -0.006192191400027696 -0.3170401996814181
3.33 0.1333092478319923 0.5131737191010977 0.1394940062299865 0.8300236493368007 -0.006184758397994205 -0.3168499302357031
3.332 0.1340732184393787 0.5124343310571446 0.1402505572092906 0.8290942200009372 -0.00617733876991192 -0.3166598889437925
3.334 0.1348569523405485 0.5117432216958806 0.1410268848242682 0.8282132970915972 -0.00616993248371973 -0.3164700753957166
3.336 0.1356600316550165 0.511101106935711 0.141822571162469 0.8273815961181979 -0.006162539507452534 -0.316280489182487
3.338 0.1364821572517323 0.5105090719571055 0.1426373170609732 0.826600201853199 -0.006155159809240887 -0.3160911298960936
3.34 0.1373230589570061 0.5099686171135741 0.1434708523143168 0.8258706142430758 -0.006147793357310662 -0.3159019971295017
3.342 0.1381823943444673 0.5094816862811291 0.14432283446445 0.8251947767577785 -0.006140440119982707 -0.3157130904766494
3.344 0.1390596395105575 0.5090506751850841 0.14519273957623 0.8245750847175279 -0.006133100065672504 -0.3155244095324439
3.346 0.1399539756911598 0.5086784179431008 0.1460797488540496 0.8240143718358602 -0.006125773162889828 -0.3153359538927594
3.348 0.1408641758712853 0.5083681508162766 0.1469826352515237 0.8235158739707108 -0.006118459380238418 -0.3151477231544342
3.35 0.1417884956887299 0.5081234529289957 0.1478996543751455 0.8230831698442627 -0.006111158686415625 -0.3149597169152669
3.352 0.1427245729521042 0.5079481644766668 0.1488284440023163 0.8227200992506815 -0.006103871050212098 -0.3147719347740147
3.354 0.1436693400045867 0.507846283674483 0.1497659364450982 0.822430660004873 -0.006096596440511432 -0.3145843763303899
3.356 0.1446189529844272 0.507821844407177 0.1507082878107171 0.8222188855922343 -0.006089334826289847 -0.3143970411850573
3.358 0.1455687417711479 0.5078787772246161 0.1516508279477637 0.822088706164247 -0.006082086176615848 -0.314209928939631
3.36 0.1465131840624093 0.5080207569996815 0.1525880345230592 0.8220437961963538 -0.00607485046064991 -0.3140230391966722
3.362 0.1474459065877268 0.5082510412285044 0.1535135342353709 0.8220874127881904 -0.006067627647644137 -0.313836371559686
3.364 0.1483597159096921 0.5085723036054761 0.154420133616634 0.8222222292385944 -0.006060417706941941 -0.3136499256331183
3.366 0.1492466605651122 0.5089864681300658 0.1552998811730899 0.8224501691524194 -0.006053220607977716 -0.3134637010223537
3.368 0.1500981254307628 0.5094945495656198 0.1561441617510393 0.822772246899332 -0.006046036320276516 -0.3132776973337123
3.37 0.1509049581447446 0.5100965065210319 0.1569438229581983 0.8231884206954789 -0.006038864813453726 -0.313091914174447
3.372 0.1516576261748948 0.5107911136999682 0.1576893322321096 0.823697464852709 -0.006031706057214754 -0.3129063511527408
3.374 0.152346401723857 0.5115758598846717 0.1583709617452117 0.8242968677623755 -0.006024560021354698 -0.3127210078777038
3.376 0.1529615701491362 0.5124468779191602 0.1589789968248942 0.8249827618785314 -0.006017426675758034 -0.3125358839593711
3.378 0.153493656040239 0.5133989122686546 0.1595039620306372 0.8257498912773535 -0.006010305990398293 -0.312350979008699
3.38 0.1539336596445919 0.5144253286215288 0.1599368575799296 0.8265916212590921 -0.006003197935337756 -0.3121662926375633
3.382 0.1542732951007077 0.5155181684659789 0.1602693975814348 0.8274999929247352 -0.005996102480727131 -0.3119818244587563
3.384 0.1545052210591478 0.5166682496617925 0.1604942406559531 0.8284658237477762 -0.005989019596805241 -0.3117975740859837
3.386 0.1546232538758214 0.517865311831295 0.1606052031297202 0.8294788529651572 -0.005981949253898715 -0.3116135411338622
3.388 0.1546225537463297 0.5190982030521264 0.1605974451687514 0.8305279282700436 -0.005974891422421672 -0.3114297252179172
3.39 0.1544997749658871 0.5203551020242492 0.1604676210387625 0.8316012279788285 -0.005967846072875416 -0.3112461259545793
3.392 0.1542531729381943 0.5216237677956221 0.1602139861140424 0.8326865107568046 -0.005960813175848133 -0.3110627429611825
3.394 0.1538826625449794 0.5228918074533746 0.159836455246994 0.8337713833093351 -0.005953792702014566 -0.3108795758559605
3.396 0.1533898248905684 0.5241469510791372 0.1593366095127041 0.8348435753371827 -0.005946784622135734 -0.3106966242580454
3.398 0.1527778620684159 0.5253773228355372 0.1587176509754745 0.835891210623001 -0.005939788907058608 -0.3105138877874639
3.4 0.1520515022473955 0.5265716973375389 0.1579843077751113 0.8369030634026741 -0.00593280552771582 -0.3103313660651352
3.402 0.1512168598304008 0.5277197314382736 0.1571426942855261 0.8378687901511418 -0.005925834455125349 -0.3101490587128682
3.404 0.1502812575056875 0.5288121631246627 0.1562001331660778 0.8387791284780222 -0.005918875660390236 -0.3099669653533594
3.406 0.1492530185474683 0.5298409712216332 0.1551649476621665 0.8396260568318228 -0.005911929114698273 -0.3097850856101895
3.408 0.1481412386419603 0.5307994918598068 0.154046233431282 0.8404029109676281 -0.00590499478932171 -0.3096034191078213
3.41 0.1469555467993902 0.5316824899738704 0.1528536194550072 0.8411044554454674 -0.005898072655616952 -0.309421965471597
3.412 0.1457058646058366 0.5324861862860228 0.1515970272908608 0.8417269106137586 -0.005891162685024275 -0.3092407243277358
3.414 0.1444021722641851 0.533208242143109 0.1502864371132526 0.8422679374464398 -0.005884264849067518 -0.3090596953033308
3.416 0.1430542886992391 0.5338477061126138 0.1489316678185929 0.8427265841389613 -0.005877379119353801 -0.3088788780263475
3.418 0.1416716716005776 0.5344049273489457 0.1475421770681508 0.8431031994745657 -0.005870505467573228 -0.3086982721256199
3.42 0.1402632417868995 0.5348814414125937 0.1461268856523981 0.8433993186434428 -0.005863643865498593 -0.3085178772308491
3.422 0.1388372348199665 0.5352798344955401 0.1446940291049516 0.84361752746814 -0.005856794284985094 -0.3083376929725999
3.424 0.1374010814695354 0.5356035919416529 0.1432510381675055 0.8437613109239521 -0.005849956697970051 -0.3081577189822993
3.426 0.1359613174951862 0.5358569366329411 0.1418044485716588 0.843834891525174 -0.005843131076472605 -0.307977954892233
3.428 0.134523522297636 0.5360446623275856 0.1403598396902295 0.8438430626631289 -0.005836317392593441 -0.3077984003355433
3.43 0.1330922853027292 0.5361719664653193 0.1389218009212437 0.843791021411546 -0.0058295156185145 -0.3076190549462267
3.432 0.1316711984534315 0.5362442863694477 0.1374939241799302 0.843684204728579 -0.005822725726498699 -0.3074399183591313
3.434 0.1302628728617981 0.5362671422229908 0.1360788205506877 0.8435281324329451 -0.005815947688889643 -0.3072609902099543
3.436 0.1288689774674334 0.5362459897108148 0.1346781589455448 0.8433282598460546 -0.005809181478111347 -0.3070822701352398
3.438 0.1274902974127123 0.5361860848118054 0.1332927244793803 0.8430898425841812 -0.005802427066667953 -0.3069037577723757
3.44 0.1261268097350328 0.5360923628883465 0.1319224941621762 0.8428178156479386 -0.005795684427143456 -0.3067254527595921
3.442 0.1247777738584424 0.5359693339338951 0.1305667273906438 0.8425166886698532 -0.005788953532201417 -0.3065473547359581
3.444 0.1234418342204943 0.5358209955727544 0.129224068575079 0.8421904589141345 -0.0057822343545847 -0.3063694633413801
3.446 0.1221171321902809 0.5356507651239828 0.1278926590573961 0.8418425433405813 -0.005775526867115179 -0.3061917782165985
3.448 0.1208014242316376 0.5354614317102544 0.1265702552743311 0.8414757307134406 -0.005768831042693475 -0.3060142990031862
3.45 0.1194922030662591 0.5352551289861778 0.1252543499205578 0.8410921543297231 -0.005762146854298681 -0.3058370253435453
3.452 0.1181868184321392 0.5350333285649549 0.1239422927071273 0.8406932854458606 -0.005755474274988086 -0.3056599568809057
3.454 0.116882593954875 0.5347968536396899 0.1226314072327719 0.8402799468990118 -0.005748813277896907 -0.3054830932593218
3.456 0.1155769366952716 0.5345459116459925 0.1213191005315096 0.8398523457696631 -0.005742163836238017 -0.3053064341236705
3.458 0.1142674361390719 0.5342801441331855 0.1200029620623736 0.8394101232528346 -0.005735525923301674 -0.3051299791196491
3.46 0.1129519497737102 0.5339986913531276 0.1186808492861655 0.8389524192468997 -0.005728899512455256 -0.3049537278937721
3.462 0.111628672952528 0.5337002684967783 0.117350957529671 0.8384779485901482 -0.005722284577142993 -0.3047776800933699
3.464 0.1102961914565966 0.533383250067627 0.1160118725474823 0.8379850854342129 -0.005715681090885704 -0.3046018353665859
3.466 0.1089535159859889 0.5330457586273912 0.1146626050132694 0.8374719519897651 -0.005709089027280526 -0.3044261933623739
3.468 0.1076000986861606 0.5326857541161165 0.1133026070461612 0.8369365078466127 -0.005702508360000649 -0.3042507537304962
3.47 0.1062358326712036 0.5323011201472732 0.1119317717339986 0.8363766362687947 -0.005695939062795069 -0.3040755161215214
3.472 0.1048610362741458 0.5318897440950501 0.1105504173836341 0.8357902242818716 -0.005689381109488306 -0.3039004801868215
3.474 0.1034764243728973 0.5314495883889649 0.1091592588468775 0.835175233967535 -0.005682834473980153 -0.30372564557857
3.476 0.1020830695623052 0.5309787511546962 0.1077593686925506 0.8345297631044358 -0.00567629913024542 -0.3035510119497397
3.478 0.1006823561441777 0.5304755151224706 0.1063521311965114 0.8338520940765705 -0.005669775052333665 -0.3033765789540999
3.48 0.0992759298876725 0.5299383844957034 0.1049391921020415 0.8331407307419181 -0.005663262214368953 -0.3032023462462147
3.482 0.09786564629365042 0.5293661101688609 0.1035224068842 0.8323944236503013 -0.005656760590549575 -0.3030283134814403
3.484 0.09645351971986346 0.5287577042540172 0.1021037898750113 0.8316121845699405 -0.005650270155147821 -0.3028544803159232
3.486 0.09504167524147467 0.5281124452874061 0.1006854661239844 0.8307932916940033 -0.005643790882509702 -0.3026808464065972
3.488 0.09363230459024753 0.5274298757278562 0.09926962733730224 0.8299372871390381 -0.005637322747054708 -0.3025074114111819
3.49 0.09222762699068898 0.526709793434786 0.09785849271396455 0.8290439684229659 -0.005630865723275558 -0.3023341749881799
3.492 0.09082985523828539 0.5259522387470126 0.09645427502402333 0.8281133755438876 -0.005624419785737939 -0.3021611367968751
3.494 0.08944116697636725 0.525157478608547 0.09505915188544752 0.8271457751058769 -0.005617984909080265 -0.3019882964973299
3.496 0.08806368084276917 0.5243259889430667 0.09367524191078258 0.82614164269345 -0.005611561068013421 -0.3018156537503833
3.498 0.08669943697941263 0.5234584362039676 0.09230458521673314 0.8251016444216163 -0.005605148237320515 -0.3016432082176487
3.5 0.08535038131809693 0.5225556587563871 0.09094912770995357 0.8240266183178987 -0.005598746391856643 -0.3014709595615115
3.502 0.08401835305723022 0.5216186485080243 0.08961070856377884 0.8229175559531515 -0.005592355506548621 -0.3012989074451272
3.504 0.08270507480413285 0.5206485330142689 0.0882910503605276 0.8217755845466876 -0.005585975556394754 -0.3011270515324188
3.506 0.08141214495141688 0.5196465581473508 0.08699175146788148 0.8206019496354259 -0.005579606516464596 -0.300955391488075
3.508 0.08014103196205348 0.51861407133813 0.08571428032395217 0.8193979983156778 -0.00557324836189869 -0.3007839269775478
3.51 0.07889307033829261 0.5175525053653283 0.08445997140620096 0.8181651630323787 -0.005566901067908342 -0.3006126576670505
3.512 0.07766945813162449 0.5164633626689169 0.08323002274139985 0.816904945892472 -0.005560564609775364 -0.3004415832235551
3.514 0.07647125590854978 0.5153482001891633 0.08202549487140164 0.8156189035039543 -0.005554238962851855 -0.300270703314791
3.516 0.07529938711838337 0.5142086147682233 0.0808473112209433 0.8143086323774652 -0.005547924102559933 -0.3001000176092419
3.518 0.0741546398170963 0.5130462291866025 0.07969625982148783 0.8129757549627467 -0.005541620004391523 -0.2999295257761442
3.52 0.07303766969057544 0.5118626789348661 0.07857299633448354 0.8116219064203511 -0.005535326643908103 -0.2997592274854849
3.522 0.07194900429843182 0.5106595998375458 0.0774780482951723 0.8102487222455449 -0.005529043996740472 -0.2995891224079991
3.524 0.07088904843120798 0.5094386166492224 0.0764118204697965 0.8088578268643907 -0.005522772038588517 -0.2994192102151682
3.526 0.06985809044589676 0.5082013327334252 0.07537460119111773 0.807450823312643 -0.005516510745220976 -0.2992494905792178
3.528 0.06885630942099795 0.5069493209153795 0.07436656951347315 0.8060292840884945 -0.005510260092475194 -0.2990799631731151
3.53 0.06788378295547481 0.5056841155727678 0.07338780301173173 0.8045947432433356 -0.005504020056256915 -0.2989106276705678
3.532 0.06694049542744358 0.5044072059979102 0.0724382860399836 0.8031486897439312 -0.005497790612540022 -0.2987414837460209
3.534 0.06602634652835219 0.5031200310334045 0.07151791826571852 0.8016925621080599 -0.005491571737366327 -0.2985725310746554
3.536 0.06514115989555386 0.5018239749534074 0.07062652330239919 0.8002277442857931 -0.005485363406845327 -0.2984037693323858
3.538 0.06428469167950579 0.5005203645365304 0.06976385727665978 0.7987555627323886 -0.00547916559715398 -0.2982351981958581
3.54 0.06345663889963353 0.4992104672549856 0.06892961718417001 0.7972772845974336 -0.005472978284536476 -0.2980668173424481
3.542 0.06265664746320726 0.4978954904882972 0.06812344890851127 0.7957941169385558 -0.005466801445304014 -0.2978986264502587
3.544 0.06188431974302053 0.4965765816588542 0.06734495479885509 0.7943072068569726 -0.005460635055834566 -0.2977306251981184
3.546 0.06113922163111141 0.4952548291805534 0.06659370072368406 0.7928176424461325 -0.00545447909257266 -0.2975628132655792
3.548 0.06042088900570215 0.4939312641096271 0.0658692225377313 0.7913264544425411 -0.005448333532029147 -0.2973951903329141
3.55 0.05972883356667243 0.4926068623881247 0.06517103191745342 0.7898346184692403 -0.00544219835078099 -0.2972277560811156
3.552 0.05906254801076786 0.4912825475745241 0.06449862153623888 0.7883430577664174 -0.005436073525471022 -0.2970605101918934
3.554 0.05842151053080991 0.4899591939614772 0.06385146956361766 0.7868526463091499 -0.005429959032807745 -0.2968934523476727
3.556 0.05780518863386418 0.4886376299872672 0.06322904348342927 0.7853642122188587 -0.005423854849565086 -0.2967265822315914
3.558 0.05721304228161836 0.4873186418546455 0.06263080323420056 0.783878541382145 -0.0054177609525822 -0.2965598995274995
3.56 0.05664452636223467 0.4860029772772655 0.0620562036809979 0.782396381197221 -0.005411677318763231 -0.2963934039199554
3.562 0.05609909250729962 0.4846913492801533 0.06150469643237673 0.7809184443743787 -0.005405603925077106 -0.2962270950942254
3.564 0.05557619027032642 0.483384439985683 0.06097573101888373 0.7794454127219638 -0.005399540748557309 -0.2960609727362808
3.566 0.05507526768519861 0.4820829043205709 0.06046875545150028 0.7779779408533671 -0.00539348776630167 -0.2958950365327963
3.568 0.05459577122419128 0.480787373581902 0.05998321617966343 0.7765166597530498 -0.005387444955472142 -0.2957292861711478
3.57 0.05413714517637613 0.47949845880146 0.05951855746967073 0.7750621801408709 -0.005381412293294596 -0.2955637213394109
3.572 0.05369883046871343 0.4782167538474977 0.05907422022577202 0.7736150955738561 -0.005375389757058593 -0.2953983417263584
3.574 0.05328026295430602 0.4769428382016357 0.0586496402784232 0.7721759852230944 -0.005369377324117186 -0.2952331470214587
3.576 0.05288087119562844 0.4756772793459821 0.05824424616751513 0.7707454162608558 -0.005363374971886687 -0.2950681369148737
3.578 0.05250007377559423 0.4744206346923736 0.05785745645344071 0.7693239457898305 -0.00535738267784648 -0.294903311097457
3.58 0.05213727617622675 0.4731734529817142 0.05748867659576554 0.7679121222424659 -0.005351400419538788 -0.2947386692607517
3.582 0.05179186727402741 0.4719362750776173 0.05713729544859589 0.7665104861746062 -0.005345428174568474 -0.2945742110969888
3.584 0.05146321551322004 0.4707096340755885 0.05680268143382287 0.7651195703746738 -0.005339465920602831 -0.2944099362990854
3.586 0.05115066483287655 0.4694940546471247 0.05648417846824792 0.7637398992077666 -0.005333513635371369 -0.294245844560642
3.588 0.05085353044182162 0.4682900515387584 0.05618110173848723 0.7623719871146998 -0.005327571296665605 -0.2940819355759414
3.59 0.05057109455594212 0.467098127150074 0.05589273343828099 0.7610163361900208 -0.00532163888233887 -0.2939182090399468
3.592 0.05030260223566333 0.465918768123057 0.05561831860596941 0.7596734327713563 -0.005315716370306084 -0.2937546646482993
3.594 0.05004725748624878 0.4647524408892549 0.05535706122479235 0.7583437429865715 -0.005309803738543566 -0.2935913020973165
3.596 0.04980421980916054 0.4635995861423404 0.05510812077424936 0.7570277072263309 -0.005303900965088818 -0.2934281210839906
3.598 0.04957260141724315 0.4624606122325733 0.05487060944528348 0.7557257335385595 -0.005298008028040329 -0.2932651213059862
3.6 0.04935146534803445 0.4613358875174426 0.05464359025359182 0.7544381899790814 -0.005292124905557368 -0.2931023024616388
3.602 0.04913982472544561 0.4602257317498362 0.05442607630130539 0.753165395999789 -0.005286251575859782 -0.2929396642499528
3.604 0.04893664342731038 0.4591304066407484 0.05421703144453818 0.7519076130113481 -0.005280388017227796 -0.2927772063705997
3.606 0.04874083841165787 0.4580501057969937 0.05401537261965968 0.7506650343209097 -0.005274534208001813 -0.292614928523916
3.608 0.04855128393466709 0.4569849443032405 0.0538199740612493 0.7494377747141422 -0.005268690126582209 -0.2924528304109016
3.61 0.04836681785502566 0.4559349482881409 0.0536296736064548 0.7482258600213592 -0.005262855751429139 -0.2922909117332183
3.612 0.04818625016057535 0.4549000448818665 0.05344328122163769 0.7470292170750537 -0.005257031061062338 -0.2921291721931871
3.614 0.04800837377269546 0.4538800530308834 0.05325958980675639 0.7458476645246707 -0.005251216034060922 -0.2919676114937872
3.616 0.0478319775824794 0.4528746756781822 0.05307738823154259 0.7446809050168359 -0.005245410649063189 -0.2918062293386537
3.618 0.04765586155351551 0.451883493836462 0.05289547643828194 0.743528519268538 -0.00523961488476643 -0.291645025432076
3.62 0.04747885359448776 0.4509059630711009 0.05271268231441448 0.7423899625500969 -0.005233828719926724 -0.2914839994789961
3.622 0.04729982776896464 0.4499414128634374 0.0525278799023234 0.7412645640484437 -0.005228052133358753 -0.2913231511850062
3.624 0.04711772328008027 0.4489890492400976 0.05234000838401588 0.7401515294964456 -0.005222285103935602 -0.291162480256348
3.626 0.04693156355620077 0.4480479609310314 0.05214809116678933 0.7390499473309412 -0.005216527610588565 -0.2910019863999098
3.628 0.04674047468237746 0.447117129161552 0.05195125431468441 0.7379587984847772 -0.005210779632306956 -0.2908416693232252
3.63 0.04654370238255359 0.4461954410006295 0.05174874353069152 0.7368769697351012 -0.005205041148137923 -0.2906815287344717
3.632 0.04634062676772379 0.44528170599138 0.05153993890491003 0.735803270333848 -0.005199312137186239 -0.290521564342468
3.634 0.04613077412979876 0.4443746755951478 0.05132436670841289 0.7347364514518212 -0.005193592578614135 -0.2903617758566734
3.636 0.04591382517907132 0.4434730648047612 0.05110170763071242 0.7336752277919462 -0.005187882451641095 -0.2902021629871849
3.638 0.04568961928846182 0.4425755751416165 0.05087180102400549 0.7326183005863528 -0.005182181735543668 -0.2900427254447363
3.64 0.04545815450835081 0.4416809181586617 0.05063464491800609 0.7315643810993577 -0.005176490409655285 -0.289883462940696
3.642 0.04521958333592305 0.4407878385364831 0.05039039178928913 0.7305122137235485 -0.005170808453366077 -0.2897243751870654
3.644 0.04497420444441084 0.4398951358860554 0.05013934029053351 0.7294605977825327 -0.005165135846122673 -0.2895654618964772
3.646 0.04472245078188783 0.4390016844564516 0.04988192334931586 0.7284084072386453 -0.005159472567428028 -0.2894067227821937
3.648 0.04446487462017991 0.4381064500806064 0.04961869321702114 0.7273546076387112 -0.005153818596841231 -0.2892481575581048
3.65 0.04420213025956896 0.4372085038639358 0.04935030417354629 0.7262982698026625 -0.005148173913977325 -0.2890897659387267
3.652 0.04393495516702057 0.4363070323131608 0.04907749366552769 0.7252385799523606 -0.005142538498507117 -0.2889315476391999
3.654 0.04366415034316327 0.4354013437993988 0.04880106267332027 0.7241748461746864 -0.005136912330157005 -0.2887735023752876
3.656 0.0433905606799119 0.4344908714349037 0.04852185606862068 0.7231065012982776 -0.005131295388708781 -0.2886156298633739
3.658 0.04311505599441519 0.4335751726037858 0.04824074364841465 0.722033102424248 -0.005125687653999466 -0.2884579298204623
3.66 0.04283851331689903 0.4326539255146928 0.04795860242282015 0.7209543274788666 -0.00512008910592112 -0.2883004019641738
3.662 0.04256180088222194 0.4317269232331333 0.0476763006066426 0.7198699692458788 -0.005114499724420659 -0.2881430460127454
3.664 0.04228576413944293 0.4307940657018721 0.04739468362894261 0.7187799273869003 -0.005108919489499682 -0.2879858616850282
3.666 0.0420112139612108 0.4298553502724947 0.04711456234242509 0.7176841989729807 -0.005103348381214293 -0.2878288487004861
3.668 0.04173891711381173 0.4289108612551064 0.04683670349348665 0.7165828680342999 -0.005097786379674914 -0.2876720067791936
3.67 0.04146958894501127 0.4279607589525692 0.04656182241005738 0.7154760945944038 -0.005092233465046118 -0.2875153356418346
3.672 0.04120388816394205 0.4270052685882009 0.04629057778148849 0.7143641035979015 -0.005086689617546443 -0.2873588350097006
3.674 0.04094241352620586 0.4260446694684054 0.04602356834365409 0.7132471740730942 -0.005081154817448225 -0.2872025046046889
3.676 0.04068570219721179 0.425079284650264 0.0457613312422892 0.7121256287995651 -0.005075629045077413 -0.2870463441493011
3.678 0.04043422954553366 0.4241094713138953 0.04550434182634706 0.710999824680537 -0.005070112280813407 -0.2868903533666417
3.68 0.04018841011282984 0.4231356119741433 0.04525301461791871 0.7098701439545592 -0.005064604505088867 -0.2867345319804158
3.682 0.03994859951420214 0.4221581066081765 0.0450077052125917 0.7087369863231047 -0.005059105698389552 -0.2865788797149282
3.684 0.03971509703966166 0.4211773657264127 0.04476871288091581 0.707600762021494 -0.005053615841254148 -0.2864233962950813
3.686 0.03948814875055532 0.4201938043743615 0.04453628366482941 0.7064618858207351 -0.005048134914274087 -0.2862680814463736
3.688 0.03926795089170366 0.4192078370220118 0.04431061378979704 0.7053207719169101 -0.005042662898093381 -0.2861129348948983
3.69 0.03905465346861983 0.4182198732748948 0.04409185324202829 0.7041778296422362 -0.005037199773408452 -0.2859579563673413
3.692 0.03884836386786233 0.4172303143258731 0.04388010938883029 0.7030334599168531 -0.005031745520967957 -0.28580314559098
3.694 0.03864915042608427 0.4162395500579221 0.0436754505476569 0.7018880523516035 -0.005026300121572629 -0.2856485022936813
3.696 0.03845704587902055 0.4152479567046757 0.04347790943509564 0.7007419829085761 -0.00502086355607509 -0.2854940262039005
3.698 0.03827205064496637 0.4142558949764022 0.04328748645034607 0.6995956120270813 -0.005015435805379703 -0.2853397170506791
3.7 0.03809413591800577 0.4132637085633383 0.04310415276844816 0.6984492831269822 -0.005010016850442392 -0.2851855745636439
3.702 0.03792324656428728 0.4122717229353825 0.04292785323655775 0.6973033214083872 -0.005004606672270479 -0.2850315984730047
3.704 0.03775930382997181 0.4112802443663398 0.04275850908189432 0.6961580328758933 -0.004999205251922509 -0.2848777885095535
3.706 0.03760220788214211 0.4102895591219872 0.04259602045265021 0.6950137035266494 -0.004993812570508106 -0.2847241444046622
3.708 0.03745184021390646 0.4092999327635098 0.04244026882309423 0.6938705986537913 -0.004988428609187782 -0.2845706658902815
3.71 0.03730806595213296 0.408311609531319 0.04229111930130575 0.6927289622302584 -0.004983053349172792 -0.2844173526989394
3.712 0.03717073611062927 0.4073248117885532 0.04214842288235422 0.6915890163522921 -0.004977686771724954 -0.2842642045637389
3.714 0.03703968983291154 0.4063397395181061 0.04201201869106804 0.6904509607364639 -0.004972328858156505 -0.2841112212183578
3.716 0.03691475666690234 0.4053565698816478 0.04188173625673226 0.6893149722786935 -0.004966979589829918 -0.2839584023970458
3.718 0.03679575890878866 0.4043754568631656 0.04175739785694642 0.6881812046977893 -0.004961638948157756 -0.2838057478346237
3.72 0.03668251404479071 0.4033965310322393 0.04163882095939321 0.687049788298721 -0.004956306914602502 -0.2836532572664817
3.722 0.0365748373078925 0.4024198994729242 0.04152582077856889 0.6859208299015022 -0.004950983470676402 -0.2835009304285779
3.724 0.03647254435196593 0.4014456459319213 0.04141821294990723 0.6847944129893582 -0.004945668597941298 -0.2833487670574368
3.726 0.03637545402879638 0.4004738312435641 0.04131581630680486 0.6836705981337118 -0.004940362278008482 -0.2831967668901477
3.728 0.03628339123521211 0.3995044940884824 0.04121845572775063 0.6825494237528456 -0.004935064492538521 -0.2830449296643632
3.73 0.03619618977904427 0.3985376521371335 0.04112596500228538 0.6814309072554312 -0.004929775223241113 -0.2828932551182977
3.732 0.03611369519544113 0.3975733036182073 0.04103818964731604 0.6803150466089332 -0.004924494451874915 -0.2827417429907259
3.734 0.03603576743071284 0.396611429335782 0.04095498959096024 0.6792018223567635 -0.004919222160247402 -0.2825903930209815
3.736 0.03596228330094607 0.3956519951387661 0.04087624163116076 0.6780912000877214 -0.004913958330214693 -0.2824392049489552
3.738 0.0358931386283953 0.394694954822686 0.04080184157207671 0.6769831333377802 -0.004908702943681413 -0.2822881785150941
3.74 0.03582824996105277 0.3937402534192449 0.04073170594365329 0.6758775668796438 -0.004903455982600517 -0.2821373134603989
3.742 0.03576755579012039 0.3927878308053517 0.04066577321909354 0.6747744403317755 -0.004898217428973155 -0.2819866095264237
3.744 0.0357110171959828 0.39183762554234 0.0406040044608313 0.673673691997614 -0.004892987264848507 -0.281836066455274
3.746 0.03565861787461141 0.3908895788401258 0.04054638334693505 0.6725752628297307 -0.00488776547232363 -0.2816856839896049
3.748 0.03561036352143034 0.3899436385314947 0.04049291555497364 0.671479100404115 -0.004882552033543307 -0.2815354618726202
3.75 0.03556628057638114 0.3889997629393184 0.04044362750708104 0.6703851627873892 -0.004877346930699894 -0.2813853998480708
3.752 0.03552641435993244 0.388057924524521 0.04039856450596561 0.6692934221847739 -0.004872150146033168 -0.281235497660253
3.754 0.03549082665284915 0.3871181132144675 0.04035778831467932 0.6682038682684744 -0.00486696166183017 -0.281085755054007
3.756 0.03545959279084044 0.3861803393284428 0.0403213742512655 0.6671165111031588 -0.004861781460425064 -0.280936171774716
3.758 0.03543279835746706 0.385244636037492 0.04028940788166605 0.6660313836057965 -0.004856609524198987 -0.2807867475683045
3.76 0.03541053556435331 0.384311061317924 0.04026198139993319 0.6649485434991603 -0.004851445835579882 -0.2806374821812363
3.762 0.03539289940699095 0.3833796993789107 0.04023918978403332 0.6638680747394246 -0.004846290377042372 -0.2804883753605139
3.764 0.03537998367805701 0.3824506615632116 0.04022112680916461 0.6627900884168882 -0.004841143131107594 -0.2803394268536767
3.766 0.03537187690949777 0.3815240867346868 0.04020788098984082 0.6617147231434862 -0.00483600408034306 -0.2801906364087994
3.768 0.03536865830130827 0.3806001411757727 0.04019953150867078 0.6606421449502637 -0.004830873207362506 -0.2800420037744911
3.77 0.03537039368066684 0.3796790180224127 0.04019614417549258 0.6595725467223059 -0.004825750494825745 -0.2798935286998932
3.772 0.03537713152154357 0.3787609362631705 0.04019776744698209 0.6585061471978491 -0.004820635925438523 -0.2797452109346786
3.774 0.0353888990435656 0.3778461393239529 0.04020442852551797 0.6574431895530027 -0.004815529481952369 -0.2795970502290498
3.776 0.03540569840094317 0.3769348932509194 0.04021612954810763 0.6563839395846576 -0.004810431147164456 -0.2794490463337382
3.778 0.03542750296847486 0.3760274844931266 0.0402328438723923 0.6553286834931283 -0.004805340903917447 -0.2793011990000017
3.78 0.03545425373258179 0.3751242172742382 0.04025451246768115 0.6542777252538625 -0.004800258735099359 -0.2791535079796243
3.782 0.03548585580111042 0.374225410530745 0.04028104042475384 0.6532313835556589 -0.004795184623643417 -0.2790059730249139
3.784 0.03552217505620877 0.3733313943840578 0.04031229360873668 0.6521899882727594 -0.004790118552527907 -0.2788585938887016
3.786 0.03556303498950932 0.3724425061064782 0.04034809549428536 0.651153876430818 -0.004785060504776039 -0.2787113703243398
3.788 0.03560821377754494 0.3715590855379818 0.04038822424100074 0.650123387623683 -0.004780010463455804 -0.2785643020857013
3.79 0.03565744167682318 0.3706814699130197 0.040432410088503 0.6490988588401969 -0.00477496841167982 -0.2784173889271772
3.792 0.03571039884118591 0.3698099880650314 0.04048033317379113 0.648080618668708 -0.004769934332605218 -0.2782706306036766
3.794 0.03576671368746813 0.3689449539921088 0.04053162189690159 0.6470689808627329 -0.004764908209433465 -0.2781240268706241
3.796 0.03582596195725306 0.3680866597908649 0.04058585198266332 0.6460642372748242 -0.004759890025410263 -0.2779775774839593
3.798 0.03588766664061817 0.3672353679971502 0.04064254640444354 0.645066650197285 -0.004754879763825373 -0.2778312822001349
3.8 0.0359512989397451 0.3663913034117374 0.04070117634775761 0.6440764441878533 -0.004749877408012508 -0.2776851407761158
3.802 0.03601628045351729 0.3655546445356762 0.04076116339486646 0.6430937975050537 -0.004744882941349168 -0.2775391529693775
3.804 0.03608198675611697 0.3647255147917777 0.04082188310337349 0.6421188333296823 -0.004739896347256522 -0.2773933185379047
3.806 0.03614775252066948 0.3639039737632951 0.04088267012986873 0.6411516110034851 -0.004734917609199251 -0.27724763724019
3.808 0.03621287830114912 0.3630900087347315 0.04094282501183456 0.6401921175699643 -0.004729946710685434 -0.2771021088352328
3.81 0.03627663903101684 0.3622835268681707 0.04100162266628323 0.6392402599507083 -0.004724983635266391 -0.2769567330825377
3.812 0.03633829422546818 0.3614843483865748 0.04105832259200474 0.6382958581286882 -0.004720028366536561 -0.2768115097421133
3.814 0.03639709978758884 0.3606922011573857 0.04111218067572219 0.6373586397318567 -0.004715080888133356 -0.276666438574471
3.816 0.03645232122079063 0.3599067170700829 0.04116246240452767 0.6364282364107061 -0.004710141183737031 -0.2765215193406232
3.818 0.03650324794641604 0.3591274305754068 0.04120845718348659 0.6355041823774894 -0.004705209237070552 -0.2763767518020826
3.82 0.03654920832383231 0.3583537796987618 0.04124949335573178 0.6345859154196224 -0.004700285031899462 -0.2762321357208606
3.822 0.03658958487966352 0.3575851097551934 0.04128495343169526 0.6336727806146594 -0.004695368552031735 -0.276087670859466
3.824 0.03662382918252048 0.35682067988045 0.04131428896383815 0.6327640368613536 -0.004690459781317661 -0.2759433569809036
3.826 0.03665147575868587 0.356059672357585 0.04133703446233557 0.6318588662062582 -0.004685558703649701 -0.2757991938486732
3.828 0.03667215444001452 0.3553012045700335 0.04135281974297689 0.6309563857968017 -0.004680665302962365 -0.2756551812267682
3.83 0.03668560057231992 0.3545443432611142 0.04136138013555198 0.630055662140788 -0.004675779563232063 -0.2755113188796738
3.832 0.03669166259135154 0.3537881206393644 0.04136256405982854 0.6291557272117313 -0.004670901468476996 -0.2753676065723669
3.834 0.03669030659050277 0.3530315517517236 0.04135633759325978 0.628255595822037 -0.00466603100275701 -0.2752240440703135
3.836 0.03668161765178474 0.3522736524634763 0.04134278580195821 0.6273542836029444 -0.004661168150173469 -0.2750806311394681
3.838 0.03666579787794702 0.3515134573434343 0.04132211077281615 0.6264508248897069 -0.004656312894869131 -0.2749373675462727
3.84 0.03664316123528535 0.3507500367592098 0.04129462645631336 0.6255442898168646 -0.004651465221028011 -0.2747942530576548
3.842 0.03661412547937652 0.3499825125397967 0.04126075059225177 0.6246337999808232 -0.004646625112875254 -0.2746512874410266
3.844 0.03657920157648244 0.3492100716559962 0.04122099413115946 0.62371854212028 -0.004641792554677017 -0.2745084704642838
3.846 0.03653898114111022 0.3484319774943145 0.04117594867185054 0.6227977793901187 -0.004636967530740319 -0.2743658018958042
3.848 0.03649412247838796 0.3476475784448973 0.0411262725038009 0.6218708599493435 -0.004632150025412944 -0.2742232815044462
3.85 0.03644533584596275 0.3468563136760966 0.04107267586904603 0.6209372227356448 -0.004627340023083281 -0.2740809090595482
3.852 0.03639336853579329 0.3460577161150403 0.04101590604397351 0.6199964004459669 -0.004622537508180226 -0.2739386843309266
3.854 0.03633899032673162 0.345251412784172 0.04095673279190466 0.6190480198730471 -0.004617742465173037 -0.2737966070888752
3.856 0.03628297978204611 0.3444371227505936 0.04089593466061733 0.6180917998547569 -0.00461295487857122 -0.2736546771041634
3.858 0.03622611177127331 0.3436146530233852 0.04083428650419771 0.6171275471714207 -0.004608174732924393 -0.2735128941480355
3.86 0.0361691464923613 0.342783892782353 0.04077254850518347 0.6161551507745622 -0.004603402012822176 -0.2733712579922092
3.862 0.03611282016662915 0.3419448063413047 0.0407114568695232 0.6151745747501791 -0.004598636702894053 -0.2732297684088744
3.864 0.03605783748267205 0.3410974252435862 0.04065171627048131 0.6141858504142781 -0.004593878787809258 -0.2730884251706919
3.866 0.03600486578113823 0.3402418398617985 0.04059399403341488 0.6131890679125908 -0.004589128252276643 -0.2729472280507923
3.868 0.03595453090346074 0.3393781908331747 0.0405389159845053 0.6121843676559495 -0.004584385081044563 -0.2728061768227749
3.87 0.03590741457545744 0.3385066606124539 0.04048706383435818 0.61117193187316 -0.004579649258900748 -0.2726652712607061
3.872 0.03586405316094962 0.3376274653700551 0.04043897393162181 0.6101519765091737 -0.004574920770672188 -0.2725245111391186
3.874 0.03582493759982674 0.336740847409244 0.04039513720105175 0.6091247436422542 -0.004570199601225003 -0.2723838962330102
3.876 0.0357905143371855 0.3358470682250629 0.04035600007264983 0.608090494542905 -0.004565485735464327 -0.272243426317842
3.878 0.03576118705275898 0.3349464022819296 0.04032196621109317 0.6070495034514678 -0.004560779158334189 -0.2721031011695382
3.88 0.03573731901028355 0.3340391315475891 0.04029339886510094 0.606002052112073 -0.004556079854817385 -0.271962920564484
3.882 0.03571923586229375 0.3331255407890479 0.04027062367222912 0.6049484250685727 -0.004551387809935371 -0.2718228842795248
3.884 0.03570722876493303 0.3322059136109341 0.04025393177368116 0.6038889057028992 -0.004546703008748129 -0.2716829920919651
3.886 0.03570155767798312 0.3312805291981542 0.04024358311433717 0.6028237729777214 -0.004542025436354058 -0.2715432437795672
3.888 0.03570245474603601 0.3303496597121111 0.04023980982392587 0.601753298832661 -0.004537355077889852 -0.2714036391205499
3.89 0.03571012767656016 0.3294135682818868 0.04024281959509055 0.6006777461754746 -0.004532691918530386 -0.2712641778935878
3.892 0.0357247630488713 0.3284725075280811 0.0402527989923599 0.5995973674058905 -0.004528035943488596 -0.2711248598778094
3.894 0.03574652950427312 0.3275267185565717 0.04026991664228848 0.5985124034093683 -0.004523387138015351 -0.2709856848527966
3.896 0.03577558078172009 0.3265764303612317 0.04029432626911945 0.5974230829598149 -0.004518745487399361 -0.2708466525985832
3.898 0.03581205857523966 0.3256218595781835 0.04032616955220669 0.5963296224738371 -0.004514110976967032 -0.2707077628956537
3.9 0.03585609519910839 0.3246632105389334 0.04036557879119076 0.5952322260638758 -0.004509483592082374 -0.2705690155249424
3.902 0.03590781605459029 0.3237006755749647 0.04041267937273717 0.5941310858427969 -0.004504863318146872 -0.2704304102678323
3.904 0.03596734189811914 0.3227344355319529 0.04046759203871852 0.5930263824381061 -0.004500250140599375 -0.2702919469061532
3.906 0.03603479091533485 0.3217646604574934 0.04053043496025083 0.591918285679675 -0.004495644044915977 -0.2701536252221816
3.908 0.03611028060864183 0.3207915104315551 0.04060132562525174 0.5908069554301941 -0.004491045016609913 -0.2700154449986391
3.91 0.03619392950812168 0.3198151365140212 0.04068038254935311 0.589692542532712 -0.004486453041231432 -0.2698774060186908
3.912 0.03628585871688601 0.318835681788484 0.04076772682125371 0.5885751898544291 -0.004481868104367698 -0.2697395080659451
3.914 0.0363861933025196 0.3178532824856916 0.04086348349416227 0.5874550334101434 -0.004477290191642658 -0.2696017509244518
3.916 0.0364950635462466 0.3168680691738943 0.04096778283496355 0.5863322035525956 -0.004472719288716953 -0.2694641343787013
3.918 0.03661260606095959 0.3158801680068518 0.04108076144224737 0.5852068262204754 -0.004468155381287783 -0.2693266582136236
3.92 0.03673896478844203 0.314889702023191 0.04120256324353085 0.5840790242377778 -0.004463598455088813 -0.2691893222145868
3.922 0.03687429188502828 0.313896792493417 0.04133334038091832 0.5829489186608132 -0.004459048495890044 -0.2690521261673963
3.924 0.03701874850361264 0.3129015603132314 0.04147325399311037 0.5818166301715249 -0.004454505489497727 -0.2689150698582935
3.926 0.03717250547846941 0.3119041274436921 0.04162247490022363 0.580682280517647 -0.004449969421754221 -0.2687781530739549
3.928 0.03733574391774463 0.3109046184003691 0.04178118419628254 0.5795459940018599 -0.004445440278537909 -0.2686413756014908
3.93 0.03750865570673066 0.3099031617951691 0.04194957375249373 0.5784078990236134 -0.004440918045763075 -0.2685047372284444
3.932 0.03769144392323007 0.3088998919355469 0.04212784663260986 0.5772681296783372 -0.004436402709379799 -0.2683682377427903
3.934 0.03788432316439574 0.3078949504867568 0.04231621741976958 0.5761268274196907 -0.004431894255373843 -0.2682318769329339
3.936 0.03808751978235517 0.3068884882036267 0.04251491245212172 0.5749841427913366 -0.004427392669766551 -0.2680956545877099
3.938 0.03830127202381049 0.3058806667387389 0.04272416996242522 0.5738402372351206 -0.00442289793861473 -0.2679595704963817
3.94 0.03852583006651138 0.3048716605342561 0.04294424011452193 0.5726952849828958 -0.004418410048010553 -0.2678236244486397
3.942 0.03876145594304945 0.3038616588047323 0.04317538492713089 0.5715494750393328 -0.004413928984081441 -0.2676878162346006
3.944 0.03900842333984508 0.302850867618083 0.04341787807283505 0.5704030132628894 -0.004409454732989964 -0.2675521456448064
3.946 0.03926701725643411 0.3018395120814162 0.04367200453736785 0.5692561245516393 -0.00440498728093373 -0.2674166124702231
3.948 0.03953753350716867 0.3008278386377415 0.04393806012131395 0.568109055139981 -0.004400526614145281 -0.2672812165022395
3.95 0.03982027804430603 0.2998161174784073 0.04421635076319801 0.5669620750110739 -0.004396072718891982 -0.2671459575326666
3.952 0.04011556607805013 0.2988046450745969 0.04450719165952605 0.565815480428333 -0.004391625581475922 -0.2670108353537361
3.954 0.04042372096556739 0.2977937468290663 0.04481090615380119 0.5646695965871659 -0.004387185188233807 -0.2668758497580996
3.956 0.04074507283714848 0.2967837798467582 0.04512782436268534 0.5635247803855856 -0.004382751525536851 -0.2667410005388274
3.958 0.04107995692379585 0.2957751358193931 0.04545828150358652 0.5623814233088005 -0.004378324579790671 -0.2666062874894074
3.96 0.04142871154644963 0.2947682440149277 0.04580261588388483 0.5612399544186721 -0.004373904337435199 -0.2664717104037444
3.962 0.04179167572290647 0.2937635743576179 0.04616116650785102 0.5601008434337763 -0.004369490784944547 -0.2663372690761584
3.964 0.04216918634449671 0.2927616405779503 0.04653427025332364 0.5589646038793347 -0.004365083908826938 -0.2662029633013843
3.966 0.04256157487076091 0.2917630034040533 0.04692225856638549 0.5578317962786234 -0.004360683695624575 -0.2660687928745702
3.968 0.04296916348688237 0.2907682737571453 0.04732545361879592 0.5567030313484221 -0.004356290131913558 -0.2659347575912769
3.97 0.04339226066593831 0.2897781159026749 0.04774416387024208 0.5555789731501513 -0.004351903204303769 -0.2658008572474763
3.972 0.04383115607625739 0.2887932504962421 0.04817867897569617 0.5544603421357933 -0.004347522899438778 -0.2656670916395512
3.974 0.04428611477374428 0.2878144574489171 0.04862926397774001 0.5533479180132104 -0.004343149203995737 -0.2655334605642932
3.976 0.0447573706205991 0.2868425785199077 0.04909615272528439 0.5522425423388102 -0.004338782104685278 -0.2653999638189025
3.978 0.04524511887588155 0.2858785195258752 0.04957954046413297 0.5511451207268617 -0.004334421588251415 -0.2652666012009866
3.98 0.04574950791049255 0.2849232520356491 0.050079575551964 0.5500566245442082 -0.004330067641471444 -0.2651333725085591
3.982 0.04627063001043519 0.2839778143965346 0.05059635026159103 0.5489780919365738 -0.004325720251155836 -0.2650002775400391
3.984 0.04680851124833939 0.2830433119145894 0.05112989065248755 0.5479106280088393 -0.004321379404148154 -0.2648673160942498
3.986 0.0473631004252061 0.2821209159866923 0.05168014551253102 0.54685540395711 -0.004317045087324924 -0.2647344879704177
3.988 0.04793425711339516 0.2812118619576675 0.05224697440099074 0.5458136549258388 -0.00431271728759557 -0.2646017929681713
3.99 0.04852173886883449 0.2803174454527166 0.05283013486073677 0.5447866763402572 -0.004308395991902292 -0.2644692308875407
3.992 0.04912518772622131 0.2794390169155819 0.05342926891344128 0.5437758184445377 -0.004304081187219972 -0.2643368015289558
3.994 0.04974411614653993 0.2785779740682509 0.05404388900709602 0.542782478761497 -0.004299772860556083 -0.2642045046932461
3.996 0.05037789265166454 0.2777357520015257 0.05467336365061512 0.5418080921831646 -0.004295470998950584 -0.2640723401816389
3.998 0.05102572745594408 0.2769138106105825 0.0553169030454199 0.5408541184063417 -0.004291175589475824 -0.2639403077957592
4 0.05168665848874868 0.2761136191092633 0.05597354510798513 0.5399220264468909 -0.00428688661923645 -0.2638084073376276
4.002 0.0523595382927316 0.2753366373954524 0.0566421423681009 0.5390132760051131 -0.004282604075369301 -0.2636766386096607
4.004 0.05304302237673206 0.2745842941016076 0.05732135032177538 0.5381292955162762 -0.004278327945043322 -0.2635450014146686
4.006 0.05373555969527311 0.27385796125303 0.05800961791073257 0.5372714568088852 -0.004274058215459459 -0.2634134955558552
4.008 0.05443538601168496 0.2731589255752264 0.05870518088553553 0.5364410464120429 -0.004269794873850568 -0.2632821208368165
4.01 0.0551405209707484 0.2724883566425632 0.05940605887822972 0.535639233704103 -0.004265537907481319 -0.2631508770615398
4.012 0.05584876974976147 0.2718472722431656 0.06011005705340957 0.5348670362775684 -0.004261287303648102 -0.2630197640344028
4.014 0.05655773016265229 0.2712365015469707 0.06081477321233122 0.534125283107143 -0.004257043049678924 -0.2628887815601724
4.016 0.05726480604843853 0.2706566468985744 0.06151761118137186 0.5334145763425785 -0.004252805132933333 -0.2627579294440041
4.018 0.05796722767202847 0.2701080453033817 0.06221580121283077 0.5327352527948225 -0.004248573540802302 -0.2626272074914408
4.02 0.05866207969247889 0.2695907309196277 0.06290642795318704 0.5320873464280393 -0.00424434826070815 -0.2624966155084117
4.022 0.05934633700560391 0.2691044000905761 0.06358646628570835 0.5314705533918078 -0.004240129280104443 -0.2623661533012318
4.024 0.06001690844432503 0.2686483806276069 0.06425282503080093 0.5308842013042073 -0.004235916586475902 -0.2622358206766004
4.026 0.06067068792808006 0.2682216071607541 0.06490239809541837 0.5303272246023547 -0.004231710167338311 -0.2621056174416006
4.028 0.06130461220738825 0.2678226043837723 0.06553212221762668 0.5297981477874704 -0.004227510010238424 -0.2619755434036981
4.03 0.06191572387639696 0.2674494799142922 0.06613903997915083 0.5292950782850322 -0.004223316102753869 -0.26184559837074
4.032 0.0625012378577182 0.2670999282512142 0.06672036629021127 0.5288157104021688 -0.004219128432493068 -0.2617157821509546
4.034 0.06305860913994961 0.266771246936686 0.06727355612704473 0.5283573414896359 -0.004214946987095127 -0.2615860945529499
4.036 0.06358559921223006 0.2664603655270998 0.06779637096645982 0.5279169009128124 -0.004210771754229762 -0.2614565353857126
4.038 0.06408033843315793 0.2661638873697966 0.06828694115475513 0.5274909918284041 -0.004206602721597199 -0.2613271044586075
4.04 0.06454138152788433 0.2658781435070027 0.06874382140481242 0.5270759450883791 -0.004202439876928085 -0.2611978015813764
4.042 0.06496775354967228 0.2655992573357167 0.06916603675765569 0.5266678838998538 -0.004198283207983403 -0.2610686265641371
4.044 0.06535898397568529 0.2653232179987109 0.06955311667823966 0.5262627972160935 -0.004194132702554369 -0.2609395792173826
4.046 0.06571512711735057 0.2650459599258982 0.06990511546581293 0.5258566192778782 -0.004189988348462357 -0.2608106593519799
4.048 0.06603676768011769 0.2647634455393056 0.0702226178136765 0.5254453123184755 -0.004185850133558805 -0.2606818667791699
4.05 0.06632501105577522 0.264471747918225 0.07050672910150034 0.5250249492287902 -0.004181718045725121 -0.2605532013105652
4.052 0.06658145871175794 0.2641671302149067 0.07075905078463053 0.5245917929730569 -0.004177592072872597 -0.2604246627581502
4.054 0.06680816979144749 0.2638461188154321 0.07098164199438982 0.5241423697497117 -0.004173472202942323 -0.2602962509342796
4.056 0.06700761069633993 0.2635055676335782 0.07117696912024503 0.5236735332852565 -0.004169358423905101 -0.2601679656516783
4.058 0.06718259493565805 0.2631427114682256 0.0713478456594194 0.5231825181916648 -0.004165250723761348 -0.2600398067234392
4.06 0.06733621586852694 0.2627552069945961 0.07149736495906796 0.5226669809576198 -0.004161149090541019 -0.2599117739630237
4.062 0.06747177511472137 0.2623411606383406 0.07162882862702488 0.5221250278225998 -0.004157053512303509 -0.2597838671842593
4.064 0.06759270937803435 0.2618991432423869 0.07174567335517193 0.5215552294437272 -0.004152963977137579 -0.2596560862013403
4.066 0.06770251823428222 0.2614281920302577 0.07185139870744348 0.5209566228590835 -0.004148880473161258 -0.2595284308288258
4.068 0.06780469511886041 0.2609278008595183 0.07194949810738217 0.5203287017411572 -0.004144802988521763 -0.2594009008816389
4.07 0.06790266334836202 0.2603979001228111 0.07204339485975743 0.5196713962978775 -0.004140731511395409 -0.2592734961750664
4.072 0.06799971857054221 0.2598388278841928 0.07213638460052975 0.5189850444089501 -0.00413666602998753 -0.2591462165247573
4.074 0.06809897859655313 0.2592512939412774 0.07223158512908552 0.5182703556879996 -0.004132606532532388 -0.2590190617467222
4.076 0.06820334116198258 0.258636338495402 0.07233189416927567 0.5175283701527345 -0.004128553007293084 -0.2588920316573324
4.078 0.06831544981294153 0.2579952870159962 0.07243995525550302 0.5167604130893151 -0.004124505442561483 -0.2587651260733189
4.08 0.06843766783455096 0.2573297027284338 0.07255813166120909 0.5159680475402054 -0.004120463826658126 -0.2586383448117716
4.082 0.06857205993707052 0.2566413379639284 0.07268848808500267 0.515153025654067 -0.004116428147932142 -0.2585116876901385
4.084 0.06872038128678035 0.2559320854103229 0.07283277968154152 0.5143172399365475 -0.004112398394761167 -0.2583851545262247
4.086 0.06888407340568369 0.255203930114828 0.07299244796123494 0.5134626752530194 -0.004108374555551258 -0.2582587451381914
4.088 0.06906426645264153 0.2544589029296324 0.07316862307137835 0.5125913622741879 -0.004104356618736818 -0.2581324593445555
4.09 0.06926178742265553 0.2536990359693672 0.07336213199543602 0.5117053329335555 -0.004100344572780499 -0.2580062969641883
4.092 0.06947717384355173 0.2529263205701022 0.07357351224972486 0.510806578386417 -0.004096338406173133 -0.2578802578163147
4.094 0.06971069259342558 0.2521426682027637 0.07380303070085921 0.509897009923276 -0.004092338107433636 -0.2577543417205124
4.096 0.06996236349272764 0.2513498747941316 0.07405070715783658 0.5089784232908428 -0.004088343665108942 -0.2576285484967112
4.098 0.07023198732921677 0.250549588936391 0.07431634239699068 0.5080524669015827 -0.004084355067773905 -0.2575028779651917
4.1 0.07051917794311342 0.2497432845089792 0.07459955024714465 0.5071206144555643 -0.004080372304031228 -0.2573773299465851
4.102 0.07082339792915117 0.2489322382789343 0.07489979329166255 0.506184142540806 -0.004076395362511375 -0.2572519042618717
4.104 0.07114399740230518 0.2481175130717622 0.07521642163417767 0.5052441138041426 -0.004072424231872497 -0.2571266007323804
4.106 0.07148025513074907 0.2472999470982635 0.07554871403154942 0.5043013662780513 -0.004068458900800344 -0.2570014191797879
4.108 0.07183142117428654 0.2464801499699807 0.07589592053229473 0.5033565093960982 -0.004064499358008188 -0.2568763594261175
4.11 0.07219675999544418 0.2456585058268416 0.07625730558768093 0.5024099271205801 -0.00406054559223674 -0.2567514212937385
4.112 0.07257559285312075 0.2448351838311008 0.07663219044537484 0.5014617884364667 -0.004056597592254082 -0.2566266046053659
4.114 0.07296733816660993 0.2440101560542448 0.07701999351346549 0.500512065238303 -0.004052655346855563 -0.2565019091840582
4.116 0.0733715484714671 0.2431832225081129 0.07742026731633084 0.4995605573613309 -0.004048718844863743 -0.256377334853218
4.118 0.0737879425951979 0.2423540427655177 0.0778327306703262 0.4986069242021077 -0.004044788075128303 -0.25625288143659
4.12 0.07421643177076973 0.2415221733023818 0.07825729479729569 0.4976507220606431 -0.004040863026525968 -0.2561285487582613
4.122 0.07465713858242515 0.2406871093993264 0.07869408227038557 0.4966914460419861 -0.004036943687960429 -0.2560043366426598
4.124 0.07511040789421349 0.2398483301931448 0.07914343794257575 0.495728575107698 -0.00403303004836226 -0.2558802449145532
4.126 0.07557680923114399 0.2390053452916931 0.07960593132783284 0.4947616186907421 -0.004029122096688847 -0.255756273399049
4.128 0.07605713044241846 0.2381577412768583 0.08008235026434277 0.4937901631984513 -0.004025219821924308 -0.255632421921593
4.13 0.07655236284703318 0.2373052264284636 0.08057368606011259 0.4928139167364324 -0.004021323213079411 -0.2555086903079687
4.132 0.07706367841417854 0.2364476721058044 0.08108111067337004 0.4918327504901009 -0.004017432259191501 -0.2553850783842966
4.134 0.07759239983682319 0.2355851494113866 0.0816059467861476 0.4908467353884198 -0.00401354694932442 -0.2552615859770331
4.136 0.07813996459468321 0.2347179600138368 0.08214963186725165 0.4898561729268068 -0.004009667272568435 -0.25513821291297
4.138 0.07870788425881584 0.2338466602984743 0.082713677476856 0.4888616193177079 -0.004005793218040159 -0.2550149590192335
4.14 0.07929770036038669 0.2329720783169484 0.08329962513526916 0.4878639024402319 -0.00400192477488247 -0.2548918241232835
4.142 0.07991093813581202 0.2320953232954037 0.08390900006807646 0.4868641313483162 -0.003998061932264442 -0.2547688080529125
4.144 0.08054905938245395 0.2312177877118899 0.08454326406183521 0.4858636983481354 -0.003994204679381263 -0.2546459106362455
4.146 0.08121341553232517 0.2303411421522189 0.08520376853777933 0.4848642738539571 -0.003990353005454169 -0.2545231317017382
4.148 0.08190520189741264 0.2294673232912253 0.085891708797143 0.4838677943694024 -0.003986506899730355 -0.2544004710781771
4.15 0.08262541388108942 0.2285985154229268 0.08660808023257233 0.4828764440176049 -0.003982666351482911 -0.2542779285946782
4.152 0.0833748058059431 0.2277371259844152 0.08735363715595384 0.4818926300651016 -0.003978831350010746 -0.2541555040806864
4.154 0.08415385289491947 0.2268857554964103 0.08812885477955798 0.4809189528623852 -0.003975001884638509 -0.2540331973659748
4.156 0.08496271687107378 0.2260471622939102 0.0889338948157903 0.4799581705745537 -0.003971177944716514 -0.2539110082806435
4.158 0.08580121561722788 0.2252242223606085 0.08976857513684855 0.4790131590157276 -0.00396735951962067 -0.2537889366551191
4.16 0.08666879736019212 0.2244198845291699 0.09063234395894453 0.4780868668493242 -0.003963546598752411 -0.2536669823201543
4.162 0.08756451990945063 0.2236371212833272 0.09152425908098924 0.4771822663901535 -0.003959739171538613 -0.2535451451068262
4.164 0.08848703557765993 0.2228788754119828 0.09244297280509145 0.4763023002585193 -0.003955937227431526 -0.2534234248465365
4.166 0.08943458252509913 0.2221480028324905 0.09338672328100783 0.4754498242035003 -0.003952140755908697 -0.2533018213710098
4.168 0.09040498338447892 0.2214472120280334 0.09435333313095183 0.4746275465403272 -0.003948349746472912 -0.2531803345122938
4.17 0.09139565211597607 0.2207790007355697 0.09534021630462816 0.4738379648383271 -0.003944564188652094 -0.2530589641027575
4.172 0.09240361009218627 0.2201455907737208 0.09634439416418554 0.4730833007488121 -0.003940784071999266 -0.2529377099750914
4.174 0.09342551239616301 0.2195488622049663 0.09736252178225546 0.4723654341672722 -0.00393700938609245 -0.2528165719623059
4.176 0.09445768521172877 0.2189902883670231 0.09839092533226339 0.4716858382647544 -0.003933240120534612 -0.2526955498977314
4.178 0.09549617497545353 0.2184708736603877 0.09942565124040711 0.4710455172754042 -0.003929476264953584 -0.2525746436150165
4.18 0.09653680963213895 0.2179910963116004 0.100462527441141 0.4704449492597286 -0.003925717809001994 -0.2524538529481282
4.182 0.09757527188766808 0.2175508586077226 0.1014972366300253 0.469884036339073 -0.003921964742357193 -0.2523331777313504
4.184 0.09860718379251121 0.2171494472763395 0.1025254008472324 0.4693620650756234 -0.003918217054721189 -0.2522126177992839
4.186 0.0996282013380069 0.2167855067265411 0.1035426760738275 0.468877679713386 -0.003914474735820573 -0.2520921729868449
4.188 0.1006341170422002 0.2164570277340669 0.1045448548176067 0.4684288708633313 -0.003910737775406445 -0.2519718431292645
4.19 0.1016209677924169 0.2161613538221553 0.1055279739556712 0.4680129818842435 -0.00390700616325435 -0.2518516280620882
4.192 0.1025851445584344 0.2158952070483497 0.1064884244475986 0.4676267346695247 -0.003903279889164211 -0.251731527621175
4.194 0.1035235000600991 0.2156547341661195 0.1074230590030594 0.4672662758088159 -0.003899558942960245 -0.2516115416426964
4.196 0.104433450131472 0.2154355732209232 0.1083292934459629 0.4669272431840594 -0.003895843314490908 -0.2514916699631362
4.198 0.1053130644254993 0.2152329396181858 0.1092051974191281 0.4666048520374748 -0.003892132993628819 -0.2513719124192889
4.2 0.1061611422864872 0.2150417296401108 0.1100495702567579 0.4662939984883711 -0.003888427970270696 -0.2512522688482604
4.202 0.1069772700942115 0.2148566383761638 0.1108619983285488 0.4659893774636291 -0.003884728234337278 -0.2511327390874653
4.204 0.1077618571355724 0.2146722881587175 0.1116428909113456 0.4656856111333454 -0.003881033775773268 -0.2510133229746279
4.206 0.1085161480397144 0.2144833629432413 0.1123934926242617 0.465377383291022 -0.003877344584547251 -0.2508940203477806
4.208 0.109242210946111 0.2142847437051362 0.1131158715967626 0.4650595747503996 -0.003873660650651645 -0.2507748310452634
4.21 0.1099429017697458 0.2140716398793138 0.1138128837338484 0.4647273947850369 -0.003869981964102614 -0.2506557549057231
4.212 0.110621806082889 0.2138397121475023 0.114488114597829 0.4643765039156149 -0.003866308514940009 -0.2505367917681126
4.214 0.1112831611541264 0.213585182452493 0.1151458014473537 0.4640031239241829 -0.003862640293227301 -0.2504179414716899
4.216 0.1119317614925084 0.2133049279296291 0.1157907387815599 0.4636041317856473 -0.003858977289051513 -0.2502992038560182
4.218 0.1125728517835819 0.2129965564139958 0.1164281712761051 0.46317713517496 -0.003855319492523156 -0.2501805787609642
4.22 0.1132120113504598 0.2126584622169048 0.117063678244236 0.4627205282436028 -0.003851666893776154 -0.250062066026698
4.222 0.1138550342322215 0.2122898618777711 0.1177030537151893 0.4622335273714632 -0.003848019482967784 -0.2499436654936921
4.224 0.1145078086766924 0.2118908105083718 0.118352185926971 0.4617161875110926 -0.003844377250278611 -0.2498253770027208
4.226 0.1151761993481535 0.2114622000947536 0.1190169395340659 0.4611694004896132 -0.003840740185912417 -0.2497072003948596
4.228 0.1158659349173744 0.2110057416691246 0.1197030431974705 0.4605948771806087 -0.003837108280096137 -0.2495891355114841
4.23 0.1165825030003899 0.2105239335942492 0.1204159845234697 0.4599951157885189 -0.003833481523079794 -0.2494711821942696
4.232 0.1173310537085025 0.2100200183215093 0.1211609136136389 0.4593733586067 -0.003829859905136435 -0.2493533402851907
4.234 0.1181163124204625 0.2094979299131783 0.1219425558370245 0.458733539539698 -0.003826243416562065 -0.2492356096265197
4.236 0.1189425018313344 0.2089622343936909 0.1227651338790099 0.4580802244545177 -0.003822632047675576 -0.2491179900608268
4.238 0.1198132729004281 0.2084180646541308 0.1236322986892468 0.4574185460851095 -0.003819025788818691 -0.2490004814309787
4.24 0.1207316440280269 0.2078710512214949 0.1245470686583828 0.4567541348016335 -0.003815424630355899 -0.2488830835801386
4.242 0.1216999476414871 0.207327249760341 0.1255117762041615 0.456093046112106 -0.003811828562674381 -0.248765796351765
4.244 0.1227197833604903 0.2067930657359569 0.1265280209366743 0.4554416853255679 -0.003808237576183958 -0.248648619589611
4.246 0.1237919770264778 0.2062751762672466 0.1275966286877948 0.4548067294049704 -0.003804651661317015 -0.2485315531377238
4.248 0.1249165451056266 0.2057804488604085 0.1287176159141551 0.4541950457008526 -0.003801070808528453 -0.2484145968404441
4.25 0.1260926642888132 0.2053158564627423 0.1298901592971088 0.4536136070051474 -0.003797495008295608 -0.2482977505424051
4.252 0.1273186464933342 0.2048883881266768 0.1311125707444524 0.4530694022152089 -0.0037939242511182 -0.248181014088532
4.254 0.1285919198960034 0.2045049545410716 0.1323822784235216 0.4525693418651131 -0.003790358527518265 -0.2480643873240415
4.256 0.1299090170701563 0.2041722877799591 0.1336958148981964 0.4521201578743995 -0.003786797828040091 -0.2479478700944404
4.258 0.1312655717315955 0.2038968348450491 0.1350488138748457 0.451728297090575 -0.003783242143250162 -0.247831462245526
4.26 0.1326563259893193 0.2036846449399827 0.1364360174530563 0.4513998085633673 -0.003779691463737089 -0.2477151636233846
4.262 0.1340751503124688 0.203541250908455 0.1378512960925803 0.4511402249828459 -0.003776145780111546 -0.2475989740743909
4.264 0.1355150786279226 0.2034715458845281 0.1392876837109288 0.4509544393297358 -0.003772605083006215 -0.2474828934452077
4.266 0.1369683610151917 0.203479656921818 0.1407374303782675 0.4508465785046031 -0.003769069363075722 -0.2473669215827851
4.268 0.1384265363297756 0.2035688181573624 0.1421920749407721 0.4508198764917219 -0.003765538610996571 -0.2472510583343595
4.27 0.1398805267299669 0.2037412468812462 0.143642539547434 0.4508765504286996 -0.003762012817467088 -0.2471353035474533
4.272 0.1413207554810955 0.2039980266664933 0.1450792474543029 0.4510176837363675 -0.003758491973207355 -0.2470196570698742
4.274 0.1427372885574496 0.204339002395127 0.1464922646264088 0.4512431211448412 -0.003754976068959154 -0.2469041187497142
4.276 0.144119999465862 0.2047626925166919 0.1478714645613479 0.4515513809520414 -0.003751465095485903 -0.2467886884353495
4.278 0.1454587554129121 0.2052662241129413 0.1492067144564847 0.4519395900883805 -0.003747959043572592 -0.2466733659754392
4.28 0.1467436214950294 0.2058452962412766 0.1504880793990551 0.4524034474602017 -0.003744457904025731 -0.2465581512189251
4.282 0.1479650781002695 0.2064941765295571 0.1517060397679428 0.452937220544588 -0.003740961667673286 -0.2464430440150309
4.284 0.1491142452894886 0.207205735063299 0.1528517156148533 0.4535337792765605 -0.003737470325364612 -0.2463280442132615
4.286 0.1501831067075871 0.2079715182479583 0.1539170905755575 0.4541846699113607 -0.003733983867970407 -0.2462131516634025
4.288 0.1511647246982304 0.2087818635929569 0.154895226984613 0.454880229808476 -0.003730502286382636 -0.2460983662155191
4.29 0.1520534378815975 0.2096260543464104 0.155780463453112 0.4556097420663667 -0.003727025571514489 -0.2459836877199563
4.292 0.1528450325973902 0.2104925107501621 0.1565685863116905 0.4563616267774994 -0.003723553714300309 -0.2458691160273373
4.294 0.1535368803602373 0.2113690125543244 0.1572569670659328 0.4571236635428877 -0.003720086705695532 -0.2457546509885633
4.296 0.1541280348094714 0.212242945514988 0.1578446593461481 0.457883237969801 -0.003716624536676641 -0.2456402924548131
4.298 0.154619283485698 0.2131015630772889 0.1583324506839391 0.4586276033548309 -0.003713167198241096 -0.245526040277542
4.3 0.1550131519993228 0.2139322534668995 0.15872286668073 0.4593441477753808 -0.003709714681407276 -0.2454118943084813
4.302 0.1553138605932311 0.2147228020752243 0.1590201275704455 0.4600206564748622 -0.003706266977214427 -0.2452978543996379
4.304 0.1555272355407677 0.2154616393628873 0.1592300596174903 0.4606455597661805 -0.003702824076722597 -0.2451839204032932
4.306 0.1556605800578654 0.216138065488313 0.159359966028878 0.461208157660316 -0.003699385971012587 -0.2450700921720031
4.308 0.1557225112656468 0.2167424443964679 0.1594184639168327 0.4616988139550645 -0.003695952651185881 -0.2449563695585966
4.31 0.1557227710830274 0.2172663620291053 0.159415295191392 0.4621091144452811 -0.003692524108364599 -0.2448427524161757
4.312 0.1556720196811635 0.217702745464493 0.1593611200148549 0.4624319860626078 -0.003689100333691434 -0.2447292405981148
4.314 0.1555816202789416 0.2180459419754908 0.1592673015972712 0.4626617759335505 -0.003685681318329597 -0.2446158339580597
4.316 0.1554634236457422 0.2182917590385771 0.159145690699205 0.4627942913885044 -0.00368226705346276 -0.2445025323499272
4.318 0.1553295597952969 0.21843746809308 0.1590084173255919 0.4628268037209846 -0.003678857530294998 -0.2443893356279046
4.32 0.1551922431247461 0.2184817762418151 0.1588676958647968 0.4627580198882636 -0.00367545274005073 -0.2442762436464485
4.322 0.1550635958117586 0.2184247710512421 0.1587356484857333 0.4625880273115273 -0.003672052673974673 -0.2441632562602852
4.324 0.1549554927620824 0.2182678441453356 0.1586241500854141 0.4623182174697446 -0.003668657323331772 -0.244050373324409
4.326 0.1548794299171116 0.2180135994237135 0.1585446965965188 0.4619511941177957 -0.003665266679407154 -0.2439375946940822
4.328 0.1548464163783944 0.2176657515296901 0.1585082971119005 0.4614906717545245 -0.003661880733506062 -0.2438249202248344
4.33 0.1548668896470801 0.2172290197220972 0.1585253891240339 0.4609413694945588 -0.003658499476953813 -0.2437123497724617
4.332 0.1549506523469165 0.2167090216452769 0.1586057752480122 0.4603089048383032 -0.003655122901095731 -0.2435998831930263
4.334 0.1551068281099653 0.2161121707211826 0.1587585791072624 0.4595996910640383 -0.003651750997297099 -0.2434875203428557
4.336 0.1553438338449028 0.2154455800726914 0.1589922176018459 0.4588208411512337 -0.003648383756943093 -0.2433752610785423
4.338 0.1556693653549308 0.2147169750820422 0.1593143865263695 0.4579800803389849 -0.003645021171438745 -0.2432631052569427
4.34 0.1560903931936045 0.2139346159324249 0.1597320564258134 0.4570856686676018 -0.00364166323220887 -0.2431510527351768
4.342 0.1566131657064835 0.2131072307995049 0.1602514756371815 0.4561463341701326 -0.003638309930698021 -0.2430391033706278
4.344 0.1572432163694572 0.2122439597665358 0.1608781776278276 0.4551712167874766 -0.00363496125837043 -0.2429272570209408
4.346 0.1579853727689597 0.2113543090351205 0.1616169899756696 0.4541698225791437 -0.003631617206709965 -0.2428155135440232
4.348 0.1588437648487779 0.2104481145891786 0.162472042615998 0.4531519873872218 -0.003628277767220057 -0.2427038727980432
4.35 0.1598218303519922 0.2095355141332979 0.1634467732834159 0.4521278487747274 -0.00362494293142366 -0.2425923346414295
4.352 0.1609223157003903 0.2086269258568757 0.1645439283912535 0.4511078247897468 -0.003621612690863193 -0.2424808989328711
4.354 0.1621472708690958 0.2077330323590131 0.1657655579061963 0.450102597890329 -0.00361828703710049 -0.2423695655313159
4.356 0.1634980371275122 0.2068647678943734 0.1671130030892289 0.4491231021903443 -0.003614965961716739 -0.242258334295971
4.358 0.1649752268297238 0.2060333069569892 0.1685868762860362 0.4481805120432904 -0.003611649456312433 -0.2421472050863012
4.36 0.1665786947530319 0.2052500520991912 0.1701870322655393 0.4472862298612206 -0.003608337512507318 -0.2420361777620294
4.362 0.1683075008087373 0.2045266187824771 0.1719125309306777 0.4464518709656121 -0.003605030121940343 -0.241925252183135
4.364 0.1701598642927174 0.2038748149758073 0.173761591568987 0.4456892431856615 -0.003601727276269597 -0.2418144282098542
4.366 0.1721331102143327 0.2033066131574588 0.1757315391815049 0.4450103188601375 -0.003598428967172266 -0.2417037057026786
4.368 0.1742236086483852 0.2028341123476619 0.1778187438347298 0.4444271968700174 -0.003595135186344574 -0.2415930845223554
4.37 0.1764267085027075 0.2024694878128149 0.1800185544282092 0.4439520523427013 -0.003591845925501742 -0.2414825645298864
4.372 0.1787366675876763 0.2022249261546132 0.1823252287640542 0.4435970717411403 -0.003588561176377919 -0.2413721455865271
4.374 0.1811465814118488 0.2021125436495946 0.184731862342575 0.4433743712033815 -0.003585280930726143 -0.2412618275537869
4.376 0.1836483137026052 0.2021442859601315 0.1872303188829235 0.4432958962535593 -0.003582005180318283 -0.2411516102934278
4.378 0.1862324322480225 0.2023318077218612 0.1898111661649675 0.4433733013893257 -0.003578733916944996 -0.2410414936674645
4.38 0.1888881542510505 0.2026863310508773 0.1924636213834662 0.4436178085890403 -0.003575467132415661 -0.240931477538163
4.382 0.1916033059438968 0.2032184827287143 0.1951755107624552 0.4440400444967551 -0.003572204818558342 -0.2408215617680408
4.384 0.1943643016840761 0.2039381107306265 0.1979332486512958 0.4446498569504923 -0.003568946967219726 -0.2407117462198658
4.386 0.1971561480852028 0.2048540818683219 0.2007218416554679 0.445456112624978 -0.003565693570265082 -0.2406020307566561
4.388 0.1999624788581367 0.2059740636117629 0.2035249234777149 0.4464664788534422 -0.003562444619578202 -0.2404924152416792
4.39 0.2027656258802655 0.2073042946055886 0.2063248259873268 0.4476871941440401 -0.003559200107061355 -0.2403828995384515
4.392 0.2055467314987525 0.2088493499483685 0.2091026915233878 0.4491228334591061 -0.003555960024635233 -0.2402734835107376
4.394 0.2082859061430074 0.2106119088732942 0.2118386305072463 0.4507760758958444 -0.003552724364238907 -0.2401641670225502
4.396 0.2109624339278343 0.2125925339457402 0.214511927045664 0.452647483883889 -0.003549493117829771 -0.2400549499381488
4.398 0.2135550270542843 0.2147894721383668 0.2171012933316678 0.4547353042604066 -0.00354626627738349 -0.2399458321220398
4.4 0.2160421274854561 0.2171984890028242 0.2195851713203501 0.4570353024417999 -0.003543043834893959 -0.2398368134389757
4.402 0.2184022516674949 0.2198127474696606 0.2219420774498681 0.4595406412236149 -0.003539825782373246 -0.2397278937539543
4.404 0.2206143711141095 0.2226227424268734 0.2241509832259611 0.462241815359092 -0.003536612111851546 -0.2396190729322186
4.406 0.2226583186666243 0.2256163010392597 0.2261917214820014 0.4651266518785156 -0.00353340281537713 -0.2395103508392559
4.408 0.2245152074199973 0.2287786567197481 0.2280454053050136 0.4681803840605455 -0.003530197885016295 -0.2394017273407974
4.41 0.226167846934922 0.2320926017687998 0.2296948442477753 0.4713858040716174 -0.00352699731285332 -0.2392932023028176
4.412 0.2276011397078036 0.23553872006805 0.231124940798794 0.4747234956595837 -0.003523801090990411 -0.2391847755915337
4.414 0.2288024401855356 0.2390956970544583 0.2323230493970832 0.4781721441278635 -0.003520609211547652 -0.2390764470734052
4.416 0.2297618590652654 0.2427406997972792 0.2332792807319283 0.4817089164124123 -0.003517421666662965 -0.2389682166151331
4.418 0.2304724972901207 0.246449815699353 0.2339867357386128 0.4853098997830128 -0.003514238448492051 -0.2388600840836598
4.42 0.2309305970028898 0.2501985345204816 0.2344416565520982 0.4889505838666496 -0.003511059549208353 -0.238752049346168
4.422 0.2311356005869333 0.2539622554252364 0.2346434855479363 0.4926063676953168 -0.003507884961002992 -0.2386441122700805
4.424 0.2310901135315001 0.2577167988784505 0.2345948282075849 0.4962530716015101 -0.003504714676084736 -0.2385362727230596
4.426 0.2307997718453458 0.2614389026367107 0.2343013205320258 0.4998674332097172 -0.003501548686679942 -0.2384285305730065
4.428 0.2302730197022076 0.2651066818682689 0.2337714066872401 0.5034275675563298 -0.003498386985032512 -0.2383208856880609
4.43 0.2295208075343452 0.2687000354982816 0.2330160370977491 0.506913373434882 -0.003495229563403844 -0.2382133379366004
4.432 0.2285562245483482 0.2722009840201164 0.232048300962421 0.5103068712073561 -0.003492076414072784 -0.2381058871872397
4.434 0.227394082365202 0.2755939279371314 0.2308830098945376 0.5135924612459619 -0.003488927529335584 -0.2379985333088304
4.436 0.2260504680449097 0.2788658203510841 0.2295362509464155 0.5167570965215447 -0.003485782901505847 -0.2378912761704606
4.438 0.2245422851273822 0.2820062516338259 0.2280249276502967 0.5197903672752796 -0.003482642522914488 -0.2377841156414537
4.44 0.2228868006000131 0.2850074482791944 0.2263663069859228 0.5226844998705631 -0.003479506385909676 -0.2376770515913686
4.442 0.2211012140701936 0.2878641916705861 0.2245775885530504 0.5254342755605851 -0.003476374482856806 -0.237570083889999
4.444 0.2192022631116633 0.2905736654414748 0.2226755099178017 0.528036877848847 -0.003473246806138433 -0.2374632124073722
4.446 0.2172058760217348 0.2931352422654305 0.2206759993698891 0.5304916792791802 -0.003470123348154235 -0.2373564370137497
4.448 0.2151268803128671 0.2955502222866573 0.2185938844141881 0.532799979866283 -0.003467004101320969 -0.2372497575796257
4.45 0.2129787723701952 0.2978215360575386 0.2164426614282677 0.5349647100332658 -0.003463889058072421 -0.2371431739757273
4.452 0.2107735509897063 0.2999534248933121 0.2142343292005657 0.5369901109663254 -0.003460778210859359 -0.2370366860730133
4.454 0.2085216150666776 0.3019511111140225 0.2119792866188271 0.5388814048566968 -0.00345767155214949 -0.2369302937426743
4.456 0.2062317235747805 0.3038204698485075 0.209686292649208 0.5406444667046393 -0.003454569074427415 -0.2368239968561318
4.458 0.2039110141676324 0.3055677130334163 0.2073624849378269 0.5422855083184541 -0.003451470770194584 -0.2367177952850378
4.46 0.2015650752221431 0.3071990950356094 0.2050134518541123 0.5438107839368836 -0.003448376631969243 -0.2366116889012742
4.462 0.1991980648930559 0.3087206480105351 0.2026433515453424 0.5452263255874877 -0.0034452866522864 -0.2365056775769526
4.464 0.1968128697265263 0.310137953708523 0.2002550705502241 0.5465377148929362 -0.003442200823697772 -0.2363997611844132
4.466 0.1944112945688679 0.3114559569596483 0.1978504137076397 0.5477498965558733 -0.003439119138771747 -0.236293939596225
4.468 0.1919942749049199 0.3126788245025757 0.1954303164950133 0.5488670371877603 -0.003436041590093331 -0.2361882126851846
4.47 0.1895621023863656 0.3138098511738568 0.1929950705566297 0.5498924314981731 -0.003432968170264107 -0.2360825803243163
4.472 0.1871146542006921 0.3148514137537458 0.1905445530725943 0.5508284561406168 -0.003429898871902195 -0.235977042386871
4.474 0.184651617127366 0.3158049710077359 0.1880784508150082 0.5516765697540622 -0.003426833687642202 -0.2358715987463263
4.476 0.1821726976647275 0.3166711067298616 0.1855964702748627 0.5524373560062472 -0.00342377261013518 -0.2357662492763856
4.478 0.1796778105095789 0.3174496109652402 0.1830985261416275 0.5531106048162179 -0.003420715632048581 -0.2356609938509777
4.48 0.1771672389233468 0.3181395931621608 0.180584901669413 0.5536954255064167 -0.003417662746066213 -0.2355558323442559
4.482 0.1746417620795815 0.3187396198777864 0.1780563760244697 0.5541903845083851 -0.0034146139448882 -0.2354507646305987
4.484 0.1721027462812826 0.3192478689232923 0.1755143155025135 0.5545936595079 -0.003411569221230932 -0.2353457905846077
4.486 0.1695521988544826 0.31966229154621 0.1729607274223096 0.5549032016273184 -0.003408528567827029 -0.2352409100811084
4.488 0.166992785438061 0.3199807744358312 0.1703982774154863 0.55511689743098 -0.003405491977425285 -0.2351361229951489
4.49 0.1644278131674934 0.3202012939845057 0.1678302726102841 0.5552327231865056 -0.003402459442790644 -0.2350314292019999
4.492 0.1618611837705432 0.3203220562848736 0.1652606147272473 0.5552488848620275 -0.003399430956704141 -0.2349268285771539
4.494 0.159297321758309 0.320341617696503 0.1626937282702719 0.5551639386928278 -0.003396406511962864 -0.2348223209963247
4.496 0.1567410836462607 0.3202589823567631 0.1601344697476406 0.5549768886922104 -0.003393386101379911 -0.2347179063354473
4.498 0.1541976544577313 0.3200736746130118 0.1575880241755157 0.5546872590836888 -0.003390369717784349 -0.234613584470677
4.5 0.1516724376662068 0.3197857858941429 0.155059795020228 0.5542951411725316 -0.003387357354021172 -0.2345093552783888
4.502 0.1491709442790179 0.3193959969155159 0.1525552932819692 0.5538012155506934 -0.003384349002951253 -0.2344052186351775
4.504 0.1466986860330431 0.318905577245482 0.1500800306904944 0.5532067516633388 -0.003381344657451308 -0.2343011744178568
4.506 0.1442610767538224 0.3183163651087272 0.1476394210642363 0.5525135876121857 -0.003378344310413849 -0.2341972225034585
4.508 0.141863344917923 0.3176307308474089 0.1452386928726701 0.551724093616642 -0.003375347954747149 -0.234093362769233
4.51 0.1395104594401416 0.3168515277192157 0.1428828150235168 0.5508411228118635 -0.003372355583375191 -0.2339895950926478
4.512 0.1372070697513199 0.3159820337159701 0.1405764369405576 0.5498679530673577 -0.003369367189237631 -0.2338859193513876
4.514 0.1349574603921413 0.3150258878856569 0.138323843157431 0.5488082233090102 -0.003366382765289758 -0.2337823354233534
4.516 0.1327655196551774 0.3139870242888964 0.1361289219596798 0.547665867475559 -0.003363402304502452 -0.2336788431866626
4.518 0.1306347212742941 0.3128696062717879 0.1339951470741562 0.5464450487914361 -0.003360425799862135 -0.2335754425196481
4.52 0.1285681177869957 0.3116779632399915 0.1319255710313665 0.5451500965408492 -0.003357453244370742 -0.2334721333008577
4.522 0.126568343968711 0.3104165316153046 0.1299228285997567 0.5437854470243587 -0.00335448463104567 -0.2333689154090542
4.524 0.1246376286368953 0.3090898011767849 0.127989148589815 0.5423555898999991 -0.003351519952919745 -0.2332657887232142
4.526 0.1227778131245852 0.307702267556275 0.1261263723276264 0.5408650206788034 -0.003348559203041173 -0.2331627531225284
4.528 0.1209903748026212 0.3062583912862622 0.1243359771770947 0.5393181997726625 -0.003345602374473502 -0.2330598084864003
4.53 0.1192764541627022 0.3047625634914918 0.1226191036229978 0.5377195181859381 -0.003342649460295587 -0.2329569546944463
4.532 0.1176368841401362 0.3032190780752561 0.1209765845937378 0.5360732697017514 -0.003339700453601544 -0.2328541916264953
4.534 0.116072220538117 0.3016321100726853 0.1194089758856177 0.5343836292352732 -0.003336755347500709 -0.2327515191625879
4.536 0.1145827726003266 0.3000056997193248 0.1179165867354443 0.5326546369023006 -0.003333814135117599 -0.2326489371829758
4.538 0.1131686329564726 0.2983437417059935 0.1164995097660645 0.5308901872741155 -0.003330876809591874 -0.232546445568122
4.54 0.1118297063292331 0.2966499790521763 0.1151576496933114 0.5290940232508758 -0.003327943364078298 -0.2324440441986995
4.542 0.1105657365360653 0.2949280010205618 0.113890750327812 0.5272697339761535 -0.003325013791746689 -0.2323417329555917
4.544 0.1093763314443432 0.2931812445080518 0.1126984195301251 0.5254207562279429 -0.003322088085781894 -0.2322395117198911
4.546 0.1082609856428418 0.2914129983768661 0.1115801518822255 0.5235503787497655 -0.003319166239383736 -0.2321373803728995
4.548 0.1072191006767721 0.2896264102267862 0.1105353489225391 0.5216617490229133 -0.003316248245766988 -0.2320353387961271
4.55 0.1062500027597433 0.2878244951522874 0.1095633368579046 0.5197578820235799 -0.003313334098161321 -0.2319333868712924
4.552 0.1053529579260723 0.2860101460726507 0.1086633817158836 0.5178416705529721 -0.003310423789811269 -0.2318315244803215
4.554 0.1045271846223122 0.2841861452653738 0.1078347019362883 0.5159158967707212 -0.003307517313976193 -0.2317297515053475
4.556 0.1037718637610443 0.2823551767724872 0.1070764784249745 0.5139832446011978 -0.003304614663930243 -0.2316280678287106
4.558 0.1030861462743141 0.2805198393831059 0.1063878621072764 0.512046312716063 -0.003301715832962311 -0.2315264733329571
4.56 0.1024691582113221 0.278682659923751 0.1057679790256981 0.5101076278245902 -0.003298820814375997 -0.2314249679008392
4.562 0.1019200034266604 0.2768461066087645 0.10521593302815 0.5081696580240789 -0.003295929601489573 -0.2313235514153144
4.564 0.1014377639038694 0.2750126022173141 0.1047308060915053 0.5062348259768593 -0.003293042187635943 -0.2312222237595453
4.566 0.1010214977560379 0.2731845368704096 0.1043116563222005 0.5043055216873085 -0.0032901585661626 -0.2311209848168989
4.568 0.1006702349421647 0.2713642801807692 0.1039575136725963 0.5023841146517156 -0.003287278730431593 -0.2310198344709464
4.57 0.1003829707371326 0.2695541925411052 0.1036673734109521 0.5004729651465675 -0.003284402673819486 -0.2309187726054623
4.572 0.1001586569958942 0.2677566353028487 0.1034401873856115 0.4985744344072733 -0.003281530389717323 -0.2308177991044246
4.574 0.09999619126056633 0.2659739795774633 0.1032748531320969 0.4966908934294771 -0.003278661871530587 -0.2307169138520139
4.576 0.09989440377453969 0.264208613368115 0.1031702008872189 0.494824730100728 -0.003275797112679162 -0.230616116732613
4.578 0.09985204249211833 0.2624629467115368 0.1031249785987156 0.4929783543423433 -0.003272936106597296 -0.2305154076308065
4.58 0.0998677562073976 0.2607394144798078 0.1031378350541312 0.4911542009111883 -0.003270078846733567 -0.2304147864313806
4.582 0.09994007597388577 0.2590404764620616 0.1032073013004366 0.489354729481384 -0.003267225326550842 -0.2303142530193224
4.584 0.1000673950482903 0.2573686143200125 0.1033317705878165 0.4875824215998318 -0.003264375539526234 -0.2302138072798194
4.586 0.1002479476690398 0.2557263249911605 0.1035094771481909 0.4858397740894196 -0.003261529479151077 -0.2301134490982591
4.588 0.1004797870733087 0.2541161101048401 0.1037384742122396 0.484129288465069 -0.003258687138930881 -0.2300131783602289
4.59 0.100760763265081 0.2525404609838959 0.1040166117774663 0.4824534559354114 -0.003255848512385296 -0.2299129949515155
4.592 0.1010885011700007 0.2510018388336929 0.1043415147630488 0.4808147375917968 -0.003253013593048073 -0.2298128987581038
4.594 0.1014603799472694 0.2495026497774582 0.1047105623217364 0.479215539443636 -0.003250182374467034 -0.2297128896661778
4.596 0.1018735143698003 0.2480452144889793 0.1051208692200043 0.4776581820510981 -0.003247354850204029 -0.2296129675621187
4.598 0.1023247393240292 0.2466317323059367 0.1055692703378641 0.4761448646384426 -0.003244531013834902 -0.2295131323325058
4.6 0.1028105986104052 0.2452642398854595 0.1060523094693547 0.4746776237495746 -0.003241710858949452 -0.2294133838641151
4.602 0.1033273393319365 0.2439445646910446 0.1065662337110879 0.4732582867349638 -0.003238894379151401 -0.2293137220439192
4.604 0.1038709132263814 0.2426742738764166 0.1071069947944397 0.4718884206355038 -0.003236081568058355 -0.2292141467590872
4.606 0.1044369863105987 0.2414546194539054 0.1076702587299005 0.470569277350889 -0.003233272419301766 -0.2291146578969836
4.608 0.1050209581449632 0.240286480993241 0.1082514250714901 0.4693017363384095 -0.003230466926526901 -0.2290152553451686
4.61 0.1056179918745111 0.239170307474999 0.1088456569579039 0.468086246466396 -0.0032276650833928 -0.228915938991397
4.612 0.1062230559466508 0.2381060602994516 0.1094479228302231 0.4669227690230701 -0.003224866883572247 -0.2288167087236185
4.614 0.1068309780333912 0.2370931597968204 0.1100530503541429 0.465810724226797 -0.00322207232075173 -0.2287175644299766
4.616 0.1074365111981951 0.2361304378633607 0.1106557925868265 0.4647489438621691 -0.003219281388631402 -0.2286185059988085
4.618 0.1080344117531954 0.2352160995214376 0.1112509058341205 0.4637356328400822 -0.003216494080925054 -0.2285195333186446
4.62 0.1086195275742244 0.2343476962322069 0.1118332379655845 0.4627683425104152 -0.003213710391360074 -0.2284206462782084
4.622 0.1091868949160855 0.2335221136424552 0.1123978252297629 0.4618439584088707 -0.003210930313677413 -0.2283218447664154
4.624 0.1097318410483837 0.2327355760992616 0.1129399948900152 0.4609587047716351 -0.003208153841631548 -0.2282231286723735
4.626 0.1102500893736413 0.2319836697087137 0.1134554703426317 0.4601081675940956 -0.00320538096899045 -0.2281244978853819
4.628 0.1107378631605173 0.2312613849589568 0.1139404748500528 0.4592873372538879 -0.003202611689535549 -0.2280259522949311
4.63 0.1111919836896959 0.2305631790074504 0.1143918296867576 0.4584906707981528 -0.003199845997061697 -0.2279274917907024
4.632 0.1116099585226092 0.2298830567035605 0.1148070424079864 0.4577121729661278 -0.003197083885377131 -0.2278291162625673
4.634 0.1119900557998284 0.2292146683553609 0.1151843811481319 0.4569454939559481 -0.003194325348303446 -0.2277308256005872
4.636 0.1123313609668012 0.2285514212413384 0.1155229313464767 0.4561840409363518 -0.003191570379675555 -0.2276326196950134
4.638 0.1126338130906369 0.2278866010036785 0.1158226320639785 0.4554210994399643 -0.003188818973341652 -0.2275344984362859
4.64 0.1128982189237889 0.2272134984213568 0.1160842900469521 0.4546499601363903 -0.003186071123163185 -0.2274364617150335
4.642 0.1131262440135113 0.2265255367116531 0.1163095708365261 0.4538640461337266 -0.003183326823014815 -0.2273385094220734
4.644 0.1133203813567911 0.2258163944829751 0.1165009674235754 0.4530570359313859 -0.003180586066784389 -0.2272406414484108
4.646 0.1134838992592323 0.2250801197626745 0.1166617481076052 0.4522229774479127 -0.003177848848372898 -0.2271428576852382
4.648 0.1136207710778125 0.2243112311207027 0.116795886239507 0.4513563891446379 -0.003175115161694447 -0.2270451580239352
4.65 0.1137355903331234 0.2235048027447242 0.1169079753337997 0.4504523451007924 -0.003172385000676222 -0.2269475423560682
4.652 0.1138334752128085 0.2226565313149396 0.117003133572067 0.4495065418883293 -0.003169658359258456 -0.2268500105733898
4.654 0.1139199667303956 0.2217627835880872 0.11708690196179 0.4485153461559258 -0.003166935231394393 -0.2267525625678385
4.656 0.1140009247584178 0.2208206246415904 0.117165140369468 0.4474758228731288 -0.003164215611050257 -0.2266551982315384
4.658 0.1140824258538139 0.2198278276725165 0.1172439253460191 0.4463857451293151 -0.003161499492205217 -0.2265579174567985
4.66 0.1141706662889475 0.2187828670327477 0.1173294531577989 0.4452435871688604 -0.003158786868851359 -0.2264607201361128
4.662 0.1142718730562435 0.2176848967740539 0.1174279507912372 0.4440485029362132 -0.00315607773499364 -0.2263636061621593
4.664 0.1143922248946053 0.2165337173595196 0.1175455969792551 0.4428002927873195 -0.003153372084649871 -0.2262665754277999
4.666 0.1145377846531569 0.2153297333766898 0.1176884545650076 0.4414993612027701 -0.003150669911850668 -0.2261696278260803
4.668 0.1147144436144451 0.2140739050849165 0.1178624148250845 0.4401466683351455 -0.003147971210639437 -0.2260727632502291
4.67 0.1149278777838439 0.2127676964764735 0.1180731537589162 0.4387436780701312 -0.003145275975072323 -0.2259759815936577
4.672 0.1151835156396411 0.2114130222665279 0.1183260998388593 0.4372923050164876 -0.00314258419921819 -0.2258792827499597
4.674 0.1154865164405004 0.2100121958897913 0.1186264123176589 0.4357948625027022 -0.003139895877158582 -0.2257826666129109
4.676 0.1158417579041427 0.2085678802065241 0.1189789689071304 0.4342540132829927 -0.003137211002987693 -0.2256861330764685
4.678 0.1162538318948496 0.2070830422383736 0.1193883614656619 0.4326727242731446 -0.003134529570812337 -0.2255896820347709
4.68 0.1167270466735555 0.2055609128887494 0.1198588982483074 0.4310542262708866 -0.003131851574751906 -0.2254933133821372
4.682 0.1172654342557538 0.2040049522688661 0.1203946112646922 0.4294019792819331 -0.00312917700893835 -0.225397027013067
4.684 0.1178727614711979 0.2024188209598947 0.120999267338714 0.4277196437821348 -0.00312650586751614 -0.22530082282224
4.686 0.1185525434078897 0.2008063572980637 0.1216763815525319 0.4260110580025792 -0.003123838144642233 -0.2252047007045154
4.688 0.1193080580359435 0.199171560572566 0.1224292318704296 0.4242802211274976 -0.003121173834486041 -0.2251086605549316
4.69 0.120142360931778 0.1975185798728762 0.1232608738630074 0.4225312821415822 -0.003118512931229401 -0.225012702268706
4.692 0.1210582991494203 0.1958517082073008 0.1241741545784868 0.4207685339485351 -0.003115855429066546 -0.2249168257412344
4.694 0.1220585234063885 0.1941753814310423 0.1251717247285926 0.418996412299133 -0.003113201322204068 -0.2248210308680907
4.696 0.123145497861924 0.1924941814631716 0.1262560484667849 0.4172194990081983 -0.003110550604860889 -0.2247253175450266
4.698 0.1243215068621795 0.1908128432308151 0.1274294101334477 0.4154425288987862 -0.003107903271268226 -0.2246296856679712
4.7 0.1255886581100444 0.1891362647483331 0.128693917425714 0.4136703998813634 -0.003105259315669568 -0.2245341351330303
4.702 0.1269488817869904 0.1874695197140102 0.1300515005193111 0.4119081855504969 -0.003102618732320636 -0.2244386658364866
4.704 0.1284039252123272 0.1858178719816731 0.1315039067278166 0.4101611496564721 -0.003099981515489357 -0.224343277674799
4.706 0.1299553426746894 0.1841867912348405 0.1330526903341453 0.4084347617794423 -0.003097347659455826 -0.2242479705446018
4.708 0.1316044801147268 0.1825819691538888 0.1346991972732391 0.4067347134965943 -0.00309471715851229 -0.2241527443427055
4.71 0.1333524543811747 0.1810093353189866 0.1364445443881377 0.4050669342850818 -0.003092090006963098 -0.2240575989660952
4.712 0.135200126829047 0.1794750720325026 0.1382895930281717 0.4034376063444334 -0.003089466199124683 -0.2239625343119308
4.714 0.1371480710845579 0.1779856271725623 0.1402349168138834 0.4018531774501089 -0.003086845729325526 -0.2238675502775466
4.716 0.1391965348716136 0.1765477241056893 0.1422807634635197 0.4003203708661403 -0.003084228591906132 -0.2237726467604511
4.718 0.1413453958851384 0.1751683675926221 0.1444270106663574 0.398846191250948 -0.003081614781218988 -0.2236778236583259
4.72 0.1435941118142467 0.1738548445201175 0.1466731161058753 0.397437925389144 -0.003079004291628544 -0.2235830808690265
4.722 0.145941664768895 0.1726147181881528 0.1490180618864062 0.3961031364787336 -0.003076397117511172 -0.2234884182905808
4.724 0.1483865005529624 0.1714558147835642 0.1514602938062176 0.3948496506047537 -0.003073793253255148 -0.2233938358211895
4.726 0.1509264634614079 0.1703862005859862 0.1539976561546685 0.3936855339452116 -0.003071192693260612 -0.2232993333592254
4.728 0.1535587275620803 0.169414148392667 0.1566273229940198 0.3926190591958998 -0.003068595431939538 -0.2232049108032329
4.73 0.1562797257563676 0.1685480916292555 0.1593457272200834 0.3916586596811835 -0.003066001463715713 -0.223110568051928
4.732 0.1590850782971227 0.1677965646507154 0.1621484890801474 0.3908128696549132 -0.003063410783024696 -0.2230163050041979
4.734 0.1619695228713746 0.167168127849881 0.1650303462556884 0.3900902494089813 -0.003060823384313798 -0.2229221215591003
4.736 0.1649268488184863 0.1666712764017462 0.1679850880805284 0.3894992940176095 -0.003058239262042042 -0.2228280176158632
4.738 0.1679498385360605 0.1663143318006692 0.1710054969467407 0.3890483248745542 -0.003055658410680143 -0.2227339930738849
4.74 0.1710302195992275 0.1661053158158257 0.174083300423938 0.3887453636485587 -0.003053080824710474 -0.2226400478327331
4.742 0.174158631550436 0.166051807114251 0.177209138049063 0.3885979889063957 -0.003050506498627036 -0.2225461817921447
4.744 0.1773246116640558 0.1661607815899753 0.1803725470909912 0.3886131764420011 -0.003047935426935429 -0.2224523948520258
4.746 0.1805166042007575 0.1664384383921232 0.1835619718049103 0.3887971253045739 -0.003045367604152822 -0.2223586869124507
4.748 0.1837219976819442 0.1668900147488298 0.1867648007067522 0.3891550726224921 -0.003042803024807929 -0.2222650578736623
4.75 0.1869271944755952 0.1675195939039083 0.1899674361590362 0.3896911015399793 -0.003040241683440971 -0.222171507636071
4.752 0.1901177164317432 0.1683299117643209 0.1931554000063468 0.3904079478645759 -0.003037683574603657 -0.222078036100255
4.754 0.1932783493905833 0.1693221691194554 0.1963134780834425 0.3913068122864149 -0.003035128692859143 -0.2219846431669595
4.756 0.1963933280811628 0.1704958574370947 0.1994259051139448 0.392387186174191 -0.003032577032782014 -0.2218913287370963
4.758 0.1994465612317544 0.1718486071455 0.2024765898207127 0.3936466998572442 -0.003030028588958254 -0.2217980927117442
4.76 0.2024218946614738 0.1733760678453532 0.205449378017459 0.3950810028375006 -0.003027483355985208 -0.2217049349921475
4.762 0.2053034077996605 0.1750718299309269 0.2083283491281321 0.3966836854106435 -0.003024941328471563 -0.2216118554797166
4.764 0.20807573661255 0.1769273965248319 0.2110981391135873 0.3984462506008591 -0.003022402501037314 -0.2215188540760272
4.766 0.2107244134791703 0.1789322133686868 0.213744280347484 0.4003581440515068 -0.003019866868313745 -0.2214259306828201
4.768 0.2132362123585497 0.1810737623412206 0.2162535467834931 0.4024068475432214 -0.003017334424943383 -0.2213330852020008
4.77 0.2155994858500718 0.1833377216402409 0.2186142910156517 0.4045780391758799 -0.003014805165579987 -0.2212403175356391
4.772 0.2178044796824666 0.1857081924871282 0.2208167587673552 0.4068558200730971 -0.00301227908488851 -0.2211476275859688
4.774 0.2198436099538658 0.188167988688775 0.2228533661314108 0.4092230039441626 -0.003009756177545077 -0.2210550152553876
4.776 0.2217116891972216 0.1906989817798407 0.2247189256354586 0.4116614622262971 -0.003007236438236949 -0.2209624804464564
4.778 0.2234060890884922 0.1932824910632902 0.2264108089501547 0.4141525141251892 -0.003004719861662502 -0.2208700230618989
4.78 0.2249268302753435 0.1958997049720063 0.2279290367178747 0.416677347976608 -0.003002206442531195 -0.2207776430046018
4.782 0.2262765932064735 0.1985321180572815 0.2292762893820371 0.4192174582348954 -0.002999696175563551 -0.2206853401776138
4.784 0.2274606477266156 0.2011619667726157 0.2304578367821067 0.4217550812567616 -0.002997189055491113 -0.2205931144841459
4.786 0.2284867032549641 0.2037726471717192 0.2314813883320206 0.4242736129992897 -0.002994685077056432 -0.2205009658275705
4.788 0.2293646852500866 0.2063490986729281 0.2323568694850996 0.4267579927843494 -0.002992184235013029 -0.2204088941114213
4.79 0.2301064470700816 0.2088781400447295 0.2330961335942069 0.4291950392841226 -0.002989686524125376 -0.2203168992393931
4.792 0.2307254290105114 0.2113487465332588 0.2337126209496802 0.4315737276486 -0.002987191939168861 -0.2202249811153412
4.794 0.2312362780779628 0.2137522603093087 0.2342209785528926 0.43388539995259 -0.002984700474929764 -0.2201331396432813
4.796 0.2316544428694594 0.216082529859237 0.2346366549956646 0.436123904586626 -0.002982212126205231 -0.220041374727389
4.798 0.2319957578136002 0.218335977290515 0.2349754847014034 0.4382856635625146 -0.002979726887803245 -0.2199496862719995
4.8 0.2322760301106952 0.2205115955173632 0.2352532748652378 0.4403696696989706 -0.002977244754542601 -0.2198580741816075
4.802 0.2325106411720409 0.222610879749333 0.2354854068932938 0.4423774181101993 -0.002974765721252875 -0.2197665383608662
4.804 0.2327141724233241 0.2246376995197912 0.2356864622060985 0.4443127782343791 -0.0029722897827744 -0.219675078714588
4.806 0.2329000632297382 0.2265981186312139 0.2358698801636964 0.4461818137789571 -0.002969816933958241 -0.2195836951477432
4.808 0.2330803066272017 0.2285001709023313 0.2360476537968678 0.4479925584677915 -0.002967347169666163 -0.2194923875654602
4.81 0.2332651866740288 0.2303535995741881 0.2362300671587995 0.4497547554472132 -0.00296488048477061 -0.2194011558730252
4.812 0.2334630596899218 0.2321695678020113 0.2364254765640764 0.4514795677778926 -0.002962416874154672 -0.2193099999758813
4.814 0.2336801804903811 0.2339603469779251 0.2366401368230932 0.4531792667575542 -0.002959956332712068 -0.2192189197796292
4.816 0.2339205739694093 0.2357389888484615 0.2368780728247564 0.4548669040384871 -0.002957498855347107 -0.2191279151900256
4.818 0.2341859520004751 0.2375189866503662 0.2371409964374498 0.4565559727633504 -0.002955044436974673 -0.2190369861129842
4.82 0.2344756755466007 0.2393139299029714 0.2374282686191209 0.4582600623575455 -0.00295259307252019 -0.2189461324545741
4.822 0.2347867619988128 0.2411371571510458 0.2377369067557324 0.4599925112720664 -0.002950144756919605 -0.2188553541210206
4.824 0.235113937983677 0.2430014108980471 0.2380616374687964 0.4617660619167511 -0.002947699485119353 -0.218764651018704
4.826 0.2354497380724976 0.244918499217255 0.2383949953245739 0.463592522271415 -0.002945257252076337 -0.21867402305416
4.828 0.235784649866068 0.2468989690510258 0.2387274679188259 0.4654824391851045 -0.002942818052757893 -0.2185834701340786
4.83 0.2361073057097565 0.2489517969419017 0.2390476875918983 0.4674447891072064 -0.002940381882141782 -0.2184929921653047
4.832 0.2364047207260219 0.2510841037845847 0.2393426694612381 0.4694866928394216 -0.002937948735216143 -0.2184025890548369
4.834 0.2366625758784253 0.2533009010156266 0.2395980944854048 0.4716131617254544 -0.00293551860697948 -0.2183122607098278
4.836 0.236865543387793 0.2556048763199134 0.2397986348802336 0.4738268833574965 -0.002933091492440634 -0.2182220070375832
4.838 0.2369976500414728 0.2579962272699125 0.2399283174280916 0.4761280552154749 -0.002930667386618758 -0.2181318279455624
4.84 0.2370426718591583 0.2604725511733479 0.2399709181437016 0.4785142745147252 -0.002928246284543289 -0.2180417233413772
4.842 0.236984551347195 0.26302879866147 0.2399103795284489 0.4809804917942622 -0.002925828181253923 -0.2179516931327922
4.844 0.2368078263782137 0.2656572971205652 0.2397312394500143 0.483519034348289 -0.002923413071800587 -0.2178617372277238
4.846 0.236498057799585 0.2683478479344865 0.2394190587508284 0.4861197034687271 -0.002921000951243426 -0.2177718555342406
4.848 0.2360422414393848 0.2710878987254112 0.2389608332540375 0.4887699466859741 -0.002918591814652761 -0.2176820479605628
4.85 0.2354291894632895 0.273862788493311 0.2383453751203986 0.4914551029083726 -0.002916185657109074 -0.2175923144150616
4.852 0.2346498662151266 0.2766560599802566 0.2375636486888295 0.4941587147865159 -0.002913782473702979 -0.2175026548062593
4.854 0.2336976648474955 0.2794498300048233 0.2366090471070307 0.4968628990476521 -0.002911382259535202 -0.2174130690428288
4.856 0.232568613220184 0.2822252052351697 0.2354775982299006 0.499548762268763 -0.002908985009716551 -0.2173235570335934
4.858 0.2312615006093519 0.2849627282054389 0.2341680913287198 0.5021968468929651 -0.002906590719367889 -0.2172341186875262
4.86 0.2297779205229528 0.2876428365958689 0.2326821199065729 0.504787590509619 -0.002904199383620115 -0.2171447539137501
4.862 0.2281222290688823 0.2902463180774267 0.2310240400664964 0.5073017806989644 -0.002901810997614139 -0.2170554626215376
4.864 0.2263014225331398 0.2927547434486502 0.2292008480896407 0.5097209881689603 -0.002899425556500856 -0.2169662447203101
4.866 0.2243249417474167 0.2951508623315605 0.2272219848028579 0.5120279624511983 -0.002897043055441113 -0.2168771001196378
4.868 0.2222044141450393 0.2974189481966362 0.225099077634645 0.5142069769258754 -0.0028946634896057 -0.2167880287292392
4.87 0.2199533468766462 0.2995450827156919 0.2228456337308215 0.5162441131746733 -0.002892286854175317 -0.2166990304589815
4.872 0.2175867858330934 0.3015173731000239 0.2204766989774339 0.5181274783189029 -0.002889913144340546 -0.2166101052188791
4.874 0.2151209558605267 0.3033260998510731 0.2180084982158285 0.5198473527701676 -0.002887542355301835 -0.2165212529190945
4.876 0.2125728969113957 0.3049637959320241 0.2154580713936652 0.5213962694019612 -0.002885174482269466 -0.2164324734699371
4.878 0.2099601094975617 0.3064252615118939 0.2128429190180253 0.5227690282937575 -0.002882809520463538 -0.2163437667818637
4.88 0.2073002208008206 0.3077075209570484 0.2101806682659345 0.5239626537225256 -0.002880447465113938 -0.2162551327654772
4.882 0.2046106803823517 0.3088097305487348 0.207488768693812 0.5249763018802621 -0.002878088311460318 -0.2161665713315273
4.884 0.2019084918448723 0.3097330464667767 0.2047842238996244 0.5258111288576862 -0.002875732054752072 -0.2160780823909095
4.886 0.199209984247297 0.3104804629418982 0.2020833629375453 0.5264701287965636 -0.002873378690248311 -0.2159896658546654
4.888 0.1965306247184284 0.3110566302361965 0.1994016529316462 0.526957951870178 -0.00287102821321784 -0.2159013216339815
4.89 0.1938848716811135 0.3114676613873008 0.1967535523000526 0.527280711027491 -0.002868680618939134 -0.2158130496401902
4.892 0.1912860664527457 0.3117209355830195 0.194152402355446 0.5274457853677875 -0.002866335902700311 -0.2157248497847681
4.894 0.1887463597572818 0.3118249047533615 0.1916103538170809 0.5274616267326983 -0.002863994059799119 -0.2156367219793368
4.896 0.1862766688563604 0.3117889085952678 0.1891383239419033 0.5273375747309297 -0.002861655085542897 -0.2155486661356619
4.898 0.1838866605468584 0.311623001879736 0.186745979522107 0.5270836840453893 -0.002859318975248564 -0.2154606821656533
4.9 0.1815847551261739 0.311337796605482 0.1844417408504165 0.5267105665868463 -0.002856985724242588 -0.2153727699813643
4.902 0.1793781465324473 0.3109443204075743 0.1822328018603083 0.5262292499025661 -0.002854655327860969 -0.2152849294949918
4.904 0.1772728341651947 0.3104538916321282 0.1801251619466439 0.5256510522510039 -0.00285232778144921 -0.2151971606188758
4.906 0.1752736623255773 0.3098780106603168 0.1781236654059395 0.5249874739258157 -0.002850003080362297 -0.2151094632654988
4.908 0.1733843637354225 0.3092282664039778 0.1762320449553872 0.5242501037514642 -0.002847681219964673 -0.2150218373474864
4.91 0.1716076041617995 0.3085162563901367 0.1744529663574297 0.5234505391677426 -0.002845362195630221 -0.2149342827776059
4.912 0.1699450257602515 0.3077535184864219 0.1727880717629937 0.5226003179551887 -0.002843046002742233 -0.2148467994687669
4.914 0.1683972873329069 0.3069514720752679 0.1712380199696003 0.5217108594092882 -0.002840732636693391 -0.2147593873340204
4.916 0.1669641002661084 0.3061213663446947 0.1698025223589941 0.5207934126312536 -0.002838422092885746 -0.2146720462865589
4.918 0.1656442594587141 0.3052742333121911 0.1684803738254448 0.5198590095519071 -0.002836114366730692 -0.214584776239716
4.92 0.1644356690736758 0.3044208432238643 0.1672694785273247 0.5189184203308306 -0.002833809453648944 -0.2144975771069662
4.922 0.1633353634420623 0.3035716600663111 0.1661668707911328 0.5179821088682354 -0.002831507349070516 -0.2144104488019243
4.924 0.1623395239208385 0.3027367950903962 0.1651687319692732 0.5170601863287416 -0.002829208048434697 -0.2143233912383454
4.926 0.1614434929516312 0.3019259564740717 0.1642704044988213 0.5161623608041963 -0.002826911547190032 -0.2142364043301246
4.928 0.1606417869845609 0.3011483935495689 0.1634664048253552 0.5152978815408654 -0.002824617840794293 -0.2141494879912965
4.93 0.1599281103114939 0.3004128343936461 0.1627504372362083 0.5144754765296815 -0.002822326924714464 -0.2140626421360355
4.932 0.1592953721837952 0.2997274160329974 0.1621154109782219 0.5137032827116517 -0.002820038794426709 -0.2139758666786543
4.934 0.1587357098536732 0.2990996070543273 0.1615534632990896 0.5129887685879326 -0.002817753445416366 -0.2138891615336054
4.936 0.1582405203522152 0.2985361230287793 0.1610559912253931 0.5123386496442583 -0.002815470873177905 -0.213802526615479
4.938 0.1578005038735868 0.2980428358559561 0.1606136949468017 0.5117587976949602 -0.002813191073214918 -0.2137159618390041
4.94 0.1574057215436201 0.2976246788868661 0.1602166355846602 0.5112541460059132 -0.002810914041040095 -0.2136294671190472
4.942 0.1570456700822475 0.2972855504701231 0.1598543098544227 0.5108285928407361 -0.002808639772175202 -0.213543042370613
4.944 0.1567093753972972 0.2970282193403914 0.1595157436594483 0.5104849068492346 -0.002806368262151055 -0.2134566875088433
4.946 0.156385506455259 0.296854235979789 0.1591896059617665 0.5102246384288061 -0.002804099506507503 -0.213370402449017
4.948 0.1560625098609505 0.2967638546672965 0.1588643433617439 0.5100480417738464 -0.002801833500793401 -0.21328418710655
4.95 0.1557287644596721 0.2967559713171399 0.1585283347002387 0.5099540127141347 -0.002799570240566598 -0.2131980413969948
4.952 0.1553727539941448 0.2968280823231628 0.1581700637155387 0.5099400475592029 -0.002797309721393902 -0.21311196523604
4.954 0.1549832544716003 0.2969762694085707 0.1577783064104513 0.5100022279480814 -0.002795051938851069 -0.2130259585395107
4.956 0.1545495315164455 0.2971952148828592 0.1573423284049683 0.5101352361062262 -0.002792796888522772 -0.212940021223367
4.958 0.1540615417134658 0.2974782507123623 0.1568520862794684 0.5103324039160676 -0.002790544566002591 -0.2128541532037053
4.96 0.153510130909407 0.2978174434356821 0.1562984258762999 0.5105857978324387 -0.00278829496689298 -0.2127683543967566
4.962 0.1528872217585217 0.2982037152604863 0.155673269845327 0.5108863399793736 -0.002786048086805255 -0.2126826247188873
4.964 0.1521859825745887 0.2986269997663062 0.1549697864959483 0.5112239638529043 -0.002783803921359563 -0.212596964086598
4.966 0.1514009698589885 0.2990764286476548 0.1541825323251734 0.5115878010641789 -0.002781562466184871 -0.2125113724165241
4.968 0.1505282377361921 0.2995405440259027 0.153307561453111 0.5119663936513378 -0.002779323716918937 -0.2124258496254351
4.97 0.1495654089132503 0.3000075292069569 0.1523424965824586 0.5123479248371908 -0.00277708766920829 -0.2123403956302339
4.972 0.148511703601208 0.3004654495206062 0.1512865579199162 0.5127204598685637 -0.002774854318708214 -0.2122550103479575
4.974 0.1473679249567694 0.3009024941686361 0.1501405486178521 0.5130721878644122 -0.00277262366108272 -0.2121696936957762
4.976 0.1461364018488582 0.3013072099040837 0.1489067975408627 0.5133916554950766 -0.00277039569200453 -0.2120844455909929
4.978 0.1448208919397347 0.3016687178738406 0.1475890623468898 0.5136679838248844 -0.002768170407155052 -0.2119992659510438
4.98 0.1434264500139704 0.3019769060299001 0.1461923978161948 0.5138910607233974 -0.002765947802224362 -0.2119141546934973
4.982 0.1419592680391087 0.3022225910448645 0.1447229959120199 0.5140517027809186 -0.002763727872911184 -0.2118291117360541
4.984 0.140426494494332 0.3023976455081406 0.1431880051092549 0.5141417825046878 -0.002761510614922867 -0.2117441369965472
4.986 0.1388360410075924 0.3024950881636372 0.1415953370315678 0.514154318556578 -0.002759296023975361 -0.2116592303929408
4.988 0.1371963843031462 0.3025091369108124 0.1399534683989394 0.5140835287541432 -0.002757084095793205 -0.2115743918433309
4.99 0.1355163709373489 0.30243522608026 0.1382712457634584 0.5139248473462046 -0.002754874826109499 -0.2114896212659446
4.992 0.1338050313856083 0.3022699909977422 0.1365576995962742 0.5136749095768823 -0.002752668210665887 -0.2114049185791401
4.994 0.1320714088542607 0.3020112239925695 0.1348218730994732 0.5133315076939756 -0.002750464245212535 -0.2113202837014061
4.996 0.1303244068529187 0.3016578067560114 0.1330726697784268 0.512893523307373 -0.002748262925508108 -0.2112357165513617
4.998 0.1285726581926165 0.3012096243206501 0.1313187224399363 0.5123608413684063 -0.002746064247319758 -0.2111512170477562
5 0.1268244167719325 0.3006674659506673 0.1295682849783556 0.511734251060136 -0.002743868206423093 -0.2110667851094687
5.002 0.1250874723531438 0.3000329179657774 0.127829147151746 0.5110153386212856 -0.002741674798602166 -0.2109824206555082
5.004 0.1233690875628787 0.2993082530390687 0.1261085715825281 0.5102063766440815 -0.002739484019649447 -0.2108981236050128
5.006 0.1216759555995426 0.2984963198839686 0.1244132514649084 0.5093102137612183 -0.002737295865365808 -0.2108138938772497
5.008 0.1200141765965383 0.2976004365461155 0.1227492869280988 0.5083301679377308 -0.002735110331560502 -0.2107297313916153
5.01 0.1183892502612324 0.2966242898001977 0.1211221776752836 0.507269925867832 -0.002732927414051144 -0.2106456360676343
5.012 0.1168060822588526 0.2955718424651108 0.1195368293675162 0.5061334502900705 -0.002730747108663683 -0.2105616078249597
5.014 0.1152690018065513 0.2944472498259161 0.1179975712177836 0.5049248964092888 -0.002728569411232394 -0.2104776465833727
5.016 0.1137817880520486 0.2932547858085104 0.1165081823696484 0.503648538071293 -0.002726394317599853 -0.2103937522627825
5.018 0.1123477030000556 0.2919987791018762 0.1150719248236725 0.5023087038851017 -0.002724221823616911 -0.2103099247832255
5.02 0.1109695289895148 0.2906835590650337 0.1136915809146575 0.5009097231298996 -0.002722051925142686 -0.2102261640648659
5.022 0.1096496089907462 0.2893134109867765 0.1123694936087907 0.499455881014771 -0.002719884618044531 -0.2101424700279944
5.024 0.1083898882635181 0.2878925400763971 0.1111076081617162 0.4979513826694262 -0.002717719898198028 -0.2100588425930291
5.026 0.1071919561809311 0.2864250434425977 0.1099075139424181 0.4964003251231119 -0.002715557761486953 -0.2099752816805142
5.028 0.1060570872693466 0.2849148892535477 0.1087704854731498 0.4948066764646682 -0.002713398203803269 -0.2098917872111205
5.03 0.1049862807346589 0.283365902251543 0.107697521955706 0.4931742613571877 -0.002711241221047099 -0.2098083591056447
5.032 0.1039802979371451 0.2817817548104002 0.1066893847462718 0.4915067520954097 -0.002709086809126713 -0.2097249972850095
5.034 0.1030396974400604 0.2801659627634119 0.1057466324040189 0.4898076644336748 -0.002706934963958501 -0.2096417016702629
5.036 0.1021648673912395 0.2785218852853069 0.1048696530727064 0.4880803574678855 -0.00270478568146696 -0.2095584721825786
5.038 0.1013560551047262 0.2768527281774948 0.1040586940623108 0.4863280369207497 -0.00270263895758467 -0.2094753087432548
5.04 0.1006133937933163 0.2751615499765515 0.1033138885815685 0.4845537612502667 -0.00270049478825228 -0.2093922112737152
5.042 0.09993692646535979 0.2734512703768515 0.1026352796347783 0.482760450072359 -0.002698353169418482 -0.2093091796955075
5.044 0.09932662704371867 0.271724680527177 0.1020228411407587 0.480950894457481 -0.00269621409704 -0.209226213930304
5.046 0.09878241879402681 0.2699844548260252 0.1014764963611084 0.4791277687259262 -0.002694077567081563 -0.2091433138999011
5.048 0.09830419016586836 0.2682331638991212 0.1009961337413842 0.47729364342534 -0.002691943575515891 -0.2090604795262188
5.05 0.09789180815677474 0.2664732884952117 0.1005816202750984 0.4754509992265127 -0.002689812118323676 -0.208977710731301
5.052 0.09754512930709551 0.2647072340821674 0.1002328124985891 0.4736022415194821 -0.002687683191493559 -0.2088950074373147
5.054 0.09726400842530396 0.2629373459637532 0.09994956521632607 0.4717497155303034 -0.002685556791022113 -0.2088123695665502
5.056 0.0970483051300914 0.2611659247692744 0.09973173804300522 0.4698957218106948 -0.002683432912913831 -0.2087297970414204
5.058 0.09689788827857942 0.2593952421928106 0.09957919983176051 0.4680425319772717 -0.002681311553181094 -0.2086472897844611
5.06 0.09681263833043756 0.2576275568769235 0.09949183103828173 0.4661924045952539 -0.002679192707844164 -0.2085648477183303
5.062 0.09679244767638706 0.2558651303468081 0.09946952404931822 0.4643476011126162 -0.002677076372931159 -0.2084824707658081
5.064 0.09683721893742074 0.2541102429056392 0.09951218148189878 0.4625104017554358 -0.002674962544478037 -0.2084001588497966
5.066 0.09694686121877741 0.2523652094003567 0.09961971243730598 0.4606831212936762 -0.002672851218528577 -0.2083179118933195
5.068 0.0971212842809224 0.2506323947587111 0.09979202667205676 0.4588681245782331 -0.002670742391134359 -0.208235729819522
5.07 0.09736039056949328 0.2489142291836812 0.100029026627848 0.4570678417353514 -0.002668636058354746 -0.2081536125516702
5.072 0.09766406502792449 0.2472132228701288 0.1003305972441814 0.4552847828832802 -0.00266653221625687 -0.2080715600131515
5.074 0.09803216260153483 0.2455319800800993 0.1006965934624504 0.453521552207573 -0.002664430860915607 -0.2079895721274737
5.076 0.09846449333124228 0.2438732123780807 0.1011268253196558 0.4517808611963459 -0.002662331988413562 -0.2079076488182652
5.078 0.0989608049301295 0.2422397507855331 0.1016210405249705 0.4500655407948077 -0.002660235594841049 -0.2078257900092746
5.08 0.09952076273858136 0.240634556564831 0.1021789044148774 0.4483785521892014 -0.002658141676296078 -0.2077439956243704
5.082 0.1001439269654903 0.2390607302870773 0.1027999771943746 0.4467229958746183 -0.00265605022888433 -0.2076622655875411
5.084 0.1008297271461753 0.2375215187769956 0.1034836883948944 0.4451021185998899 -0.002653961248719144 -0.2075805998228943
5.086 0.1015774337849115 0.2360203194614502 0.1042293085168329 0.4435193177161074 -0.002651874731921493 -0.2074989982546571
5.088 0.1023861272039582 0.2345606815786552 0.1050359178785782 0.4419781423858311 -0.002649790674619974 -0.2074174608071758
5.09 0.1032546636943313 0.2331463036352686 0.1059023727672821 0.440482291040184 -0.002647709072950786 -0.2073359874049154
5.092 0.1041816391596604 0.2317810264311044 0.1068272690827181 0.4390356044035636 -0.002645629923057708 -0.2072545779724592
5.094 0.1051653505657437 0.2304688209114296 0.1078089037868358 0.4376420533459389 -0.002643553221092089 -0.2071732324345092
5.096 0.106203755656685 0.2292137700607796 0.1088452346198978 0.4363057207766651 -0.002641478963212824 -0.2070919507158854
5.098 0.1072944315758112 0.2280200440264459 0.1099338387213976 0.4350307767679715 -0.002639407145586341 -0.2070107327415257
5.1 0.1084345332351227 0.2268918676639772 0.1110718709995093 0.4338214461004627 -0.00263733776438658 -0.2069295784364855
5.102 0.1096207525085323 0.2258334797411182 0.1122560233243273 0.432681967467056 -0.002635270815794973 -0.2068484877259377
5.104 0.1108492795772748 0.224849083131376 0.1134824858732753 0.4316165436665486 -0.002633206296000435 -0.2067674605351726
5.106 0.1121157680216295 0.2239427854860493 0.1147469122228289 0.4306292822756465 -0.002631144201199337 -0.2066864967895972
5.108 0.1134153055187362 0.2231185301054753 0.1160443900463317 0.4297241265202105 -0.002629084527595495 -0.2066055964147352
5.11 0.1147423922551506 0.2223800170455181 0.1173694195265507 0.4289047763817451 -0.002627027271400148 -0.206524759336227
5.112 0.1160909293719923 0.2217306149011657 0.1187159018008242 0.4281746003809949 -0.002624972428831944 -0.2064439854798292
5.114 0.1174542199027265 0.221173264206556 0.1200771398988434 0.4275365389779705 -0.002622919996116922 -0.2063632747714145
5.116 0.1188249847086898 0.220710373973598 0.1214458546781783 0.4269930011105691 -0.002620869969488492 -0.2062826271369711
5.118 0.1201953958315069 0.2203437135443851 0.1228142181766943 0.4265457560469884 -0.00261882234518742 -0.2062020425026033
5.12 0.1215571294318823 0.2200743026286403 0.1241739065513441 0.4261958234231707 -0.002616777119461813 -0.2061215207945305
5.122 0.1229014400436849 0.2199023030966532 0.125516174332252 0.4259433650357403 -0.002614734288567096 -0.2060410619390871
5.124 0.1242192572207013 0.2198269167484403 0.1268319510694673 0.425787582611163 -0.002612693848765999 -0.2059606658627227
5.126 0.125501304786288 0.2198462938178669 0.1281119605826165 0.4257266263098684 -0.00261065579632854 -0.2058803324920015
5.128 0.1267382418285533 0.2199574573255456 0.1293468619560854 0.4257575190791476 -0.002608620127532007 -0.205800061753602
5.13 0.127920823353185 0.2201562484953511 0.1305274101918459 0.4258761020696684 -0.002606586838660942 -0.2057198535743174
5.132 0.1290400771764081 0.2204372982317878 0.1316446331024153 0.4260770061128421 -0.002604555926007118 -0.2056397078810543
5.134 0.1300874923015967 0.220794029071927 0.1326900196874662 0.4263536536727605 -0.002602527385869532 -0.2055596246008335
5.136 0.1310552127831933 0.2212186910555977 0.1336557139977476 0.4266982947163873 -0.002600501214554384 -0.2054796036607895
5.138 0.1319362300618328 0.2217024336156466 0.1345347074702079 0.4271020786038164 -0.002598477408375056 -0.2053996449881698
5.14 0.1327245660754705 0.222235413932553 0.1353210220391226 0.4275551624428883 -0.002596455963652101 -0.2053197485103354
5.142 0.1334154392160479 0.2228069403219258 0.1360098760927611 0.4280468544766856 -0.002594436876713221 -0.2052399141547597
5.144 0.134005405482104 0.2234056472632001 0.1365978256259973 0.4285657891122296 -0.002592420143893258 -0.2051601418490295
5.146 0.1344924680023587 0.2240196967923566 0.1370828737638929 0.4291001283132002 -0.00259040576153417 -0.2050804315208436
5.148 0.1348761494461526 0.2246369993369051 0.1374645431721376 0.4296377824349183 -0.002588393725985016 -0.2050007830980132
5.15 0.1351575236112554 0.2252454458222778 0.1377439076448574 0.4301666423307394 -0.002586384033601941 -0.2049211965084615
5.152 0.1353392045562578 0.2258331421476968 0.1379235812370059 0.4306748138279205 -0.002584376680748163 -0.2048416716802237
5.154 0.135425293854946 0.226388636989814 0.1380076655187399 0.4311508455312604 -0.002582371663793949 -0.2047622085414464
5.156 0.1354212887101112 0.2269011343579377 0.1380016576892278 0.4315839413783253 -0.002580368979116601 -0.2046828070203876
5.158 0.1353339555959724 0.2273606833492203 0.1379123242190728 0.431964150394637 -0.002578368623100443 -0.2046034670454167
5.16 0.1351711756508782 0.2277583390334214 0.137747546243015 0.4322825275784354 -0.002576370592136804 -0.204524188545014
5.162 0.1349417691085384 0.2280862901931335 0.1375161439911624 0.4325312616409038 -0.002574374882623997 -0.2044449714477703
5.164 0.1346553065837846 0.2283379515930369 0.1372276880747519 0.4327037672754242 -0.002572381490967307 -0.2043658156823873
5.166 0.1343219150204822 0.2285080203858033 0.1368923054340612 0.4327947415634801 -0.002570390413578976 -0.2042867211776768
5.168 0.1339520856176556 0.2285924980353675 0.1365204872645338 0.4328001858979282 -0.002568401646878183 -0.2042076878625607
5.17 0.1335564901660301 0.2285886806351307 0.1361229053533212 0.4327173963012018 -0.002566415187291029 -0.204128715666071
5.172 0.1331458110655364 0.2284951216432581 0.1357102420967869 0.4325449261606072 -0.002564431031250521 -0.2040498045173491
5.174 0.1327305889771339 0.2283115718162595 0.1352930381523305 0.4322825261619056 -0.002562449175196559 -0.2039709543456461
5.176 0.132321090705379 0.2280389015002333 0.1348815603209549 0.4319310665805557 -0.002560469615575918 -0.2038921650803223
5.178 0.131927198610696 0.2276790104725489 0.1344856909595382 0.431492447123396 -0.002558492348842229 -0.2038134366508471
5.18 0.1315583216883213 0.2272347302726627 0.1341148390597773 0.4309694992594613 -0.002556517371455967 -0.2037347689867985
5.182 0.1312233274740763 0.2267097234882048 0.1337778721539607 0.4303658855060682 -0.002554544679884431 -0.2036561620178635
5.184 0.1309304931708502 0.2261083838425879 0.1334830674414519 0.4296859995164251 -0.002552574270601739 -0.2035776156738372
5.186 0.13068747383775 0.2254357402301467 0.1332380799778388 0.4289348701147698 -0.002550606140088796 -0.2034991298846231
5.188 0.130501285133172 0.2246973671210762 0.1330499254180053 0.4281180717013088 -0.002548640284833293 -0.2034207045802326
5.19 0.1303782979296466 0.2238993030563561 0.1329249746309762 0.4272416427471412 -0.002546676701329678 -0.2033423396907851
5.192 0.1303242420916543 0.2230479783045609 0.1328689574777334 0.4263120134510682 -0.002544715386079155 -0.2032640351465073
5.194 0.1303442167951771 0.222150152177759 0.1328869731307667 0.4253359430554925 -0.002542756335589657 -0.2031857908777334
5.196 0.1304427049383099 0.2212128600120633 0.1329835044846857 0.4243204668269683 -0.002540799546375833 -0.2031076068149051
5.198 0.1306235894180253 0.2202433694110882 0.1331624344329843 0.4232728522996585 -0.002538845014959037 -0.2030294828885703
5.2 0.1308901693061864 0.2192491450222944 0.1334270620440537 0.4222005640516789 -0.002536892737867307 -0.2029514190293845
5.202 0.1312451742304341 0.2182378208581295 0.1337801169420695 0.4211112360262388 -0.002534942711635353 -0.2028734151681093
5.204 0.1316907755402784 0.2172171789752845 0.134223770473083 0.4200126502108973 -0.002532994932804541 -0.2027954712356128
5.206 0.1322285931082677 0.2161951331741976 0.1347596425061905 0.4189127203370666 -0.002531049397922874 -0.202717587162869
5.208 0.1328596968771797 0.2151797162668204 0.1353888029807247 0.4178194791477787 -0.002529106103544986 -0.2026397628809583
5.21 0.1335846025172304 0.2141790693737972 0.1361117675634625 0.4167410676948636 -0.002527165046232115 -0.2025619983210664
5.212 0.134403260805327 0.2132014316459052 0.1369284870278791 0.4156857250603901 -0.002525226222552095 -0.2024842934144849
5.214 0.1353150405865949 0.2122551287536819 0.1378383302156743 0.4146617768462924 -0.00252328962907934 -0.2024066480926104
5.216 0.1363187054329814 0.211348558452302 0.1388400606953762 0.413677620739247 -0.002521355262394828 -0.202329062286945
5.218 0.137412384381171 0.2104901715074606 0.1399318075002571 0.4127417074365561 -0.002519423119086088 -0.2022515359290955
5.22 0.1385935374190835 0.2096884462663109 0.1411110306148307 0.4118625152170844 -0.002517493195747179 -0.2021740689507735
5.222 0.1398589167017678 0.2089518551835928 0.1423744821907465 0.4110485164673878 -0.002515565488978681 -0.202096661283795
5.224 0.1412045248163085 0.2082888216779245 0.1437181648116962 0.410308134538005 -0.002513639995387678 -0.2020193128600805
5.226 0.142625571782041 0.2077076658098239 0.1451372884936287 0.4096496894214787 -0.002511716711587746 -0.2019420236116548
5.228 0.144116432862082 0.207216537457868 0.1466262284962809 0.4090813309285142 -0.002509795634198929 -0.2018647934706461
5.23 0.1456706096651312 0.2068233359393916 0.148178486424979 0.4086109583086785 -0.002507876759847734 -0.2017876223692869
5.232 0.1472806974174876 0.2065356153942171 0.1497866575026547 0.4082461256341302 -0.002505960085167116 -0.2017105102399131
5.234 0.1489383616600949 0.2063604757395967 0.1514424072668913 0.4079939327545603 -0.002504045606796453 -0.2016334570149636
5.236 0.15063432794346 0.2063044396228622 0.1531364612648415 0.4078609022498429 -0.002502133321381541 -0.2015564626269807
5.238 0.1523583883163321 0.2063733165486521 0.1548586115419066 0.4078528435572619 -0.002500223225574578 -0.2014795270086099
5.24 0.1540994284870837 0.2065720562338508 0.1565977438031179 0.4079747063264498 -0.002498315316034148 -0.201402650092599
5.242 0.1558454794305962 0.2069045942248914 0.1583418890200214 0.40823042603669 -0.002496409589425202 -0.2013258318117986
5.244 0.1575837968708349 0.2073736938617031 0.1600783029132539 0.4086227659608647 -0.002494506042419052 -0.2012490720991617
5.246 0.1593009714458463 0.2079807897345322 0.1617935761175396 0.4091531606222754 -0.002492604671693349 -0.2011723708877432
5.248 0.1609830714270622 0.2087258387790755 0.1634737769009942 0.4098215668897758 -0.002490705473932073 -0.2010957281107003
5.25 0.1626158186084403 0.2096071859998379 0.1651046270542658 0.4106263297011298 -0.002488808445825518 -0.2010191437012919
5.252 0.1641847964193524 0.2106214523977396 0.1666717100034226 0.4115640699906178 -0.002486913584070275 -0.2009426175928782
5.254 0.1656756874995812 0.2117634528985762 0.1681607083849504 0.4126296026174974 -0.00248502088536922 -0.2008661497189212
5.256 0.1670745359957673 0.2130261518358942 0.1695576663421988 0.413815891848878 -0.002483130346431497 -0.2007897400129838
5.258 0.1683680278227434 0.2144006627597175 0.1708492697867159 0.4151140511684476 -0.002481241963972509 -0.2007133884087301
5.26 0.1695437802397232 0.2158762979833145 0.1720231359744371 0.4165133928232393 -0.0024793557347139 -0.2006370948399248
5.262 0.1705906305000403 0.217440671358167 0.1730681021554238 0.4180015305986006 -0.002477471655383538 -0.2005608592404335
5.264 0.1714989122239649 0.2190798553559217 0.1739745019466803 0.4195645369001437 -0.002475589722715507 -0.2004846815442219
5.266 0.172260707677434 0.2207785907719702 0.1747344176108841 0.4211871524573266 -0.002473709933450089 -0.2004085616853564
5.268 0.1728700644324045 0.2225205444418663 0.1753418967167383 0.4228530440398692 -0.002471832284333749 -0.2003324995980029
5.27 0.1733231659879437 0.2242886075113443 0.1757931227600628 0.4245451027277719 -0.002469956772119126 -0.2002564952164276
5.272 0.17361844781781 0.2260652242722898 0.176086531211375 0.4262457727472859 -0.002468083393565012 -0.2001805484749961
5.274 0.1737566528695389 0.2278327396066456 0.1762228650149752 0.4279373989148192 -0.002466212145436345 -0.2001046593081736
5.276 0.1737408235841184 0.2295737518593934 0.1762051666086226 0.4296025795099181 -0.00246434302450419 -0.2000288276505247
5.278 0.1735762307899811 0.2312714576120064 0.1760387068175268 0.4312245110487193 -0.002462476027545725 -0.1999530534367129
5.28 0.1732702430770083 0.232909975385651 0.1757308542283525 0.4327873119871516 -0.002460611151344232 -0.1998773366015007
5.282 0.1728321432056976 0.2344746367110657 0.1752908915983867 0.4342763137908151 -0.002458748392689078 -0.1998016770797494
5.284 0.172272900520505 0.2359522351192969 0.1747297882688807 0.4356783099257156 -0.002456887748375703 -0.1997260748064187
5.286 0.1716049100436998 0.2373312262301915 0.1740599392589054 0.4369817559467585 -0.002455029215205609 -0.1996505297165669
5.288 0.1708417098353071 0.2386018750011866 0.1732948826252934 0.4381769167465368 -0.002453172789986339 -0.1995750417453502
5.29 0.1699976883076753 0.2397563490998147 0.1724490067772068 0.4392559599278377 -0.002451318469531473 -0.1994996108280229
5.292 0.1690877925482115 0.2407887600541082 0.1715372587988721 0.4402129969540454 -0.002449466250660606 -0.1994242368999373
5.294 0.1681272474599523 0.2416951561340972 0.1705748635901516 0.4410440760306401 -0.002447616130199337 -0.1993489198965429
5.296 0.1671312938441114 0.2424734727023105 0.1695770619490906 0.4417471324556974 -0.002445768104979258 -0.199273659753387
5.298 0.1661149516037521 0.2431234469822997 0.1685588737755901 0.4423219033884136 -0.00244392217183794 -0.1991984564061139
5.3 0.1650928122197084 0.2436465048301358 0.1675348905473273 0.4427698146206011 -0.002442078327618914 -0.1991233097904652
5.302 0.1640788626918577 0.2440456272019889 0.1665190992610293 0.4430938470442682 -0.002440236569171663 -0.1990482198422793
5.304 0.1630863413699177 0.244325203673411 0.1655247382632693 0.4432983901709021 -0.002438396893351607 -0.1989731864974912
5.306 0.1621276245999874 0.2444908796832856 0.1645641838970075 0.443389089375418 -0.002436559297020092 -0.1988982096921324
5.308 0.1612141419290135 0.2445494032547893 0.1636488657060579 0.4433726926171204 -0.00243472377704437 -0.198823289362331
5.31 0.1603563167509968 0.2445084758880556 0.1627892070812944 0.4432569013323667 -0.002432890330297593 -0.1987484254443111
5.312 0.1595635287304093 0.2443766112129947 0.1619945876840681 0.4430502290873872 -0.002431058953658794 -0.1986736178743925
5.314 0.1588440940676177 0.2441630039060344 0.1612733237116306 0.4427618704950257 -0.002429229644012879 -0.1985988665889914
5.316 0.1582052596350579 0.2438774103632568 0.1606326620333085 0.4424015818878758 -0.002427402398250609 -0.198524171524619
5.318 0.1576532071641676 0.2435300417178884 0.1600787843774362 0.4419795743357708 -0.002425577213268589 -0.1984495326178824
5.32 0.1571930639564759 0.2431314690101636 0.1596168180424452 0.4415064188156472 -0.002423754085969255 -0.1983749498054836
5.322 0.1568289169869619 0.2426925396678406 0.1592508500002228 0.4409929626920607 -0.002421933013260861 -0.19830042302422
5.324 0.1565638277297055 0.2422243039324939 0.158983941721763 0.4404502561434776 -0.002420113992057465 -0.1982259522109837
5.326 0.1563998455389694 0.2417379494613681 0.1588181425582483 0.4398894867641296 -0.002418297019278915 -0.1981515373027616
5.328 0.1563380179443208 0.2412447420358537 0.1587545000361716 0.4393219202724886 -0.002416482091850839 -0.1980771782366349
5.33 0.1563783967540703 0.24075597010376 0.1587930659607749 0.4387588450535396 -0.002414669206704629 -0.1980028749497796
5.332 0.1565200394004094 0.2402828907643843 0.1589328977611869 0.4382115181438499 -0.002412858360777431 -0.1979286273794656
5.334 0.156761005499029 0.2398366747662666 0.1591720550500412 0.4376911102293235 -0.002411049551012129 -0.1978544354630569
5.336 0.1570983491345264 0.2394283481251528 0.1595075919088837 0.4372086472631641 -0.002409242774357333 -0.1977802991380112
5.338 0.1575281079194423 0.239068728085628 0.1599355459472097 0.4367749464275081 -0.002407438027767367 -0.1977062183418801
5.34 0.1580452904064095 0.2387683513501223 0.1604509257146118 0.4364005443624309 -0.002405635308202258 -0.1976321930123086
5.342 0.1586438639534559 0.2385373927920737 0.1610476985660836 0.4360956158791086 -0.002403834612627718 -0.1975582230870349
5.344 0.1593167456403635 0.2383855732670631 0.1617187815783786 0.4358698817709534 -0.002402035938015133 -0.1974843085038903
5.346 0.1600557992911887 0.2383220556476088 0.1624560385725302 0.4357325048484083 -0.002400239281341557 -0.1974104492007994
5.348 0.1608518420496193 0.2383553288426405 0.163250286689209 0.4356919739584199 -0.002398444639589689 -0.1973366451157793
5.35 0.1616946642468888 0.2384930803250517 0.1640913162566366 0.4357559765119914 -0.002396652009747866 -0.1972628961869397
5.352 0.1625730664567238 0.2387420585751072 0.1649679278455339 0.43593126092759 -0.00239486138881005 -0.1971892023524829
5.354 0.1634749176045584 0.2391079278368441 0.1658679903783342 0.4362234913875475 -0.002393072773775815 -0.1971155635507033
5.356 0.164387237742673 0.2395951186468507 0.1667785239043233 0.4366370983668383 -0.002391286161650336 -0.1970419797199876
5.358 0.1652963085766929 0.2402066786800678 0.1676858101261373 0.4371751294788822 -0.002389501549444369 -0.1969684507988143
5.36 0.1661878139999511 0.2409441294972954 0.1685755329341253 0.4378391062230491 -0.002387718934174251 -0.1968949767257537
5.362 0.1670470117449717 0.2418073356883702 0.1694329500578336 0.4386288931278377 -0.002385938312861878 -0.1968215574394675
5.364 0.1678589358051636 0.2427943935844502 0.1702430954876983 0.4395425864631594 -0.002384159682534694 -0.1967481928787092
5.366 0.1686086275571462 0.2439015470585814 0.1709910105973719 0.4405764300409046 -0.002382383040225682 -0.1966748829823232
5.368 0.169281391602341 0.2451231378462507 0.1716619999853143 0.4417247655354958 -0.002380608382973348 -0.1966016276892451
5.37 0.1698630703612278 0.2464515972155784 0.1722419060690495 0.4429800241540798 -0.002378835707821712 -0.1965284269385014
5.372 0.1703403295442873 0.2478774846534659 0.1727173945561076 0.4443327653226752 -0.002377065011820292 -0.1964552806692094
5.374 0.1707009449614675 0.2493895775075974 0.1730762412534916 0.4457717663281741 -0.002375296292024096 -0.1963821888205768
5.376 0.1709340798954849 0.2509750132911077 0.1733076094409785 0.4472841646230095 -0.002373529545493604 -0.1963091513319018
5.378 0.1710305416188034 0.2526194837354497 0.1734023063880982 0.4488556518780226 -0.002371764769294763 -0.1962361681425729
5.38 0.1709830057067968 0.2543074768422147 0.1733530076672958 0.4504707160342832 -0.002370001960498969 -0.1961632391920685
5.382 0.1707861976601947 0.2560225603558319 0.1731544387763778 0.4521129247757891 -0.002368241116183058 -0.1960903644199571
5.384 0.1704370229935971 0.2577476974996463 0.1728035052270264 0.453765241265543 -0.002366482233429288 -0.1960175437658967
5.386 0.169934639286414 0.2594655837240695 0.1722993645957393 0.4554103608937046 -0.00236472530932534 -0.1959447771696351
5.388 0.1692804665638659 0.2611589918096447 0.1716434369048302 0.4570310563806541 -0.002362970340964292 -0.1958720645710093
5.39 0.1684781355521264 0.2628111120909884 0.170839352877571 0.4586105180009341 -0.002361217325444614 -0.1957994059099457
5.392 0.167533376570096 0.2644058748774296 0.1698928428299661 0.460132676003889 -0.002359466259870152 -0.1957268011264594
5.394 0.1664538548130746 0.2659282433115588 0.1688115719544247 0.4615824934722138 -0.002357717141350125 -0.195654250160655
5.396 0.1652489603095003 0.2673644668121214 0.1676049302764994 0.4629462197648468 -0.002355969966999101 -0.1955817529527254
5.398 0.1639295627056143 0.2687022877063312 0.1662837874395512 0.4642115971492832 -0.002354224733936993 -0.1955093094429521
5.4 0.1625077421428487 0.2699310964391859 0.1648602235821378 0.4653680160108909 -0.002352481439289042 -0.195436919571705
5.402 0.1609965078087589 0.2710420336111802 0.1633472478889448 0.4664066168906228 -0.002350740080185814 -0.1953645832794426
5.404 0.1594095153125381 0.2720280398109297 0.1617585159663013 0.4673203403176408 -0.002349000653763179 -0.1952923005067111
5.406 0.1577607929730201 0.2728838565853688 0.1601080561301824 0.4681039277795134 -0.002347263157162301 -0.1952200711941446
5.408 0.1560644855652734 0.2736059837924485 0.158410013152803 0.4687538790749137 -0.002345527587529629 -0.1951478952824652
5.41 0.1543346222286679 0.2741925999339543 0.1566784161706848 0.4692683726464367 -0.002343793942016887 -0.1950757727124824
5.412 0.1525849132703696 0.2746434528543353 0.1549269754881507 0.4696471562794287 -0.002342062217781055 -0.1950037034250933
5.414 0.1508285786592972 0.2749597284510366 0.1531689110712816 0.4698914158123188 -0.002340332411984364 -0.1949316873612823
5.416 0.1490782092236796 0.275143904844831 0.1514168137454738 0.4700036293069514 -0.002338604521794282 -0.1948597244621204
5.418 0.1473456600291758 0.2751995989013349 0.1496825385735593 0.4699874135701012 -0.002336878544383502 -0.1947878146687663
5.42 0.1456419741749655 0.2751314111818556 0.1479771286518954 0.4698473691043206 -0.002335154476929932 -0.194715957922465
5.422 0.1439773343205275 0.274944774434858 0.1463107666371441 0.4695889285994063 -0.00233343231661668 -0.1946441541645483
5.424 0.1423610386362842 0.2746458097092833 0.1446927506969162 0.4692182130457176 -0.002331712060632049 -0.1945724033364343
5.426 0.1408014975260249 0.2742411931520597 0.1431314912321944 0.4687418985316874 -0.002329993706169517 -0.1945007053796277
5.428 0.1393062473568258 0.2737380355997466 0.1416345246072535 0.4681670958354657 -0.002328277250427734 -0.1944290602357191
5.43 0.1378819775051308 0.2731437762255778 0.1402085401957413 0.467501244071963 -0.002326562690610504 -0.1943574678463852
5.432 0.1365345672366672 0.2724660907787705 0.138859417260594 0.4667520189321588 -0.002324850023926775 -0.1942859281533884
5.434 0.1352691292394661 0.2717128143596745 0.1375922684870567 0.4659272554582516 -0.002323139247590634 -0.1942144410985771
5.436 0.1340900569843581 0.2708918782089501 0.1364114873431794 0.4650348848328348 -0.002321430358821286 -0.1941430066238848
5.438 0.1330010734642592 0.2700112596403348 0.1353207968191022 0.4640828843116656 -0.002319723354843048 -0.1940716246713307
5.44 0.1320052792387423 0.269078943999804 0.1343232974716276 0.463079239182823 -0.002318018232885337 -0.194000295183019
5.442 0.1311051980668136 0.2681028973718201 0.1334215130569963 0.4620319154729593 -0.002316314990182661 -0.1939290181011391
5.444 0.1303028187372784 0.2670910486577251 0.132617432361253 0.4609488420256904 -0.002314613623974603 -0.1938577933679652
5.446 0.1295996319973916 0.2660512796057317 0.1319125461288974 0.459837900531588 -0.002312914131505813 -0.1937866209258563
5.448 0.1289966617352346 0.2649914213613462 0.1313078782452606 0.458706922078602 -0.002311216510025995 -0.1937155007172557
5.45 0.1284944897909119 0.2639192561177273 0.1308040105477017 0.457563688802419 -0.002309520756789901 -0.1936444326846917
5.452 0.1280932739606702 0.262842522467499 0.1304011008297275 0.4564159392382753 -0.002307826869057311 -0.1935734167707763
5.454 0.1277927589222569 0.2617689230823803 0.1300988937663499 0.4552713760005861 -0.00230613484409303 -0.1935024529182059
5.456 0.1275922799558311 0.260706133368407 0.129896724634998 0.4541376744381678 -0.002304444679166872 -0.1934315410697608
5.458 0.1274907594704996 0.259661809759516 0.1297935158420532 0.4530224909278213 -0.002302756371553653 -0.1933606811683052
5.46 0.1274866964796156 0.2586435963188263 0.1297877663981488 0.4519334694756132 -0.002301069918533178 -0.1932898731567869
5.462 0.1275781493063131 0.2576591283163879 0.1298775346237033 0.4508782452946249 -0.002299385317390225 -0.193219116978237
5.464 0.1277627119517794 0.2567160314468535 0.1300604145171939 0.4498644440226238 -0.002297702565414545 -0.1931484125757703
5.466 0.1280374847294725 0.2558219153458989 0.1303335063893734 0.4488996752384835 -0.002296021659900842 -0.1930777598925846
5.468 0.1283990399643699 0.2549843600676602 0.1306933825625186 0.447991518939621 -0.002294342598148766 -0.1930071588719608
5.47 0.1288433837819385 0.2542108942059955 0.1311360491594014 0.4471475036632581 -0.002292665377462901 -0.1929366094572625
5.472 0.129365915268714 0.2535089633921634 0.1316569052638668 0.4463750749840998 -0.002290989995152753 -0.1928661115919364
5.474 0.1299613845742193 0.2528858879940462 0.1322507010227521 0.4456815532135578 -0.002289316448532746 -0.1927956652195116
5.476 0.1306238518380082 0.252348808992126 0.1329114965729304 0.4450740792757255 -0.0022876447349222 -0.1927252702835995
5.478 0.1313466491565532 0.2519046212313826 0.1336326240081985 0.4445595479592768 -0.002285974851645331 -0.1926549267278942
5.48 0.1321223481372893 0.2515598935615146 0.1344066549333205 0.444144528057686 -0.002284306796031229 -0.1925846344961713
5.482 0.1329427359008306 0.2513207757940142 0.1352253764662444 0.4438351693263034 -0.002282640565413863 -0.1925143935322891
5.484 0.1337988026589968 0.251192892933611 0.1360797788161288 0.4436370967137983 -0.002280976157132053 -0.1924442037801873
5.486 0.1346807441815684 0.2511812277867135 0.1369600577500979 0.4435552929706009 -0.002279313568529472 -0.1923740651838875
5.488 0.1355779825294778 0.2512899938047539 0.1378556353264324 0.4435939714922464 -0.002277652796954631 -0.1923039776874925
5.49 0.1364792083333188 0.2515225008680529 0.1387552021730797 0.4437564421032399 -0.002275993839760866 -0.192233941235187
5.492 0.1373724475907433 0.2518810176228548 0.1396467842850496 0.4440449733940913 -0.002274336694306332 -0.1921639557712365
5.494 0.1382451554074781 0.2523666349019873 0.1405178367654321 0.4444606561419753 -0.00227268135795399 -0.192094021239988
5.496 0.1390843382869381 0.252979135622032 0.1413553661150097 0.4450032732079011 -0.002271027828071595 -0.192024137585869
5.498 0.1398767054735297 0.2537168772766534 0.1421460815755614 0.4456711820300417 -0.002269376102031692 -0.1919543047533883
5.5 0.1406088484904988 0.2545766936462756 0.1428765746677104 0.4464612163334105 -0.002267726177211595 -0.1918845226871349
5.502 0.1412674464292801 0.2555538225253626 0.1435335244802735 0.4473686138571413 -0.002266078050993387 -0.1918147913317787
5.504 0.1418394928224237 0.2566418660443411 0.1441039245431876 0.4483869766764108 -0.002264431720763904 -0.1917451106320696
5.506 0.1423125381783822 0.2578327894689717 0.1445753253622969 0.4495082700018098 -0.002262787183914725 -0.1916754805328381
5.508 0.1426749406124471 0.2591169631631985 0.1449360850502893 0.4507228641421929 -0.002261144437842164 -0.1916059009789944
5.51 0.1429161156300978 0.2604832507147017 0.145175619110045 0.4520196226302307 -0.002259503479947256 -0.1915363719155289
5.512 0.1430267751647482 0.2619191441117723 0.145284639472384 0.453386037399284 -0.002257864307635752 -0.1914668932875118
5.514 0.1429991455800386 0.2634109444450893 0.1452553724983567 0.4548084094851819 -0.002256226918318102 -0.1913974650400925
5.516 0.1428271546181502 0.2649439840572303 0.1450817459275597 0.4562720711757309 -0.002254591309409453 -0.1913280871185006
5.518 0.1425065782542697 0.2665028835805267 0.1447595357325993 0.4577616430485712 -0.002252957478329629 -0.1912587594680445
5.52 0.1420351400777127 0.2680718351064693 0.1442864655002159 0.4592613171405813 -0.002251325422503131 -0.191189482034112
5.522 0.1414125580645057 0.2696349010219302 0.1436622532038649 0.4607551557841002 -0.002249695139359118 -0.19112025476217
5.524 0.1406405362702279 0.2711763169962456 0.1428886028965592 0.4622273945940097 -0.002248066626331403 -0.1910510775977642
5.526 0.1397227018417221 0.272680787312895 0.1419691417225806 0.4636627377994142 -0.002246439880858442 -0.1909819504865192
5.528 0.1386644905838852 0.2741337612394675 0.1409093054842685 0.4650466346136058 -0.002244814900383319 -0.1909128733741382
5.53 0.1374729868882858 0.2755216803700569 0.1397161785706395 0.4663655265764597 -0.002243191682353741 -0.1908438462064029
5.532 0.1361567259314963 0.2768321887306836 0.1383982961557184 0.4676070576598569 -0.002241570224222029 -0.1907748689291733
5.534 0.1347254675355501 0.2780542997318344 0.1369654180589952 0.468760241220222 -0.002239950523445102 -0.1907059414883876
5.536 0.1331899518716324 0.279178516572787 0.1354282844491169 0.4698155804028493 -0.002238332577484474 -0.1906370638300623
5.538 0.1315616472757354 0.2801969052334166 0.1337983636595417 0.4707651411337079 -0.002236716383806236 -0.1905682359002913
5.54 0.1298524998924402 0.2811031215349865 0.1320876018323213 0.4716025791802336 -0.002235101939881058 -0.1904994576452471
5.542 0.1280746937826438 0.2818923957559838 0.130308183025828 0.4723231247671628 -0.002233489243184164 -0.190430729011179
5.544 0.1262404286695716 0.2825614798461862 0.1284723069607669 0.4729235297906005 -0.002231878291195335 -0.1903620499444144
5.546 0.1243617208138741 0.2831085633412833 0.126591989895273 0.473401983732641 -0.002230269081398892 -0.1902934203913578
5.548 0.1224502307551309 0.2835331646425397 0.1246788923664146 0.4737580049410307 -0.00222866161128369 -0.1902248402984909
5.55 0.1205171199670656 0.283836004432961 0.1227441758454087 0.4739923140453338 -0.002227055878343104 -0.1901563096123727
5.552 0.1185729369502989 0.2840188677255309 0.1207983888303739 0.47410669600517 -0.002225451880075025 -0.1900878282796391
5.554 0.1166275319982048 0.2840844604697464 0.1188513816121866 0.474103856716749 -0.002223849613981844 -0.1900193962470025
5.556 0.114689998856231 0.2840362658727054 0.1169122479338014 0.4739872793339579 -0.002222249077570449 -0.1899510134612525
5.558 0.1127686407600083 0.2838784047097871 0.1149892910283605 0.4737610845790419 -0.002220650268352206 -0.1898826798692548
5.56 0.1108709578689353 0.2836155029841441 0.1130900110527783 0.4734298984020957 -0.002219053183842961 -0.1898143954179517
5.562 0.1090036528782553 0.2832525694056989 0.1112211106998183 0.4729987294600605 -0.002217457821563018 -0.1897461600543616
5.564 0.1071726515553157 0.2827948843437175 0.1093885157343528 0.4724728580692968 -0.002215864179037142 -0.1896779737255793
5.566 0.105383135061098 0.2822479011915215 0.1075974073148926 0.4718577375702971 -0.00221427225379454 -0.1896098363787755
5.568 0.1036395811434948 0.281617160482131 0.1058522631868637 0.4711589084433275 -0.002212682043368853 -0.1895417479611965
5.57 0.1019458115864408 0.2809082166134176 0.1041569051317389 0.4703819250335821 -0.00221109354529815 -0.1894737084201645
5.572 0.1003050436355279 0.2801265766758361 0.1025145503926528 0.4695322943789136 -0.002209506757124917 -0.1894057177030775
5.574 0.09871994346965507 0.2792776506145392 0.1009278651460511 0.4686154263719478 -0.002207921676396046 -0.1893377757574086
5.576 0.0971926801298479 0.2783667117869377 0.09939901843051073 0.467636594317644 -0.002206338300662824 -0.1892698825307063
5.578 0.09572497863653912 0.2773988668815974 0.09792973526402005 0.4666009048521917 -0.00220475662748093 -0.1892020379705942
5.58 0.09431817131584647 0.2763790341294151 0.09652134797025688 0.4655132761541864 -0.002203176654410419 -0.1891342420247714
5.582 0.09297324660922533 0.2753119287493009 0.09517484498824105 0.4643784233903122 -0.002201598379015717 -0.1890664946410113
5.584 0.09169089485786566 0.2742020546158223 0.09389091665673127 0.4632008503829846 -0.002200021798865608 -0.1889987957671624
5.586 0.0904715507330569 0.2730537012041689 0.09266999764459014 0.4619848465553166 -0.002198446911533227 -0.1889311453511477
5.588 0.08931543212957692 0.27187094495004 0.09151230584417297 0.460734488291005 -0.002196873714596049 -0.188863543340965
5.59 0.08822257545395884 0.2706576542516251 0.09041787765959472 0.4594536439363112 -0.002195302205635884 -0.188795989684686
5.592 0.08719286732637388 0.2694174974319885 0.08938659970861274 0.4581459817624455 -0.00219373238223886 -0.188728484330457
5.594 0.08622607277830448 0.2681539530692935 0.0884182370202999 0.4568149802957917 -0.002192164241995421 -0.1886610272264982
5.596 0.08532186007177028 0.2668703221867494 0.0875124578542706 0.4554639405078535 -0.002190597782500315 -0.1885936183211041
5.598 0.08447982229264589 0.2655697418715344 0.08666885529399847 0.4540959994341769 -0.002189033001352584 -0.1885262575626426
5.6 0.08369949588417334 0.264255199961642 0.08588696578032889 0.4527141448611976 -0.002187469896155555 -0.1884589448995555
5.602 0.08298037628983981 0.2629295505011119 0.08516628475435664 0.4513212307814702 -0.002185908464516832 -0.1883916802803583
5.604 0.08232193086929361 0.2615955297166708 0.08450627957334189 0.4499199933703106 -0.002184348704048285 -0.1883244636536398
5.606 0.08172360923936219 0.2602557723130515 0.08390639985172824 0.4485130672811138 -0.002182790612366045 -0.1882572949680623
5.608 0.08118485117612513 0.2589128279204981 0.08336608536321562 0.4471030020928591 -0.002181234187090489 -0.1881901741723609
5.61 0.08070509219442712 0.2575691775558638 0.08288477162027336 0.445692278771208 -0.002179679425846234 -0.1881231012153442
5.612 0.08028376689978077 0.2562272499792289 0.0824618932260429 0.4442833260251223 -0.00217812632626213 -0.1880560760458934
5.614 0.07992031018514013 0.2548894378414494 0.08209688507111138 0.4428785364544122 -0.002176574885971247 -0.1879890986129628
5.616 0.0796141563222664 0.2535581135241899 0.08178918142487726 0.4414802823897688 -0.002175025102610867 -0.1879221688655789
5.618 0.07936473597536077 0.252235644573539 0.08153821294918324 0.4400909313263803 -0.002173476973822479 -0.1878552867528413
5.62 0.07917147114404316 0.2509244086215688 0.08134340164129492 0.4387128608454904 -0.002171930497251763 -0.1877884522239217
5.622 0.07903376802431765 0.2496268076765706 0.08120415369486624 0.4373484729046346 -0.002170385670548587 -0.1877216652280639
5.624 0.0789510077609121 0.2483452816429727 0.08111985025227909 0.436000207357557 -0.002168842491366996 -0.1876549257145843
5.626 0.0789225350532835 0.2470823209061656 0.0810898360106487 0.4346705545390366 -0.0021673009573652 -0.187588233632871
5.628 0.078947644571752 0.2458404777852352 0.08111340563795758 0.4333620667176193 -0.002165761066205574 -0.1875215889323841
5.63 0.07902556514112025 0.2446223766188304 0.08118978795667488 0.4320773681814858 -0.002164222815554636 -0.1874549915626554
5.632 0.0791554416582126 0.2434307222064123 0.08131812786129565 0.4308191636797008 -0.002162686203083053 -0.1873884414732885
5.634 0.07933631472886535 0.2422683062792879 0.08149746595533097 0.4295902448932461 -0.002161151226465617 -0.1873219386139582
5.636 0.079567098040993 0.2411380116247306 0.08172671592437425 0.4283934945591418 -0.00215961788338125 -0.1872554829344112
5.638 0.07984655353545593 0.2400428134337439 0.08200463970696892 0.4272318878182087 -0.002158086171512986 -0.1871890743844648
5.64 0.08017326449789257 0.2389857773905693 0.08232982058644053 0.4261084903045773 -0.002156556088547965 -0.1871227129140081
5.642 0.08054560677448834 0.2379700539733077 0.08270063440666577 0.4250264524463083 -0.002155027632177426 -0.1870563984730006
5.644 0.08096171841458198 0.236998868394197 0.08311521921467868 0.4239889994056701 -0.002153500800096697 -0.1869901310114732
5.646 0.08141946816459637 0.236075505579632 0.08357144375460156 0.4229994160591592 -0.002151975590005184 -0.1869239104795272
5.648 0.08191642338127876 0.2352032895806905 0.08406687538088513 0.4220610264080253 -0.002150451999606367 -0.1868577368273348
5.65 0.08244981809672283 0.2343855568218093 0.08459874812333062 0.4211771668269476 -0.002148930026607786 -0.1867916100051383
5.652 0.08301652215066682 0.2336256226462047 0.08516393181938786 0.4203511526094555 -0.002147409668721038 -0.1867255299632509
5.654 0.08361301250191647 0.23292674071074 0.08575890342557824 0.4195862373627957 -0.002145890923661765 -0.1866594966520557
5.656 0.08423534803233744 0.2322920549290912 0.08637972182148708 0.4188855649510972 -0.002144373789149646 -0.1865935100220061
5.658 0.08487914935278394 0.2317245438678693 0.08702200761569233 0.4182521138914946 -0.002142858262908386 -0.1865275700236253
5.66 0.08553958529514795 0.2312269577726777 0.08768092963781367 0.4176886343801843 -0.002141344342665713 -0.1864616766075067
5.662 0.08621136790965939 0.2308017487428155 0.08835119993581275 0.4171975784671287 -0.002139832026153365 -0.1863958297243132
5.664 0.08688875785980443 0.230450994982764 0.08902707917091152 0.4167810243075414 -0.002138321311107086 -0.1863300293247774
5.666 0.08756558209394341 0.2301763205279631 0.08970239428921002 0.4164405958876646 -0.002136812195266607 -0.1862642753597015
5.668 0.08823526554767362 0.2299788123555595 0.09037057022404928 0.4161773801355166 -0.002135304676375654 -0.1861985677799571
5.67 0.08889087837124916 0.2298589373224751 0.09102467712343108 0.41599184385896 -0.002133798752181925 -0.1861329065364848
5.672 0.0895251997632061 0.2298164618885184 0.09165749418364319 0.4158837534688133 -0.002132294420437089 -0.1860672915802949
5.674 0.0901307989152442 0.2298503780371106 0.09226159059414098 0.4158521008995767 -0.002130791678896774 -0.1860017228624661
5.676 0.09070013283814604 0.2299588391495069 0.0928294233634666 0.4158950394836533 -0.002129290525320563 -0.1859362003341464
5.678 0.09122565996329338 0.230139109765789 0.09335345092076536 0.4160098337123416 -0.002127790957471982 -0.1858707239465525
5.68 0.09169996743796967 0.230387533124974 0.09382626041108816 0.4161928267759438 -0.002126292973118493 -0.1858052936509698
5.682 0.09211590901361501 0.2306995200745089 0.09424070558364649 0.4164394294732609 -0.002124796570031482 -0.185739909398752
5.684 0.09246674943986818 0.2310695623492977 0.09459005118585445 0.4167441334906193 -0.00212330174598626 -0.1856745711413216
5.686 0.0927463104119266 0.2314912723396654 0.09486811891068865 0.4171005511698345 -0.002121808498762046 -0.1856092788301691
5.688 0.09294911246715411 0.2319574503229976 0.09506942929329606 0.417501482739851 -0.00212031682614196 -0.1855440324168534
5.69 0.09307050687482762 0.232460178783557 0.09518933360074064 0.4179390106365581 -0.002118826725913018 -0.1854788318530012
5.692 0.09310679157848671 0.2329909419777544 0.09522412977435284 0.4184046190680618 -0.002117338195866124 -0.1854136770903074
5.694 0.09305530567218413 0.2335407674303259 0.09517115690598019 0.4188893355108605 -0.002115851233796058 -0.1853485680805347
5.696 0.09291449772016015 0.2341003846953123 0.09502886355766162 0.4193838894708256 -0.002114365837501468 -0.1852835047755133
5.698 0.09268396442240476 0.23466039560778 0.09479684642718962 0.4198788827349211 -0.002112882004784866 -0.1852184871271411
5.7 0.09236445760382571 0.2352114494945498 0.09447585733727833 0.4203649645819334 -0.00211139973345262 -0.1851535150873836
5.702 0.09195785914682214 0.2357444164798732 0.09406777816813708 0.4208330050881467 -0.002109919021314938 -0.1850885886082735
5.704 0.09146712516089023 0.23625055214847 0.0935755650270761 0.4212742597903807 -0.00210843986618587 -0.1850237076419108
5.706 0.09089620224918793 0.2367216474011332 0.09300316451507122 0.4216805195415956 -0.002106962265883291 -0.1849588721404624
5.708 0.09024992006467226 0.2371501582993561 0.09235540628290116 0.4220442403555187 -0.002105486218228901 -0.1848940820561626
5.71 0.08953386534882839 0.2375293119516324 0.0916378770698766 0.4223586492929446 -0.002104011721048213 -0.1848293373413122
5.712 0.08875424325368765 0.2378531859270187 0.09085678202585819 0.4226178238752978 -0.002102538772170543 -0.1847646379482791
5.714 0.08791773194389985 0.238116760165688 0.09001879931332885 0.4228167439951854 -0.002101067369429004 -0.1846999838294974
5.716 0.08703133628256042 0.2383159417714791 0.08913093379322093 0.4229513167089473 -0.002099597510660502 -0.1846353749374682
5.718 0.08610224587828481 0.238447564317615 0.08820037507199054 0.4230183755423737 -0.002098129193705721 -0.1845708112247587
5.72 0.08513770199067978 0.2385093643015527 0.0872343644070889 0.4230156569455553 -0.00209666241640912 -0.1845062926440025
5.722 0.08414487684839297 0.2384999381070246 0.0862400740250119 0.422941757254924 -0.00209519717661892 -0.1844418191478994
5.724 0.08313076791951543 0.2384186832610081 0.08522450139170254 0.4227960739502234 -0.002093733472187107 -0.1843773906892154
5.726 0.08210210867019031 0.2382657279272017 0.08419437997115972 0.4225787351479837 -0.002092271300969408 -0.1843130072207821
5.728 0.08106529642068958 0.2380418524921762 0.08315610708151487 0.4222905211876733 -0.002090810660825299 -0.1842486686954971
5.73 0.08002633710656519 0.2377484068247434 0.08211568865618317 0.4219327818910673 -0.002089351549617985 -0.1841843750663239
5.732 0.07899080610336182 0.2373872263775115 0.08107870006857622 0.4215073526638029 -0.0020878939652144 -0.1841201262862914
5.734 0.07796382378756751 0.2369605498051195 0.08005026169305271 0.4210164721136135 -0.002086437905485195 -0.184055922308494
5.736 0.07695004417976777 0.2364709402439724 0.0790350275480725 0.4204627033300639 -0.002084983368304734 -0.1839917630860916
5.738 0.07595365483307998 0.2359212118725349 0.07803718518463106 0.419848860444844 -0.00208353035155108 -0.1839276485723092
5.74 0.07497838606982465 0.235314362879147 0.07706046492293064 0.4191779415995841 -0.002082078853105995 -0.1838635787204371
5.742 0.07402752770729627 0.2346535155258114 0.0761081565781512 0.418453069009642 -0.002080628870854927 -0.1837995534838306
5.744 0.07310395152397617 0.2339418636230132 0.07518313192666318 0.4176774364389231 -0.002079180402687003 -0.1837355728159099
5.746 0.07221013787761595 0.2331826274265564 0.07428787132411097 0.4168542640967163 -0.002077733446495022 -0.1836716366701599
5.748 0.07134820507598653 0.2323790157315634 0.07342449307616199 0.4159867607316938 -0.002076288000175448 -0.1836077450001304
5.75 0.07051994030250554 0.2315341947659381 0.07259478436413394 0.4150780925253738 -0.002074844061628403 -0.1835438977594357
5.752 0.06972683109995896 0.2306512633684284 0.07180023272871662 0.4141313582701829 -0.002073401628757657 -0.1834800949017545
5.754 0.06897009660659054 0.2297332338663934 0.07104205730606115 0.4131495702472233 -0.00207196069947062 -0.1834163363808299
5.756 0.06825071791346311 0.2287830180364211 0.07032123918514145 0.4121356401868905 -0.002070521271678337 -0.1833526221504694
5.758 0.0675694670667433 0.2278034175287277 0.06963855041003879 0.4110923696932721 -0.002069083343295483 -0.1832889521645444
5.76 0.06692693437197737 0.2267971181562332 0.06899458128421772 0.4100224445332238 -0.002067646912240345 -0.1832253263769905
5.762 0.06632355376897753 0.2257666874844425 0.06838976574541235 0.4089284322262496 -0.002066211976434826 -0.1831617447418072
5.764 0.06575962613703887 0.2247145752034218 0.0678244046708433 0.4078127824164793 -0.002064778533804431 -0.1830982072130575
5.766 0.06523534046247645 0.2236431158139381 0.06729868704475471 0.4066778295588068 -0.002063346582278264 -0.1830347137448687
5.768 0.06475079285566918 0.2225545332123081 0.06681270897545818 0.4055257975037392 -0.002061916119789012 -0.1829712642914311
5.77 0.06430600344546149 0.2214509468105078 0.06636649058973444 0.4043588056175066 -0.002060487144272951 -0.1829078588069988
5.772 0.06390093120706256 0.2203343788776947 0.06595999086073248 0.4031788761235839 -0.002059059653669923 -0.1828444972458892
5.774 0.06353548679730425 0.2192067628349051 0.0655931204432276 0.4019879423973879 -0.002057633645923344 -0.1827811795624829
5.776 0.06320954348050078 0.2180699522757802 0.06526575259948096 0.4007878579870037 -0.002056209118980182 -0.1827179057112236
5.778 0.06292294623079599 0.2169257305223761 0.06497773230158695 0.3995804061689942 -0.002054786070790962 -0.1826546756466181
5.78 0.06267551909409655 0.2157758205557163 0.0647288835934063 0.3983673098789526 -0.002053364499309751 -0.1825914893232363
5.782 0.06246707088597812 0.2146218951861833 0.06451901528847227 0.3971502418818939 -0.002051944402494153 -0.1825283466957106
5.784 0.0622973992922965 0.2134655873490712 0.0643479250706018 0.3959308350678076 -0.002050525778305301 -0.1824652477187364
5.786 0.0621662934275309 0.2123085004255006 0.06421540205223876 0.394710692772572 -0.002049108624707854 -0.1824021923470714
5.788 0.06207353489299778 0.2111522184987744 0.06412122783266776 0.3934913990343104 -0.002047692939669979 -0.182339180535536
5.79 0.06201889736376536 0.2099983164614627 0.06406517608492872 0.3922745287004757 -0.002046278721163359 -0.182276212239013
5.792 0.0620021447198894 0.2088483698886277 0.06404701068705257 0.3910616573010751 -0.00204486596716317 -0.1822132874124474
5.794 0.06202302772529648 0.2077039645882053 0.06406648240094456 0.3898543705990517 -0.002043454675648087 -0.1821504060108464
5.796 0.06208127924683782 0.2065667057307332 0.06412332409143809 0.3886542737200123 -0.002042044844600267 -0.1820875679892791
5.798 0.06217660799742961 0.2054382264470334 0.06421724446943496 0.3874629997499104 -0.002040636472005347 -0.182024773302877
5.8 0.06230869078164213 0.2043201957646694 0.06434792033749456 0.3862822176715023 -0.002039229555852437 -0.1819620219068329
5.802 0.06247716322042328 0.2032143257321354 0.06451498731455739 0.3851136394885371 -0.00203782409413411 -0.1818993137564016
5.804 0.06268160893489713 0.2021223775536889 0.06471802901974352 0.3839590263605886 -0.002036420084846396 -0.1818366488068997
5.806 0.06292154717849913 0.2010461665285089 0.06495656470448791 0.382820193542214 -0.002035017525988776 -0.1817740270137051
5.808 0.06319641892338825 0.1999875655555841 0.06523003533895241 0.3816990138878412 -0.002033616415564172 -0.1817114483322571
5.81 0.06350557143241801 0.1989485069318904 0.06553778818399696 0.3805974196499469 -0.002032216751578946 -0.1816489127180566
5.812 0.06384824138354565 0.1979309821367903 0.06587905991558854 0.3795174022634555 -0.002030818532042883 -0.1815864201266652
5.814 0.06422353666072136 0.1969370392624952 0.06625295841569057 0.3784610097762014 -0.002029421754969196 -0.1815239705137062
5.816 0.0646304169853775 0.195968777721162 0.066658443403752 0.3774303415560256 -0.002028026418374507 -0.1814615638348636
5.818 0.06506767363676712 0.1950283398365496 0.06709430615704597 0.3764275398824319 -0.00202663252027885 -0.1813992000458823
5.82 0.0655339085980657 0.1941178989163449 0.06755914865677135 0.3754547780189127 -0.002025240058705655 -0.1813368791025679
5.822 0.06602751356816122 0.1932396434045448 0.06805136259984297 0.3745142443653318 -0.002023849031681751 -0.181274600960787
5.824 0.06654664939530582 0.1923957567368051 0.06856910883254316 0.3736081223132715 -0.002022459437237349 -0.1812123655764664
5.826 0.06708922661560471 0.1915883925712226 0.06911029788901075 0.3727385654768164 -0.002021071273406042 -0.1811501729055938
5.828 0.06765288791215851 0.1908196451485678 0.0696725724503833 0.3719076680527847 -0.002019684538224794 -0.1810880229042169
5.83 0.06823499344327424 0.1900915146549197 0.07025329267300819 0.3711174301833637 -0.002018299229733938 -0.1810259155284439
5.832 0.06883261011148575 0.1894058676210418 0.07084952545746291 0.3703697183554849 -0.002016915345977162 -0.1809638507344432
5.834 0.06944250594756782 0.1887643925998033 0.07145803883256932 0.3696662210782462 -0.002015532885001507 -0.1809018284784429
5.836 0.07006115085193593 0.1881685516156311 0.07207530269679328 0.3690084003323626 -0.002014151844857359 -0.1808398487167315
5.838 0.0706847249537484 0.1876195281753723 0.07269749717734685 0.3683974395810296 -0.002012772223598445 -0.1807779114056573
5.84 0.0713091357989333 0.1871181729597553 0.07332052981821512 0.3678341894613833 -0.002011394019281819 -0.180716016501628
5.842 0.07193004544639628 0.1866649486646595 0.07394006267636415 0.3673191126257709 -0.002010017229967861 -0.1806541639611114
5.844 0.07254290832253064 0.1862598758114374 0.07455155017625091 0.3668522295520721 -0.00200864185372027 -0.1805923537406347
5.846 0.07314302034873414 0.1859024816688105 0.0751502882373402 0.3664330674655949 -0.002007267888606053 -0.1805305857967844
5.848 0.0737255794134283 0.1855917546930753 0.07573147474612382 0.3660606147792819 -0.002005895332695524 -0.1804688600862065
5.85 0.07428575671694568 0.1853261070631835 0.07629028090100796 0.3657332836287898 -0.002004524184062292 -0.1804071765656063
5.852 0.07481877789460054 0.1851033479268244 0.0768219323353838 0.3654488831185725 -0.002003154440783258 -0.1803455351917481
5.854 0.07532001215375887 0.1849206698510318 0.07732179825469748 0.3652046057724872 -0.002001786100938606 -0.1802839359214554
5.856 0.07578506698994122 0.1847746506631997 0.07778548615255303 0.3649970293748102 -0.002000419162611797 -0.1802223787116105
5.858 0.07620988543046917 0.1846612723664076 0.07820893905435873 0.3648221358855623 -0.001999053623889562 -0.1801608635191547
5.86 0.07659084225307602 0.1845759581256378 0.07858853173593792 0.3646753484267257 -0.001997689482861896 -0.1800993903010879
5.862 0.07692483530095012 0.1845136274784215 0.07892116203857218 0.3645515864928902 -0.001996326737622051 -0.1800379590144687
5.864 0.07720936791608439 0.1844687689751357 0.07920433330235092 0.36444533859155 -0.00199496538626653 -0.1799765696164143
5.866 0.07744261867469229 0.1844355284691153 0.07943622410158738 0.3643507505332157 -0.001993605426895078 -0.1799152220641004
5.868 0.07762349504323997 0.1844078103352432 0.07961574190085065 0.3642617266500039 -0.001992246857610677 -0.1798539163147608
5.87 0.07775166826585309 0.1843793880812348 0.07974255794237263 0.3641720404069226 -0.001990889676519541 -0.1797926523256878
5.872 0.07782758770017929 0.1843440202054417 0.0798171215819104 0.3640754502596734 -0.001989533881731107 -0.1797314300542317
5.874 0.07785247387100845 0.1842955668083053 0.07984065334236648 0.3639658162661062 -0.001988179471358029 -0.1796702494578009
5.876 0.07782829062395348 0.1842281024165761 0.07981511706746965 0.363837212910438 -0.001986826443516171 -0.1796091104938619
5.878 0.07775769784262884 0.1841360207349812 0.07974317263895345 0.36368403385492 -0.001985474796324604 -0.1795480131199388
5.88 0.07764398715321844 0.1840141275733891 0.07962811168112403 0.3635010848670026 -0.001984124527905591 -0.1794869572936135
5.882 0.07749100380579096 0.1838577189558516 0.07947377944217555 0.3632836619283773 -0.001982775636384592 -0.1794259429725257
5.884 0.07730305844046687 0.1836626423288828 0.07928448656035711 0.3630276124432553 -0.001981428119890247 -0.1793649701143726
5.886 0.07708483269400115 0.1834253397672616 0.07906491467055553 0.3627293784441703 -0.001980081976554378 -0.1793040386769088
5.888 0.07684128258210356 0.1831428730441694 0.07882001978661553 0.3623860216621158 -0.001978737204511975 -0.1792431486179463
5.89 0.0765775433328862 0.1828129313156556 0.07855493713478739 0.36199523121101 -0.001977393801901195 -0.1791822998953544
5.892 0.07629883889415104 0.1824338229105971 0.0782748906610144 0.3615553153776567 -0.001976051766863352 -0.1791214924670595
5.894 0.07601039875000234 0.1820044532801759 0.07798510984754525 0.3610651795712211 -0.001974711097542915 -0.1790607262910452
5.896 0.07571738402156838 0.1815242915302042 0.07769075581365588 0.3605242928555561 -0.001973371792087496 -0.179000001325352
5.898 0.07542482415051473 0.1809933281391664 0.07739685799916257 0.3599326456672435 -0.001972033848647849 -0.1789393175280771
5.9 0.07513756482143609 0.180412026473966 0.07710826208681394 0.3592907013313408 -0.001970697265377858 -0.1788786748573748
5.902 0.07486022720717986 0.179781270583454 0.07682958924761439 0.3585993438549099 -0.001969362040434536 -0.1788180732714559
5.904 0.07459717814390009 0.1791023115120202 0.0765652063158781 0.357859824240608 -0.001968028171978016 -0.1787575127285878
5.906 0.07435251047188836 0.178376714067962 0.07631920613005991 0.3570737072550564 -0.001966695658171544 -0.1786969931870944
5.908 0.07413003251484232 0.1776063056371777 0.07609539701202379 0.3562428202425338 -0.001965364497181474 -0.1786365146053562
5.91 0.07393326550725585 0.1767931282807711 0.07589730019443311 0.3553692052225806 -0.001964034687177262 -0.1785760769418096
5.912 0.07376544770429547 0.175939395017887 0.07572815393062693 0.3544550751728345 -0.001962706226331459 -0.1785156801549475
5.914 0.07362954390495288 0.1750474508881775 0.07559092301777258 0.3535027750914964 -0.001961379112819704 -0.1784553242033189
5.916 0.07352825917087842 0.1741197391219362 0.07548831251569914 0.3525147481674649 -0.001960053344820717 -0.1783950090455287
5.918 0.07346405561380147 0.1731587725248981 0.07542278453431776 0.3514935071651359 -0.001958728920516299 -0.1783347346402378
5.92 0.07343917123934128 0.1721671100092113 0.07539657707743259 0.3504416109553743 -0.001957405838091317 -0.178274500946163
5.922 0.07345563996215466 0.1711473380700123 0.07541172405788837 0.349361645992089 -0.001956084095733703 -0.1782143079220767
5.924 0.0735153120369328 0.1701020569140195 0.07547007572856725 0.3482562124408265 -0.001954763691634445 -0.178154155526807
5.926 0.07361987427453076 0.1690338708865953 0.07557331889851834 0.3471279146058329 -0.001953444623987587 -0.1780940437192376
5.928 0.07377086952737899 0.1679453828112598 0.0757229964183692 0.3459793552695672 -0.001952126890990213 -0.1780339724583074
5.93 0.07396971503016055 0.1668391918447504 0.07592052552100299 0.3448131335477616 -0.00195081049084245 -0.1779739417030112
5.932 0.07421771926885032 0.1657178944555076 0.07616721469059777 0.343631845867906 -0.001949495421747454 -0.1779139514123984
5.934 0.07451609712318706 0.164584088149461 0.07646427880509847 0.3424380896950351 -0.001948181681911412 -0.1778540015455741
5.936 0.07486598308478819 0.1634403775898884 0.07681285235433172 0.3412344696515867 -0.001946869269543529 -0.1777940920616982
5.938 0.07526844239646639 0.1622893827841851 0.07721400057932241 0.3400236057041708 -0.001945558182856025 -0.1777342229199858
5.94 0.07572447998916661 0.1611337490368993 0.07766872840923074 0.3388081431166058 -0.001944248420064128 -0.1776743940797065
5.942 0.07623504711273721 0.1599761583932268 0.07817798709212329 0.337590763893412 -0.001942939979386072 -0.1776146055001853
5.944 0.07680104556731382 0.1588193423180908 0.0787426784263569 0.3363741994588921 -0.001941632859043083 -0.1775548571408013
5.946 0.07742332944489938 0.157666095371732 0.07936365650215876 0.3351612443327208 -0.001940327057259379 -0.1774951489609888
5.948 0.07810270428744255 0.1565192896525028 0.08004172685970472 0.3339547705727389 -0.001939022572262162 -0.177435480920236
5.95 0.07883992356005159 0.1553818897797996 0.08077764296233321 0.3327577427578857 -0.001937719402281613 -0.1773758529780862
5.952 0.07963568232758227 0.154256968184506 0.08157209987313316 0.3315732332786425 -0.001936417545550885 -0.1773162650941364
5.954 0.08049060801110239 0.1531477204603141 0.08242572501140849 0.3304044376883525 -0.001935117000306097 -0.1772567172280385
5.956 0.08140524808990829 0.1520574805059348 0.08333906585469461 0.3292546898454327 -0.001933817764786328 -0.177197209339498
5.958 0.08238005460621364 0.1509897351556491 0.08431257444344725 0.3281274765439238 -0.001932519837233611 -0.1771377413882747
5.96 0.08341536532590475 0.1499481379531312 0.08534658854179768 0.3270264512873137 -0.001931223215892931 -0.1770783133341826
5.962 0.08451138141167236 0.1489365216714838 0.08644130931068457 0.325955446808573 -0.00192992789901221 -0.1770189251370891
5.964 0.0856681414775961 0.1479589091205754 0.08759677536243841 0.3249184858774913 -0.001928633884842309 -0.1769595767569158
5.966 0.08688549191938937 0.1470195217121506 0.08881283309102639 0.3239197898657887 -0.001927341171637022 -0.1769002681536381
5.968 0.0881630534552801 0.1461227851748874 0.09008910321293316 0.3229637844621718 -0.001926049757653064 -0.1768409992872844
5.97 0.08950018387288684 0.1452733317271641 0.09142494351403692 0.3220551018451016 -0.001924759641150073 -0.1767817701179374
5.972 0.09089593706095173 0.1444759979278373 0.09281940788134233 0.32119857853357 -0.001923470820390593 -0.1767225806057327
5.974 0.09234901851510101 0.1437358173388531 0.09427120180874109 0.3203992480497126 -0.001922183293640085 -0.1766634307108595
5.976 0.09385773764837298 0.1430580070528552 0.09577863470753988 0.3196623274464153 -0.001920897059166902 -0.1766043203935601
5.978 0.09541995741276102 0.1424479470715258 0.09733956952800332 0.318993196685656 -0.001919612115242299 -0.1765452496141302
5.98 0.09703304194977268 0.1419111514747393 0.0989513704099131 0.3183973698076577 -0.001918328460140417 -0.1764862183329184
5.982 0.09869380323747004 0.1414532303071407 0.1006108493296083 0.317880456817467 -0.001917046092138283 -0.1764272265103263
5.984 0.1003984479865891 0.1410798411402301 0.1023142129961049 0.3174481152470386 -0.001915765009515802 -0.1763682741068086
5.986 0.1021425263544657 0.1407966293583111 0.1040570115650215 0.3171059904411836 -0.001914485210555749 -0.1763093610828725
5.988 0.1039208843847949 0.1406091563807617 0.1058340910783387 0.3168596437798399 -0.001913206693543769 -0.1762504873990783
5.99 0.1057276224292967 0.140522815286361 0.107639551886065 0.3167144683023996 -0.001911929456768365 -0.1761916530160386
5.992 0.1075560621447657 0.1405427336616664 0.1094667156432866 0.3166755915560852 -0.001910653498520898 -0.1761328578944187
5.994 0.109398724960496 0.1406736639655455 0.1113081037775916 0.3167477659604821 -0.001909378817095575 -0.1760741019949366
5.996 0.1112473251437994 0.1409198622914141 0.1131554305545888 0.3169352475697763 -0.00190810541078945 -0.1760153852783622
5.998 0.1130927807170298 0.141284957114581 0.1149996139949322 0.3172416648200991 -0.001906833277902413 -0.1759567077055181
6 0.1149252454569638 0.1417718104208025 0.116830807873701 0.3176698796580813 -0.001905562416737187 -0.1758980692372788
6.002 0.1167341649924211 0.1423823744960249 0.1186384578180204 0.3182218443305962 -0.001904292825599323 -0.1758394698345714
6.004 0.1185083595685506 0.1431175485727861 0.1204113840713478 0.3188984580311604 -0.00190302450279719 -0.1757809094583743
6.006 0.1202361353355079 0.143977040416045 0.1221378927821499 0.3196994284857635 -0.001901757446641975 -0.1757223880697185
6.008 0.1219054250282834 0.14495923871428 0.1238059166837311 0.3206231443439666 -0.001900491655447674 -0.1756639056296866
6.01 0.123503957638912 0.1460611027325009 0.1254031847664431 0.3216665648319139 -0.001899227127531088 -0.1756054620994129
6.012 0.1250194551770551 0.1472780759892753 0.1269174190382669 0.3228251334293589 -0.001897963861211815 -0.1755470574400835
6.014 0.126439852935602 0.1486040306498979 0.1283365547904143 0.3240927222628341 -0.001896701854812247 -0.1754886916129362
6.016 0.1277535379249352 0.1500312488080109 0.1296489790315928 0.3254616133872709 -0.001895441106657564 -0.17543036457926
6.018 0.128949598443548 0.1515504458134576 0.1308437800586237 0.3269225221138533 -0.001894181615075726 -0.1753720763003957
6.02 0.1300180762649656 0.1531508392897062 0.1319109996433631 0.3284646660274413 -0.001892923378397472 -0.1753138267377351
6.022 0.130950211800463 0.1548202655157009 0.1328418781954193 0.3300758813684224 -0.00189166639495631 -0.1752556158527215
6.024 0.1317386719924144 0.1565453425257047 0.1336290826555029 0.331742786132554 -0.001890410663088513 -0.1751974436068493
6.026 0.1323777507205663 0.1583116767587042 0.1342669069016995 0.3334509867203682 -0.001889156181133117 -0.175139309961664
6.028 0.1328635322291022 0.1601041075587512 0.1347514351765341 0.3351853224375133 -0.001887902947431908 -0.1750812148787621
6.03 0.1331940095070744 0.1619069815054908 0.1350806604674038 0.3369301398252818 -0.001886650960329422 -0.175023158319791
6.032 0.1333691516059931 0.1637044466510794 0.135254551824166 0.3386695868975282 -0.001885400218172941 -0.1749651402464489
6.034 0.1333909164142769 0.1654807554387769 0.1352750671335894 0.3403879160592618 -0.001884150719312482 -0.1749071606204849
6.036 0.1332632082308386 0.1672205645098899 0.1351461106929394 0.3420697839135885 -0.001882902462100797 -0.1748492194036986
6.038 0.1329917823560174 0.1689092198258547 0.1348734378009108 0.3437005363837949 -0.001881655444893361 -0.1747913165579402
6.04 0.1325841016086439 0.1705330165191343 0.1344645112746923 0.3452664685642449 -0.001880409666048375 -0.1747334520451106
6.042 0.1320491519660264 0.1720794245419505 0.1339283170899531 0.3467550503691113 -0.001879165123926755 -0.1746756258271608
6.044 0.1313972262396994 0.1735372733432244 0.1332751480565915 0.3481551112093169 -0.001877921816892126 -0.1746178378660925
6.046 0.1306396857398407 0.1748968912690173 0.1325163654831516 0.3494569793929745 -0.001876679743310821 -0.1745600881239573
6.048 0.1297887102133136 0.1761501979341232 0.1316641491148655 0.3506525744969804 -0.001875438901551871 -0.1745023765628572
6.05 0.1288570460027354 0.177290750245599 0.1307312452927224 0.3517354533905431 -0.001874199289987003 -0.1744447031449441
6.052 0.1278577614632295 0.1783137449007574 0.1297307223702201 0.3527008127331775 -0.001872960906990633 -0.1743870678324201
6.054 0.1268040173257253 0.1792159819081794 0.1286757410766652 0.3535454524957166 -0.00187172375093986 -0.1743294705875371
6.056 0.1257088580678479 0.1799957949195442 0.1275793458880624 0.3542677062921412 -0.001870487820214465 -0.1742719113725969
6.058 0.124585028602223 0.1806529548959214 0.1264542817154199 0.3548673450458724 -0.001869253113196899 -0.174214390149951
6.06 0.1234448188589604 0.1811885538926804 0.1253128384872327 0.3553454607746809 -0.001868019628272283 -0.1741569068820006
6.062 0.1222999372380951 0.1816048755957213 0.1241667246019235 0.3557043371269176 -0.0018667873638284 -0.1740994615311963
6.064 0.1211614125209591 0.1819052587619282 0.1230269688392148 0.3559473128219668 -0.001865556318255692 -0.1740420540600386
6.066 0.1200395227049553 0.1820939590018111 0.1219038491949025 0.3560786434328883 -0.00186432648994725 -0.1739846844310772
6.068 0.1189437483814378 0.1821760134833263 0.1208068462587367 0.3561033660902374 -0.001863097877298817 -0.1739273526069111
6.07 0.1178827477046207 0.1821571122142746 0.1197446181833295 0.3560271707644633 -0.001861870478708774 -0.1738700585501886
6.072 0.1168643496752165 0.1820434786434076 0.1187249939677946 0.3558562808670149 -0.001860644292578141 -0.1738128022236073
6.074 0.1158955623487244 0.1818417614581653 0.117754981666035 0.355597345048079 -0.001859419317310568 -0.1737555835899137
6.076 0.1149825926332466 0.181558938683537 0.1168407881845589 0.3552573412954405 -0.001858195551312332 -0.1736984026119035
6.078 0.1141308745226555 0.1812022345212139 0.1159878475156478 0.3548434937736351 -0.00185697299299233 -0.1736412592524212
6.08 0.1133451028781525 0.1807790488177724 0.1152008545189146 0.3543632022921328 -0.001855751640762077 -0.1735841534743604
6.082 0.1126292701906495 0.1802968986124631 0.1144838016836852 0.3538239838531264 -0.001854531493035697 -0.1735270852406632
6.084 0.1119867041004908 0.1797633708802107 0.1138400166487207 0.3532334253945312 -0.00185331254822992 -0.1734700545143205
6.086 0.1114201037980987 0.179186085340386 0.1132721986028628 0.3525991465987579 -0.001852094804764077 -0.1734130612583719
6.088 0.1109315737651743 0.1785726660317911 0.1127824520262344 0.3519287714676965 -0.001850878261060094 -0.1733561054359054
6.09 0.1105226536319866 0.1779307202439366 0.1123723165475291 0.3512299072539942 -0.001849662915542487 -0.1732991870100576
6.092 0.1101943432176509 0.1772678233296431 0.1120427919842893 0.3505101292736565 -0.001848448766638357 -0.1732423059440134
6.094 0.1099471220871655 0.1765915078918467 0.1117943578999429 0.3497769700928527 -0.001847235812777386 -0.173185462201006
6.096 0.1097809632038633 0.1759092558283382 0.1116269872562551 0.349037911572655 -0.00184602405239183 -0.1731286557443169
6.098 0.1096953404833507 0.175228491724075 0.1115401539672672 0.3483003782613505 -0.001844813483916516 -0.1730718865372756
6.1 0.1096892302710768 0.1745565760972038 0.1115328343768657 0.3475717306404636 -0.001843604105788834 -0.1730151545432598
6.102 0.1097611069769342 0.1739007970301844 0.111603502893383 0.3468592567558795 -0.001842395916448736 -0.1729584597256952
6.104 0.1099089333130546 0.1732683587517305 0.1117501222273933 0.3461701607997857 -0.001841188914338727 -0.1729018020480552
6.106 0.1101301458011638 0.1726663657826573 0.1119701288990677 0.3455115472565187 -0.001839983097903863 -0.1728451814738613
6.108 0.1104216364478848 0.1721018013249635 0.1122604149134766 0.3448903992916461 -0.001838778465591744 -0.1727885979666826
6.11 0.1107797317326135 0.1715814986667648 0.112617306748466 0.3443135501569007 -0.00183757501585251 -0.1727320514901359
6.112 0.1112001703128303 0.1711121045064188 0.1130365430599691 0.3437876465143044 -0.001836372747138836 -0.1726755420078856
6.114 0.1116780811219938 0.1707000332789965 0.1135132527798997 0.3433191027626401 -0.001835171657905927 -0.1726190694836436
6.116 0.112207963807646 0.1703514118089692 0.1140419355542575 0.3429140456901384 -0.001833971746611511 -0.1725626338811693
6.118 0.1127836737190708 0.1700720139264639 0.1146164467307866 0.3425782490907332 -0.001832773011715839 -0.1725062351642693
6.12 0.1133984138863741 0.1698671850800443 0.1152299893380558 0.342317058376842 -0.001831575451681675 -0.1724498732967977
6.122 0.1140447366130674 0.1697417574619959 0.1158751156780417 0.3421353057046516 -0.001830379064974292 -0.1723935482426556
6.124 0.1147145574031505 0.1696999567323743 0.1165437412532119 0.3420372166981658 -0.001829183850061471 -0.1723372599657915
6.126 0.1153991839294897 0.1697453020762426 0.1172271737349032 0.3420263105064433 -0.00182798980541349 -0.1722810084302006
6.128 0.1160893625894094 0.1698805020353743 0.1179161595189125 0.3421052956352998 -0.001826796929503126 -0.1722247935999255
6.13 0.1167753448541739 0.1701073492891223 0.1186009500749796 0.3422759647281776 -0.001825605220805643 -0.1721686154390553
6.132 0.1174469750755054 0.1704266182742552 0.1192713897533041 0.3425390921859812 -0.001824414677798792 -0.172112473911726
6.134 0.1180938006505207 0.170837970172601 0.1199170259494835 0.3428943391547217 -0.001823225298962805 -0.1720563689821207
6.136 0.1187052044681015 0.1713398702908549 0.1205272415508819 0.3433401709053236 -0.001822037082780389 -0.1720003006144687
6.138 0.1192705583884378 0.1719295231355622 0.1210914084161745 0.3438737919086085 -0.001820850027736723 -0.1719442687730463
6.14 0.1197793951924803 0.1726028304774869 0.1215990593247997 0.3444911038996628 -0.001819664132319452 -0.1718882734221759
6.142 0.1202215950543358 0.1733543773427649 0.1220400744493545 0.3451866918689917 -0.001818479395018681 -0.1718323145262268
6.144 0.1205875812367325 0.1741774501242261 0.1224048770510595 0.3459538421738403 -0.001817295814326973 -0.1717763920496142
6.146 0.120868518505517 0.1750640898673815 0.1226846318942563 0.3467845958241815 -0.001816113388739343 -0.1717205059568
6.148 0.1210565068282064 0.1760051822821827 0.1228714389449597 0.3476698384944749 -0.001814932116753251 -0.1716646562122922
6.15 0.1211447623823688 0.1769905842372971 0.1229585143792374 0.3485994270179417 -0.001813751996868602 -0.1716088427806446
6.152 0.1211277778480544 0.1780092845237822 0.1229403508756421 0.3495623501502399 -0.001812573027587736 -0.1715530656264577
6.154 0.1210014544521815 0.1790495946776133 0.1228128496595969 0.3505469193919908 -0.001811395207415427 -0.1714973247143775
6.156 0.1207631992794472 0.1800993637930945 0.122573417814306 0.3515409838021905 -0.001810218534858877 -0.171441620009096
6.158 0.1204119829147408 0.1811462097107931 0.1222210259231685 0.3525321611861443 -0.001809043008427709 -0.1713859514753513
6.16 0.1199483544312497 0.1821777578715158 0.1217562230578837 0.3535080769494427 -0.001807868626633969 -0.1713303190779269
6.162 0.1193744129357591 0.1831818786001543 0.1211811083237512 0.3544566013818066 -0.001806695387992113 -0.1712747227816523
6.164 0.118693737147145 0.1841469136736427 0.120499260438164 0.3553660762250451 -0.001805523291019007 -0.1712191625514025
6.166 0.117911276627304 0.185061883726005 0.119715628961538 0.3562255220781029 -0.001804352334233922 -0.1711636383520979
6.168 0.1170332101319028 0.1859166692802397 0.1188363926480613 0.3570248194289444 -0.001803182516158529 -0.1711081501487047
6.17 0.1160667779620582 0.1867021598507591 0.1178687917973751 0.3577548577569934 -0.001802013835316893 -0.1710526979062343
6.172 0.1150200960884906 0.1874103674745654 0.1168209423787261 0.3584076490643087 -0.001800846290235469 -0.1709972815897433
6.174 0.1139019601546723 0.1880345030343385 0.1157016400341154 0.3589764041986723 -0.0017996798794431 -0.1709419011643339
6.176 0.1127216472676556 0.1885690156687306 0.1145201618691266 0.3594555722638837 -0.001798514601471008 -0.1708865565951531
6.178 0.1114887228255744 0.1890095972842126 0.1132860732804272 0.3598408451316059 -0.001797350454852794 -0.1708312478473933
6.18 0.1102128586133653 0.1893531555856243 0.1120090460514897 0.360129130471916 -0.001796187438124428 -0.1707759748862917
6.182 0.1089036671444708 0.1895977600686267 0.110698692694295 0.3603184977457575 -0.001795025549824248 -0.1707207376771308
6.184 0.107570555860739 0.1897425660475193 0.109364420649232 0.3604081022327568 -0.001793864788492956 -0.1706655361852375
6.186 0.1062226034386077 0.1897877220447983 0.1080153085912813 0.3603980924207824 -0.001792705152673612 -0.1706103703759841
6.188 0.1048684591795933 0.1897342657911812 0.106660005820505 0.3602895060059682 -0.001791546640911628 -0.170555240214787
6.19 0.103516265354948 0.189584013740969 0.1053066546067028 0.3600841594080768 -0.001790389251754766 -0.1705001456671077
6.192 0.1021736014695531 0.1893394484706195 0.1039628344533062 0.3597845351690718 -0.001789232983753134 -0.1704450866984523
6.194 0.1008474487249774 0.189003607670608 0.1026355265604366 0.3593936709449793 -0.001788077835459176 -0.1703900632743713
6.196 0.09954417249297727 0.188579977727547 0.1013310962984049 0.3589150530880067 -0.001786923805427676 -0.1703350753604597
6.198 0.09826952034031522 0.1880723941797752 0.100055291232531 0.358352517102132 -0.001785770892215745 -0.1702801229223567
6.2 0.09702863304481878 0.1874849506569416 0.0988132521392016 0.3577101565826877 -0.001784619094382823 -0.1702252059257462
6.202 0.09582606607842163 0.1868219173110587 0.0976095344889123 0.3569922416474146 -0.00178346841049067 -0.1701703243363559
6.204 0.09466581917168682 0.186087669230227 0.09644813801079018 0.356203147350185 -0.001782318839103364 -0.170115478119958
6.206 0.09355137178347392 0.1852866249032893 0.09533254216226121 0.355347292145658 -0.001781170378787296 -0.1700606672423686
6.208 0.092485722551471 0.1844231944735584 0.09426574557958217 0.3544290861430065 -0.001780023028111167 -0.1700058916694481
6.21 0.0914714310704189 0.1835017372759291 0.09325030785606488 0.3534528886430297 -0.001778876785645979 -0.1699511513671005
6.212 0.09051066061753898 0.1825265279847294 0.09228839226750402 0.3524229742860033 -0.001777731649965036 -0.1698964463012739
6.214 0.08960522070473172 0.1815017305976943 0.09138180832437565 0.3513435070356544 -0.001776587619643934 -0.1698417764379601
6.216 0.088756608576314 0.1804313794327533 0.09053205326957456 0.3502185211759481 -0.001775444693260564 -0.1697871417431948
6.218 0.0879660489839023 0.1793193663074334 0.0897403518532974 0.3490519084904907 -0.001774302869395099 -0.1697325421830573
6.22 0.08723453175360485 0.1781694330947397 0.08900769390023484 0.3478474108184101 -0.001773162146629997 -0.1696779777236704
6.222 0.08656284681512483 0.1769851688955309 0.08833486933867482 0.3466086172267315 -0.00177202252354999 -0.1696234483312006
6.224 0.08595161648882471 0.1757700111281352 0.0877225004875668 0.345338965099993 -0.001770883998742088 -0.1695689539718578
6.226 0.0854013249269706 0.1745272499045161 0.08717107149776616 0.3440417445164112 -0.001769746570795565 -0.1695144946118952
6.228 0.08491234468246657 0.1732600351344199 0.08668095492076854 0.3427201053520293 -0.001768610238301961 -0.1694600702176094
6.23 0.08448496043525409 0.1719713858708647 0.08625243543510917 0.341377066626205 -0.001767474999855076 -0.1694056807553403
6.232 0.08411938994579915 0.1706642014790774 0.08588573079985011 0.3400155276705485 -0.001766340854050966 -0.1693513261914711
6.234 0.08381580232992961 0.1693412742751422 0.08558101012941755 0.3386382807675699 -0.001765207799487937 -0.1692970064924277
6.236 0.08357433376215476 0.1680053033390645 0.08533840959692129 0.337248024963744 -0.001764075834766544 -0.1692427216246795
6.238 0.08339510071755983 0.1666589092585001 0.08515804567604941 0.3358473808132386 -0.001762944958489581 -0.1691884715547385
6.24 0.08327821085763629 0.1653046496042331 0.08504002602689838 0.3344389058533931 -0.001761815169262084 -0.1691342562491601
6.242 0.08322377165457903 0.1639450349764849 0.08498445812027035 0.3330251106510269 -0.001760686465691321 -0.169080075674542
6.244 0.08323189683290189 0.1625825454919361 0.08499145567928867 0.331608475289461 -0.001759558846386791 -0.169025929797525
6.246 0.08330271068802921 0.1612196476054506 0.08506114299798942 0.330191466190243 -0.001758432309960216 -0.1689718185847924
6.248 0.08343635031968975 0.1598588111782079 0.08519365717471529 0.3287765531812784 -0.001757306855025541 -0.1689177420030705
6.25 0.08363296579422425 0.1585025267147847 0.08538914827442318 0.3273662267339124 -0.001756182480198928 -0.1688637000191277
6.252 0.08389271822514145 0.1571533226962636 0.08564777740924021 0.3259630152960388 -0.001755059184098751 -0.1688096925997752
6.254 0.08421577573590956 0.1558137829347617 0.08596971270125515 0.3245695026466283 -0.001753936965345592 -0.1687557197118666
6.256 0.08460230724383466 0.1544865638662147 0.08635512306639689 0.3231883451885124 -0.001752815822562236 -0.1687017813222977
6.258 0.08505247397947881 0.1531744116830903 0.08680416973385248 0.3218222890810971 -0.001751695754373673 -0.1686478773980068
6.26 0.08556641863322155 0.151880179186907 0.08731699539262863 0.3204741870928813 -0.001750576759407082 -0.1685940079059744
6.262 0.08614425200017124 0.150606842210921 0.08789371083646308 0.319147015024144 -0.001749458836291838 -0.1685401728132229
6.264 0.08678603697774467 0.1493575154265236 0.08853437896140418 0.3178438875133408 -0.001748341983659502 -0.1684863720868172
6.266 0.08749176975801348 0.148135467302325 0.08923899595815731 0.316568072996189 -0.001747226200143817 -0.168432605693864
6.268 0.0882613580512433 0.146944133931857 0.09000746953562401 0.3153230075333688 -0.001746111484380707 -0.1683788736015119
6.27 0.08909459617957886 0.1457871313848015 0.09083959401458713 0.314112307161753 -0.001744997835008269 -0.1683251757769514
6.272 0.08999113689284542 0.1446682661677208 0.09173502214351219 0.3129397783551359 -0.00174388525066677 -0.1682715121874151
6.274 0.09095045978477594 0.1435915433035005 0.09269323351477458 0.3118094261036776 -0.001742773729998647 -0.1682178828001771
6.276 0.09197183623059098 0.1425611714558052 0.09371349950223948 0.3107254590383584 -0.001741663271648496 -0.1681642875825532
6.278 0.09305429082878677 0.141581564437388 0.09479484470304984 0.309692290939289 -0.001740553874263071 -0.168110726501901
6.28 0.09419655941550829 0.140657338351499 0.09593600495199958 0.3087145378771183 -0.001739445536491282 -0.1680571995256193
6.282 0.09539704383211965 0.1397933035282002 0.09713538208910384 0.3077970101493491 -0.001738338256984189 -0.1680037066211488
6.284 0.0966537637691568 0.1389944503372901 0.09839099580355179 0.3069446980932616 -0.001737232034394996 -0.1679502477559716
6.286 0.09796430618622171 0.1382659278932717 0.09970043305360075 0.3061627507908825 -0.001736126867379049 -0.1678968228976108
6.288 0.09932577301928444 0.1376130146243854 0.1010607957738783 0.3054564466380165 -0.001735022754593833 -0.1678434320136311
6.29 0.1007347281347 0.1370410796675413 0.102468647829399 0.3048311547391797 -0.001733919694698966 -0.1677900750716384
6.292 0.1021871447719262 0.1365555340860388 0.1039199624582824 0.3042922861253185 -0.001732817686356195 -0.1677367520392797
6.294 0.1036783550290233 0.136161771001291 0.1054100717572526 0.3038452338855341 -0.001731716728229394 -0.1676834628842431
6.296 0.1052030032774807 0.1358650938980202 0.1069336200964653 0.303495301472278 -0.001730616818984555 -0.1676302075742578
6.298 0.1067550057326323 0.1356706326189871 0.1084845236899221 0.303247618696081 -0.00172951795728979 -0.1675769860770938
6.3 0.1083275187324664 0.1355832469238925 0.1100559388742818 0.3031070452844549 -0.001728420141815326 -0.1675237983605624
6.302 0.1099129185651591 0.1356074179573594 0.1116402419363925 0.3030780623498747 -0.001727323371233496 -0.1674706443925152
6.304 0.1115027959027363 0.1357471285574924 0.113229023546955 0.3031646526983374 -0.001726227644218738 -0.167417524140845
6.306 0.1130879680062921 0.136005734035443 0.1148131009657397 0.303370171608928 -0.001725132959447595 -0.1673644375734851
6.308 0.1146585118268025 0.1363858258530064 0.1163825511424012 0.3036972105114159 -0.001724039315598703 -0.1673113846584095
6.31 0.1162038208918437 0.1368890914906766 0.1179267676031965 0.3041474568543094 -0.001722946711352795 -0.1672583653636328
6.312 0.1177126884052594 0.1375161746889519 0.1194345435506521 0.304721554346162 -0.00172185514539269 -0.1672053796572101
6.314 0.1191734182637804 0.1382665411003414 0.1208941828801837 0.3054189686075784 -0.001720764616403296 -0.1671524275072371
6.316 0.1205739646985648 0.1391383551331352 0.1222936398216364 0.3062378640149847 -0.001719675123071599 -0.1670995088818495
6.318 0.1219020999894729 0.1401283743142232 0.1236206866535595 0.3071749980634469 -0.001718586664086664 -0.1670466237492237
6.32 0.1231456082118487 0.1412318677557411 0.1248631074499884 0.3082256398333174 -0.001717499238139629 -0.1669937720775763
6.322 0.1242925013282598 0.142442565192966 0.1260089141721835 0.3093835190281299 -0.001716412843923703 -0.1669409538351639
6.324 0.1253312522328914 0.1437526424994417 0.1270465797130256 0.3106408114897251 -0.001715327480134159 -0.1668881689902834
6.326 0.1262510377231169 0.145152748539274 0.1279652808685853 0.3119881660505458 -0.001714243145468332 -0.1668354175112718
6.328 0.1270419829607029 0.1466320766868297 0.1287551427993285 0.3134147760533357 -0.001713159838625615 -0.1667826993665061
6.33 0.1276953979488351 0.1481784823820272 0.1294074755071425 0.3149084969064302 -0.001712077558307456 -0.166730014524403
6.332 0.1282039960317237 0.1497786457989465 0.1299149923349411 0.3164560087523659 -0.00171099630321735 -0.1666773629534194
6.334 0.1285620845296866 0.1514182762399011 0.1302720006017475 0.3180430208619531 -0.001709916072060843 -0.166624744622052
6.336 0.1287657184120044 0.153082352418909 0.1304745552755499 0.3196545119177459 -0.001708836863545517 -0.1665721594988369
6.338 0.1288128093742472 0.1547553905768577 0.1305205680506282 0.321274998129208 -0.001707758676380998 -0.1665196075523503
6.34 0.128703184747977 0.1564217305797946 0.130409866257256 0.3228888193310024 -0.001706681509278945 -0.1664670887512079
6.342 0.128438593183292 0.1580658289657821 0.130144198544245 0.3244804320298469 -0.001705605360953045 -0.1664146030640648
6.344 0.1280226568101878 0.1596725474414938 0.1297271870403068 0.3260346979011097 -0.001704530230119015 -0.1663621504596159
6.346 0.1274607723748678 0.1612274256345528 0.1291642284903624 0.3275371565411481 -0.001703456115494594 -0.1663097309065953
6.348 0.1267599664301995 0.162716927951175 0.1284623494459991 0.3289742723249516 -0.00170238301579954 -0.1662573443737766
6.35 0.1259287118288291 0.1641286560660255 0.1276300227585847 0.3303336468959983 -0.001701310929755627 -0.1662049908299727
6.352 0.1249767143654886 0.165451520718833 0.1266769542215752 0.3316041909628688 -0.001700239856086638 -0.1661526702440358
6.354 0.1239146793480078 0.1666758689114537 0.1256138491415261 0.3327762514963108 -0.001699169793518369 -0.1661003825848571
6.356 0.1227540681225215 0.167793565077645 0.1244521688633001 0.3338416928990123 -0.001698100740778615 -0.1660481278213673
6.358 0.1215068541821843 0.1687980271388553 0.1232038868787815 0.334793933061391 -0.001697032696597173 -0.1659959059225357
6.36 0.1201852875490909 0.1696842204007766 0.1218812532087968 0.3356279372581477 -0.001695965659705837 -0.1659437168573711
6.362 0.1188016747727926 0.1704486138712994 0.120496574401631 0.3363401744662202 -0.001694899628838393 -0.1658915605949209
6.364 0.1173681802892925 0.171089104729019 0.1190620148920231 0.3369285418332904 -0.001693834602730617 -0.1658394371042714
6.366 0.1158966531826214 0.1716049173323406 0.1175894237627417 0.3373922636868887 -0.001692770580120268 -0.1657873463545481
6.368 0.1143984817223374 0.1719964833643367 0.1160901892820845 0.3377317716792515 -0.001691707559747089 -0.1657352883149148
6.37 0.1128844765224716 0.1722653095224871 0.1145751220628244 0.3379485724770613 -0.001690645540352799 -0.1656832629545743
6.372 0.1113647818551627 0.1724138386693086 0.1130543663758438 0.3380451089120765 -0.001689584520681091 -0.1656312702427679
6.374 0.1098488135993984 0.1724453096501314 0.111537338098876 0.3380246197989069 -0.001688524499477629 -0.1655793101487755
6.376 0.1083452215259897 0.1723636201461697 0.1100326870014797 0.3378910027880853 -0.001687465475490043 -0.1655273826419156
6.378 0.106861873103722 0.1721731960429522 0.1085482805511899 0.3376486837344975 -0.001686407447467927 -0.1654754876915452
6.38 0.1054058557329032 0.1718788699194097 0.107091206147066 0.3373024951864694 -0.001685350414162833 -0.1654236252670596
6.382 0.1039834942343353 0.1714857704493543 0.1056677886086635 0.3368575657872468 -0.001684294374328269 -0.1653717953378925
6.384 0.1026003805016084 0.1709992237862772 0.1042836198283281 0.3363192216597929 -0.001683239326719693 -0.1653199978735157
6.386 0.1012614124216635 0.1704246673919118 0.102943597691758 0.3356929002353514 -0.001682185270094515 -0.1652682328434395
6.388 0.09997083944426931 0.1697675762747536 0.1016519716474814 0.3349840764919659 -0.001681132203212085 -0.1652165002172123
6.39 0.09873231250110757 0.1690334012238063 0.1004123926259413 0.3341982011882268 -0.001680080124833698 -0.1651647999644205
6.392 0.09754893631328593 0.168227518345936 0.09922796534700851 0.3333406504006245 -0.001679029033722583 -0.1651131320546885
6.394 0.09642332246119167 0.1673551890300947 0.09810130138983558 0.3324166854877736 -0.001677978928643906 -0.1650614964576789
6.396 0.09535764190692692 0.1664215293531803 0.09703457171529167 0.3314314224962724 -0.001676929808364757 -0.1650098931430921
6.398 0.09435367594801465 0.1654314878960768 0.0960295576196688 0.3303898099767432 -0.00167588167165416 -0.1649583220806664
6.4 0.0934128648358819 0.1643898309404886 0.09508769935316495 0.3292966141806663 -0.001674834517283055 -0.1649067832401777
6.402 0.0925363535108219 0.1633011340544831 0.0942101418548462 0.3281564106459232 -0.001673788344024306 -0.1648552765914401
6.404 0.09172503408763501 0.1621697791367576 0.0933977772382877 0.3269735812410625 -0.001672743150652689 -0.1648038021043049
6.406 0.09097958487453088 0.1609999560675632 0.09265128381047577 0.3257523158162245 -0.001671698935944894 -0.1647523597486614
6.408 0.09030050582460637 0.1597956682001799 0.0919711615232859 0.324496617694616 -0.001670655698679518 -0.1647009494944361
6.41 0.08968815040835869 0.1585607410158174 0.09135776384599575 0.3232103123274109 -0.001669613437637064 -0.1646495713115935
6.412 0.0891427539607489 0.1572988333525811 0.09081132611234884 0.3218970585227163 -0.001668572151599936 -0.1645982251701352
6.414 0.08866445860062722 0.1560134507022055 0.09033199043997965 0.3205603617423058 -0.001667531839352435 -0.1645469110401003
6.416 0.08825333484769042 0.1547079601451349 0.08991982734737118 0.3192035890367 -0.001666492499680756 -0.1644956288915651
6.418 0.08790940007559513 0.1533856065639229 0.08957485420696812 0.3178299852585664 -0.001665454131372986 -0.1644443786946434
6.42 0.08763263394185913 0.1520495298356053 0.08929705067507823 0.3164426902550916 -0.001664416733219098 -0.1643931604194863
6.422 0.08742299092841542 0.1507027827558064 0.08908637123242637 0.315044756792088 -0.001663380304010947 -0.1643419740362816
6.424 0.08728041011315456 0.1493483494910018 0.08894275495569683 0.3136391690062564 -0.001662344842542271 -0.1642908195152546
6.426 0.08720482227390086 0.1479891643898904 0.08886613262150954 0.3122288612165581 -0.001661310347608683 -0.1642396968266677
6.428 0.08719615440379071 0.1466281310111638 0.08885643122179837 0.3108167369519837 -0.001660276818007669 -0.1641886059408199
6.43 0.08725433169200746 0.145268141243256 0.08891357594454603 0.3094056880713036 -0.001659244252538584 -0.1641375468280476
6.432 0.08737927699727162 0.1439120944014029 0.08903748964727427 0.3079986138601266 -0.001658212650002649 -0.1640865194587237
6.434 0.08757090781449695 0.1425629161894772 0.0892280898236999 0.3065984399927353 -0.00165718200920295 -0.1640355238032581
6.436 0.08782913070834378 0.1412235774082838 0.0894852830372882 0.3052081372403813 -0.001656152328944428 -0.1639845598320975
6.438 0.0881538331620926 0.139897112278116 0.08980895677012649 0.3038307397938412 -0.001655123608033883 -0.1639336275157252
6.44 0.08854487276719236 0.1385866362215517 0.09019896861247233 0.3024693630462128 -0.001654095845279965 -0.1638827268246611
6.442 0.08900206365921579 0.1372953629226341 0.09065513269870897 0.3011272206520961 -0.001653069039493174 -0.163831857729462
6.444 0.08952516009105305 0.1360266204403151 0.0911772032805389 0.2998076406410359 -0.001652043189485855 -0.1637810202007207
6.446 0.09011383702557831 0.1347838661074565 0.09176485531965049 0.2985140803165236 -0.001651018294072194 -0.1637302142090671
6.448 0.09076766762942651 0.1335706998920839 0.09241766198149472 0.2972501396172509 -0.001649994352068215 -0.163679439725167
6.45 0.09148609755929497 0.1323908758347359 0.09313506892158675 0.2960195725544587 -0.00164897136229178 -0.1636286967197228
6.452 0.09226841595466653 0.1312483111057079 0.09391636527822911 0.2948262962691811 -0.001647949323562579 -0.1635779851634732
6.454 0.09311372308875221 0.1301470921499326 0.09476065132345435 0.2936743971771258 -0.001646928234702133 -0.1635273050271933
6.456 0.09402089468630147 0.1290914773065061 0.09566680278083525 0.2925681335882001 -0.001645908094533784 -0.163476656281694
6.458 0.09498854299554517 0.1280858952077158 0.09663343189742787 0.2915119341055384 -0.001644888901882699 -0.1634260388978226
6.46 0.09601497480578548 0.1271349381820575 0.09765884546136135 0.2905103910285202 -0.001643870655575862 -0.1633754528464626
6.462 0.09709814673486523 0.1262433498126782 0.09874100008930731 0.2895682479112115 -0.001642853354442072 -0.1633248980985333
6.464 0.09823561827505978 0.1254160057429 0.09987745527237171 0.2886903803678901 -0.001641836997311936 -0.1632743746249901
6.466 0.09942450328345537 0.1246578867825514 0.1010653248664732 0.2878817691793755 -0.001640821583017873 -0.1632238823968241
6.468 0.1006614208337911 0.1239740433625095 0.1023012279441852 0.2871474647475721 -0.001639807110394105 -0.1631734213850627
6.47 0.1019424466096294 0.1233695504214125 0.1035812401879061 0.2864925419821812 -0.001638793578276656 -0.1631229915607686
6.472 0.10326306630843 0.1228494519009807 0.1049008472939333 0.2859220447960213 -0.001637780985503344 -0.1630725928950407
6.474 0.1046181328338527 0.1224186941885005 0.1062549021647665 0.2854409195475137 -0.001636769330913787 -0.1630222253590132
6.476 0.1060018293666634 0.1220820480899203 0.1076375879800127 0.2850539370137766 -0.001635758613349391 -0.1629718889238563
6.478 0.1074076407037291 0.1218440192571733 0.1090423895353824 0.2847656028179488 -0.001634748831653351 -0.1629215835607755
6.48 0.1088283355153086 0.1217087474374575 0.1104620754999792 0.2845800566784694 -0.001633739984670644 -0.1628713092410119
6.482 0.1102559623634299 0.1216798954637748 0.1118886944346779 0.2845009613996171 -0.001632732071248033 -0.1628210659358423
6.484 0.1116818624129331 0.1217605295608573 0.1133135875031671 0.2845313831774359 -0.001631725090234055 -0.1627708536165786
6.486 0.1130967017133748 0.1219529932837158 0.1147274207538538 0.284673665538284 -0.001630719040479022 -0.1627206722545683
6.488 0.1144905256962916 0.1222587782099337 0.1161202396171266 0.2849293000311277 -0.00162971392083502 -0.162670521821194
6.49 0.1158528380828259 0.1226783953292191 0.1174815478129818 0.2852987976170929 -0.001628709730155901 -0.1626204022878738
6.492 0.1171727057054943 0.1232112518574291 0.1188004121727916 0.2857815654834899 -0.001627706467297281 -0.1625703136260608
6.494 0.1184388898044524 0.1238555388765743 0.120065593935569 0.2863757946838177 -0.001626704131116542 -0.1625202558072434
6.496 0.119640003172469 0.1246081356865119 0.1212657058929418 0.2870783644894568 -0.001625702720472817 -0.1624702288029449
6.498 0.1207646911305244 0.1254645369637334 0.1223893933647514 0.2878847695484573 -0.001624702234227001 -0.1624202325847239
6.5 0.1218018327840729 0.1264188086794771 0.1234255354553147 0.2887890758036509 -0.001623702671241739 -0.1623702671241739
6.502 0.1227407574343468 0.1274635781708398 0.1243634614647282 0.289783910563763 -0.001622704030381422 -0.1623203323929232
6.504 0.1235714695215637 0.1285900627502118 0.1251931758320759 0.2908604911128468 -0.001621706310512189 -0.1622704283626349
6.506 0.1242848741970301 0.1297881397855867 0.125905583707532 0.2920086947905941 -0.001620709510501919 -0.1622205550050074
6.508 0.1248729947008238 0.1310464593381098 0.1264927083300441 0.2932171716298833 -0.001619713629220233 -0.1621707122917735
6.51 0.1253291722899236 0.1323525983042233 0.1269478909554621 0.2944734984989239 -0.001618718665538486 -0.1621209001947006
6.512 0.1256482396154501 0.1336932527243677 0.1272659642337798 0.2957643714099589 -0.001617724618329765 -0.1620711186855912
6.514 0.1258266592346877 0.1350544626671978 0.1274433907211565 0.2970758304034797 -0.001616731486468886 -0.1620213677362819
6.516 0.1258626203510926 0.1364218620723377 0.127478359619925 0.2983935093909821 -0.001615739268832395 -0.1619716473186444
6.518 0.1257560888250726 0.13778094432371 0.1273708367893712 0.2997029017282945 -0.001614747964298557 -0.1619219574045845
6.52 0.1255088078502979 0.1391173332850737 0.1271225654220453 0.3009896312511163 -0.001613757571747357 -0.1618722979660426
6.522 0.1251242492581484 0.1404170491631386 0.1267370173482089 0.302239718138132 -0.001612768090060499 -0.1618226689749934
6.524 0.1246075179838249 0.1416667589094902 0.1262192975019463 0.3034398293129364 -0.001611779518121398 -0.1617730704034462
6.526 0.123965214588615 0.1428540018945925 0.1255760064434301 0.3045775041180369 -0.001610791854815183 -0.1617235022234444
6.528 0.1232052626962952 0.1439673831835716 0.1248150677953239 0.3056413475906372 -0.001609805099028686 -0.1616739644070656
6.53 0.122336709626108 0.1449967287599037 0.1239455288757585 0.3066211856863253 -0.001608819249650446 -0.1616244569264217
6.532 0.1213695093101945 0.1459331992922076 0.1229773436157652 0.3075081790458663 -0.001607834305570701 -0.1615749797536587
6.534 0.1203142967550356 0.1467693613263075 0.121921147020717 0.3082948941872643 -0.001606850265681389 -0.1615255328609568
6.536 0.1191821628903757 0.1474992169300643 0.1207880300192519 0.3089753331505943 -0.00160586712887614 -0.16147611622053
6.538 0.1179844377412097 0.1481181946745759 0.11958932263526 0.3095449244792023 -0.001604884894050278 -0.1614267298046265
6.54 0.1167324885870769 0.1486231063002709 0.1183363921471777 0.3100004798857991 -0.001603903560100815 -0.1613773735855282
6.542 0.1154375382797346 0.1490120744376547 0.117040461405661 0.3103401219732059 -0.001602923125926449 -0.1613280475355512
6.544 0.1141105073151429 0.1492844373235277 0.1157124509055704 0.3105631889505728 -0.001601943590427557 -0.1612787516270451
6.546 0.1127618817213461 0.1494406366076725 0.1143628466738523 0.310670122440066 -0.001600964952506199 -0.1612294858323935
6.548 0.1114016074265255 0.1494820941442606 0.1130015946375916 0.3106623442682743 -0.00159998721106611 -0.1611802501240137
6.55 0.1100390105790279 0.1494110831845744 0.1116380209440406 0.3105421276589309 -0.001599010365012698 -0.1611310444743565
6.552 0.1086827423407908 0.1492305987174652 0.1102807767540438 0.3103124675733717 -0.001598034413253041 -0.1610818688559065
6.554 0.107340745977362 0.1489442309222197 0.1089378053320579 0.3099769541634015 -0.001597059354695883 -0.1610327232411818
6.556 0.1060202436120676 0.1485560448761099 0.1076163288003193 0.309539652478844 -0.001596085188251634 -0.1609836076027341
6.558 0.1047277397725239 0.1480704688537028 0.1063228516853563 0.3090049907668512 -0.001595111912832364 -0.1609345219131484
6.56 0.103469038800391 0.1474921928094524 0.1050631783277428 0.3083776589544955 -0.0015941395273518 -0.1608854661450432
6.562 0.1022492732808649 0.146826077977321 0.1038424413115902 0.3076625182483914 -0.001593168030725324 -0.1608364402710704
6.564 0.1010729408389413 0.1460770779663089 0.1026651382608113 0.3068645222302241 -0.001592197421869971 -0.1607874442639152
6.566 0.09994394690961911 0.1452501712834596 0.1015351746093235 0.3059886493797557 -0.001591227699704424 -0.1607384780962961
6.568 0.09886565138817209 0.1443503048727353 0.1004559102513211 0.3050398466137 -0.001590258863149012 -0.1606895417409647
6.57 0.0978409173802896 0.1433823480104261 0.09943020829141531 0.304022983181132 -0.001589290911125705 -0.1606406351707059
6.572 0.09687216058121857 0.1423510557335788 0.0984604844237767 0.3029428140919164 -0.001588323842558117 -0.1605917583583376
6.574 0.09596139810432103 0.1412610408834969 0.09754875576069252 0.3018039521602077 -0.001587357656371494 -0.1605429112767108
6.576 0.09511029584437948 0.1401167538084028 0.0966966881958722 0.3006108477071123 -0.001586392351492719 -0.1604940938987096
6.578 0.09432021369445216 0.1389224687748957 0.09590564162130247 0.2993677749721465 -0.001585427926850304 -0.1604453061972508
6.58 0.09359224813500186 0.1376822761752481 0.09517671251637624 0.2980788243205326 -0.00158446438137439 -0.1603965481452845
6.582 0.09292727188092507 0.1364000796771035 0.09451077359492181 0.2967478993928968 -0.001583501713996743 -0.1603478197157933
6.584 0.09232597040792552 0.1350795975358635 0.09390851033157627 0.2953787184176563 -0.001582539923650749 -0.1602991208817928
6.586 0.09178887528664581 0.1337243673708815 0.09337045429591723 0.2939748189872128 -0.001581579009271415 -0.1602504516163314
6.588 0.09131639433479655 0.1323377537899867 0.09289701330459191 0.2925395656824767 -0.001580618969795363 -0.16020181189249
6.59 0.09090883865761921 0.1309229583292815 0.09248849846178005 0.291076160012664 -0.001579659804160829 -0.1601532016833825
6.592 0.09056644668828531 0.1294830312532726 0.09214514819959296 0.2895876522154276 -0.001578701511307658 -0.160104620962155
6.594 0.09028940536585006 0.1280208848331138 0.09186714945602736 0.2880769545351004 -0.001577744090177302 -0.1600560697019866
6.596 0.09007786860191846 0.1265393077870838 0.09165465614163128 0.2865468556631723 -0.001576787539712819 -0.1600075478760885
6.598 0.0899319731903192 0.1250409806261097 0.09150780504917808 0.2850000360838144 -0.001575831858858867 -0.1599590554577046
6.6 0.08985185230943081 0.1235284916987446 0.09142672935599251 0.2834390841188559 -0.001574877046561702 -0.1599105924201113
6.602 0.08983764675583145 0.122004353774594 0.09141156985760063 0.2818665125112111 -0.001573923101769178 -0.1598621587366171
6.604 0.08988951403212561 0.1204710210423051 0.09146248405555635 0.2802847754228681 -0.001572970023430738 -0.159813754380563
6.606 0.09000763539234337 0.1189309064288709 0.09157965320284078 0.2786962857541931 -0.001572017810497419 -0.1597653793253222
6.608 0.09019222092618136 0.1173863991715868 0.0917632873881032 0.2771034327158871 -0.00157106646192184 -0.1597170335443003
6.61 0.09044351273913392 0.1158398825920297 0.09201362871579213 0.2755085996029644 -0.001570115976658208 -0.1596687170109347
6.612 0.09076178625998089 0.1142937520339005 0.0923309526136432 0.2739141817325957 -0.001569166353662309 -0.1596204296986952
6.614 0.09114734968049952 0.1127504329337523 0.09271556727239103 0.272322604514836 -0.00156821759189151 -0.1595721715810838
6.616 0.09160054150510122 0.1112123989947533 0.09316781119540597 0.2707363416263874 -0.001567269690304749 -0.1595239426316341
6.618 0.09212172616071711 0.1096821904294331 0.09368804880857964 0.2691579332533451 -0.001566322647862539 -0.1594757428239121
6.62 0.09271128758991597 0.1081624322277891 0.09427666405344293 0.2675900043593044 -0.001565376463526963 -0.1594275721315153
6.622 0.09336962072356678 0.1066558523910974 0.09493405185982845 0.2660352829191711 -0.001564431136261672 -0.1593794305280737
6.624 0.09409712070367736 0.1051653000497477 0.09566060736870924 0.2644966180369962 -0.001563486665031877 -0.1593313179872485
6.626 0.09489416970295392 0.1036937633549448 0.09645671275175827 0.2629769978376778 -0.001562543048804353 -0.159283234482733
6.628 0.09576112116619576 0.1022443869979966 0.09732272145274319 0.2614795669862488 -0.001561600286547434 -0.1592351799882522
6.63 0.09669828128074001 0.1008204891672997 0.09825893965797101 0.2600076436448625 -0.001560658377231007 -0.1591871544775628
6.632 0.09770588746994517 0.09942557770159716 0.09926560478977169 0.2585647356260501 -0.001559717319826515 -0.159139157924453
6.634 0.09878408369734076 0.09806336513739403 0.1003428608106477 0.2571545554401369 -0.001558777113306947 -0.1590911903027429
6.636 0.09993289237114827 0.0967377822790976 0.1014907301277951 0.2557810338653813 -0.001557837756646842 -0.1590432515862837
6.638 0.1011521826518542 0.0954529898423794 0.1027090819006765 0.2544483315913381 -0.001556899248822283 -0.1589953417489587
6.64 0.1024416349927327 0.09421338763425516 0.1039975965815436 0.2531608483989372 -0.001555961588810893 -0.158947460764682
6.642 0.1038007017876429 0.09302362063900427 0.1053557265632348 0.2519232292464038 -0.001555024775591835 -0.1588996086073995
6.644 0.1052285640656579 0.09188858127898389 0.1067826528738037 0.2507403665300723 -0.001554088808145808 -0.1588517852510884
6.646 0.1067240842628969 0.09081340701579932 0.108277237948352 0.2496173976855565 -0.001553153685455043 -0.1588039906697572
6.648 0.108285755222011 0.08980347235465302 0.1098379746285143 0.2485596971920986 -0.001552219406503304 -0.1587562248374456
6.65 0.1099116457232219 0.08886437421846841 0.1114629316934977 0.2475728619466929 -0.001551285970275879 -0.1587084877282245
6.652 0.1115993430421949 0.08800190957525431 0.1131496964179545 0.2466626888914504 -0.001550353375759583 -0.1586607793161961
6.654 0.1133458932615186 0.08722204414191065 0.1148953148834613 0.2458351437174043 -0.001549421621942755 -0.1586130995754936
6.656 0.1151477403354016 0.08653087096154971 0.1166962310432169 0.2450963194418311 -0.001548490707815248 -0.1585654484802814
6.658 0.1170006652213337 0.0859345576723882 0.1185482258537022 0.2444523836771429 -0.001547560632368437 -0.1585178260047548
6.66 0.1188997267426693 0.08543928137026963 0.1204463581372646 0.2439095134934096 -0.00154663139459521 -0.15847023212314
6.662 0.1208392062239051 0.08505115013034975 0.1223849092173951 0.2434738169400441 -0.001545702993489964 -0.1584226668096944
6.664 0.1228125583326579 0.08477611051329084 0.1243573337607065 0.243151240551997 -0.001544775428048605 -0.1583751300387062
6.666 0.1248123709478851 0.08461984075392098 0.1263562196451536 0.2429474625384152 -0.001543848697268546 -0.1583276217844942
6.668 0.126830337225137 0.08458762982859122 0.1283732600252857 0.2428677718499996 -0.001542922800148702 -0.1582801420214084
6.67 0.1288572433130882 0.0846842432290397 0.1303992410487777 0.242916933952869 -0.00154199773568949 -0.1582326907238293
6.672 0.1308829753485671 0.08491377703479214 0.1324240488514599 0.2430990449009602 -0.001541073502892824 -0.158185267866168
6.674 0.132896549373599 0.08527950276031604 0.1344366994743611 0.2434173761831826 -0.001540150100762111 -0.1581378734228666
6.676 0.1348861676296432 0.0857837064301499 0.1364253951579454 0.2438742137985473 -0.001539227528302252 -0.1580905073683974
6.678 0.1368393042441342 0.08642752636034248 0.1383776100286538 0.2444706960376062 -0.001538305784519638 -0.1580431696772637
6.68 0.1387428225943702 0.0872107951341366 0.1402802074627923 0.2452066554581357 -0.001537384868422146 -0.1579958603239991
6.682 0.1405831255922471 0.08813189217284395 0.1421195903712662 0.2460804714560114 -0.001536464779019138 -0.1579485792831674
6.684 0.1423463387792896 0.08918761402275407 0.1438818842946111 0.2470889405521175 -0.001535545515321458 -0.1579013265293634
6.686 0.1440185244861115 0.09037306990127708 0.145553151562453 0.248227171938489 -0.001534627076341426 -0.1578541020372119
6.688 0.1455859234606208 0.09168161006777958 0.1471196329217137 0.2494885158491477 -0.001533709461092842 -0.1578069057813681
6.69 0.1470352184086798 0.09310479411832578 0.1485680110772708 0.2508645318548434 -0.001532792668590978 -0.1577597377365176
6.692 0.1483538119589398 0.09463240528864647 0.1498856886567924 0.2523450031660225 -0.001531876697852577 -0.1577125978773761
6.694 0.1495301098271535 0.09625251527079301 0.1510610713750493 0.2539180014494826 -0.00153096154789585 -0.1576654861786896
6.696 0.1505537985919314 0.09795160194356009 0.1520838458096719 0.2555700045587943 -0.001530047217740475 -0.1576184026152342
6.698 0.1514161066748863 0.09971471988444619 0.1529452403812939 0.2572860670462623 -0.001529133706407592 -0.1575713471618161
6.7 0.1521100369845764 0.1015257207312293 0.1536382579974962 0.2590500405245011 -0.001528221012919801 -0.1575243197932718
6.702 0.1526305603235689 0.1033675176020432 0.1541578694598701 0.2608448380865108 -0.001527309136301163 -0.1574773204844675
6.704 0.1529747600893061 0.1052223851017909 0.1545011581648833 0.2626527343120905 -0.001526398075577189 -0.1574303492102996
6.706 0.1531419209598344 0.1070722841826138 0.1546674087896092 0.2644556901283081 -0.001525487829774847 -0.1573834059456942
6.708 0.1531335570014549 0.1088991995005649 0.1546581353993774 0.2662356901661725 -0.001524578397922554 -0.1573364906656076
6.71 0.1529533777567196 0.1106854760816144 0.1544770475357698 0.2679750794266401 -0.001523669779050175 -0.1572896033450257
6.712 0.1526071941126535 0.1124141421596944 0.1541299560848425 0.2696568861186588 -0.001522761972189018 -0.1572427439589644
6.714 0.1521027688406602 0.1140692059742952 0.153624623817032 0.2712651184567642 -0.001521854976371833 -0.157195912482469
6.716 0.1514496193895926 0.1156359160209911 0.1529705681802254 0.272785024911606 -0.001520948790632813 -0.1571491088906149
6.718 0.1506587825982 0.1171009765674482 0.1521788260122076 0.2742033097259552 -0.001520043414007585 -0.1571023331585071
6.72 0.1497425523377814 0.118452712961315 0.1512616911833146 0.275508298222595 -0.001519138845533214 -0.15705558526128
6.722 0.1487142016470224 0.1196811841213306 0.1502324367312706 0.2766900492954283 -0.001518235084248193 -0.1570088651740977
6.724 0.1475877007053246 0.1207782423831737 0.149105032834517 0.2777404152553277 -0.001517332129192447 -0.156962172872154
6.726 0.1463774411030557 0.1217375433642354 0.147893871082463 0.2786530516949073 -0.001516429979407326 -0.1569155083306719
6.728 0.1450979754528912 0.1225545105629224 0.1466135040868268 0.2794233820878266 -0.001515528633935608 -0.1568688715249042
6.73 0.1437637796188092 0.1232262609259916 0.1452784077106307 0.2800485233561242 -0.001514628091821489 -0.1568222624301326
6.732 0.1423890428954224 0.1237514985704909 0.143902771247533 0.2805271795921597 -0.001513728352110586 -0.1567756810216687
6.734 0.1409874895146855 0.1241303842562526 0.1425003189285354 0.2808595115311057 -0.001512829413849933 -0.1567291272748531
6.736 0.1395722330255673 0.1243643881343323 0.1410841643016553 0.281046989299388 -0.001511931276087978 -0.1566826011650557
6.738 0.1381556634841587 0.1244561328372272 0.1396666974220333 0.281092235504903 -0.00151103393787458 -0.1566361026676757
6.74 0.1367493660700768 0.1244092332313146 0.1382595034683378 0.2809988649894561 -0.001510137398261009 -0.1565896317581415
6.742 0.1353640687366738 0.1242281382248097 0.1368733103929738 0.2807713266367204 -0.00150924165629994 -0.1565431884119106
6.744 0.1340096158042758 0.1239179790105885 0.1355179625153213 0.2804147516150582 -0.001508346711045452 -0.1564967726044696
6.746 0.1326949639931631 0.1234844271017736 0.1342024165547161 0.2799348114131077 -0.001507452561553026 -0.1564503843113341
6.748 0.1314281972272026 0.1229335645505454 0.1329347564340822 0.2793375880585943 -0.001506559206879546 -0.1564040235080489
6.75 0.1302165565718929 0.1222717678696882 0.1317222232179762 0.2786294580398757 -0.001505666646083287 -0.1563576901701875
6.752 0.1290664818545647 0.1215056064274633 0.1305712567327886 0.2778169907008159 -0.001504774878223921 -0.1563113842733526
6.754 0.1279836618032335 0.1206417554705547 0.129487545705596 0.2769068612637302 -0.001503883902362513 -0.1562651057931755
6.756 0.1269730898926249 0.1196869234465553 0.1284760836101864 0.275905778151872 -0.001502993717561513 -0.1562188547053167
6.758 0.1260391234680928 0.1186477929383423 0.1275412277909775 0.2748204239238075 -0.001502104322884764 -0.1561726309854652
6.76 0.1251855441036749 0.1175309742743448 0.1266867598210724 0.2736574088836835 -0.001501215717397488 -0.1561264346093388
6.762 0.1244156175191289 0.1163429707242608 0.1259159454192952 0.2724232362769449 -0.001500327900166293 -0.1560802655526841
6.764 0.1237321517198381 0.1150901541123385 0.1252315925900972 0.271124277903615 -0.001499440870259162 -0.1560341237912765
6.766 0.1231375523246493 0.1137787496633393 0.1246361069513948 0.269766758964259 -0.00149855462674546 -0.1559880093009197
6.768 0.1226338743056717 0.1124148289238199 0.1241315434743676 0.2683567509812661 -0.001497669168695922 -0.1559419220574462
6.77 0.1222228695806742 0.1110043096604373 0.1237196540758569 0.2669001716971543 -0.00149678449518266 -0.155895862036717
6.772 0.1219060300743271 0.1095529617163667 0.1234019306796062 0.2654027909309884 -0.001495900605279151 -0.1558498292146217
6.774 0.1216846260018101 0.1080664178966202 0.1231796434998703 0.2638702414636983 -0.001495017498060242 -0.1558038235670781
6.776 0.1215597392316652 0.1065501890463231 0.1230538744042673 0.2623080341163559 -0.001494135172602144 -0.1557578450700328
6.778 0.1215322916582734 0.1050096825771521 0.1230255452862559 0.2607215762766124 -0.001493253627982432 -0.1557118936994603
6.78 0.1216030685622786 0.103450223781252 0.1230954414255586 0.2591161932126159 -0.001492372863280038 -0.155665969431364
6.782 0.1217727369642367 0.1018770793464492 0.123264229841812 0.2574971515882242 -0.001491492877575255 -0.1556200722417751
6.784 0.1220418589867101 0.1002954825493982 0.1235324726566598 0.2558696846561515 -0.00149061366994973 -0.1555742021067533
6.786 0.1224109002365633 0.0987106596520482 0.1239006354760497 0.2542390186544347 -0.001489735239486461 -0.1555283590023865
6.788 0.1228802332062293 0.09712785706117436 0.1243690907914991 0.2526103999659649 -0.001488857585269798 -0.1554825429047905
6.79 0.1234501356731715 0.09555236883003529 0.1249381163795569 0.2509891226201452 -0.001487980706385441 -0.1554367537901099
6.792 0.1241207840539489 0.09398956408421294 0.1256078886558694 0.2493805557187295 -0.001487104601920432 -0.1553909916345165
6.794 0.1248922416464065 0.09244491394089896 0.1263784709173696 0.2477901703551098 -0.001486229270963159 -0.1553452564142108
6.796 0.1257644416733138 0.09092401746213188 0.1272497963859172 0.246223565567553 -0.001485354712603351 -0.1552995481054211
6.798 0.1267371650269455 0.08943262613717917 0.1282216459528776 0.2446864928215827 -0.001484480925932073 -0.1552538666844036
6.8 0.1278100126098639 0.08797666632838391 0.1292936205199056 0.2431848784558263 -0.001483607910041729 -0.1552082121274424
6.802 0.1289823721762943 0.08656225903911982 0.1304651078403204 0.2417248434499695 -0.001482735664026055 -0.1551625844108497
6.804 0.1302533796054202 0.08519573627233468 0.1317352437924003 0.2403127197832999 -0.00148186418698012 -0.1551169835109652
6.806 0.1316218745869719 0.08388365314650326 0.1331028680649723 0.23895506255066 -0.001480993478000322 -0.1550714094041568
6.808 0.1330863507758469 0.08263279482472166 0.1345664743120313 0.2376586568915414 -0.001480123536184384 -0.1550258620668198
6.81 0.134644900581058 0.08145017719672137 0.1361241549416894 0.2364305186720987 -0.001479254360631356 -0.1549803414753774
6.812 0.1362951549009223 0.08034304013788174 0.1377735408513639 0.2352778877441621 -0.001478385950441607 -0.1549348476062804
6.814 0.1380342183056899 0.07931883206194687 0.1395117366104067 0.2342082124979543 -0.00147751830471683 -0.1548893804360074
6.816 0.139858600405192 0.07838518439444178 0.141335251827752 0.2332291243355061 -0.001476651422560033 -0.1548439399410643
6.818 0.1417641444260988 0.07754987453370574 0.1432399297291743 0.2323484006316907 -0.001475785303075538 -0.1547985260979849
6.82 0.1437459543615477 0.07682077585115446 0.1452208743069167 0.2315739147344847 -0.001474919945368983 -0.1547531388833302
6.822 0.1457983224428377 0.07620579332859276 0.147272377791385 0.2309135716022816 -0.001474055348547314 -0.1547077782736888
6.824 0.1479146591129878 0.07571278355743907 0.1493878506247066 0.230375227803116 -0.001473191511718786 -0.1546624442456769
6.826 0.1500874281421186 0.07534945805350574 0.1515597565761116 0.2299665948294436 -0.001472328433992962 -0.1546171367759378
6.828 0.152308089996281 0.07512326919185533 0.1537795561107617 0.2296951250329976 -0.001471466114480705 -0.1545718558411423
6.83 0.1545670570277808 0.07504127855827297 0.156037661580075 0.2295678799762615 -0.001470604552294181 -0.1545266014179886
6.832 0.1568536644603451 0.07511000816155436 0.1583234082068919 0.2295913816447563 -0.001469743746546857 -0.1544813734832019
6.834 0.1591561614515256 0.07533527576104118 0.1606250451478791 0.2297714477745761 -0.001468883696353493 -0.154436172013535
6.836 0.1614617266766996 0.07572201653209562 0.1629297510775298 0.2301130135178632 -0.001468024400830148 -0.1543909969857676
6.838 0.1637565128352013 0.0762740943991711 0.1652236786942955 0.2306199427758777 -0.001467165859094169 -0.1543458483767066
6.84 0.1660257241704114 0.07699410757294972 0.1674920322406756 0.231294833736136 -0.001466308070264197 -0.1543007261631862
6.842 0.1682537304690549 0.0778831940745798 0.1697191815025151 0.2321388243966473 -0.001465451033460156 -0.1542556303220675
6.844 0.1704242200171304 0.07894084423341169 0.1718888147649336 0.2331514050636504 -0.001464594747803261 -0.1542105608302387
6.846 0.1725203926200831 0.08016472820011378 0.1739841318324991 0.2343302458647287 -0.001463739212416006 -0.1541655176646149
6.848 0.1745251920534933 0.08155054730494268 0.1759880764799154 0.2356710481070811 -0.001462884426422166 -0.1541205008021384
6.85 0.1764215752451589 0.08309191848336128 0.1778836056341057 0.2371674287031393 -0.001462030388946799 -0.154075510219778
6.852 0.1781928131929267 0.08478030086623828 0.1796539902920429 0.2388108467607681 -0.001461177099116234 -0.1540305458945298
6.854 0.179822816234607 0.08660497289081884 0.1812831407906651 0.2405905806942354 -0.001460324556058079 -0.1539856078034166
6.856 0.1812964739851115 0.08855306687121234 0.1827559467440127 0.2424937627947001 -0.001459472758901212 -0.1539406959234878
6.858 0.1825999982492235 0.09060966586995178 0.1840586199559993 0.2445054761017716 -0.001458621706775779 -0.1538958102318199
6.86 0.1837212557237412 0.0927579650024935 0.1851790271225544 0.2466089157080093 -0.001457771398813196 -0.1538509507055158
6.862 0.1846500765190432 0.09497949612432741 0.1861069983531893 0.2487856134460327 -0.001456921834146144 -0.1538061173217053
6.864 0.1853785246143234 0.09725441140626651 0.186834597626232 0.2510157214638112 -0.001456073011908568 -0.1537613100575447
6.866 0.1859011173988587 0.09956181786401216 0.1873563423300944 0.2532783467542293 -0.00145522493123567 -0.1537165288902171
6.868 0.1862149834391932 0.1018801517654375 0.1876693610304571 0.2555519255623695 -0.001454377591263916 -0.153671773796932
6.87 0.1863199504460577 0.1041875792811272 0.1877734814371887 0.2578146240360526 -0.001453530991131026 -0.1536270447549254
6.872 0.1862185588977076 0.1064624080181421 0.1876712440276836 0.2600447497596021 -0.001452685129975974 -0.1535823417414599
6.874 0.1859160006343481 0.1086834933540405 0.1873678406412871 0.2622211580878651 -0.001451840006938987 -0.1535376647338245
6.876 0.1854199856535037 0.1108306238411796 0.1868709812746652 0.2643236375505144 -0.001450995621161541 -0.1534930137093347
6.878 0.1847405439829697 0.1128848713454969 0.1861906959547561 0.2663332599908291 -0.001450151971786361 -0.1534483886453322
6.88 0.1838897725934561 0.1148288938788192 0.1853390816514135 0.2682326833980043 -0.001449309057957418 -0.1534037895191851
6.882 0.1828815396107741 0.1166471820551728 0.184330006489594 0.2700063983634607 -0.001448466878819924 -0.1533592163082879
6.884 0.1817311594595882 0.1183262434735905 0.1831787848931085 0.2716409124636519 -0.001447625433520335 -0.1533146689900613
6.886 0.1804550529796908 0.1198547228052459 0.1819018377008972 0.2731248703471981 -0.001446784721206345 -0.1532701475419522
6.888 0.1790704060580957 0.1212234586636042 0.1805163507991226 0.2744491106050377 -0.001445944741026885 -0.1532256519414336
6.89 0.1775948390498288 0.1224254812311284 0.179039944541961 0.2756066633971331 -0.00144510549213212 -0.1531811821660047
6.892 0.1760460974058099 0.1234559569379455 0.1774903643794833 0.2765926951311365 -0.001444266973673449 -0.153136738193191
6.894 0.1744417717018487 0.1243120881447756 0.1758852008866522 0.2774044081453194 -0.001443429184803502 -0.1530923200005438
6.896 0.1727990528806809 0.1249929767554407 0.174241645005357 0.2780409043210812 -0.001442592124676136 -0.1530479275656405
6.898 0.1711345261710943 0.1254994610141192 0.1725762819635408 0.2785030218802038 -0.001441755792446434 -0.1530035608660847
6.9 0.1694640049880466 0.1258339345173869 0.1709049251753173 0.2787931543968925 -0.001440920187270705 -0.1529592198795056
6.902 0.1678024042533033 0.1260001558071643 0.1692424895616098 0.2789150603907229 -0.001440085308306477 -0.1529149045835586
6.904 0.1661636510718927 0.1260030559344277 0.1676029022266052 0.2788736708903525 -0.001439251154712502 -0.1528706149559248
6.906 0.1645606295776792 0.1258485502194914 0.1659990473033279 0.2786749011938027 -0.001438417725648745 -0.1528263509743113
6.908 0.163005156009076 0.1255433591931112 0.1644427410293524 0.2783254718095621 -0.001437585020276391 -0.1527821126164509
6.91 0.1615079796588421 0.1250948424743832 0.1629447326965999 0.2778327423344855 -0.001436753037757836 -0.1527378998601023
6.912 0.1600788052085253 0.1245108481944624 0.161514726985782 0.2772045608775121 -0.001435921777256688 -0.1526937126830497
6.914 0.1587263320495906 0.123799579555297 0.1601614232875283 0.2764491306184002 -0.001435091237937765 -0.1526495510631031
6.916 0.1574583064519682 0.1229694792454679 0.1588925678709353 0.2755748942235662 -0.00143426141896709 -0.1526054149780983
6.918 0.1562815828118957 0.1220291317302087 0.1577150151314076 0.2745904361361053 -0.001433432319511894 -0.1525613044058966
6.92 0.1552021906464112 0.1209871828857379 0.1566347945851519 0.2735044022101227 -0.001432603938740609 -0.1525172193243848
6.922 0.1542254044638755 0.1198522760470358 0.1556571807396984 0.2723254357585112 -0.001431776275822869 -0.1524731597114754
6.924 0.1533558140980187 0.1186330032653708 0.1547867634279482 0.271062128810477 -0.001430949329929507 -0.1524291255451062
6.926 0.1525973935253274 0.1173378704061483 0.15402751662556 0.2697229872093891 -0.001430123100232552 -0.1523851168032408
6.928 0.1519535665781981 0.1159752746383365 0.1533828641641033 0.2683164081022045 -0.001429297585905227 -0.152341133463868
6.93 0.1514272683110257 0.1145534928537905 0.1528557410971476 0.2668506683587925 -0.001428472786121951 -0.1522971755050019
6.932 0.151021001069219 0.1130806795891771 0.1524486497692773 0.2653339224938593 -0.00142764870005833 -0.1522532429046822
6.934 0.1507368845528869 0.1115648730897078 0.1521637098797781 0.2637742087306817 -0.00142682532689116 -0.1522093356409739
6.936 0.1505766993601114 0.1100140082387559 0.1520027020259099 0.2621794619307231 -0.001426002665798423 -0.1521654536919672
6.938 0.1505419236434162 0.1084359351694262 0.1519671043593755 0.2605575322052036 -0.001425180715959287 -0.1521215970357774
6.94 0.1506337626230964 0.1068384424647073 0.1520581220996505 0.2589162081152527 -0.001424359476554099 -0.1520777656505454
6.942 0.1508531707783486 0.1052292839353091 0.152276709725113 0.2572632434497461 -0.001423538946764391 -0.152033959514437
6.944 0.1512008665875242 0.1036162080330206 0.152623585713297 0.2556063866386638 -0.001422719125772869 -0.1519901786056431
6.946 0.1516773397189186 0.1020069890088462 0.153099239731682 0.2539534119112262 -0.001421900012763418 -0.15194642290238
6.948 0.152282850589236 0.1004094589569885 0.1537039321961571 0.2523121513398773 -0.001421081606921095 -0.1519026923828888
6.95 0.1530174222141909 0.09883153989530516 0.154437686121623 0.2506905269207408 -0.001420263907432132 -0.1518589870254357
6.952 0.1538808242809483 0.09728127501992967 0.1553002711944322 0.2490965818282416 -0.001419446913483929 -0.1518153068083119
6.954 0.1548725493810687 0.09576685823591036 0.1562911800053338 0.2475385099457441 -0.001418630624265055 -0.1517716517098337
6.956 0.1559917813616748 0.09429666100709297 0.15740959640064 0.2460246827154351 -0.001417815038965244 -0.1517280217083422
6.958 0.1572373557881525 0.09287925548894163 0.1586543559449279 0.2445636722711449 -0.001417000156775397 -0.1516844167822033
6.96 0.1586077125705871 0.09152343280932437 0.1600238985474746 0.2431642697191323 -0.001416185976887574 -0.151640836909808
6.962 0.1601008408950767 0.09023821524880482 0.1615162133935717 0.2418354973183766 -0.001415372498494997 -0.1515972820695718
6.964 0.1617142167276682 0.08903286094780161 0.1631287764484602 0.2405866131877369 -0.001414559720792044 -0.1515537522399353
6.966 0.1634447333298169 0.08791685964099263 0.1648584809727911 0.2394271070403564 -0.001413747642974252 -0.1515102473993637
6.968 0.1652886254465497 0.08689991779853742 0.166701561710788 0.2383666853248844 -0.001412936264238311 -0.1514667675263469
6.97 0.1672413881085164 0.08599193145074138 0.1686535136922984 0.237415244050141 -0.001412125583782062 -0.1514233125993996
6.972 0.1692976913306367 0.0852029449028586 0.1707090069314411 0.2365828274999195 -0.001411315600804498 -0.1513798825970609
6.974 0.1714512923946497 0.08454309352807304 0.1728617987091554 0.2358795710259678 -0.001410506314505759 -0.1513364774978948
6.976 0.1736949478693167 0.08402252887965261 0.1751046455934038 0.2353156261601422 -0.00140969772408713 -0.1512930972804896
6.978 0.1760203280424384 0.08365132451241547 0.1774292178711894 0.2349010664358738 -0.001408889828751045 -0.1512497419234583
6.98 0.1784179369989603 0.08343936117411621 0.1798260196266613 0.2346457725795547 -0.001408082627701074 -0.1512064114054384
6.982 0.1808770421580901 0.08339619044492622 0.182284318278232 0.2345592961500181 -0.001407276120141933 -0.1511631057050919
6.984 0.1833856176462988 0.08353087649200638 0.1847920879515782 0.2346507012931115 -0.001406470305279472 -0.1511198248011051
6.986 0.1859303063896328 0.08385181638492364 0.1873359715719535 0.2349283850571123 -0.001405665182320679 -0.1510765686721887
6.988 0.1884964062051308 0.08436654039632074 0.1899012669556045 0.2353998776933986 -0.001404860750473678 -0.1510333372970779
6.99 0.1910678853928035 0.08508149488758335 0.1924719424017512 0.2360716255421154 -0.001404057008947723 -0.1509901306545321
6.992 0.1936274333058647 0.08600181172920771 0.1950306872628179 0.2369487604525428 -0.001403253956953201 -0.1509469487233351
6.994 0.1961565510360622 0.08713106968590803 0.1975590026297638 0.2380348611682029 -0.001402451593701625 -0.1509037914822949
6.996 0.1986356866232462 0.08847105473593775 0.2000373365416519 0.2393317136461814 -0.001401649918405637 -0.1508606589102436
6.998 0.2010444180299644 0.09002152779300723 0.2024452669602434 0.2408390787790451 -0.001400848930279003 -0.1508175509860379
7 0.203361685484001 0.09178000963230751 0.2047617341125376 0.2425544773208655 -0.00140004862853661 -0.150774467688558
7.002 0.2055660726901463 0.09374159384225786 0.2069653217025407 0.2444730028389667 -0.00139924901239447 -0.1507314089967088
7.004 0.2076361339011161 0.09589879917312066 0.2090345839821858 0.2465871740625398 -0.001398450081069709 -0.1506883748894191
7.006 0.2095507610252071 0.09824147258146626 0.2109484128589876 0.2488868379271079 -0.001397651833780575 -0.1506453653456416
7.008 0.2112895819990343 0.1007567534475227 0.2126864362687808 0.2513591337918759 -0.001396854269746427 -0.1506023803443532
7.01 0.2128333787838241 0.1034291077899172 0.2142294361720118 0.253988527654472 -0.00139605738818774 -0.1505594198645548
7.012 0.2141645108075475 0.1062404388071903 0.2155597719958736 0.2567569226924612 -0.0013952611883261 -0.1505164838852709
7.014 0.2152673277394793 0.1091702768082423 0.2166617934088635 0.2596438491937927 -0.0013944656693842 -0.1504735723855505
7.016 0.21612855440046 0.1121960477172164 0.2175222252310458 0.2626267330616823 -0.001393670830585844 -0.1504306853444659
7.018 0.2167376305826694 0.115293415105047 0.2181305072538254 0.2656812378461607 -0.001392876671155941 -0.1503878227411137
7.02 0.2170869896944701 0.1184366864298118 0.2184790728847906 0.2687816709844258 -0.0013920831903205 -0.150344984554614
7.022 0.217172262467926 0.121599270221503 0.2185635528552327 0.2719014409856138 -0.001391290387306637 -0.1503021707641108
7.024 0.2169923953560738 0.1247541676843275 0.2183828936174164 0.2750135490330994 -0.001390498261342564 -0.1502593813487719
7.026 0.2165496774720961 0.1278744799223123 0.2179393842837536 0.278091096210101 -0.001389706811657595 -0.1502166162877887
7.028 0.2158496746551732 0.1309339109464696 0.2172385906926553 0.281107786506846 -0.001388916037482138 -0.1501738755603763
7.03 0.2149010740984132 0.1339072469013842 0.2162892000364609 0.2840384060471577 -0.001388125938047693 -0.1501311591457735
7.032 0.2137154475395398 0.1367707935257873 0.2151027840521267 0.28685926054903 -0.001387336512586857 -0.1500884670232427
7.034 0.2123069449262182 0.1395027565774391 0.2136934926865515 0.2895485557495089 -0.001386547760333316 -0.1500457991720699
7.036 0.2106919334328823 0.1420835535426676 0.2120776931134041 0.292086709114232 -0.001385759680521843 -0.1500031555715644
7.038 0.2088885985415265 0.1444960490764637 0.2102735708139148 0.2944565852775231 -0.0013849722723883 -0.1499605362010594
7.04 0.2069165245440492 0.1467257109152463 0.2083007100792188 0.2966436519551575 -0.001384185535169635 -0.1499179410399112
7.042 0.2047962713342463 0.1487606871240007 0.2061796708023501 0.2986360571915006 -0.001383399468103876 -0.1498753700674999
7.044 0.2025489628906236 0.1505918091860027 0.2039315769610538 0.3004246324492314 -0.001382614070430134 -0.1498328232632287
7.046 0.2001959006334943 0.1522125284015278 0.2015777299748829 0.3020028290080522 -0.001381829341388601 -0.1497903006065244
7.048 0.197758212132588 0.1536187952079151 0.1991392574128086 0.303366597284752 -0.001381045280220545 -0.1497478020768369
7.05 0.1952565427107463 0.1548088923318434 0.1966368045969146 0.3045142199854831 -0.00138026188616831 -0.1497053276536398
7.052 0.1927107945757745 0.1557832331794265 0.1940902737342498 0.3054461104958559 -0.001379479158475314 -0.1496628773164294
7.054 0.1901399154104927 0.1565441366643431 0.1915186125068787 0.306164587709069 -0.001378697096386047 -0.1496204510447258
7.056 0.1875617360038679 0.1570955889079423 0.1889396517030139 0.3066736377260144 -0.001377915699146072 -0.1495780488180721
7.058 0.184992854596882 0.1574430010752944 0.1863699895628841 0.3069786716913288 -0.001377134966002017 -0.1495356706160344
7.06 0.1824485641799578 0.1575929711916392 0.1838249190761593 0.3070862876098415 -0.001376354896201579 -0.1494933164182023
7.062 0.1799428180030515 0.1575530562538972 0.181318393492045 0.3070040424580853 -0.001375575488993518 -0.1494509862041881
7.064 0.1774882280048553 0.1573315594270787 0.178863024748483 0.3067402393807062 -0.00137479674362766 -0.1494086799536276
7.066 0.1750960906725037 0.1569373356830352 0.1764701093318586 0.3063037333292145 -0.00137401865935489 -0.1493663976461793
7.068 0.1727764349353951 0.1563796179590619 0.1741496761708222 0.3057037572205868 -0.001373241235427154 -0.1493241392615249
7.07 0.1705380870049949 0.1556678648207257 0.1719105514760924 0.3049497696000948 -0.001372464471097453 -0.1492819047793691
7.072 0.1683887475281909 0.1548116297208379 0.1697604358938108 0.3040513239002773 -0.001371688365619848 -0.1492396941794394
7.074 0.1663350769646245 0.153820451251882 0.167705989882874 0.3030179586933684 -0.001370912918249451 -0.1491975074414864
7.076 0.1643827856801972 0.1527037632784043 0.1657529238084396 0.3018591078236877 -0.001370138128242428 -0.1491553445452834
7.078 0.1625367258312219 0.1514708234880375 0.1639060898260779 0.3005840289586641 -0.001369363994855995 -0.1491132054706266
7.08 0.1608009826678286 0.1501306586896078 0.162169573185177 0.2992017488869431 -0.001368590517348417 -0.1490710901973352
7.082 0.1591789633932917 0.1486920250888908 0.1605467810882707 0.2977210237941417 -0.001367817694979005 -0.149028998705251
7.084 0.1576734821671675 0.1471633817625929 0.1590405276941756 0.2961503127368314 -0.001367045527008118 -0.1489869309742385
7.086 0.1562868402282011 0.1455528756060878 0.1576531142408983 0.2944977625902729 -0.001366274012697154 -0.1489448869841851
7.088 0.1550209004386871 0.1438683361312828 0.1563864035899957 0.2927712028462837 -0.001365503151308558 -0.1489028667150009
7.09 0.1538771558177786 0.1421172786219524 0.1552418887598844 0.2909781487685708 -0.00136473294210581 -0.1488608701466184
7.092 0.1528567918410759 0.1403069143007856 0.1542207552254294 0.2891258115597785 -0.001363963384353432 -0.1488188972589929
7.094 0.1519607424443452 0.1384441663158276 0.1533239369216622 0.2872211143479302 -0.001363194477316981 -0.1487769480321025
7.096 0.1511897397868039 0.1365356905064851 0.1525521660070669 0.2852707129524326 -0.001362426220263049 -0.1487350224459476
7.098 0.1505443579094835 0.1345879000541479 0.1519060165219428 0.2832810205346989 -0.001361658612459258 -0.148693120480551
7.1 0.1500250504736773 0.1326069932568551 0.1513859421268516 0.2812582353728135 -0.001360891653174267 -0.1486512421159584
7.102 0.149632182788577 0.1305989837889323 0.1509923081302548 0.2792083711211699 -0.001360125341677759 -0.1486093873322377
7.104 0.1493660583403807 0.1285697329125398 0.1507254180176211 0.277137289022019 -0.001359359677240449 -0.1485675561094792
7.106 0.1492269400221354 0.1265249831988762 0.1505855346812694 0.2750507316266721 -0.001358594659134074 -0.1485257484277959
7.108 0.1492150662378397 0.1244703933921857 0.1505728965244711 0.2729543576595085 -0.001357830286631398 -0.1484839642673227
7.11 0.1493306620186524 0.1224115741085556 0.1506877285776586 0.270853777716773 -0.001357066559006207 -0.1484422036082174
7.112 0.1495739452464516 0.1203541241050797 0.1509302487219849 0.2687545905357393 -0.001356303475533307 -0.1484004664306596
7.114 0.1499451280324516 0.1183036668834452 0.1513006690679401 0.2666624195982968 -0.001355541035488523 -0.1483587527148516
7.116 0.150444413248063 0.1162658874044084 0.1517991924862117 0.264582949845426 -0.001354779238148699 -0.1483170624410176
7.118 0.1510719861537309 0.1142465686871391 0.1524260042365226 0.2625219642765433 -0.001354018082791694 -0.1482753955894043
7.12 0.1518280010205769 0.1122516280497854 0.1531812585892733 0.2604853801900657 -0.001353257568696379 -0.1482337521402803
7.122 0.1527125625914153 0.1102871527137167 0.1540650602865579 0.2584792847876534 -0.00135249769514264 -0.1481921320739366
7.124 0.1537257021840938 0.1083594344442446 0.1550774406455051 0.256509969814931 -0.001351738461411372 -0.1481505353706863
7.126 0.154867348203264 0.1064750028350419 0.1562183280700485 0.2545839648459063 -0.001350979866784478 -0.1481089620108644
7.128 0.156137290799729 0.1046406567602711 0.1574875127102738 0.2527080687350993 -0.00135022191054487 -0.1480674119748282
7.13 0.1575351404025148 0.1028634934187018 0.1588846049944913 0.2508893786616587 -0.001349464591976465 -0.1480258852429569
7.132 0.1590602798514244 0.1011509342776553 0.1604089877617886 0.2491353160733069 -0.001348707910364183 -0.1479843817956516
7.134 0.1607118098821527 0.09951074709115967 0.1620597617471466 0.2474536487044953 -0.001347951864993947 -0.1479429016133356
7.136 0.1624884877670129 0.09795106301852588 0.1638356842221656 0.2458525076949799 -0.001347196455152678 -0.1479014446764541
7.138 0.1643886589976256 0.09648038770899012 0.1657351006777539 0.244340398674464 -0.0013464416801283 -0.1478600109654739
7.14 0.1664101820189898 0.09510760504802274 0.1677558695581995 0.2429262055089068 -0.001345687539209729 -0.1478186004608841
7.142 0.168550346193644 0.0938419720879278 0.1698952802253309 0.2416191852311232 -0.00134493403168688 -0.1477772131431954
7.144 0.1708057833970338 0.09269310351730831 0.1721499645538845 0.2404289525102487 -0.001344181156850661 -0.1477358489929403
7.146 0.173172373928592 0.09167094387068978 0.174515802842585 0.2393654518613631 -0.00134342891399297 -0.1476945079906733
7.148 0.1756451477723121 0.09078572555568976 0.1769878250747188 0.2384389156726602 -0.001342677302406698 -0.1476531901169704
7.15 0.17821818265926 0.09004791069776116 0.1795601089806458 0.2376598060501907 -0.001341926321385723 -0.1476118953524295
7.152 0.1808845008743996 0.08946811479191816 0.1822256768446245 0.2370387384695882 -0.00134117597022491 -0.1475706236776701
7.154 0.1836359673060981 0.08905701023191095 0.1849763935543182 0.2365863853052443 -0.00134042624822011 -0.1475293750733333
7.156 0.1864631918481617 0.08882520798708082 0.1878028690028298 0.236313357507163 -0.001339677154668158 -0.1474881495200821
7.158 0.1893554399142124 0.08878311604372957 0.1906943686030793 0.2362300630423304 -0.001338928688866869 -0.1474469469986008
7.16 0.1923005554828983 0.08894077375036893 0.1936387363330133 0.2363465412399644 -0.001338180850115043 -0.1474057674895955
7.162 0.1952849017200418 0.08930766192955072 0.1966223353577542 0.2366722729033443 -0.001337433637712452 -0.1473646109737936
7.164 0.1982933247698889 0.08989248956149989 0.1996300118208487 0.2372159669934442 -0.001336687050959852 -0.1473234774319443
7.166 0.2013091467067033 0.0907029590136946 0.2026450877958623 0.2379853258585126 -0.001335941089158968 -0.147282366844818
7.168 0.2043141938156984 0.09174551317567586 0.2056493895673109 0.2389867923688827 -0.001335195751612506 -0.1472412791932068
7.17 0.2072888662494648 0.09302506942807004 0.2086233172870889 0.2402252838859941 -0.001334451037624137 -0.147200214457924
7.172 0.2102122545996239 0.09454474706977847 0.2115459615461225 0.2417039196895831 -0.001333706946498508 -0.1471591726198046
7.174 0.2130623079606447 0.09630559655735221 0.2143952714381859 0.2434237502170568 -0.001332963477541232 -0.1471181536597046
7.176 0.2158160565911718 0.09830634055494425 0.2171482772212307 0.2453834981134458 -0.001332220630058891 -0.1470771575585015
7.178 0.2184498902744637 0.1005431382017313 0.2197813686778227 0.2475793224988256 -0.001331478403359031 -0.1470361842970943
7.18 0.2209398909667119 0.1030093850055388 0.2222706277634621 0.2500046188619416 -0.001330736796750165 -0.1469952338564028
7.182 0.2232622153801905 0.1056955611906595 0.2245922111897323 0.252649867408028 -0.001329995809541765 -0.1469543062173685
7.184 0.2253935199173398 0.1085891409985451 0.226722775358384 0.255502542359499 -0.001329255441044266 -0.1469134013609539
7.186 0.2273114170570391 0.111674574232827 0.2286399327476082 0.2585470935009698 -0.001328515690569062 -0.1468725192681428
7.188 0.2289949491541188 0.1149333491862133 0.2303227257115473 0.2617650091061532 -0.001327776557428505 -0.1468316599199399
7.19 0.2304250629406795 0.1183441429988507 0.2317521009816154 0.265134966296222 -0.001327038040935902 -0.1467908232973714
7.192 0.2315850661117253 0.1218830615871538 0.2329113662521308 0.268633070968638 -0.001326300140405517 -0.1467500093814842
7.194 0.2324610465087001 0.1255239667655045 0.2337866093638526 0.2722331849188512 -0.001325562855152563 -0.1467092181533467
7.196 0.2330422347823385 0.1292388833694254 0.2343670609668317 0.2759073329634734 -0.001324826184493207 -0.1466684495940479
7.198 0.233321293118382 0.132998474456842 0.2346453832461266 0.2796261781415402 -0.001324090127744565 -0.1466277036846982
7.2 0.2332945156142869 0.136772568424932 0.2346178702985116 0.2833595488313607 -0.001323354684224703 -0.1465869804064286
7.202 0.2329619300320596 0.1405307185259987 0.2342845498853122 0.2870769982663902 -0.001322619853252631 -0.1465462797403915
7.204 0.2323272956244138 0.1442427731213272 0.2336491812585621 0.2907483747890869 -0.001321885634148304 -0.1465056016677598
7.206 0.2313979971428354 0.1478794342931957 0.2327191491690681 0.2943443804629232 -0.001321152026232623 -0.1464649461697274
7.208 0.2301848405385727 0.1514127832127887 0.2315052595674001 0.297837096440298 -0.001320419028827429 -0.1464243132275093
7.21 0.2287017608134284 0.1548167528587679 0.2300214474546839 0.301200455681109 -0.001319686641255503 -0.1463837028223411
7.212 0.2269654565745645 0.15806753207651 0.2282844114374051 0.3044106470119893 -0.001318954862840565 -0.1463431149354793
7.214 0.2249949688026988 0.1611438892350928 0.2263131924956061 0.3074464387832938 -0.001318223692907273 -0.146302549548201
7.216 0.2228112229920661 0.164027408481336 0.2241287161228473 0.3102894151231403 -0.00131749313078122 -0.1462620066418044
7.218 0.2204365541372832 0.1667026363986619 0.2217533173130722 0.3129241225962699 -0.001316763175788933 -0.146221486197608
7.22 0.2178942331273359 0.1691571413769511 0.2192102669545938 0.3153381295739025 -0.001316033827257873 -0.1461809881969514
7.222 0.2152080111655652 0.1713814918804007 0.2165233162500816 0.3175220045015953 -0.001315305084516429 -0.1461405126211946
7.224 0.2124016961380144 0.1733691628522818 0.2137162730849083 0.3194692223040001 -0.001314576946893921 -0.1461000594517183
7.226 0.2094987716997526 0.1751163816119914 0.2108126211134732 0.3211760102819152 -0.001313849413720599 -0.1460596286699238
7.228 0.2065220665329348 0.1766219257698412 0.2078351890172624 0.3226411460270742 -0.001313122484327635 -0.146019220257233
7.23 0.2034934780082875 0.177886885981412 0.2048058741663346 0.3238657201765002 -0.001312396158047128 -0.1459788341950882
7.232 0.2004337515540307 0.1789144059180331 0.2017454219882428 0.3248528763829857 -0.001311670434212102 -0.1459384704649526
7.234 0.1973623145431315 0.1797094108079345 0.198673259855288 0.325607539856244 -0.0013109453121565 -0.1458981290483095
7.236 0.1942971615279987 0.1802783344812871 0.1956073823192138 0.3261361444079499 -0.001310220791215186 -0.1458578099266628
7.238 0.191254786200357 0.1806288532019955 0.192564283071081 0.3264463662835324 -0.001309496870723943 -0.1458175130815369
7.24 0.1882501545114796 0.1807696328376918 0.189558928061499 0.3265468713321683 -0.001308773550019471 -0.1457772384944765
7.242 0.1852967128993352 0.1807100942276444 0.1866047637277746 0.3264470803746912 -0.001308050828439387 -0.1457369861470467
7.244 0.1824064254594616 0.1804602000448216 0.1837137541647838 0.3261569560656548 -0.001307328705322219 -0.1456967560208331
7.246 0.1795898340857274 0.1800302650708001 0.1808964412657348 0.3256868131682416 -0.00130660718000741 -0.1456565480974414
7.248 0.1768561360146823 0.1794307906421356 0.1781620222665176 0.3250471530006334 -0.001305886251835314 -0.1456163623584977
7.25 0.1742132737577307 0.1786723230927726 0.1755184396778779 0.3242485218784211 -0.001305165920147193 -0.1455761987856485
7.252 0.1716680330367474 0.1777653353019163 0.1729724792210326 0.3233013926624765 -0.00130444618428522 -0.1455360573605602
7.254 0.1692261449994856 0.1767201299416773 0.1705298720430781 0.322216068006597 -0.001303727043592471 -0.1454959380649197
7.256 0.1668923896406371 0.175546762678264 0.1681953981380501 0.321002603558698 -0.001303008497412929 -0.145455840880434
7.258 0.1646706979661796 0.1742549833859964 0.165972988511271 0.3196707491748266 -0.001302290545091481 -0.1454157657888303
7.26 0.1625642509944223 0.1728541933568419 0.1638658241803962 0.3182299061286977 -0.001301573185973915 -0.1453757127718557
7.262 0.1605755741756808 0.1713534165017362 0.1618764305950877 0.316689098313014 -0.001300856419406921 -0.1453356818112778
7.264 0.1587066262312961 0.16976128262015 0.1600067664760342 0.315056955509034 -0.001300140244738086 -0.145295672888884
7.266 0.1569588817622543 0.1680860209407147 0.1582583064235702 0.3133417069271964 -0.001299424661315897 -0.1452556859864816
7.268 0.155333407260935 0.1663354622903163 0.1566321169294247 0.3115511833762147 -0.001298709668489735 -0.1452157210858983
7.27 0.1538309303834551 0.1645170484191706 0.1551289256490649 0.3096928265881522 -0.001297995265609878 -0.1451757781689816
7.272 0.1524519025112831 0.1626378471845098 0.1537491839633106 0.3077737044021087 -0.001297281452027493 -0.1451358572175989
7.274 0.1511965547557974 0.1607045724672055 0.152493122982892 0.3058005306808431 -0.001296568227094644 -0.1450959582136376
7.276 0.1500649476460817 0.1587236078591646 0.151360803236246 0.3037796889981697 -0.001295855590164283 -0.145056081139005
7.278 0.1490570147950326 0.1567010333113664 0.1503521583356228 0.3017172592869947 -0.00129514354059025 -0.1450162259756283
7.28 0.1481726008669169 0.1546426540695443 0.1494670329446442 0.2996190467749988 -0.001294432077727272 -0.1449763927054545
7.282 0.1474114941770695 0.1525540313468986 0.1487052153780005 0.2974906126573491 -0.001293721200930964 -0.1449365813104505
7.284 0.1467734542454054 0.1504405142903253 0.1480664651549632 0.2953373060629282 -0.001293010909557824 -0.144896791772603
7.286 0.1462582346034006 0.1483072728878087 0.1475505358063659 0.2931642969617269 -0.001292301202965233 -0.1448570240739182
7.288 0.1458656011226163 0.1461593315413103 0.1471571932031278 0.2909766097377329 -0.001291592080511453 -0.1448172781964226
7.29 0.1455953460940735 0.1440016030923675 0.1468862296356291 0.2887791572145293 -0.001290883541555627 -0.1447775541221619
7.292 0.1454472982435606 0.1418389231364528 0.1467374738290184 0.2865767749696544 -0.001290175585457776 -0.1447378518332016
7.294 0.1454213288201798 0.1396760844985555 0.1467107970317586 0.2843742558101826 -0.0012894682115788 -0.1446981713116272
7.296 0.1455173538453508 0.1375178717671232 0.1468061152646313 0.2821763843066665 -0.001288761419280471 -0.1446585125395433
7.298 0.1457353325578624 0.1353690957956546 0.1470233877657878 0.2799879712947291 -0.001288055207925438 -0.1446188754990745
7.3 0.1460752620387079 0.1332346280823223 0.1473626116155851 0.2778138882546872 -0.001287349576877222 -0.1445792601723649
7.302 0.1465371679479833 0.131119434927891 0.1478238124734835 0.2756591014694691 -0.001286644525500216 -0.1445396665415782
7.304 0.1471210912560008 0.1290286112497228 0.1484070313091605 0.27352870583862 -0.001285940053159683 -0.1445000945888973
7.306 0.1478270708031407 0.1269674138959311 0.1491123069623625 0.2714279581924561 -0.001285236159221753 -0.144460544296525
7.308 0.1486551214789114 0.1249412942569469 0.1499396543219648 0.2693623099036303 -0.001284532843053424 -0.1444210156466834
7.31 0.1496052077717606 0.1229559299125312 0.1508890378757832 0.2673374385341453 -0.001283830104022561 -0.1443815086216142
7.312 0.1506772124094315 0.1210172549785637 0.1519603403509294 0.2653592781821419 -0.001283127941497891 -0.1443420232035782
7.314 0.1518708997873131 0.1191314887302944 0.1531533261421621 0.2634340481051503 -0.001282426354849006 -0.1443025593748559
7.316 0.1531858738721382 0.1173051619763416 0.1544675992155846 0.2615682790940886 -0.001281725343446358 -0.144263117117747
7.318 0.1546215302745061 0.1155451405398228 0.1559025551811674 0.2597688369543935 -0.001281024906661259 -0.1442236964145707
7.32 0.1561770022098591 0.1138586450706563 0.157457327253725 0.2580429423183215 -0.00128032504386588 -0.1441842972476653
7.322 0.1578511001188311 0.1122532662672678 0.1591307258732644 0.2563981858666564 -0.00127962575443325 -0.1441449195993885
7.324 0.1596422448003253 0.110736974427995 0.1609211718380625 0.2548425378801125 -0.001278927037737252 -0.1441055634521174
7.326 0.1615483940302104 0.1093181220867387 0.162826622923363 0.2533843508749869 -0.001278228893152625 -0.1440662287882482
7.328 0.1635669628018954 0.1080054383188348 0.1648444941219504 0.2520323539090309 -0.00127753132005496 -0.1440269155901961
7.33 0.1656947375396488 0.1068080131385732 0.1669715718574694 0.2507956369789692 -0.001276834317820701 -0.143987623840396
7.332 0.1679277849077223 0.1057352702599407 0.1692039227935495 0.2496836237812421 -0.001276137885827141 -0.1439483535213014
7.334 0.1702613561731666 0.1047969263700018 0.171536798196619 0.2487060309853872 -0.00127544202345242 -0.1439091046153854
7.336 0.1726897884828224 0.1040029349855995 0.1739645352128979 0.2478728120907394 -0.001274746730075531 -0.1438698771051399
7.338 0.1752064048850476 0.103363412949301 0.1764804568901239 0.2471940839223769 -0.001274052005076306 -0.1438306709730759
7.34 0.1778034154605455 0.1028885476927935 0.1790767733083809 0.2466800338945172 -0.001273357847835428 -0.1437914862017237
7.342 0.1804718225158771 0.1025884835807246 0.1817444867736115 0.2463408063543569 -0.001272664257734419 -0.1437523227736323
7.344 0.1832013334193814 0.1024731859734151 0.1844733046535371 0.2461863666447851 -0.001271971234155644 -0.14371318067137
7.346 0.185980285295481 0.1025522821403051 0.1872515640719633 0.2462263420178288 -0.001271278776482309 -0.1436740598775237
7.348 0.188795586403295 0.1028348788415938 0.1900661732873935 0.2464698392162936 -0.001270586884098461 -0.1436349603746999
7.35 0.1916326795586677 0.1033293572922031 0.1929025751150567 0.2469252394377264 -0.001269895556388981 -0.1435958821455232
7.352 0.1944755333537917 0.104043147336728 0.1957447381465313 0.2475999725093658 -0.001269204792739589 -0.1435568251726378
7.354 0.1973066671159463 0.1049824839885283 0.1985751817084832 0.2485002734272346 -0.001268514592536838 -0.1435177894387063
7.356 0.2001072154474583 0.1061521509908754 0.2013750404026264 0.2496309259172858 -0.001267824955168118 -0.1434787749264104
7.358 0.2028570377240632 0.1075552176874969 0.2041241736040849 0.2509949993059475 -0.001267135880021649 -0.1434397816184506
7.36 0.2055348770287947 0.1091927771593894 0.2068013243952812 0.2525935866569355 -0.00126644736648648 -0.1434008094975461
7.362 0.2081185716087118 0.1110636951789686 0.2093843310226643 0.2544255537254035 -0.001265759413952495 -0.1433618585464349
7.364 0.2105853200390126 0.1131643809079689 0.211850392060823 0.2564873096558428 -0.001265072021810403 -0.1433229287478739
7.366 0.2129119988839714 0.1154885912593798 0.2141763840734231 0.2587726113440182 -0.001264385189451737 -0.1432840200846384
7.368 0.2150755288280859 0.1180272812849233 0.2163392277443548 0.261272413824446 -0.001263698916268862 -0.1432451325395227
7.37 0.2170532821465954 0.1207685126770904 0.2183162953482504 0.2639747787724301 -0.001263013201654963 -0.1432062660953397
7.372 0.2188235211873117 0.1236974313627524 0.2200858492323158 0.2668648520976731 -0.001262328045004049 -0.1431674207349208
7.374 0.2203658544905731 0.1267963231414526 0.2216274979362841 0.2699249195825687 -0.00126164344571095 -0.1431285964411161
7.376 0.2216616945628639 0.1300447533934307 0.2229226539660352 0.273134546590225 -0.001260959403171316 -0.1430897931967943
7.378 0.2226946994324538 0.1334197931534291 0.2239549753492354 0.2764708041382719 -0.001260275916781619 -0.1430510109848428
7.38 0.2234511792134871 0.1368963295174848 0.2247107721994263 0.2799085793056522 -0.001259592985939144 -0.1430122497881673
7.382 0.2239204491872648 0.1404474537145473 0.2251793597973068 0.2834209633042395 -0.001258910610041994 -0.1429735095896923
7.384 0.2240951124764332 0.1440449155976568 0.2253533412649222 0.2869797059700172 -0.001258228788489088 -0.1429347903723604
7.386 0.2239712582156192 0.1476596291835245 0.2252288057362993 0.2905557213026576 -0.001257547520680158 -0.1428960921191331
7.388 0.2235485650549564 0.1512622105758156 0.2248054318609722 0.2941196253888056 -0.001256866806015748 -0.14285741481299
7.39 0.222830304590576 0.1548235274664751 0.2240864912344732 0.2976422859034045 -0.001256186643897213 -0.1428187584369293
7.392 0.2218232445210545 0.1583152386333804 0.2230787515547812 0.3010953616073481 -0.001255507033726718 -0.1427801229739676
7.394 0.2205374565507464 0.1617103025192768 0.2217922845256536 0.3044518109264166 -0.001254827974907234 -0.1427415084071398
7.396 0.2189860388663792 0.1649834360212363 0.2202401883332217 0.3076863507407355 -0.001254149466842543 -0.1427029147194992
7.398 0.2171847670199083 0.1681115078352471 0.2184382385288455 0.3107758497293644 -0.00125347150893723 -0.1426643418941173
7.4 0.2151516899696013 0.171073854775203 0.216404484070198 0.313699644689287 -0.001252794100596684 -0.1426257899140841
7.402 0.2129066896959559 0.1738525140432182 0.214158806937183 0.3164397728057258 -0.0012521172412271 -0.1425872587625076
7.404 0.210471023186586 0.1764323690713064 0.2117224641168214 0.3189811174938207 -0.001251440930235471 -0.1425487484225143
7.406 0.2078668647667811 0.1788012109170511 0.2091176299338107 0.3213114697942998 -0.001250765167029593 -0.1425102588772487
7.408 0.2051168649305952 0.1809497209790061 0.2063669548816132 0.3234215110888798 -0.001250089951018061 -0.1424717901098738
7.41 0.2022437392613019 0.1828713837900622 0.2034931545429121 0.3253047258936326 -0.001249415281610266 -0.1424333421035703
7.412 0.199269898008335 0.1845623407398707 0.2005186391665514 0.3269572555814084 -0.001248741158216399 -0.1423949148415376
7.414 0.1962171236923022 0.186021196757043 0.1974651912725496 0.3283777050640358 -0.001248067580247442 -0.1423565083069928
7.416 0.1931063009914934 0.1872487923128793 0.1943536955386086 0.3295669147960506 -0.001247394547115175 -0.1423181224831713
7.418 0.1899572003208276 0.1882479527150453 0.1912039223790598 0.3305277100683718 -0.001246722058232168 -0.1422797573533265
7.42 0.1867883140833983 0.1890232257014224 0.1880343641964101 0.3312646386021522 -0.001246050113011784 -0.1422414129007298
7.422 0.1836167426342075 0.1895806169908511 0.1848621213450757 0.3317837060995218 -0.001245378710868176 -0.1422030891086708
7.424 0.18045812556855 0.1899273318637137 0.1817028334197663 0.3320921178241706 -0.001244707851216285 -0.1421647859604569
7.426 0.1773266130113902 0.1900715291764463 0.178570650544862 0.33219803261586 -0.00124403753347184 -0.1421265034394136
7.428 0.1742348710897869 0.1900220925771009 0.1754782388468383 0.3321103341059852 -0.001243367757051357 -0.1420882415288843
7.43 0.1711941156473613 0.1897884221716093 0.1724368141687334 0.3318384223838396 -0.001242698521372137 -0.1420500002122304
7.432 0.1682141684280559 0.1893802485500222 0.1694561982539082 0.3313920280228533 -0.001242029825852263 -0.1420117794728311
7.434 0.1653035303401682 0.1888074699496746 0.1665448920100788 0.3307810492437581 -0.001241361669910604 -0.1419735792940835
7.436 0.1624694669380904 0.1880800124182293 0.1637101609910572 0.330015412077632 -0.001240694052966806 -0.1419353996594027
7.438 0.1597181018660449 0.1872077121370298 0.1609581288404862 0.3291049526892512 -0.0012400269744413 -0.1418972405522213
7.44 0.1570545146458568 0.1862002185568011 0.1582938750796121 0.3280593205127912 -0.00123936043375529 -0.1418591019559902
7.442 0.1544828398211051 0.1850669166592409 0.1557215342514359 0.3268879005134185 -0.001238694430330764 -0.1418209838541776
7.444 0.1520063650643728 0.1838168664620282 0.1532443940279633 0.3255997526922979 -0.00123802896359048 -0.1417828862302697
7.446 0.149627626395657 0.1824587578035023 0.150864990428615 0.3242035668712728 -0.001237364032957975 -0.1417448090677704
7.448 0.1473484991384633 0.1810008784510907 0.1485851987763208 0.3227076308012921 -0.001236699637857558 -0.1417067523502014
7.45 0.1451702836507116 0.1794510936504169 0.1464063194284259 0.3211198097115189 -0.001236035777714313 -0.141668716061102
7.452 0.1430937852117356 0.1778168353502982 0.1443291576636897 0.3194475355343272 -0.001235372451954091 -0.141630700184029
7.454 0.1411193877282076 0.1761050994860239 0.1423540973882111 0.3176978041885811 -0.001234709660003517 -0.1415927047025571
7.456 0.1392471211452808 0.1743224498656034 0.1404811685465708 0.315877179465882 -0.001234047401289982 -0.1415547296002786
7.458 0.1374767226226084 0.172475027371688 0.13871010829785 0.3139918022324912 -0.001233385675241648 -0.1415167748608032
7.46 0.1358076916639847 0.1705685633572286 0.1370404161452722 0.312047403824987 -0.001232724481287439 -0.1414788404677584
7.462 0.1342393394822371 0.1686083962715611 0.1354714033010941 0.31004932267635 -0.001232063818857047 -0.141440926404789
7.464 0.1327708329428765 0.1665994907007104 0.1340022366302575 0.3080025233562679 -0.001231403687380927 -0.1414030326555575
7.466 0.1314012334676409 0.164546458140184 0.1326319775539312 0.305911617343928 -0.001230744086290297 -0.1413651592037439
7.468 0.1301295312975526 0.1624535789396534 0.1313596163125697 0.3037808849726991 -0.001230085015017135 -0.1413273060330456
7.47 0.1289546755180966 0.1603248249654243 0.1301841019910908 0.3016142980926019 -0.001229426472994182 -0.1412894731271775
7.472 0.1278756002411215 0.158163882620009 0.1291043687007764 0.2994155430898809 -0.001228768459654935 -0.1412516604698719
7.474 0.1268912473219634 0.155974175939136 0.1281193582963971 0.2971880439840147 -0.001228110974433651 -0.1412138680448786
7.476 0.126000585968022 0.1537588895553121 0.1272280399847874 0.2949349853912767 -0.001227454016765342 -0.1411760958359646
7.478 0.1252026295691113 0.1515209913755367 0.1264294271551971 0.292659335202451 -0.001226797586085776 -0.1411383438269143
7.48 0.1244964500517817 0.1492632548703392 0.1257225917336132 0.2903638668718688 -0.001226141681831474 -0.1411006120015297
7.482 0.1238811900301797 0.1469882809119122 0.1251066763336195 0.2880511812555419 -0.001225486303439713 -0.1410629003436297
7.484 0.1233560729961056 0.1446985191328937 0.1245809044464541 0.2857237279699446 -0.001224831450348518 -0.1410252088370508
7.486 0.1229204117613469 0.1423962888053496 0.1241445888833436 0.2833838262709963 -0.001224177121996665 -0.1409875374656467
7.488 0.122573615336084 0.1400837992614606 0.1237971386539077 0.2810336854747488 -0.001223523317823683 -0.1409498862132882
7.49 0.122315194398715 0.1377631698951875 0.1235380644359849 0.2786754249590511 -0.001222870037269844 -0.1409122550638636
7.492 0.1221447654850112 0.1354364497984777 0.1233669827647874 0.2763110937997558 -0.001222217279776172 -0.1408746440012781
7.494 0.1220620539976247 0.1331056370957543 0.1232836190424091 0.2739426901052085 -0.001221565044784431 -0.1408370530094542
7.496 0.1220668961110355 0.1307726980481018 0.1232878094427727 0.2715721801204335 -0.001220913331737134 -0.1407994820723316
7.498 0.122159239621647 0.1284395860040244 0.1233795017617245 0.2692015171778915 -0.001220262140077536 -0.1407619311738671
7.5 0.1223391437677713 0.1261082602760662 0.1235587552370209 0.2668326605741008 -0.001219611469249634 -0.1407244002980346
7.502 0.1226067780195786 0.1237807050231179 0.1238257393382768 0.264467594451943 -0.001218961318698165 -0.1406868894288251
7.504 0.1229624198144509 0.1214589482170186 0.1241807315023195 0.2621083467672651 -0.001218311687868607 -0.1406493985502465
7.506 0.1234064511883694 0.1191450807679337 0.1246241137645766 0.2597570084142576 -0.001217662576207175 -0.1406119276463239
7.508 0.1239393542289212 0.1168412758767234 0.125156368212082 0.257415752577823 -0.001217013983160825 -0.1405744767010995
7.51 0.1245617052498442 0.1145498086742131 0.1257780711580214 0.2550868543728456 -0.001216365908177245 -0.1405370456986324
7.512 0.1252741675608633 0.1122730761950966 0.1264898859115682 0.2527727108180952 -0.00121571835070486 -0.1404996346229986
7.514 0.1260774826798044 0.110013617719118 0.1272925539899972 0.2504758611774089 -0.001215071310192829 -0.140462243458291
7.516 0.1269724598063688 0.1077741354934375 0.1281868845924599 0.2481990076820571 -0.001214424786091043 -0.1404248721886196
7.518 0.1279599633491 0.105557515826035 0.1291737421269501 0.2459450366241463 -0.001213778777850125 -0.1403875207981113
7.52 0.1290408982689153 0.1033668505109583 0.1302540315538367 0.2437170397818681 -0.001213133284921427 -0.1403501892709097
7.522 0.1302161929744806 0.1012054585112964 0.1314286812812376 0.2415183361024719 -0.001212488306757033 -0.1403128775911754
7.524 0.1314867794776859 0.09907690778291861 0.1326986233204957 0.2393524935260045 -0.001211843842809753 -0.1402755857430859
7.526 0.1328535704922242 0.09698503707139425 0.1340647703847573 0.2372233507822295 -0.001211199892533125 -0.1402383137108353
7.528 0.1343174331357062 0.09493397745489923 0.1355279895910876 0.2351350389335338 -0.001210556455381409 -0.1402010614786346
7.53 0.1358791588782307 0.09292817333534562 0.1370890724090403 0.2330920023660572 -0.001209913530809595 -0.1401638290307116
7.532 0.1375394293692855 0.09097240249838431 0.1387487004875589 0.2310990188496952 -0.001209271118273394 -0.1401266163513109
7.534 0.1392987777728578 0.08907179476957208 0.1405074069900871 0.2291612181942656 -0.001208629217229238 -0.1400894234246935
7.536 0.1411575452513954 0.08723184868724437 0.1423655330785297 0.227284098922382 -0.001207987827134282 -0.1400522502351376
7.538 0.1431158322661676 0.08545844549339329 0.144323179213614 0.2254735422603311 -0.001207346947446399 -0.1400150967669378
7.54 0.1451734444087057 0.08375785961267307 0.1463801509863298 0.2237358226170783 -0.001206706577624183 -0.1399779630044052
7.542 0.1473298325515419 0.08213676464689093 0.1485358992686689 0.2220776135787588 -0.001206066717126944 -0.1399408489318679
7.544 0.1495840272113072 0.08060223376171044 0.1507894545767219 0.2205059882953808 -0.00120542736541471 -0.1399037545336703
7.546 0.1519345671594573 0.0791617331876685 0.1531393556814055 0.2190284129818421 -0.001204788521948223 -0.1398666797941736
7.548 0.1543794225030187 0.07782310740431728 0.1555835726892076 0.2176527321020728 -0.001204150186188939 -0.1398296246977555
7.55 0.1569159126950964 0.07659455443352514 0.1581194250526955 0.2163871436623354 -0.001203512357599029 -0.1397925892288102
7.552 0.1595406202280843 0.07548458954656764 0.1607434952637257 0.2152401629183161 -0.001202875035641373 -0.1397555733717485
7.554 0.1622493011169689 0.074501995602969 0.1634515393367485 0.2142205727139665 -0.001202238219779565 -0.1397185771109975
7.556 0.1650367936960392 0.07365575820534237 0.1662383956055171 0.2133373586363436 -0.001201601909477909 -0.1396816004310012
7.558 0.1678969277293889 0.07295498389328486 0.1690978938335903 0.2125996272095045 -0.001200966104201412 -0.1396446433162196
7.56 0.1708224363656059 0.07240879973448403 0.1720227671690217 0.2120165054856135 -0.001200330803415796 -0.1396077057511295
7.562 0.1738048740381018 0.07202623292714208 0.1750045700446893 0.2115970206473659 -0.001199696006587483 -0.1395707877202239
7.564 0.1768345440018426 0.07181606943070901 0.1780336057150262 0.2113499586387212 -0.001199061713183605 -0.1395338892080122
7.566 0.1799004397736049 0.07178669121539485 0.1810988676962769 0.2112837014144151 -0.001198427922671996 -0.1394970101990203
7.568 0.1829902052654885 0.07194589248394462 0.1841879999000097 0.2114060431617349 -0.00119779463452119 -0.1394601506777903
7.57 0.1860901188160169 0.07230067618290045 0.1872872806642174 0.2117239868117813 -0.00119716184820043 -0.1394233106288808
7.572 0.189185106567397 0.07285703328206342 0.1903816361305766 0.2122435233189301 -0.001196529563179653 -0.1393864900368667
7.574 0.1922587906419934 0.07361970864016507 0.1934546884209229 0.2129693975265039 -0.001195897778929499 -0.1393496888863389
7.576 0.1952935772616544 0.07459195874903521 0.1964888437565757 0.2139048659109401 -0.001195266494921307 -0.1393129071619049
7.578 0.1982707892617742 0.07577530818834724 0.1994654249724013 0.2150514530365354 -0.001194635710627109 -0.1392761448481882
7.58 0.2011708463227091 0.0771693131313779 0.2023648517482287 0.2164087150612067 -0.00119400542551964 -0.1392394019298288
7.582 0.2039734946420454 0.07877134159507429 0.2051668702811178 0.2179740199865569 -0.001193375639072325 -0.1392026783914826
7.584 0.2066580857053228 0.0805763811787118 0.2078508320560821 0.2197423553965338 -0.001192746350759287 -0.139165974217822
7.586 0.2092039013318826 0.08257688562859644 0.210396018891938 0.2217061750221316 -0.001192117560055336 -0.1391292893935351
7.588 0.2115905193786876 0.08476267154779035 0.2127820086451236 0.223855295451117 -0.001191489266435982 -0.1390926239033267
7.59 0.2137982115393868 0.08712087580917965 0.2149890730087642 0.2261768535410968 -0.00119086146937742 -0.1390559777319172
7.592 0.2158083617924645 0.08963598264375783 0.216998595960821 0.2286553335078013 -0.001190234168356537 -0.1390193508640435
7.594 0.2176038914812919 0.09228992694377172 0.2187934988441428 0.2312726702282299 -0.001189607362850907 -0.1389827432844582
7.596 0.219169675018335 0.09506227710675144 0.2203586560706738 0.2340084320846818 -0.001188981052338793 -0.1389461549779303
7.598 0.2204929290506432 0.09793049690882358 0.2216812842869423 0.2368400828380683 -0.001188355236299146 -0.1389095859292448
7.6 0.2215635578093458 0.1008702816782181 0.2227512877235574 0.2397433178014204 -0.001187729914211599 -0.1388730361232023
7.602 0.2223744384177185 0.1038559597589578 0.223561543503275 0.2426924653035775 -0.00118710508555647 -0.1388365055446198
7.604 0.2229216321689576 0.1068609462712534 0.2241081129187724 0.2456609404495836 -0.001186480749814764 -0.1387999941783302
7.606 0.2232045111015043 0.1098582328482068 0.2243903680079725 0.2486217348573891 -0.001185856906468163 -0.1387635020091823
7.608 0.2232257933739528 0.1128208946759344 0.2244110269289518 0.2515479236979752 -0.001185233554999034 -0.1387270290220408
7.61 0.2229914856510983 0.1157225950205006 0.2241760963459887 0.2544131702222868 -0.001184610694890421 -0.1386905752017862
7.612 0.22251073557062 0.1185380676040674 0.2236947238962461 0.2571922081373826 -0.001183988325626049 -0.1386541405333152
7.614 0.2217956019626571 0.1212435586764763 0.2229789684093474 0.2598612836780164 -0.001183366446690321 -0.1386177250015401
7.616 0.2208607544680198 0.123817213269351 0.2220434995255881 0.26239854186074 -0.001182745057568315 -0.1385813285913891
7.618 0.2197231172465287 0.1262393936574184 0.2209052414042744 0.2647843449452246 -0.001182124157745787 -0.1385449512878062
7.62 0.2184014733923738 0.128492922152237 0.2195829771390829 0.2670015152279883 -0.001181503746709165 -0.1385085930757513
7.622 0.2169160474074172 0.1305632446539203 0.2180969312313628 0.2690354985941203 -0.001180883823945553 -0.1384722539402
7.624 0.2152880826742167 0.1324385155337266 0.2164683470631595 0.2708744493998703 -0.001180264388942726 -0.1384359338661437
7.626 0.2135394294688984 0.1341096081145947 0.2147190749100875 0.2725092409531842 -0.001179645441189132 -0.1383996328385895
7.628 0.2116921568808788 0.1355700580363439 0.2128711838610527 0.2739334088789042 -0.001179026980173888 -0.1383633508425603
7.63 0.2097681993236692 0.1368159490046406 0.210946608329056 0.2751430368677351 -0.001178409005386781 -0.1383270878630945
7.632 0.2077890453950338 0.1378457517869296 0.2089668369113521 0.276136595672176 -0.001177791516318267 -0.1382908438852464
7.634 0.2057754739172572 0.1386601278738046 0.2069526484297166 0.2769147467678904 -0.001177174512459468 -0.1382546188940858
7.636 0.2037473392603097 0.1392617090684474 0.2049238972536118 0.2774801219431457 -0.001176557993302172 -0.1382184128746983
7.638 0.2017234056678673 0.1396548635388134 0.2028993476262062 0.2778370893509984 -0.001175941958338836 -0.138182225812185
7.64 0.1997212283564235 0.1398454577231461 0.2008965547634861 0.2779915154148087 -0.001175326407062574 -0.1381460576916625
7.642 0.1977570776786657 0.1398406220740656 0.1989317890176329 0.2779505305723289 -0.00117471133896717 -0.1381099084982633
7.644 0.1958459016270874 0.139648527100578 0.1970199983806344 0.2777223053177131 -0.001174096753547067 -0.1380737782171351
7.646 0.1940013213619009 0.1392781746385343 0.1951748040121983 0.2773158414719756 -0.001173482650297369 -0.1380376668334412
7.648 0.192235654219427 0.1387392078373224 0.1934085232481409 0.2767407821696831 -0.00117286902871384 -0.1380015743323607
7.65 0.1905599587226454 0.1380417420563563 0.1917322146109383 0.2760072427554441 -0.001172255888292903 -0.1379655006990878
7.652 0.1889840964000078 0.1371962177549081 0.1901557396285394 0.2751256636737406 -0.00117164322853164 -0.1379294459188325
7.654 0.1875168056549935 0.1362132755481224 0.1886878367039213 0.2741066855249424 -0.00117103104892779 -0.1378934099768201
7.656 0.1861657834560205 0.1351036528890438 0.1873362028050002 0.272961045747335 -0.001170419348979745 -0.1378573928582912
7.658 0.1849377711836413 0.1338781013070289 0.1861075793118278 0.2716994958555309 -0.001169808128186555 -0.1378213945485021
7.66 0.1838386415410859 0.1325473227663169 0.1850078389271338 0.2703327377990412 -0.001169197386047921 -0.1377854150327243
7.662 0.1828734839764552 0.1311219234799004 0.1840420710985194 0.2688713777761451 -0.001168587122064201 -0.1377494542962447
7.664 0.1820466865600154 0.1296123833963453 0.1832146638957518 0.267325895720711 -0.001167977335736399 -0.1377135123243656
7.666 0.1813620126977117 0.1280290395461534 0.1825293807242779 0.265706628648558 -0.001167368026566176 -0.1376775891024047
7.668 0.1808226714364232 0.1263820814666256 0.181989430630479 0.2640237660823203 -0.001166759194055837 -0.1376416846156948
7.67 0.1804313804269205 0.1246815569986661 0.1815975312646289 0.2622873558482501 -0.00116615083770834 -0.1376057988495841
7.672 0.180190420860198 0.1229373868491712 0.1813559638172253 0.2605073186386074 -0.001165542957027288 -0.1375699317894362
7.674 0.1801016838869964 0.1211593864244432 0.1812666194385133 0.2586934698450729 -0.001164935551516931 -0.1375340834206297
7.676 0.1801667081749972 0.1193572935509609 0.1813310367956794 0.2568555472795196 -0.001164328620682167 -0.1374982537285587
7.678 0.1803867083612734 0.1175408008020862 0.1815504305253019 0.2550032435007185 -0.001163722164028536 -0.1374624426986323
7.68 0.1807625942265126 0.1157195912359309 0.1819257104075748 0.2531462415522059 -0.001163116181062223 -0.137426650316275
7.682 0.1812949804599983 0.1139033764147621 0.1824574911312884 0.2512942529816883 -0.001162510671290055 -0.1373908765669262
7.684 0.181984186908289 0.1121019356174046 0.1831460925425085 0.2494570570534453 -0.001161905634219501 -0.1373551214360407
7.686 0.1828302292133794 0.1103251551706677 0.183991530282738 0.247644540079756 -0.00116130106935867 -0.1373193849090883
7.688 0.1838327997556156 0.1085830668116818 0.1849934967318319 0.2458667337832357 -0.001160696976216312 -0.137283666971554
7.69 0.1849912388304338 0.1068858839507588 0.1861513321847356 0.2441338515596966 -0.001160093354301815 -0.1372479676089378
7.692 0.1863044960137637 0.1052440346343674 0.1874639862168889 0.2424563214411221 -0.001159490203125203 -0.1372122868067548
7.694 0.1877710817170421 0.1036681899111675 0.1889299692392393 0.2408448144617027 -0.001158887522197139 -0.1371766245505352
7.696 0.1893890090075014 0.1021692861842252 0.1905472943185303 0.2393102670100496 -0.001158285311028922 -0.1371409808258243
7.698 0.1911557258812683 0.1007585399941727 0.1923134094504008 0.237863895612355 -0.001157683569132483 -0.1371053556181823
7.7 0.1930680383351947 0.09944745352685427 0.1942251206312151 0.2365172024400387 -0.001157082296020388 -0.1370697489131844
7.702 0.1951220247968453 0.09824780898435781 0.1962785062880512 0.2352819696807786 -0.001156481491205836 -0.1370341606964207
7.704 0.1973129427488057 0.09717164981184279 0.1984688239030084 0.2341702407653394 -0.001155881154202658 -0.1369985909534966
7.706 0.1996351287315433 0.09623124664860364 0.2007904100160686 0.2331942863186356 -0.001155281284525315 -0.136963039670032
7.708 0.2020818933326016 0.09543904578958481 0.2032365752142905 0.2323665526212469 -0.001154681881688899 -0.1369275068316621
7.71 0.2046454132720662 0.09480759792482771 0.2057994962172753 0.2316995903488644 -0.001154082945209129 -0.1368919924240367
7.712 0.2073166232708304 0.09434946499603711 0.2084701077454327 0.2312059614288576 -0.001153484474602352 -0.1368564964328205
7.714 0.2100851110314989 0.09407710320006066 0.2112379975008845 0.2308981220437541 -0.001152886469385542 -0.1368210188436934
7.716 0.212939019353181 0.0940027205109043 0.2140913082822573 0.2307882801532541 -0.001152288929076301 -0.1367855596423498
7.718 0.2158649601123886 0.09413810761653604 0.2170166519655815 0.230888226431035 -0.001151691853192852 -0.136750118814499
7.72 0.2188479455343494 0.09449444190294942 0.2199990407756034 0.2312091382488146 -0.001151095241254047 -0.1367146963458652
7.722 0.2218713427971765 0.09508206508915618 0.2230218418899558 0.2317613573113435 -0.001150499092779354 -0.1366792922221873
7.724 0.2249168584891225 0.09591023633416723 0.2260667618964114 0.2325541427633862 -0.00114990340728887 -0.1366439064292189
7.726 0.2279645596986867 0.0969868640954549 0.22911386788299 0.2335954030481835 -0.001149308184303308 -0.1366085389527286
7.728 0.2309929384705969 0.09831822169004883 0.2321416518939409 0.2348914114685483 -0.001148713423344004 -0.1365731897784994
7.73 0.2339790259173376 0.09990865333741181 0.2351271450412705 0.2364465122297411 -0.001148119123932911 -0.1365378588923293
7.732 0.2368985613544369 0.1017602793586957 0.2380460866400295 0.2382628256387264 -0.001147525285592602 -0.1365025462800307
7.734 0.2397262203605657 0.1038727110457741 0.240873152268412 0.240339962973205 -0.001146931907846265 -0.1364672519274309
7.736 0.242435903616771 0.1062427873386445 0.2435822426069887 0.2426747631590163 -0.001146338990217706 -0.1364319758203719
7.738 0.2450010857647625 0.1088643466805571 0.2461468322969938 0.2452610646252671 -0.001145746532231345 -0.13639671794471
7.74 0.2473952204103803 0.1117280480620854 0.2485403749437925 0.2480895263484018 -0.001145154533412218 -0.1363614782863164
7.742 0.2495921939218199 0.1148212551320637 0.2507367569151058 0.2511475119631406 -0.001144562993285973 -0.1363262568310769
7.744 0.2515668170405433 0.1181279961911994 0.2527107889519222 0.2544190497560911 -0.001143971911378869 -0.1362910535648917
7.746 0.2532953398036517 0.1216290107969821 0.2544387210908695 0.2578848792706578 -0.00114338128721778 -0.1362558684736757
7.748 0.2547559721839027 0.1253018905847889 0.2558987633042329 0.2615225921281472 -0.001142791120330186 -0.1362207015433582
7.75 0.2559293905179056 0.1291213178444622 0.2570715919281498 0.2653068706043455 -0.001142201410244182 -0.1361855527598833
7.752 0.2567992085205882 0.1330594005897136 0.2579408206770767 0.2692098226989227 -0.001141612156488467 -0.1361504221092091
7.754 0.2573523917186178 0.1370860976333599 0.2584934150772102 0.2732014072106687 -0.001141023358592349 -0.1361153095773088
7.756 0.2575795956162976 0.1411697219351667 0.2587200306323833 0.2772499370853364 -0.001140435016085743 -0.1360802151501696
7.758 0.2574754108373126 0.1452775056644611 0.2586152579658118 0.2813226444782544 -0.001139847128499171 -0.1360451388137933
7.76 0.2570385027181497 0.1493762064565761 0.2581777624135134 0.2853862870107723 -0.001139259695363756 -0.1360100805541962
7.762 0.2562716380722526 0.1534327316228401 0.2574103107884638 0.2894077719802489 -0.001138672716211231 -0.1359750403574088
7.764 0.2551815976883949 0.1574147558665021 0.2563196838789688 0.2933547740759784 -0.001138086190573925 -0.1359400182094763
7.766 0.253778979091267 0.1612913084834438 0.2549164792092518 0.2971963225799018 -0.001137500117984775 -0.1359050140964579
7.768 0.2520778996808457 0.1650333080451477 0.253214814178823 0.3009033360495752 -0.001136914497977315 -0.1358700280044275
7.77 0.2500956151290795 0.1686140259680242 0.2512319444591652 0.3044490858874973 -0.001136329330085682 -0.135835059919473
7.772 0.2478520714955716 0.1720094648346988 0.2489878161094163 0.3078095746623958 -0.001135744613844609 -0.135800109827697
7.774 0.2453694117089835 0.1751986424325692 0.2465045720577729 0.3109638201477852 -0.001135160348789432 -0.1357651777152161
7.776 0.2426714577803758 0.1781637777616501 0.2438060343148319 0.3138940413298112 -0.00113457653445608 -0.1357302635681612
7.778 0.2397831894460592 0.1808903803110095 0.2409171826164402 0.3165857476836871 -0.001133993170381081 -0.1356953673726776
7.78 0.236730238077461 0.1833672483535295 0.2378636483335625 0.3190277374684543 -0.001133410256101556 -0.1356604891149247
7.782 0.2335384119268057 0.1855863856009364 0.234671239717961 0.3212120143820127 -0.001132827791155225 -0.1356256287810763
7.784 0.230233265424745 0.1875428481476521 0.2313655111998254 0.3231336345049723 -0.001132245775080398 -0.1355907863573202
7.786 0.2268397216332418 0.1892345351772775 0.2279713858406578 0.3247904970071361 -0.001131664207415979 -0.1355559618298586
7.788 0.2233817533789883 0.1906619374660583 0.2245128364666898 0.3261830926509658 -0.001131083087701463 -0.1355211551849076
7.79 0.2198821252874532 0.191827857423546 0.2210126277029301 0.3273142238322437 -0.001130502415476938 -0.1354863664086977
7.792 0.2163621960741584 0.1927371134367716 0.2174921182644415 0.328188708924245 -0.001129922190283081 -0.1354515954874734
7.794 0.2128417781303746 0.1933962398226738 0.2139711205420358 0.3288130822301672 -0.001129342411661158 -0.1354168424074934
7.796 0.2093390497029017 0.1938131919340964 0.2104678127820548 0.3291952990891266 -0.001128763079153023 -0.1353821071550303
7.798 0.2058705137958513 0.1939970640777703 0.2069986979881525 0.3293444537941414 -0.001128184192301118 -0.1353473897163711
7.8 0.2024509972658341 0.1939578260278102 0.2035786030164826 0.3292705161056267 -0.001127605750648471 -0.1353126900778165
7.802 0.1990936833640895 0.1937060821619852 0.2002207111178282 0.3289840903876668 -0.001127027753738696 -0.1352780082256816
7.804 0.1958101711103565 0.1932528556819293 0.1969366213114724 0.3284961998282246 -0.001126450201115991 -0.1352433441462953
7.806 0.1926105552766732 0.1926093990439517 0.1937364283689983 0.3278180968699522 -0.001125873092325139 -0.1352086978260005
7.808 0.1895035213296174 0.1917870306395734 0.1906288177565289 0.3269610998907276 -0.001125296426911504 -0.1351740692511542
7.81 0.1864964503555487 0.1907969969204533 0.1876211705599697 0.3259364553285806 -0.001124720204421033 -0.1351394584081272
7.812 0.183595529713874 0.1896503585430458 0.1847196741382742 0.3247552238263503 -0.001124144424400255 -0.1351048652833045
7.814 0.1808058658831244 0.18835789868775 0.1819294349695207 0.3234281885508348 -0.001123569086396278 -0.1350702898630849
7.816 0.178131596649828 0.1869300514551931 0.1792545908397848 0.3219657835890741 -0.001122994189956789 -0.135035732133881
7.818 0.1755760004176378 0.1853768481265742 0.1766984201522679 0.3203780402086937 -0.001122419734630055 -0.1350011920821195
7.82 0.1731416009716821 0.183707879066026 0.1742634466916471 0.3186745487602668 -0.001121845719964917 -0.1349666696942408
7.822 0.1708302665150196 0.1819322691134998 0.1719515386605304 0.3168644340701992 -0.001121272145510798 -0.1349321649566994
7.824 0.1686433021990592 0.1800586644426339 0.1697640012098769 0.3149563422985973 -0.001120699010817692 -0.1348976778559634
7.826 0.1665815357025219 0.178095229020327 0.1677016620179581 0.3129584373988419 -0.00112012631543617 -0.1348632083785149
7.828 0.1646453956798083 0.1760496489875858 0.1657649497387257 0.3108784054984355 -0.001119554058917377 -0.1348287565108497
7.83 0.1628349831060726 0.1739291434718273 0.1639539653468856 0.3087234657113048 -0.001118982240813031 -0.1347943222394774
7.832 0.161150135701573 0.1717404805305525 0.1622685465622484 0.306500386081474 -0.001118410860675421 -0.1347599055509215
7.834 0.1595904857300562 0.1694899971092615 0.1607083256481136 0.3042155035409805 -0.001117839918057409 -0.1347255064317191
7.836 0.1581555115412859 0.1671836220669673 0.1592727809537983 0.3018747469353884 -0.001117269412512426 -0.1346911248684211
7.838 0.1568445832742578 0.1648269014793121 0.1579612826178523 0.2994836623269042 -0.001116699343594474 -0.1346567608475921
7.84 0.1556570031609322 0.1624250255708543 0.1567731328717903 0.2970474399266649 -0.001116129710858124 -0.1346224143558106
7.842 0.154592040874896 0.159982856753116 0.1557076013887545 0.2945709421327845 -0.001115560513858512 -0.1345880853796685
7.844 0.1536489643602809 0.1575049583547983 0.1547639561124322 0.2920587322605698 -0.001114991752151344 -0.1345537739057714
7.846 0.1528270665571006 0.1549956237263722 0.1539414899823935 0.289515103647111 -0.001114423425292891 -0.1345194799207388
7.848 0.1521256884120968 0.1524589054825558 0.1532395439449367 0.2869441088937594 -0.00111385553283999 -0.1344852034112037
7.85 0.1515442385321531 0.1498986447155876 0.1526575266065031 0.2843495890794001 -0.00111328807435004 -0.1344509443638125
7.852 0.1510822098019836 0.1473185000710944 0.1521949308513646 0.2817352028363199 -0.001112721049381006 -0.1344167027652255
7.854 0.1507391932500974 0.1447219766265035 0.1518513477075888 0.2791044552286202 -0.001112154457491416 -0.1343824786021166
7.856 0.1505148894081547 0.1421124545518473 0.151626477706395 0.2764607264130203 -0.001111588298240358 -0.134348271861173
7.858 0.1504091173696596 0.139493217565672 0.1515201399408471 0.2738073000947677 -0.00111102257118748 -0.1343140825290957
7.86 0.15042182171429 0.1368674812239914 0.151532278990183 0.2711473918165904 -0.001110457275892994 -0.134279910592599
7.862 0.1505530774247675 0.1342384210999224 0.1516629698366852 0.2684841771383333 -0.001109892411917668 -0.1342457560384109
7.864 0.1508030928839533 0.1316092009266001 0.1519124208627761 0.2658208197798729 -0.00110932797882283 -0.1342116188532728
7.866 0.1511722110005904 0.1289830007851219 0.1522809749767608 0.2631604998090616 -0.001108763976170364 -0.1341774990239397
7.868 0.1516609084729952 0.1263630454242819 0.1527691088765179 0.2605064419614618 -0.001108200403522712 -0.13414339653718
7.87 0.1522697931605907 0.1237526328000088 0.1533774304210336 0.2578619441797842 -0.001107637260442872 -0.1341093113797754
7.872 0.1529995994934769 0.1211551629181711 0.1541066740399712 0.2552304064566923 -0.001107074546494395 -0.1340752435385212
7.874 0.1538511818101032 0.1185741670559962 0.1549576940713445 0.2526153600562224 -0.001106512261241389 -0.1340411930002261
7.876 0.1548255054720915 0.1160133374245273 0.15593145587634 0.2500204971762395 -0.001105950404248513 -0.1340071597517122
7.878 0.155923635563835 0.1134765573152375 0.157029024538916 0.2474497010950523 -0.00110538897508098 -0.1339731437798148
7.88 0.1571467229422364 0.1109679317490278 0.1582515509155409 0.2449070768204105 -0.001104827973304553 -0.1339391450713827
7.882 0.1584959873591308 0.1084918186143557 0.1596002547576163 0.242396982227634 -0.001104267398485548 -0.1339051636132783
7.884 0.159972697336132 0.106052860240932 0.1610764045863228 0.2399240596333088 -0.001103707250190829 -0.1338711993923768
7.886 0.1615781464293349 0.1036560153063873 0.1626812939573227 0.2374932677019543 -0.001103147527987809 -0.1338372523955671
7.888 0.1633136254799544 0.1013065909142479 0.1644162137113988 0.235109913523999 -0.00110258823144445 -0.1338033226097511
7.89 0.165180390408767 0.09901027460981987 0.1662824197688963 0.2327796846316643 -0.001102029360129264 -0.1337694100218444
7.892 0.1671796250781075 0.09677316601580371 0.1682810959917188 0.2305086806345792 -0.001101470913611303 -0.1337355146187755
7.894 0.1693123987173155 0.09460180767039036 0.1704133116087756 0.2283034440578766 -0.001100912891460173 -0.1337016363874862
7.896 0.1715796173896918 0.092503214534192 0.1726799726829378 0.2261709898491236 -0.001100355293246018 -0.1336677753149316
7.898 0.1739819689740603 0.09048490149916108 0.1750817670925998 0.2241188328872411 -0.001099798118539529 -0.13363393138808
7.9 0.1765198611461878 0.08855490808125441 0.1776191025130997 0.2221550126751673 -0.001099241366911941 -0.1336001045939129
7.902 0.1791933518810849 0.08672181930808609 0.1802920369190199 0.220288114227511 -0.001098685037935031 -0.1335662949194249
7.904 0.1820020720619471 0.08499478162472351 0.1831002011931283 0.2185272839763473 -0.001098129131181116 -0.1335325023516238
7.906 0.1849451398822415 0.08338351243715594 0.1860427135284646 0.2168822393146865 -0.001097573646223057 -0.1334987268775306
7.908 0.1880210668738762 0.08189830169611784 0.1891180854565105 0.2153632701802971 -0.001097018582634251 -0.1334649684841793
7.91 0.1912276555939209 0.08055000370098164 0.1923241195339095 0.2139812308595988 -0.001096463939988636 -0.1334312271586172
7.912 0.194561889264475 0.07935001708232545 0.1956577989823357 0.2127475199702299 -0.001095909717860692 -0.1333975028879045
7.914 0.1980198139952996 0.07831025071357145 0.199115169911125 0.211674046372686 -0.001095355915825429 -0.1333637956591145
7.916 0.2015964146339266 0.07744307312317464 0.202691217167385 0.2107731785825084 -0.0010948025334584 -0.1333301054593338
7.918 0.2052854857890475 0.07676124284879202 0.2063797353593832 0.2100576751244537 -0.001094249570335692 -0.1332964322756617
7.92 0.2090795001649157 0.07627781711751866 0.2101731971909496 0.2095405932127294 -0.001093697026033926 -0.1332627760952107
7.922 0.2129694770236399 0.07600603628140329 0.2140626219237702 0.2092351731865096 -0.001093144900130259 -0.1332291369051063
7.924 0.2169448543492262 0.07595918161775203 0.2180374475414286 0.2091546963102391 -0.00109259319220238 -0.1331955146924871
7.926 0.2209933691058444 0.07615040445497068 0.222085411007673 0.2093123138994751 -0.001092041901828512 -0.1331619094445044
7.928 0.2251009508309736 0.07659252514426682 0.226192441859561 0.2097208462925896 -0.001091491028587409 -0.1331283211483228
7.93 0.229251634638108 0.07729780119996518 0.2303425752101663 0.2103925509910846 -0.001090940572058356 -0.1330947497911195
7.932 0.2334275004667296 0.0782776650047432 0.2345178909985507 0.211338860364828 -0.001090390531821169 -0.1330611953600848
7.934 0.2376086460321409 0.07954243283800008 0.2386984869395971 0.2125700906804221 -0.001089840907456192 -0.133027657842422
7.936 0.2417732013058151 0.08110098863367854 0.2428624930043594 0.2140951258590258 -0.001089291698544301 -0.1329941372253473
7.938 0.2458973923988792 0.08296044778218495 0.2469861353035461 0.2159210812782743 -0.001088742904666895 -0.1329606334960894
7.94 0.2499556623209645 0.08512580840079018 0.2510438568463704 0.2180529550426806 -0.001088194525405904 -0.1329271466418904
7.942 0.2539208551432658 0.08759959971169914 0.2550085017036096 0.220493276361704 -0.001087646560343782 -0.1328936766500049
7.944 0.2577644685273053 0.09038153935104187 0.2588515675363688 0.2232417628587423 -0.00108709900906351 -0.1328602235077004
7.946 0.2614569773386953 0.09346821340937356 0.2625435292098439 0.2262950006116309 -0.001086551871148594 -0.1328267872022573
7.948 0.2649682281477961 0.09685279456690338 0.2660542332939791 0.229646162287872 -0.00108600514618306 -0.1327933677209687
7.95 0.2682679008933964 0.1005248146100427 0.2693533597271478 0.2332847796611832 -0.001085458833751464 -0.1327599650511405
7.952 0.2713260299928786 0.1044700076770903 0.2724109429263175 0.2371965868571818 -0.001084912933438877 -0.1327265791800915
7.954 0.2741135729461535 0.1086702395875023 0.2751979403909844 0.2413634496826553 -0.001084367444830896 -0.132693210095153
7.956 0.2766030103038199 0.1131035364335227 0.2776868326713335 0.2457633942171919 -0.001083822367513638 -0.1326598577836692
7.958 0.2787689571084778 0.1177442222157561 0.2798522348095516 0.2503707444487532 -0.001083277701073739 -0.1326265222329971
7.96 0.2805887629592742 0.1225631707690503 0.2816714964043726 0.2551563741995566 -0.001082733445098355 -0.1325932034305062
7.962 0.2820430760619048 0.1275281717622703 0.2831252656610799 0.2600880731258491 -0.00108218959917516 -0.1325599013635788
7.964 0.2831163463165903 0.1326044045102454 0.2841979924794827 0.2651310205298552 -0.001081646162892346 -0.1325266160196099
7.966 0.2837972438566927 0.1377550071552863 0.2848783469925313 0.2702483545412933 -0.001081103135838621 -0.132493347386007
7.968 0.284078972521722 0.1429417229727653 0.2851595330393252 0.2754018184229556 -0.00108056051760321 -0.1324600954501904
7.97 0.283959462398074 0.1481256006550031 0.2850394807058498 0.280552460854596 -0.001080018307775852 -0.1324268601995929
7.972 0.2834414314810927 0.1532677218942176 0.2845209079870395 0.2856613635158777 -0.001079476505946802 -0.1323936416216601
7.974 0.282532313250547 0.1583299277668526 0.2836112483622538 0.2906903674707026 -0.001078935111706829 -0.13236043970385
7.976 0.2812440539571625 0.1632755155042861 0.2823224480818097 0.2956027699379193 -0.001078394124647212 -0.1323272544336333
7.978 0.2795927901073532 0.1680698792075215 0.280670643651713 0.3003639650060145 -0.001077853544359746 -0.1322940857984931
7.98 0.2775984224619987 0.1726810717279174 0.2786757358324354 0.3049420055138425 -0.001077313370436734 -0.1322609337859252
7.982 0.2752841073903801 0.1770802699336566 0.2763608809928511 0.3093080683170944 -0.001076773602470992 -0.1322277983834378
7.984 0.2726756893492435 0.1812421314366264 0.2737519235892993 0.3134368110151782 -0.001076234240055845 -0.1321946795785518
7.986 0.2698010994722486 0.1851450370429353 0.2708767947550337 0.3173066144017356 -0.001075695282785127 -0.1321615773588004
7.988 0.2666897448102406 0.1887712192040754 0.2677649015404938 0.3208997109158048 -0.001075156730253181 -0.1321284917117294
7.99 0.2633719108628276 0.1921067821410502 0.2644465294448824 0.3242022047659472 -0.001074618582054857 -0.132095422624897
7.992 0.25987819700027 0.1951416237594846 0.2609522778380555 0.3272039938453586 -0.001074080837785512 -0.132062370085874
7.994 0.2562390005628863 0.197869272769496 0.2573125440599274 0.3298986068517394 -0.001073543497041008 -0.1320293340822433
7.996 0.2524840612293164 0.2002866564976616 0.2535570677887341 0.3322829710992622 -0.001073006559417714 -0.1319963146016006
7.998 0.2486420730197119 0.2023938157759319 0.2497145430442244 0.3343571274074857 -0.001072470024512503 -0.1319633116315538
8 0.2447403673381926 0.204193583151299 0.2458123012301153 0.3361239083110222 -0.001071933891922751 -0.1319303251597232
8.002 0.2408046669796498 0.2056912396743741 0.2418760651408962 0.3375885948481156 -0.001071398161246338 -0.1318973551737415
8.004 0.2368589081649427 0.2068941639185701 0.2379297709970244 0.3387585655798239 -0.001070862832081647 -0.1318644016612538
8.006 0.232925125483106 0.2078114848802844 0.2339954533871336 0.3396429494902019 -0.001070327904027559 -0.1318314646099175
8.008 0.2290233931063267 0.2084537482180936 0.2300931864830101 0.3402522922254958 -0.001069793376683459 -0.1317985440074022
8.01 0.2251718147500868 0.2088326030787873 0.226241073999736 0.3405982429201773 -0.001069259249649232 -0.13176563984139
8.012 0.2213865544906608 0.2089605146631535 0.222455280013186 0.3406932667627287 -0.001068725522525261 -0.1317327520995752
8.014 0.2176819006253669 0.208850505797171 0.2187500928202793 0.3405503865668356 -0.001068192194912428 -0.1316998807696646
8.016 0.2140703551631782 0.2085159291503794 0.2151380144295904 0.3401829549897561 -0.001067659266412112 -0.1316670258393768
8.018 0.2105627421623472 0.2079702704070392 0.2116298688989734 0.3396044577034822 -0.00106712673662619 -0.131634187296443
8.02 0.207168328901667 0.2072269816467049 0.208234923506824 0.3388283467753117 -0.001066594605157037 -0.1316013651286067
8.022 0.2038949547091533 0.2062993434112088 0.2049610175807608 0.3378679027348322 -0.001066062871607519 -0.1315685593236234
8.024 0.2007491631168844 0.2052003533955843 0.2018146946524654 0.3367361232648451 -0.001065531535581001 -0.1315357698692608
8.026 0.1977363338228466 0.2039426393659241 0.1988013344195279 0.335445636119223 -0.001065000596681339 -0.1315029967532989
8.028 0.1948608116906012 0.202538393740985 0.1959252817451141 0.3340086337045148 -0.001064470054512885 -0.1314702399635298
8.03 0.192126030686621 0.2009993272400927 0.1931899705953015 0.3324368267278507 -0.001063939908680482 -0.131437499487758
8.032 0.1895346312362199 0.1993366390652163 0.1905980413950094 0.3307414143790161 -0.001063410158789465 -0.1314047753137998
8.034 0.1870885699705239 0.1975610012215619 0.1881514507749695 0.3289330686510456 -0.001062880804445661 -0.1313720674294837
8.036 0.1847892212407812 0.1956825547638176 0.1858515730860366 0.3270219305864681 -0.001062351845255386 -0.1313393758226505
8.038 0.182637470100485 0.1937109159655295 0.1836992933813104 0.3250176164466824 -0.001061823280825447 -0.1313067004811529
8.04 0.1806337967083525 0.1916551906318623 0.1816950918191156 0.3229292320247182 -0.001061295110763139 -0.1312740413928559
8.042 0.1787783522941545 0.1895239949987912 0.1798391196288307 0.3207653935444275 -0.001060767334676245 -0.1312413985456363
8.044 0.1770710269655778 0.1873254818775599 0.1781312669177508 0.318534253804943 -0.001060239952173036 -0.1312087719273831
8.046 0.1755115097251108 0.1850673709054137 0.1765712226879731 0.3162435324314111 -0.001059712962862271 -0.1311761615259974
8.048 0.1740993411206139 0.1827569819494704 0.1751585274869671 0.3139005492788626 -0.001059186366353192 -0.1311435673293922
8.05 0.1728339589776659 0.1804012708772884 0.1738926191399214 0.3115122602027808 -0.001058660162255529 -0.1311109893254925
8.052 0.1717147376632422 0.1780068670551728 0.1727728720134217 0.3090852945574082 -0.001058134350179496 -0.1310784275022354
8.054 0.1707410213135099 0.1755801120636085 0.1717986302432457 0.3066259939111785 -0.001057608929735789 -0.1310458818475699
8.056 0.1699121514276719 0.1731270992281723 0.1709692353282075 0.3041404515776294 -0.00105708390053559 -0.1310133523494571
8.058 0.1692274891887273 0.1706537136557824 0.1702840484509179 0.3016345526516522 -0.001056559262190561 -0.1309808389958698
8.06 0.1686864328235972 0.1681656725409746 0.16974246783791 0.2991140143157675 -0.001056035014312846 -0.1309483417747929
8.062 0.1682884302610328 0.1656685655653863 0.1693439414175479 0.2965844262396095 -0.001055511156515072 -0.1309158606742232
8.064 0.1680329872884167 0.1631678952578617 0.169087974976827 0.2940512909400312 -0.001054987688410344 -0.1308833956821694
8.066 0.1679196713490966 0.1606691172129223 0.1689741359587089 0.2915200639995745 -0.001054464609612247 -0.1308509467866522
8.068 0.1679481110613354 0.1581776800819431 0.1690020529810702 0.2889961940576469 -0.001053941919734847 -0.1308185139757038
8.07 0.1681179914793537 0.1556990652554341 0.1691714110977464 0.2864851624928028 -0.001053419618392685 -0.1307860972373687
8.072 0.1684290450572878 0.1532388261464046 0.1694819427624886 0.2839925227061077 -0.00105289770520078 -0.1307536965597031
8.074 0.1688810382188026 0.1508026269630206 0.1699334143985772 0.2815239388937953 -0.00105237617977463 -0.1307213119307748
8.076 0.1694737533798688 0.1483962808244115 0.170525608421599 0.2790852241630752 -0.001051855041730206 -0.1306889433386637
8.078 0.1702069662208973 0.1460257870258428 0.1712583005115812 0.2766823777973044 -0.001051334290683957 -0.1306565907714616
8.08 0.1710804179586657 0.1436973671970693 0.1721312318849185 0.2743216214143409 -0.001050813926252804 -0.1306242542172716
8.082 0.1720937823300784 0.1414175000210696 0.1731440762781326 0.2720094336852786 -0.001050293948054143 -0.130591933664209
8.084 0.1732466269711991 0.1391929540882566 0.1742964013269049 0.2697525831886574 -0.001049774355705845 -0.1305596291004008
8.086 0.1745383688593433 0.1370308183527097 0.1755876240081695 0.2675581588666953 -0.00104925514882625 -0.1305273405139856
8.088 0.1759682234867901 0.1349385295323848 0.1770169598138243 0.2654335974254985 -0.001048736327034173 -0.1304950678931137
8.09 0.1775351474562808 0.132923895654756 0.1785833653462297 0.2633867068807034 -0.001048217889948897 -0.1304628112259474
8.092 0.1792377742364003 0.1309951147931434 0.1802854740735905 0.2614256852938037 -0.001047699837190178 -0.1304305705006603
8.094 0.1810743428949809 0.1291607878696685 0.1821215250633591 0.2595591335751066 -0.001047182168378241 -0.1303983457054382
8.096 0.18304261974719 0.127429924222082 0.1840892846303238 0.25779606105056 -0.001046664883133778 -0.1303661368284779
8.098 0.1851398130200867 0.1258119384473883 0.1861859610011646 0.2561458823053768 -0.001046147981077952 -0.1303339438579885
8.1 0.1873624808540292 0.124316636853969 0.1884081123158615 0.2546184036361594 -0.001045631461832392 -0.1303017667821904
8.102 0.1897064332404213 0.1229541916857416 0.1907515485654405 0.2532237972750572 -0.001045115325019194 -0.1302696055893156
8.104 0.1921666288424667 0.1217351011392158 0.1932112284127276 0.2519725614068237 -0.001044599570260922 -0.1302374602676079
8.106 0.194737068064769 0.1206701330949063 0.1957811522619496 0.2508754639002288 -0.001044084197180602 -0.1302053308053225
8.108 0.1974106842300647 0.1197702504492154 0.1984542534354664 0.2499434676399418 -0.001043569205401729 -0.1301732171907264
8.11 0.2001792352861564 0.1190465159848106 0.2012222898807047 0.2491876353969087 -0.001043054594548259 -0.1301411194120981
8.112 0.2030331990931111 0.1185099748855257 0.2040757394573557 0.2486190123432531 -0.001042540364244611 -0.1301090374577274
8.114 0.2059616760134313 0.1181715133151289 0.207003702527547 0.248248484631045 -0.00104202651411567 -0.1300769713159161
8.116 0.2089523032211879 0.1180416919676362 0.2099938162649747 0.2480866129426134 -0.001041513043786781 -0.1300449209749772
8.118 0.2119911858207643 0.1181305541888137 0.213032185773648 0.2481434406120489 -0.001040999952883751 -0.1300128864232352
8.12 0.2150628504712564 0.1184474091855075 0.2161033377122892 0.2484282768345339 -0.001040487241032846 -0.1299808676490264
8.122 0.2181502276869557 0.1190005919930599 0.2191902025948165 0.248949456633758 -0.001039974907860795 -0.1299488646406981
8.124 0.2212346692512002 0.1197972032570718 0.222274132204195 0.2497140806436814 -0.001039462952994784 -0.1299168773866096
8.126 0.2242960071570096 0.1208428334781841 0.2253349585330721 0.2507277393533154 -0.001038951376062458 -0.1298849058751313
8.128 0.2273126600888778 0.1221412781144412 0.2283511002655698 0.2519942282090863 -0.001038440176691921 -0.1298529500946452
8.13 0.2302617926040502 0.1236942517510907 0.2312997219585619 0.2535152617846353 -0.001037929354511734 -0.1298210100335446
8.132 0.2331195307946482 0.1255011113147017 0.2341569497037991 0.2552901969949361 -0.001037418909150915 -0.1297890856802344
8.134 0.235861236281183 0.1275585998789354 0.2368981451214219 0.2573157769020662 -0.001036908840238935 -0.1297571770231307
8.136 0.2384618379100785 0.129860623809764 0.2394982370574842 0.2595859078604253 -0.001036399147405725 -0.1297252840506612
8.138 0.2408962175667003 0.1323980766424628 0.2419321073969819 0.2620914833937275 -0.001035889830281667 -0.1296934067512648
8.14 0.2431396432004913 0.1351587229929536 0.2441750240889889 0.2648202681063453 -0.0010353808884976 -0.1296615451133917
8.142 0.2451682386834225 0.1381271548317947 0.2462031110051073 0.2677568539572984 -0.001034872321684813 -0.1296296991255037
8.144 0.2469594767426084 0.1412848304948514 0.2479938408720835 0.2708826992709252 -0.001034364129475049 -0.1295978687760738
8.146 0.2484926782229797 0.1446102038572803 0.2495265345344802 0.2741762579108665 -0.001033856311500504 -0.1295660540535862
8.148 0.2497494986607884 0.1480789472406258 0.2507828475281823 0.2776132021871624 -0.001033348867393824 -0.1295342549465366
8.15 0.2507143818798666 0.1516642670488489 0.2517472236766546 0.2811667384922807 -0.001032841796788107 -0.1295024714434319
8.152 0.2513749602978099 0.1553373061369333 0.2524072953971268 0.2848080096697235 -0.001032335099316899 -0.1294707035327902
8.154 0.2517223829855063 0.1590676218827667 0.2527542117601205 0.2885065730859077 -0.001031828774614197 -0.1294389512031409
8.156 0.251751555270773 0.1628237242842039 0.2527828780930875 0.2922309387272287 -0.001031322822314445 -0.1294072144430248
8.158 0.251461277681585 0.1665736545635931 0.2524920949236376 0.295949147804587 -0.001030817242052537 -0.1293754932409938
8.16 0.2508542770117494 0.1702855820978048 0.2518845890452132 0.2996293696834159 -0.001030312033463813 -0.129343787585611
8.162 0.249937127874972 0.1739283962670133 0.250966935071156 0.303240493732464 -0.00102980719618406 -0.1293120974654507
8.164 0.2487200688322757 0.1774722701556644 0.2497493715621253 0.3067526930247629 -0.001029302729849511 -0.1292804228690986
8.166 0.247216722557249 0.1808891749079686 0.2482455211913458 0.3101379386931198 -0.001028798634096844 -0.1292487637851512
8.168 0.2454437341092514 0.1841533267501243 0.2464720290178146 0.3133704469523408 -0.001028294908563182 -0.1292171202022165
8.17 0.2434203448728794 0.1872415529301727 0.2444481364257655 0.3164270450390863 -0.001027791552886093 -0.1291854921089135
8.172 0.2411679218776529 0.1901335676931762 0.2421952104443565 0.3192874471870486 -0.001027288566703586 -0.1291538794938724
8.174 0.23870946296369 0.1928121544751442 0.2397362489133441 0.3219344368208787 -0.001026785949654116 -0.1291222823457345
8.176 0.2360690976742719 0.1952632553534651 0.2370953813756485 0.3243539560066172 -0.001026283701376576 -0.1290907006531521
8.178 0.2332716020203032 0.1974759730865444 0.2342973838418135 0.3265351074913332 -0.001025781821510305 -0.1290591344047888
8.18 0.2303419426422725 0.1994424945572585 0.2313672229519675 0.3284700781465776 -0.001025280309695079 -0.1290275835893192
8.182 0.2273048627012935 0.2011579469581624 0.2283296418668646 0.3301539951535912 -0.001024779165571117 -0.1289960481954289
8.184 0.2241845183749984 0.2026201995808611 0.2252087967637775 0.3315847277926757 -0.001024278388779075 -0.1289645282118146
8.186 0.2210041714001301 0.2038296246491692 0.2220279493790901 0.3327626482763532 -0.001023777978960049 -0.128933023627184
8.188 0.2177859399210835 0.2047888303880158 0.2188092178568391 0.3336903648182719 -0.001023277935755575 -0.1289015344302561
8.19 0.2145506071393229 0.2055023786127458 0.2155733853981305 0.3343724392225063 -0.001022778258807623 -0.1288700606097605
8.192 0.2113174850125728 0.2059764977407224 0.2123397639603314 0.3348150998951605 -0.001022278947758603 -0.1288386021544381
8.194 0.2081043285623554 0.2062188004516877 0.2091261085646067 0.3350259595047283 -0.001021780002251359 -0.1288071590530406
8.196 0.2049272952025844 0.2062380134186107 0.2059485766245135 0.3350137447129415 -0.001021281421929173 -0.1287757312943309
8.198 0.2018009428525941 0.2060437247326008 0.2028217260590298 0.3347880435996833 -0.001020783206435761 -0.1287443188670825
8.2 0.1987382603709409 0.2056461529568956 0.1997585457263561 0.334359074716976 -0.001020285355415271 -0.1287129217600804
8.202 0.1957507239589034 0.2050559402363731 0.1967705118274157 0.333737480198493 -0.001019787868512289 -0.1286815399621199
8.204 0.1928483735494596 0.2042839706009583 0.1938676642948314 0.3329341440629661 -0.001019290745371831 -0.1286501734620078
8.206 0.1900399037369305 0.203341213549768 0.1910586977225698 0.3319600357983294 -0.001018793985639348 -0.1286188222485614
8.208 0.1873327644457424 0.2022385921845063 0.1883510620347031 0.3308260784951153 -0.001018297588960719 -0.128587486310609
8.21 0.1847332672255745 0.2009868745591659 0.1857510687805568 0.3295430401961558 -0.001017801554982258 -0.1285561656369899
8.212 0.1822466937490498 0.1995965865032035 0.1832639996324005 0.3281214467197577 -0.001017305883350709 -0.1285248602165542
8.214 0.1798774037447485 0.1980779439279366 0.1808942143184618 0.3265715139660995 -0.001016810573713244 -0.1284935700381629
8.216 0.1776289402012627 0.1964408025110979 0.1786452558269802 0.3249030976017855 -0.001016315625717466 -0.1284622950906876
8.218 0.1755041302130936 0.1946946226426418 0.176519951252105 0.3231256580056529 -0.001015821039011404 -0.1284310353630111
8.22 0.1735051803019176 0.1928484475804866 0.1745205071151611 0.3212482384245133 -0.001015326813243521 -0.1283997908440268
8.222 0.1716337654356152 0.1909108928843704 0.1726485983836779 0.3192794544070093 -0.001014832948062701 -0.1283685615226389
8.224 0.1698911112867753 0.1888901453514753 0.1709054507298935 0.3172274927392378 -0.001014339443118259 -0.1283373473877625
8.226 0.1682780695264534 0.1867939698522697 0.1692919158245133 0.315100118280593 -0.001013846298059933 -0.1283061484283232
8.228 0.1667951861458264 0.1846297226482191 0.1678085396583643 0.312904687281477 -0.001013353512537891 -0.1282749646332579
8.23 0.1654427629454405 0.1824043699559355 0.1664556240316432 0.3106481659474493 -0.001012861086202721 -0.1282437959915137
8.232 0.1642209124356369 0.1801245106974994 0.1652332814543424 0.3083371531895481 -0.001012369018705438 -0.1282126424920487
8.234 0.1631296064605086 0.1777964025408079 0.1641414837702061 0.3059779066646396 -0.001011877309697482 -0.1281815041238318
8.236 0.1621687188976516 0.1754259904845278 0.1631801048564823 0.3035763713603701 -0.001011385958830712 -0.1281503808758423
8.238 0.1613380628020394 0.1730189373767618 0.1623489577677968 0.3011382101138323 -0.001010894965757415 -0.1281192727370705
8.24 0.1606374223602503 0.1705806558757198 0.1616478266903806 0.2986688355722371 -0.001010404330130294 -0.1280881796965173
8.242 0.1600665800050008 0.1681163414646354 0.1610764940566033 0.2961734432078296 -0.001009914051602478 -0.1280571017431942
8.244 0.1596253390122706 0.1656310062212946 0.1606347631420981 0.2936570450874181 -0.001009424129827514 -0.1280260388661235
8.246 0.1593135418676926 0.163129513116761 0.1603224764321519 0.291124504171099 -0.00100893456445937 -0.127994991054338
8.248 0.1591310846472755 0.1606166106791803 0.160139530002428 0.2885805689760615 -0.001008445355152434 -0.1279639582968812
8.25 0.1590779276112356 0.1580969679065978 0.1600858841127971 0.286029908489405 -0.001007956501561511 -0.1279329405828072
8.252 0.1591541021606399 0.155575209349422 0.1601615701639817 0.2834771472506028 -0.001007468003341826 -0.1279019379011808
8.254 0.1593597142552729 0.153055950309401 0.1603666941154219 0.2809269005504783 -0.001006979860149021 -0.1278709502410772
8.256 0.159694944338522 0.1505438321168095 0.1607014364101612 0.2783838097083919 -0.001006492071639154 -0.1278399775915824
8.258 0.1601600437617933 0.148043557452615 0.161166048399262 0.2758525773944079 -0.001006004637468702 -0.1278090199417929
8.26 0.1607553276475502 0.1455599256778098 0.1617608452048447 0.2733380029586254 -0.001005517557294554 -0.1277780772808156
8.262 0.1614811640769439 0.1430978681163444 0.1624861949077179 0.2708450177141126 -0.001005030830774017 -0.1277471495977682
8.264 0.1623379594360579 0.1406624832122885 0.1633425038936228 0.2683787200940673 -0.001004544457564814 -0.1277162368817787
8.266 0.1633261397044126 0.1382590714451894 0.1643301981417377 0.2659444105671752 -0.001004058437325076 -0.1276853391219858
8.268 0.1644461274218747 0.1358931698383602 0.1654497001915881 0.2635476261458988 -0.001003572769713354 -0.1276544563075387
8.27 0.1656983140267711 0.1335705858331341 0.1667014014811597 0.2611941742607309 -0.001003087454388609 -0.1276235884275968
8.272 0.1670830272200687 0.1312974302272219 0.1680856297110789 0.2588901656985523 -0.001002602491010213 -0.1275927354713304
8.274 0.1686004929808257 0.1290801487848022 0.1696026108600636 0.2566420462127222 -0.001002117879237951 -0.1275618974279201
8.276 0.1702507918390348 0.1269255520202741 0.1712524254577668 0.2544566263068309 -0.001001633618732019 -0.1275310742865567
8.278 0.1720338090067024 0.1248408425359935 0.1730349587158554 0.2523411085724354 -0.001001149709153023 -0.1275002660364419
8.28 0.1739491779814356 0.1228336391551882 0.1749498441315975 0.2503031118219757 -0.001000666150161979 -0.1274694726667875
8.282 0.1759962172733016 0.1209119969362751 0.176996400214722 0.248350691103091 -0.001000182941420313 -0.1274386941668158
8.284 0.1781738599710653 0.119084421984966 0.1791735600536551 0.2464923525107257 -0.0009997000825898571 -0.1274079305257596
8.286 0.1804805759653663 0.1173598797972347 0.1814797935386991 0.2447370615300967 -0.0009992175733328542 -0.127377181732862
8.288 0.1829142867909425 0.1157477956745842 0.1839130222042544 0.2430942434519607 -0.000998735413311953 -0.1273464477773764
8.29 0.1854722732449279 0.1142580455591856 0.1864705268471182 0.2415737742077524 -0.0009982536021902102 -0.1273157286485668
8.292 0.1881510761930085 0.1129009354478854 0.1891488483326396 0.2401859597835927 -0.0009977721396310871 -0.1272850243357073
8.294 0.1909463912957746 0.1116871673740448 0.1919436823210731 0.2389415022021273 -0.0009972910252984523 -0.1272543348280825
8.296 0.1938529587817096 0.110627789808873 0.1948497690405662 0.2378514499238604 -0.0009968102588565793 -0.1272236601149874
8.298 0.1968644498637178 0.1097341302491681 0.197860779703688 0.2369271304348951 -0.0009963298399701442 -0.127193000185727
8.3 0.199973351945101 0.1090177077487122 0.2009692017134052 0.2361800627783292 -0.0009958497683042295 -0.127162355029617
8.302 0.2031708553824836 0.1084901232434752 0.2041662254260079 0.2356218478794583 -0.0009953700435243202 -0.1271317246359831
8.304 0.2064467452559539 0.1081629257462289 0.2074416359212502 0.2352640347403904 -0.0009948906652963024 -0.1271011089941615
8.306 0.2097893023208562 0.1080474528754908 0.2107837139541427 0.2351179609689892 -0.0009944116332864673 -0.1270705080934984
8.308 0.2131852180483983 0.1081546447691127 0.2141791509955598 0.2351945666924632 -0.0009939329471615045 -0.1270399219233505
8.31 0.2166195293591769 0.108494831241594 0.2176129839657654 0.2355041817146786 -0.0009934546065885072 -0.1270093504730846
8.312 0.2200755792582268 0.1090774930966309 0.2210685558694618 0.2360562868287087 -0.0009929766112349685 -0.1269787937320778
8.314 0.2235350100194385 0.1099109998100834 0.2245275089802073 0.2368592514998008 -0.0009924989607687797 -0.1269482516897175
8.316 0.2269777957589026 0.1110023273415578 0.2279698174137608 0.2379200516769589 -0.0009920216548582334 -0.126917724335401
8.318 0.230382321092216 0.1123567615794263 0.231373865785388 0.2392439732379626 -0.0009915446931720194 -0.1268872116585363
8.32 0.2337255119984581 0.1139775948077776 0.2347165800738373 0.2408343084563186 -0.0009910680753792266 -0.126856713648541
8.322 0.2369830239331218 0.1158658245034848 0.2379736157342711 0.2426920547983282 -0.0009905918011493416 -0.1268262302948434
8.324 0.2401294905858828 0.1180198655926858 0.241119606456035 0.2448156271795673 -0.000990115870152246 -0.1267957615868814
8.326 0.2431388344420452 0.1204352888506626 0.2441284747241034 0.2472005963647662 -0.0009896402820582201 -0.1267653075141037
8.328 0.2459846375060033 0.1231045992283346 0.2469738025425412 0.2498394672943032 -0.0009891650365379389 -0.1267348680659685
8.33 0.2486405672712039 0.1260170683361227 0.2496292574044664 0.2527215115680674 -0.0009886901332624731 -0.1267044432319447
8.332 0.2510808494310383 0.1291586349291463 0.2520690650029415 0.255832667930657 -0.0009882155719032879 -0.1266740330015107
8.334 0.2532807751480601 0.1325118858737602 0.2542685165001923 0.2591555232379157 -0.0009877413521322429 -0.1266436373641556
8.336 0.2552172272233473 0.1360561276603427 0.2562044946969689 0.2626693839697208 -0.0009872674736215901 -0.1266132563093781
8.338 0.2568692065585842 0.1397675550769162 0.2578560004946281 0.2663504449036035 -0.000986793936043976 -0.1265828898266873
8.34 0.2582183382131666 0.1436195192997124 0.259204658952239 0.2701720572053145 -0.0009863207390724384 -0.1265525379056021
8.342 0.2592493354249238 0.1475828926326602 0.2602351833073043 0.2741050931683119 -0.0009858478823804074 -0.1265222005356517
8.344 0.2599504004063605 0.1516265217833866 0.2609357757720022 0.2781183994897617 -0.0009853753656417048 -0.1264918777063752
8.346 0.2603135426525051 0.1557177563198384 0.2612984458410357 0.28217932572716 -0.0009849031885305426 -0.1264615694073216
8.348 0.2603347988639168 0.1598230342667188 0.2613192302146383 0.2862543098947691 -0.0009844313507215226 -0.1264312756280503
8.35 0.2600143432055918 0.1639085031071445 0.2609983030574815 0.2903094994652748 -0.0009839598518896374 -0.1264009963581303
8.352 0.2593564821570931 0.1679406521109987 0.2603399708488034 0.2943113836981395 -0.0009834886917102672 -0.1263707315871408
8.354 0.258369534220079 0.1718869311532373 0.2593525520899382 0.2982274124579081 -0.000983017869859182 -0.1263404813046708
8.356 0.2570656007377239 0.1757163320882277 0.2580481481237364 0.3020265775885472 -0.0009825473860125384 -0.1263102455003196
8.358 0.2554602395514314 0.1793999112180296 0.2564423167912783 0.3056799353817256 -0.0009820772398468818 -0.126280024163696
8.36 0.2535720577396991 0.1829112351895543 0.2545536651707382 0.3091610524739734 -0.0009816074310391436 -0.1262498172844191
8.362 0.2514222429301965 0.1862267374074496 0.2524033808894631 0.3124463622595673 -0.0009811379592666414 -0.1262196248521178
8.364 0.2490340544708779 0.1893259773185575 0.250014723295085 0.3155154241749883 -0.0009806688242070785 -0.1261894468564308
8.366 0.2464322960623837 0.1921918002568582 0.2474124960879222 0.3183510835438653 -0.0009802000255385438 -0.126159283287007
8.368 0.2436427904087965 0.1948104005160213 0.244622521971736 0.3209395346495263 -0.0009797315629395105 -0.126129134133505
8.37 0.2406918742663846 0.1971712946028057 0.2416711377024734 0.3232702939883989 -0.0009792634360888362 -0.1260989993855932
8.372 0.237605929261066 0.1992672149879936 0.2385847249057317 0.3253360940209436 -0.0009787956446657611 -0.12606887903295
8.374 0.2344109603392212 0.2010939369938289 0.2353892885275711 0.3271327100590926 -0.0009783281883499093 -0.1260387730652637
8.376 0.2311322300372436 0.2026500527303831 0.2321100911040649 0.3286587342026154 -0.000977861066821287 -0.1260086814722323
8.378 0.2277939531843987 0.2039367063008186 0.2287713474641589 0.3299153105443823 -0.0009773942797602817 -0.1259786042435637
8.38 0.2244190534156422 0.2049573039830324 0.2253959812424898 0.3309058453520081 -0.0009769278268476631 -0.1259485413689757
8.382 0.2210289801182895 0.2057172119476162 0.2220054418260541 0.3316357047858119 -0.0009764617077645814 -0.1259184928381957
8.384 0.2176435822506904 0.2062234524866021 0.218619578172883 0.3321119111275633 -0.0009759959221925664 -0.1258884586409612
8.386 0.2142810338754546 0.2064844078912284 0.2152565643452681 0.3323428466582476 -0.0009755304698135287 -0.1258584387670192
8.388 0.2109578052180074 0.2065095391948332 0.2119328705683171 0.3323379724009599 -0.0009750653503097565 -0.1258284332061267
8.39 0.2076886725295666 0.206309125121598 0.2086632730929305 0.3321075670696483 -0.000974600563363918 -0.1257984419480503
8.392 0.2044867599222961 0.2058940248503903 0.2054608960309552 0.3316624898329568 -0.0009741361086590591 -0.1257684649825665
8.394 0.2013636065627728 0.2052754666792977 0.2023372785486514 0.3310139689787591 -0.0009736719858786025 -0.1257385022994614
8.396 0.1983292530668874 0.2044648633942278 0.1993024612615937 0.3301734172827587 -0.0009732081947063488 -0.1257085538885309
8.398 0.195392341554868 0.2034736541136851 0.1963650862896945 0.3291522738532657 -0.0009727447348264748 -0.1256786197395805
8.4 0.1925602245291761 0.2023131715931884 0.1935325061350996 0.3279618714356141 -0.0009722816059235321 -0.1256486998424257
8.402 0.1898390784719343 0.2009945334051725 0.1908108972796168 0.3266133275920639 -0.0009718188076824498 -0.1256187941868914
8.404 0.1872340187811109 0.1995285550356907 0.1882053751208994 0.325117457798503 -0.0009713563397885293 -0.1255889027628123
8.406 0.1847492133448881 0.1979256827264719 0.1857201075468155 0.3234847082865047 -0.0009708942019274483 -0.1255590255600328
8.408 0.1823879926702722 0.1961959438073383 0.1833584250640574 0.3217251063757451 -0.000970432393785258 -0.1255291625684069
8.41 0.1801529550256898 0.1943489122805178 0.1811229259407382 0.319848226058316 -0.0009699709150483808 -0.1254993137777982
8.412 0.1780460655238332 0.1923936875085263 0.1790155752892368 0.3178631666866064 -0.0009695097654036143 -0.1254694791780801
8.414 0.1760687484600275 0.1903388839973174 0.1770377974045657 0.3157785427564529 -0.0009690489445381279 -0.1254396587591355
8.416 0.1742219725388341 0.1881926304383914 0.1751905609909736 0.3136024829492483 -0.0009685884521394604 -0.1254098525108569
8.418 0.1725063288737912 0.1859625763627727 0.1734744571616867 0.3113426367859192 -0.0009681282878955248 -0.1253800604231466
8.42 0.1709221018386789 0.1836559049535747 0.1718897702901735 0.3090061874394909 -0.0009676684514946022 -0.1253502824859161
8.422 0.1694693329930149 0.1812793507551383 0.1704365419356402 0.3065998694442252 -0.0009672089426253444 -0.1253205186890869
8.424 0.1681478784068252 0.1788392211993185 0.169114628167802 0.3041299902219085 -0.0009667497609767741 -0.1252907690225899
8.426 0.1669574597772238 0.1763414210389482 0.1679237506834621 0.3016024545153136 -0.000966290906238281 -0.1252610334763655
8.428 0.1658977097689998 0.173791478933198 0.1668635421470995 0.2990227909735616 -0.0009658323780996243 -0.1252313120403636
8.43 0.1649682120292186 0.1711945755689015 0.1659335862054696 0.2963961802734453 -0.0009653741762509313 -0.1252016047045439
8.432 0.1641685363260986 0.1685555728246585 0.1651334526264813 0.2937274842835337 -0.0009649163003826958 -0.1251719114588753
8.434 0.1634982692498264 0.1658790435920859 0.1644627280000122 0.2910212758854223 -0.0009644587501857796 -0.1251422322933364
8.436 0.1629570408910248 0.1631693019620544 0.1639210424163763 0.2882818691599697 -0.0009640015253514096 -0.1251125671979153
8.438 0.1625445478833015 0.1604304335633468 0.1635080925088727 0.2855133497259563 -0.00096354462557118 -0.1250829161626095
8.44 0.1622605731626277 0.1576663259087797 0.1632236612131647 0.2827196050862057 -0.0009630880505370492 -0.1250532791774261
8.442 0.1621050027594242 0.1548806986613107 0.1630676345593655 0.2799043548936922 -0.000962631799941341 -0.1250236562323815
8.444 0.1620778399003374 0.152077133779808 0.1630400157738141 0.2770711810973098 -0.0009621758734767427 -0.1249940473175018
8.446 0.162179216656849 0.1492591055432946 0.1631409369276852 0.2742235579661169 -0.0009617202708363067 -0.1249644524228223
8.448 0.1624094033375135 0.1464300104846774 0.1633706683292269 0.2713648820230651 -0.0009612649917134473 -0.1249348715383877
8.45 0.1627688157799972 0.1435931972901489 0.1637296258157992 0.2684985019444014 -0.0009608100358019428 -0.1249053046542525
8.452 0.1632580206586156 0.1407519967401061 0.1642183760614116 0.2656277485005863 -0.0009603554027959321 -0.1248757517604803
8.454 0.1638777388824084 0.1379097517825278 0.1648376399747983 0.2627559646296718 -0.0009599010923899172 -0.124846212847144
8.456 0.1646288471181216 0.1350698478395234 0.1655882942224004 0.2598865357438496 -0.0009594471042787617 -0.1248166879043263
8.458 0.1655123774315059 0.1322357434532835 0.1664713708696636 0.2570229203754023 -0.0009589934381576874 -0.1247871769221188
8.46 0.166529514998797 0.1294110013795777 0.1674880550925193 0.2541686812702005 -0.0009585400937222792 -0.1247576798906228
8.462 0.1676815937979976 0.1265993202336327 0.168639680868666 0.2513275170335816 -0.0009580870706684802 -0.1247281967999489
8.464 0.1689700901464068 0.1238045667857642 0.1699277245150994 0.2485032944259812 -0.0009576343686925919 -0.1246987276402169
8.466 0.1703966139062949 0.1210308089921683 0.1713537958937862 0.2457000813937244 -0.0009571819874912767 -0.1246692724015561
8.468 0.1719628971348908 0.1182823498279321 0.1729196270616523 0.2429221809020371 -0.0009567299267615527 -0.124639831074105
8.47 0.1736707799075591 0.1155637619656095 0.1746270580937599 0.240174165613621 -0.0009562781862007969 -0.1246104036480116
8.472 0.1755221929946889 0.1128799233108864 0.1764780197601956 0.2374609134243192 -0.000955826765506744 -0.1245809901134328
8.474 0.1775191370228094 0.1102360533678812 0.1784745126871869 0.2347876438284165 -0.0009553756643774836 -0.1245515904605353
8.476 0.179663657700413 0.1076377503568057 0.1806185825829245 0.2321599550363005 -0.0009549248825114628 -0.1245222046794948
8.478 0.1819578166388681 0.1050910289462815 0.1829122910584756 0.2295838617067777 -0.0009544744196074844 -0.1244928327604962
8.48 0.1844036572494998 0.1026023583897708 0.1853576815248645 0.2270658330835045 -0.0009540242753647044 -0.1244634746937338
8.482 0.1870031651522455 0.1001787007672126 0.1879567396017282 0.2246128312366237 -0.0009535744494826362 -0.1244341304694111
8.484 0.1897582224901679 0.09782754892851027 0.190711347431829 0.2222323490062511 -0.0009531249416611447 -0.1244048000777408
8.486 0.1926705555104773 0.09555696361300098 0.1936232312620778 0.2199324471219459 -0.0009526757516004503 -0.124375483508945
8.488 0.1957416747511407 0.0933756090754979 0.1966939016301419 0.2177217898287526 -0.000952226879001126 -0.1243461807532547
8.49 0.1989728071662332 0.09129278638450659 0.1999245854897973 0.215609678185417 -0.0009517783235640962 -0.1243168918009104
8.492 0.2023648195380483 0.08931846337082755 0.2033161496230389 0.2136060800129892 -0.0009513300849906388 -0.1242876166421616
8.494 0.2059181325680369 0.08746329999323209 0.2068690147310193 0.2117216552604992 -0.0009508821629823835 -0.1242583552672672
8.496 0.2096326251180739 0.08573866765451488 0.2105830596753152 0.2099677753210097 -0.0009504345572413094 -0.1242291076664948
8.498 0.2135075281976074 0.08415666074778433 0.2144575154650772 0.2083565345779062 -0.0009499872674697485 -0.1241998738301219
8.5 0.2175413084725095 0.08273009844302037 0.2184908487658798 0.2069007521914547 -0.0009495402933703802 -0.1241706537484343
8.502 0.2217315413177025 0.08147251444550353 0.2226806349523487 0.2056139618572312 -0.0009490936346462363 -0.1241414474117277
8.504 0.2260747737591654 0.08039813218108373 0.2270234210501661 0.2045103869913902 -0.0009486472910006962 -0.1241122548103065
8.506 0.2305663780652369 0.07952182260175865 0.2315145793273744 0.2036048985362428 -0.0009482012621374876 -0.1240830759344841
8.508 0.2352003972608578 0.07885904157886833 0.2361481528086185 0.2029129523534519 -0.0009477555477606876 -0.1240539107745835
8.51 0.239969384459476 0.0784257436845951 0.2409166946070507 0.2024505030055315 -0.0009473101475747198 -0.1240247593209364
8.512 0.2448642386418262 0.07823826908496628 0.2458111037031106 0.2022338906488499 -0.0009468650612843557 -0.1239956215638836
8.514 0.2498740403548776 0.07831320031597946 0.2508204606434723 0.2022796978097547 -0.0009464202885947136 -0.1239664974937753
8.516 0.2549858917466387 0.07866718592953152 0.2559318675758499 0.2026045730305017 -0.0009459758292112569 -0.1239373871009702
8.518 0.2601847663734826 0.07931672842221597 0.2611302980563224 0.2032250187980526 -0.0009455316828397957 -0.1239082903758366
8.52 0.2654533752774695 0.08027793454448681 0.266398463126656 0.2041571418532384 -0.0009450878491864855 -0.1238792073087516
8.522 0.2707720568777224 0.08156622707358632 0.2717167012056802 0.2054163649636877 -0.0009446443279578255 -0.1238501378901014
8.524 0.2761186991822476 0.08319601845726592 0.2770629003011083 0.2070171005675469 -0.0009442011188606599 -0.123821082110281
8.526 0.2814687036098072 0.08518034841902244 0.2824124618314094 0.2089723883787171 -0.0009437582216021763 -0.1237920399596947
8.528 0.286795000204463 0.08753048965822427 0.2877383158403529 0.2112935010869799 -0.0009433156358899059 -0.1237630114287556
8.53 0.2920681241060176 0.09025552814978474 0.2930109974674494 0.2139895246576708 -0.0009428733614317225 -0.1237339965078861
8.532 0.2972563626735754 0.09336192717682644 0.2981987940715112 0.2170669223643435 -0.0009424313979358422 -0.123704995187517
8.534 0.3023259815206145 0.09685308699796327 0.3032679712657254 0.220529094456052 -0.0009419897451108231 -0.1236760074580887
8.536 0.3072415358059145 0.1007289147920882 0.3081830842085801 0.2243759481021383 -0.0009415484026655644 -0.1236470333100501
8.538 0.3119662703674626 0.1049854220195824 0.3129073777377718 0.2286034947534417 -0.0009411073703093061 -0.1236180727338593
8.54 0.3164626086824504 0.1096143683315721 0.317403275330202 0.2332034940515554 -0.0009406666477516293 -0.1235891257199833
8.542 0.3206927262646074 0.1146029723683773 0.3216329524993098 0.2381631646272751 -0.0009402262347024538 -0.1235601922588978
8.544 0.3246191991394734 0.11993370993309 0.3255589852703454 0.2434649822741778 -0.0009397861308720397 -0.1235312723410878
8.546 0.3282057127463776 0.1255842188651338 0.3291450590823486 0.2490865848221807 -0.0009393463359709865 -0.1235023659570469
8.548 0.331417811371772 0.1315273273019705 0.3323567182214822 0.2550008003992482 -0.0009389068497102305 -0.1234734730972777
8.55 0.3342236634697361 0.1377312178533973 0.3351621311415372 0.261175811605689 -0.0009384676718010477 -0.1234445937522917
8.552 0.3365948144515959 0.1441597346125333 0.337532843253551 0.2675754625251425 -0.0009380288019550515 -0.1234157279126092
8.554 0.338506896194315 0.1507728331483628 0.3394444864341992 0.2741597087171223 -0.0009375902398841905 -0.1233868755687595
8.556 0.3399402620156909 0.157527166087048 0.3408774140009917 0.2808852027983286 -0.0009371519853007524 -0.1233580367112806
8.558 0.3408805174433743 0.1643767891472046 0.3418172314812917 0.2877060004779239 -0.0009367140379173591 -0.1233292113307194
8.56 0.3413189208279648 0.1712739651876892 0.3422551972254118 0.2945743646053209 -0.0009362763974469692 -0.1233003994176316
8.562 0.3412526335641887 0.1781700376130622 0.3421884726277916 0.3014416385756442 -0.0009358390636028766 -0.123271600962582
8.564 0.340684807015645 0.1850163399482603 0.3416202090517437 0.3082591559044039 -0.0009354020360987085 -0.1232428159561437
8.566 0.33962450163046 0.1917651059877341 0.3405594669451085 0.3149791503766331 -0.0009349653146484279 -0.123214044388899
8.568 0.3380864425026203 0.1983703448895999 0.3390209714015866 0.3215556311410388 -0.0009345288989663314 -0.1231852862514389
8.57 0.3360906240468661 0.2047886479228848 0.3370247168356331 0.3279451894572479 -0.0009340927887670475 -0.123156541534363
8.572 0.3336617838274281 0.2109798980515245 0.3345954408111936 0.3341077082798045 -0.0009336569837655392 -0.12312781022828
8.574 0.3308287713487629 0.2169078597124485 0.33176199283244 0.3400069520362555 -0.0009332214836771006 -0.1230990923238071
8.576 0.3276238414024039 0.2225406334280168 0.3285566276906212 0.345611021239587 -0.0009327862882173586 -0.1230703878115703
8.578 0.3240819032073933 0.2278509676319128 0.3250142546044956 0.3508926643141172 -0.0009323513971022718 -0.1230416966822044
8.58 0.3202397561385464 0.2328164276418518 0.3211716729485946 0.3558294465682047 -0.000931916810048128 -0.1230130189263529
8.582 0.316135340554092 0.2374194285211838 0.3170668230808636 0.3604037830558517 -0.0009314825267715474 -0.122984354534668
8.584 0.311807028497081 0.2416471442117865 0.3127380770440705 0.3646028477095972 -0.0009310485469894798 -0.1229557034978107
8.586 0.3072929743170555 0.2454913095312493 0.3082235891874747 0.3684183753376998 -0.0009306148704192033 -0.1229270658064505
8.588 0.3026305400224037 0.2489479343096469 0.3035607215191821 0.3718463757609127 -0.0009301814967783274 -0.1228984414512658
8.59 0.2978558048773436 0.2520169501451215 0.2987855533031284 0.3748867805680651 -0.0009297484257847882 -0.1228698304229435
8.592 0.2930031637723934 0.2547018101495664 0.2939324794295503 0.3775430428617459 -0.0009293156571568511 -0.1228412327121794
8.594 0.2881050145027373 0.2570090608754153 0.2890338976933504 0.3798217091850931 -0.0009288831906131092 -0.1228126483096778
8.596 0.2831915304613137 0.258947903641233 0.2841199814871862 0.3817319808473846 -0.000928451025872482 -0.1227840772061516
8.598 0.2782905124692072 0.2605297599906399 0.2792185316318614 0.3832852793829623 -0.0009280191626542172 -0.1227555193923225
8.6 0.2734273115254831 0.2617678532831209 0.274354899126161 0.3844948281420414 -0.0009275876006778883 -0.1227269748589206
8.602 0.2686248130986322 0.2626768156459007 0.2695519694382956 0.3853752592425855 -0.0009271563396633937 -0.1226984435966848
8.604 0.2639034730953658 0.2632723268830147 0.2648301984746968 0.3859422524793774 -0.0009267253793309595 -0.1226699255963627
8.606 0.259281395706321 0.2635707895588891 0.2602076904257222 0.3862122104075993 -0.0009262947194011345 -0.1226414208487102
8.608 0.2547744438107423 0.2635890424219266 0.2557003081703371 0.3862019717664186 -0.0009258643595947934 -0.122612929344492
8.61 0.250396373395585 0.2633441126408965 0.2513218076952182 0.3859285637153779 -0.000925434299633135 -0.1225844510744814
8.612 0.2461589843997818 0.2628530059942911 0.2470839889390194 0.3854089920237512 -0.0009250045392376809 -0.1225559860294601
8.614 0.2420722814384672 0.2621325331589878 0.2429968565165975 0.3846600673592064 -0.0009245750781302767 -0.1225275342002185
8.616 0.2381446389193238 0.2611991695536462 0.2390687848353569 0.3836982651312018 -0.000924145916033091 -0.1224990955775556
8.618 0.2343829660815867 0.2600689457602441 0.2353066831342553 0.3825396159125227 -0.0009237170526686138 -0.1224706701522787
8.62 0.2307928684308661 0.2587573653285186 0.2317161569186258 0.3811996232437224 -0.0009232884877596576 -0.1224422579152038
8.622 0.2273788028843986 0.2572793467168988 0.228301663105428 0.3796932055740542 -0.0009228602210293555 -0.1224138588571554
8.624 0.2241442246734292 0.255649186198988 0.2250666569256304 0.3780346591679546 -0.0009224322522011629 -0.1223854729689666
8.626 0.2210917246686895 0.2538805387309807 0.2220137292496884 0.3762376389724595 -0.0009220045809988552 -0.1223571002414788
8.628 0.2182231563042352 0.2519864140010952 0.2191447335113817 0.3743151546666372 -0.0009215772071465266 -0.122328740665542
8.63 0.2155397516833774 0.2499791851431848 0.2164609018137459 0.3722795793751996 -0.0009211501303685929 -0.1223003942320147
8.632 0.2130422267686083 0.2478706078741212 0.2139629501189981 0.3701426688058851 -0.0009207233503897884 -0.1222720609317639
8.634 0.2107308757949554 0.2456718480923056 0.2116511726618905 0.3679155888479704 -0.000920296866935165 -0.1222437407556648
8.636 0.2086056552163272 0.2433935162434051 0.2095255258960573 0.3656089499380066 -0.000919870679730095 -0.1222154336946015
8.638 0.2066662576078721 0.2410457070117915 0.2075857023963723 0.3632328467512576 -0.000919444788500266 -0.1221871397394661
8.64 0.2049121760131924 0.2386380431263475 0.2058311952061641 0.3607969020075069 -0.0009190191929716857 -0.1221588588811595
8.642 0.2033427592536796 0.2361797222757033 0.2042613531465503 0.358310313386294 -0.0009185938928706772 -0.1221305911105906
8.644 0.2019572587159559 0.2336795663097225 0.2028754276038798 0.3557819027283997 -0.0009181688879238798 -0.1221023364186772
8.646 0.2007548671080578 0.2311460720592604 0.201672611285916 0.3532201668556056 -0.0009177441778582507 -0.1220740947963452
8.648 0.1997347496323702 0.2285874632371756 0.2006520693947713 0.3506333294717044 -0.0009173197624010605 -0.1220458662345288
8.65 0.1988960679674888 0.2260117429907768 0.1998129636087687 0.3480293937149477 -0.0009168956412798964 -0.1220176507241708
8.652 0.1982379973856246 0.2234267467593102 0.1991544691998473 0.3454161950155326 -0.0009164718142226606 -0.1219894482562224
8.654 0.197759737260384 0.2208401951520468 0.1986757855413415 0.3428014539736898 -0.0009160482809575683 -0.121961258821643
8.656 0.1974605151443441 0.2182597466039281 0.1983761401855573 0.3401928290153285 -0.0009156250412131502 -0.1219330824114004
8.658 0.1973395845183809 0.2156930495860175 0.1982547866130991 0.3375979686024883 -0.0009152020947182496 -0.1219049190164708
8.66 0.1973962162379342 0.2131477941490031 0.1983109956791362 0.3350245627768417 -0.0009147794412020224 -0.1218767686278387
8.662 0.1976296836266423 0.2106317625599885 0.1985440407070363 0.3324803937964853 -0.0009143570803939381 -0.1218486312364968
8.664 0.1980392410971842 0.2081528787543609 0.198953176109208 0.3299733855878073 -0.0009139350120237785 -0.1218205068334464
8.666 0.198624096114997 0.2057192562668047 0.1995376093508186 0.3275116516765015 -0.0009135132358216355 -0.1217923954096968
8.668 0.1993833742651019 0.2033392442283568 0.2002964660166198 0.3251035411846226 -0.0009130917515179144 -0.1217642969562659
8.67 0.2003160771387696 0.2010214709175706 0.201228747697613 0.3227576823817501 -0.0009126705588433296 -0.1217362114641795
8.672 0.2014210327288332 0.1987748842350805 0.2023332823863621 0.3204830231595526 -0.0009122496575289071 -0.121708138924472
8.674 0.2026968380141403 0.1966087883313441 0.2036086670614463 0.3182888676595302 -0.000911829047305983 -0.1216800793281861
8.676 0.2041417934306931 0.1945328754569975 0.2050532021585993 0.3161849081233699 -0.0009114087279062019 -0.1216520326663724
8.678 0.2057538289751598 0.1925572519261508 0.2066648176742213 0.3141812508562409 -0.0009109886990615183 -0.1216239989300901
8.68 0.20753042177257 0.1906924568876399 0.2084409907330742 0.3122884349980463 -0.000910568960504196 -0.1215959781104065
8.682 0.2094685050723483 0.188949472390839 0.2103786545843151 0.310517442589236 -0.0009101495119668058 -0.121567970198397
8.684 0.2115643688237516 0.1873397230181276 0.2124740991769338 0.3088796982032732 -0.0009097303531822276 -0.1215399751851456
8.686 0.2138135522315162 0.1858750631441852 0.2147228637153999 0.3073870562059293 -0.0009093114838836474 -0.121511993061744
8.688 0.2162107290145444 0.1845677496842177 0.2171196219183489 0.3060517735035102 -0.0009088929038045597 -0.1214840238192925
8.69 0.218749586491899 0.1834303980252416 0.2196580611045778 0.3048864654741412 -0.0009084746126787653 -0.1214560674488995
8.692 0.2214227001063252 0.182475918716472 0.2223307567165656 0.3039040426581535 -0.0009080566102403699 -0.1214281239416815
8.694 0.2242214055691487 0.1817174324502953 0.2251290444653725 0.3031176257390584 -0.0009076388962237867 -0.1214001932887631
8.696 0.2271356714682428 0.1811681609232608 0.2280428929386066 0.3025404364045381 -0.0009072214703637331 -0.1213722754812773
8.698 0.2301539759122056 0.180841291359409 0.2310607802446008 0.3021856618697741 -0.000906804332395232 -0.121344370510365
8.7 0.2332631915711285 0.1807498128402681 0.2341695790531821 0.3020662912074437 -0.0009063874820536108 -0.1213164783671756
8.702 0.2364484842856084 0.1809063231531261 0.2373544552046829 0.3021949221959923 -0.0009059709190745 -0.1212885990428661
8.704 0.2396932312066907 0.1813228056741276 0.2405987858498845 0.3025835382027298 -0.0009055546431938349 -0.1212607325286022
8.706 0.2429789651422674 0.1820103768713159 0.2438841037964153 0.3032432556868732 -0.0009051386541478547 -0.1212328788155573
8.708 0.2462853523454528 0.1829790063590145 0.2471900752971259 0.3041840442539275 -0.0009047229516730987 -0.121205037894913
8.71 0.2495902112993917 0.1842372130542411 0.2504945188348981 0.3054144228121002 -0.0009043075355064113 -0.1211772097578591
8.712 0.2528695800347581 0.1857917428484211 0.2537734724401431 0.3069411372440146 -0.0009038924053849381 -0.1211493943955936
8.714 0.2560978390589185 0.187647235252626 0.2570013166199647 0.3087688270519481 -0.0009034775610461257 -0.1211215917993221
8.716 0.2592478959844129 0.1898058886034849 0.2601509589866406 0.3108996905637437 -0.0009030630022277224 -0.1210938019602589
8.718 0.2622914363449464 0.1922671354936347 0.2631940850736142 0.3133331603632605 -0.0009026487286677767 -0.1210660248696258
8.72 0.2651992428362279 0.1950273419410052 0.2661014775763326 0.3160656024596582 -0.0009022347401046381 -0.121038260518653
8.722 0.2679415823264996 0.198079545233032 0.2688434033627765 0.3190900541316106 -0.0009018210362769563 -0.1210105088985787
8.724 0.2704886565189373 0.2014132461565719 0.271390064135861 0.3223960161572207 -0.0009014076169236793 -0.1209827700006489
8.726 0.2728111082655804 0.205014271242605 0.2737121027473645 0.3259693150587229 -0.000900994481784055 -0.1209550438161179
8.728 0.2748805714550797 0.2088647195384727 0.2757811530856773 0.3297920498747207 -0.0009005816305976304 -0.120927330336248
8.73 0.2766702484226016 0.2129430061559779 0.2775704174857058 0.3338426357082871 -0.0009001690631042494 -0.1208996295523092
8.732 0.2781554953109757 0.2172240114130998 0.2790552520900198 0.3380959528686797 -0.0008997567790440553 -0.1208719414555798
8.734 0.2793143931169447 0.2216793398848088 0.2802137378951022 0.3425236059221549 -0.0008993447781574875 -0.1208442660373461
8.736 0.2801282806339751 0.2262776883278781 0.2810272136941604 0.3470942916167802 -0.0008989330601852835 -0.1208166032889021
8.738 0.2805822254349013 0.2309853155930073 0.2814807470597698 0.3517742687945574 -0.0008985216248684776 -0.1207889532015501
8.74 0.2806654105878975 0.2357666017262449 0.2815635210598458 0.3565279174928449 -0.0008981104719483984 -0.1207613157666
8.742 0.2803714179836799 0.2405846779884315 0.2812691175848465 0.3613183689638015 -0.0008976996011666727 -0.1207336909753701
8.744 0.2796983938177367 0.2454021049860177 0.2805956828300019 0.3661081838052038 -0.0008972890122652219 -0.1207060788191861
8.746 0.278649087600419 0.250181572940809 0.2795459663054053 0.3708600522301912 -0.0008968787049862615 -0.1206784792893822
8.748 0.2772307626083294 0.2548865966438911 0.2781272312874016 0.3755374890211912 -0.0008964686790723031 -0.1206508923773001
8.75 0.2754549824046152 0.259482177991828 0.2763510413388814 0.3801054960661175 -0.000896058934266151 -0.1206233180742896
8.752 0.2733372843852023 0.2639354111531172 0.2742329338555132 0.3845311675248255 -0.0008956494703109045 -0.1205957563717083
8.754 0.2708967567408133 0.2682160091441687 0.2717919970277633 0.3887842164050905 -0.000895240286949956 -0.1205682072609218
8.756 0.2681555393546076 0.2722967355429678 0.2690503707385345 0.3928374062762714 -0.0008948313839269906 -0.1205406707333035
8.758 0.2651382717256922 0.2761537307674424 0.2660326944866782 0.3966668775476773 -0.0008944227609859861 -0.1205131467802349
8.76 0.2618715119318333 0.2797667282897039 0.2627655263497045 0.4002523636828089 -0.0008940144178712125 -0.120485635393105
8.762 0.2583831499954886 0.2831191618654141 0.2592767563498158 0.403577298428725 -0.0008936063543272319 -0.1204581365633109
8.764 0.2547018370102072 0.2861981699178094 0.2555950355803061 0.4066288202000669 -0.0008931985700988974 -0.1204306502822575
8.766 0.2508564483325814 0.288994507327479 0.2517492393975128 0.4093976838688366 -0.0008927910649313531 -0.1204031765413576
8.768 0.2468755954087693 0.2915023778694137 0.2477679792473394 0.4118780932014454 -0.0008923838385700342 -0.1203757153320317
8.77 0.2427871967527875 0.2937192023558893 0.2436791736435481 0.4140674690015976 -0.0008919768907606657 -0.1203482666457083
8.772 0.2386181145602342 0.2956453382467033 0.2395096847814835 0.4159661687205268 -0.0008915702212492622 -0.1203208304738235
8.774 0.2343938596960125 0.2972837662193923 0.2352850235257946 0.4175771730272138 -0.0008911638297821285 -0.1202934068078214
8.776 0.2301383645371426 0.298639758143083 0.2310291222532485 0.4189057537822369 -0.0008907577161058568 -0.1202659956391538
8.778 0.2258738205004304 0.2997205392875784 0.2267641723803977 0.4199591362468588 -0.0008903518799673303 -0.1202385969592804
8.78 0.2216205750847987 0.30053495563859 0.2225105214059124 0.4207461663982583 -0.0008899463211137183 -0.1202112107596684
8.782 0.2173970818987433 0.3010931550730219 0.2182866229380358 0.4212769921048151 -0.0008895410392924792 -0.1201838370317931
8.784 0.2132198963682347 0.3014062890352008 0.2141090324024861 0.4215627648023382 -0.0008891360342513579 -0.1201564757671374
8.786 0.2091037095432231 0.3014862393683423 0.2099924408489615 0.4216153663255343 -0.0008887313057383876 -0.1201291269571919
8.788 0.205061412545074 0.3013453731780578 0.2059497393985759 0.4214471637715129 -0.0008883268535018867 -0.1201017905934551
8.79 0.2011041846224701 0.3009963270853283 0.2019921072997605 0.4210707937527615 -0.0008879226772904613 -0.1200744666674331
8.792 0.197241598412985 0.3004518209842549 0.198129117189838 0.4204989761548947 -0.0008875187768530015 -0.1200471551706398
8.794 0.1934817367618566 0.29972450045183 0.1943688519137952 0.4197443565464268 -0.0008871151519386851 -0.1200198560945969
8.796 0.1898313162578316 0.2988268062436199 0.1907180280601286 0.4188193756744534 -0.0008867118022969736 -0.1199925694308335
8.798 0.186295813457159 0.2977708688218337 0.1871821221848367 0.4177361639927205 -0.0008863087276776133 -0.1199652951708868
8.8 0.1828795905401124 0.2965684255662123 0.183765496467943 0.4165064588725137 -0.000885905927830635 -0.1199380333063014
8.802 0.1795860178555266 0.2952307581781776 0.1804715212580329 0.4151415420068072 -0.000885503402506354 -0.1199107838286297
8.804 0.1764175914420042 0.2937686477709673 0.1773026925934595 0.413652194500399 -0.0008851011514553679 -0.1198835467294317
8.806 0.1733760441616382 0.2921923452116633 0.1742607433360668 0.4120486672119385 -0.0008846991744285588 -0.1198563220002752
8.808 0.1704624495442086 0.2905115544185716 0.1713467470153857 0.4103406640513071 -0.0008842974711770901 -0.1198291096327355
8.81 0.1676773178200026 0.2887354264972438 0.1685612138614551 0.4085373361156396 -0.000883896041452409 -0.1198019096183957
8.812 0.1650206839235269 0.2868725628017 0.1659041788085331 0.4066472847505465 -0.0008834948850062445 -0.1197747219488465
8.814 0.162492187487939 0.2849310252209283 0.1633752814895296 0.4046785718366145 -0.0008830940015906056 -0.1197475466156861
8.816 0.1600911450293456 0.2829183522039623 0.1609738384203034 0.4026387358144828 -0.0008826933909577849 -0.1197203836105205
8.818 0.1578166146494577 0.2808415792416344 0.1586989077023181 0.4005348121665975 -0.0008822930528603545 -0.1196932329249632
8.82 0.155667453673975 0.2787072627154455 0.1565493466610261 0.3983733572660808 -0.0008818929870511666 -0.1196660945506352
8.822 0.1536423696996826 0.2765215062005294 0.154523862892966 0.3961604746796948 -0.0008814931932833548 -0.1196389684791655
8.824 0.1517399655518864 0.2742899884684155 0.1526210592231968 0.3939018431706056 -0.0008810936713103311 -0.1196118547021902
8.826 0.1499587786622353 0.2720179925765011 0.1508394730831211 0.3916027457878543 -0.0008806944208857873 -0.1195847532113532
8.828 0.1482973153697819 0.2697104355551356 0.1491776108115456 0.3892680995534418 -0.000880295441763695 -0.1195576639983061
8.83 0.1467540806289354 0.2673718983101617 0.1476339773626338 0.3869024853648695 -0.0008798967336983027 -0.1195305870547079
8.832 0.1453276035808653 0.2650066554507313 0.1462071018773094 0.3845101778229564 -0.0008794982964441386 -0.1195035223722251
8.834 0.1440164594122118 0.2626187048305065 0.1448955595419678 0.3820951747730384 -0.0008791001297560081 -0.1194764699425319
8.836 0.1428192878883595 0.260211796655698 0.1436979901217485 0.3796612264130079 -0.0008787022333889933 -0.1194494297573099
8.838 0.1417348089101956 0.2577894620680135 0.142613113517294 0.3772118638762619 -0.0008783046070984553 -0.1194224018082484
8.84 0.1407618354040384 0.2553550411559024 0.1416397426546784 0.3747504272429464 -0.0008779072506400299 -0.1193953860870441
8.842 0.1398992838149074 0.2529117103838417 0.140776793978677 0.3722800929692427 -0.0008775101637696298 -0.119368382585401
8.844 0.1391461824343528 0.2504625094587 0.1400232957805962 0.3698039007537312 -0.0008771133462434444 -0.1193413912950311
8.846 0.1385016777559994 0.2480103676757925 0.1393783945538174 0.367324779883446 -0.0008767167978179377 -0.1193144122076535
8.848 0.1379650390144871 0.2455581298044926 0.1388413595327369 0.3648455751194875 -0.0008763205182498494 -0.1192874453149949
8.85 0.1375356610271997 0.2431085815861295 0.1384115855344959 0.362369072194919 -0.0008759245072961938 -0.1192604906087895
8.852 0.1372130654226509 0.2406644749259667 0.1380885941873652 0.3598980230067456 -0.0008755287647142596 -0.1192335480807789
8.854 0.1369969003044817 0.2382285528654279 0.1378720335947433 0.3574351705881402 -0.00087513329026161 -0.1192066177227122
8.856 0.1368869383658047 0.2358035744218245 0.1377616764495008 0.3549832739481706 -0.0008747380836960811 -0.1191796995263461
8.858 0.1368830734345721 0.2333923393808992 0.1377574165793479 0.3525451328643436 -0.000874343144775783 -0.1191527934834444
8.86 0.1369853153968468 0.2309977131210589 0.1378592638701059 0.3501236127068376 -0.0008739484732590989 -0.1191258995857787
8.862 0.1371937834109581 0.2286226515385093 0.1380673374798627 0.347721669363637 -0.0008735540689046833 -0.1190990178251277
8.864 0.1375086972915016 0.2262702261291079 0.1383818572229731 0.3453423743223857 -0.0008731599314714646 -0.1190721481932779
8.866 0.1379303669078837 0.223943649264103 0.1388031329686024 0.3429889399461258 -0.0008727660607186424 -0.1190452906820228
8.868 0.1384591794078164 0.2216462996735659 0.1393315518642221 0.3406647449567295 -0.000872372456405687 -0.1190184452831636
8.87 0.1390955840416983 0.2193817481227006 0.1399675631599906 0.3383733601112093 -0.000871979118292341 -0.1189916119885087
8.872 0.1398400743299401 0.2171537832299918 0.1407116603760787 0.3361185740198658 -0.0008715860461386171 -0.118964790789874
8.874 0.1406931672823012 0.2149664373329851 0.141564360522006 0.3339044190120678 -0.0008711932397047979 -0.1189379816790827
8.876 0.141655379346924 0.21282401225595 0.1425261800456754 0.3317351969039156 -0.0008708006987514378 -0.1189111846479655
8.878 0.1427271987385292 0.2107311047716721 0.1435976071615686 0.3296155044600325 -0.0008704084230393586 -0.1188843996883604
8.88 0.1439090537714606 0.2086926314771791 0.1447790701837903 0.3275502582692917 -0.0008700164123296528 -0.1188576267921126
8.882 0.1452012768056107 0.2067138527190616 0.1460709014719944 0.3255447186701363 -0.0008696246663836816 -0.1188308659510748
8.884 0.1466040634050874 0.2048003951062301 0.1474732965900504 0.3236045122633371 -0.0008692331849630743 -0.118804117157107
8.886 0.1481174263132705 0.2029582720367654 0.1489862682811002 0.3217356524388419 -0.0008688419678297295 -0.1187773804020765
8.888 0.1497411438673318 0.2011939015405549 0.1506095948820776 0.3199445572184129 -0.0008684510147458117 -0.1187506556778581
8.89 0.1514747025158262 0.1995141205998948 0.1523427628413 0.3182380635762283 -0.0008680603254737548 -0.1187239429763335
8.892 0.153317233169 0.1979261949582856 0.1541849030687763 0.3166234372476778 -0.0008676698997762589 -0.1186972422893922
8.894 0.155267441209076 0.1964378232654279 0.1561347209464923 0.3151083768743586 -0.0008672797374162909 -0.1186705536089306
8.896 0.1573235301242955 0.1950571342366882 0.1581904199624526 0.3137010111635408 -0.000866889838157084 -0.1186438769268526
8.898 0.1594831189123499 0.1937926753346947 0.160349619114112 0.312409887569764 -0.0008665002017621382 -0.1186172122350693
8.9 0.1617431536326822 0.1926533913170133 0.1626092644606774 0.3112439508425123 -0.0008661108279952177 -0.118590559525499
8.902 0.164099813780949 0.1916485908470574 0.1649655354975693 0.3102125096371249 -0.0008657217166203536 -0.1185639187900675
8.904 0.1665484145169924 0.1907878992501663 0.1674137473843942 0.3093251892708738 -0.0008653328674018407 -0.1185372900207075
8.906 0.1690833062033282 0.1900811954303723 0.1699482504834325 0.3085918686397316 -0.0008649442801042394 -0.1185106732093593
8.908 0.1716977732055504 0.1895385309659587 0.1725623291600428 0.308022599313929 -0.0008645559544923741 -0.1184840683479703
8.91 0.1743839344634514 0.1891700294984326 0.1752481023537827 0.3076275049269275 -0.000864167890331332 -0.1184574754284949
8.912 0.1771326489504242 0.1889857647465433 0.1779964290378107 0.3074166591894383 -0.0008637800873864652 -0.1184308944428951
8.914 0.1799334297811237 0.1889956158421267 0.1807968223265471 0.3073999412252665 -0.000863392545423389 -0.1184043253831398
8.916 0.1827743713725537 0.1892090992261125 0.1836373766367617 0.3075868674673179 -0.0008630052642079802 -0.1183777682412054
8.918 0.1856420946708593 0.1896351770842435 0.1865047129143657 0.3079864000933188 -0.0008626182435063796 -0.1183512230090753
8.92 0.1885217159743243 0.1902820432597098 0.1893839474574093 0.3086067329384498 -0.0008622314830849885 -0.11832468967874
8.922 0.1913968452461383 0.191156888758642 0.1922586902288487 0.3094550570008393 -0.0008618449827104717 -0.1182981682421974
8.924 0.1942496199450498 0.192265650351327 0.1951110786871996 0.3105373090427794 -0.0008614587421497543 -0.1182716586914524
8.926 0.1970607802292417 0.1936127473321108 0.1979218529904117 0.311857908350628 -0.0008610727611700225 -0.1182451610185172
8.928 0.1998097908289952 0.1952008131718146 0.200670477868534 0.3134194883872258 -0.0008606870395387237 -0.1182186752154112
8.93 0.2024750138674063 0.1970304304850885 0.2033353154444299 0.3152226317592491 -0.0008603015770235656 -0.1181922012741606
8.932 0.2050339353883925 0.1990998793183091 0.2058938517617851 0.3172656185051083 -0.0008599163733925154 -0.1181657391867992
8.934 0.2074634463110342 0.2014049100910706 0.208322977739448 0.3195441990364382 -0.0008595314284138007 -0.1181392889453676
8.936 0.2097401759993532 0.2039385534268266 0.2105993227412091 0.3220514039687403 -0.0008591467418559073 -0.1181128505419136
8.938 0.2118408737042279 0.2066909794137805 0.2126996360177155 0.3247774033822728 -0.0008587623134875812 -0.1180864239684923
8.94 0.2137428299467997 0.2096494183880014 0.2146012080898775 0.327709427605167 -0.0008583781430778264 -0.1180600092171657
8.942 0.2154243266793758 0.2127981540074383 0.2162823209097717 0.3308317602874411 -0.0008579942303959052 -0.1180336062800028
8.944 0.2168651020409655 0.2161185971322146 0.2177227126161768 0.3341258122812946 -0.0008576105752113376 -0.1180072151490801
8.946 0.2180468130093678 0.21958944587039 0.2189040401866617 0.3375702816868708 -0.0008572271772939023 -0.1179808358164808
8.948 0.2189534775306374 0.2231869332136745 0.2198103215670511 0.3411414014879698 -0.0008568440364136334 -0.1179544682742953
8.95 0.219571877036317 0.2268851592020192 0.2204283381886578 0.3448132717166403 -0.0008564611523408238 -0.1179281125146211
8.952 0.2198919008205468 0.2306564998345126 0.2207479793453928 0.3485582683640754 -0.0008560785248460211 -0.1179017685295628
8.954 0.2199068156197773 0.2344720803642307 0.2207625117734774 0.3523475166754625 -0.0008556961537000304 -0.1178754363112319
8.956 0.2196134468654922 0.2383022965801847 0.2204687609041661 0.3561514124319318 -0.0008553140386739127 -0.1178491158517471
8.958 0.2190122622774791 0.2421173645658956 0.2198671944570181 0.3599401717091297 -0.0008549321795389838 -0.1178228071432341
8.96 0.2181073534238238 0.2458878775349506 0.2189619039998906 0.3636843877127761 -0.0008545505760668144 -0.1177965101778255
8.962 0.2169063161954093 0.2495853478698093 0.2177604854234385 0.3673555728174705 -0.0008541692280292317 -0.1177702249476611
8.964 0.2154200363852113 0.2531827134781213 0.2162738245204096 0.370926664923009 -0.0008537881351983152 -0.1177439514448877
8.966 0.2136623912936859 0.2566547899304444 0.2145157985910323 0.3743724795921033 -0.0008534072973464007 -0.1177176896616589
8.968 0.2116498821297804 0.2599786533228645 0.2125029088440265 0.377670092913 -0.0008530267142460757 -0.1176914395901355
8.97 0.2094012146744351 0.263133943080341 0.2102538610601053 0.3807991443028262 -0.0008526463856701828 -0.1176652012224852
8.972 0.2069368470799179 0.2661030785923034 0.2077891133913098 0.3837420531431863 -0.0008522663113918172 -0.1176389745508828
8.974 0.2042785237895436 0.2688713882500764 0.205130410280728 0.3864841478175863 -0.0008518864911843264 -0.1176127595675099
8.976 0.2014488134943518 0.2714271537787553 0.2023003204191731 0.3890137100433105 -0.0008515069248213111 -0.1175865562645552
8.978 0.1984706670095493 0.2737615764356267 0.1993217946216259 0.391321941069841 -0.000851127612076624 -0.1175603646342143
8.98 0.195367008226445 0.2758686744926043 0.1962177567791694 0.3934028591612941 -0.000850748552724369 -0.1175341846686898
8.982 0.1921603681683081 0.2777451233430429 0.193010737914847 0.3952531397032339 -0.000850369746538902 -0.117508016360191
8.984 0.1888725689342635 0.2793900505766461 0.1897225601275583 0.3968719102775807 -0.0008499911932948298 -0.1174818597009346
8.986 0.1855244611975934 0.2808047985317699 0.1863740740903604 0.3982605132149138 -0.0008496128927670102 -0.1174557146831439
8.988 0.1821357161206904 0.2819926662984701 0.182984950965421 0.3994222475975193 -0.0008492348447305512 -0.1174295812990491
8.99 0.178724670185529 0.2829586420724658 0.1795735272344899 0.4003621016133533 -0.0008488570489608107 -0.1174034595408875
8.992 0.1753082195819664 0.2837091353232354 0.1761566990871998 0.4010864847241385 -0.0008484795052333965 -0.1173773494009031
8.994 0.1719017594575603 0.2842517166029603 0.1727498616708844 0.4016029674743073 -0.0008481022133241667 -0.117351250871347
8.996 0.1685191624848969 0.2845948711276563 0.1693668876579062 0.4019200350721333 -0.000847725173009227 -0.117325163944477
8.998 0.1651727907887128 0.2847477706207367 0.1660201391727777 0.4020468592332947 -0.0008473483840649335 -0.117299088612558
9 0.1618735352196238 0.2847200664044759 0.1627205070658917 0.4019930912723374 -0.0008469718462678887 -0.1172730248678615
9.002 0.1586308761860372 0.284521705408278 0.1594774717454322 0.4017686781109441 -0.0008465955593949452 -0.1172469727026661
9.004 0.1554529606822147 0.2841627696612506 0.1562991802054379 0.4013837017705078 -0.0008462195232232027 -0.1172209321092572
9.006 0.1523466907064217 0.2836533389561791 0.1531925344439517 0.4008482420361059 -0.0008458437375300075 -0.1171949030799269
9.008 0.1493178188895358 0.2830033757032199 0.1501632870916287 0.4001722613101943 -0.0008454682020929545 -0.1171688856069744
9.01 0.1463710478033274 0.2822226305148947 0.1472161407200173 0.3993655101976002 -0.0008450929166898839 -0.1171428796827055
9.012 0.143510130050493 0.2813205667536434 0.1443548479315919 0.3984374520530763 -0.0008447178810988838 -0.1171168852994329
9.014 0.140737966831566 0.2803063021013518 0.1415823099266643 0.3973972045508281 -0.0008443430950982874 -0.1170909024494763
9.016 0.138056703220484 0.2791885651491512 0.1389006717789506 0.3962534962743132 -0.0008439685584666738 -0.117064931125162
9.018 0.1354678188507946 0.2779756650292065 0.1363114131217775 0.3950146363480296 -0.0008435942709828679 -0.1170389713188231
9.02 0.1329722131168638 0.2766754721952199 0.1338154333492897 0.3936884952180196 -0.0008432202324259404 -0.1170130230227997
9.022 0.1305702843301252 0.2752954085856552 0.1314131307727004 0.3922824948150936 -0.0008428464425752049 -0.1169870862294384
9.024 0.1282620025425551 0.2738424455565535 0.1291044754437654 0.3908036064876464 -0.0008424729012102216 -0.1169611609310929
9.026 0.1260469759653632 0.2723231081369829 0.126889075573474 0.3892583552571063 -0.0008420996081107933 -0.1169352471201234
9.028 0.1239245110770949 0.2707434843300982 0.1247662376401519 0.3876528291189952 -0.0008417265630569679 -0.116909344788897
9.03 0.1218936666381628 0.2691092383487634 0.1227350204039919 0.385992692278551 -0.0008413537658290361 -0.1168834539297876
9.032 0.1199533019160882 0.2674256268323497 0.1207942831322957 0.3842832013675255 -0.0008409812162075316 -0.1168575745351758
9.034 0.118102119484034 0.2656975172376683 0.1189427283980072 0.3825292238351171 -0.0008406089139732315 -0.1168317065974488
9.036 0.1163387029891752 0.2639294077295117 0.1171789398480824 0.3807352578385125 -0.0008402368589071555 -0.1168058501090009
9.038 0.1146615503033436 0.2621254480148676 0.1155014153541341 0.3789054530771003 -0.0008398650507905653 -0.1167800050622328
9.04 0.1130691024702712 0.2602894606696867 0.1139085959596761 0.3770436321192386 -0.0008394934894049643 -0.116754171449552
9.042 0.1115597688545428 0.2584249625977411 0.1123988910290749 0.3751533118611138 -0.000839122174532098 -0.1167283492633727
9.044 0.1101319488810505 0.2565351863396359 0.1109706999870045 0.373237724835752 -0.0008387511059539524 -0.1167025384961161
9.046 0.1087840507319739 0.2546231010165287 0.1096224310154266 0.3712998401567384 -0.0008383802834527557 -0.1166767391402097
9.048 0.1075145073435133 0.252691432749641 0.1083525170503243 0.3693423839377287 -0.0008380097068109754 -0.1166509511880878
9.05 0.106321790017692 0.2507426844434328 0.1071594293935034 0.3673678590756243 -0.00083763937581132 -0.1166251746321915
9.052 0.1052044199371265 0.2487791548592632 0.1060416892273633 0.3653785643242318 -0.0008372692902367387 -0.1165994094649686
9.054 0.1041609778434587 0.2468029569385541 0.1049978772933291 0.3633766126174275 -0.0008368994498704184 -0.1165736556788733
9.056 0.1031901121133647 0.244816035360169 0.1040266419678605 0.3613639486265359 -0.0008365298544957874 -0.1165479132663669
9.058 0.1022905454405765 0.2428201833377139 0.103126705944473 0.3593423655576309 -0.0008361605038965117 -0.1165221822199169
9.06 0.1014610803082354 0.240817058679289 0.1022968717060919 0.3573135212112868 -0.0008357913978564966 -0.1164964625319978
9.062 0.1007006034130434 0.238808199145113 0.1015360259492033 0.3552789533402035 -0.000835422536159886 -0.1164707541950906
9.064 0.1000080891814608 0.2367950371486235 0.1008431431000519 0.3532400943503063 -0.0008350539185910613 -0.1164450572016828
9.066 0.0993826024984925 0.234778913854689 0.1002172880434271 0.3511982853989578 -0.0008346855449346421 -0.1164193715442687
9.068 0.09882330075108196 0.232761092734057 0.09965761816605745 0.3491547899494063 -0.0008343174149754859 -0.1163936972153493
9.07 0.09832943527104039 0.2307427726374747 0.09916338479953908 0.3471108068449067 -0.0008339495284986861 -0.116368034207432
9.072 0.09790035224646243 0.22872510045605 0.09873393413175201 0.345067482969081 -0.000833581885289574 -0.116342382513031
9.074 0.09753549315543494 0.2267091834359985 0.09836870764056867 0.3430259255606654 -0.0008332144851337169 -0.1163167421246669
9.076 0.09723439476164993 0.2246961012170521 0.09806724208946685 0.3409872142519191 -0.0008328473278169187 -0.116291113034867
9.078 0.09699668869790179 0.2226869176642604 0.09782916911102701 0.3389524129004257 -0.0008324804131252193 -0.1162654952361652
9.08 0.09682210065021825 0.220682692562322 0.09765421439106314 0.336922581283424 -0.0008321137408448931 -0.116239888721102
9.082 0.09671044914251924 0.2186844932407279 0.09754219645328169 0.3348987867229523 -0.0008317473107624512 -0.1162142934822243
9.084 0.09666164390883944 0.2166934061966571 0.09749302503150407 0.3328821157087429 -0.0008313811226646389 -0.1161887095120858
9.086 0.09667568382728961 0.2147105487801971 0.09750669900362804 0.3308736855834437 -0.0008310151763384363 -0.1161631368032466
9.088 0.09675265437682531 0.2127370810036467 0.09758330384839638 0.3288746563519201 -0.000830649471571058 -0.1161375753482734
9.09 0.09689272456437123 0.2107742175332059 0.09772300857252118 0.3268862426729453 -0.0008302840081499519 -0.1161120251397394
9.092 0.09709614325585064 0.2088232399164979 0.09792606204171345 0.3249097260867222 -0.0008299187858628005 -0.1160864861702243
9.094 0.09736323483003832 0.2068855090933855 0.09819278863453584 0.3229464675257001 -0.0008295538044975202 -0.1160609584323146
9.096 0.09769439405872067 0.2049624782306115 0.09852358312256293 0.3209979201492144 -0.0008291890638422586 -0.1160354419186028
9.098 0.09809008010051035 0.2030557059112141 0.09891890466419574 0.3190656425329025 -0.0008288245636853977 -0.1160099366216884
9.1 0.09855080947868924 0.2011668696983887 0.09937926978250479 0.3171513122325659 -0.000828460303815552 -0.1159844425341773
9.102 0.09907714789564787 0.199297780079709 0.09990524417966944 0.3152567397283905 -0.0008280962840215669 -0.1159589596486816
9.104 0.09966970071810506 0.1974503947802053 0.1004974332221976 0.3133838827380255 -0.0008277325040925212 -0.1159334879578202
9.106 0.1003291019485251 0.1956268334117711 0.1011564709123428 0.3115348608659895 -0.0008273689638177244 -0.1159080274542184
9.108 0.101056001479021 0.1938293924014448 0.1018830071420078 0.3097119705319528 -0.0008270056629867171 -0.115882578130508
9.11 0.1018510504055837 0.1920605601102381 0.102677693006973 0.3079177000895653 -0.000826642601389272 -0.1158571399793272
9.112 0.102714884162941 0.19032303201789 0.1035411639417563 0.3061547450112107 -0.0008262797788153912 -0.1158317129933207
9.114 0.1036481032245897 0.188619725806126 0.104474020419645 0.3044260229712656 -0.0008259171950553076 -0.1158062971651396
9.116 0.1046512511001953 0.1869537961221804 0.1054768059500948 0.302734688609622 -0.0008255548498994849 -0.1157808924874416
9.118 0.1057247893546596 0.1853286487455646 0.1065499820977982 0.3010841476984553 -0.000825192743138615 -0.1157554989528906
9.12 0.1068690693715493 0.1837479538137096 0.1076939002461129 0.2994780703678669 -0.0008248308745636211 -0.1157301165541573
9.122 0.1080843005910718 0.182215657684856 0.1089087698350375 0.2979204029687743 -0.0008244692439656538 -0.1157047452839184
9.124 0.1093705149715936 0.1807359929302089 0.1101946228227297 0.2964153780650661 -0.0008241078511360936 -0.1156793851348572
9.126 0.1107275274570798 0.1793134858520948 0.1115512741529464 0.2949675219517583 -0.0008237466958665498 -0.1156540360996636
9.128 0.1121548922849945 0.1779529608209415 0.1129782780629434 0.2935816589919751 -0.0008233857779488587 -0.1156286981710336
9.13 0.113651855043956 0.1766595406138716 0.1144748801411311 0.2922629119555413 -0.0008230250971750856 -0.1156033713416697
9.132 0.1152173004920338 0.1754386418244107 0.1160399651453713 0.2910166974286917 -0.0008226646533375236 -0.115578055604281
9.134 0.1168496962806377 0.1742959642998685 0.1176720007268664 0.2898487152514512 -0.0008223044462286921 -0.1155527509515827
9.136 0.1185470328994866 0.1732374734569738 0.1193689773751279 0.2887649308332703 -0.0008219444756413386 -0.1155274573762965
9.138 0.1203067603691901 0.1722693742351072 0.1211283451105586 0.2877715491062576 -0.0008215847413684366 -0.1155021748711504
9.14 0.1221257224637522 0.1713980753795795 0.1229469477069554 0.2868749788084584 -0.0008212252432031866 -0.1154769034288789
9.142 0.1240000895465609 0.1706301427176902 0.1248209555274999 0.2860817857599129 -0.0008208659809390153 -0.1154516430422227
9.144 0.1259252914490778 0.169972240112659 0.1267457984034474 0.285398633816588 -0.0008205069543695742 -0.115426393703929
9.146 0.1278959522078548 0.169431056871106 0.1287161003711436 0.2848322122778573 -0.0008201481632887418 -0.1154011554067513
9.148 0.1299058288926742 0.1690132205576201 0.1307256185001648 0.2843891487010694 -0.0008197896074906214 -0.1153759281434493
9.15 0.1319477571910186 0.1687251944536795 0.1327671884777881 0.2840759063604687 -0.0008194312867695405 -0.1153507119067892
9.152 0.1340136068407872 0.168573159305335 0.1348326800417072 0.2838986659948784 -0.0008190732009200526 -0.1153255066895434
9.154 0.1360942503932097 0.1685628795495969 0.1369129657429466 0.2838631920340876 -0.0008187153497369344 -0.1153003124844907
9.156 0.1381795491030255 0.1686995549018392 0.1389979068360407 0.2839746841862555 -0.0008183577330151872 -0.1152751292844162
9.158 0.140258359939127 0.1689876590251188 0.141076360289677 0.28423761610723 -0.0008180003505500364 -0.1152499570821113
9.16 0.1423185677335269 0.1694307679739917 0.1431362109356638 0.2846555638443653 -0.0008176432021369304 -0.1152247958703736
9.162 0.1443471462861388 0.1700313821804382 0.1451644325737103 0.2852310278224453 -0.0008172862875715411 -0.1151996456420071
9.164 0.1463302517675051 0.1707907468793434 0.1471471813741549 0.2859652532691654 -0.0008169296066497632 -0.115174506389822
9.166 0.1482533509674133 0.1717086769863598 0.149069924126581 0.2868580550929946 -0.0008165731591677139 -0.1151493781066349
9.168 0.1501013857989804 0.172783393452405 0.1509176027439021 0.2879076542376734 -0.0008162169449217332 -0.1151242607852685
9.17 0.1518589739857783 0.174011378921255 0.1526748349494867 0.2891105333398067 -0.0008158609637083825 -0.1150991544185518
9.172 0.1535106440652211 0.1753872609944204 0.1543261492805455 0.2904613199937406 -0.0008155052153244452 -0.1150740589993202
9.174 0.1550411008073044 0.1769037314469639 0.1558562505068713 0.2919527059673792 -0.0008151496995669271 -0.1150489745204152
9.176 0.1564355149879483 0.1785515092414976 0.1572503094041814 0.2935754102161822 -0.0008147944162330534 -0.1150239009746846
9.178 0.1576798293227822 0.18031935408802 0.1584942686879025 0.2953181924430024 -0.0008144393651202715 -0.1149988383549824
9.18 0.1587610704427548 0.1821941355746358 0.159575154988781 0.2971679222288046 -0.0008140845460262496 -0.1149737866541688
9.182 0.1596676552745915 0.1841609605893492 0.1604813852333404 0.2991097064544594 -0.0008137299587488745 -0.1149487458651102
9.184 0.1603896792654754 0.1862033589733572 0.1612030548685616 0.3011270749540367 -0.0008133756030862553 -0.1149237159806795
9.186 0.1609191737188518 0.18830352426456 0.1617321951976885 0.3032022212583154 -0.0008130214788367187 -0.1148986969937553
9.188 0.1612503201874423 0.1904426032356153 0.1620629877732412 0.3053162921328382 -0.0008126675857988123 -0.1148736888972229
9.19 0.1613796114217513 0.1926010249650148 0.1621919253455225 0.3074497166489882 -0.0008123139237713029 -0.1148486916839734
9.192 0.1613059507316713 0.1947588576686821 0.1621179112242244 0.3095825630155865 -0.0008119604925531749 -0.1148237053469044
9.194 0.1610306846302092 0.1968961797032592 0.1618422919221529 0.3116949095821786 -0.0008116072919436326 -0.1147987298789194
9.196 0.1605575670614491 0.198993450208757 0.1613688213831911 0.3137672154816852 -0.000811254321742098 -0.1147737652729282
9.198 0.15989265708941 0.2010318648827227 0.1607035586711582 0.3157806764045696 -0.0008109015817482108 -0.1147488115218468
9.2 0.15904415534287 0.2029936833687724 0.1598547044146318 0.3177175519873698 -0.0008105490717618298 -0.1147238686185974
9.202 0.1580221874947158 0.204862516598851 0.1588323842862988 0.3195614531549593 -0.0008101967915830293 -0.1146989365561082
9.204 0.1568385453762911 0.2066235649679425 0.1576483901173032 0.3212975802952562 -0.0008098447410121023 -0.1146740153273137
9.206 0.1555063978365088 0.2082638012021938 0.1563158907563583 0.3229129061273481 -0.0008094929198495582 -0.1146491049251543
9.208 0.1540399840903931 0.209772094938571 0.1548491254182892 0.3243963002811479 -0.0008091413278961226 -0.1146242053425769
9.21 0.152454302088969 0.2111392791053736 0.1532630920539218 0.3257385956779077 -0.0008087899649527378 -0.1145993165725341
9.212 0.1507648034846433 0.2123581609529915 0.1515732423154639 0.3269325995609765 -0.0008084388308205628 -0.114574438607985
9.214 0.148987105222644 0.2134234828621772 0.149795193147945 0.3279730543040718 -0.0008080879253009709 -0.1145495714418946
9.216 0.1471367258497906 0.2143318397486401 0.1479444630979862 0.3288565548158741 -0.0008077372481955523 -0.114524715067234
9.218 0.1452288524927988 0.2150815609516681 0.1460362392921049 0.3295814304286486 -0.000807386799306111 -0.1144998694769805
9.22 0.1432781423013527 0.215672564962187 0.1440851788797874 0.3301475996263045 -0.0008070365784346673 -0.1144750346641174
9.222 0.1412985601266432 0.216106195281892 0.1421052467120267 0.3305564059035263 -0.0008066865853834555 -0.1144502106216343
9.224 0.1393032524264176 0.2163850452083692 0.1401095892463726 0.3308104425508956 -0.000806336819954924 -0.1144253973425264
9.226 0.1373044559216358 0.2165127785262251 0.1381104432035875 0.3309133733460207 -0.0008059872819517357 -0.1144005948197956
9.228 0.1353134384092101 0.2164939520652369 0.1361190763803869 0.3308697551116863 -0.0008056379711767672 -0.1143758030464493
9.23 0.1333404683582256 0.2163338449687804 0.1341457572456587 0.3306848669842818 -0.0008052888874331085 -0.1143510220155014
9.232 0.1313948094557156 0.2160382983875756 0.1321997494862397 0.3303645501075471 -0.0008049400305240629 -0.1143262517199715
9.234 0.1294847360805692 0.2156135682431928 0.1302893274808223 0.3299150603960783 -0.0008045914002531466 -0.1143014921528855
9.236 0.1276175657188152 0.2150661927406317 0.1284218087152393 0.3293429360479069 -0.0008042429964240889 -0.1142767433072751
9.238 0.1257997045359826 0.2144028754781224 0.1266035993548235 0.3286548806543009 -0.0008038948188408313 -0.1142520051761784
9.24 0.124036702642305 0.2136303843177919 0.1248402495096126 0.327857662070431 -0.0008035468673075267 -0.1142272777526392
9.242 0.1223333159792866 0.2127554656430591 0.1231365151209151 0.3269580266727664 -0.0008031991416285409 -0.1142025610297073
9.244 0.1206935721828622 0.211784773228353 0.1214964238244706 0.3259626282287918 -0.0008028516416084513 -0.1141778550004388
9.246 0.1191208382105723 0.2107248106693284 0.1199233425776243 0.3248779703272239 -0.0008025043670520455 -0.1141531596578956
9.248 0.1176178879358859 0.2095818861494563 0.1184200452536502 0.3237103611446019 -0.0008021573177643237 -0.1141284749951456
9.25 0.1161869682963714 0.2083620782323893 0.1169887787899219 0.3224658792376521 -0.0008018104935504949 -0.1141038010052627
9.252 0.114829862925709 0.2070712113509605 0.115631326819925 0.3211503490322874 -0.0008014638942159804 -0.114079137681327
9.254 0.1135479524980539 0.2057148396963691 0.1143490700176203 0.3197693247127932 -0.0008011175195664114 -0.1140544850164242
9.256 0.1123422712655305 0.2042982382799406 0.1131430426349381 0.3183280812835868 -0.0008007713694076279 -0.1140298430036462
9.258 0.1112135594780308 0.2028264000329009 0.1120139849215764 0.3168316116689919 -0.0008004254435456811 -0.114005211636091
9.26 0.1101623115422455 0.2013040379171623 0.1109623912840323 0.3152846288240246 -0.0008000797417868305 -0.1139805909068623
9.262 0.10918881990761 0.199735591133621 0.1099885541715475 0.3136915719426909 -0.0007997342639375449 -0.1139559808090699
9.264 0.1082932147659848 0.198125234628749 0.1090926037757893 0.3120566159645785 -0.0007993890098045027 -0.1139313813358294
9.266 0.1074754997239241 0.1964768912112098 0.1082745437031187 0.3103836836914723 -0.0007990439791945898 -0.1139067924802626
9.268 0.1067355836554923 0.1947942456941902 0.1075342828274072 0.3086764599296872 -0.0007986991719149014 -0.113882214235497
9.27 0.1060733089742906 0.193080760575157 0.1068716635620633 0.3069384071698232 -0.0007983545877727406 -0.1138576465946662
9.272 0.10548847657937 0.191339692851861 0.1062864868059456 0.3051727824027706 -0.0007980102265756172 -0.1138330895509096
9.274 0.1049808677336802 0.1895741116505105 0.1057785338218115 0.303382654747883 -0.0007976660881312501 -0.1138085430973725
9.276 0.1045502631289154 0.1877869164100917 0.105347585301163 0.3015709236372979 -0.0007973221722475641 -0.1137840072272062
9.278 0.1041964593790532 0.1859808554261501 0.1049934378577859 0.2997403373597181 -0.0007969784787326918 -0.1137594819335679
9.28 0.1039192831681066 0.1841585446078646 0.1047159181755016 0.2978935118174853 -0.0007966350073949729 -0.1137349672096207
9.282 0.1037186032574438 0.1823224863453412 0.1045148950154867 0.2960329493938748 -0.0007962917580429519 -0.1137104630485335
9.284 0.103594340535319 0.1804750884205649 0.1043902892658044 0.2941610578640461 -0.000795948730485381 -0.1136859694434812
9.286 0.1035464762668071 0.1786186829251608 0.1043420821913384 0.2922801693128052 -0.000795605924531218 -0.1136614863876445
9.288 0.1035750586768844 0.1767555451725844 0.104370322016874 0.2903925590467943 -0.0007952633399896258 -0.1136370138742099
9.29 0.1036802079732492 0.1748879126121682 0.1044751289499192 0.2885004645085382 -0.0007949209766699734 -0.11361255189637
9.292 0.1038621198888747 0.1730180037671339 0.1046566987232565 0.286606104214457 -0.0007945788343818341 -0.1135881004473231
9.294 0.1041210677974608 0.1711480372299575 0.1049153047103958 0.2847116967502308 -0.0007942369129349865 -0.1135636595202733
9.296 0.1044574034278732 0.169280250755457 0.1052512986400126 0.2828194798638877 -0.0007938952121394146 -0.1135392291084307
9.298 0.1048715561763621 0.1674169204959592 0.1056651099081674 0.2809317297009703 -0.0007935537318053047 -0.1135148092050111
9.3 0.1053640309877992 0.16556038042275 0.1061572434595422 0.2790507802259863 -0.0007932124717430493 -0.1134903998032363
9.302 0.1059354047493277 0.1637130419747398 0.1067282761810909 0.2771790428710735 -0.0007928714317632438 -0.1134660008963337
9.304 0.1065863211115382 0.1618774139683712 0.1073788517232149 0.275319026445908 -0.0007925306116766864 -0.1134416124775368
9.306 0.1073174836237476 0.160056122791505 0.108109673635042 0.2734733573315896 -0.0007921900112943798 -0.1134172345400846
9.308 0.1081296470410457 0.1582519328887247 0.1089214966714732 0.2716447999659468 -0.0007918496304275287 -0.1133928670772221
9.31 0.1090236066316146 0.1564677675254238 0.1098151161005021 0.2698362776076239 -0.0007915094688875412 -0.1133685100822001
9.312 0.1100001852838726 0.1547067297920784 0.1107913548103586 0.2680508933403537 -0.000791169526486028 -0.1133441635482753
9.314 0.1110602181844366 0.1529721237782632 0.1118510479874714 0.266291951246973 -0.0007908298030348016 -0.1133198274687099
9.316 0.1122045348103213 0.1512674758072223 0.1129950251086672 0.2645629776439944 -0.0007904902983458762 -0.1132955018367721
9.318 0.1134339379533224 0.1495965555746645 0.1142240889655538 0.2628677422204003 -0.0007901510122314689 -0.1132711866457358
9.32 0.1147491794720223 0.1479633969798543 0.1155389914165263 0.261210278868735 -0.0007898119445039964 -0.1132468818888807
9.322 0.1161509324487691 0.1463723183716442 0.1169404055437452 0.2595949059311365 -0.0007894730949760784 -0.1132225875594923
9.324 0.1176397594176308 0.1448279418556561 0.1184288938810913 0.258026245506518 -0.0007891344634605343 -0.1131983036508619
9.326 0.1192160763267021 0.1433352112211801 0.1200048723764725 0.2565092413774664 -0.0007887960497703849 -0.1131740301562863
9.328 0.1208801119071864 0.1418994079468704 0.1216685697609053 0.2550491750159387 -0.000788457853718851 -0.1131497670690683
9.33 0.122631862146422 0.1405261646325107 0.1234199820215414 0.2536516790150271 -0.0007881198751193534 -0.1131255143825164
9.332 0.1244710396060984 0.1392214750810498 0.125258821719884 0.2523227471709946 -0.0007877821137855135 -0.1131012720899448
9.334 0.1263970173951149 0.137991700122007 0.127184461964646 0.2510687403066804 -0.0007874445695311518 -0.1130770401846734
9.336 0.1284087677048986 0.1368435681262856 0.1291958749470689 0.2498963867863134 -0.0007871072421702881 -0.1130528186600278
9.338 0.1305047949485019 0.1357841690178359 0.131291565080019 0.2488127765271755 -0.0007867701315171418 -0.1130286075093395
9.34 0.1326830637197491 0.1348209404450186 0.1334694969571352 0.2478253471709641 -0.0007864332373861303 -0.1130044067259455
9.342 0.134940922011328 0.1339616446414576 0.1357270185709198 0.2469418609446461 -0.0007860965595918707 -0.1129802163031886
9.344 0.1372750204060208 0.1332143343933848 0.13806078050397 0.246170370627802 -0.000785760097949178 -0.1129560362344172
9.346 0.1396812282864071 0.1325873064512168 0.1404666521386802 0.2455191729642024 -0.0007854238522730647 -0.1129318665129856
9.348 0.1421545484985213 0.1320890406929716 0.1429396363209 0.2449967478252252 -0.0007850878223787421 -0.1129077071322536
9.35 0.1446890323510268 0.1317281233858319 0.1454737843591085 0.2446116814714186 -0.0007847520080816188 -0.1128835580855867
9.352 0.147277697326831 0.1315131530212013 0.1480621137360283 0.2443725723875575 -0.0007844164091973003 -0.1128594193663562
9.354 0.1499124504173772 0.1314526274411572 0.1506965314429188 0.2442879184090961 -0.00078408102554159 -0.112835290967939
9.356 0.1525840205393289 0.1315548113544888 0.1533677663962594 0.2443659842382063 -0.0007837458569304869 -0.1128111728837175
9.358 0.1552819040295333 0.1318275838805724 0.1560653149327135 0.2446146489876523 -0.0007834109031801877 -0.1127870651070799
9.36 0.1579943276988519 0.1322782664766429 0.158777403862959 0.2450412341080632 -0.0007830761641070855 -0.1127629676314203
9.362 0.1607082343078837 0.1329134325085645 0.1614909759474115 0.2456523129587024 -0.0007827416395277685 -0.112738880450138
9.364 0.1634092955486581 0.1337387008138137 0.1641917028779172 0.2464535043704518 -0.0007824073292590212 -0.1127148035566381
9.366 0.1660819576120787 0.1347585168588857 0.1668640308451965 0.2474492538032172 -0.0007820732331178245 -0.1126907369443314
9.368 0.1687095241216905 0.1359759264709926 0.1694912634726119 0.248642607077627 -0.0007817393509213531 -0.1126666806066344
9.37 0.1712742805562451 0.1373923485598958 0.172055686238732 0.2500349830968648 -0.0007814056824869783 -0.112642634536969
9.372 0.1737576632166851 0.1390073546493076 0.1745387354443173 0.2516259533780704 -0.0007810722276322646 -0.1126185987287628
9.374 0.1761404742873149 0.1408184642912984 0.1769212132734899 0.2534130374667474 -0.0007807389861749722 -0.1125945731754491
9.376 0.178403142600799 0.1428209664052403 0.179183548558732 0.255391524275707 -0.0007804059579330561 -0.1125705578704667
9.378 0.1805260273917907 0.145007777118995 0.1813061005345153 0.257554329926255 -0.000780073142724664 -0.11254655280726
9.38 0.1824897597115734 0.1473693446514528 0.1832695002519416 0.2598919026307318 -0.0007797405403681379 -0.112522557979279
9.382 0.1842756134278522 0.1498936110415082 0.1850550215785342 0.2623921844214876 -0.0007794081506820145 -0.1124985733799794
9.384 0.1858658950509255 0.1525660390227286 0.1866449710244105 0.2650406380255509 -0.0007790759734850223 -0.1124745990028223
9.386 0.1872443392438446 0.1553697100491936 0.1880230832524407 0.2678203448904681 -0.0007787440085960837 -0.1124506348412745
9.388 0.1883964950400686 0.158285496458875 0.1891749072959029 0.2707121773476833 -0.0007784122558343135 -0.1124266808888083
9.39 0.1893100867442722 0.1612923071661404 0.1900881674592912 0.2736950443050419 -0.0007780807150190197 -0.1124027371389015
9.392 0.1899753334197659 0.1643674023347643 0.1907530828057356 0.2767462059198019 -0.0007777493859697025 -0.1123788035850376
9.394 0.1903852118835746 0.1674867684938058 0.1911626301520807 0.2798416487145114 -0.000777418268506053 -0.1123548802207056
9.396 0.1905356502513152 0.170625541858382 0.1913127376137632 0.2829565088977819 -0.0007770873624479561 -0.1123309670393999
9.398 0.1904256421970909 0.1737584645397516 0.1912023988647064 0.2860655285743723 -0.0007767566676154874 -0.1123070640346208
9.4 0.1900572760080777 0.1768603561685576 0.1908337021919066 0.2891435273684312 -0.0007764261838289133 -0.1122831711998736
9.402 0.1894356769157897 0.17990658242705 0.1902117728266983 0.2921658709557197 -0.0007760959109086926 -0.1122592885286696
9.404 0.1885688657147878 0.1828735021930351 0.1893446315634632 0.2951089182075605 -0.0007757658486754735 -0.1122354160145254
9.406 0.1874675409580979 0.1857388764187595 0.188242976955048 0.2979504300697226 -0.000775435996950096 -0.1122115536509631
9.408 0.1861447957002882 0.188482224361246 0.1869199020558418 0.3006699257927564 -0.0007751063555535904 -0.1121877014315104
9.41 0.184615782568054 0.1910851161004384 0.1853905594923612 0.3032489754501388 -0.0007747769243071762 -0.1121638593497004
9.412 0.1828973426987482 0.1935313941151589 0.1836717904017804 0.3056714215142307 -0.0007744477030322637 -0.1121400273990718
9.414 0.1810076147367439 0.1958073206959158 0.1817817334282943 0.3079235262690845 -0.0007741186915504534 -0.1121162055731687
9.416 0.1789656396645095 0.1979016518294714 0.179739429554193 0.3099940456950122 -0.000773789889683533 -0.1120923938655407
9.418 0.1767909759129654 0.199805641615307 0.1775644372102189 0.31187423388505 -0.0007734612972534823 -0.112068592269743
9.42 0.1745033371516904 0.2015129840650181 0.1752764700657728 0.3135577848443541 -0.0007731329140824675 -0.1120448007793361
9.422 0.1721222626492495 0.2030197011709269 0.1728950673892423 0.3150407205588128 -0.0007728047399928451 -0.1120210193878859
9.424 0.1696668273645781 0.204323987374779 0.1704393041393853 0.3163212354637432 -0.0007724767748071598 -0.1119972480889642
9.426 0.1671553962075112 0.2054260210595242 0.1679275452258593 0.3173995079356719 -0.0007721490183481436 -0.1119734868761477
9.428 0.1646054243749133 0.2063277535204325 0.165377245845352 0.3182774892634514 -0.0007718214704387177 -0.1119497357430189
9.43 0.1620333034636599 0.207032685175787 0.1628047975945619 0.3189586798589527 -0.0007714941309019905 -0.1119259946831657
9.432 0.1594542512626367 0.2075456376984341 0.160225418262198 0.3194479013886154 -0.0007711669995612574 -0.1119022636901812
9.434 0.1568822417668721 0.2078725294315354 0.1576530818431121 0.3197510721891997 -0.0007708400762400026 -0.1118785427576644
9.436 0.1543299710304191 0.2080201600256355 0.155100484391181 0.3198749919048546 -0.0007705133607618952 -0.1118548318792191
9.438 0.1518088539421877 0.2079960088085469 0.1525790407951385 0.319827139857002 -0.0007701868529507927 -0.1118311310484551
9.44 0.1493290468148293 0.2078080500570453 0.1500989073674601 0.3196154903160326 -0.0007698605526307389 -0.1118074402589873
9.442 0.1468994907550774 0.2074645871369936 0.1476690252147034 0.3192483466414296 -0.0007695344596259633 -0.1117837595044361
9.444 0.1445279710657048 0.206974106449611 0.1452971796394657 0.3187341952280382 -0.0007692085737608816 -0.1117600887784272
9.446 0.1422211883516454 0.2063451512793807 0.1429900712465055 0.3180815793539726 -0.0007688828948600969 -0.1117364280745919
9.448 0.1399848375099784 0.205586214981971 0.1407533949327268 0.3172989923685377 -0.000768557422748395 -0.1117127773865667
9.45 0.1378236913281684 0.2047056524655957 0.1385919234854192 0.3163947891735894 -0.0007682321572507501 -0.1116891367079936
9.452 0.1357416859618996 0.2037116085869541 0.1365095930600919 0.315377114619474 -0.0007679070981923188 -0.11166550603252
9.454 0.1337420060868688 0.202611961880544 0.1345095883322673 0.3142538472343424 -0.0007675822453984447 -0.1116418853537984
9.456 0.1318271679993606 0.2014142819434069 0.1325944255980552 0.313032556608894 -0.0007672575986946554 -0.1116182746654871
9.458 0.1299990993685692 0.2001257987834758 0.1307660325264759 0.3117204727447253 -0.0007669331579066624 -0.1115946739612494
9.46 0.1282592147148147 0.1987533824879961 0.1290258236376751 0.3103244657227504 -0.000766608922860362 -0.1115710832347542
9.462 0.1266084860006021 0.1973035316602855 0.127374770893984 0.3088510341399612 -0.0007662848933818347 -0.1115475024796757
9.464 0.1250475079791876 0.1957823691935898 0.1258134690484849 0.307306300883283 -0.0007659610692973435 -0.1115239316896932
9.466 0.1235765581522782 0.1941956440879714 0.1243421956027115 0.3056960149464632 -0.0007656374504333368 -0.1115003708584918
9.468 0.122195651349706 0.1925487381598096 0.1229609653863224 0.304025558139571 -0.0007653140366164439 -0.1114768199797614
9.47 0.1209045890660098 0.1908466766374192 0.1216695798936833 0.3022999556846169 -0.0007649908276734793 -0.1114532790471977
9.472 0.1197030037772672 0.1890941417745605 0.1204676716006987 0.300523889829062 -0.0007646678234314396 -0.1114297480545015
9.474 0.1185903985226928 0.1872954887438437 0.1193547435464103 0.2987017157392226 -0.0007643450237175033 -0.1114062269953789
9.476 0.1175661820735709 0.1854547631911057 0.11833020450193 0.296837479054647 -0.0007640224283590318 -0.1113827158635413
9.478 0.1166297000326017 0.1835757199393382 0.1173934000697853 0.2949349345920438 -0.0007637000371835691 -0.1113592146527057
9.48 0.1157802622134391 0.1816618424267515 0.116543640063458 0.2929975657833453 -0.0007633778500188397 -0.1113357233565938
9.482 0.1150171666459299 0.179716362547147 0.1157802225126227 0.2910286045160804 -0.0007630558666927514 -0.1113122419689334
9.484 0.1143397205407907 0.1777422806336192 0.1151024546278241 0.2890310511170759 -0.0007627340870333919 -0.1112887704834567
9.486 0.1137472585302561 0.1757423853894759 0.1145096710411251 0.2870076942833779 -0.0007624125108690311 -0.111265308893902
9.488 0.1132391584799798 0.173719273623226 0.1140012496180079 0.2849611308172383 -0.0007620911380281201 -0.1112418571940124
9.49 0.1128148551441506 0.17167536968951 0.1135766251124899 0.2828937850670463 -0.0007617699683392894 -0.1112184153775363
9.492 0.1124738519112223 0.1696129445757902 0.1132353009128537 0.2808079280140176 -0.0007614490016313509 -0.1111949834382274
9.494 0.1122157308624002 0.1675341346057406 0.1129768591001335 0.2787056959755856 -0.0007611282377332975 -0.111171561369845
9.496 0.1120401613400544 0.1654409597561166 0.1128009690165287 0.2765891089222697 -0.0007608076764743 -0.1111481491661531
9.498 0.1119469071986909 0.1633353416055235 0.1127073945163746 0.274460088426445 -0.0007604873176837117 -0.1111247468209214
9.5 0.1119358328870764 0.161219120950456 0.1126960000482675 0.2723204752783805 -0.000760167161191063 -0.1111013543279246
9.502 0.1120069084870613 0.1590940751380125 0.1127667556938874 0.2701720468189552 -0.0007598472068260654 -0.1110779716809427
9.504 0.1121602138122419 0.1569619351762395 0.1129197412666605 0.2680165340500005 -0.0007595274544186092 -0.1110545988737609
9.506 0.11239594164794 0.1548244026915814 0.1131551495517388 0.2658556385917512 -0.0007592079037987624 -0.1110312359001698
9.508 0.1127144001929939 0.1526831668098454 0.1134732887477906 0.2636910495638104 -0.0007588885547967738 -0.111007882753965
9.51 0.1131160147432103 0.1505399210425611 0.1138745841504534 0.2615244604715085 -0.0007585694072430686 -0.1109845394289474
9.512 0.1136013286360383 0.148396380264015 0.1143595790970065 0.2593575861829382 -0.0007582504609682518 -0.1109612059189233
9.514 0.1141710034557986 0.1462542978665174 0.1149289351716017 0.2571921800842212 -0.0007579317158031056 -0.1109378822177038
9.516 0.1148258184782965 0.1441154831828116 0.1155834316498751 0.2550300515019171 -0.0007576131715785897 -0.1109145683191055
9.518 0.1155666693129078 0.1419818192638533 0.1163239641410336 0.2528730834808036 -0.0007572948281258424 -0.1108912642169503
9.52 0.1163945656788008 0.1398552810984542 0.117151542364077 0.2507232510035191 -0.0007569766852761787 -0.1108679699050649
9.522 0.1173106282295943 0.1377379543582737 0.1180672869724554 0.2485826397355552 -0.0007566587428610902 -0.1108446853772816
9.524 0.1183160843174702 0.1356320547461586 0.1190724253181825 0.2464534653735961 -0.0007563410007122469 -0.1108214106274375
9.526 0.1194122625632488 0.1335399480185276 0.1201682860219103 0.2443380936679028 -0.0007560234586614935 -0.1107981456493752
9.528 0.1206005860727192 0.1314641707429789 0.12135629218926 0.2422390611799211 -0.0007557061165408528 -0.1107748904369422
9.53 0.1218825641121753 0.1294074518389699 0.1226379530863579 0.2401590968229614 -0.0007553889741825236 -0.1107516449839915
9.532 0.1232597820270058 0.1273727349328174 0.1240148540584247 0.2381011442171982 -0.0007550720314188794 -0.1107284092843809
9.534 0.1247338891563581 0.1253632015374528 0.1254886444444406 0.2360683848694263 -0.0007547552880824709 -0.1107051833319735
9.536 0.126306584465025 0.123382295040665 0.127061023209031 0.2340642621613027 -0.0007544387440060243 -0.1106819671206376
9.538 0.1279795995806245 0.1214337454529311 0.128733721979647 0.2320925060971777 -0.00075412239902244 -0.1106587606442466
9.54 0.1297546788901204 0.1195215948261604 0.1305084851430852 0.2301571587228395 -0.0007538062529647947 -0.1106355638966791
9.542 0.1316335563164184 0.1176502232057344 0.1323870466220848 0.2282626000775529 -0.0007534903056663389 -0.1106123768718186
9.544 0.1336179283630598 0.1158243749198871 0.1343711029200203 0.226413574483441 -0.000753174556960499 -0.1105891995635539
9.546 0.135709422985249 0.1140491849404293 0.1364622819919298 0.2246152169062083 -0.0007528590066808756 -0.110566031965779
9.548 0.1379095638195989 0.1123302049664922 0.1386621074742601 0.2228730790388851 -0.0007525436546612425 -0.110542874072393
9.55 0.1402197292862945 0.1106734287859915 0.1409719577870301 0.2211931546632913 -0.0007522285007355483 -0.1105197258772998
9.552 0.1426411060682131 0.1090853163574202 0.143393019612951 0.219581903731829 -0.000751913544737916 -0.1104965873744088
9.554 0.1451746364754508 0.1075728159263087 0.1459262352619535 0.218046274483943 -0.0007515987865026407 -0.1104734585576343
9.556 0.1478209592260931 0.1061433833449931 0.1485722434519573 0.2165937227658889 -0.0007512842258641928 -0.1104503394208958
9.558 0.1505803432193129 0.1048049976021644 0.1513313130819701 0.215232227560282 -0.0007509698626572136 -0.1104272299581176
9.56 0.1534526139513188 0.1035661713907965 0.1542032696480353 0.2139703015540261 -0.0007506556967165189 -0.1104041301632296
9.562 0.1564370723362511 0.1024359553515132 0.1571874140641283 0.2128169953816794 -0.0007503417278770971 -0.1103810400301662
9.564 0.1595324058496924 0.1014239344277757 0.1602824338056665 0.211781893980643 -0.0007500279559741086 -0.1103579595528673
9.566 0.1627365921204711 0.1005402145657338 0.163486306501314 0.2108751032910115 -0.000749714380842886 -0.1103348887252777
9.568 0.1660467953664541 0.09979539779370798 0.166796196368773 0.2101072253350552 -0.0007494010023189351 -0.1103118275413472
9.57 0.1694592564090036 0.09920054353667222 0.1702083442292416 0.2094893195317031 -0.0007490878202379318 -0.1102887759950309
9.572 0.1729691774157822 0.09876711387577396 0.1737179522502179 0.2090328479560626 -0.0007487748344357253 -0.1102657340802886
9.574 0.1765706030183093 0.09850690037133349 0.1773190650630576 0.2087496021624189 -0.0007484620447483346 -0.1102427017910855
9.576 0.1802563000287276 0.09843193005471022 0.1810044494797396 0.2086516091761017 -0.0007481494510119515 -0.1102196791213915
9.578 0.184017638635346 0.09855434828794454 0.1847654756884089 0.2087510143531264 -0.0007478370530629384 -0.1101966660651819
9.58 0.187844478677897 0.09888627642170601 0.1885920035286349 0.2090599390381427 -0.0007475248507378269 -0.1101736626164366
9.582 0.191725065368509 0.09943964258564553 0.1924722782123823 0.2095903113547865 -0.0007472128438733213 -0.110150668769141
9.584 0.1956459396003752 0.1002259845538973 0.1963928406326815 0.2103536690711824 -0.0007469010323062956 -0.1101276845172852
9.586 0.1995918687280899 0.1012562244719604 0.2003384581439637 0.2113609343268247 -0.000746589415873793 -0.1101047098548643
9.588 0.2035458043497723 0.1025404163315653 0.2042920823441853 0.2126221611074439 -0.0007462779944130279 -0.1100817447758786
9.59 0.2074888740967338 0.1040874684455371 0.2082348408644952 0.2141462577198704 -0.0007459667677613833 -0.1100587892743333
9.592 0.2114004146563024 0.1059048447947423 0.2121460703920588 0.2159406881389809 -0.0007456557357564127 -0.1100358433442386
9.594 0.2152580531212965 0.107998250956936 0.2160033980195324 0.2180111579365458 -0.0007453448982358384 -0.1100129069796097
9.596 0.2190378431798529 0.1103713123138226 0.2197828774348904 0.2203612924882894 -0.0007450342550375513 -0.1099899801744668
9.598 0.2227144615478244 0.1130252542643819 0.223459185353824 0.222992317187217 -0.0007447238059996122 -0.109967062922835
9.6 0.2262614683370347 0.1159585961075516 0.227005881887995 0.2259027513262962 -0.0007444135509602502 -0.1099441552187446
9.602 0.2296516327193605 0.1191668719201318 0.2303957362091183 0.2290881289763625 -0.0007441034897578622 -0.1099212570562307
9.604 0.2328573223162496 0.1226423929485303 0.2336011159384806 0.2325407613778635 -0.0007437936222310141 -0.1098983684293332
9.606 0.2358509513044123 0.1263740665467127 0.2365944352526307 0.23624955587881 -0.0007434839482184392 -0.1098754893320973
9.608 0.2386054784449466 0.1303472863328332 0.2393486529125056 0.2401999060914062 -0.0007431744675590389 -0.109852619758573
9.61 0.2410949423550547 0.1345439068520231 0.2418378075351466 0.2443736665548384 -0.000742865180091883 -0.1098297597028153
9.612 0.2432950176481349 0.1389423135372735 0.2440375737337911 0.2487492226961576 -0.0007425560856562071 -0.109806909158884
9.614 0.2451835724131985 0.1435175951665136 0.2459258195972899 0.2533016632873577 -0.0007422471840914152 -0.1097840681208441
9.616 0.246741205241091 0.1482418214519015 0.247483143716328 0.2580030580346667 -0.000741938475237078 -0.1097612365827653
9.618 0.2479517389488424 0.1530844231146206 0.2486933689077753 0.2628228376533428 -0.0007416299589329325 -0.1097384145387222
9.62 0.2488026485433684 0.1580126661551467 0.2495439701783873 0.2677282681379414 -0.0007413216350188832 -0.1097156019827947
9.622 0.2492854029201556 0.1629922064710367 0.2500264164234906 0.2726850053801039 -0.0007410135033349997 -0.1096927989090672
9.624 0.2493957032773321 0.1679877059798173 0.2501364088410536 0.2776577112914465 -0.0007407055637215185 -0.1096700053116292
9.626 0.249133606046067 0.1729634874356598 0.2498740038620858 0.2826107086202349 -0.0007403978160188428 -0.1096472211845751
9.628 0.2485035239500179 0.1778842025721995 0.2492436142100854 0.2875086490942037 -0.0007400902600675399 -0.1096244465220042
9.63 0.2475141051467749 0.1827154873129571 0.2482538880424833 0.2923171686309778 -0.0007397828957083437 -0.1096016813180208
9.632 0.2461779967488462 0.1874245786553339 0.2469174724716284 0.2970035042220677 -0.0007394757227821531 -0.1095789255667338
9.634 0.2445115048445298 0.1919808703692098 0.2452506735856599 0.3015370496314672 -0.000739168741130032 -0.1095561792622574
9.636 0.2425341679770167 0.1963563886010357 0.24327302992761 0.305889830999746 -0.00073886195059321 -0.1095334423987103
9.638 0.2402682645466907 0.2005261734562221 0.2410068198977038 0.3100368884264385 -0.0007385553510130797 -0.1095107149702163
9.64 0.2377382765786087 0.2044685581874569 0.2384765255208399 0.313956555158361 -0.0007382489422312001 -0.1094879969709042
9.642 0.2349703327097066 0.2081653432612326 0.2357082754337959 0.3176306316561398 -0.0007379427240892936 -0.1094652883949072
9.644 0.2319916522144703 0.2116018678651887 0.2327292889108995 0.3210444571015525 -0.0007376366964292463 -0.1094425892363639
9.646 0.2288300096390987 0.2147669859952352 0.2295673404981918 0.3241868854846526 -0.0007373308590931088 -0.1094198994894174
9.648 0.2255132364702671 0.2176529578699747 0.2262502616821901 0.3270501770181905 -0.0007370252119230957 -0.1093972191482158
9.65 0.2220687725772573 0.2202552699316058 0.2228054923320189 0.3296298181385179 -0.0007367197547615839 -0.1093745482069121
9.652 0.2185232762775502 0.2225723980947689 0.2192596907650013 0.3319242847544329 -0.0007364144874511148 -0.109351886659664
9.654 0.2149022980895828 0.2246055292781901 0.2156384074994172 0.3339347637788242 -0.0007361094098343917 -0.1093292345006341
9.656 0.2112300197916773 0.226358255751481 0.2119658243134316 0.3356648474754709 -0.0007358045217542819 -0.1093065917239899
9.658 0.2075290574662872 0.2278362556463648 0.208264557289341 0.3371202139702686 -0.000735499823053815 -0.1092839583239038
9.66 0.2038203248668551 0.2290469713236569 0.2045555201804312 0.3383083056182096 -0.0007351953135761824 -0.1092613342945526
9.662 0.2001229517271464 0.2299992953551052 0.2008578427203111 0.3392380149852237 -0.0007348909931647386 -0.1092387196301185
9.664 0.1964542505118305 0.2307032718484099 0.1971888373734935 0.3399193861731981 -0.000734586861663 -0.1092161143247882
9.666 0.192829724520602 0.2311698188556061 0.1935640074395166 0.3403633372283592 -0.0007342829189146443 -0.1091935183727531
9.668 0.1892631101206958 0.231410475764581 0.1899970892854593 0.3405814075327908 -0.0007339791647635118 -0.1091709317682097
9.67 0.1857664460968353 0.2314371779504945 0.1865001216958889 0.3405855324558536 -0.0007336755990536031 -0.1091483545053591
9.672 0.1823501635807278 0.2312620595944997 0.1830835358023569 0.340387846172907 -0.000733372221629081 -0.1091257865784073
9.674 0.1790231906667683 0.2308972844733148 0.1797562596991026 0.3400005124548797 -0.0007330690323342695 -0.109103227981565
9.676 0.1757930665607908 0.2303549036763455 0.1765258325918045 0.3394355823853932 -0.000732766031013652 -0.1090806787090476
9.678 0.1726660608848061 0.2296467385954409 0.173398524102318 0.3387048773505166 -0.0007324632175118744 -0.1090581387550757
9.68 0.1696472945264367 0.2287842871264022 0.1703794551181105 0.3378198952402764 -0.000732160591673742 -0.1090356081138742
9.682 0.1667408591431897 0.2277786507878248 0.1674727172965339 0.3367917375674978 -0.0007318581533442204 -0.109013086779673
9.684 0.163949933087884 0.2266404803678482 0.1646814889902525 0.3356310551145548 -0.0007315559023684358 -0.1089905747467066
9.686 0.1612768921010953 0.2253799377217311 0.162008145939687 0.3343480097309457 -0.0007312538385916734 -0.1089680720092146
9.688 0.1587234136134666 0.2240066714340655 0.159454365575326 0.3329522499955064 -0.0007309519618593789 -0.108945578561441
9.69 0.156290573916861 0.222529804204695 0.1570212241888782 0.3314528986023297 -0.0007306502720171573 -0.1089230943976347
9.692 0.1539789378034394 0.2209579299973528 0.1547092865723502 0.329858549509402 -0.0007303487689107722 -0.1089006195120493
9.694 0.1517886405417588 0.2192991191881067 0.1525186879941449 0.3281772730870499 -0.0007300474523861472 -0.1088781538989432
9.696 0.149719462267487 0.21756093015488 0.1504492085897763 0.3264166277074596 -0.0007297463222893643 -0.1088556975525796
9.698 0.1477708950225292 0.2157504259510707 0.1485003404009959 0.3245836764182971 -0.0007294453784666643 -0.1088332504672263
9.7 0.1459422027872324 0.2138741948983685 0.1466713474079968 0.3226850075355244 -0.0007291446207644463 -0.1088108126371558
9.702 0.1442324749247341 0.2119383741128263 0.1449613189737634 0.3207267581694717 -0.0007288440490292676 -0.1087883840566454
9.704 0.1426406735015873 0.2099486751418013 0.1433692171646951 0.3187146398617786 -0.0007285436631078441 -0.1087659647199772
9.706 0.1411656749698869 0.2079104110357485 0.1418939184327339 0.3166539656571863 -0.0007282434628470494 -0.1087435546214379
9.708 0.1398063066993598 0.2058285243084598 0.1405342501474537 0.3145496780637786 -0.0007279434480939144 -0.1087211537553188
9.71 0.1385613788376127 0.203707615352853 0.1392890224563083 0.3124063774687691 -0.0007276436186956281 -0.1086987621159161
9.712 0.1374297119562351 0.2015519709772066 0.1381570559307347 0.3102283506747373 -0.0007273439744995365 -0.1086763796975307
9.714 0.136410160913002 0.1993655928104133 0.1371372054283551 0.3080195993048814 -0.0007270445153531424 -0.1086540064944681
9.716 0.1355016353285273 0.1971522253961374 0.1362283805696314 0.3057838678971758 -0.0007267452411041064 -0.1086316425010384
9.718 0.1347031170406146 0.1949153838551854 0.1354295631922149 0.303524671566742 -0.0007264461516002447 -0.1086092877115566
9.72 0.1340136748632221 0.192658381045304 0.1347398221099116 0.3012453231656462 -0.0007261472466895312 -0.1085869421203422
9.722 0.1334324769398335 0.1903843541883153 0.1341583254660536 0.2989489599100347 -0.0007258485262200952 -0.1085646057217195
9.724 0.132958800944367 0.1880962909685072 0.1336843509344072 0.2966385694785245 -0.0007255499900402227 -0.1085422785100173
9.726 0.1325920423463397 0.1857970551328259 0.1333172939843381 0.2943170156123952 -0.0007252516379983554 -0.1085199604795693
9.728 0.132331720921582 0.1834894116449436 0.1330566743915251 0.2919870632696573 -0.0007249534699430911 -0.1084976516247137
9.73 0.1321774856553558 0.1811760514624037 0.132902141141079 0.289651403402197 -0.0007246554857231824 -0.1084753519397933
9.732 0.1321291181509601 0.1788596160182924 0.1328534758361476 0.2873126774374481 -0.0007243576851875387 -0.1084530614191558
9.734 0.1321865346240811 0.1765427214978664 0.1329105946922663 0.2849735015550195 -0.0007240600681852227 -0.1084307800571532
9.736 0.1323497865308632 0.1742279830067449 0.1330735491654287 0.2826364908548873 -0.0007237626345654534 -0.1084085078481424
9.738 0.1326190598457405 0.1719180387296264 0.1333425252299181 0.2803042835161113 -0.0007234653841776048 -0.1083862447864849
9.74 0.1329946729733244 0.1696155741783617 0.1337178412901956 0.2779795650449083 -0.0007231683168712046 -0.1083639908665466
9.742 0.1334770732467413 0.1673233466256449 0.1341999446792372 0.2756650927083434 -0.0007228714324959353 -0.1083417460826985
9.744 0.1340668319325923 0.1650442098141533 0.1347894066634939 0.273363720243469 -0.0007225747309016341 -0.1083195104293157
9.746 0.1347646376299689 0.1627811390217449 0.1354869158419072 0.2710784229225232 -0.0007222782119382914 -0.1082972839007783
9.748 0.1355712879173387 0.160537256550826 0.1362932697927947 0.2688123230422967 -0.0007219818754560522 -0.1082750664914707
9.75 0.1364876790668292 0.1583158576925985 0.1372093647881344 0.2665687158883807 -0.0007216857213052145 -0.1082528581957822
9.752 0.1375147936102581 0.1561204371951125 0.1382361833595943 0.2643510962032189 -0.0007213897493362303 -0.1082306590081064
9.754 0.1386536855051416 0.1539547162371298 0.1393747794645413 0.2621631851599717 -0.0007210939593997053 -0.1082084689228419
9.756 0.1399054626125492 0.1518226698755606 0.1406262609638955 0.2600089578099521 -0.0007207983513463968 -0.1081862879343915
9.758 0.1412712661621621 0.14972855489304 0.1419917690871893 0.2578926709302027 -0.0007205029250272168 -0.1081641160371628
9.76 0.1427522468438111 0.1476769379224739 0.1434724545241043 0.2558188911480417 -0.0007202076802932284 -0.1081419532255678
9.762 0.1443495371306416 0.1456727236651937 0.1450694497476372 0.253792523159217 -0.0007199126169956484 -0.1081197994940234
9.764 0.1460642194078584 0.1437211829479864 0.1467838371428443 0.2518188377849371 -0.0007196177349858458 -0.1080976548369507
9.766 0.1478972894542819 0.1418279802807524 0.1486166124883972 0.2499034995295281 -0.0007193230341153411 -0.1080755192487757
9.768 0.1498496148049836 0.1399992004780887 0.1505686433192194 0.2480525932020174 -0.0007190285142358073 -0.1080533927239287
9.77 0.1519218875141761 0.1382413737949322 0.1526406216893752 0.246272649051777 -0.0007187341751990694 -0.1080312752568447
9.772 0.1541145708420965 0.1365614988971915 0.1548330108589536 0.2445706657391548 -0.0007184400168571033 -0.1080091668419633
9.774 0.1564278394130083 0.1349670628419689 0.1571459854520703 0.2429541303156974 -0.000718146039062037 -0.1079870674737285
9.776 0.1588615124383617 0.1334660570793829 0.1595793646800279 0.2414310342259717 -0.0007178522416661494 -0.1079649771465889
9.778 0.1614149796755648 0.1320669883105828 0.1621325383000866 0.2400098841655805 -0.0007175586245218702 -0.1079428958549977
9.78 0.1640871199068263 0.1307788828457147 0.1648043850943081 0.2386997064391273 -0.0007172651874817809 -0.1079208235934125
9.782 0.1668762118810964 0.1296112829066525 0.167593183811495 0.2375100432629483 -0.0007169719303986123 -0.1078987603562958
9.784 0.1697798378731417 0.1285742331185936 0.170496516726267 0.2364509392567077 -0.0007166788531252467 -0.1078767061381141
9.786 0.1727947802870952 0.1276782552405716 0.1735111662426099 0.2355329161739103 -0.0007163859555147166 -0.1078546609333387
9.788 0.1759169120740283 0.1269343090108163 0.1766330053114485 0.2347669337472618 -0.0007160932374202042 -0.1078326247364455
9.79 0.1791410821506654 0.1263537368446838 0.1798568828493605 0.2341643343865986 -0.0007158006986950421 -0.1078105975419148
9.792 0.1824609975049868 0.1259481900402022 0.1831765058441795 0.2337367693844335 -0.0007155083391927123 -0.1077885793442314
9.794 0.1858691042525805 0.1257295341442253 0.1865843204113473 0.2334961042821099 -0.0007152161587668465 -0.1077665701378845
9.796 0.1893564705615403 0.1257097312386001 0.1900713947188115 0.2334543011559683 -0.0007149241572712261 -0.1077445699173682
9.798 0.1929126750792975 0.1259006971522396 0.1936273074138573 0.2336232758294201 -0.0007146323345597808 -0.1077225786771805
9.8 0.1965257052515622 0.126314132024589 0.1972400459420488 0.2340147284364134 -0.0007143406904865906 -0.1077005964118244
9.802 0.200181870686074 0.1269613232715013 0.2008959199109799 0.2346399463873085 -0.0007140492249058832 -0.1076786231158072
9.804 0.2038657374352897 0.1278529208642257 0.2045794953729617 0.2355095796478663 -0.0007137579376720357 -0.1076566587836406
9.806 0.207560089692392 0.1289986859465694 0.2082735565210315 0.2366333893564103 -0.0007134668286395735 -0.1076347034098409
9.808 0.2112459258376002 0.1304072151906931 0.2119591017352633 0.2380199721796218 -0.0007131758976631696 -0.1076127569889287
9.81 0.2149024959500399 0.13208564491467 0.2156153810946375 0.2396764644300994 -0.0007128851445976462 -0.1075908195154294
9.812 0.2185073877223959 0.1340393408157321 0.2192199822916938 0.2416082317996046 -0.0007125945692979731 -0.1075688909838725
9.814 0.2220366670856728 0.1362715811400773 0.2227489712572921 0.2438185525288694 -0.0007123041716192671 -0.1075469713887921
9.816 0.2254650786877027 0.1387832431058377 0.2261770926391195 0.2463083038305646 -0.0007120139514167936 -0.1075250607247269
9.818 0.2287663096132984 0.1415725042775919 0.2294780335218444 0.2490756632638116 -0.0007117239085459652 -0.1075031589862198
9.82 0.2319133173636702 0.1446345721821739 0.2326247514065325 0.2521158383499921 -0.0007114340428623406 -0.1074812661678182
9.822 0.234878720160517 0.1479614565582799 0.2355898645147386 0.2554208388223541 -0.0007111443542216273 -0.1074593822640742
9.824 0.2376352442045764 0.1515417990432146 0.2383460990470561 0.2589793063127585 -0.0007108548424796781 -0.1074375072695439
9.826 0.2401562187684055 0.1553607746304884 0.240866784275898 0.2627764158092767 -0.0007105655074924933 -0.1074156411787883
9.828 0.2424161061817335 0.1594000777374082 0.2431263825308497 0.2667938617237806 -0.0007102763491162199 -0.1073937839863724
9.83 0.2443910501789943 0.1636380031315885 0.2451010375462014 0.2710099388184545 -0.0007099873672071506 -0.107371935686866
9.832 0.2460594230621762 0.1680496283033065 0.2467691216237979 0.2753997245781494 -0.0007096985616217238 -0.1073500962748429
9.834 0.2474023500326735 0.172607099277434 0.24811175996489 0.2799353650223158 -0.0007094099322165258 -0.1073282657448817
9.836 0.2484041881694254 0.1772800165953079 0.2491133096482737 0.2845864606868732 -0.0007091214788482861 -0.1073064440915653
9.838 0.2490529380984702 0.1820359126286934 0.249761771299844 0.2893205439381741 -0.0007088332013738821 -0.1072846313094808
9.84 0.2493405685105098 0.1868408059581748 0.2500491136101601 0.2941036333513947 -0.0007085450996503347 -0.1072628273932199
9.842 0.249263237286711 0.1916598137324856 0.2499714944602458 0.2989008460698643 -0.0007082571735348115 -0.1072410323373787
9.844 0.2488213978773295 0.196457799170656 0.2495293673002141 0.3036770453072137 -0.0007079694228846249 -0.1072192461365576
9.846 0.2480197853871617 0.2012000290401035 0.2487274672347189 0.308397497825465 -0.0007076818475572313 -0.1071974687853615
9.848 0.2468672830914419 0.20585281527682 0.2475746775388521 0.3130285155552197 -0.0007073944474102329 -0.1071757002783996
9.85 0.2453766763147536 0.2103841159733804 0.246083783537055 0.3175380565836658 -0.000707107222301376 -0.1071539406102854
9.852 0.2435643062414636 0.2147640736398801 0.2442711264135521 0.321896263415517 -0.0007068201720885508 -0.107132189775637
9.854 0.241449640844271 0.2189654726772631 0.2421561741409008 0.3260759204463396 -0.0007065332966297925 -0.1071104477690765
9.856 0.2390547833924352 0.2229641030004277 0.2397610299882185 0.3300528175856585 -0.0007062465957832797 -0.1070887145852308
9.858 0.2364039407591127 0.2267390222501947 0.23710990082852 0.3338060124689256 -0.0007059600694073351 -0.1070669902187309
9.86 0.2335228739707827 0.2302727145695928 0.2342285476881431 0.337317989233805 -0.0007056737173604255 -0.1070452746642122
9.862 0.230438352262118 0.2335511490590079 0.2311437398016192 0.3405747169753224 -0.0007053875395011601 -0.1070235679163145
9.864 0.2271776295620866 0.2365637454225809 0.2278827310977749 0.3435656153922627 -0.0007051015356882923 -0.1070018699696818
9.866 0.2237679591584834 0.2393032577439751 0.2244727748642641 0.3462834385629378 -0.0007048157057807187 -0.1069801808189626
9.868 0.2202361586166488 0.2417655896676986 0.2209406886662863 0.3487240901265083 -0.000704530049637478 -0.1069585004588098
9.87 0.2166082331990049 0.2439495555120844 0.2173124777661226 0.3508863843959647 -0.0007042445671177526 -0.1069368288838803
9.872 0.2129090623345247 0.2458566020941907 0.2136130215926055 0.3527717681830264 -0.0007039592580808669 -0.1069151660888357
9.874 0.2091621503494712 0.2474905054601876 0.2098658244718574 0.3543840175285293 -0.0007036741223862882 -0.1068935120683417
9.876 0.2053894398465095 0.2488570554815863 0.2060928290064031 0.3557289222986548 -0.000703389159893626 -0.1068718668170685
9.878 0.2016111838881587 0.2499637396033866 0.2023142882586214 0.3568139699330769 -0.0007031043704626311 -0.1068502303296903
9.88 0.1978458715234704 0.2508194351078463 0.1985486912774236 0.3576480377087324 -0.0007028197539531974 -0.106828602600886
9.882 0.1941102001623392 0.2514341172565698 0.1948127354725646 0.3582411008819084 -0.0007025353102253604 -0.1068069836253386
9.884 0.1904190877826635 0.2518185887298918 0.1911213388218028 0.3586039621276272 -0.0007022510391392962 -0.1067853733977354
9.886 0.186785717866985 0.2519842339940918 0.1874876848075403 0.3587480059068598 -0.0007019669405553231 -0.106763771912768
9.888 0.1832216102131997 0.2519428006580396 0.1839232932275336 0.358684979823172 -0.0007016830143339003 -0.1067421791651324
9.89 0.1797367112536808 0.251706208564885 0.1804381105140164 0.3584268037144137 -0.0007013992603356287 -0.1067205951495287
9.892 0.1763394981665542 0.2512863863091669 0.1770406138449754 0.3579854061698284 -0.0007011156784212494 -0.1066990198606615
9.894 0.1730370917994951 0.2506951340655381 0.1737379240679467 0.3573725873587776 -0.0007008322684516442 -0.1066774532932395
9.896 0.1698353741907848 0.2499440110395292 0.1705359232210726 0.356599906481505 -0.0007005490302878359 -0.1066558954419758
9.898 0.1667391072220241 0.2490442454733073 0.1674393731858151 0.355678591774895 -0.0007002659637909879 -0.1066343463015876
9.9 0.1637520496410335 0.2480066649277776 0.1644520327098559 0.3546194707945743 -0.0006999830688224028 -0.1066128058667967
9.902 0.160877070330227 0.2468416444831057 0.1615767706754705 0.3534329186154346 -0.0006997003452435241 -0.1065912741323289
9.904 0.1581162562562427 0.2455590705223157 0.1588156740491587 0.3521288216152298 -0.0006994177929159347 -0.1065697510929141
9.906 0.1554710140169276 0.2441683178597536 0.1561701494286289 0.3507165546030405 -0.0006991354117013578 -0.1065482367432869
9.908 0.1529421643016167 0.2426782381239665 0.1536410175030783 0.3492049692021524 -0.0006988532014616558 -0.1065267310781859
9.91 0.150530028906695 0.2410971574840703 0.1512286000687538 0.3476023915764242 -0.0006985711620588297 -0.1065052340923539
9.912 0.1482345102072291 0.2394328820049896 0.1489327995005841 0.3459166277855276 -0.0006982892933550213 -0.106483745780538
9.914 0.1460551631839365 0.2376927091175775 0.146753170779149 0.3441549752550671 -0.0006980075952125102 -0.1064622661374896
9.916 0.1439912602527585 0.2358834438866669 0.1446889863202523 0.3423242390446312 -0.0006977260674937151 -0.1064407951579643
9.918 0.1420418492497138 0.2340114189479139 0.142739293959775 0.3404307517846358 -0.0006974447100611937 -0.1064193328367218
9.92 0.14020580499314 0.2320825171579682 0.1409029685159177 0.3384803963264945 -0.0006971635227776419 -0.1063978791685263
9.922 0.1384818748871268 0.230102196160936 0.1391787573926327 0.3364786303090818 -0.000696882505505894 -0.1063764341481458
9.924 0.1368687190493248 0.2280755142160228 0.1375653207074337 0.3344305119863759 -0.0006966016581089229 -0.1063549977703531
9.926 0.135364945448236 0.2260071567563271 0.1360612664286859 0.3323407267862517 -0.0006963209804498388 -0.1063335700299246
9.928 0.1339691405243428 0.223901463257755 0.1346651809967347 0.3302136141793963 -0.0006960404723918905 -0.1063121509216414
9.93 0.1326798957496017 0.2217624540915285 0.1333756558834002 0.3280531945318169 -0.000695760133798464 -0.1062907404402884
9.932 0.1314958305532208 0.2195938571139326 0.1321913105177539 0.3258631956945877 -0.000695479964533083 -0.1062693385806551
9.934 0.1304156120109704 0.2173991338149859 0.1311108119754298 0.3236470791525208 -0.0006951999644594087 -0.1062479453375349
9.936 0.1294379716623783 0.2151815049050128 0.1301328917958195 0.3214080656107381 -0.000694920133441239 -0.1062265607057254
9.938 0.1285617197857932 0.2129439752654518 0.1292563602571357 0.3191491599454803 -0.0006946404713425091 -0.1062051846800286
9.94 0.1277857574268911 0.2106893582292432 0.1284801184049184 0.3168731754844936 -0.0006943609780272916 -0.1061838172552504
9.942 0.1271090864424094 0.2084202991884952 0.1278031680957692 0.3145827576146964 -0.0006940816533597948 -0.1061624584262012
9.944 0.1265308177877676 0.2061392985528201 0.1272246202849719 0.3122804067405154 -0.0006938024972043643 -0.1061411081876954
9.946 0.1260501782453768 0.2038487341024136 0.1267437017548023 0.309968500636965 -0.0006935235094254818 -0.1061197665345514
9.948 0.125666515759966 0.2015508827966714 0.1263597604498537 0.3076493162582635 -0.0006932446898877651 -0.1060984334615921
9.95 0.1253793035177919 0.1992479421116898 0.1260722695562479 0.3053250510753341 -0.0006929660384559683 -0.1060771089636444
9.952 0.1251881428785125 0.1969420509894724 0.1258808304335075 0.3029978440250116 -0.000692687554994981 -0.1060557930355392
9.954 0.1250927652413538 0.1946353104890562 0.1257851744807236 0.3006697961611681 -0.0006924092393698286 -0.1060344856721119
9.956 0.1250930329008567 0.1923298042341246 0.1257851639923024 0.2983429911023264 -0.0006921310914456727 -0.1060131868682018
9.958 0.1251889389217546 0.1900276187542335 0.1258807920328424 0.2960195153728858 -0.0006918531110878093 -0.1059918966186524
9.96 0.1253806060371995 0.1877308638177743 0.1260721813353612 0.2937014787360855 -0.0006915752981616699 -0.1059706149183113
9.962 0.1256682845491889 0.1854416928533608 0.1263595822017217 0.2913910346153912 -0.0006912976525328222 -0.1059493417620304
9.964 0.1260523491846889 0.183162323553183 0.1267433693587559 0.2890904006978484 -0.0006910201740669666 -0.1059280771446655
9.966 0.1265332948350257 0.1808950587470604 0.1272240376976556 0.2868018798081371 -0.0006907428626299402 -0.1059068210610767
9.968 0.1271117310797144 0.1786423076282222 0.1278021967978021 0.2845278811343503 -0.0006904657180877136 -0.1058855735061281
9.97 0.127788375368578 0.1764066074020997 0.1284785641088843 0.2822709418767879 -0.0006901887403063923 -0.1058643344746882
9.972 0.1285640447078514 0.1741906454161322 0.1292539566370036 0.2800337493777614 -0.000689911929152216 -0.1058431039616292
9.974 0.1294396456666362 0.17199728181249 0.1301292809511278 0.2778191637743177 -0.0006896352844915578 -0.1058218819618277
9.976 0.1304161624898438 0.1698295727245121 0.1311055212960347 0.2756302411946764 -0.0006893588061909259 -0.1058006684701643
9.978 0.1314946430726959 0.1676907940119124 0.1321837255668128 0.2734702574934361 -0.0006890824941169614 -0.1057794634815237
9.98 0.1326761825198335 0.1655844654987021 0.1333649888679699 0.2713427324894969 -0.000688806348136439 -0.1057582669907948
9.982 0.1339619039802507 0.1635143756389357 0.134650434348367 0.2692514546318062 -0.0006885303681162677 -0.1057370789928705
9.984 0.135352936417788 0.1614846064891297 0.1360411909717115 0.2672005059717776 -0.0006882545539234886 -0.1057158994826478
9.986 0.1368503889465877 0.1594995588110331 0.137538367852013 0.2651942872660609 -0.0006879789054252765 -0.1056947284550279
9.988 0.1384553213337601 0.1575639770622344 0.1391430247562491 0.2632375429671502 -0.0006877034224889398 -0.1056735659049158
9.99 0.1401687102486362 0.1556829739544963 0.1408561383536181 0.2613353857817172 -0.000687428104981918 -0.1056524118272209
9.992 0.1419914108214313 0.1538620541696258 0.1426785637742031 0.2594933203864823 -0.0006871529527717851 -0.1056312662168566
9.994 0.1439241130676164 0.1521071367178027 0.1446109910333427 0.2577172657865428 -0.0006868779657262466 -0.1056101290687401
9.996 0.1459672927403842 0.150424575304041 0.1466538958840973 0.256013575681834 -0.0006866031437131403 -0.1055890003777931
9.998 0.1481211561964297 0.1488211759341823 0.1488074846830302 0.2543890560731233 -0.0006863284866004366 -0.105567880138941
10 0.1503855789057482 0.1473042108419467 0.1510716329000044 0.2528509791890601 -0.0006860539942562373 -0.1055467683471134
