# sector=12 Eg=157.35553003314317 eta=0.065 area=25.98076211353316 Kexp=9.77792372718546 source_norm2=33.58779786314501 lattice=corrected Np=13 t1=1.0 t3=0.2 V1=10.0 V2=2.0 V3=2.0 requested_mmax=600 lanczos_steps=600 lanczos_breakdown=false residual=5.69758104823298e-13 drude_weight=-4.888351330592577
# omega Re_total Im_total Re_regular Im_regular Re_drude Im_drude
0 -18.08840982960695 -0 0.09925896133111993 -0 -18.18766879093807 -0
0.002 -18.07120360073665 -0.5620682233421253 0.09926238217026638 -0.002976962329604742 -18.17046598290692 -0.5590912610125205
0.004 -18.01977961521825 -1.120972693976162 0.0992726464448847 -0.005954093258430301 -18.11905226166313 -1.115018600717731
0.006 -17.93471649302693 -1.673609061669482 0.09928975942867754 -0.008931561442810803 -18.03400625245561 -1.664677500226672
0.008 -17.81696060948857 -2.216989454349499 0.09931372991766609 -0.01190953565334707 -17.91627433940623 -2.205079918696152
0.01 -17.66780008680335 -2.748295055146484 0.09934457024019644 -0.01488818483209168 -17.76714465704354 -2.733406870314392
0.012 -17.48883025619282 -3.264922303219931 0.09938229627075508 -0.01786767814973355 -17.58821255246357 -3.247054625070198
0.014 -17.28191228126352 -3.764521245400788 0.09942692744793762 -0.02084818506293629 -17.38133920871146 -3.743673060337851
0.016 -17.04912687845991 -4.245025042204034 0.09947848679635844 -0.02382987537172167 -17.14860536525627 -4.221195166832312
0.018 -16.79272517572641 -4.704670137434212 0.09953700095272124 -0.02681291927691565 -16.89226217667913 -4.677857218157296
0.02 -16.51507871963399 -5.14200709353932 0.09960250019591828 -0.02979748743780753 -16.61468121982991 -5.112209606101512
0.022 -16.21863049048289 -5.555902538679345 0.09967501848150542 -0.0327837510298571 -16.3183055089644 -5.523118787649488
0.024 -15.90584853955731 -5.945533038616425 0.09975459348025856 -0.03577188180255533 -16.00560313303756 -5.90976115681387
0.026 -15.57918355315314 -6.310371980047219 0.09984126662105641 -0.03876205213753944 -15.6790248197742 -6.27160992790968
0.028 -15.24103130570443 -6.650170725685168 0.09993508313831886 -0.04175443510675217 -15.34096638884275 -6.608416290578416
0.03 -14.89370061845448 -6.964935378643891 0.1000360921237303 -0.04474920453087032 -14.99373671057822 -6.920186174113021
0.032 -14.53938711497436 -7.25490048534294 0.1001443465827688 -0.04774653503789445 -14.63953146155712 -7.207153950305046
0.034 -14.18015277848039 -7.520500928078694 0.1002599034957017 -0.05074660212196899 -14.28041268197609 -7.469754325956725
0.036 -13.81791107970516 -7.762343128805331 0.1003828238835654 -0.05374958220234643 -13.91829390358872 -7.708593546602985
0.038 -13.45441726312619 -7.981176522962598 0.100513172878992 -0.05675565268264818 -13.55493043600518 -7.92442087027995
0.04 -13.09126325345343 -8.177866083244455 0.1006510198020801 -0.0597649920102965 -13.19191427325551 -8.118101091234159
0.042 -12.72987656922438 -8.353366492252595 0.1007964382415322 -0.06277777973615806 -12.83067300746591 -8.290588712516437
0.044 -12.37152259931469 -8.508698391036791 0.100949506141142 -0.06579419657438745 -12.47247210545583 -8.442904194462404
0.046 -12.01730960291026 -8.644926975307047 0.1011103058917137 -0.06881442446257076 -12.11841990880198 -8.576112550844476
0.048 -11.66819582541244 -8.763143077273945 0.1012789244287875 -0.07183864662196454 -11.76947474984122 -8.69130443065198
0.05 -11.32499817368431 -8.864446760710692 0.1014554533362671 -0.0748670476179433 -11.42645362702057 -8.789579713092749
0.052 -10.98840195673794 -8.949933369975859 0.1016399889560063 -0.07789981342070376 -11.09004194569395 -8.872033556555156
0.054 -10.65897126634976 -9.020681908975156 0.1018326325038066 -0.08093713146603614 -10.76080389885357 -8.939744777509119
0.056 -10.33715964140887 -9.077745581018487 0.1020334901919131 -0.08397919071627713 -10.43919313160078 -8.993766390302209
0.058 -10.02332072652491 -9.122144292386361 0.1022426733582573 -0.08702618172138267 -10.12556339988317 -9.035118110664978
0.06 -9.717718697143392 -9.15485890813798 0.1024602986027235 -0.09007829668002752 -9.820178995746115 -9.064780611457952
0.062 -9.420538278671469 -9.176827045336751 0.1026864879307564 -0.09313572950078211 -9.523224766602224 -9.083691315835969
0.064 -9.131894235195205 -9.188940193746047 0.102921368904465 -0.09619867586329746 -9.234815604099669 -9.09274151788275
0.066 -8.851840244125432 -9.192041964805364 0.1031650748016563 -0.09926733327939796 -8.955005318927089 -9.092774631525966
0.068 -8.580377106806196 -9.186927284355123 0.1034177447830606 -0.102341901154053 -8.683794851589257 -9.08458538320107
0.07 -8.317460272284043 -9.174342361533162 0.103679524068105 -0.105422580846234 -8.421139796352147 -9.068919780686928
0.072 -8.063006672750834 -9.154985284262793 0.103950564119542 -0.1085095757294546 -8.166957236870376 -9.046475708533338
0.074 -7.816900885389917 -9.129507109849239 0.1042310228374134 -0.1116030912519697 -7.921131908227331 -9.017904018597269
0.076 -7.579000647237504 -9.098513336719853 0.1045210647626309 -0.1147033349966167 -7.683521712000135 -8.983810001723235
0.078 -7.349141757946193 -9.062565659824314 0.1048208612907223 -0.1178105167400146 -7.453962619236916 -8.944755143084299
0.08 -7.127142410676996 -9.022183927370309 0.1051305908960256 -0.1209248485112061 -7.232273001573021 -8.901259078859102
0.082 -6.912806994345033 -8.97784823025542 0.1054504393670276 -0.1240465446494359 -7.01825743371206 -8.853801685605983
0.084 -6.705929411622557 -8.930001067718816 0.1057806000531238 -0.1271758218610146 -6.811710011675681 -8.802825245857802
0.086 -6.50629595689918 -8.879049543397343 0.1061212741233962 -0.1303128992751677 -6.612417231022576 -8.748736644122175
0.088 -6.313687797180375 -8.825367555200431 0.10647267083812 -0.1334579984984698 -6.420160468018495 -8.691909556701962
0.09 -6.127883096971044 -8.769297950320109 0.1068350078332841 -0.1366113436679625 -6.234718104804329 -8.632686606652147
0.092 -5.948658825779579 -8.711154623383541 0.1072085114190468 -0.1397731615024091 -6.055867337198626 -8.571381461881131
0.094 -5.775792284180364 -8.651224541364948 0.1075934168925531 -0.1429436813518078 -5.883385701072917 -8.508280860013141
0.096 -5.609062381533094 -8.589769683526224 0.1079899688659351 -0.1461231352445805 -5.717052350399029 -8.443646548281643
0.098 -5.448250695586558 -8.527028888475023 0.1083984216101554 -0.1493117579322843 -5.556649117196713 -8.377717130542738
0.1 -5.293142341372801 -8.463219603528948 0.1088190394154835 -0.1525097869315885 -5.401961380788284 -8.31070981659736
0.102 -5.143526674082134 -8.39853953405931 0.1092520969694315 -0.1557174625630071 -5.252778771051565 -8.242822071496303
0.104 -4.99919784803868 -8.333168192452671 0.1096978797529127 -0.1589350279861231 -5.108895727791593 -8.174233164466548
0.106 -4.859955251493711 -8.267268347855989 0.1101566844556701 -0.1621627292308463 -4.97011193594938 -8.105105618625142
0.108 -4.725603834733433 -8.200987379034675 0.1106288194117832 -0.1654008152241617 -4.836232654145216 -8.035586563810513
0.11 -4.595954346962888 -8.134458533536794 0.1111146050563073 -0.1686495378120028 -4.707068952019195 -7.965808995724791
0.112 -4.470823495577003 -8.067802096973811 0.1116143744041154 -0.1719091517755785 -4.582437869981118 -7.895892945198232
0.114 -4.350034039758055 -8.001126476646938 0.1121284735520516 -0.1751799148415216 -4.462162513310107 -7.825946561805416
0.116 -4.233414828836518 -7.934529204006386 0.1126572622054679 -0.1784620876853034 -4.346072091041986 -7.756067116321082
0.118 -4.120800794508924 -7.868097860561839 0.1132011142305856 -0.1817559339270388 -4.23400190873951 -7.686341926634801
0.12 -4.012032904811271 -7.801910931894398 0.1137604182337406 -0.1850617201189909 -4.125793323045012 -7.616849211775406
0.122 -3.906958086685914 -7.736038594374635 0.1143355781690419 -0.1883797157237951 -4.021293664854956 -7.547658878650839
0.124 -3.805429123043329 -7.670543439088363 0.1149270139758709 -0.1917101930825045 -3.9203561370192 -7.478833246005859
0.126 -3.707304529395199 -7.605481137325218 0.1155351622476715 -0.1950534273713455 -3.822839691642871 -7.410427709953873
0.128 -3.612448414410573 -7.540901051808573 0.1161604769336619 -0.1984096965460796 -3.728608891344235 -7.342491355262494
0.13 -3.520730328112408 -7.476846797647921 0.1168034300752058 -0.2017792812726931 -3.637533758187614 -7.275067516375228
0.132 -3.432025100877647 -7.413356756784779 0.1174645125785562 -0.2051624648429501 -3.549489613456204 -7.208194291941829
0.134 -3.346212675921074 -7.350464549487005 0.1181442350258325 -0.208559533073381 -3.464356910946907 -7.141905016413624
0.136 -3.26317793752336 -7.288199466228372 0.1188431285262564 -0.2119707741860979 -3.382021066049616 -7.076228692042275
0.138 -3.18281053689985 -7.226586863074222 0.1195617456096403 -0.2153964786694571 -3.302372282509491 -7.011190384404765
0.14 -3.105004717291663 -7.165648523483438 0.1203006611643007 -0.2188369391167455 -3.225305378455964 -6.946811584366692
0.142 -3.029659139588728 -7.105402989232825 0.1210604734217825 -0.2222924500406323 -3.150719613010511 -6.883110539192193
0.144 -2.956676709560642 -7.045865862974621 0.1218418049905923 -0.2257633076611189 -3.078518514551234 -6.820102555313502
0.146 -2.885964407569827 -6.987050084751432 0.1226453039416 -0.2292498096642267 -3.008609711511427 -6.757800275087205
0.148 -2.81743312146944 -6.928966184617081 0.1234716449476958 -0.232752254928832 -2.940904766417136 -6.696213929688248
0.15 -2.750997483241327 -6.871622513345386 0.1243215304804076 -0.236270943218307 -2.875319013721735 -6.635351570127079
0.152 -2.686575709803928 -6.815025453053562 0.1251956920663699 -0.2398061748337911 -2.811771401870297 -6.575219278219771
0.154 -2.624089448313565 -6.759179609421007 0.1260948916067437 -0.2433582502251981 -2.750184339920309 -6.515821359195808
0.156 -2.563463626192807 -6.704087987048989 0.1270199227625287 -0.2469274695561821 -2.690483548955336 -6.457160517492807
0.158 -2.50462630604338 -6.649752149379995 0.1279716124092345 -0.2505141322182569 -2.632597918452614 -6.399238017161738
0.16 -2.447508545537844 -6.596172364479297 0.1289508221641965 -0.2541185362896589 -2.57645936770204 -6.342053828189638
0.162 -2.392044262331062 -6.543347737872214 0.1299584499900962 -0.2577409779333288 -2.522002712321158 -6.285606759938885
0.164 -2.338170103988551 -6.491276333530941 0.1309954318783348 -0.2613817507283375 -2.469165535866886 -6.229894582802603
0.166 -2.285825322892596 -6.439955284012311 0.1320627436161148 -0.2650411449285262 -2.417888066508711 -6.174914139083785
0.168 -2.234951656057635 -6.389380890662485 0.1331614026410414 -0.2687194466412908 -2.368113058698676 -6.120661444021194
0.17 -2.185493209762539 -6.33954871472624 0.1342924699872977 -0.2724169369189742 -2.319785679749836 -6.067131777807266
0.172 -2.137396348888446 -6.290453660126339 0.1354570523276022 -0.2761338907546428 -2.272853401216048 -6.014319769371696
0.174 -2.090609590836244 -6.242090048611929 0.1366563041150143 -0.2798705759731763 -2.227265894951258 -5.962219472638752
0.176 -2.045083503886394 -6.194451687913744 0.1378914298289367 -0.2836272520076187 -2.182974933715331 -5.910824435906125
0.178 -2.000770609855461 -6.147531933488071 0.1391636863297111 -0.2874041685502151 -2.139934296185172 -5.860127764937856
0.18 -1.957625290898248 -6.10132374437932 0.1404743853260079 -0.2912015640659977 -2.098099676224256 -5.810122180313322
0.182 -1.915603700300549 -6.055819733684025 0.1418248959594136 -0.2950196641561287 -2.057428596259963 -5.760800069527896
0.184 -1.874663677105759 -6.011012214055265 0.1432166475105417 -0.2988586797568139 -2.017880324616301 -5.712153534298452
0.186 -1.834764664418352 -5.966893238646271 0.1446511322307134 -0.3027188051581775 -1.979415796649065 -5.664174433488093
0.188 -1.795867631228019 -5.923454637855074 0.1461299083032639 -0.3066002158261323 -1.941997539531283 -5.616854422028942
0.19 -1.757934997600175 -5.880688052198319 0.1476546029382836 -0.3105030660089782 -1.905589600538459 -5.57018498618934
0.192 -1.720930563081512 -5.838584961610192 0.1492269156041058 -0.3144274861080601 -1.870157478685618 -5.524157475502133
0.194 -1.684819438172631 -5.797136711434148 0.1508486213986484 -0.3183735797906359 -1.83566805957128 -5.478763131643512
0.196 -1.649567978724048 -5.756334535347764 0.1525215745630076 -0.3223414208206419 -1.802089553287056 -5.433993114527122
0.198 -1.615143723116387 -5.716169575436456 0.154247712139165 -0.3263310495810838 -1.769391435255552 -5.389838525855372
0.2 -1.581515332090887 -5.676632899608194 0.1560290577726143 -0.3303424692589592 -1.737544389863501 -5.346290430349234
0.202 -1.548652531101609 -5.63771551652032 0.1578677256598854 -0.3343756416615204 -1.706520256761495 -5.3033398748588
0.204 -1.516526055066623 -5.599408388169032 0.1597659246396087 -0.3384304826294761 -1.676291979706231 -5.260977905539556
0.206 -1.485107595401757 -5.561702440273169 0.1617259624241221 -0.3425068570096136 -1.646833557825879 -5.219195583263556
0.208 -1.454369749226829 -5.52458857056641 0.1637502499669497 -0.346604573146318 -1.618119999193779 -5.177983997420092
0.21 -1.42428597064106 -5.488057655094936 0.1658413059593196 -0.3507233768475551 -1.59012727660038 -5.137334278247381
0.212 -1.394830523971873 -5.452100552601667 0.1680017614460395 -0.3548629447770908 -1.562832285417913 -5.097237607824576
0.214 -1.365978438908501 -5.416708107063167 0.1702343645483138 -0.3590228772207305 -1.536212803456815 -5.057685229842437
0.216 -1.337705467440005 -5.381871148430555 0.1725419852773817 -0.3632026901697017 -1.510247452717387 -5.018668458260853
0.218 -1.309988042526088 -5.347580491611888 0.1749276204183813 -0.3674018066596667 -1.48491566294447 -4.980178684952221
0.22 -1.282803238437874 -5.313826933720033 0.1773943984592917 -0.3716195472988572 -1.460197636897166 -4.942207386421176
0.222 -1.256128732715881 -5.280601249597082 0.1799455845338034 -0.375855119913545 -1.436074317249684 -4.904746129683536
0.224 -1.229942769703203 -5.247894185613421 0.1825845853401484 -0.3801076082332571 -1.412527355043351 -4.867786577380164
0.226 -1.204224125623296 -5.215696451727778 0.1853149539903336 -0.3843759595326967 -1.38953907961363 -4.831320492195082
0.228 -1.178952075184527 -5.183998711782282 0.1881403947351189 -0.3886589711410638 -1.367092469919646 -4.795339740641218
0.23 -1.154106359707832 -5.152791571995113 0.191064767499404 -0.3929552757233563 -1.345171127207236 -4.759836296271757
0.232 -1.12966715678902 -5.122065567602383 0.1940920921508991 -0.3972633252322119 -1.323759248939919 -4.724802242370171
0.234 -1.105615051524308 -5.091811147589898 0.1972265524110842 -0.4015813734224872 -1.302841603935392 -4.690229774167411
0.236 -1.081931009347057 -5.062018657445691 0.200472499301219 -0.4059074568150266 -1.282403508648276 -4.656111200630664
0.238 -1.058596350544471 -5.032678319854554 0.2038344539982905 -0.4102393739902891 -1.262430804542762 -4.622438945864265
0.24 -1.035592726546632 -5.003780213247705 0.207317109954999 -0.4145746630878349 -1.242909836501631 -4.589205550159869
0.242 -1.012902098107045 -4.975314248113103 0.2109253341137798 -0.4189105773832641 -1.223827432220824 -4.556403670729838
0.244 -0.9905067155227925 -4.947270140966459 0.2146641670184686 -0.423244058811572 -1.205170882541261 -4.524026082154887
0.246 -0.9683891010754651 -4.919637385879184 0.2185388215966184 -0.4275717093048362 -1.186927922672083 -4.492065676574347
0.248 -0.9465320339107433 -4.892405223457906 0.2225546803510489 -0.4318897598129132 -1.169086714261792 -4.460515463644993
0.25 -0.9249185376151849 -4.865562607172302 0.2267172906607738 -0.4361940368801539 -1.151635828275959 -4.429368570292149
0.252 -0.903531870793529 -4.839098166933387 0.2310323578487564 -0.4404799266586806 -1.134564228642285 -4.398618240274707
0.254 -0.8823555210004996 -4.813000169834767 0.2355057356252892 -0.4447423362509154 -1.117861256625789 -4.368257833583852
0.256 -0.8613732024352944 -4.787256477985824 0.2401434134634649 -0.4489756522922495 -1.101516615898759 -4.338280825693575
0.258 -0.8405688578671423 -4.761854503389464 0.2449515004048114 -0.4531736967100168 -1.085520358271954 -4.308680806679448
0.26 -0.8199266653258934 -4.736781159849024 0.2499362047292872 -0.4573296796283017 -1.069862870055181 -4.279451480220723
0.262 -0.7994310501614886 -4.71202281193237 0.2551038088555603 -0.4614361494328805 -1.054534859017049 -4.25058666249949
0.264 -0.7790667031510387 -4.687565221076708 0.2604606387641594 -0.4654849400672892 -1.039527341915198 -4.222080281009419
0.266 -0.7588186054118029 -4.663393488988294 0.2660130271579592 -0.4694671157028059 -1.024831632569762 -4.193926373285488
0.268 -0.7386720609593327 -4.639491998579953 0.271767269494892 -0.4733729130148405 -1.010439330454225 -4.166119085565112
0.27 -0.7186127378332909 -4.615844352798612 0.2777295719458124 -0.4771916814084899 -0.9963423097791033 -4.138652671390122
0.272 -0.6986267187953997 -4.592433311828422 0.2839059902497657 -0.4809118216701903 -0.9825327090451654 -4.111521490158231
0.274 -0.6787005626813223 -4.569240729315722 0.2903023583627167 -0.4845207236839266 -0.969002921044039 -4.084720005631795
0.276 -0.6588213775563228 -4.546247488454627 0.2969242057288767 -0.4880047040436266 -0.9557455832851995 -4.058242784411001
0.278 -0.6389769068807607 -4.523433438998018 0.303776661948612 -0.4913489446200854 -0.9427535688293728 -4.032084494377933
0.28 -0.619155629923857 -4.50077733652418 0.3108643475855329 -0.4945374334068083 -0.9300199775093898 -4.006239903117372
0.282 -0.5993468776687471 -4.478256785594628 0.3181912498517411 -0.4975529092749714 -0.9175381275204881 -3.980703876319656
0.284 -0.5795409654161617 -4.455848188787302 0.325760581946774 -0.5003768126169366 -0.9053015473629358 -3.955471376170365
0.286 -0.5597293432045365 -4.433526703981171 0.3335746249161941 -0.5029892442499572 -0.8933039681207305 -3.930537459731214
0.288 -0.5399047650075427 -4.41126621270183 0.341634551053366 -0.5053689353858036 -0.8815393160609087 -3.905897277316026
0.29 -0.5200614774290804 -4.389039302808374 0.3499402281097067 -0.5074932319430179 -0.870001705538787 -3.881546070865356
0.292 -0.5001954282694848 -4.366817269301003 0.358490003925683 -0.5093380969780961 -0.8586854321951678 -3.857479172322907
0.294 -0.4803044948657673 -4.344570137543803 0.3672804715664733 -0.5108781355272076 -0.8475849664322406 -3.833692002016595
0.296 -0.4603887314924505 -4.322266713706787 0.3763062156631046 -0.5120866466599509 -0.8366949471555551 -3.810180067046836
0.298 -0.4404506343236388 -4.299874667709554 0.3855595414464259 -0.512935708025258 -0.8260101757700647 -3.786938959684297
0.3 -0.4204954214845641 -4.277360654358262 0.3950301889342563 -0.5133962985790903 -0.8155256104188204 -3.763964355779171
0.302 -0.4005313245480742 -4.254690478662692 0.404705035905387 -0.5134384654789184 -0.8052363604534613 -3.741252013183773
0.304 -0.3805698864488166 -4.231829311442906 0.4145677946773448 -0.5130315412528601 -0.7951376811261613 -3.718797770190047
0.306 -0.3606262592021863 -4.20874196121824 0.424598709291017 -0.5121444172348532 -0.7852249684932032 -3.696597543983387
0.308 -0.3407194930498197 -4.185393207938158 0.4347742614709983 -0.5107458788241275 -0.775493754520818 -3.67464732911403
0.31 -0.32087280674814 -4.161748203280453 0.4450668956362442 -0.5088050072933897 -0.7659397023843842 -3.652943195987064
0.312 -0.3011138267439948 -4.137772940921695 0.4554447752085038 -0.506291651549701 -0.7565586019524987 -3.631481289371994
0.314 -0.2814747810470515 -4.113434798298349 0.4658715844007981 -0.5031769713656605 -0.7473463654478496 -3.610257826932689
0.316 -0.2619926318442114 -4.088703148856956 0.4763063914329799 -0.4994340510786108 -0.7382990232771913 -3.589269097778345
0.318 -0.2427091294896705 -4.063550040603541 0.4867035905334276 -0.495038579567462 -0.7294127200230981 -3.56851146103608
0.32 -0.2236707696458362 -4.037950932907412 0.4970129409446759 -0.4899695884618144 -0.7206837105905121 -3.547981344445598
0.322 -0.204928635288575 -4.011885479061842 0.5071797212128599 -0.4842102360855027 -0.7121083565014349 -3.527675242976339
0.324 -0.1865381062588314 -3.985338337187154 0.5171450160725881 -0.4777486197197705 -0.7036831223314195 -3.507589717467384
0.326 -0.168558421281734 -3.958299986909983 0.5268461510000854 -0.4705785936196267 -0.6954045722818194 -3.487721393290356
0.328 -0.1510520810721429 -3.930767524187984 0.5362172858098913 -0.4627005651524895 -0.6872693668820341 -3.468066959035495
0.33 -0.1340840864102198 -3.902745402077972 0.5451901734060306 -0.4541222368570084 -0.6792742598162504 -3.448623165220964
0.332 -0.1177210119010983 -3.87424608165509 0.5536950829683487 -0.4448592586296068 -0.671416094869447 -3.429386823025483
0.334 -0.1020299243727417 -3.845290555207931 0.5616618786149103 -0.434935752163688 -0.6636918029876521 -3.410354803044243
0.336 -0.08707716417248612 -3.815908703769372 0.5690212352752076 -0.4243846697012934 -0.6560983994476938 -3.391524034068079
0.338 -0.07292701747284724 -3.786139453439735 0.5757059636590381 -0.4132479515539311 -0.6486329811318854 -3.372891501885804
0.34 -0.05964031738716424 -3.756030700116622 0.5816524065161391 -0.4015764520070344 -0.6412927239033034 -3.354454248109588
0.342 -0.04727302038438241 -3.725638980233035 0.5868018596931275 -0.3894296112098292 -0.6340748800775099 -3.336209369023206
0.344 -0.03587481128860692 -3.695028875729284 0.5911019646981537 -0.3768748612762745 -0.6269767759867606 -3.318154014453009
0.346 -0.02548779419508695 -3.664272154240422 0.5945080154378299 -0.3639867675790491 -0.6199958096329169 -3.300285386661373
0.348 -0.01614532722504614 -3.633446659556625 0.5969841212004049 -0.3508459202942102 -0.613129448425451 -3.282600739262414
0.35 -0.007871055743350008 -3.602634981766715 0.5985041712577418 -0.3375376056069895 -0.6063752270010918 -3.265097376159725
0.352 -0.0006781913918790794 -3.571922949926329 0.5990525537299384 -0.3241502994204877 -0.5997307451218175 -3.247772650505842
0.354 0.00543092662857525 -3.541398001385571 0.59862459227662 -0.3107740377023743 -0.5931936656480448 -3.230623963683197
0.356 0.01046496543682851 -3.511147489994612 0.5972266780208295 -0.2974987256883914 -0.586761712584001 -3.213648764306221
0.358 0.01444342062061033 -3.481256999483171 0.5948760898130157 -0.2844124522388469 -0.5804326691924053 -3.196844547244325
0.36 0.01739613604261558 -3.451808727962742 0.5916005122183179 -0.2715998752973146 -0.5742043761757023 -3.180208852665428
0.362 0.01936254618328137 -3.422880004769841 0.5874372761045003 -0.2591407396701304 -0.5680747299212189 -3.163739265099711
0.364 0.02039067935489458 -3.394541992231287 0.5824323601626223 -0.2471085797080117 -0.5620416808077278 -3.147433412523275
0.366 0.0205359705164877 -3.366858613231742 0.5766392020874949 -0.2355696477703786 -0.5561032315710072 -3.131288965461363
0.368 0.01985993908830186 -3.339885731810849 0.5701173748143962 -0.2245820957000383 -0.5502574357260943 -3.115303636110811
0.37 0.0184287898504597 -3.313670599634394 0.562931185894487 -0.2141954221530087 -0.5445023960440273 -3.099475177481386
0.372 0.01631199384927184 -3.288251567243651 0.5551482569302369 -0.2044501846879735 -0.5388362630809651 -3.083801382555677
0.374 0.01358090171433746 -3.263658046516784 0.5468381354720029 -0.1953779630496014 -0.5332572337576654 -3.068280083467183
0.376 0.01030743464521411 -3.239910700534261 0.5380709846325998 -0.1870015498379991 -0.5277635499873857 -3.052909150696262
0.378 0.006562889423321172 -3.217021829480228 0.5289163867736761 -0.1793353371966251 -0.522353497350355 -3.037686492283602
0.38 0.00241688403935858 -3.194995916492959 0.5194422878524004 -0.1723858634320989 -0.5170254038130419 -3.02261005306086
0.382 -0.002063539280038218 -3.173830295384316 0.5097140992104835 -0.1661524814861724 -0.5117776384905217 -3.007677813898143
0.384 -0.006814646037293925 -3.153515902552682 0.4997939644130153 -0.1606281115847015 -0.5066086104503092 -2.992887790967981
0.386 -0.01177657684919337 -3.134038077765826 0.4897401907069075 -0.1558000427403647 -0.5015167675561009 -2.978238035025461
0.388 -0.01689375727554665 -3.115377382265252 0.4796068380743834 -0.151650751561054 -0.4965005953499301 -2.963726630704199
0.39 -0.02211516213702208 -3.097510407318687 0.469443453834277 -0.1481587114908917 -0.4915586159712991 -2.949351695827795
0.392 -0.02739444982939571 -3.080410551451797 0.4592949372825205 -0.1452991707153179 -0.4866893871119162 -2.935111380736479
0.394 -0.03268998416891344 -3.064048749724542 0.4492015168358046 -0.143044882095943 -0.481891501004718 -2.921003867628599
0.396 -0.03796476210161054 -3.048394143273112 0.4391988213443029 -0.1413667733564699 -0.4771635834459135 -2.907027369916642
0.398 -0.04318626540529769 -3.033414681708205 0.4293180274435383 -0.1402345501107169 -0.4725042928488359 -2.893180131597488
0.4 -0.04832625355489206 -3.019077654714053 0.4195860657735498 -0.1396172280774881 -0.4679123193284419 -2.879460426636565
0.402 -0.05336051344340675 -3.005350152276939 0.4100258703719291 -0.1394835939113231 -0.4633863838153359 -2.865866558365616
0.404 -0.05826857984984518 -2.992199455390768 0.4006566573484118 -0.1398025964969858 -0.458925237198257 -2.852396858893782
0.406 -0.06303343859450777 -2.979593360882232 0.3914942208994817 -0.1405436723505443 -0.4545276594939894 -2.839049688531688
0.408 -0.06764122235572945 -2.967500445237525 0.3825512366879895 -0.1416770100092583 -0.450192459043719 -2.825823435228267
0.41 -0.07208090723442245 -2.955890273079222 0.3738375645004585 -0.1431737590592044 -0.4459184717348809 -2.812716514020018
0.412 -0.07634401640999178 -2.944733556321143 0.3653605438376004 -0.1450061898287127 -0.4417045602475921 -2.79972736649243
0.414 -0.08042433567789914 -2.934002270103587 0.3571252776468932 -0.1471478098502953 -0.4375496133247923 -2.786854460253292
0.416 -0.08431764430800814 -2.92366973145778 0.3491349007572462 -0.1495734430401514 -0.4334525450652544 -2.774096288417628
0.418 -0.08802146351913015 -2.913710646332023 0.3413908307195264 -0.1522592772280468 -0.4294122942386566 -2.761451369103976
0.42 -0.09153482392411649 -2.904101130189142 0.3338929996978259 -0.1551828852473601 -0.4254278236219424 -2.748918244941782
0.422 -0.09485805254069296 -2.894818706899191 0.3266400668155284 -0.1583232243095695 -0.4214981193562213 -2.736495482589621
0.424 -0.09799257936834732 -2.885842290139055 0.3196296109551475 -0.1616606178750276 -0.4176221903234948 -2.724181672264027
0.426 -0.1009407630823712 -2.877152150996665 0.312858304460148 -0.1651767237180004 -0.4137990675425192 -2.711975427278664
0.428 -0.1037057350668031 -2.868729874981713 0.3063220685163405 -0.1688544913880905 -0.4100278035831437 -2.699875383593622
0.43 -0.1062912607785273 -2.860558311178676 0.3000162112199571 -0.1726781118040871 -0.4063074719984844 -2.687880199374589
0.432 -0.108701617290756 -2.852621515850517 0.29393554948357 -0.1766329612888426 -0.402637166774326 -2.675988554561674
0.434 -0.1109414857821929 -2.844904692415629 0.2880745160129653 -0.1807055419679575 -0.3990160017951582 -2.664199150447671
0.436 -0.1130158577080981 -2.837394129378095 0.2824272526181834 -0.1848834201125758 -0.3954431103262815 -2.652510709265519
0.438 -0.1149299533982825 -2.830077137491704 0.2769876911131566 -0.1891551637069302 -0.3919176445114391 -2.640921973784774
0.44 -0.116689151863843 -2.822941987178953 0.271749623021603 -0.1935102802620882 -0.388438774885446 -2.629431706916865
0.442 -0.118298930649598 -2.815977847003999 0.2667067592517159 -0.1979391556750646 -0.3850056899013139 -2.618038691328934
0.444 -0.1197648146397217 -2.809174723811356 0.2618527808316623 -0.2024329947452869 -0.381617595471384 -2.606741729066069
0.446 -0.1210923328005243 -2.802523404984584 0.2571813817214744 -0.2069837638028692 -0.3782737145219988 -2.595539641181714
0.448 -0.1222869819257194 -2.796015403149152 0.252686304635545 -0.2115841357730525 -0.3749732865612644 -2.584431267376099
0.45 -0.1233541965303138 -2.789642903536496 0.2483613707291533 -0.2162274378940318 -0.3717155672594671 -2.573415465642464
0.452 -0.1242993241201098 -2.783398714139946 0.2442005039216174 -0.2209076022190125 -0.3684998280417273 -2.562491111920934
0.454 -0.1251276051404857 -2.777276218723653 0.240197750552001 -0.2256191189638227 -0.3653253556924867 -2.55165709975983
0.456 -0.1258441569804205 -2.771269332690835 0.2363472949910227 -0.2303569927065572 -0.3621914519714431 -2.540912339984278
0.458 -0.1264539614761418 -2.765372461775067 0.2326434717644143 -0.235116701403149 -0.359097433240556 -2.530255760371918
0.46 -0.1269618554215555 -2.759580463486233 0.2290807746802091 -0.2398941581506679 -0.3560426301017646 -2.519686305335565
0.462 -0.12737252364943 -2.753888611218423 0.2256538633956401 -0.2446856756057708 -0.3530263870450701 -2.509202935612652
0.464 -0.1276904943001836 -2.748292560910344 0.2223575678064637 -0.2494879329490455 -0.3500480621066474 -2.498804627961298
0.466 -0.1279201359420887 -2.742788320137072 0.2191868905945759 -0.2542979452742151 -0.3471070265366646 -2.488490374862857
0.468 -0.1280656562487705 -2.737372219505068 0.2161370082277259 -0.2591130352742949 -0.3442026644764964 -2.478259184230774
0.47 -0.1281311019780423 -2.732040886218829 0.213203270666992 -0.2639308070931966 -0.3413343726450343 -2.468110079125633
0.472 -0.128120360029869 -2.726791219686942 0.210381200003933 -0.2687491222107183 -0.3385015600338021 -2.458042097476224
0.474 -0.1280371593906323 -2.721620369036535 0.207666488219965 -0.2735660772300249 -0.3357036476105973 -2.44805429180651
0.476 -0.1278850737977867 -2.716525712408405 0.2050549942336056 -0.2783799834400552 -0.3329400680313923 -2.438145728968349
0.478 -0.1276675249820199 -2.71150483790927 0.2025427403782084 -0.2831893480294372 -0.3302102653602283 -2.428315489879832
0.48 -0.1273877863642148 -2.706555526102449 0.2001259084326456 -0.2879928568333265 -0.3275136947968604 -2.418562669269122
0.482 -0.1270489871026621 -2.701675733924262 0.1978008353092414 -0.2927893585006084 -0.3248498224119035 -2.408886375423653
0.484 -0.1266541164015652 -2.696863579919301 0.1955640084876853 -0.2975778499747279 -0.3222181248892505 -2.399285729944573
0.486 -0.1262060280051292 -2.692117330693648 0.1934120612704056 -0.302357463187341 -0.3196180892755348 -2.389759867506307
0.488 -0.125707444813675 -2.687435388491677 0.1913417679227449 -0.3071274528705553 -0.3170492127364199 -2.380307935621122
0.49 -0.1251609635684252 -2.682816279808057 0.1893500387510809 -0.3118871853994716 -0.3145110023195062 -2.370929094408585
0.492 -0.1245690595602088 -2.678258644952385 0.1874339151634425 -0.3166361285825937 -0.3120029747236513 -2.361622516369791
0.494 -0.123934091325191 -2.67376122848984 0.1855905647493166 -0.321373842323582 -0.3095246560745076 -2.352387386166258
0.496 -0.1232583052974052 -2.669322870486929 0.1838172764086834 -0.3260999700835446 -0.3070755817060887 -2.343222900403385
0.498 -0.1225438403931598 -2.664942498496179 0.1821114555550196 -0.3308142310778203 -0.3046552959481794 -2.334128267418359
0.5 -0.1217927325075485 -2.660619120219085 0.1804706194118668 -0.3355164131466598 -0.3022633519194153 -2.325102707072425
0.502 -0.1210069189074058 -2.656351816791181 0.1788923924184525 -0.3402063662437833 -0.2998993113258583 -2.316145450547398
0.504 -0.1201882425083143 -2.652139736637307 0.1773745017565908 -0.3448839964909661 -0.297562744264905 -2.307255740146341
0.506 -0.1193384560265545 -2.647982089849498 0.1759147730078123 -0.3495492607511963 -0.2952532290343668 -2.298432829098302
0.508 -0.118459225999277 -2.64387814304366 0.1745111259472908 -0.3542021616766378 -0.2929703519465678 -2.289675981367023
0.51 -0.1175521366682646 -2.639827214654699 0.1731615704790477 -0.358842743191171 -0.2907137071473124 -2.280984471463528
0.512 -0.1166186937245464 -2.635828670633135 0.1718642027150293 -0.3634710863706313 -0.2884828964395757 -2.272357584262504
0.514 -0.1156603279125505 -2.631881920509313 0.1706172011992304 -0.3680873056869221 -0.2862775291117809 -2.263794614822391
0.516 -0.114678398493682 -2.627986413793993 0.1694188232768429 -0.3726915455849031 -0.2840972217705249 -2.25529486820909
0.518 -0.1136741965702853 -2.624141636686834 0.1682674016073391 -0.3772839773636125 -0.2819415981776244 -2.246857659323222
0.52 -0.1126489482718002 -2.620347109066702 0.1671613408195546 -0.381864796335863 -0.2798102890913549 -2.238482312730839
0.522 -0.1116038178054619 -2.616602381739783 0.1660991143062993 -0.3864342192422543 -0.2777029321117612 -2.230168162497529
0.524 -0.1105399103745389 -2.612907033923562 0.1650792611553815 -0.3909924818977426 -0.2756191715299204 -2.22191455202582
0.526 -0.109458274967515 -2.609260670946742 0.1641003832135287 -0.3955398370509113 -0.2735586581810437 -2.213720833895831
0.528 -0.1083599070218353 -2.605662922146645 0.1631611422794708 -0.400076552437574 -0.2715210493013061 -2.205586369709071
0.53 -0.1072457509661509 -2.602113438947256 0.1622602574221467 -0.4046029090119062 -0.2695060083882976 -2.19751052993535
0.532 -0.1061167026452023 -2.598611893102738 0.1613965024197878 -0.4091191993400494 -0.2675132050649901 -2.189492693762688
0.534 -0.1049736116314113 -2.595157975092135 0.1605687033157115 -0.4136257261419266 -0.2655423149471228 -2.181532248950209
0.536 -0.1038172834274768 -2.591751392652547 0.1597757360864291 -0.4181228009686466 -0.2635930195139058 -2.173628591683901
0.538 -0.1026484815642568 -2.588391869439035 0.1590165244176934 -0.4226107430038154 -0.2616650059819502 -2.165781126435219
0.54 -0.1014679295980599 -2.585079143800395 0.1582900375842721 -0.427089877977945 -0.259757967182332 -2.15798926582245
0.542 -0.1002763130115967 -2.581812967661057 0.1575952884291053 -0.43156053718628 -0.257871601440702 -2.150252430474777
0.544 -0.09907428102270077 -2.578593105500101 0.1569313314376566 -0.4360230566011099 -0.2560056124603574 -2.142570048898991
0.546 -0.09786244830479499 -2.575419333419149 0.1562972609033949 -0.4404777760703541 -0.2541597092081899 -2.134941557348795
0.548 -0.09664139662303375 -2.572291438291581 0.1556922091803982 -0.4449250385949539 -0.2523336058034319 -2.127366399696627
0.55 -0.09541167638998724 -2.569209216986299 0.155115345019136 -0.4493651896783324 -0.2505270214091233 -2.119844027307966
0.552 -0.09417380814447246 -2.566172475659616 0.1545658719817486 -0.4537985767415534 -0.248739680126221 -2.112373898918062
0.554 -0.09292828395711827 -2.563181029109562 0.1540430269331641 -0.4582255485985401 -0.2469713108902823 -2.104955480511022
0.556 -0.09167556876617514 -2.560234700187436 0.1535460786044719 -0.4626464549862088 -0.2452216473706471 -2.097588245201227
0.558 -0.09041610164675837 -2.557333319261567 0.1530743262252946 -0.4670616461445587 -0.243490427872053 -2.090271673117009
0.56 -0.08915029701677391 -2.554476723729117 0.1526270982218427 -0.4714714724425736 -0.2417773952386166 -2.083005251286544
0.562 -0.08787854578256979 -2.551664757571718 0.1522037509775455 -0.4758762840457982 -0.2400822967601152 -2.07578847352592
0.564 -0.08660121642719554 -2.548897270951338 0.1518036676533123 -0.4802764306220093 -0.2384048840805078 -2.068620840329329
0.566 -0.08531865604408451 -2.546174119842969 0.151426257064549 -0.4846722610816376 -0.2367449131086335 -2.061501858761331
0.568 -0.08403119131879042 -2.543495165700975 0.15107095261224 -0.4890641233498167 -0.2351021439310304 -2.054431042351158
0.57 -0.08273912946138706 -2.540860275156485 0.1507372112654291 -0.4934523641674819 -0.2334763407268161 -2.047407910989003
0.572 -0.0814427590918799 -2.538269319742964 0.1504245125926952 -0.4978373289187032 -0.2318672716845751 -2.040431990824261
0.574 -0.08014235108095447 -2.535722175647742 0.1501323578402455 -0.5022193614820691 -0.2302747089212 -2.033502814165673
0.576 -0.07883815934833077 -2.533218723487357 0.1498602690543031 -0.5065988041040177 -0.2286984284026338 -2.026619919383339
0.578 -0.07753042162071425 -2.530758848104642 0.1496077882457492 -0.5109759972920904 -0.2271382098664634 -2.019782850812551
0.58 -0.07621936015137865 -2.528342438385704 0.1493744765949358 -0.5153512797262833 -0.2255938367463145 -2.012991158659421
0.582 -0.07490518240331301 -2.525969387095313 0.149159913694688 -0.5197249881870579 -0.224065096098001 -2.006244398908255
0.584 -0.07358808169765199 -2.523639590728945 0.1489636968297311 -0.5240974574983029 -0.2225517785273831 -1.999542133230642
0.586 -0.07226823782912148 -2.521352949380186 0.1487854402907659 -0.5284690204839714 -0.2210536781198874 -1.992883928896215
0.588 -0.07094581765016758 -2.519109366622297 0.1486247747214806 -0.5328400079372336 -0.2195705923716482 -1.986269358685063
0.59 -0.06962097562523192 -2.516908749402623 0.1484813464969943 -0.5372107486008777 -0.2181023221222262 -1.979698000801746
0.592 -0.06829385435665133 -2.514751007948789 0.1483548171322117 -0.5415815691579132 -0.216648671488863 -1.973169438790876
0.594 -0.06696458508360781 -2.512636055685878 0.1482448627186259 -0.5459527942316198 -0.2152094478022337 -1.966683261454258
0.596 -0.0656332881553689 -2.510563809163448 0.1481511733882874 -0.5503247463939228 -0.2137844615436563 -1.960239062769525
0.598 -0.06430007348009159 -2.508534187991681 0.1480734528036318 -0.5546977461814258 -0.2123735262837234 -1.953836441810255
0.6 -0.06296504095038211 -2.506547114785977 0.1480114176719348 -0.5590721121184368 -0.2109764586223169 -1.94747500266754
0.602 -0.06162828084668986 -2.504602515119172 0.1479647972832817 -0.5634481607462041 -0.2095930781299716 -1.941154354372967
0.604 -0.06028987421958951 -2.502700317480782 0.1479333330709645 -0.567826206657788 -0.208223207290554 -1.934874110822995
0.606 -0.05894989325199132 -2.500840453242812 0.14791677819323 -0.5722065625381334 -0.2068666714452213 -1.928633890704678
0.608 -0.05760840160216896 -2.499022856631414 0.14791489713546 -0.5765895392086698 -0.205523298737629 -1.922433317422744
0.61 -0.05626545472851419 -2.497247464704028 0.1479274653318415 -0.5809754456760748 -0.2041929200603557 -1.916272019027953
0.612 -0.05492110019689453 -2.495514217331609 0.1479542688056198 -0.5853645891848583 -0.2028753690025143 -1.91014962814675
0.614 -0.05357537797136397 -2.493823057185367 0.1479951038271554 -0.5897572752731997 -0.2015704817985194 -1.904065781912168
0.616 -0.05222832068899685 -2.492173929727797 0.148049776588985 -0.5941538078318462 -0.2002780972779818 -1.898020121895951
0.618 -0.05087995391958305 -2.490566783207655 0.1481181028971207 -0.598554489165763 -0.1989980568167038 -1.892012294041891
0.62 -0.04953029641082082 -2.489001568658495 0.1481999078779237 -0.6029596200581624 -0.1977302042887445 -1.886041948600332
0.622 -0.04817936031965361 -2.487478239900475 0.148295025699879 -0.6073694998366409 -0.1964743860195326 -1.880108740063835
0.624 -0.0468271514303725 -2.485996753545354 0.148403299309624 -0.6117844264413879 -0.1952304507399965 -1.874212327103966
0.626 -0.04547366936001712 -2.484557069004218 0.1485245801816739 -0.61620469649501 -0.193998249541691 -1.868352372509208
0.628 -0.04411890775162242 -2.483159148497846 0.1486587280812699 -0.620630605373902 -0.1927776358328923 -1.862528543123944
0.63 -0.04276285445582895 -2.481802957069542 0.1488056108398104 -0.6250624472810368 -0.1915684652956394 -1.856740509788505
0.632 -0.04140549170129823 -2.480488462600167 0.148965104142401 -0.6295005153198915 -0.1903705958436993 -1.850987947280275
0.634 -0.04004679625440044 -2.479215635825286 0.1491370913270308 -0.633945101569479 -0.1891838875814313 -1.845270534255807
0.636 -0.03868673956859867 -2.477984450354296 0.1493214631949328 -0.6383964971603573 -0.1880082027635315 -1.839587953193939
0.638 -0.03732528792389406 -2.476794882691307 0.1495181178317387 -0.6428549923514038 -0.1868434057556328 -1.833939890339903
0.64 -0.0359624025567277 -2.475646912257738 0.1497269604390153 -0.6473208766073458 -0.185689362995743 -1.828326035650393
0.642 -0.03459803978068182 -2.474540521416573 0.1499479031758164 -0.6517944386770059 -0.1845459429564982 -1.822746082739567
0.644 -0.03323215109828276 -2.473475695498033 0.150180865009931 -0.6562759666720387 -0.1834130161082138 -1.817199728825995
0.646 -0.03186468330422931 -2.47245242282666 0.1504257715784828 -0.6607657481461675 -0.1822904548827121 -1.811686674680493
0.648 -0.0304955785803343 -2.471470694749803 0.1506825550575762 -0.665264070174941 -0.1811781336379105 -1.806206624574862
0.65 -0.02912477458240584 -2.4705305056673 0.1509511540407434 -0.6697712194358081 -0.1800759286231492 -1.800759286231492
0.652 -0.02775220451934893 -2.469631853062364 0.1512315134258943 -0.6742874822885394 -0.1789837179452432 -1.795344370773825
0.654 -0.02637779722470648 -2.468774737533672 0.151523584310534 -0.6788131448560205 -0.1779013815352405 -1.789961592677651
0.656 -0.02500147722082488 -2.467959162828468 0.1518273238950446 -0.6833484931052312 -0.1768288011158695 -1.784610669723236
0.658 -0.02362316477585849 -2.467185135876767 0.1521426953938012 -0.6878938129285197 -0.1757658601696597 -1.779291322948247
0.66 -0.02224277595379234 -2.466452666826577 0.1524696679539286 -0.6924493902251031 -0.1747124439077209 -1.774003276601474
0.662 -0.02086022265761453 -2.465761769080073 0.1528082165815488 -0.6970155109827484 -0.1736684392391633 -1.768746258097325
0.664 -0.0194754126658129 -2.465112459330702 0.1531583220753324 -0.7015924613596181 -0.1726337347411453 -1.763519997971084
0.666 -0.01808824966231296 -2.464504757601302 0.153519970967221 -0.706180527766385 -0.171608220629534 -1.758324229834917
0.668 -0.01669863325997012 -2.463938687282998 0.1538931554701932 -0.7107799969483963 -0.1705917887301633 -1.753158690334601
0.67 -0.0153064590177194 -2.463414275175068 0.1542778734329583 -0.7153911560680826 -0.1695843324506777 -1.748023119106986
0.672 -0.01391161845148478 -2.46293155152565 0.1546741283014607 -0.7200142927875058 -0.1685857467529455 -1.742917258738145
0.674 -0.01251399903889386 -2.462490550073286 0.1550819290871371 -0.7246496953510572 -0.167595928126031 -1.737840854722229
0.676 -0.01111348421788291 -2.462091308089297 0.1555012903418282 -0.7292976526683007 -0.1666147745597112 -1.732793655420996
0.678 -0.009709953379240577 -2.461733866421029 0.1559322321392842 -0.7339584543970316 -0.1656421855185248 -1.727775412023997
0.68 -0.008303281853109135 -2.461418269535862 0.1563747800632334 -0.7386323910264325 -0.1646780619163425 -1.72278587850943
0.682 -0.006893340889473271 -2.461144565566054 0.1568289652019711 -0.7433197539604379 -0.1637223060914444 -1.717824811605617
0.684 -0.005479997632663353 -2.460912806354416 0.1572948241494319 -0.7480208356012901 -0.1627748217820953 -1.712891970753126
0.686 -0.004063115089842556 -2.460723047500718 0.1577723990127631 -0.7527359294332181 -0.1618355141026057 -1.7079871180675
0.688 -0.002642552093483019 -2.460575348408933 0.158261737426384 -0.757465330106341 -0.160904289519867 -1.703110018302592
0.69 -0.001218163257799249 -2.460469772335267 0.1587628925725518 -0.7622093335207717 -0.159981055830351 -1.698260438814496
0.692 0.0002102010709057744 -2.460406386436948 0.1592759232084692 -0.7669682369108882 -0.1590657221375634 -1.693438149526059
0.694 0.001642694870028605 -2.460385261821782 0.1598008936999684 -0.7717423389298096 -0.1581581988299398 -1.688642922891972
0.696 0.003079476502656969 -2.460406473598501 0.1603378740618331 -0.7765319397340927 -0.1572583975591761 -1.683874533864408
0.698 0.004520708785838962 -2.460470100927842 0.1608869400048215 -0.7813373410686149 -0.1563662312189825 -1.679132759859227
0.7 0.005966559065225113 -2.460576227074389 0.1614481729894769 -0.7861588463516772 -0.1554816139242518 -1.674417380722712
0.702 0.007417199296189808 -2.46072493945915 0.1620216602868229 -0.7909967607603137 -0.154604460990633 -1.669728178698837
0.704 0.008872806131539679 -2.460916329712846 0.1626074950460412 -0.7958513913157832 -0.1537346889145015 -1.665064938397063
0.706 0.01033356101595403 -2.461150493729909 0.1632057763692704 -0.8007230469692733 -0.1528722153533164 -1.660427446760636
0.708 0.01179965028730195 -2.461427531723214 0.1638166093936591 -0.8056120386878166 -0.1520169591063572 -1.655815493035397
0.71 0.01327126528498362 -2.461747548279401 0.1644401053808147 -0.8105186795403233 -0.1511688400958311 -1.651228868739078
0.712 0.0147486024654884 -2.462110652414928 0.1650763818138318 -0.8154432847838432 -0.1503277793483434 -1.646667367631085
0.714 0.0162318635253586 -2.46251695763267 0.1657255625020801 -0.8203861719499147 -0.1494936989767215 -1.642130785682756
0.716 0.01772125553175621 -2.462966581979181 0.1663877776939432 -0.8253476609310908 -0.148666522162187 -1.63761892104809
0.718 0.01921699106086591 -2.463459648102435 0.1670631641977326 -0.8303280740675073 -0.1478461731368667 -1.633131574034928
0.72 0.02071928834437581 -2.463996283310109 0.1677518655110122 -0.8353277362335211 -0.1470325771666364 -1.628668547076588
0.722 0.02222837142429246 -2.464576619628355 0.1684540319585809 -0.8403469749244125 -0.1462256605342884 -1.624229644703942
0.724 0.02374447031636753 -2.465200793860934 0.1691698208393858 -0.8453861203430082 -0.1454253505230182 -1.619814673517926
0.726 0.02526782118243315 -2.465868947648716 0.1698993965826552 -0.8504455054862362 -0.144631575400222 -1.61542344216248
0.728 0.02679866651197008 -2.466581227529468 0.1706429309135682 -0.8555254662315683 -0.1438442644015982 -1.611055761297899
0.73 0.02833725531323139 -2.467337784997839 0.1714006030287787 -0.860626341423231 -0.1430633477155473 -1.606711443574608
0.732 0.02988384331430183 -2.468138776565457 0.1721725997821656 -0.8657484729581303 -0.1422887564678638 -1.602390303607327
0.734 0.03143869317445924 -2.468984363821064 0.1729591158811715 -0.8708922058714204 -0.1415204227067123 -1.598092157949643
0.736 0.03300207470624944 -2.469874713490539 0.1737603540941341 -0.8760578884215688 -0.1407582793878846 -1.59381682506897
0.738 0.03457426510871225 -2.47080999749672 0.1745765254690411 -0.8812458721748323 -0.1400022603603289 -1.589564125321888
0.74 0.03615554921221115 -2.471790393018923 0.1754078495641585 -0.8864565120890607 -0.1392523003519474 -1.585333880929862
0.742 0.03774621973535114 -2.47281608255193 0.176254554691007 -0.8916901665965966 -0.1385083349556558 -1.581125915955333
0.744 0.03934657755449919 -2.473887253964313 0.177116878170199 -0.8969471976861491 -0.1377703006156998 -1.576940056278164
0.746 0.04095693198646494 -2.475004100556027 0.1779950666006868 -0.9022279709835734 -0.1370381346142218 -1.572776129572453
0.748 0.04257760108489281 -2.476166821114831 0.1788893761429674 -0.9075328558311416 -0.1363117750580746 -1.568633965283689
0.75 0.04420891195099869 -2.477375619971568 0.1798000728168743 -0.9128622253653115 -0.1355911608658756 -1.564513394606257
0.752 0.04585120105928706 -2.478630707053902 0.1807274328145836 -0.9182164565926243 -0.1348762317552966 -1.560414250461277
0.754 0.04750481459892664 -2.479932297938285 0.1816717428295114 -0.9235959304635015 -0.1341669282305848 -1.556336367474783
0.756 0.04917010883151424 -2.481280613899911 0.1826333004018244 -0.9290010319436884 -0.1334631915703102 -1.552279581956223
0.758 0.05084745046597711 -2.482675881960214 0.1836124142813111 -0.9344321500829346 -0.132764963815334 -1.54824373187728
0.76 0.05253721705143236 -2.484118334931706 0.1846094048084269 -0.9398896780806927 -0.1320721877569946 -1.544228656851013
0.762 0.054239797388834 -2.485608211459593 0.1856246043143393 -0.9453740133482847 -0.1313848069255053 -1.540234198111308
0.764 0.05595559196232425 -2.487145756059918 0.1866583575408856 -0.950885557567289 -0.1307027655785613 -1.536260198492629
0.766 0.05768501339122689 -2.488731219153606 0.1877110220813765 -0.9564247167435342 -0.1300260086901497 -1.532306502410071
0.768 0.05942848690366787 -2.490364857095948 0.1887829688432273 -0.9619919012562301 -0.1293544819395595 -1.528372955839718
0.77 0.06118645083290614 -2.49204693220099 0.1898745825334937 -0.9675875259017221 -0.1286881317005875 -1.524459406299268
0.772 0.06295935713746961 -2.493777712760191 0.1909862621684061 -0.9732120099312221 -0.1280269050309364 -1.520565702828968
0.774 0.06474767194625949 -2.495557473054563 0.1921184216080591 -0.9788657770817496 -0.1273707496617996 -1.516691695972813
0.776 0.0665518761298815 -2.497386493359718 0.1932714901175124 -0.9845492555996942 -0.1267196139876308 -1.512837237760024
0.778 0.06837246589950075 -2.499265059942889 0.1944459129555957 -0.9902628782560917 -0.1260734470560949 -1.509002181686797
0.78 0.07020995343458039 -2.501193465050997 0.195642151992774 -0.9960070823526744 -0.1254321985581936 -1.505186382698323
0.782 0.07206486754097645 -2.503172006888935 0.1968606863595427 -1.001782309717877 -0.1247958188185662 -1.501389697171059
0.784 0.07393775434089865 -2.505200989586823 0.198102013126858 -1.007589006691558 -0.1241642587859594 -1.497611982895264
0.786 0.07582917799634131 -2.50728072315513 0.1993666480202044 -1.013427624097339 -0.1235374700238631 -1.493853099057791
0.788 0.07773972146769807 -2.50941152342643 0.2006551261690082 -1.019298617201317 -0.1229154047013101 -1.490112906225113
0.79 0.07966998730931743 -2.51159371198229 0.2019680028931528 -1.025202445655676 -0.1222980155838354 -1.486391266326614
0.792 0.0816205985038795 -2.513827616063784 0.2033058545284711 -1.031139573425683 -0.1216852560245916 -1.482688042638101
0.794 0.08359219933756924 -2.51611356846396 0.2046692792931886 -1.037110468698395 -0.1210770799556194 -1.479003099765566
0.796 0.08558545631812683 -2.518451907400452 0.2060588981973935 -1.043115603771279 -0.1204734418792667 -1.475336303629174
0.798 0.087601059137913 -2.520842976366121 0.2074753559976703 -1.04915545491864 -0.1198742968597573 -1.471687521447482
0.8 0.08963972168431614 -2.523287123955592 0.2089193221992191 -1.05523050223371 -0.1192796005149029 -1.468056621721882
0.802 0.09170218309988036 -2.525784703665316 0.2103914921078385 -1.061341229444047 -0.1186893090079582 -1.464443474221268
0.804 0.09378920889464862 -2.528336073664393 0.2118925879342624 -1.067488123697478 -0.1181033790396138 -1.460847949966915
0.806 0.09590159211339044 -2.530941596533409 0.2134233599535175 -1.073671675315833 -0.1175217678401271 -1.457269921217576
0.808 0.09804015456043416 -2.533601638968041 0.2149845877220201 -1.07989237751325 -0.116944433161586 -1.453709261454791
0.81 0.100205748084998 -2.536316571444012 0.2165770813553018 -1.086150726075611 -0.1163713332703038 -1.450165845368401
0.812 0.1023992559300278 -2.539086767839636 0.2182016828693715 -1.092447218997374 -0.1158024269393437 -1.446639548842263
0.814 0.1046215941476786 -2.541912605011817 0.219859267588847 -1.098782356071647 -0.1152376734411684 -1.44313024894017
0.816 0.1068737130847036 -2.544794462320986 0.2215507456251179 -1.105156638429016 -0.1146770325404143 -1.43963782389197
0.818 0.1091565989411184 -2.547732721099987 0.2232770634279051 -1.111570568020117 -0.1141204644867867 -1.43616215307987
0.82 0.1114712754057407 -2.550727764061681 0.2250392054138151 -1.118024647036742 -0.1135679300080744 -1.432703117024939
0.822 0.1138188053721646 -2.553779974639105 0.2268381956754454 -1.124519377265307 -0.1130193903032808 -1.429260597373797
0.824 0.1162002927389874 -2.556889736252001 0.2286750997748573 -1.131055259366511 -0.1124748070358699 -1.425834476885489
0.826 0.1186168842981674 -2.560057431492368 0.230551026625292 -1.137632792073831 -0.1119341423271246 -1.422424639418537
0.828 0.1210697717155196 -2.563283441221591 0.2324671304651349 -1.144252471303415 -0.1113973587496153 -1.419030969918176
0.83 0.1235601936073406 -2.566568143570407 0.2344246129281174 -1.150914789166643 -0.1108644193207767 -1.415653354403764
0.832 0.1260894377174704 -2.569911912832704 0.2364247252140614 -1.157620232876339 -0.1103352874965911 -1.412291679956366
0.834 0.1286588431988552 -2.573315118242821 0.2384687703642303 -1.164369283536316 -0.1098099271653751 -1.408945834706505
0.836 0.1312698030039319 -2.576778122625423 0.2405581056456015 -1.171162414803334 -0.1092883026416696 -1.405615707822089
0.838 0.1339237663880981 -2.580301280905773 0.2426941450483271 -1.178000091409281 -0.108770378660229 -1.402301189496491
0.84 0.1366222415304166 -2.583884938467154 0.2448783619005266 -1.184882767530347 -0.10825612037011 -1.399002170936807
0.842 0.1393667982756985 -2.587529429340924 0.2471122916045544 -1.191810884988668 -0.1077454933288558 -1.395718544352256
0.844 0.1421590710020398 -2.591235074213483 0.2493975344988159 -1.198784871270729 -0.1072384634967761 -1.392450202942754
0.846 0.1450007616174849 -2.595002178232654 0.2517357588488044 -1.205805137345019 -0.1067349972313194 -1.389197040887635
0.848 0.1478936426893938 -2.598831028594606 0.2541287039709315 -1.212872075260084 -0.1062350612815377 -1.385958953334522
0.85 0.1508395607097152 -2.602721891890763 0.2565781834923542 -1.219986055502407 -0.105738622782639 -1.382735836388356
0.852 0.1538404394987635 -2.606675011191839 0.2590860887493937 -1.227147424091271 -0.1052456492506302 -1.379527587100568
0.854 0.1568982837495579 -2.61069060284439 0.2616543923266018 -1.234356499385998 -0.1047561085770439 -1.376334103458392
0.856 0.1600151827142066 -2.614768852953125 0.2642851517379586 -1.24161356857879 -0.1042699690237521 -1.373155284374335
0.858 0.1631933140325256 -2.618909913519101 0.2669805132503872 -1.248918883843327 -0.1037871992178616 -1.369991029675774
0.86 0.1664349477023074 -2.623113898202113 0.2697427158489997 -1.256272658107416 -0.1033077681466922 -1.366841240094697
0.862 0.1697424501891328 -2.627380877672062 0.2725740953419671 -1.263675060414474 -0.1028316451528343 -1.363705817257588
0.864 0.1731182886719426 -2.631710874511148 0.2754770886012284 -1.271126210835718 -0.1023587999292858 -1.36058466367543
0.866 0.1765650354186658 -2.636103857625339 0.2784542379333318 -1.27862617489148 -0.101889202514666 -1.357477682733858
0.868 0.1800853722840127 -2.640559736120199 0.2815081955725188 -1.286174957436764 -0.1014228232885061 -1.354384778683435
0.87 0.1836820953184686 -2.645078352591592 0.2846417282850817 -1.293772495961541 -0.100959632966613 -1.351305856630051
0.872 0.1873581194744883 -2.649659475778211 0.2878577220709962 -1.301418653252751 -0.1004996025965079 -1.348240822525461
0.874 0.1911164833921374 -2.654302792518188 0.291159186945073 -1.309113209360255 -0.1000427035529356 -1.345189583157933
0.876 0.1949603542416137 -2.659007898947121 0.2945492617750583 -1.316855852804083 -0.09958890753344456 -1.342152046143037
0.878 0.1988930325950899 -2.663774290869969 0.2980312191491272 -1.324646170955434 -0.09913818655403735 -1.339128119914536
0.88 0.2029179572942929 -2.668601353234114 0.3016084702391808 -1.332483639518708 -0.09869051294488793 -1.336117713715406
0.882 0.2070387102726647 -2.673488348624757 0.305284569618791 -1.340367611035782 -0.09824585934612631 -1.333120737588976
0.884 0.2112590212832378 -2.678434404698877 0.3090632199869271 -1.348297302328702 -0.09780419870368935 -1.330137102370175
0.886 0.2155827724735574 -2.683438500467299 0.3129482767387928 -1.356271780790398 -0.09736550426523539 -1.327166719676901
0.888 0.2200140027378328 -2.688499451328858 0.3169437523139557 -1.364289949427364 -0.09692974957612288 -1.324209501901494
0.89 0.2245569117641059 -2.693615892754414 0.3210538202395566 -1.372350530552088 -0.09649690847545077 -1.321265362202326
0.892 0.2292158636795751 -2.698786262512794 0.3252828187717358 -1.380452048017296 -0.09606695509216073 -1.318334214495498
0.894 0.2339953901802656 -2.704008781324827 0.3296352540214643 -1.388592807878186 -0.0956398638411987 -1.315415973446641
0.896 0.238900193012467 -2.7092814318267 0.3341158024322032 -1.396770877363874 -0.09521560941973624 -1.312510554462825
0.898 0.2439351456515702 -2.714601935719553 0.3387293124550196 -1.404984062034976 -0.09479416680344938 -1.309617873684577
0.9 0.2491052939989046 -2.719967728978666 0.3434808052417593 -1.413229881000679 -0.09437551124285469 -1.306737847977988
0.902 0.2544158558894442 -2.725375934993702 0.3483754741491457 -1.421505540066768 -0.09395961825970144 -1.303870394926933
0.904 0.259872219171683 -2.730823335511801 0.3534186828151015 -1.429807902686412 -0.09354646364341851 -1.30101543282539
0.906 0.265479938084895 -2.736306339257408 0.3586159615325107 -1.438133458587563 -0.0931360234476158 -1.298172880669845
0.908 0.2712447276195864 -2.741820948108667 0.3639730016062248 -1.446478289956858 -0.09272827398663835 -1.295342658151809
0.91 0.2771724555024178 -2.747362720720208 0.3694956473345907 -1.454838035069787 -0.09232319183217294 -1.292524685650421
0.912 0.2832691313970341 -2.752926733496605 0.3751898852069401 -1.463207849271462 -0.09192075380990605 -1.289718884225143
0.914 0.2895408928584095 -2.758507538842346 0.3810618298546415 -1.471582363233791 -0.09152093699623204 -1.286925175608555
0.916 0.2959939875187078 -2.764099120643058 0.387117706233719 -1.479955638443823 -0.09112371871501118 -1.284143482199234
0.918 0.3026347509174492 -2.769694846970707 0.3933638274518254 -1.488321119915979 -0.09072907653437616 -1.281373727054728
0.92 0.3094695793199498 -2.775287420055522 0.3998065675835364 -1.496671586170911 -0.09033698826358659 -1.27861583388461
0.922 0.3165048967941332 -2.780868823630164 0.4064523287440639 -1.504999096586531 -0.08994743194993068 -1.275869727043632
0.924 0.3237471157381714 -2.786430267831062 0.4133075016138445 -1.513294936306111 -0.08956038587567304 -1.273135331524952
0.926 0.3312025899726984 -2.791962131939468 0.4203784185277463 -1.521549558986016 -0.08917582855504791 -1.270412572953452
0.928 0.3388775594323318 -2.797453905364843 0.4276712981636291 -1.529752527785704 -0.08879373873129739 -1.267701377579138
0.93 0.3467780854137431 -2.80289412741796 0.4351921807874964 -1.537892455147335 -0.0884140953737533 -1.265001672270624
0.932 0.3549099752682421 -2.808270326594792 0.4429468529432046 -1.545956942086099 -0.0880368776749625 -1.262313384508693
0.934 0.3632786953675269 -2.81356896029813 0.4509407604153814 -1.55393251791819 -0.08766206504785451 -1.25963644237994
0.936 0.3718892711283768 -2.818775356164972 0.4591789082513278 -1.561804581594478 -0.08728963712295099 -1.256970774570494
0.938 0.3807461728659506 -2.82387365644822 0.467665746611567 -1.569557346088402 -0.08691957374561642 -1.254316310359818
0.94 0.3898531862620218 -2.828846767221682 0.4764050412353706 -1.5771737876071 -0.08655185497334875 -1.251672979614582
0.942 0.3992132662963884 -2.833676314540853 0.4853997273694987 -1.584635601758239 -0.08618646107311033 -1.249040712782614
0.944 0.4088283736126493 -2.838342610096472 0.4946517461313467 -1.591923169209545 -0.08582337251869734 -1.246419440886927
0.946 0.4186992924850723 -2.842824629341139 0.5041618624732203 -1.599015533821324 -0.08546256998814797 -1.243809095519815
0.948 0.4288254298435974 -2.847100005544565 0.5139294642047857 -1.605890396707543 -0.08510403436118827 -1.241209608837023
0.95 0.4392045952145123 -2.851145043729986 0.5239523419312272 -1.612524130177998 -0.08474774671671494 -1.238620913551987
0.952 0.4498327619700092 -2.854934758946052 0.5342264503003241 -1.6188918160159 -0.08439368833031496 -1.236042942930151
0.954 0.4607038109686717 -2.858442943811985 0.5447456516404926 -1.624967313028645 -0.08404184067182086 -1.23347563078334
0.956 0.4718092585316502 -2.861642270708302 0.5555014439345516 -1.63072335924409 -0.08369218540290141 -1.230918911464211
0.958 0.4831379717536059 -2.864504434329175 0.566482676128293 -1.636131714468402 -0.08334470437468706 -1.228372719860772
0.96 0.4946758754022769 -2.867000340515352 0.5776752550277064 -1.641163349124392 -0.0829993796254296 -1.22583699139096
0.962 0.5064056561167328 -2.869100347287355 0.589061849494928 -1.645788685290066 -0.0826561933781952 -1.223311661997289
0.964 0.5183064712598515 -2.870774563725467 0.6006215992984424 -1.649977895583904 -0.08231512803859085 -1.220796668141563
0.966 0.5303536715821642 -2.871993211717066 0.6123298377746871 -1.653701264917417 -0.08197616619252295 -1.218291946799649
0.968 0.5425185487549498 -2.872727054530373 0.6241578393589381 -1.656929619074056 -0.08163929060398828 -1.215797435456318
0.97 0.5547681207476678 -2.872947894593551 0.6360726049605638 -1.659634822493411 -0.08130448421289602 -1.213313072100141
0.972 0.5670649698363178 -2.872629140688867 0.648036699969239 -1.661790345470415 -0.08097173013292114 -1.210838795218451
0.974 0.5793671495824674 -2.871746441962561 0.6600081612318552 -1.663371898170195 -0.08064101164938788 -1.208374543792366
0.976 0.5916281782291073 -2.870278382685876 0.6719404904462908 -1.664358125394013 -0.08031231221718346 -1.205920257291862
0.978 0.6037971363993225 -2.868207227616213 0.6837827518580237 -1.664731351945294 -0.07998561545870117 -1.203475875670919
0.98 0.6158188865221852 -2.86551970320166 0.6954797916839977 -1.664478363838949 -0.07966090516181246 -1.201041339362711
0.982 0.6276344298135612 -2.862207794924941 0.7069725950914287 -1.66359120565008 -0.07933816527786756 -1.198616589274861
0.984 0.6391814136990444 -2.858269536067454 0.7181987936187686 -1.662067969282706 -0.07901737991972424 -1.196201566784749
0.986 0.6503947981336758 -2.853709758451452 0.72909333149348 -1.659913544716576 -0.07869853335980417 -1.193796213734875
0.988 0.6612076832995983 -2.848540771729998 0.7395892933277748 -1.657140299301715 -0.07838161002817647 -1.191400472428283
0.99 0.6715522937280062 -2.842782935038826 0.7496188882386743 -1.653768649414805 -0.07806659451066808 -1.189014285624021
0.992 0.6813611052442748 -2.836465083816802 0.7591145767912751 -1.649827487284121 -0.07775347154700026 -1.186637596532681
0.994 0.6905680917056359 -2.829624775809531 0.7680103177345873 -1.645354426997567 -0.07744222602895139 -1.184270348811964
0.996 0.6991100589006921 -2.822308324056479 0.7762429018992369 -1.640395837494161 -0.07713284299854488 -1.181912486562318
0.998 0.7069280239713158 -2.814570591206294 0.7837533316175782 -1.635006636883682 -0.07682530764626234 -1.179563954322613
1 0.7139685911605913 -2.806474528736418 0.790488196469873 -1.629249831670546 -0.07651960530928165 -1.177224697065871
1.002 0.7201852694465252 -2.798090456218714 0.796400990916264 -1.623195796023662 -0.07621572146973886 -1.174894660195051
1.004 0.725539675458275 -2.789495089016725 0.8014533172112897 -1.616921299477852 -0.07591364175301468 -1.172573789538873
1.006 0.7300025665441896 -2.780770336794694 0.8056159184702336 -1.610508305446998 -0.07561335192604396 -1.170262031347695
1.008 0.7335546542129143 -2.772001908850347 0.8088694921085628 -1.604042576560905 -0.07531483789564854 -1.167959332289442
1.01 0.7361871572664281 -2.763277774363228 0.8112052429733213 -1.597612134917657 -0.07501808570689318 -1.165665639445571
1.012 0.7379020662515927 -2.754686535046609 0.8126251477930563 -1.591305634739515 -0.07472308154146355 -1.163380900307094
1.014 0.7387121054768072 -2.74631577349469 0.813141917192874 -1.585210710724048 -0.07442981171606676 -1.161105062770641
1.016 0.7386403946015987 -2.738250442144277 0.8127786572824518 -1.579412367009711 -0.07413826268085315 -1.158838075134566
1.018 0.7377198274005367 -2.730571355055872 0.8115682484183968 -1.57399146896077 -0.07384842101786014 -1.156579886095102
1.02 0.7359921994408203 -2.723353837938407 0.809552472880297 -1.56902339319585 -0.07356027343947669 -1.154330444742557
1.022 0.7335071279829648 -2.716666581672287 0.8067809347698937 -1.564576881114729 -0.07327380678692882 -1.152089700557558
1.024 0.7303208156001585 -2.710570732001683 0.803309823628944 -1.560713128594355 -0.07298900802878545 -1.149857603407328
1.026 0.7264947133821791 -2.705119234232436 0.7992005776416635 -1.557485130690421 -0.07270586425948442 -1.147634103542016
1.028 0.7220941401082795 -2.700356437867296 0.794518502806158 -1.554937286276234 -0.07242436269787846 -1.145419151591063
1.03 0.7171869107699512 -2.696317953212298 0.7893314014557518 -1.553105254652689 -0.07214449068580057 -1.143212698559609
1.032 0.7118420219185521 -2.693030740960977 0.7837082576052007 -1.552016045136033 -0.0718662356866486 -1.141014695824944
1.034 0.7061284333074301 -2.690513407188641 0.7777180185914191 -1.551688312055648 -0.07158958528398895 -1.138825095132993
1.036 0.7001139760607136 -2.68877667034469 0.7714285032408923 -1.552132821749841 -0.07131452718017871 -1.136643848594848
1.038 0.6938644079774945 -2.687823963721169 0.7649054571725008 -1.553353055037837 -0.07104104919500637 -1.134470908683332
1.04 0.6874426272974927 -2.687652136266518 0.7582117665618432 -1.555345908036911 -0.07076913926435047 -1.132306228229607
1.042 0.6809080478793267 -2.688252216109563 0.7514068333181828 -1.558102455689746 -0.07049878543885611 -1.130149760419817
1.044 0.6743161316596951 -2.689610204273568 0.7445461075423242 -1.561608745481802 -0.07022997588262911 -1.128001458791766
1.046 0.6677180686765095 -2.69170787027994 0.7376807675484567 -1.565846593048298 -0.06996269887194718 -1.125861277231643
1.048 0.6611605908912855 -2.69452352617604 0.7308575336852741 -1.570794356205272 -0.0696969427939885 -1.123729169970769
1.05 0.6546859034617676 -2.69803276055065 0.7241185996073443 -1.576427668968258 -0.06943269614557668 -1.121605091582393
1.052 0.6483317158277072 -2.702209118983325 0.7175016633596497 -1.582720122004809 -0.0691699475319425 -1.119488996978516
1.054 0.6421313547598863 -2.707024721862384 0.711040040425388 -1.589643880455631 -0.0689086856655018 -1.117380841406753
1.056 0.6361139421533875 -2.712450814442528 0.7047628415180369 -1.5971702339953 -0.06864889936464943 -1.115280580447228
1.058 0.630304621584398 -2.718458247313648 0.698695199136967 -1.605270077304142 -0.06839057755256892 -1.113188170009506
1.06 0.6247248192851811 -2.725017888096938 0.6928585285412389 -1.613914321767381 -0.06813370925605776 -1.111103566329557
1.062 0.6193925270424376 -2.732100967199182 0.6872708106468057 -1.62307424123243 -0.06787828360436805 -1.109026725966752
1.064 0.6143225964482683 -2.739679361897742 0.6819468862763304 -1.632721756096848 -0.0676242898280621 -1.106957605800893
1.066 0.6095270358147364 -2.747725823972845 0.6768987530726194 -1.642829660943565 -0.06737171725788291 -1.10489616302928
1.068 0.6050153028302441 -2.756214156632438 0.6721358581538835 -1.653371801468638 -0.06712055532363947 -1.1028423551638
1.07 0.6007945876346596 -2.765119346672296 0.667665381187766 -1.664323206644237 -0.06687079355310635 -1.100796140028059
1.072 0.596870082398038 -2.774417657755186 0.6634925039689754 -1.675660182000649 -0.0666224215709374 -1.098757475754537
1.074 0.5932452346903337 -2.784086690449786 0.6596206637879275 -1.687360369668007 -0.06637542909759371 -1.096726320781779
1.076 0.5899219829336058 -2.794105414298539 0.656051788881891 -1.699402780446926 -0.0661298059482852 -1.094702633851613
1.078 0.5869009730473637 -2.804454176733553 0.6527865150792894 -1.711767802727153 -0.06588554203192577 -1.0926863740064
1.08 0.5841817560447479 -2.815114693168493 0.64982438339485 -1.72443719258218 -0.06564262735010215 -1.090677500586313
1.082 0.5817629668360211 -2.826070022092785 0.6471640188320765 -1.737394048866139 -0.06540105199605543 -1.088675973226646
1.084 0.5796424848690251 -2.837304528500503 0.6448032910227013 -1.75062277664535 -0.06516080615367613 -1.086681751855153
1.086 0.5778175774991766 -2.848803838519163 0.6427394575956884 -1.764109041829751 -0.06492188009651176 -1.084694796689412
1.088 0.5762850271574442 -2.860554787669406 0.6409692913442313 -1.777839719435184 -0.06468426418678713 -1.082715068234222
1.09 0.5750412434918357 -2.872545364791884 0.6394891923662729 -1.79180283751286 -0.06444794887443721 -1.080742527279024
1.092 0.5740823617068727 -2.884764653325246 0.6382952864030246 -1.805987518429894 -0.0642129246961519 -1.078777134895352
1.094 0.5734043283326778 -2.897202771309358 0.6373835106071113 -1.820383918875047 -0.06397918227443347 -1.076818852434311
1.096 0.5730029756324564 -2.909850811216427 0.6367496879491217 -1.834983169692348 -0.0637467123166653 -1.07486764152408
1.098 0.5728740858094172 -2.922700780481738 0.6363895914236101 -1.849777316414295 -0.06351550561419286 -1.072923464067443
1.1 0.5730134461113782 -2.935745543408171 0.6362989991527942 -1.864759261168823 -0.06328555304141599 -1.070986282239348
1.102 0.5734168958606568 -2.948978764951813 0.6364737414155495 -1.879922706467325 -0.06305684555489269 -1.069056058484489
1.104 0.574080366358348 -2.962394856758197 0.6369097405508022 -1.895262101243283 -0.06282937419245416 -1.067132755514914
1.106 0.5749999145327517 -2.975988925705281 0.6376030446050825 -1.91077258939762 -0.06260313007233088 -1.065216336307661
1.108 0.5761717511240924 -2.989756725114626 0.638549855516382 -1.926449961012212 -0.06237810439228968 -1.063306764102415
1.11 0.577592264120646 -3.003694608718869 0.6397465525494276 -1.942290606319676 -0.06215428842878153 -1.061404002399192
1.112 0.5792580380886423 -3.017799487413803 0.6411897116247424 -1.958291472457752 -0.06193167353610007 -1.05950801495605
1.114 0.5811658699711925 -3.032068788775566 0.6428761211167427 -1.974450022988749 -0.06171025114555034 -1.057618765786817
1.116 0.5833127818676258 -3.046500419288862 0.644802794632254 -1.990764200130015 -0.0614900127646282 -1.055736219158847
1.118 0.5856960312465045 -3.061092729205085 0.6469669812227141 -2.00723238961428 -0.06127094997620963 -1.053860339590806
1.12 0.588313118993373 -3.075844479928453 0.6493661734311232 -2.023853388077988 -0.06105305443775019 -1.051991091850465
1.122 0.5911617956461283 -3.090754813815779 0.6519981135266226 -2.040626372863245 -0.06083631788049435 -1.050128440952533
1.124 0.5942400661274615 -3.10582322626675 0.6548607982361561 -2.057550874110247 -0.06062073210869456 -1.048272352156503
1.126 0.5975461932462527 -3.121049539975283 0.6579524822450927 -2.074626749010763 -0.06040628899883999 -1.046422790964521
1.128 0.6010787002048611 -3.136433881211591 0.6612716807037557 -2.091854158092312 -0.06019298049889461 -1.044579723119279
1.13 0.6048363723188835 -3.15197665800534 0.6648171709464283 -2.109233543403408 -0.05998079862754482 -1.042743114601933
1.132 0.6088182581297469 -3.167678540100421 0.668587993603203 -2.126765608470385 -0.05976973547345611 -1.040912931630035
1.134 0.6130236700662524 -3.183540440557458 0.6725834532607912 -2.144451299901965 -0.05955978319453886 -1.039089140655493
1.136 0.6174521847907971 -3.199563498883525 0.6768031188080204 -2.162291790520976 -0.05935093401722329 -1.037271708362549
1.138 0.6221036433482688 -3.21574906557293 0.6812468235840117 -2.180288463907156 -0.05914318023574285 -1.035460601665775
1.14 0.6269781512193142 -3.232098687949466 0.6859146654307409 -2.198442900241368 -0.05893651421142666 -1.033655787708098
1.142 0.6320760783665413 -3.248614097205816 0.6908070067385418 -2.216756863346977 -0.05873092837200049 -1.031857233858839
1.144 0.6373980593504067 -3.265297196540611 0.6959244745613028 -2.235232288828839 -0.0585264152108961 -1.030064907711771
1.146 0.6429449935812589 -3.282150050300081 0.7012679608678278 -2.25387127321688 -0.05832296728656896 -1.0282787770832
1.148 0.6487180457653895 -3.299174874037035 0.7068386229872138 -2.272676064026969 -0.05812057722182432 -1.026498810010066
1.15 0.6547186465959174 -3.316374025403666 0.7126378842990686 -2.291649050655605 -0.05791923770315127 -1.024724974748061
1.152 0.6609484937325799 -3.333749995800857 0.7186674352126449 -2.310792756031091 -0.05771894148006494 -1.022957239769766
1.154 0.6674095531095907 -3.351305402711669 0.7249292344740472 -2.330109828948857 -0.05751968136445648 -1.021195573762812
1.156 0.6741040606063942 -3.369042982649068 0.7314255108363452 -2.349603037021016 -0.05732145022995102 -1.019439945628052
1.158 0.6810345241122766 -3.386965584654164 0.7381587651235496 -2.369275260176408 -0.05712424101127302 -1.017690324477756
1.16 0.6882037260131222 -3.40507616428408 0.7451317727167418 -2.389129484650253 -0.05692804670361964 -1.015946679633827
1.162 0.6956147261261445 -3.42337777803071 0.7523475864881856 -2.409168797404685 -0.05673286036204104 -1.014208980626026
1.164 0.7032708651066548 -3.441873578116557 0.7598095402074835 -2.429396380926333 -0.05653867510082865 -1.012477197190224
1.166 0.7111757683494881 -3.460566807615281 0.7675212524423984 -2.449815508348613 -0.05634548409291034 -1.010751299266669
1.168 0.7193333504069108 -3.479460795846437 0.7754866309761635 -2.470429538848172 -0.05615328056925276 -1.009031256998265
1.17 0.7277478199440326 -3.498558953996858 0.7837098777623036 -2.49124191326798 -0.055962057818271 -1.007317040728878
1.172 0.7364236852525289 -3.51786477092216 0.7921954944377739 -2.51225614992051 -0.0557718091852451 -1.00560862100165
1.174 0.7453657603436573 -3.537381809082663 0.8009482884154008 -2.533475840525329 -0.05558252807174343 -1.003905968557335
1.176 0.7545791716413273 -3.55711370056945 0.8099733795763802 -2.5549046462368 -0.05539420793505293 -1.00220905433265
1.178 0.76406936529688 -3.577064143176892 0.819276207584496 -2.576546293718251 -0.05520684228761604 -1.000517849458641
1.18 0.7738421151476054 -3.597236896477428 0.8288625398440796 -2.598404571218357 -0.05502042469647424 -0.998832325259071
1.182 0.7839035313418927 -3.617635777854904 0.8387384801246109 -2.62048332460609 -0.05483494878271819 -0.9971524532488139
1.184 0.7942600696548781 -3.638264658452512 0.8489104778758222 -2.642786453320238 -0.05465040822094413 -0.9954782051322747
1.186 0.8049185415194842 -3.659127458989275 0.8593853382582011 -2.665317906187456 -0.05446679673871693 -0.9938095528018195
1.188 0.815886124798977 -3.680228145399222 0.8701702329150162 -2.688081677062999 -0.05428410811603911 -0.9921464683362223
1.19 0.8271703753286309 -3.701570724245532 0.8812727115134572 -2.711081800246405 -0.05410233618482627 -0.9904889239991269
1.192 0.8387792392550777 -3.723159237858884 0.8927007140834662 -2.734322345621359 -0.05392147482838851 -0.9888368922375246
1.194 0.8507210662039131 -3.744997759148422 0.9044625841848311 -2.757807413468174 -0.05374151798091797 -0.987190345680247
1.196 0.863004623307282 -3.767090386030039 0.9165670829342641 -2.781541128893567 -0.05356245962698218 -0.9855492571364721
1.198 0.8756391101248977 -3.789441235413689 0.9290234039259211 -2.805527635819441 -0.05338429380102344 -0.9839135995942473
1.2 0.8886341744936892 -3.812054436687871 0.941841189080553 -2.829771090468848 -0.05320701458686378 -0.9822833462190237
1.202 0.9019999293426632 -3.834934124635041 0.9550305454598791 -2.854275654282831 -0.05303061611721598 -0.9806584703522094
1.204 0.9157469705114178 -3.858084431707076 0.9686020630846176 -2.879045486197345 -0.0528550925731998 -0.9790389455097315
1.206 0.9298863956123528 -3.881509479584872 0.9825668337962168 -2.904084734204255 -0.05268043818386407 -0.9774247453806164
1.208 0.9444298239781381 -3.905213369939712 0.9969364712038524 -2.929397526114129 -0.05250664722571427 -0.9758158438255821
1.21 0.9593894177375799 -3.929200174308012 1.011723131759825 -2.954987959432368 -0.05233371402224531 -0.9742122148756435
1.212 0.9747779040643892 -3.953473922983411 1.026939537007869 -2.980860090252679 -0.0521616329434799 -0.9726138327307329
1.214 0.9906085986447395 -3.978038592822216 1.042598997050252 -3.007017921063883 -0.05199039840551207 -0.9710206717583331
1.216 1.006895430410673 -4.00289809384958 1.058715435280729 -3.033465387357457 -0.05182000487005589 -0.9694327064921224
1.218 1.023652967586842 -4.028056254543237 1.075303414430841 -3.060206342912601 -0.05165044684399946 -0.9678499116306359
1.22 1.040896445099524 -4.053516805661825 1.092378163978487 -3.08724454362589 -0.0514817188789638 -0.966272262035936
1.222 1.058641793396272 -4.079283362472261 1.109955608967139 -3.114583629739963 -0.05131381557086691 -0.964699732732298
1.224 1.076905668724859 -4.105359405217628 1.128052400284351 -3.142227106312721 -0.05114673155949268 -0.963132298904908
1.226 1.095705484919329 -4.131748257653114 1.146685946447394 -3.170178321754541 -0.05098046152806464 -0.9615699358985729
1.228 1.115059446739945 -4.158453063461867 1.165874446942769 -3.198440444245426 -0.05081500020282471 -0.9600126192164421
1.23 1.134986584811124 -4.185476760344849 1.18563692716374 -3.227016435826105 -0.05065034235261653 -0.9584603245187435
1.232 1.155506792199406 -4.212822051561071 1.20599327498788 -3.255909023939542 -0.05048648278847354 -0.9569130276215291
1.234 1.176640862668751 -4.240491374673345 1.226964279031963 -3.285120670177911 -0.05032341636321169 -0.9553707044954343
1.236 1.198410530645623 -4.268486867232569 1.248571668616649 -3.314653535968121 -0.0501611379710268 -0.9538333312644481
1.238 1.220838512919564 -4.296810329109426 1.270838155466661 -3.34450944490473 -0.0499996425470963 -0.9523008842046957
1.24 1.243948552096667 -4.325463181155903 1.293787477163853 -3.374689841412671 -0.04983892506718553 -0.9507733397432319
1.242 1.267765461812636 -4.354446419849682 1.317444442359894 -3.405195745392836 -0.04967898054725845 -0.9492506744568461
1.244 1.29231517369944 -4.38376056754361 1.341834977742533 -3.436027702472731 -0.04951980404309256 -0.9477328650708791
1.246 1.31762478608483 -4.413405617909169 1.366986176734729 -3.467185729451118 -0.04936139064989831 -0.9462198884580506
1.248 1.343722614383627 -4.443380976124175 1.39292634988557 -3.498669254486877 -0.04920373550194262 -0.9447117216372982
1.25 1.370638243119063 -4.473685393317561 1.41968507689124 -3.530477051544935 -0.04904683377217658 -0.9432083417726266
1.252 1.398402579484733 -4.504316894739812 1.4472932601566 -3.562607168567844 -0.04889068067186732 -0.9417097261719674
1.254 1.427047908326171 -4.535272701082017 1.475783179776405 -3.595056848795965 -0.04873527145023396 -0.9402158522860521
1.256 1.45660794838362 -4.566549142317021 1.505188549777708 -3.627822444609729 -0.04858060139408756 -0.938726697707292
1.258 1.487117909594226 -4.598141563384218 1.535544575421701 -3.660899323215547 -0.04842666582747508 -0.9372422401686714
1.26 1.518614551198686 -4.630044220981797 1.566888011310013 -3.694281763439148 -0.04827346011132716 -0.9357624575426495
1.262 1.551136240338268 -4.662250170672237 1.599257219981377 -3.727962842832163 -0.04812097964310995 -0.9342873278400732
1.264 1.584723010757305 -4.694751143443567 1.632692230613786 -3.761934314234467 -0.04796921985648066 -0.9328168292091007
1.266 1.619416621143282 -4.727537410802708 1.667234797364229 -3.796186470868574 -0.04781817622094682 -0.9313509399341335
1.268 1.65526061254245 -4.760597637409353 1.702928456783979 -3.830707998974593 -0.04766784424152947 -0.9298896384347596
1.27 1.692300364178214 -4.793918720188539 1.739818583636644 -3.865485816923833 -0.04751821945842984 -0.928432903264706
1.272 1.73058314687179 -4.827485612787753 1.77795244431849 -3.900504899676952 -0.04736929744669974 -0.9269807131108011
1.274 1.77015817311833 -4.861281134172891 1.817379246934246 -3.935748087380944 -0.04722107381591565 -0.9255330467919467
1.276 1.811076642702707 -4.895285760086233 1.858150186912563 -3.971195876828134 -0.04707354420985613 -0.9240898832580986
1.278 1.853391782545865 -4.929477396022213 1.900318486852048 -4.006826194432954 -0.04692670430618295 -0.9226512015892586
1.28 1.897158879250519 -4.963831130312673 1.943939429066645 -4.0426141493182 -0.04678054981612561 -0.9212169809944736
1.282 1.942435302564019 -4.998318965860262 1.989070379048188 -4.078531765049417 -0.04663507648416922 -0.9197872008108452
1.284 1.989280517687419 -5.032909529014074 2.035770797775164 -4.114547688511527 -0.04649028008774578 -0.9183618405025474
1.286 2.037756084034569 -5.067567754055217 2.084102240471498 -4.150626874395361 -0.04634615643692892 -0.9169408796598554
1.288 2.087925637678042 -5.102254541754888 2.134128339052173 -4.186730243756708 -0.04620270137413176 -0.9155242979981801
1.29 2.139854854302204 -5.136926390489622 2.185914765076012 -4.222814315132508 -0.04605991077380807 -0.9141120753571139
1.292 2.193611389020202 -5.17153499845852 2.239529169562359 -4.258830806759035 -0.04591778054215673 -0.9127041916994847
1.294 2.249264788892844 -5.206026835652404 2.295041095509673 -4.294726208541986 -0.04577630661682933 -0.9113006271104177
1.296 2.306886373409665 -5.240342684388417 2.352521858376306 -4.33044132259201 -0.04563548496664076 -0.9099013617964066
1.298 2.366549077556858 -5.274417147459037 2.412044389148141 -4.365910771374645 -0.04549531159128312 -0.9085063760843922
1.3 2.428327251400092 -5.308178123268386 2.473683033921135 -4.401062472847534 -0.04535578252104257 -0.9071156504208514
1.302 2.492296409349098 -5.341546247759492 2.537513303165617 -4.435817082388601 -0.04521689381651917 -0.9057291653708915
1.304 2.558532921455213 -5.374434303497779 2.603611563023563 -4.470087401880424 -0.04507864156834978 -0.9043469016173558
1.306 2.627113638222491 -5.406746596991534 2.672054660119425 -4.5037777570316 -0.04494102189693393 -0.902968839959934
1.308 2.698115439498179 -5.438378306232069 2.742919470450341 -4.536783344917785 -0.04480403095216244 -0.9015949613142843
1.31 2.771614697067559 -5.469214801553087 2.816282361980708 -4.568989554841927 -0.04466766491314916 -0.9002252467111601
1.312 2.847686639629871 -5.499130944279875 2.892218559617837 -4.600271266984328 -0.04453191998796533 -0.8988596772955463
1.314 2.92640460790649 -5.527990369301783 2.970801400319867 -4.63049213497598 -0.04439679241337685 -0.8974982343258029
1.316 3.007839186775375 -5.555644759697245 3.052101465229959 -4.659503860524429 -0.0442622784545844 -0.8961408991728165
1.318 3.092057200582315 -5.581933123911297 3.136185574987282 -4.687145470592139 -0.04412837440496612 -0.8947876533191591
1.32 3.179120557230858 -5.606681088773986 3.223115633816681 -4.713242610415731 -0.04399507658582314 -0.8934384783582545
1.322 3.26908492636987 -5.629700224888986 3.312947307715998 -4.737606868895434 -0.04386238134612776 -0.8920933559935523
1.324 3.361998237104028 -5.650787424648628 3.405728522166303 -4.760035156610919 -0.04373028506227424 -0.890752268037709
1.326 3.457898981274061 -5.669724357357923 3.501497765411894 -4.780309160946147 -0.04359878413783217 -0.8894151964117764
1.328 3.556814309632877 -5.686277030679632 3.60028218463618 -4.798194907535234 -0.04346787500330259 -0.8880821231443975
1.33 3.65875791038702 -5.700195492810564 3.702095464502897 -4.813442462439554 -0.0433375541158764 -0.8867530303710095
1.332 3.763727662772805 -5.711213715402653 3.806935480732001 -4.8257858150696 -0.04320781795919554 -0.8854279003330532
1.334 3.871703062814184 -5.71904970313604 3.9147817258573 -4.83494298775885 -0.04307866304311647 -0.8841067153771904
1.336 3.982642424440328 -5.72340588185254 4.025592510343804 -4.840616423898012 -0.04295008590347626 -0.8827894579545273
1.338 4.096479866949932 -5.723969823007404 4.139301950051792 -4.842493712387558 -0.04282208310186097 -0.8814761106198458
1.34 4.213122109647368 -5.720415367553009 4.255816760872745 -4.840248711522169 -0.04269465122537655 -0.8801666560308397
1.342 4.332445106562258 -5.712404216753046 4.37501289344868 -4.833543139805686 -0.04256778688642206 -0.87886107694736
1.344 4.454290568629336 -5.699588060271696 4.496732055351801 -4.822028704041031 -0.04244148672246522 -0.8775593562306654
1.346 4.578462437583406 -5.681611312484381 4.620778184979226 -4.805349835641701 -0.04231574739582031 -0.8762614768426792
1.348 4.704723395019083 -5.658114525475288 4.746913960612511 -4.783147103630034 -0.04219056559342839 -0.8749674218452534
1.35 4.832791511226823 -5.628738540707516 4.874857449253462 -4.755061366308077 -0.04206593802663966 -0.8736771743994391
1.352 4.962337160939293 -5.593129429882815 5.004279022370291 -4.720738712118052 -0.04194186143099822 -0.872390717764763
1.354 5.092980356089243 -5.550944258053132 5.134798688655272 -4.679836222754622 -0.04181833256602892 -0.8711080352985101
1.356 5.224288667735923 -5.501857677716774 5.265984015950949 -4.632028567261761 -0.04169534821502643 -0.8698291104550131
1.358 5.355775928717354 -5.44556933076955 5.397348833902201 -4.577015403984602 -0.04157290518484655 -0.868553926784948
1.36 5.486901923171422 -5.381811995469369 5.528352923477122 -4.514529527534734 -0.04145100030569947 -0.8672824679346353
1.362 5.617073276284321 -5.310360368294782 5.658402906715266 -4.444345650649434 -0.04132963043094535 -0.8660147176453473
1.364 5.745645754688065 -5.231040316755513 5.786854547124958 -4.36628965700289 -0.04120879243689181 -0.864750659752622
1.366 5.871928172023752 -5.143738380761669 5.913016655246346 -4.280248102576087 -0.04108848322259361 -0.8634902781855827
1.368 5.995188062723861 -5.048411240090582 6.036156762433515 -4.18617768312432 -0.04096869970965428 -0.8622335569662625
1.37 6.114659238079141 -4.945094807902468 6.155508676921171 -4.084114327693531 -0.04084943884202982 -0.8609804802089361
1.372 6.229551271274561 -4.833912560215253 6.270281968860395 -3.974181528095796 -0.04073069758583434 -0.8597310321194571
1.374 6.33906087286939 -4.715082674615775 6.379673345798538 -3.856597477621176 -0.04061247292914772 -0.8584851969945996
1.376 6.442385017683447 -4.588923534420383 6.482879779565272 -3.731680575198976 -0.0404947618818252 -0.857242959221407
1.378 6.538735572893697 -4.455857162755119 6.579113134369005 -3.599852859478573 -0.04037756147530875 -0.8560043032765454
1.38 6.627355062187512 -4.316410189303336 6.667615930949952 -3.461640975577672 -0.04026086876244069 -0.8547692137256637
1.382 6.707533090840345 -4.171212023458216 6.747677771657624 -3.317674348235458 -0.04014468081727878 -0.853537675222758
1.384 6.77862286166248 -4.020990011156108 6.818651856397393 -3.168680338646567 -0.04002899473491343 -0.8523096725095414
1.386 6.840057142297078 -3.866561485320648 6.879970949928365 -3.015476294905828 -0.03991380763128667 -0.8510851904148202
1.388 6.891363009873793 -3.708822774543512 6.931162126516806 -2.858958560689636 -0.03979911664301289 -0.8498642138538752
1.39 6.932174706805908 -3.548735400900689 6.971859625733109 -2.700088673072843 -0.03968491892720146 -0.8486467278278464
1.392 6.962243995385444 -3.387309862788353 7.001815207046725 -2.539877145365227 -0.03957121166128103 -0.847432717423126
1.394 6.981447498186707 -3.225587548155672 7.020905490229532 -2.379365380344918 -0.03945799204282569 -0.8462221678107539
1.396 6.989790650774943 -3.064621443732108 7.029135908064325 -2.219606379486288 -0.03934525728938274 -0.8450150642458201
1.398 6.98740806296648 -2.905456385209288 7.026641067604783 -2.061644993142417 -0.03923300463830228 -0.8438113920668705
1.4 6.974560271512503 -2.749109623930918 7.013681502859071 -1.906498487235598 -0.03912123134656842 -0.8426111366953197
1.402 6.951627055119229 -2.596552464340488 6.990636989809861 -1.755138180705621 -0.03900993469063221 -0.841414283634867
1.404 6.919097656599967 -2.448693655430061 6.957996768566213 -1.608472836959143 -0.0388991119662462 -0.8402208184709179
1.406 6.877558402782164 -2.306365105817125 6.916347163270465 -1.467334378947115 -0.03878876048830064 -0.8390307268700107
1.408 6.827678319940545 -2.170310346869933 6.866357197531206 -1.332466352290684 -0.03867887759066133 -0.8378439945792484
1.41 6.770193404804283 -2.041176005044845 6.808762865430293 -1.204515397619111 -0.03856946062600899 -0.8366606074257334
1.412 6.705890227170731 -1.919506377513873 6.744350734136412 -1.084025826197863 -0.03846050696568032 -0.8354805513160094
1.414 6.635589512853367 -1.805741047477784 6.673941526852878 -0.9714372352422775 -0.03835201399951056 -0.8343038122355066
1.416 6.560130291904769 -1.700215338267303 6.598374271040447 -0.8670849620193117 -0.03824397913567757 -0.8331303762479912
1.418 6.480355105995254 -1.603163296123154 6.518491505795801 -0.7712030666281338 -0.03813639980054749 -0.8319602294950205
1.42 6.397096660769838 -1.514722814531624 6.43512593420836 -0.6839294563362218 -0.03802927343852192 -0.8307933581954018
1.422 6.311166194257377 -1.434942468890591 6.349088791769264 -0.6053127202459345 -0.03792259751188656 -0.8296297486446569
1.424 6.223343719991512 -1.363789616839908 6.261160089492174 -0.5353202296254198 -0.03781636950066134 -0.8284693872144885
1.426 6.134370200619232 -1.301159332446454 6.172080787521684 -0.4738470720941992 -0.03771058690245201 -0.8273122603522548
1.428 6.044941619545588 -1.246883775937976 6.082546866777891 -0.4207254213575315 -0.03760524723230316 -0.8261583545804446
1.43 5.95570484744874 -1.200741648689906 5.993205195471293 -0.375733992193746 -0.03750034802255273 -0.8250076564961599
1.432 5.867255148177681 -1.16246743975145 5.904651035000369 -0.3386072869808492 -0.03739588682268787 -0.8238601527706004
1.434 5.780135134009456 -1.13176023010488 5.817426995208659 -0.3090443999563264 -0.03729186119920223 -0.822715830148554
1.436 5.694834961686277 -1.108291879780271 5.732023230421731 -0.2867172043323811 -0.03718826873545464 -0.82157467544789
1.438 5.611793555521242 -1.091714477735049 5.648878662552771 -0.2712778021759908 -0.03708510703152904 -0.8204366755590579
1.44 5.531400649426388 -1.081666982905 5.568383023130484 -0.2623651654604108 -0.03698237370409604 -0.8193018174445891
1.442 5.453999453121599 -1.077781025878734 5.490879519507874 -0.2596109377401298 -0.03688006638627549 -0.8181700881386038
1.444 5.379889766422614 -1.079685873858513 5.416667949150114 -0.2626443991121921 -0.03677818272750058 -0.8170414747463206
1.446 5.309331387175145 -1.087012587141718 5.346008107568528 -0.2710966226981466 -0.03667672039338323 -0.8159159644435716
1.448 5.242547681229716 -1.099397413912452 5.279123358295297 -0.2846038694361313 -0.03657567706558068 -0.8147935444763204
1.45 5.179729205467051 -1.11648448252236 5.216204255908715 -0.3028102803621759 -0.03647505044166342 -0.8136742021601838
1.452 5.121037296239203 -1.137927857660862 5.157412134474187 -0.3253699327809032 -0.03637483823498439 -0.812557924879959
1.454 5.066607555060372 -1.163393029848283 5.102882593234922 -0.3519483297591293 -0.0362750381745495 -0.8114447000891533
1.456 5.016553180569628 -1.192557907470925 5.052728828574517 -0.3822233921614078 -0.03617564800488916 -0.8103345153095171
1.458 4.970968110536313 -1.225113377981575 5.007044776022245 -0.415886019850993 -0.03607666548593132 -0.8092273581305823
1.46 4.929929950005465 -1.260763500627126 4.96590803839834 -0.4526402844179221 -0.03597808839287552 -0.8081232162092039
1.462 4.893502671722853 -1.299225387728308 4.929382586238922 -0.4922033104592043 -0.03587991451606824 -0.8070220772691041
1.464 4.861739082897611 -1.340228825647763 4.897521224558491 -0.5343048965473413 -0.03578214166087938 -0.8059239291004217
1.466 4.83468305842587 -1.383515680476261 4.87036782607345 -0.5786869209169966 -0.03568476764757995 -0.8048287595592646
1.468 4.812371545142087 -1.428839127429018 4.847959335453307 -0.6251025708617524 -0.03558779031122088 -0.8037365565672653
1.47 4.794836344724404 -1.475962737191326 4.830327552225917 -0.6733154290801857 -0.03549120750151301 -0.8026473081111404
1.472 4.782105684796456 -1.524659447096721 4.817500701879164 -0.7230984448544663 -0.03539501708270825 -0.8015610022422545
1.474 4.774205588748489 -1.574710440130106 4.809504805681971 -0.77423281305392 -0.03529921693348174 -0.8004776270761861
1.476 4.771161055008405 -1.625903950406926 4.80636485995522 -0.8265067796146278 -0.03520380494681528 -0.7993971707922978
1.478 4.772997056105762 -1.678034009962189 4.808105835135644 -0.8797143883288787 -0.0351087790298817 -0.7983196216333099
1.48 4.77973936700456 -1.73089914839342 4.814753504108491 -0.9336541804885425 -0.03501413710393044 -0.7972449679048778
1.482 4.791415230939819 -1.784301054147554 4.826335108043994 -0.9881278561723832 -0.03491987710417416 -0.7961731979751708
1.484 4.808053869470351 -1.838043203978668 4.842879866450027 -1.04293890370421 -0.03482599697967639 -0.795104300274458
1.486 4.82968684171647 -1.891929465305835 4.864419336409711 -1.097891202011142 -0.03473249469324028 -0.7940382632946931
1.488 4.856348255843293 -1.945762674874482 4.890987624064591 -1.152787599285376 -0.03463936822129833 -0.7929750755891063
1.49 4.888074833817 -1.999343196238387 4.922621449370803 -1.20742847046659 -0.03454661555380322 -0.7919147257717969
1.492 4.924905828336698 -2.05246745810061 4.959360063030817 -1.26161025558328 -0.03445423469411962 -0.7908572025173304
1.494 4.966882788658549 -2.104926475537743 5.001245012317466 -1.315123980977405 -0.03436222365891698 -0.789802494560338
1.496 5.014049169803841 -2.156504356531692 5.048319750281904 -1.367753765836571 -0.0342705804780634 -0.7887505906951207
1.498 5.06644977740719 -2.206976797083773 5.10062908060171 -1.419275317308519 -0.03417930319452037 -0.7877014797752542
1.5 5.124130038250066 -2.256109569530966 5.158218428114305 -1.469454418817767 -0.03408838986423864 -0.7866551507131994
1.502 5.18713508437195 -2.303657010527387 5.221132922928005 -1.518045418047473 -0.03399783855605487 -0.7856115924799142
1.504 5.255508636608048 -2.349360517544219 5.289416283959637 -1.564789723439751 -0.03390764735158942 -0.7845707941044688
1.506 5.329291671538458 -2.392947065741652 5.363109485883603 -1.609414321067986 -0.03381781434514493 -0.7835327446736654
1.508 5.408520854230919 -2.434127760709775 5.442249191874525 -1.651630327378117 -0.03372833764360595 -0.782497433331658
1.51 5.493226717918507 -2.472596446904208 5.526865933284847 -1.69113159762463 -0.03363921536633944 -0.7814648492795778
1.512 5.583431571025084 -2.508028396691244 5.61698201667018 -1.727593414916083 -0.0335504456450962 -0.7804349817751609
1.514 5.679147111896357 -2.54007911077696 5.71260913852027 -1.760671290644582 -0.03346202662391319 -0.779407820132378
1.516 5.780371732404711 -2.568383267432039 5.813745688863728 -1.789999913710972 -0.03337395645901675 -0.7783833537210677
1.518 5.887087493539232 -2.592553865354944 5.920373726857958 -1.815192293388372 -0.03328623331872676 -0.7773615719665726
1.52 5.99925675943744 -2.612181613154469 6.032455614820802 -1.83583914880509 -0.03319885538336161 -0.776342464349379
1.522 6.116818481367813 -2.626834627147188 6.149930302212957 -1.851508606742431 -0.03311182084514402 -0.775326020404757
1.524 6.23968413032824 -2.6360585083022 6.272709258236348 -1.861746278579794 -0.03302512790810789 -0.7743122297224064
1.526 6.367733286522717 -2.639376878373732 6.400672061310723 -1.866075796427628 -0.03293877478800573 -0.7733010819461037
1.528 6.500808906409491 -2.636292464130489 6.533661666121708 -1.863999897357138 -0.03285275971221716 -0.7722925667733511
1.53 6.638712303653532 -2.626288826572208 6.67147938457319 -1.855002152617178 -0.03276708091965816 -0.7712866739550305
1.532 6.781197899446037 -2.608832838331126 6.813879636106728 -1.838549445036068 -0.03268173666069112 -0.7702833932950585
1.534 6.927967820450009 -2.583378016184927 6.960564545647045 -1.814095301534883 -0.03259672519703576 -0.7692827146500439
1.536 7.078666449134293 -2.549368815638909 7.111178493935974 -1.78108418770996 -0.03251204480168077 -0.7682846279289488
1.538 7.23287506119742 -2.506245989558915 7.265302754956216 -1.738956866466162 -0.03242769375879642 -0.7672891230927522
1.54 7.390106717557296 -2.453453101407589 7.422450387920944 -1.687156911253474 -0.03234367036364773 -0.7662961901541153
1.542 7.549801612999004 -2.390444264252608 7.582061585921513 -1.625138445075558 -0.03225997292250861 -0.7653058191770503
1.544 7.711323118429712 -2.316693147869994 7.74349971818229 -1.552375147593403 -0.0321765997525767 -0.7643180002765912
1.546 7.873954786622386 -2.231703256659153 7.906048335804275 -1.468370533040684 -0.03209354918188902 -0.7633327236184682
1.548 8.036898619529191 -2.135019429816976 8.06890943907843 -1.372669450398194 -0.03201081954923825 -0.7623499794187817
1.55 8.199274915261764 -2.026240451997137 8.231203324465854 -1.264870694053454 -0.03192840920408993 -0.761369757943683
1.552 8.360124020646106 -1.90503258814649 8.391970337152607 -1.144640538637436 -0.03184631650650033 -0.7603920495090543
1.554 8.518410306641675 -1.771143772231071 8.55017484646871 -1.01172692775088 -0.03176453982703503 -0.7594168444801912
1.556 8.673028654538422 -1.624418089431074 8.70471173208511 -0.8659739561595826 -0.03168307754668825 -0.758444133271491
1.558 8.822813686945675 -1.464810100054149 8.854415615002479 -0.7073361937080119 -0.03160192805680292 -0.7574739063461375
1.56 8.966551896525575 -1.292398467499102 8.998072986284566 -0.5358923132833068 -0.03152108975899146 -0.7565061542157949
1.562 9.102996716244716 -1.107398280170788 9.134437277309774 -0.3518574127304895 -0.03144056106505722 -0.7555408674402982
1.564 9.230886439165992 -0.9101714073863254 9.26224677956291 -0.1555933707589756 -0.03136034039691671 -0.7545780366273498
1.566 9.348964738046421 -0.7012342113739753 9.380245164232944 0.05238344105824093 -0.03128042618652238 -0.7536176524322162
1.568 9.456003363080276 -0.4812619600144103 9.487204179956063 0.2713977455430185 -0.03120081687578627 -0.7526597055574288
1.57 9.550826421265025 -0.2510893545268053 9.58194793218153 0.50061483222568 -0.03112151091650416 -0.7517041867524853
1.572 9.632335476933687 -0.01170670611877156 9.663377983703967 0.7390443806947821 -0.03104250677028052 -0.7507510868135536
1.574 9.699534575704909 0.2357485356296321 9.730498378613364 0.9855489322128118 -0.03096380290845406 -0.7498003965831798
1.576 9.751554199134247 0.4900049887188548 9.782439596946272 1.23885709566885 -0.03088539781202393 -0.7488521069499955
1.578 9.787673118631744 0.7496751235282776 9.818480408603321 1.497581332376707 -0.03080728997157664 -0.7479062088484297
1.58 9.807337144841368 1.013277215928518 9.838066622728581 1.760239909186939 -0.03072947788721353 -0.7469626932584212
1.582 9.81017386699793 1.279260809995822 9.840825827066409 2.025282361200957 -0.03065196006847899 -0.7460215512051349
1.584 9.796002643250073 1.546034811982145 9.826577378284362 2.291117585740822 -0.03057473503428918 -0.7450827737586778
1.586 9.764839327776979 1.811997166622005 9.795337129089841 2.556143518655825 -0.03049780131286147 -0.74414635203382
1.588 9.716895487263269 2.075564961951766 9.747316644704913 2.818777239141481 -0.0304211574416445 -0.7432122771897151
1.59 9.652572146547032 2.335203780045402 9.682916948514281 3.077484320475027 -0.03034480196724881 -0.7422805404296248
1.592 9.572448387204936 2.589455161405948 9.602717120650315 3.330806294406592 -0.03026873344537804 -0.7413511330006439
1.594 9.477265380003475 2.836961175063101 9.507458330444235 3.577385221256529 -0.03019295044076089 -0.7404240461934286
1.596 9.36790664229793 3.07648527233831 9.398024093825013 3.815984543680236 -0.03011745152708346 -0.7394992713419262
1.598 9.245375459872443 3.306928831850378 9.275417695159366 4.045505631673485 -0.03004223528692236 -0.7385767998231066
1.6 9.110770491520515 3.527343055563016 9.140737791832194 4.264999678619713 -0.02996730031167833 -0.7376566230566972
1.602 8.965260583333395 3.736936128875391 8.995153228534905 4.473674861380307 -0.02989264520151035 -0.7367387325049165
1.604 8.810059764277142 3.93507579244748 8.839878032842412 4.670898912119695 -0.02981826856527054 -0.7358231196722144
1.606 8.646403286517716 4.121287673904553 8.676147455538155 4.856197450009563 -0.02974416902043938 -0.73490977610501
1.608 8.475525427736041 4.295249883228243 8.505195772929103 5.029248576619676 -0.02967034519306169 -0.7339986933914339
1.61 8.298639604231441 4.456784481543457 8.328236399949125 5.189874344704529 -0.02959679571768301 -0.7330898631610715
1.612 8.116921168268723 4.605846489123817 8.14644468750601 5.338029766208526 -0.02952351923728665 -0.7321832770847089
1.614 7.931493094129507 4.742511109045825 7.960943608532737 5.473790035919905 -0.02945051440323121 -0.7312789268740796
1.616 7.743414604984705 4.866959815276024 7.772792384859894 5.597336619557638 -0.02937777987518866 -0.7303768042816133
1.618 7.553672663959523 4.979465896945915 7.582977978280605 5.708942798046103 -0.02930531432108295 -0.7294769011001879
1.62 7.363176151300508 5.080379973504162 7.392409267717538 5.808959182667044 -0.02923311641702919 -0.7285792091628812
1.622 7.172752476145122 5.170115907261561 7.201913660992394 5.897799627604287 -0.02916118484727324 -0.7276837203427261
1.624 6.983146324587922 5.249137448221999 7.012235842892054 5.975927874774466 -0.02908951830413198 -0.7267904265524667
1.626 6.795020222507379 5.317945857180676 6.824038337995312 6.043845176924992 -0.02901811548793395 -0.7258993197443168
1.628 6.608956587958925 5.37706867139536 6.637903563065886 6.102079063305079 -0.02894697510696052 -0.7250103919097188
1.63 6.425460959565119 5.427049705547544 6.454337055442506 6.151173340626651 -0.02887609587738771 -0.7241236350791069
1.632 6.24496611001258 5.468440320701793 6.273771586535808 6.191679362023463 -0.02880547652322827 -0.7232390413216696
1.634 6.067836783608047 5.501791945930446 6.096571899384321 6.224148548675561 -0.02873511577627444 -0.7223566027451144
1.636 5.894374830609771 5.527649800685296 5.923039842985812 6.249126112180731 -0.02866501237604113 -0.7214763114954351
1.638 5.724824546088559 5.546547739835042 5.753419711158268 6.267145899591722 -0.02859516506970957 -0.7205981597566811
1.64 5.559378055351668 5.559004126191495 5.58790362796374 6.278726265942221 -0.02852557261207144 -0.7197221397507255
1.642 5.398180620117722 5.565518625781983 5.426636853883196 6.284366869519022 -0.02845623376547355 -0.7188482437370395
1.644 5.241335768747143 5.566569817597252 5.269722916046906 6.284546281609716 -0.02838714729976285 -0.7179764640124635
1.646 5.088910179405121 5.562613510649848 5.117228491397353 6.279720303560833 -0.02831831199223205 -0.7171067929109839
1.648 4.940938266920483 5.554081665650799 4.969187993548049 6.270320888454307 -0.02824972662756559 -0.716239222803509
1.65 4.797426442374388 5.541381825393332 4.825607832372174 6.256755571490979 -0.02818138999778612 -0.7153737460976476
1.652 4.65835702930007 5.524896966147706 4.686470330202271 6.239407321385195 -0.02811330090220144 -0.7145103552374888
1.654 4.523691832152915 5.50498569131808 4.551737290300267 6.218634734021464 -0.02804545814735184 -0.7136490427033837
1.656 4.393375361784078 5.481982697765678 4.421353222331036 6.194772498777406 -0.02797786054695794 -0.7127898010117284
1.658 4.267337729383359 5.456199454176644 4.295248236305228 6.168132076891392 -0.02791050692186891 -0.7119326227147484
1.66 4.145497225151394 5.427925039374202 4.173340621251405 6.139002539774487 -0.02784339610001118 -0.7110775004002855
1.662 4.027762601161318 5.397427096373024 4.055539128077656 6.107651523064608 -0.02777652691633753 -0.7102244266915841
1.664 3.914035079768204 5.36495286515053 3.941744977980981 6.074326259397612 -0.02770989821277664 -0.7093733942470818
1.666 3.804210109829351 5.330730263522175 3.831853618667534 6.039254659282374 -0.02764350883818307 -0.7085243957601998
1.668 3.698178893128659 5.29496899115605 3.725756250776946 6.002646415115184 -0.0275773576482876 -0.7076774239591342
1.67 3.595829702943652 5.257861636672708 3.623341146449301 5.964694108279359 -0.0275114435056481 -0.7068324716066512
1.672 3.497049015837244 5.219584771997891 3.524494781116845 5.925574303497771 -0.02744576527960062 -0.7059895314998806
1.674 3.401722476617328 5.18030002172411 3.429102798463539 5.885448618194223 -0.02738032184621112 -0.705148596470114
1.676 3.309735715086525 5.140155098256362 3.337050827174753 5.844464757638963 -0.02731511208822738 -0.7043096593826014
1.678 3.220975031790565 5.099284796031059 3.248225166685597 5.80275750916741 -0.02725013489503149 -0.7034727131363514
1.68 3.135327968532704 5.057811940169811 3.162513357695296 5.760449690833743 -0.02718538916259261 -0.7026377506639322
1.682 3.052683777977111 5.015848286616842 3.079804651770531 5.717653051548116 -0.02712087379342021 -0.7018047649312736
1.684 2.972933805278795 4.973495372170393 2.999990392975312 5.674469121107864 -0.02705658769651758 -0.7009737489374709
1.686 2.895971793351463 4.930845313898265 2.922964323138799 5.630990009612855 -0.0269925297873359 -0.7001446957145895
1.688 2.821694122140274 4.887981558274262 2.848622821128003 5.587299156601734 -0.02692869898772847 -0.6993175983274716
1.69 2.749999991112704 4.844979581021403 2.77686508533861 5.543472030894947 -0.02686509422590557 -0.6984924498735449
1.692 2.680791553122964 4.801907539135721 2.707593267559354 5.499576782618351 -0.02680171443638943 -0.6976692434826296
1.694 2.613974006834474 4.758826876917458 2.640712565394444 5.455674849234209 -0.02673855855996979 -0.6968479723167512
1.696 2.549455654012732 4.715792888082334 2.576131279556392 5.411821517652285 -0.02667562554365968 -0.6960286295699509
1.698 2.487147927210192 4.672855236183056 2.513760841550844 5.368066444651155 -0.02661291434065162 -0.695211208468099
1.7 2.426965392659542 4.630058435658871 2.453515816569816 5.324454137927581 -0.02655042391027421 -0.6943957022687099
1.702 2.368825732562239 4.587442295864969 2.395313885780189 5.281024400125726 -0.02648815321794899 -0.6935821042607567
1.704 2.312649710398617 4.545042330422695 2.339075811633765 5.237812738187184 -0.02642610123514778 -0.6927704077644895
1.706 2.258361122392083 4.502890134190472 2.284725389331433 5.194850740321725 -0.02636426693935019 -0.6919606061312525
1.708 2.205886737822262 4.461013730088006 2.232189387136264 5.15216642283131 -0.02630264931400164 -0.6911526927433047
1.71 2.155156230497898 4.419437887923056 2.181397477846369 5.109784548936696 -0.02624124734847169 -0.6903466610136397
1.712 2.106102103363615 4.378184417273919 2.132282163401628 5.067726921659728 -0.02618006003801259 -0.6895425043858083
1.714 2.058659607918919 4.337272436376449 2.084778694302638 5.02601265271019 -0.02611908638371832 -0.6887402163337415
1.716 2.012766659870049 4.296718618856701 2.038824985262533 4.984658409218277 -0.02605832539248391 -0.6879397903615753
1.718 1.968363752211208 4.256537420040184 1.994361528288173 4.94367864004366 -0.02599777607696505 -0.6871412200034761
1.72 1.925393866735721 4.216741284459009 1.951331304191259 4.903085783282477 -0.02593743745553803 -0.6863444988234678
1.722 1.883802384807045 4.177340836069702 1.909679693359305 4.862890456484961 -0.02587730855226011 -0.68554962041526
1.724 1.843536998074027 4.138345052590853 1.869354386470857 4.823101630992929 -0.02581738839683005 -0.6847565784020769
1.726 1.804547619685235 4.099761425266778 1.830305295709784 4.783726791703266 -0.0257576760245491 -0.6839653664364883
1.728 1.766786296447214 4.061596105266945 1.792484466923496 4.744772083467186 -0.02569817047628221 -0.6831759782002409
1.73 1.730207122276979 4.023854037838401 1.755845993075398 4.706242445242491 -0.0256388707984196 -0.6823884074040909
1.732 1.694766153214957 3.986539085239054 1.720345929257796 4.668141733026692 -0.02557977604283863 -0.6816026477876386
1.734 1.660421324194068 3.949654139396307 1.685942209460934 4.63047283251547 -0.02552088526686596 -0.6808186931191628
1.736 1.627132367699988 3.91320122515606 1.652594565233228 4.593237762351517 -0.02546219753324005 -0.6800365371954573
1.738 1.594860734403468 3.877181594910368 1.620264446313541 4.556437768752037 -0.02540371191007391 -0.6792561738416685
1.74 1.563569515801154 3.841595815320477 1.588914943271972 4.52007341223161 -0.02534542747081819 -0.6784775969111331
1.742 1.533223368863189 3.806443846783209 1.558510712157414 4.484144647068427 -0.02528734329422456 -0.6777008002852182
1.744 1.503788442652297 3.771725116221862 1.529017901116606 4.448650894095024 -0.02522945846430936 -0.676925777873162
1.746 1.475232306852442 3.737438583719056 1.500404078922759 4.413591107330971 -0.02517177207031758 -0.6761525236119152
1.748 1.447523882123606 3.703582803447802 1.472638165330294 4.378963834913786 -0.02511428320668704 -0.6753810314659838
1.75 1.420633372181758 3.670155979295809 1.445690363154771 4.344767274723083 -0.02505699097301302 -0.6746112954272736
1.752 1.394532197491233 3.637156015518915 1.419532091965246 4.310999325033849 -0.02499989447401295 -0.6738433095149335
1.754 1.369192930450638 3.604580562701365 1.39413592327013 4.277657630476568 -0.02494299281949159 -0.6730770677752039
1.756 1.344589231952187 3.572427059242567 1.369475517076494 4.244739623523828 -0.02488628512430636 -0.6723125642812611
1.758 1.320695789199472 3.540692768532038 1.345525559707805 4.212242561665106 -0.02482977050833299 -0.6715497931330677
1.76 1.297488254681808 3.509374811918668 1.322261702778239 4.180163560375887 -0.02477344809643141 -0.6707887484572196
1.762 1.274943186223271 3.478470197524248 1.299660503241682 4.148499621931045 -0.02471731701841195 -0.6700294244067978
1.764 1.253037988053288 3.447975844897271 1.27769936446229 4.11724766005849 -0.02466137640900182 -0.6692718151612186
1.766 1.231750852886165 3.417888605453763 1.256356478293976 4.086404520379848 -0.02460562540781175 -0.6685159149260854
1.768 1.211060705046357 3.388205278605389 1.23561076820566 4.055966996538432 -0.02455006315930305 -0.6677617179330428
1.77 1.190947144738268 3.358922623436296 1.215441833551023 4.025931841875926 -0.02449468881275478 -0.6670092184396301
1.772 1.171390393634747 3.330037365762439 1.195829895156978 3.996295776491575 -0.0244395015222313 -0.6662584107291363
1.774 1.152371242044304 3.301546200391064 1.176755742490854 3.96705548950152 -0.02438450044654997 -0.6655092891104559
1.776 1.133870998015373 3.273445788400003 1.158200682764622 3.938207636317949 -0.02432968474924918 -0.6647618479179467
1.778 1.115871438843611 3.245732749281141 1.140146492442167 3.909748830792428 -0.02427505359855661 -0.664016081511287
1.78 1.098354765561725 3.218403647842853 1.122575371729083 3.881675632118188 -0.02422060616735774 -0.663271984275335
1.782 1.081303561105412 3.191454975848221 1.105469902738576 3.853984526468209 -0.02416634163316455 -0.6625295506199882
1.784 1.064700752957688 3.164883128484018 1.088813012135773 3.826671903464062 -0.02411225917808458 -0.6617887749800443
1.786 1.048529581167113 3.138684375911776 1.072587939155903 3.799734027726839 -0.0240583579887901 -0.6610496518150634
1.788 1.032773572701516 3.11285483034677 1.056778209958004 3.773167005956 -0.02400463725648766 -0.6603121756092297
1.79 1.017416523127447 3.087390409344615 1.041367619304335 3.746966750215831 -0.02395109617688774 -0.6595763408712162
1.792 1.002442486579062 3.06228679623752 1.026340220529237 3.721128938371568 -0.02389773395017472 -0.6588421421340476
1.794 0.9878357748887535 3.03753939894677 1.011680324669731 3.695648972901737 -0.02384454978097707 -0.6581095739549672
1.796 0.9735809665799758 3.013143308686038 0.9973725094583136 3.67052193960134 -0.02379154287833777 -0.6573786309153021
1.798 0.9596629261646493 2.989093260341869 0.9834016386203343 3.6457425679622 -0.02373871245568494 -0.656649307620331
1.8 0.9460668338375581 2.965383596545041 0.9697528915683608 3.621305195244192 -0.02368605773080269 -0.6559215986991512
1.802 0.9327782252259523 2.942008237603685 0.9564118031517546 3.597203736408234 -0.02363357792580227 -0.6551954988045491
1.804 0.9197830403464372 2.918960659521594 0.9433643126135306 3.573431662134462 -0.02358127226709335 -0.6544710026128677
1.806 0.9070676803703004 2.896233882249679 0.9305968203556559 3.549981987073559 -0.02352913998535557 -0.6537481048238795
1.808 0.8946190702372806 2.873820470090335 0.9180962505527909 3.526847270250991 -0.02347718031551031 -0.6530268001606562
1.81 0.8824247246324194 2.8517125457862 0.905850117129112 3.504019629155642 -0.02342539249669266 -0.6523070833694417
1.812 0.8704728144007997 2.829901819278469 0.8938465901730233 3.481490768497994 -0.02337377577222359 -0.6515889492195254
1.814 0.8587522301711026 2.808379631437605 0.882074559560685 3.459252023940721 -0.02332232938958242 -0.6508723925031157
1.816 0.8472526398365005 2.787137012289577 0.8705236924368799 3.437294420324792 -0.02327105260037939 -0.6501574080352147
1.818 0.8359645366322029 2.766164752437863 0.8591844812925314 3.415608743091358 -0.02321994466032846 -0.6494439906534946
1.82 0.8248792748671199 2.745453485580532 0.8480482796963403 3.394185620798705 -0.02316900482922047 -0.6487321352181732
1.822 0.8139890909048114 2.724993779313738 0.8371073232757077 3.373015615925629 -0.02311823237089624 -0.6480218366118915
1.824 0.803287107714176 2.704776230862683 0.8263547342673961 3.352089320602275 -0.0230676265532201 -0.6473130897395917
1.826 0.7927673221698921 2.684791564041636 0.8157845088179456 3.331397453570032 -0.02301718664805353 -0.6466058895283959
1.828 0.7824245752087724 2.665030723651945 0.8053914871400014 3.310930954579431 -0.02296691193122899 -0.6459002309274861
1.83 0.7722545058630708 2.645484963687814 0.7951713075455947 3.290681072595798 -0.02291680168252401 -0.6451961089079838
1.832 0.7622534910200592 2.626145926118239 0.7851203462056947 3.270639444581071 -0.02286685518563542 -0.6444935184628321
1.834 0.7524185734347384 2.607005707612049 0.7752356451628921 3.250798162218725 -0.02281707172815374 -0.6437924546066763
1.836 0.742747381000752 2.588056912310648 0.7655148316022899 3.231149824686396 -0.02276745060153794 -0.6430929123757486
1.838 0.733238040538583 2.56929268956364 0.7559560316396732 3.21168757639139 -0.02271799110109016 -0.6423948868277496
1.84 0.7238890893890064 2.550706756357291 0.7465577819149372 3.192405129399024 -0.02266869252593079 -0.6416983730417332
1.842 0.7146993879218431 2.532293404919824 0.7373189421008167 3.173296771037815 -0.02261955417897366 -0.641003366117992
1.844 0.7056680357226894 2.51404749663135 0.7282386110895909 3.154357357809292 -0.02257057536690144 -0.6403098611779425
1.846 0.6967942937506401 2.495964443867543 0.7193160491507813 3.135582297231555 -0.02252175540014125 -0.6396178533640116
1.848 0.6880775142183045 2.478040181744905 0.710550607811145 3.116967519584429 -0.02247309359284039 -0.6389273378395237
1.85 0.6795170793818754 2.460271131915842 0.7019416686447177 3.098509441704431 -0.02242458926284232 -0.6382383097885892
1.852 0.6711123498861352 2.442654160595643 0.693488591617798 3.080204925011635 -0.02237624173166277 -0.6375507644159917
1.854 0.6628626228194348 2.425186532913205 0.6851906731439008 3.062051229860284 -0.02232805032446609 -0.6368646969470788
1.856 0.6547670992200865 2.407865865493352 0.6770471135901281 3.044045968121004 -0.02228001437004169 -0.6361801026276518
1.858 0.646824860450121 2.390690078930843 0.6690569936509018 3.026187055654698 -0.02223213320078074 -0.6354969767238556
1.86 0.6390348526164062 2.373657351531244 0.6612192587690593 3.008472666053315 -0.02218440615265302 -0.6348153145220711
1.862 0.6313958780692489 2.356766075398749 0.6535327106344329 2.990901186727555 -0.0221368325651839 -0.6341351113288065
1.864 0.6239065929346514 2.340014815665307 0.645996004716083 2.973471178135898 -0.02208941178143155 -0.633456362470591
1.866 0.6165655096248926 2.323402273391643 0.6386076527728569 2.956181336685511 -0.0220421431479643 -0.6327790632938676
1.868 0.6093710033100642 2.306927252440156 0.6313660293249024 2.939030461605043 -0.02199502601483817 -0.6321032091648876
1.87 0.602321321406897 2.290588630427139 0.6242693811424715 2.922017425896744 -0.02194805973557452 -0.6314287954696055
1.872 0.5954145952374169 2.274385333706391 0.6173158389045549 2.905141151319965 -0.02190124366713799 -0.630755817613574
1.874 0.5886488531190133 2.258316316218147 0.6105034302889277 2.888400587239988 -0.02185457716991444 -0.6300842710218411
1.876 0.5820220342609297 2.242380541953996 0.603830093868619 2.871794693092842 -0.02180805960768923 -0.6294141511388459
1.878 0.5755320029525318 2.226576970732437 0.5972936933001572 2.855322424160754 -0.02176169034762545 -0.6287454534283169
1.88 0.5691765626325491 2.21090454694868 0.5908920313927917 2.838982720321849 -0.02171546876024257 -0.6280781733731695
1.882 0.5629534695227396 2.195362190952073 0.5846228637421346 2.822774497427479 -0.021669394219395 -0.627412306475406
1.884 0.5568604455916936 2.179948792706529 0.5784839116939445 2.806696640962542 -0.02162346610225098 -0.6267478482560129
1.886 0.5508951906852965 2.164663207404388 0.572472874474568 2.790748001659251 -0.02157768378927153 -0.6260847942548632
1.888 0.5450553937195943 2.14950425272615 0.5665874403837839 2.774927392756765 -0.02153204666418963 -0.6254231400306156
1.89 0.5393387428795716 2.134470707464195 0.5608252969935611 2.759233588624811 -0.02148655411398946 -0.6247628811606165
1.892 0.5337429348055938 2.119561311257522 0.5551841403344797 2.743665324498324 -0.0214412055288859 -0.6241040132408019
1.894 0.5282656827787799 2.104774765214554 0.5496616830810841 2.728221297100153 -0.0213960003023041 -0.6234465318855992
1.896 0.5229047239383422 2.09010973322895 0.5442556617692014 2.712900165956781 -0.02135093783085921 -0.6227904327278316
1.898 0.5176578255795113 2.075564843821146 0.5389638430938477 2.697700555239767 -0.02130601751433634 -0.6221357114186211
1.9 0.512522790591368 2.061138692364101 0.5337840293470385 2.682621055991394 -0.02126123875567054 -0.6214823636272926
1.902 0.5074974621000093 2.046829843574079 0.5287140630609364 2.667660228615359 -0.02121660096092702 -0.62083038504128
1.904 0.5025797273856101 2.032636834168101 0.5237518309248915 2.652816605534131 -0.02117210353928149 -0.6201797713660301
1.906 0.4977675211426414 2.018558175608415 0.518895267045642 2.638088693933326 -0.02112774590300062 -0.6195305183249106
1.908 0.4930588281511074 2.004592356869326 0.5141423556185301 2.623474978528441 -0.0210835274674227 -0.6188826216591153
1.91 0.488451685424044 1.990737847175392 0.5094911330749824 2.608973924302965 -0.02103944765093833 -0.6182360771275726
1.912 0.4839441838931916 1.976993098672336 0.5049396897681631 2.594583979179188 -0.02099550587497144 -0.6175908805068522
1.914 0.4795344696904477 1.963356549000617 0.5004861712544079 2.580303576591692 -0.02095170156396022 -0.6169470275910748
1.916 0.4752207450784348 1.949826623750234 0.4961287792237732 2.566131137942055 -0.02090803414533837 -0.6163045141918203
1.918 0.4710012690789948 1.93640173878223 0.4918657721285111 2.552065074920267 -0.02086450304951639 -0.6156633361380376
1.92 0.466874357843901 1.923080302407275 0.4876954655537641 2.53810379168323 -0.02082110770986306 -0.615023489275955
1.922 0.4628383848077736 1.909860717416206 0.4836162323704606 2.524245686885197 -0.02077784756268699 -0.6143849694689906
1.924 0.4588917806590277 1.896741382961294 0.4796265027062461 2.510489155558957 -0.02073472204721838 -0.6137477725976639
1.926 0.4550330331608591 1.883720696289333 0.47572476376645 2.49683259084884 -0.02069173060559085 -0.6131118945595073
1.928 0.4512606868505938 1.87079705432942 0.4719095595334173 2.483274385598399 -0.02064887268282346 -0.6124773312689787
1.93 0.4475733426426035 1.857968855141129 0.4681794903694062 2.469812933798504 -0.02060614772680276 -0.6118440786573743
1.932 0.4439696573567691 1.84523449922835 0.4645332125450343 2.456446631901092 -0.02056355518826513 -0.6112121326727419
1.934 0.4404483431920327 1.832592390725881 0.4609694377128117 2.443173880005676 -0.02052109452077906 -0.6105814892797953
1.936 0.4370081671619557 1.820040938466358 0.4574869323426834 2.429993082926186 -0.0204787651807277 -0.6099521444598281
1.938 0.4336479505071693 1.807578556934968 0.4540845171344607 2.416902651145598 -0.02043656662729151 -0.6093240942106299
1.94 0.4303665680976268 1.795203667119671 0.4507610664200578 2.403901001666072 -0.02039449832243093 -0.6086973345464003
1.942 0.4271629478359522 1.782914697265137 0.4475155075668215 2.390986558762803 -0.02035255973086937 -0.6080718614976663
1.944 0.424036070071626 1.770710083537753 0.4443468203917021 2.378157754648952 -0.02031075032007608 -0.6074476711111984
1.946 0.4209849670345108 1.758588270609496 0.4412540365947602 2.365413030059424 -0.02026906956024937 -0.6068247594499272
1.948 0.4180087222951295 1.746547712167903 0.4382362392194293 2.352750834760765 -0.02022751692429981 -0.606203122592862
1.95 0.415106470258046 1.734586871359328 0.4352925621458796 2.340169627994336 -0.0201860918878336 -0.6055827566350079
1.952 0.4122773956939618 1.722704221172299 0.4324221896230978 2.327667878859585 -0.02014479392913604 -0.6049636576872852
1.954 0.4095207333154269 1.710898244767452 0.429624355844582 2.3152440666439 -0.02010362252915513 -0.6043458218764481
1.956 0.4068357674003809 1.699167435760462 0.4268983445718662 2.302896681105466 -0.02006257717148531 -0.6037292453450041
1.958 0.404221831467339 1.687510298463937 0.4242434888096903 2.290624222715071 -0.02002165734235126 -0.6031139242511346
1.96 0.4016783080055736 1.675925348093942 0.4216591705361654 2.278425202862558 -0.01998086253059184 -0.6024998547686153
1.962 0.3992046282632884 1.664411110946947 0.4191448204909326 2.266298144033684 -0.01994019222764419 -0.6018870330867369
1.964 0.3968002720965074 1.652966124552295 0.4166999180240352 2.254241579962522 -0.01989964592752787 -0.6012754554102268
1.966 0.394464767881235 1.641588937805402 0.4143239910080642 2.242254055764573 -0.01985922312682916 -0.6006651179591712
1.968 0.3921976924911935 1.630278111086892 0.4120166158158789 2.23033412805583 -0.01981892332468545 -0.6000560169689381
1.97 0.3899986713433589 1.619032216372265 0.4097774173661287 2.218480365062364 -0.01977874602276975 -0.5994481486900988
1.972 0.3878673785134879 1.607849837337049 0.4076060692387632 2.206691346725401 -0.01973869072527532 -0.5988415093883528
1.974 0.3858035369236539 1.596729569462167 0.4055022938625542 2.194965664806618 -0.01969875693890036 -0.5982360953444509
1.976 0.3838069186039149 1.585670020144218 0.4034658627767477 2.183301922998338 -0.01965894417283288 -0.5976319028541197
1.978 0.3818773450301892 1.574669808815277 0.4014965969689249 2.171698737043263 -0.01961925193873565 -0.5970289282279861
1.98 0.3800146875404329 1.56372756707715 0.399594367291164 2.160154734868654 -0.01957967975073118 -0.5964271677915035
1.982 0.3782188678312738 1.5528419388548 0.3977590949566607 2.148668556739676 -0.01954022712538695 -0.5958266178848761
1.984 0.3764898585373727 1.542011580573883 0.3959907521190734 2.137238855436868 -0.01950089358170064 -0.5952272748629859
1.986 0.3748276838957719 1.531235161367608 0.3942893625368574 2.125864296462928 -0.01946167864108547 -0.5946291350953192
1.988 0.3732324204976513 1.520511363318172 0.3926550023250069 2.114543558284065 -0.01942258182735567 -0.5940321949658935
1.99 0.3717041981300242 1.509838881738191 0.3910878007967363 2.103275332611376 -0.01938360266671208 -0.5934364508731851
1.992 0.3702432007099255 1.499216425498291 0.3895879413976532 2.092058324728347 -0.01934474068772774 -0.5928418992300564
1.994 0.3688496673138746 1.488642717406712 0.3881556627352084 2.080891253870397 -0.01930599542133376 -0.5922485364636849
1.996 0.3675238933054221 1.478116494647532 0.3867912597062272 2.069772853663024 -0.0192673664008051 -0.5916563590154921
1.998 0.3662662315637422 1.467636509284734 0.3854950847254888 2.058701872625805 -0.01922885316174658 -0.5910653633410715
2 0.3650770938163273 1.457201528839349 0.3842675490584062 2.047677074749469 -0.01919045524207889 -0.5904755459101197
2.002 0.3639569520789695 1.446810336947812 0.3831091242609944 2.036697240154177 -0.01915217218202485 -0.5898869032063651
2.004 0.3629063402062689 1.436461734110233 0.3820203437303645 2.025761165837732 -0.01911400352409554 -0.5892994317274992
2.006 0.3619258555559999 1.426154538537978 0.3810018043690766 2.014867666523085 -0.01907594881307675 -0.588713127985107
2.008 0.3610161607707644 1.415887587110553 0.3800541683667797 2.004015575615151 -0.01903800759601539 -0.5881279885045984
2.01 0.3601779856803301 1.405659736452941 0.3791781651025361 1.993203746278081 -0.01900017942220602 -0.58754400982514
2.012 0.3594121293280749 1.395469864145279 0.3783745931712524 1.982431052644866 -0.0189624638431775 -0.5869611884995866
2.014 0.3587194621250084 1.385316870077765 0.3776443225376881 1.971696391172179 -0.01892486041267971 -0.5863795210944144
2.016 0.3581009281345887 1.37519967796499 0.3769882968212591 1.960998682154644 -0.01888736868667037 -0.5857990041896532
2.018 0.3575575474916032 1.365117237035089 0.3764075357149052 1.95033687141391 -0.01884998822330195 -0.5852196343788206
2.02 0.35709041895809 1.355068523910282 0.3759031375409986 1.939709932179136 -0.01881271858290868 -0.5846414082688541
2.022 0.3567007226189595 1.345052544697257 0.3754762819469531 1.929116867177304 -0.0187755593279936 -0.584064322480047
2.024 0.3563897227197365 1.335068337307078 0.3751282327429523 1.918556710953059 -0.01873851002321579 -0.5834883736459811
2.026 0.3561587706482506 1.325114974026433 0.3748603408836282 1.908028532439895 -0.01870157023537763 -0.5829135584134625
2.028 0.3560093080615467 1.31519156436369 0.3746740475949588 1.897531437806147 -0.01866473953341208 -0.582339873442457
2.03 0.3559428701585002 1.305297258195758 0.3745708876468705 1.887064573601783 -0.01862801748837026 -0.581767315406025
2.032 0.3559610890978167 1.295431249243445 0.3745524927712255 1.876627130233703 -0.01859140367340882 -0.5811958809902573
2.034 0.3560656975597503 1.285592778906194 0.374620595223528 1.866218345800407 -0.0185548976637777 -0.580625566894213
2.036 0.356258532448658 1.275781140489352 0.3747770314854657 1.855837510319205 -0.0185184990368077 -0.5800563698298536
2.038 0.3565415387319372 1.265995683860056 0.3750237461038356 1.845483970382039 -0.01848220737189838 -0.579488286521983
2.04 0.3569167734086477 1.256235820571228 0.3753627956591535 1.83515713427941 -0.01844602225050581 -0.5789213137081822
2.042 0.3573864095990508 1.246501029496504 0.3757963528551814 1.824856477635253 -0.01840994325613061 -0.5783554481387494
2.044 0.3579527407434986 1.236790863022123 0.3763267107178046 1.814581549598759 -0.01837396997430595 -0.5777906865766363
2.046 0.3586181848956831 1.227104953846451 0.3769562868882688 1.80433197964384 -0.01833810199258566 -0.5772270257973884
2.048 0.3593852890915635 1.217443022441349 0.3776876279920959 1.794107485030431 -0.01830233890053239 -0.576664462589082
2.05 0.360256733770927 1.20780488523407 0.3785234140606329 1.783907878986335 -0.01826668028970597 -0.5761029937522653
2.052 0.3612353372230317 1.198190463573186 0.3794664629766833 1.773733079673083 -0.01823112575365168 -0.5755426160998963
2.054 0.3623240600218507 1.188599793546842 0.3805197349097395 1.763583120004127 -0.01819567488788874 -0.5749833264572843
2.056 0.3635260094095907 1.179033036726159 0.3816863366994894 1.753458158388187 -0.01816032728989877 -0.5744251216620287
2.058 0.3648444435785119 1.169490491912511 0.3829695261376263 1.743358490476473 -0.01812508255911443 -0.5738679985639612
2.06 0.3662827757920778 1.159972607971981 0.3843727160889858 1.733284561997066 -0.01808994029690803 -0.5733119540250853
2.062 0.3678445782752928 1.150479997845918 0.3858994783818731 1.723236982765437 -0.01805490010658036 -0.5727569849195184
2.064 0.3695335857919089 1.141013453831136 0.3875535473852583 1.713216541964569 -0.01801996159334941 -0.5722030881334336
2.066 0.3713536988113731 1.13157396422885 0.3893388231757124 1.703224224793851 -0.01798512436433934 -0.5716502605650012
2.068 0.373308986152429 1.122162731465317 0.3912593741809984 1.693261230589649 -0.01795038802856941 -0.5710984991243315
2.07 0.3754036869715555 1.112781191790947 0.3933194391684985 1.683328992524364 -0.01791575219694305 -0.5705478007334172
2.072 0.3776422119428607 1.10343103666793 0.3955234284250976 1.673429198994006 -0.01788121648223693 -0.5699981623260758
2.074 0.3800291434522197 1.094114235957959 0.39787592395131 1.663563816805854 -0.01784678049909025 -0.5694495808478949
2.076 0.3825692346016161 1.084833063020768 0.40038167846561 1.653735116276941 -0.01781244386399385 -0.5689020532561729
2.078 0.3852674067882367 1.075590121833384 0.4030456129835165 1.64394569835325 -0.01777820619527974 -0.568355576519866
2.08 0.3881287455892281 1.066388376234007 0.4058728127023384 1.634198523853537 -0.01774406711311031 -0.56781014761953
2.082 0.3911584946451638 1.057231181385573 0.4088685208846318 1.624496944932839 -0.01771002623946798 -0.5672657635472667
2.084 0.3943620471918742 1.048122317542305 0.4120381303900189 1.614844738848973 -0.01767608319814462 -0.5667224213066675
2.086 0.3977449348446592 1.039066026183101 0.4153871724593904 1.605246144095861 -0.01764223761473125 -0.5661801179127599
2.088 0.401312813187827 1.030067048550328 0.4189213023044346 1.59570589894228 -0.01760848911660769 -0.5656388503919516
2.09 0.4050714436664551 1.021130666600443 0.4226462809993875 1.586229282382421 -0.01757483733293233 -0.5650986157819781
2.092 0.4090266712187011 1.012262746328705 0.426567953113333 1.576822157460552 -0.01754128189463195 -0.5645594111318468
2.094 0.4131843970241285 1.003469783375661 0.4306922194585202 1.567491016877446 -0.01750782243439163 -0.5640212335017858
2.096 0.4175505456770646 0.9947589507551801 0.4350250042637093 1.558243030718368 -0.01747445858664468 -0.5634840799631883
2.098 0.422131026027562 0.9861381484583172 0.4395722160151247 1.549086096056879 -0.01744118998756269 -0.5629479475985619
2.1 0.4269316848657504 0.9776160545834717 0.4443397011407961 1.540028888084946 -0.01740801627504564 -0.5624128335014745
2.102 0.4319582525601194 0.9692021775188552 0.4493331896488315 1.531080912295358 -0.01737493708871202 -0.5618787347765025
2.104 0.4372162797024848 0.9609069085523738 0.4545582317723739 1.522252557091552 -0.01734195206988907 -0.5613456485391786
2.106 0.4427110637643173 0.9527415741065763 0.4600201246259205 1.513555146022517 -0.0173090608616031 -0.5608135719159404
2.108 0.448447564734708 0.944718486588654 0.4657238278432778 1.505000988632732 -0.01727626310856978 -0.5602825020440785
2.11 0.4544303087000063 0.9368509926041475 0.471673867157191 1.496603428675834 -0.01724355845718465 -0.5597524360716861
2.112 0.4606632783445442 0.9291535170066807 0.4778742249000577 1.488376888164288 -0.01721094655551348 -0.5592233711576071
2.114 0.4671497894098997 0.9216416009452338 0.4843282164631826 1.48033690541662 -0.01717842705328294 -0.5586953044713866
2.116 0.4738923522617645 0.9143319317236798 0.4910383518636356 1.472500164916899 -0.01714599960187111 -0.5581682331932196
2.118 0.4808925178906099 0.9072423619083388 0.4980061817449081 1.464884516422241 -0.01711366385429823 -0.5576421545139024
2.12 0.4881507079277095 0.9003919147157171 0.5052321273929269 1.457508980350498 -0.01708141946521734 -0.5571170656347808
2.122 0.4956660286139181 0.8938007722909508 0.5127152947048232 1.450393736058654 -0.01704926609090514 -0.5565929637677031
2.124 0.5034360691287814 0.8874902430647844 0.5204532725180342 1.443560089199753 -0.0170172033892528 -0.5560698461349685
2.126 0.5114566852888797 0.881482703973602 0.5284419163086366 1.437030413942882 -0.01698523101975693 -0.5555477099692805
2.128 0.519721770378353 0.8758015129690813 0.5366751190218635 1.430828065482778 -0.01695334864351047 -0.5550265525136966
2.13 0.5282230157899125 0.8704708869690014 0.5451445717131063 1.424977257990582 -0.01692155592319378 -0.5545063710215807
2.132 0.5369496652398914 0.8655157402520673 0.5538395177629571 1.419502903008622 -0.0168898525230657 -0.553987162756555
2.134 0.5458882675783403 0.8609614783304748 0.562746505687295 1.414430403322927 -0.01685823810895472 -0.5534689249924519
2.136 0.5550224346286844 0.8568337426059364 0.5718491469769346 1.409785397619203 -0.01682671234825017 -0.552951655013267
2.138 0.5643326120292464 0.8531581016964538 0.5811278869391399 1.405593451809565 -0.01679527490989347 -0.5524353501131112
2.14 0.5737958726670224 0.84995968628157 0.5905597981313918 1.401879693877734 -0.01676392546436946 -0.5519200075961638
2.142 0.5833857439089825 0.8472627657235661 0.6001184075926803 1.398668390500193 -0.01673266368369782 -0.5514056247766266
2.144 0.5930720813445152 0.8450902666385925 0.6097735705859396 1.395982465617269 -0.01670148924142442 -0.5508921989786763
2.146 0.6028210030245057 0.8434632360550041 0.6194914048371186 1.393842963591423 -0.01667040181261287 -0.5503797275364188
2.148 0.6125948990461936 0.8424002548145886 0.6292343001200296 1.392268462608432 -0.01663940107383604 -0.5498682077938433
2.15 0.6223525316044686 0.8419168104086483 0.6389610183076362 1.391274447513424 -0.01660848670316765 -0.5493576371047761
2.152 0.6320492401105273 0.8420246424019929 0.6486268984907013 1.390872655234829 -0.01657765838017395 -0.548848012832836
2.154 0.6416372644667766 0.8427310778197684 0.658184180252682 1.391070410171157 -0.01654691578590541 -0.5483393323513884
2.156 0.6510661969127141 0.8440383781134119 0.6675824555156025 1.391869971156912 -0.01651625860288846 -0.5478315930435004
2.158 0.6602835689076261 0.8459431232680266 0.6767692554227435 1.393267915569923 -0.01648568651511736 -0.5473247923018962
2.16 0.6692355742583215 0.8484356618787655 0.6856907734663674 1.395254589407678 -0.01645519920804598 -0.5468189275289127
2.162 0.6778679232224579 0.8514996581820105 0.6942927195910378 1.397813654318466 -0.01642479636857984 -0.5463139961364556
2.164 0.6861268148538525 0.8551117676459334 0.7025212925389205 1.400921763191888 -0.01639447768506794 -0.5458099955459543
2.166 0.693960006789424 0.8592414714141485 0.7103242496367189 1.404548394602468 -0.01636424284729491 -0.5453069231883196
2.168 0.7013179535443606 0.8638510963652698 0.7176520450908336 1.408655872869169 -0.01633409154647299 -0.5448047765038994
2.17 0.7081549768508048 0.8688960416789742 0.7244590003260389 1.413199594621409 -0.01630402347523423 -0.5443035529424352
2.172 0.7144304253721649 0.8743252246708874 0.7307044636997876 1.418128474633907 -0.0162740383276226 -0.5438032499630198
2.174 0.7201097769768486 0.8800817486111427 0.7363539127759349 1.423385613645197 -0.01624413579908626 -0.5433038650340543
2.176 0.7251656352970072 0.8861037838693179 0.741379950883477 1.428909179502523 -0.01621431558646981 -0.542805395633205
2.178 0.7295785739618263 0.8923256418371136 0.7457631513498331 1.434633481084475 -0.01618457738800667 -0.5423078392473618
2.18 0.7333377868469647 0.8986790096301982 0.7494927077502761 1.440490203002794 -0.01615492090331135 -0.541811193372596
2.182 0.7364415107649824 0.9050943035756511 0.7525668565983544 1.446409759089769 -0.01612534583337199 -0.541315455514118
2.184 0.738897197730598 0.9115020918807285 0.7549930496111408 1.452322715066964 -0.01609585188054273 -0.5408206231862359
2.186 0.7407214264723648 0.9178345323937727 0.7567878652209011 1.458161226306087 -0.01606643874853634 -0.5403266939123146
2.188 0.7419395562156117 0.9240267704586564 0.7579766623580284 1.46386043568339 -0.01603710614241668 -0.5398336652247337
2.19 0.7425851388103497 0.9300182446085836 0.7585929925789411 1.469359779273431 -0.01600785376859137 -0.5393415346648476
2.192 0.742699116949024 0.9357538539623873 0.7586777982838284 1.474604153745331 -0.01597868133480444 -0.5388502997829436
2.194 0.7423288455980199 0.9411849500601434 0.758278434148149 1.479544908198346 -0.01594958855012906 -0.5383599581382025
2.196 0.7415269802082841 0.9462701266412878 0.7574475553332444 1.484140633939945 -0.01592057512496027 -0.5378705072986576
2.198 0.7403502784557895 0.9509757925333335 0.7562419192267973 1.488357737374489 -0.01589164077100777 -0.5373819448411552
2.2 0.738858362212514 0.9552765243842291 0.7547211474138028 1.492170792735543 -0.01586278520128882 -0.5368942683513139
2.202 0.7371124834859211 0.9591552065393851 0.7529464916160421 1.495562681962871 -0.01583400813012107 -0.5364074754234862
2.204 0.7351743327472372 0.9626029742331521 0.7509796420203527 1.49852453789387 -0.01580530927311554 -0.5359215636607177
2.206 0.7331049210970627 0.9656189829742992 0.7488816094442323 1.501055513649008 -0.01577668834716959 -0.5354365306747093
2.208 0.7309635598393844 0.9682100313527131 0.7467117049098443 1.50316240543849 -0.0157481450704599 -0.5349523740857764
2.21 0.7288069529651456 0.9703900665090095 0.7445266321275813 1.504859158031822 -0.01571967916243567 -0.5344690915228127
2.212 0.7266884103983166 0.9721796014110794 0.7423797007421281 1.506166282034328 -0.01569129034381157 -0.5339866806232491
2.214 0.7246571831030059 0.9736050712277329 0.7403201614395669 1.507110210260749 -0.01566297833656101 -0.5335051390330163
2.216 0.722757915608473 0.9746981529039096 0.7383926584723823 1.507722617310417 -0.01563474286390929 -0.5330244644065074
2.218 0.7210302073490682 0.9754950679726544 0.7366367909993951 1.508039722379193 -0.01560658365032689 -0.5325446544065389
2.22 0.7195082714751535 0.9760358841103405 0.7350867718966761 1.508101590814654 -0.01557850042152268 -0.5320657067043133
2.222 0.7182206784067685 0.976363826326325 0.7337711713112058 1.507951445305707 -0.01555049290443736 -0.5315876189793818
2.224 0.7171901712395756 0.9765246042818126 0.7327127320668123 1.507634993201419 -0.01552256082723669 -0.5311103889196062
2.226 0.7164335409923336 0.9765657582946321 0.7319282449116387 1.507199772515755 -0.01549470391930503 -0.530634014221123
2.228 0.7159615514107605 0.9765360232762794 0.7314284733219991 1.506694515864585 -0.0154669219112387 -0.5301584925883052
2.23 0.7157789054093588 0.9764847072813979 0.7312181199441984 1.506168529015124 -0.01543921453483956 -0.5296838217337264
2.232 0.7158842480443279 0.9764610796010791 0.7312958295674363 1.505671078979203 -0.01541158152310844 -0.5292099993781239
2.234 0.7162702039787363 0.976513762437164 0.7316542265889752 1.505250785687526 -0.01538402261023883 -0.5287370232503621
2.236 0.7169234505459376 0.9766901201700161 0.732279988077548 1.504955011257413 -0.01535653753161038 -0.5282648910873969
2.238 0.7178248305622418 0.9770356410716514 0.7331539565860244 1.504829241705891 -0.01532912602378266 -0.5277936006342399
2.24 0.7189495118087378 0.9775933079931489 0.7342512996332266 1.50491645763707 -0.01530178782448877 -0.5273231496439208
2.242 0.7202672024141468 0.9784029570212622 0.735541725086776 1.505256492898717 -0.01527452267262915 -0.5268535358774549
2.244 0.7217424330373812 0.9795006262735642 0.7369897633456465 1.505885383377369 -0.01524733030826528 -0.5263847571038045
2.246 0.7233349175816892 0.9809179007619717 0.7385551280543028 1.506834711861818 -0.01522021047261354 -0.5259168110998462
2.248 0.7250000039891363 0.9826812634273828 0.7401931668971754 1.508130959077717 -0.01519316290803903 -0.5254496956503344
2.25 0.7266892253044892 0.9848114667993599 0.7418554126625387 1.509794875347227 -0.0151661873580495 -0.5249834085478673
2.252 0.7283509585451389 0.9873229439661086 0.7434902421124281 1.51184089155896 -0.01513928356728922 -0.5245179475928512
2.254 0.7299311949244641 0.9902232812935664 0.7450436462059972 1.514276591887034 -0.01511245128153299 -0.5240533105934672
2.256 0.7313744197011618 0.9935127782079907 0.7464601099488419 1.517102273573627 -0.01508569024768013 -0.5235894953656364
2.258 0.7326245935455853 0.9971841209363673 0.7476835937593338 1.520310620669353 -0.01505900021374847 -0.5231264997329853
2.26 0.7336262201420506 1.001222196991421 0.7486586010709191 1.523886518518234 -0.01503238092886853 -0.5226643215268133
2.262 0.7343254772452161 1.00560407507722 0.7493313093884937 1.527807033663277 -0.01500583214327751 -0.5222029585860573
2.264 0.7346713811654123 1.010299170793344 0.7496507347737258 1.532041579550603 -0.01497935360831353 -0.521742408757259
2.266 0.7346169483453748 1.015269612027454 0.7495698934217846 1.536552281921986 -0.01495294507640977 -0.5212826698945313
2.268 0.7341203130049676 1.020470809472571 0.7490469193060563 1.541294549332097 -0.0149266063010887 -0.5208237398595256
2.27 0.7331457574106518 1.025852227743731 0.7480460944476082 1.546217844265128 -0.01490033703695632 -0.5203656165213975
2.272 0.731664611666863 1.031358341780644 0.7465387487065596 1.551266639537419 -0.01487413703969649 -0.5199082977567757
2.274 0.7296559832927819 1.036929752460078 0.7445039893588471 1.556381533909806 -0.01484800606606521 -0.5194517814497275
2.276 0.7271072832183296 1.04250442554061 0.7419292270922146 1.561500491032338 -0.01482194387388502 -0.5189960654917277
2.278 0.7240145238692737 1.048019010134707 0.7388104740913131 1.566560157916332 -0.01479595022203935 -0.5185411477816251
2.28 0.7203823760744423 1.053410187629242 0.7351524009449093 1.571497213854854 -0.014770024870467 -0.5180870262256115
2.282 0.7162239837442507 1.058615999888298 0.7309681513244072 1.576249698625486 -0.01474416758015656 -0.5176336987371886
2.284 0.7115605476250684 1.063577106891812 0.7262789257382093 1.580758270128948 -0.01471837811314093 -0.5171811632371368
2.286 0.7064207008974656 1.068237928564908 0.7211133571299574 1.584967346218391 -0.01469265623249186 -0.5167294176534831
2.288 0.7008397090354048 1.072547632980723 0.7155067107377193 1.588826092902194 -0.0146670017023145 -0.5162784599214704
2.29 0.6948585334698321 1.07646094265413 0.7094999477575741 1.592289230637654 -0.01464141428774197 -0.5158282879835246
2.292 0.6885228027791038 1.079938741402448 0.7031386965340338 1.595317641191673 -0.01461589375493003 -0.5153788997892252
2.294 0.681881736254941 1.082948475293096 0.6964721761259928 1.59787876858837 -0.01459043987105177 -0.5149302932952731
2.296 0.6749870629560489 1.085464351647255 0.6895521153603411 1.599946818112715 -0.0145650524042922 -0.5144824664654598
2.298 0.6678919751979649 1.087467349198438 0.6824317063218081 1.601502766469076 -0.0145397311238431 -0.5140354172706375
2.3 0.6606501494399482 1.088945059794057 0.6751646252398459 1.602534203482744 -0.01451447579989769 -0.5135891436886875
2.302 0.6533148603991654 1.089891387197251 0.6678041466028108 1.603035030901742 -0.01448928620364548 -0.5131436437044907
2.304 0.6459382066222547 1.090306131542544 0.6604023687295217 1.603005046852441 -0.01446416210726706 -0.5126989153098969
2.306 0.6385704582771625 1.090194488961127 0.6530095615610915 1.602449445464822 -0.01443910328392894 -0.5122549565036943
2.308 0.6312595310773822 1.089566495104636 0.6456736405851607 1.601378260396217 -0.0144141095077785 -0.5118117652915811
2.31 0.6240505843513193 1.088436439130674 0.6384397649052581 1.599805778816808 -0.01438918055393883 -0.5113693396861335
2.312 0.6169857365218516 1.086822271572998 0.6313500527203554 1.597749949279776 -0.01436431619850372 -0.5109276777067785
2.314 0.610103887724942 1.084745025796624 0.6244434039434746 1.595231803176387 -0.01433951621853265 -0.5104867773797623
2.316 0.6034406369354814 1.082228268782188 0.6177554173275271 1.59227490552031 -0.01431478039204575 -0.5100466367381224
2.318 0.5970282796629317 1.079297593078709 0.6113183881609506 1.588904846900367 -0.01429010849801888 -0.5096072538216581
2.32 0.5908958718668331 1.075980158123282 0.6051613721832119 1.585148784800183 -0.01426550031637869 -0.5091686266769009
2.322 0.585069346038377 1.072304285890892 0.5993103016663747 1.581035039247978 -0.01424095562799768 -0.5087307533570864
2.324 0.5795716662106494 1.06829911308756 0.5937881404253388 1.576592745009685 -0.0142164742146894 -0.5082936319221256
2.326 0.5744230098261442 1.063994299860268 0.5886150656853478 1.571851560298844 -0.01419205585920352 -0.5078572604385754
2.328 0.5696409657571475 1.059419793255328 0.5838086661023686 1.56684143023494 -0.01416770034522111 -0.5074216369796114
2.33 0.5652407392187169 1.054605642370941 0.5793841466760666 1.56159240199594 -0.01414340745734975 -0.5069867596249986
2.332 0.5612353557428108 1.04958186126147 0.5753545327239297 1.556134487722534 -0.01411917698111886 -0.5065526264610642
2.334 0.5576358577296908 1.044378335094881 0.5717308664326658 1.55049757067555 -0.01409500870297493 -0.506119235580669
2.336 0.5544514883128147 1.039024764771448 0.5685223907230915 1.544711349854627 -0.01407090241027682 -0.5056865850831792
2.338 0.5516898583440111 1.033550645116834 0.5657367162353022 1.538805318191274 -0.0140468578912911 -0.5052546730744399
2.34 0.5493570932173344 1.027985271807879 0.5633799681525218 1.532808769474626 -0.01402287493518741 -0.5048234976667468
2.342 0.5474579570053647 1.022357772321256 0.5614569103373985 1.526750829300074 -0.01399895333203381 -0.5043930569788182
2.344 0.5459959519924018 1.016697156371749 0.559971044865194 1.520660505507518 -0.01397509287279224 -0.5039633491357692
2.346 0.5449733921730333 1.011032381493123 0.5589246855223472 1.514566753762206 -0.0139512933493139 -0.5035343722690832
2.348 0.5443914496622602 1.00539242958037 0.558319004216595 1.508498554096956 -0.01392755455433478 -0.5031061245165855
2.35 0.5442501732590571 0.99980639033775 0.5581540495405282 1.502484994360167 -0.0139038762814711 -0.5026786040224166
2.352 0.5445484786439625 0.9943035476479254 0.5584287369691774 1.49655535658493 -0.01388025832521485 -0.5022518089370049
2.354 0.5452841098992133 0.9889134648812198 0.5591408103801426 1.490739202298261 -0.01385670048092933 -0.5018257374170408
2.356 0.5464535722437908 0.9836660650979472 0.5602867747886355 1.485066452723397 -0.01383320254484475 -0.5014003876254498
2.358 0.5480520361025731 0.9785917019611912 0.5618618004166269 1.479567459692557 -0.01380976431405377 -0.500975757731366
2.36 0.5500732129061994 0.9737212169753855 0.5638595984927065 1.474273062885492 -0.01378638558650717 -0.5005518459101066
2.362 0.552509203374402 0.9690859784097351 0.5662722695354115 1.46921462875288 -0.0137630661610095 -0.5001286503431451
2.364 0.5553503194963124 0.9647178969726165 0.5690901253335271 1.464424066190703 -0.01373980583721472 -0.4997061692180861
2.366 0.5585848820149346 0.9606494129940246 0.5723014864305566 1.459933813722663 -0.01371660441562194 -0.4992844007286386
2.368 0.5621989959724478 0.9569134495827014 0.575892457670019 1.455776792657293 -0.01369346169757113 -0.4988633430745915
2.37 0.5661763077984299 0.9535433259920858 0.5798466852836688 1.451986320453872 -0.01367037748523887 -0.4984429944617865
2.372 0.5704977485393188 0.950572625304305 0.5841451001209529 1.4485959784064 -0.01364735158163413 -0.4980233531020946
2.374 0.5751412691388773 0.9480350105848927 0.5887656529294714 1.445639427798282 -0.01362438379059406 -0.4976044172133892
2.376 0.5800815751748311 0.945963983942921 0.593683049091611 1.443150168962443 -0.01360147391677985 -0.4971861850195219
2.378 0.5852898701132947 0.9443925835275299 0.5988684918789673 1.441161238277827 -0.01357862176567254 -0.4967686547502969
2.38 0.5907336179074166 0.9433530144857778 0.6042894450509856 1.439704839127224 -0.01355582714356892 -0.4963518246414465
2.382 0.5963763375621052 0.9428762113790483 0.6099094274196826 1.438811904313654 -0.01353308985757741 -0.4959356929346062
2.384 0.6021774440067599 0.9429913315773899 0.6156878537223739 1.43851158945468 -0.01351040971561404 -0.4955202578772901
2.386 0.6080921511161707 0.9437251817785112 0.6215799376425689 1.438830699501377 -0.01348778652639828 -0.4951055177228662
2.388 0.6140714538186082 0.9451015830507208 0.6275366739180573 1.439793053781253 -0.01346522009944915 -0.4946914707305319
2.39 0.620062206726936 0.9471406836543208 0.6335049169720172 1.441418798819611 -0.01344271024508112 -0.4942781151652905
2.392 0.6260073163941542 0.9498582332669813 0.6394275731685544 1.443723682564907 -0.01342025677440016 -0.4938654492979259
2.394 0.6318460629019504 0.9532648369641049 0.6452439224012502 1.446718308369084 -0.01339785949929977 -0.4934534714049791
2.396 0.6375145638378795 0.9573652121392485 0.6508900820703366 1.450407391907973 -0.01337551823245706 -0.4930421797687249
2.398 0.6429463896468856 0.9621574761569489 0.6562996224342144 1.454789048834096 -0.01335323278732884 -0.4926315726771469
2.4 0.6480733337903199 0.9676324964946064 0.6614043367684677 1.459854144918521 -0.01333100297814769 -0.4922216484239146
2.402 0.6528263341733315 0.973773337980695 0.6661351627932496 1.465585743289055 -0.01330882861991814 -0.4918124053083596
2.404 0.6571365341174632 0.9805548429773896 0.670423243645876 1.471958684612842 -0.01328670952841281 -0.4914038416354524
2.406 0.6609364621481416 0.9879433795230584 0.6742011076683102 1.478939335238837 -0.01326464552016858 -0.4909959557157787
2.408 0.6641613006041215 0.9958967891819179 0.6774039370166043 1.486485535047434 -0.01324263641248279 -0.4905887458655163
2.41 0.6667502042679934 1.004364560438378 0.6799708862914028 1.494546770844789 -0.01322068202340945 -0.490182210406412
2.412 0.6686476226825611 1.013288244949921 0.6818464048543166 1.50306459261568 -0.01319878217175553 -0.489776347665759
2.414 0.6698045743940557 1.02260212313923 0.6829815110711329 1.511973279115603 -0.01317693667707715 -0.489371155976373
2.416 0.6701798188050659 1.032234113049272 0.6833349641647419 1.521200746725843 -0.01315514535967596 -0.4889666336765711
2.418 0.669740872197615 1.042106902959886 0.6828742802382104 1.530669682070033 -0.01313340804059535 -0.4885627791101471
2.42 0.6684648190861084 1.05213927502744 0.6815765436277254 1.540298865653791 -0.01311172454161687 -0.4881595906263511
2.422 0.6663388783033206 1.062247575300041 0.6794289729885771 1.550004641879905 -0.01309009468525649 -0.4877570665798648
2.424 0.6633606946534091 1.072347275978314 0.6764292129481702 1.559702481309096 -0.01306851829476107 -0.4873552053307819
2.426 0.659538340766662 1.082354569661536 0.6725853359607666 1.569308574906119 -0.01304699519410465 -0.4869540052445828
2.428 0.6548900288639644 1.092187933144997 0.6679155540719494 1.578741397837112 -0.01302552520798496 -0.4865534646921151
2.43 0.6494435472387973 1.101769600337537 0.662447655400617 1.587923182387107 -0.01300410816181979 -0.4861535820495705
2.432 0.6432354501375515 1.111026889850885 0.6562181940192949 1.596781245549348 -0.01298274388174345 -0.4857543556984626
2.434 0.6363100412617654 1.119893342170224 0.6492714734563687 1.60524912619583 -0.01296143219460329 -0.4853557840256061
2.436 0.6287181994991584 1.128309633141603 0.6416583724271145 1.613267498564698 -0.01294017292795613 -0.4849578654230942
2.438 0.6205161002383232 1.136224243715332 0.633435066148388 1.62078484200361 -0.01291896591006482 -0.4845605982882774
2.44 0.6117638866471321 1.143593879314688 0.6246616976170268 1.62775786033843 -0.01289781096989478 -0.4841639810237424
2.442 0.6025243428685759 1.150383644800017 0.6154010508056864 1.634151656837307 -0.0128767079371105 -0.48376801203729
2.444 0.5928616157684582 1.156566991907702 0.6057172724105304 1.639939681649616 -0.0128556566420722 -0.4833726897419149
2.446 0.5828400244099873 1.162125464657802 0.5956746813258196 1.645103477213585 -0.01283465691583234 -0.482978012555783
2.448 0.5725229876680837 1.167048274230233 0.585336696258216 1.649632253132446 -0.01281370859013228 -0.4825839789022124
2.45 0.561972091145164 1.171331738175024 0.5747649026425629 1.653522325384674 -0.01279281149739889 -0.4821905872096504
2.452 0.5512463055364417 1.174978619736124 0.5640182710071829 1.656776455647779 -0.01277196547074125 -0.4817978359116543
2.454 0.5404013603818282 1.177997401895985 0.5531525307257754 1.659403125342854 -0.01275117034394724 -0.4814057234468696
2.456 0.5294892701337756 1.180401527945775 0.5422196960852559 1.661415776204785 -0.01273042595148031 -0.4810142482590099
2.458 0.5185580038795692 1.182208636453095 0.5312677360080453 1.662832045249932 -0.01270973212847614 -0.4806234087968362
2.46 0.5076512859511584 1.183439813905576 0.5203403746618978 1.663673017419713 -0.01268908871073939 -0.4802332035141367
2.462 0.4968085119743033 1.184118883475585 0.5094770075090437 1.663962514345291 -0.01266849553474041 -0.4798436308697061
2.464 0.4860647634981132 1.184271743617628 0.4987127159357252 1.663726432944954 -0.01264795243761208 -0.4794546893273254
2.466 0.475450904005805 1.183925765824787 0.4880783632629515 1.662992143180529 -0.01262745925714649 -0.4790663773557421
2.468 0.4649937396111021 1.18310925699988 0.477600755442894 1.66178795042853 -0.01260701583179183 -0.4786786934286499
2.47 0.4547162288624413 1.181850988630634 0.4673028508630905 1.660142624655303 -0.01258662200064918 -0.478291636024669
2.472 0.4446377276062032 1.180179792322808 0.4572040052096726 1.658084995950134 -0.01256627760346932 -0.4779052036273256
2.474 0.4347742566212434 1.178124219220927 0.4473202391018931 1.65564361394596 -0.01254598248064962 -0.4775193947250333
2.476 0.4251387815826038 1.175712259383809 0.4376645180558347 1.652846467194881 -0.01252573647323089 -0.4771342078110721
2.478 0.4157414967341718 1.172971116208402 0.4282470361570661 1.649720757591972 -0.01250553942289429 -0.47674964138357
2.48 0.4065901053702425 1.169927030433528 0.4190754965422007 1.64629272437901 -0.01248539117195822 -0.4763656939454828
2.482 0.3976900917888983 1.166605148023714 0.4101553833522735 1.642587512028289 -0.01246529156337525 -0.4759823640045749
2.484 0.3890449807608982 1.163029426257514 0.4014902212016273 1.638629076330915 -0.01244524044072908 -0.4755996500734007
2.486 0.3806565817448517 1.15922257255688 0.3930818193930832 1.634440123226164 -0.01242523764823147 -0.4752175506692837
2.488 0.3725252160718485 1.155206010936269 0.3849304991025677 1.630042075250569 -0.01240528303071925 -0.4748360643142998
2.49 0.3646499261345201 1.150999871374355 0.3770353025681713 1.625455060909611 -0.01238537643365126 -0.4744551895352559
2.492 0.3570286662619138 1.146622997879779 0.3693941839650193 1.620697922743452 -0.01236551770310543 -0.4740749248636728
2.494 0.3496584754608004 1.142092971505173 0.3620041821465762 1.615788240340939 -0.01234570668577576 -0.4736952688357655
2.496 0.3425356325773624 1.137426145040055 0.3548615758063318 1.610742365032479 -0.01232594322896939 -0.4733162199924245
2.498 0.3356557947022107 1.132637686567697 0.3479620218828143 1.605575463446894 -0.01230622718060361 -0.4729377768791975
2.5 0.329014119820879 1.127741629493589 0.3413006782100821 1.60030156753986 -0.01228655838920304 -0.4725599380462706
2.502 0.3226053748224854 1.122750927038016 0.3348723115263819 1.594933629086466 -0.01226693670389658 -0.4721827020484498
2.504 0.316424030034525 1.117677509530791 0.3286713920089397 1.589483576975934 -0.01224736197441465 -0.4718060674451429
2.506 0.3104643414630336 1.112532343150185 0.3226921755141198 1.583962375950526 -0.01222783405108626 -0.4714300328003408
2.508 0.3047204218975567 1.1073254890135 0.3169287746823928 1.5783800856961 -0.01220835278483612 -0.4710545966825998
2.51 0.2991863019979791 1.102066161755494 0.3113752200251609 1.572745919420517 -0.01218891802718187 -0.4706797576650231
2.512 0.2938559824208654 1.096762786925046 0.3060255120510966 1.567068301250288 -0.0121695296302312 -0.4703055143252426
2.514 0.2887234779738125 1.091423056694282 0.3008736654204915 1.561354921939684 -0.01215018744667905 -0.469931865245402
2.516 0.2837828547121605 1.086053983511487 0.2959137460419654 1.555612792523624 -0.01213089132980482 -0.4695588090121373
2.518 0.2790282608147929 1.080661951441515 0.2911399019482624 1.549848295658075 -0.01211164113346959 -0.4691863442165604
2.52 0.2744539519985403 1.075252765029254 0.2865463887106536 1.544067234483495 -0.01209243671211336 -0.468814469454241
2.522 0.2700543121565053 1.069831695596255 0.2821275900772576 1.538274878921444 -0.01207327792075229 -0.4684431833251886
2.524 0.2658238698331806 1.064403524939139 0.2778780344481565 1.532476009372974 -0.01205416461497596 -0.4680724844338356
2.526 0.2617573110816126 1.058972586444128 0.2737924077325573 1.526674957833147 -0.01203509665094468 -0.4677023713890195
2.528 0.2578494891852456 1.053542803667701 0.2698655630706324 1.520875646471667 -0.01201607388538677 -0.4673328428039654
2.53 0.2540954316682096 1.048117726458876 0.2660925278438055 1.515081623755145 -0.01199709617559585 -0.4669638972962691
2.532 0.2504903449642952 1.042700564717 0.2624685083437234 1.50929609820488 -0.01197816337942819 -0.4665955334878798
2.534 0.2470296170665789 1.037294219891614 0.258988892421879 1.503521969896698 -0.01195927535530008 -0.466227750005083
2.536 0.2437088184348692 1.03190131433742 0.2556492503970543 1.497761859815902 -0.01194043196218509 -0.4658605454784829
2.538 0.240523701398414 1.026524218640079 0.2524453344580256 1.492018137183066 -0.01192163305961156 -0.4654939185429866
2.54 0.2374701982557772 1.021165077028081 0.2493730767634371 1.486292944865867 -0.01190287850765988 -0.4651278678377861
2.542 0.2345444182415705 1.015825830981617 0.2464285864085305 1.48058822298796 -0.01188416816695998 -0.4647623920063424
2.544 0.2317426435013604 1.010508241142944 0.243608145400049 1.474905730839312 -0.01186550189868864 -0.4643974896963678
2.546 0.2290613241915784 1.00521390762456 0.2409082037561454 1.469247067184371 -0.01184687956456705 -0.4640331595598107
2.548 0.226497072799288 0.9999442888006058 0.2383253738261461 1.463613689053443 -0.01182830102685809 -0.463669400252837
2.55 0.2240466577583993 0.9947007186548291 0.2358564239067632 1.458006929090645 -0.01180976614836394 -0.463306210435816
2.552 0.2217069964239148 0.9894844227451391 0.2334982712163382 1.452428011518441 -0.01179127479242345 -0.4629435887733022
2.554 0.2194751474536282 0.9842965328295445 0.2312479742765378 1.446878066763564 -0.01177282682290966 -0.4625815339340194
2.556 0.2173483026381165 0.9791381001821465 0.2291027247423437 1.441358144772992 -0.01175442210422728 -0.462220044590845
2.558 0.2153237782150982 0.9740101076113142 0.2270598387164084 1.435869227032108 -0.01173606050131023 -0.4618591194207934
2.56 0.2133990057027474 0.968913480173929 0.2251167475823666 1.430412237278929 -0.01171774187961913 -0.4614987571049997
2.562 0.2115715222898266 0.9638490945621061 0.2232709883949655 1.42498805089081 -0.01169946610513887 -0.4611389563287043
2.564 0.2098389608279168 0.95881778712059 0.2215201938722929 1.419597502901826 -0.01168123304437612 -0.4607797157812364
2.566 0.2081990394838026 0.9538203604366371 0.2198620820481595 1.414241394592635 -0.01166304256435693 -0.4604210341559982
2.568 0.206649551127833 0.9488575884286437 0.2182944456604573 1.408920498579093 -0.0116448945326243 -0.4600629101504494
2.57 0.2051883525577196 0.9439302198474178 0.2168151413749554 1.403635562313509 -0.01162678881723577 -0.4597053424660911
2.572 0.2038133536867234 0.9390389800962595 0.2154220789734844 1.39838730990471 -0.011608725286761 -0.4593483298084506
2.574 0.2025225068600903 0.9341845712733933 0.2141132106703698 1.393176442160459 -0.01159070381027943 -0.4589918708870654
2.576 0.2013137965038781 0.9293676703455367 0.212886520761256 1.388003634761005 -0.01157272425737788 -0.4586359644154678
2.578 0.2001852293548227 0.9245889253770707 0.2117400158529709 1.38286953448824 -0.01155478649814818 -0.4582806091111695
2.58 0.1991348255667549 0.9198489497659961 0.2106717159699397 1.377774753461642 -0.01153689040318489 -0.4579258036956463
2.582 0.1981606110362795 0.9151483144786483 0.2096796468798624 1.372719861372971 -0.01151903584358288 -0.4575715468943229
2.584 0.1972606113345279 0.9104875383327438 0.2087618340254629 1.367705375769301 -0.01150122269093507 -0.4572178374365572
2.586 0.1964328476685077 0.9058670764514216 0.2079162984858378 1.362731750507047 -0.01148345081733011 -0.4568646740556257
2.588 0.1956753353200024 0.9012873071019263 0.2071410554153525 1.357799362590634 -0.01146572009535009 -0.4565120554887082
2.59 0.1949860850163679 0.8967485172400034 0.2064341154144361 1.352908497716876 -0.01144803039806823 -0.4561599804768726
2.592 0.1943631076695543 0.8922508872007033 0.205793489268601 1.348059334965764 -0.01143038159904665 -0.4558084477650604
2.594 0.1938044228714443 0.8877944751042675 0.2052171964437784 1.343251931206339 -0.01141277357233409 -0.4554574561020713
2.596 0.1933080714498341 0.8833792016752564 0.2047032776422978 1.338486205915805 -0.01139520619246366 -0.4551070042405487
2.598 0.1928721322664357 0.8790048362923419 0.2042498116008863 1.333761927229307 -0.01137767933445063 -0.4547570909369651
2.6 0.1924947432755374 0.8746709851853753 0.2038549361493276 1.329078700136982 -0.01136019287379017 -0.454407714951607
2.602 0.1921741266617249 0.8703770827621686 0.2035168733481801 1.324435957810729 -0.01134274668645521 -0.4540588750485607
2.604 0.1919086176447227 0.8661223870655856 0.2032339582936168 1.319832957061283 -0.01132534064889414 -0.4537105699956975
2.606 0.1916966962906043 0.8619059803210778 0.2030046709286331 1.315268778885737 -0.01130797463802873 -0.4533627985646595
2.608 0.1915370214176563 0.8577267754275426 0.2028276699489082 1.310742334958387 -0.01129064853125188 -0.4530155595308448
2.61 0.1914284654523178 0.8535835290648668 0.2027018276587433 1.30625238073826 -0.01127336220642551 -0.4526688516733935
2.612 0.1913701488981146 0.8494748618437886 0.202626264439993 1.301797535618962 -0.01125611554187836 -0.4523226737751733
2.614 0.1913614729501024 0.8453992856184747 0.2026003813665062 1.29737631024124 -0.01123890841640388 -0.4519770246227653
2.616 0.1914021487383701 0.8413552377357777 0.2026238894476283 1.292987140742228 -0.01122174070925812 -0.4516319030064498
2.618 0.1914922217296132 0.8373411216337112 0.2026968340297707 1.288628429353904 -0.01120461230015757 -0.4512873077201927
2.62 0.1916320899602451 0.8333553528542007 0.2028196130295222 1.284298590415831 -0.01118752306927709 -0.4509432375616304
2.622 0.1918225150131047 0.8293964092313599 0.2029929879103525 1.279996100563417 -0.01117047289724779 -0.450599691332057
2.624 0.1920646249669583 0.8254628837851458 0.2032180866321133 1.275719551621556 -0.01115346166515497 -0.4502566678364098
2.626 0.1923599089188342 0.8215535387142925 0.2034963981733703 1.271467704597548 -0.01113648925453603 -0.4499141658832558
2.628 0.1927102030731527 0.8176673588532095 0.2038297586205311 1.267239543137987 -0.01111955554737843 -0.4495721842847773
2.63 0.1931176687743212 0.8138036030384674 0.2042203292004388 1.263034324895227 -0.01110266042611763 -0.4492307218567593
2.632 0.1935847631979438 0.8099618520128141 0.2046705669715788 1.258851629431389 -0.01108580377363501 -0.4488897774185746
2.634 0.1941142036829226 0.8061420517571329 0.2051831891561785 1.254691401550304 -0.01106898547325593 -0.4485493497931712
2.636 0.194708926862476 0.8023445514582918 0.2057611322712236 1.25055398926535 -0.01105220540874765 -0.4482094378070584
2.638 0.1953720438271211 0.7985701356624917 0.2064075072914384 1.246440175952785 -0.01103546346431731 -0.4478700402902934
2.64 0.1961067925282172 0.7948200504968929 0.2071255520528272 1.242351206573361 -0.01101875952461 -0.4475311560764678
2.642 0.1969164885166113 0.791096024140772 0.207918581991318 1.238288808143466 -0.01100209347470671 -0.4471927840026945
2.644 0.1978044749245751 0.7874002819688912 0.2087899401246975 1.234255204878485 -0.01098546520012239 -0.446854922909594
2.646 0.1987740723632106 0.7837355569579263 0.2097429469500146 1.230253128599208 -0.01096887458680398 -0.4465175716412821
2.648 0.1998285291446038 0.7801050960364229 0.2107808506657323 1.226285825081778 -0.01095232152112844 -0.4461807290453554
2.65 0.2009709719710761 0.7765126630692708 0.2119067778609769 1.22235705704215 -0.01093580588990082 -0.4458443939728797
2.652 0.202204356983612 0.7729625391037322 0.2131236845639644 1.218471104382108 -0.01091932758035234 -0.4455085652783755
2.654 0.2035314208430585 0.7694595203769339 0.2144343073231969 1.21463276219674 -0.01090288648013843 -0.4451732418198063
2.656 0.2049546313431936 0.7660089144058977 0.2158411138205305 1.210847336864462 -0.01088648247733686 -0.4448384224585646
2.658 0.2064761369326742 0.7626165342628577 0.21734625239312 1.207120640322318 -0.0108701154604458 -0.4445041060594603
2.66 0.2080977144568977 0.7592886908938978 0.2189514997752796 1.203458982384604 -0.01085378531838193 -0.4441702914907066
2.662 0.2098207144231697 0.7560321830796157 0.2206582063636483 1.199869160703524 -0.0108374919404786 -0.4438369776239082
2.664 0.2116460031447352 0.7528542843711628 0.2224672383612191 1.19635844770521 -0.0108212352164839 -0.4435041633340477
2.666 0.2135739012303908 0.7497627260740667 0.2243789162669496 1.192934573573541 -0.01080501503655882 -0.4431718474994742
2.668 0.2156041180563003 0.7467656751037237 0.2263929493475757 1.189605704105613 -0.01078883129127542 -0.4428400290018897
2.67 0.2177356820873563 0.7438717053079014 0.2285083659589713 1.186380412034238 -0.01077268387161494 -0.442508706726337
2.672 0.2199668672056359 0.7410897606531888 0.2307234398746019 1.183267640214376 -0.010756572668966 -0.442177879561187
2.674 0.2222951155546417 0.7384291085149088 0.2330356131297644 1.180276654913036 -0.01074049757512276 -0.441847546398127
2.676 0.2247169578208572 0.7358992812055499 0.2354414163031403 1.177416987337697 -0.0107244584822831 -0.4415177061321472
2.678 0.2272279323453136 0.733510003842314 0.2379363876283604 1.174698361503844 -0.01070845528304684 -0.4411883576615298
2.68 0.2298225049827806 0.7312711067082376 0.2405149928531945 1.172130606596072 -0.01069248787041391 -0.4408594998878348
2.682 0.2324939921962512 0.7291924204238773 0.2431705483340338 1.169723552139768 -0.01067655613778259 -0.4405311317158906
2.684 0.2352344904720978 0.7272836525417871 0.2458951504510455 1.167486904595566 -0.0106606599789477 -0.440203252053779
2.686 0.238034815742611 0.7255542446263387 0.2486796150307098 1.165430104439164 -0.01064479928809889 -0.4398758598128251
2.688 0.2408844570756153 0.7240132095071381 0.2515134310354342 1.163562163414722 -0.01062897395981881 -0.4395489539075841
2.69 0.2437715493895333 0.7226689492116147 0.2543847332786147 1.161891482467445 -0.01061318388908141 -0.4392225332558306
2.692 0.2466828703228492 0.7215290550963336 0.2572802992940993 1.160425651874879 -0.01059742897125016 -0.438896596778545
2.694 0.249603866567075 0.7206000928996144 0.2601855756691514 1.159171236299518 -0.01058170910207636 -0.4385711433999033
2.696 0.2525187148911704 0.719887376803011 0.2630847390688678 1.158133548850275 -0.01056602417769739 -0.4382461720472642
2.698 0.2554104226727085 0.7193947380664453 0.2659607967673435 1.157316419717603 -0.01055037409463501 -0.4379216816511576
2.7 0.258260971944512 0.7191242953143641 0.2687957306943056 1.156721966459637 -0.01053475874979362 -0.4375976711452733
2.702 0.2610515097151687 0.719076234994974 0.2715706877556273 1.156350374461423 -0.01051917804045861 -0.4372741394664488
2.704 0.2637625856081085 0.7192486117822195 0.2742662174724032 1.156199697336878 -0.01050363186429466 -0.436951085554658
2.706 0.2663744357029581 0.7196371795933678 0.2768625558223021 1.156265687946368 -0.01048812011934404 -0.4366285083529997
2.708 0.2688673089199871 0.7202352642998679 0.279339951624012 1.156541671107554 -0.01047264270402495 -0.4363064068076857
2.71 0.271221829482982 0.7210336889703985 0.2816790290001118 1.157018468838428 -0.01045719951712987 -0.4359847798680299
2.712 0.2734193861005965 0.7220207614859987 0.2838611765584204 1.157684387972435 -0.01044179045782388 -0.4356636264864365
2.714 0.2754425357452608 0.7231823325437305 0.2858689511709038 1.15852527816212 -0.01042641542564307 -0.435342945618389
2.716 0.2772754075339484 0.7245019294213686 0.2876864818544412 1.159524665643807 -0.01041107432049282 -0.4350227362224384
2.718 0.2789040904891639 0.725960967501207 0.2892998575318101 1.160663964761399 -0.01039576704264625 -0.4347029972601922
2.72 0.2803169881194676 0.7275390376268404 0.2906974816122102 1.161922765323144 -0.01038049349274255 -0.4343837276963037
2.722 0.2815051229880806 0.7292142631555303 0.291870376559866 1.16327918965399 -0.01036525357178542 -0.4340649264984602
2.724 0.2824623758285813 0.7309637163954403 0.2928124230097227 1.164710309032812 -0.01035004718114139 -0.4337465926373716
2.726 0.2831856463023595 0.7327638803390039 0.2935205205248979 1.166192605425765 -0.01033487422253832 -0.4334287250867607
2.728 0.283674926035884 0.7345911385634807 0.2939946606339476 1.167702461386831 -0.01031973459806371 -0.4331113228233506
2.73 0.2839332788788278 0.7364222741570576 0.294237907088991 1.169216658983913 -0.01030462821016321 -0.4327943848268549
2.732 0.2839667280506867 0.7382349577399092 0.2942562830123258 1.170712867819875 -0.01028955496163902 -0.4324779100799663
2.734 0.2837840546084201 0.7400082051584815 0.2940585693640684 1.172170102726827 -0.01027451475564831 -0.4321618975683458
2.736 0.2833965160834887 0.7417227871815264 0.2936560235791904 1.173569133462138 -0.01025950749570167 -0.4318463462806117
2.738 0.282817497859921 0.7433615763409471 0.2930620309455826 1.174892831549277 -0.01024453308566159 -0.4315312552083296
2.74 0.2820621126361752 0.7449098196624611 0.2922917040659161 1.176126443008461 -0.01022959142974089 -0.4312166233460004
2.742 0.2811467649830459 0.7463553300868233 0.2913614474155471 1.177257779777874 -0.01021468243250121 -0.430902449691051
2.744 0.2800886985465928 0.7476885935429292 0.2902885045454443 1.178277326786752 -0.01019980599885148 -0.4305887332438226
2.746 0.2789055429297855 0.7489027925764431 0.2890905049638319 1.179178265584004 -0.01018496203404641 -0.4302754730075606
2.748 0.2776148758889714 0.7499937508994126 0.2877850263326564 1.179956418887817 -0.01017015044368496 -0.4299626679884043
2.75 0.2762338144288144 0.7509598060293392 0.2863891855625233 1.180610123224715 -0.01015537113370888 -0.4296503171953759
2.752 0.2747786459240454 0.7518016192403436 0.2849192699344466 1.181140038880714 -0.01014062401040118 -0.4293384196403701
2.754 0.2732645077819673 0.7525219333514066 0.2833904167623519 1.181548907689551 -0.01012590898038467 -0.4290269743381444
2.756 0.2717051215941916 0.7531252894957654 0.2818163475448121 1.181841269802073 -0.01011122595062047 -0.4287159803063079
2.758 0.2701125853688774 0.7536177140679168 0.280209160197284 1.182023150633228 -0.01009657482840653 -0.4284054365653111
2.76 0.2684972253832054 0.7540063866754894 0.2785791809045817 1.182101728813926 -0.01008195552137623 -0.4280953421384368
2.762 0.2668675074905051 0.7542992992806334 0.2769348754280019 1.182084995332421 -0.01006736793749681 -0.4277856960517876
2.764 0.2652300063458399 0.7545049159334287 0.275282818330908 1.181981413267707 -0.01005281198506805 -0.4274764973342783
2.766 0.2635894299284576 0.7546318416830244 0.2736277175011783 1.181799586700648 -0.01003828757272073 -0.4271677450176239
2.768 0.2619486958643309 0.7546885084693935 0.2719724904737462 1.181547946605724 -0.01002379460941527 -0.4268594381363304
2.77 0.2603090553049105 0.7546828850774521 0.2703183883093507 1.181234460805137 -0.01000933300444025 -0.4265515757276845
2.772 0.2586702594227795 0.754622217566402 0.2686651620901905 1.180866374398146 -0.009994902667411014 -0.4262441568317435
2.774 0.2570307628831278 0.7545128059299183 0.2670112663913961 1.180449986421244 -0.009980503508268264 -0.4259371804913256
2.776 0.2553879579133482 0.75435982203532 0.2653540933506249 1.17999046778732 -0.009966135437276655 -0.4256306457519999
2.778 0.2537384318274269 0.7541671730620538 0.2636902301924504 1.17949172472413 -0.009951798365023384 -0.4253245516620763
2.78 0.2520782401070196 0.7539374136478575 0.2620157323094364 1.178956310920454 -0.00993749220241682 -0.4250188972725962
2.782 0.2504031864700368 0.7536717087100622 0.2603264033307219 1.178385390347384 -0.009923216860685095 -0.424713681637322
2.784 0.2487091008642496 0.753369847427213 0.2586180731156244 1.177778751239941 -0.009908972251374762 -0.4244089038127282
2.786 0.2469921061103227 0.7530303071698539 0.2568868643966721 1.177134870027845 -0.009894758286349387 -0.4241045628579906
2.788 0.2452488640814125 0.7526503643289533 0.2551294389592007 1.176451022163931 -0.009880574877788224 -0.4238006578349779
2.79 0.2434767929156325 0.7522262471151308 0.2533432148538173 1.175723434923372 -0.009866421938184829 -0.4234971878082411
2.792 0.2416742478435452 0.7517533236291096 0.251526547223891 1.174947475474114 -0.009852299380345732 -0.4231941518450044
2.794 0.239840659756463 0.7512263169835756 0.2496788668738521 1.174117865998731 -0.009838207117389084 -0.4228915490151554
2.796 0.2379766275698956 0.750639538130925 0.2478007726326389 1.173228916522161 -0.009824145062743331 -0.4225893783912362
2.798 0.2360839626280588 0.7499871264350185 0.2458940757582046 1.172274765483451 -0.009810113130145867 -0.4222876390484328
2.8 0.2341656856922371 0.7492632879875062 0.2439617969258789 1.171249618052073 -0.009796111233641738 -0.4219863300645671
2.802 0.2322259792830222 0.7484625222240626 0.2420081185706045 1.170147972744149 -0.0097821392875823 -0.4216854505200863
2.804 0.2302701001318569 0.747579828497354 0.2400382973384808 1.168964827995408 -0.009768197206623939 -0.4213849994980542
2.806 0.2283042580951045 0.7466108858128906 0.2380585430008313 1.167695861897033 -0.009754284905726739 -0.421084976084142
2.808 0.2263354689899268 0.745552200791374 0.23607587129008 1.166337580157992 -0.009740402300153207 -0.4207853793666185
2.81 0.2243713893727678 0.7444012209256962 0.2340979386782348 1.164887429362037 -0.00972654930546697 -0.4204862084363413
2.812 0.2224201413017588 0.7431564121884739 0.2321328671392903 1.163343874575222 -0.009712725837531513 -0.4201874623867479
2.814 0.2204901346552976 0.7418173018702281 0.2301890664678065 1.161706442184074 -0.009698931812508872 -0.4198891403138456
2.816 0.2185898937119504 0.7403844890724066 0.2282750608588088 1.15997573038861 -0.00968516714685839 -0.4195912413162034
2.818 0.2167278935451618 0.7388596264667419 0.2263993253024972 1.158153390961684 -0.009671431757335437 -0.4192937644949425
2.82 0.2149124104740663 0.7372453777274806 0.2245701360350564 1.156242086681208 -0.009657725560990163 -0.418996708953727
2.822 0.2131513894561409 0.7355453554493654 0.2227954379313071 1.154245429248121 -0.009644048475166237 -0.4187000737987557
2.824 0.2114523300099693 0.7337640444163207 0.221082730427469 1.152167902555073 -0.009630400417499616 -0.4184038581387525
2.826 0.2098221910959569 0.7319067148408065 0.2194389724018742 1.150014775925764 -0.009616781305917281 -0.4181080610849575
2.828 0.2082673144131136 0.7299793297206583 0.2178705054717496 1.147792011471777 -0.009603191058636036 -0.4178126817511186
2.83 0.2067933648186238 0.7279884498312805 0.216382994412785 1.145506169084763 -0.009589629594161249 -0.417517719253482
2.832 0.2054052860520361 0.7259411391551351 0.2149813828833218 1.143164311865919 -0.009576096831285658 -0.4172231727107842
2.834 0.2041072696375308 0.7238448728076161 0.2136698623266189 1.140773914051859 -0.009562592689088137 -0.4169290412442427
2.836 0.2029027347240437 0.7217074487971937 0.2124518518109762 1.138342772774741 -0.009549117086932502 -0.4166353239775473
2.838 0.2017943166767779 0.719536904295245 0.2113299866212442 1.135878924332096 -0.009535669944466292 -0.4163420200368514
2.84 0.2007838624232327 0.7173414365132652 0.2103061136048523 1.133390565064029 -0.009522251181619595 -0.4160491285507638
2.842 0.1998724308519058 0.7151293278076791 0.2093812915705096 1.130885976458019 -0.009508860718603825 -0.4157566486503396
2.844 0.1990602969335627 0.7129088742650276 0.2085557954094733 1.128373453734099 -0.009495498475910575 -0.4154645794690719
2.846 0.1983469586580989 0.710688316766345 0.2078291230324093 1.125861236909228 -0.009482164374310393 -0.4151729201428828
2.848 0.1977311463314857 0.7084757733894289 0.2072000046663373 1.123357443199545 -0.009468858334851655 -0.4148816698101156
2.85 0.1972108342372075 0.7062791719805041 0.2066664145160669 1.12086999959203 -0.009455580278859363 -0.4145908276115259
2.852 0.1967832551162598 0.7041061818107501 0.2062255852441938 1.118406574501023 -0.009442330127933996 -0.4143003926902731
2.854 0.1964449183400286 0.7019641434244661 0.2058740261439789 1.115974507616379 -0.00942910780395035 -0.4140103641919123
2.856 0.1961916330227403 0.6998599960816039 0.2056075462517968 1.11358073734599 -0.0094159132290564 -0.4137207412643858
2.858 0.1960185376228515 0.6978002025914704 0.2054212839485236 1.111231725649485 -0.009402746325672133 -0.4134315230580147
2.86 0.1959201377935625 0.6957906718169128 0.2053097448100509 1.108933380542403 -0.009389607016488421 -0.4131427087254905
2.862 0.1958903543373044 0.6938366796848733 0.2052668495617703 1.106690977106741 -0.009376495224465889 -0.4128542974218673
2.864 0.195922583073073 0.6919427901480558 0.2052859939459068 1.104509078452609 -0.009363410872833784 -0.4125662883045532
2.866 0.196009768217379 0.690112778172653 0.2053601221024678 1.102391458705955 -0.009350353885088846 -0.4122786805333021
2.868 0.1961444904921686 0.6883495574399607 0.2054818146771628 1.100341030710166 -0.009337324184994202 -0.4119914732702057
2.87 0.1963190705987668 0.6866551159965517 0.205643392295345 1.098359781676237 -0.009324321696578241 -0.4117046656796854
2.872 0.1965256879415164 0.6850304635132771 0.20583703428565 1.096448720441761 -0.009311346344133517 -0.4114182569284839
2.874 0.1967565135704455 0.6834755940597348 0.2060549116226611 1.094607840245392 -0.009298398052215641 -0.4111322461856577
2.876 0.1970038552812668 0.6819894683123922 0.206289332026909 1.092836100934961 -0.009285476745642203 -0.4108466326225688
2.878 0.1972603117257256 0.6805700188445309 0.2065328940752172 1.091131434257407 -0.009272582349491644 -0.4105614154128761
2.88 0.1975189313266524 0.6792141815665111 0.2067786461157546 1.08949077529904 -0.009259714789102213 -0.4102765937325288
2.882 0.1977733708535124 0.6779179554914487 0.2070202448435833 1.087910122251206 -0.009246873990070858 -0.4099921667597571
2.884 0.1980180477950407 0.6766764918214321 0.2072521076732929 1.086384625496497 -0.009234059878252165 -0.4097081336750653
2.886 0.198248280257128 0.6754842119435254 0.2074695526368853 1.084908705604749 -0.00922127237975728 -0.4094244936612232
2.888 0.1984604080899489 0.6743349523857793 0.2076689195109018 1.083476198289039 -0.009208511420952857 -0.4091412459032592
2.89 0.1986518893509001 0.6732221332286641 0.2078476662793601 1.082080522817116 -0.00919577692845998 -0.4088583895884514
2.892 0.1988213670414496 0.6721389450285503 0.2080044358706027 1.080714868934871 -0.009183068829153131 -0.4085759239063208
2.894 0.1989687022742224 0.6710785481171593 0.2081390893243815 1.079372396165782 -0.009170387050159113 -0.4082938480486227
2.896 0.1990949715471811 0.6700342773073111 0.2082527030660371 1.078046438516651 -0.009157731518856047 -0.4080121612093401
2.898 0.1992024275038946 0.6689998446407464 0.2083475296667669 1.076730707225421 -0.009145102162872282 -0.4077308625846749
2.9 0.1992944243017205 0.6679695328949778 0.2084269232118059 1.075419484268019 -0.009132498910085404 -0.4074499513730411
2.902 0.1993753103475093 0.6669383731105605 0.2084952320361305 1.074107799885617 -0.009119921688621184 -0.4071694267750565
2.904 0.199450292560537 0.6659023003478881 0.2085576629873896 1.072791588341424 -0.009107370426852567 -0.4068892879935362
2.906 0.1995252773816526 0.6648582831354881 0.2086201224350512 1.071467817368972 -0.009094845053398637 -0.4066095342334837
2.908 0.1996066944028489 0.6638044235057088 0.2086890398999725 1.070134588207793 -0.00908234549712362 -0.4063301647020844
2.91 0.1997013087242292 0.6627400259954077 0.2087711804113651 1.068791204604105 -0.009069871687135862 -0.4060511786086978
2.912 0.1998160279807273 0.6616656353928816 0.2088734515335141 1.067438210557732 -0.009057423552786832 -0.40577257516485
2.914 0.1999577094810346 0.6605830442316806 0.2090027105047048 1.066077397815907 -0.009045001023670117 -0.4054943535842265
2.916 0.2001329721526866 0.6594952719915024 0.209165576182307 1.064711785074167 -0.009032604029620434 -0.4052165130826643
2.918 0.2003480170908493 0.6584065186244157 0.2093682495915619 1.063345571502561 -0.009020232500712629 -0.4049390528781454
2.92 0.2006084595652849 0.6573220953740173 0.2096163459325456 1.061984067564806 -0.009007886367260704 -0.4046619721907885
2.922 0.2009191744418113 0.6562483359177799 0.2099147400016281 1.060633606160623 -0.008995565559816829 -0.4043852702428427
2.924 0.2012841561966892 0.6551924906850035 0.2102674262058596 1.059301436943683 -0.008983270009170367 -0.4041089462586793
2.926 0.2017063940990065 0.6541626068452182 0.2106773937453534 1.057995606310004 -0.008970999646346905 -0.4038329994647853
2.928 0.2021877627394555 0.6531673959940463 0.2111465171420628 1.056724825083802 -0.008958754402607285 -0.4035574290897558
2.93 0.2027289279045108 0.6522160910559509 0.2116754621139574 1.055498325420238 -0.008946534209446636 -0.4032822343642868
2.932 0.2033292678255977 0.6513182934431651 0.2122636068241911 1.054325707964334 -0.008934338998593435 -0.4030074145211685
2.934 0.2039868100490667 0.6504838111171869 0.2129089787510753 1.053216779912464 -0.008922168702008531 -0.4027329687952774
2.936 0.2046981845378125 0.6497224879442591 0.2136082077896967 1.052181384367829 -0.008910023251884218 -0.4024588964235702
2.938 0.2054585940827322 0.6490440246586882 0.2143564966633755 1.051229221303764 -0.008897902580643271 -0.4021851966450758
2.94 0.2062618036159657 0.6484577918754579 0.2151476102369037 1.050369660576347 -0.008885806620938021 -0.401911868700889
2.942 0.207100150516537 0.6479726359410093 0.2159738858221864 1.049611547775172 -0.008873735305649418 -0.4016389118341629
2.944 0.2079645784169161 0.6475966789780487 0.2168262669848022 1.048963004268151 -0.008861688567886097 -0.4013663252901026
2.946 0.2088446972871289 0.6473371152510201 0.2176943636281124 1.048431223566977 -0.008849666340983445 -0.4010941083159574
2.948 0.2097288726240576 0.6472000069181436 0.2185665411825603 1.048022267079159 -0.008837668558502702 -0.4008222601610149
2.95 0.2106043463454614 0.6471900832895781 0.2194300414996914 1.047740863366171 -0.008825695154230016 -0.400550780076593
2.952 0.2114573914293663 0.6473105488034334 0.2202711374915418 1.047590216119468 -0.008813746062175552 -0.4002796673160343
2.954 0.2122735014173398 0.6475629059664787 0.2210753226339123 1.047571827101176 -0.008801821216572565 -0.4000089211346978
2.956 0.2130376146073178 0.6479468003727039 0.2218275351591943 1.047685341162657 -0.008789920551876516 -0.3997385407899535
2.958 0.2137343711257872 0.64845989548862 0.2225124151285514 1.047928421029795 -0.00877804400276415 -0.3994685255411747
2.96 0.2143483991561907 0.6490977850583712 0.2231145906603233 1.048296659708103 -0.008766191504132622 -0.3991988746497317
2.962 0.2148646245198613 0.6498539506273593 0.2236189875109598 1.048783538006344 -0.008754362991098587 -0.3989295873789848
2.964 0.2152685957076993 0.6507197707335128 0.2240111541066966 1.049380433727791 -0.008742558398997324 -0.3986606629942779
2.966 0.2155468145264047 0.6516845867391381 0.2242775921897865 1.05007668750207 -0.008730777663381843 -0.3983921007629315
2.968 0.2156870609511816 0.6527358281015159 0.2244060816712036 1.050859728055752 -0.00871902072002202 -0.3981238999542362
2.97 0.2156786997629674 0.6538591972032165 0.2243859872678711 1.051715257042663 -0.00870728750490371 -0.3978560598394464
2.972 0.2155129562579813 0.655038910846118 0.2242085342122092 1.052627490537891 -0.00869557795422788 -0.3975885796917732
2.974 0.2151831488637528 0.6562579923776248 0.2238670408681626 1.053579451164003 -0.008683892004409737 -0.3973214587863779
2.976 0.2146848679164242 0.6574986054230139 0.2233570975085021 1.05455330182338 -0.00867222959207789 -0.3970546964003661
2.978 0.2140160920978735 0.6587424176129897 0.2226766827519469 1.05553070942577 -0.008660590654073444 -0.3967882918127803
2.98 0.2131772369579619 0.6599709807668886 0.2218262120854111 1.056493225071483 -0.008648975127449198 -0.396522244304594
2.982 0.2121711333370156 0.6611661129116302 0.2208085162864844 1.057422666070335 -0.00863738294946876 -0.3962565531587052
2.984 0.2110029370823805 0.662310267394652 0.2196287511399862 1.058301485054582 -0.008625814057605707 -0.3959912176599297
2.986 0.2096799749225713 0.6633868751993508 0.2182942433121141 1.059113112294346 -0.008614268389542752 -0.3957262370949947
2.988 0.2082115344389597 0.6643806483100825 0.2168142803221305 1.059842259062616 -0.008602745883170898 -0.395461610752533
2.99 0.2066086085205123 0.6652778344284743 0.2151998549971009 1.06047517235155 -0.008591246476588602 -0.3951973379230757
2.992 0.2048836063379725 0.6660664162800155 0.2134633764460734 1.060999834179062 -0.008579770108100951 -0.3949334178990468
2.994 0.2030500436536484 0.6667362519039783 0.2116183603698672 1.061406101878735 -0.008568316716218823 -0.3946698499747563
2.996 0.2011222252053757 0.6672791554262039 0.2096791114450338 1.061685788872598 -0.008556886239658083 -0.3944066334463941
2.998 0.1991149310615971 0.6676889206395624 0.2076604096789358 1.061832688251586 -0.008545478617338743 -0.3941437676120239
3 0.1970431173909421 0.6679612920816548 0.2055772111793263 1.061842543853231 -0.008534093788384158 -0.3938812517715765
3.002 0.194921640212807 0.6680938900885303 0.2034443719049272 1.061712975315375 -0.008522731692120216 -0.3936190852268444
3.004 0.1927650085932375 0.6680860974709676 0.201276400861312 1.061443364752442 -0.008511392268074517 -0.3933572672814746
3.006 0.1905871716083357 0.6679389160217031 0.1990872470643113 1.061034713262667 -0.008500075455975592 -0.3930957972409635
3.008 0.1884013413727762 0.6676548010823227 0.1968901225685283 1.060489475494973 -0.008488781195752075 -0.3928346744126498
3.01 0.1862198526421528 0.6672374819757133 0.1946973620696848 1.059811380081423 -0.008477509427531929 -0.3925738981057093
3.012 0.1840540580194159 0.6666917753592579 0.1925203181110576 1.059005242990406 -0.008466260091641642 -0.392313467631148
3.014 0.1819142566633203 0.6660233975938217 0.1903692897919257 1.058076779895618 -0.008455033128605438 -0.3920533823017967
3.016 0.1798096536103709 0.6652387811637184 0.1882534820895153 1.057032422596023 -0.008443828479144494 -0.3917936414323045
3.018 0.1777483463530693 0.6643448991166236 0.1861809924372455 1.055879143455757 -0.008432646084176156 -0.3915342443391329
3.02 0.1757373351213848 0.6633491004927055 0.184158821006198 1.054624290833256 -0.008421485884813167 -0.3912751903405502
3.022 0.1737825533340631 0.6622589588300209 0.182192901156426 1.053275437586646 -0.008410347822362883 -0.3910164787566251
3.024 0.1718889148612958 0.661082135097933 0.1802881466996223 1.051840244007154 -0.008399231838326504 -0.3907581089092207
3.026 0.1700603750119007 0.6598262558332219 0.1784485128862991 1.050326335955211 -0.008388137874398309 -0.390500080121989
3.028 0.1683000024742998 0.6584988068300489 0.1766770683467647 1.048741198550414 -0.008377065872464897 -0.3902423917203647
3.03 0.1666100597560592 0.6571070424479719 0.1749760755306636 1.047092085479531 -0.008366015774604413 -0.3899850430315595
3.032 0.1649920899486236 0.655657910426191 0.1733470774717094 1.045385943810747 -0.008354987523085798 -0.389728033384556
3.034 0.1634470078691416 0.6541579919966347 0.1717909889295097 1.043629354106737 -0.008343981060368048 -0.3894713621101024
3.036 0.1619751937882117 0.6526134570390152 0.1703081901173111 1.041828485579721 -0.008332996329099434 -0.3892150285407059
3.038 0.1605765880411254 0.6510300339858828 0.1688986213132422 1.039989065996511 -0.008322033272116789 -0.3889590320106278
3.04 0.1592507848503776 0.6494129941356588 0.1675618766828224 1.038116365991536 -0.008311091832444734 -0.3887033718558768
3.042 0.1579971236766736 0.6477671499432962 0.1662972956299686 1.036215197357501 -0.008300171953294971 -0.3884480474142046
3.044 0.1568147763891705 0.6460968667177415 0.165104049967236 1.03428992474284 -0.00828927357806551 -0.3881930580250986
3.046 0.1557028285307943 0.6444060869579749 0.1639812251811343 1.032344489987753 -0.00827839665033997 -0.3879384030297776
3.048 0.1546603529781123 0.6426983663108006 0.1629278940919991 1.030382448081986 -0.00826754111388682 -0.387684081771185
3.05 0.1536864743814467 0.6409769198501649 0.1619431812941054 1.028407013444149 -0.00825670691265868 -0.3874300935939842
3.052 0.1527804229354751 0.6392446770838334 0.1610263169262667 1.026421114928386 -0.008245893990791576 -0.3871764378445521
3.054 0.1519415762798088 0.6375043438175724 0.1601766785724131 1.024427457688547 -0.008235102292604232 -0.3869231138709742
3.056 0.1511694886578368 0.6357584687804689 0.1593938204204341 1.022428589803507 -0.008224331762597351 -0.3866701210230385
3.058 0.1504639068542999 0.6340095127651035 0.1586774891997529 1.020426971417334 -0.008213582345452901 -0.3864174586522303
3.06 0.149824772861676 0.6322599179822244 0.1580276268477094 1.018425044093951 -0.008202853986033402 -0.3861651261117263
3.062 0.1492522136612607 0.6305121753822708 0.1574443602906419 1.01642529813866 -0.008192146629381229 -0.3859131227563896
3.064 0.1487465189130039 0.6287688878525275 0.1569279791337218 1.014430335795291 -0.008181460220717897 -0.3856614479427636
3.066 0.1483081076984284 0.6270328274460407 0.1564789024038718 1.012442928475108 -0.008170794705443376 -0.3854101010290675
3.068 0.1479374857290904 0.6253069851126334 0.1560976357582257 1.010466066487823 -0.008160150029135367 -0.3851590813751893
3.07 0.1476351946052428 0.6235946117542832 0.1557847207427915 1.008503000096965 -0.008149526137548645 -0.3849083883426821
3.072 0.1474017547824946 0.6218992497843662 0.155540677759109 1.006557271079124 -0.008138922976614333 -0.3846580212947573
3.074 0.1472376038863626 0.620224754702561 0.1553659443788019 1.004632734298841 -0.00812834049243924 -0.3844079795962804
3.076 0.1471430319229721 0.6185753064793977 0.1552608105542772 1.002733569093162 -0.008117778631305167 -0.3841582626137645
3.078 0.1471181147925649 0.6169554107599349 0.1552253521322331 1.000864280475301 -0.00810723733966822 -0.3839088697153659
3.08 0.1471626473481633 0.6153698900360851 0.1552593639123215 0.9990296903069632 -0.008096716564158141 -0.383659800270878
3.082 0.1472760770820952 0.6138238650039189 0.1553622933336728 0.9972349186556458 -0.008086216251577627 -0.3834110536517268
3.084 0.1474574393925769 0.612322726325609 0.1555331757414786 0.995485355556574 -0.008075736348901661 -0.3831626292309649
3.086 0.1477052953012194 0.6108720969719867 0.1557705721044962 0.9937866233552537 -0.008065276803276848 -0.3829145263832669
3.088 0.1480176724733242 0.6094777852533944 0.1560725100353449 0.9921445297383177 -0.008054837562020729 -0.3826667444849233
3.09 0.1483920104422949 0.6081457285782044 0.1564364290149161 0.9905650114920407 -0.008044418572621155 -0.3824192829138364
3.092 0.1488251110564724 0.6068819279356588 0.156859130839208 0.9890540689851727 -0.008034019782735576 -0.3821721410495139
3.094 0.1493130953420829 0.6056923731080492 0.1573367364822733 0.9876176913811139 -0.008023641140190435 -0.3819253182730647
3.096 0.1498513681939399 0.6045829586992321 0.1578646507869204 0.9862617726664255 -0.008013282592980482 -0.3816788139671934
3.098 0.1504345925438017 0.6035593912406971 0.1584375366330699 0.9849920187568921 -0.008002944089268132 -0.381432627516195
3.1 0.1510566748857775 0.6026270879164121 0.1590493004631603 0.9838138462223619 -0.00799262557738282 -0.3811867583059498
3.102 0.1517107642249088 0.6017910678390885 0.1596930912307291 0.9827322735630073 -0.00798232700582035 -0.3809412057239188
3.104 0.1523892666217048 0.6010558373100633 0.160361314944947 0.9817518064692011 -0.007972048323242255 -0.3806959691591378
3.106 0.1530838774918139 0.6004252710885476 0.161045666970289 0.9808763190907606 -0.007961789478475161 -0.380451048002213
3.108 0.1537856336473955 0.5999024923562792 0.1617371840679057 0.9801089340015949 -0.007951550420510142 -0.3802064416453158
3.11 0.154484986701828 0.5994897547498617 0.1624263178003301 0.9794519042320392 -0.007941331098502102 -0.3799621494821775
3.112 0.1551718988770582 0.5991883304911063 0.1631030303388273 0.9789065013991909 -0.00793113146176912 -0.3797181709080846
3.114 0.1558359614436785 0.5989984092086065 0.1637569129034703 0.9784729145284807 -0.007920951459791851 -0.3794745053198742
3.116 0.1564665349985077 0.5989190124371222 0.1643773260407205 0.9781501645530499 -0.007910791042212869 -0.3792311521159277
3.118 0.1570529095778139 0.598947928928289 0.16495355973665 0.9779360396244565 -0.007900650158836078 -0.3789881106961676
3.12 0.1575844812784475 0.5990816757353856 0.1654750100380735 0.9778270561974365 -0.007890528759626061 -0.3787453804620509
3.122 0.158050940704121 0.599315489492297 0.1659313674988285 0.9778184503088628 -0.007880426794707488 -0.3785029608165658
3.124 0.1584424672815362 0.5996433513641086 0.1663128114959007 0.9779042025283342 -0.007870344214364489 -0.3782608511642256
3.126 0.158749922427525 0.6000580478120248 0.166610203396565 0.978077098723089 -0.007860280969040045 -0.3780190509110643
3.128 0.1589650338228787 0.600551267640171 0.1668152708322141 0.9783288271048026 -0.007850237009335376 -0.3777775594646317
3.13 0.1590805627747979 0.6011137338720667 0.1669207750608072 0.9786501101060551 -0.007840212286009347 -0.3775363762339884
3.132 0.1590904469120807 0.6017353669760885 0.1669206536620585 0.9790308676057903 -0.007830206749977846 -0.3772955006297018
3.134 0.1589899112935642 0.6024054739890641 0.1668101316458774 0.979460406052904 -0.007820220352313207 -0.3770549320638399
3.136 0.1587755424025776 0.6031129563527957 0.1665857954468212 0.9799276263027634 -0.007810253044243591 -0.3768146699499677
3.138 0.1584453213696835 0.6038465279503529 0.1662456261468359 0.9804212416534949 -0.007800304777152401 -0.376574713703142
3.14 0.1579986149793285 0.6045949340480997 0.1657889904819062 0.9809299967880064 -0.007790375502577685 -0.3763350627399067
3.142 0.1574361253958343 0.6053471617063714 0.1652165905680458 0.9814428781846594 -0.00778046517221156 -0.376095716478288
3.144 0.1567598018907934 0.6060926327453939 0.164530375628693 0.9819493070831837 -0.007770573737899598 -0.3758566743377898
3.146 0.1559727199674986 0.6068213715067676 0.1637334211191388 0.9824393072461567 -0.00776070115164027 -0.375617935739389
3.148 0.1550789349817836 0.6075241413332602 0.162829782347368 0.9829036414387912 -0.007750847365584344 -0.375379500105531
3.15 0.1540833185195511 0.6081925457511695 0.1618243308515854 0.9833339126112941 -0.007741012332034317 -0.3751413668601246
3.152 0.1529913863318649 0.6088190925998415 0.1607225823353088 0.9837226280283791 -0.007731196003443828 -0.3749035354285376
3.154 0.1518091265332961 0.6093972216200119 0.1595305248657132 0.9840632268576046 -0.007721398332417098 -0.3746660052375927
3.156 0.1505428360813313 0.6099212981069675 0.1582544553530396 0.9843500738225295 -0.007711619271708343 -0.374428775715562
3.158 0.1491989723659648 0.6103865770047253 0.156900831140186 0.9845784232968882 -0.007701858774221211 -0.3741918462921628
3.16 0.1477840251771232 0.6107891431507155 0.1554761419701314 0.984744359549269 -0.00769211679300822 -0.3739552163985535
3.162 0.1463044125309853 0.6111258342112196 0.1539868058122554 0.9848447196785478 -0.007682393281270189 -0.3737188854673282
3.164 0.1447664019763197 0.6113941531574695 0.1524390901686754 0.9848770060899825 -0.007672688192355673 -0.373482852932513
3.166 0.1431760572128819 0.6115921769435446 0.1508390586926423 0.9848392951731055 -0.007663001479760411 -0.373247118229561
3.168 0.1415392082601982 0.6117184674199626 0.1491925413573249 0.9847301482153102 -0.007653333097126767 -0.3730116807953476
3.17 0.1398614421143295 0.6117719895388541 0.1475051251125727 0.984548529607021 -0.007643682998243169 -0.3727765400681669
3.172 0.1381481098902871 0.6117520406827948 0.1457821610273307 0.9842937361705207 -0.007634051137043564 -0.3725416954877259
3.174 0.1364043459024246 0.6116581935944316 0.1440287833700314 0.9839653400895734 -0.007624437467606875 -0.3723071464951418
3.176 0.1346350939849869 0.6114902540131051 0.1422499359291433 0.9835631465460409 -0.007614841944156433 -0.3720728925329359
3.178 0.1328451365710387 0.6112482328427633 0.1404504010920982 0.9830871658877934 -0.007605264521059459 -0.3718389330450302
3.18 0.1310391225743819 0.6109323315724389 0.1386348277272084 0.9825375990491814 -0.007595705152826495 -0.3716052674767424
3.182 0.1292215908788979 0.6105429388136052 0.1368077546730088 0.9819148340883875 -0.007586163794110891 -0.3713718952747823
3.184 0.1273969871456649 0.6100806352474177 0.1349736275453731 0.9812194511346645 -0.007576640399708239 -0.3711388158872467
3.186 0.125569672607996 0.6095462040010959 0.1331368075325518 0.9804522327647112 -0.007567134924555867 -0.3709060287636153
3.188 0.1237439244510047 0.6089406434808724 0.131301571774737 0.9796141768356189 -0.007557647323732286 -0.3706735333547466
3.19 0.1219239281925583 0.6082651799397942 0.129472105745015 0.9787065090526672 -0.00754817755245666 -0.370441329112873
3.192 0.1201137631419048 0.607521277496071 0.1276524887079931 0.9777306929876683 -0.007538725566088292 -0.3702094154915974
3.194 0.1183173824778208 0.6067106438761234 0.1258466737979469 0.9766884358220115 -0.007529291320126088 -0.369977791945888
3.196 0.1165385897511379 0.6058352307686594 0.1240584645213459 0.9755816887007341 -0.007519874770208029 -0.3697464579320748
3.198 0.1147810136875394 0.6048972282804075 0.1222914895596501 0.9744126411882521 -0.007510475872110664 -0.3695154129078447
3.2 0.1130480830719431 0.6038990535301666 0.1205491776536917 0.9731837098624043 -0.00750109458174858 -0.3692846563322377
3.202 0.1113430032740057 0.6028433338693887 0.1188347341291796 0.9718975215350315 -0.007491730855173885 -0.3690541876656428
3.204 0.1096687356665785 0.601732885554072 0.1171511203151542 0.9705568919238651 -0.007482384648575703 -0.3688240063697931
3.206 0.108027980837786 0.6005706889082092 0.1155010367560657 0.9691648008159716 -0.007473055918279651 -0.3685941119077624
3.208 0.1064231661390194 0.5993598611195089 0.1138869107597668 0.9677243648634696 -0.007463744620747333 -0.3683645037439607
3.21 0.1048564377758696 0.5981036278083873 0.1123108884884454 0.9662388091525173 -0.007454450712575841 -0.36813518134413
3.212 0.1033296573579021 0.5968052944317215 0.1107748315083993 0.9647114386070615 -0.007445174150497229 -0.36790614417534
3.214 0.1018444025884454 0.5954682184456344 0.1092803174798234 0.963145610151619 -0.007435914891378035 -0.3676773917059847
3.216 0.1004019716027058 0.5940957829786015 0.1078286444949246 0.9615447063843791 -0.007426672892218759 -0.3674489234057775
3.218 0.09900339035050108 0.5926913725767885 0.1064208384606545 0.9599121113225357 -0.007417448110153378 -0.3672207387457472
3.22 0.09764942236279146 0.5912583513932832 0.1050576628652403 0.9582511885915178 -0.007408240502448835 -0.3669928371982346
3.222 0.09634058023154191 0.5898000440139692 0.1037396302580465 0.9565652622508568 -0.00739905002650456 -0.3667652182368876
3.224 0.09507713816083463 0.5883197189529834 0.1024670148006866 0.9548576002896411 -0.007389876639851967 -0.3665378813366576
3.226 0.09385914500403067 0.5868205747146203 0.1012398653041846 0.953131400688416 -0.007380720300153973 -0.3663108259737956
3.228 0.09268643727901248 0.5853057282081303 0.100058018244217 0.951389779833978 -0.007371580965204492 -0.3660840516258477
3.23 0.09155865174378634 0.5837782052170906 0.09892111033671432 0.9496357629887421 -0.00736245859292797 -0.3658575577716515
3.232 0.09047523721196159 0.5822409325642384 0.09782859035334047 0.9478722764555704 -0.007353353141378892 -0.365631343891332
3.234 0.08943546538770515 0.5806967315740565 0.09677972995644644 0.9461021410403542 -0.007344264568741292 -0.3654054094662976
3.236 0.08843844059960383 0.5791483124167613 0.09577363343293212 0.9443280663959975 -0.007335192833328291 -0.3651797539792361
3.238 0.08748310841007012 0.5775982689163505 0.09480924630365171 0.9425526458304615 -0.007326137893581598 -0.364954376914111
3.24 0.08656826317032698 0.5760490734207596 0.09388536287839803 0.940778351176917 -0.007317099708071059 -0.3647292777561574
3.242 0.08569255467947885 0.5745030713628252 0.09300063291497301 0.9390075273547029 -0.007308078235494155 -0.3645044559918777
3.244 0.08485449418840006 0.5729624751859004 0.09215356762307561 0.9372423862949388 -0.007299073434675554 -0.3642799111090384
3.246 0.08405246006401385 0.5714293573677884 0.09134254532858048 0.9354849999644543 -0.007290085264566631 -0.3640556425966659
3.248 0.0832847034950111 0.5699056423512412 0.0905658171792561 0.9337372922962838 -0.007281113684245003 -0.3638316499450426
3.25 0.08254935467333906 0.5683930972783225 0.08982151332625311 0.9320010299240257 -0.007272158652914063 -0.3636079326457031
3.252 0.08184442992375629 0.5668933215293586 0.0891076500536588 0.9302778117207887 -0.007263220129902511 -0.3633844901914302
3.254 0.08116784027204127 0.5654077351836245 0.08842213834670516 0.9285690572598757 -0.007254298074663899 -0.3631613220762512
3.256 0.08051740193652469 0.5639375666454325 0.08776279438330087 0.9268759944408668 -0.007245392446776177 -0.3629384277954343
3.258 0.07989084919280723 0.56248383981202 0.08712735239874844 0.9251996466575044 -0.007236503205941219 -0.3627158068454844
3.26 0.07928584999355474 0.5610473612921628 0.08651348030553913 0.9235408200163026 -0.007227630311984383 -0.3624934587241397
3.262 0.07870002462123153 0.5596287083084075 0.08591879834608558 0.921900091238775 -0.007218773724854044 -0.3622713829303675
3.264 0.07813096751061868 0.5582282180213034 0.08534090091523984 0.9202777969856644 -0.007209933404621159 -0.362049578964361
3.266 0.07757627220219551 0.5568459790896442 0.08477738151367431 0.9186740254171789 -0.007201109311478799 -0.3618280463275347
3.268 0.07703355918270074 0.5554818263145482 0.08422586058844246 0.9170886108370701 -0.007192301405741715 -0.3616067845225218
3.27 0.07650050614549622 0.5541353391965338 0.0836840157933421 0.9155211322497033 -0.00718350964784588 -0.3613857930531696
3.272 0.07597487997500127 0.5528058451553409 0.08314961397334933 0.9139709165798771 -0.007174733998348059 -0.3611650714245361
3.274 0.07545456954406636 0.5514924280175537 0.08262054396199171 0.9124370471604399 -0.007165974417925352 -0.3609446191428862
3.276 0.07493761823072513 0.5501939421688277 0.0820948490980999 0.9109183778845161 -0.007157230867374772 -0.3607244357156885
3.278 0.07442225493153801 0.5489090325038055 0.08157075823915079 0.9094135531554162 -0.007148503307612781 -0.3605045206516107
3.28 0.07390692229058664 0.5476361600024259 0.08104671399026152 0.9079210334629428 -0.007139791699674879 -0.360284873460517
3.282 0.07339030088941836 0.5463736324379066 0.08052139689413353 0.9064391260913703 -0.007131096004715157 -0.3600654936534637
3.284 0.07287132825987996 0.5451196394050239 0.07999374444388582 0.9049660201477201 -0.007122416184005864 -0.3598463807426962
3.286 0.07234921178609507 0.5438722905750006 0.07946296398503204 0.9034998248166451 -0.007113752198936972 -0.3596275342416445
3.288 0.07182343484183354 0.5426296558619543 0.0789285388528493 0.9020386095268749 -0.007105104011015764 -0.3594089536649205
3.29 0.07129375584468906 0.5413898060469444 0.07839022742655544 0.9005804445752585 -0.007096471581866388 -0.3591906385283141
3.292 0.07076020027175665 0.5401508523631545 0.07784805514498609 0.8991234407119439 -0.007087854873229439 -0.3589725883487894
3.294 0.07022304604256853 0.538910983603982 0.07730229988953007 0.8976657862484635 -0.007079253846961536 -0.3587548026444815
3.296 0.06968280300388342 0.5376684994690275 0.07675347146891832 0.8962057804037202 -0.007070668465034901 -0.3585372809346928
3.298 0.0691401875213106 0.5364218390957177 0.07620228621084753 0.8947418618356069 -0.00706209868953693 -0.3583200227398892
3.3 0.06859609337542984 0.5351696040141749 0.07564963785809964 0.8932726315958721 -0.007053544482669796 -0.3581030275816973
3.302 0.06805156026454745 0.5339105750832874 0.07509656607129746 0.8917968700661875 -0.00704500580675 -0.3578862949829
3.304 0.06750774123114915 0.5326437232890338 0.07454422385535714 0.8903135477564675 -0.007036482624207988 -0.3576698244674337
3.306 0.06696587026185841 0.5313682145868298 0.07399384515944613 0.8888218301472144 -0.007027974897587719 -0.3574536155603846
3.308 0.06642723117540578 0.530083409227891 0.07344671376495203 0.8873210770158759 -0.007019482589546257 -0.3572376677879849
3.31 0.06589312872810185 0.5287888562111538 0.07290413439095522 0.8858108368887637 -0.007011005662853368 -0.35702198067761
3.312 0.06536486265199092 0.5274842836407065 0.07236740673238203 0.8842908373984811 -0.007002544080391106 -0.3568065537577745
3.314 0.0648437051166251 0.5261695858433661 0.07183780292177851 0.8827609724014951 -0.006994097805153405 -0.356591386558129
3.316 0.06433088188860241 0.524844808117467 0.0713165486888481 0.8812212867269239 -0.006985666800245686 -0.3563764786094568
3.318 0.06382755726671401 0.523510129950814 0.07080480829559845 0.8796719593944839 -0.006977251028884434 -0.35616182944367
3.32 0.06333482270405158 0.522165847474612 0.0703036731584484 0.8781132860684189 -0.006968850454396823 -0.3559474385938069
3.322 0.06285368889663913 0.5208123558229463 0.06981415393685941 0.8765456614169741 -0.006960465040220291 -0.3557333055940278
3.324 0.06238508102209857 0.5194501319552548 0.06933717577200074 0.874969561934867 -0.006952094749902164 -0.3555194299796122
3.326 0.06192983674993446 0.5180797183822403 0.06887357629703371 0.8733855296691955 -0.006943739547099245 -0.3553058112869552
3.328 0.0614887066135034 0.5167017081219895 0.06842410600908083 0.8717941571755538 -0.006935399395577429 -0.3550924490535643
3.33 0.06106235632737272 0.5153167311080898 0.06798943058658402 0.8701960739261456 -0.0069270742592113 -0.3548793428180558
3.332 0.0606513706472224 0.5139254421794305 0.06757013474920616 0.8685919342995823 -0.006918764101983754 -0.3546664921201518
3.334 0.06025625839735581 0.5125285107041231 0.06716672728534141 0.8669824072047996 -0.006910468887985595 -0.3544538965006765
3.336 0.05987745832803393 0.5111266118278117 0.0667796469094491 0.8653681673293652 -0.006902188581415161 -0.3542415555015535
3.338 0.05951534550723402 0.509720419289227 0.06640926865381194 0.8637498879550289 -0.006893923146577929 -0.354029468665802
3.34 0.05917023799558109 0.5083105997120327 0.06605591054346723 0.8621282352495663 -0.006885672547886131 -0.3538176355375335
3.342 0.05884240359639645 0.506897808259601 0.06571984034625482 0.86050386392155 -0.006877436749858374 -0.353606055661949
3.344 0.05853206651329289 0.5054826855267975 0.06540128223041215 0.858877414112133 -0.00686921571711926 -0.3533947285853354
3.346 0.05823941378437462 0.5040658555382547 0.06510042319877363 0.8572495093933169 -0.006861009414398999 -0.3531836538550623
3.348 0.0579646013940707 0.5026479247237732 0.06481741920060374 0.8556207557433521 -0.006852817806533042 -0.3529728310195789
3.35 0.05770775999078258 0.5012294817470981 0.06455240084924427 0.8539917413755085 -0.006844640858461691 -0.3527622596284103
3.352 0.0574690001609767 0.4998110980730922 0.06430547869620644 0.8523630373052474 -0.006836478535229742 -0.3525519392321553
3.354 0.05724841722819785 0.4983933291686556 0.06407674803018394 0.8507351985511379 -0.00682833080198609 -0.3523418693824822
3.356 0.05704609555924113 0.4969767162441145 0.06386629318322451 0.8491087658762407 -0.006820197623983375 -0.3521320496321262
3.358 0.05686211236983505 0.4955617884535109 0.06367419133641265 0.8474842679883968 -0.006812078966577602 -0.3519224795348859
3.36 0.05669654102904886 0.4941490654833456 0.06350051582427664 0.8458622241289661 -0.006803974795227778 -0.3517131586456205
3.362 0.05654945386579315 0.4927390604698378 0.06334533894128869 0.844243146990084 -0.006795885075495538 -0.3515040865202461
3.364 0.05642092448264158 0.4913322831944335 0.06320873425568636 0.8426275459101668 -0.006787809773044788 -0.3512952627157333
3.366 0.05631102958212224 0.4899292435155121 0.06309077843576358 0.8410159303056155 -0.006779748853641331 -0.3510866867901034
3.368 0.05621985030898206 0.4885304550012805 0.06299155259213457 0.8394088133037062 -0.006771702283152515 -0.3508783583024257
3.37 0.05614747310904051 0.4871364387346339 0.06291114313658737 0.8378067155474481 -0.006763670027546861 -0.3506702768128142
3.372 0.05609399010130087 0.4857477272648895 0.06284964215419458 0.8362101691473143 -0.006755652052893717 -0.3504624418824248
3.374 0.05605949895530195 0.4843648686840104 0.06280714728066483 0.834619721757462 -0.00674764832536288 -0.3502548530734516
3.376 0.05604410226036942 0.4829884308063248 0.06278376107159368 0.8330359407554495 -0.006739658811224261 -0.3500475099491247
3.378 0.05604790636774538 0.4816190054302557 0.06277958984459289 0.8314594175039618 -0.006731683476847513 -0.3498404120737061
3.38 0.05607101968062923 0.4802572126585885 0.06279474196933092 0.8298907716710763 -0.00672372228870169 -0.3496335590124878
3.382 0.056113550361187 0.4789037052502194 0.06282932557454188 0.8283306555820072 -0.006715775213354882 -0.3494269503317878
3.384 0.05617560341778835 0.4775591729706722 0.06288344563526223 0.8267797585696199 -0.006707842217473877 -0.3492205855989477
3.386 0.05625727713031607 0.4762243469011957 0.06295720039813987 0.8252388112835247 -0.0066999232678238 -0.349014464382329
3.388 0.05635865876666506 0.4749000036568788 0.06305067709793284 0.82370858990819 -0.006692018331267776 -0.3488085862513112
3.39 0.05647981953984207 0.4735869694523617 0.06316394691460865 0.8221899202286492 -0.006684127374766575 -0.3486029507762875
3.392 0.0566208087528656 0.4722861239397757 0.06329705911824388 0.8206836814684387 -0.006676250365378273 -0.348397557528663
3.394 0.05678164707830011 0.4709984037273163 0.063450034348558 0.8191908098081672 -0.006668387270257898 -0.3481924060808509
3.396 0.05696231892156668 0.4697248054679897 0.06362285697822379 0.8177123014742593 -0.006660538056657106 -0.3479874960062697
3.398 0.057162763822695 0.4684663883870961 0.06381546651461882 0.8162492152664368 -0.00665270269192382 -0.3477828268793406
3.4 0.05738286686076421 0.4672242760939496 0.06402774800426612 0.814802674369434 -0.006644881143501909 -0.3475783982754844
3.402 0.05762244803998081 0.4659996574983696 0.06425952141891164 0.8133738672694878 -0.00663707337893083 -0.3473742097711182
3.404 0.05788125065705928 0.4647937866264724 0.06451053002290459 0.8119640475701253 -0.006629279365845312 -0.3471702609436529
3.406 0.05815892867738839 0.4636079811041445 0.06478042774936339 0.8105745324756348 -0.006621499071975007 -0.3469665513714904
3.408 0.05845503318360989 0.4624436190512531 0.06506876564875405 0.8092066996852731 -0.006613732465144161 -0.34676308063402
3.41 0.0587689980056374 0.4613021341071335 0.06537497751890868 0.8078619824187498 -0.006605979513271279 -0.3465598483116163
3.412 0.05910012469653007 0.4601850082903741 0.06569836488089888 0.8065418622760103 -0.006598240184368802 -0.3463568539856362
3.414 0.05944756708480656 0.4590937623857758 0.06603808153134932 0.8052478596241909 -0.006590514446542761 -0.3461540972384151
3.416 0.05981031571046872 0.4580299435522203 0.06639311797846119 0.8039815212054858 -0.006582802267992465 -0.3459515776532656
3.418 0.06018718253843916 0.4569951098607243 0.06676228615544932 0.8027444046751974 -0.006575103617010167 -0.3457492948144731
3.42 0.06057678643776344 0.4559908115061418 0.06714420489974418 0.801538059813436 -0.006567418461980738 -0.3455472483072941
3.422 0.06097754001449636 0.455018568493453 0.0675372867858777 0.8003640062114058 -0.006559746771381336 -0.3453454377179528
3.424 0.0613876384860465 0.4540798446845395 0.0679397269998276 0.7992237073181782 -0.006552088513781108 -0.3451438626336387
3.426 0.06180505137881703 0.4531760182073318 0.06834949503665787 0.7981185408498347 -0.006544443657840831 -0.3449425226425029
3.428 0.0622275179107301 0.4523083483789503 0.06876433008304272 0.7970497657126068 -0.006536812172312623 -0.3447414173336564
3.43 0.06265254697562607 0.4514779394785803 0.06918174100166567 0.7960184857757471 -0.006529194026039604 -0.3445405462971667
3.432 0.06307742266633663 0.4506857019221064 0.06959901185429222 0.7950256110461615 -0.006521589187955591 -0.3443399091240552
3.434 0.06349921624479331 0.4499323116336642 0.07001321387187809 0.7940718170399583 -0.006513997627084775 -0.3441395054062941
3.436 0.06391480537855423 0.449218168669258 0.07042122469109564 0.7931575034060623 -0.006506419312541409 -0.3439393347368043
3.438 0.06432090130328016 0.4485433564099924 0.07081975551680965 0.7922827531194442 -0.006498854213529483 -0.3437393967094517
3.44 0.06471408433212049 0.4479076028879252 0.07120538663146292 0.791447293806971 -0.006491302299342435 -0.3435396909190457
3.442 0.06509084781357927 0.4473102460126777 0.07157461135294207 0.7906504629740129 -0.006483763539362809 -0.3433402169613352
3.444 0.06544765024426223 0.4467502046053962 0.07192388814732421 0.789891179038403 -0.006476237903061977 -0.3431409744330068
3.446 0.06578097478544348 0.4462259571916739 0.07224970014544328 0.7891679201233555 -0.006468725359999797 -0.3429419629316816
3.448 0.06608739493587515 0.4457355304322169 0.07254862081569949 0.7884787124881293 -0.006461225879824336 -0.3427431820559124
3.45 0.06636364461061027 0.4452764988610102 0.07281738404288181 0.7878211302661918 -0.006453739432271539 -0.3425446314051817
3.452 0.06660669040707888 0.4448459972471081 0.07305295639424382 0.7871923078270063 -0.006446265987164943 -0.3423463105798982
3.454 0.06681380345052773 0.444440746402309 0.07325260896494309 0.7865889655837037 -0.006438805514415361 -0.3421482191813948
3.456 0.06698262794614751 0.4440570926428981 0.0734139859301681 0.7860074494548231 -0.006431357984020582 -0.3419503568119251
3.458 0.06711124346450097 0.4436910604147715 0.07353516683056603 0.7854437834894332 -0.00642392336606507 -0.3417527230746618
3.46 0.06719821807806019 0.4433384168569212 0.07361471970877985 0.7848937344306142 -0.006416501630719666 -0.341555317573693
3.462 0.06724264976121504 0.4429947463673908 0.07365174250945632 0.7843528862814112 -0.006409092748241285 -0.3413581399140204
3.464 0.0672441939555736 0.4426555326109639 0.07364589064454623 0.7838167223125203 -0.006401696688972622 -0.3411611897015564
3.466 0.06720307585699531 0.4423162449272016 0.07359738928033717 0.7832807114703226 -0.006394313423341854 -0.340964466543121
3.468 0.06712008675235503 0.4419724258079282 0.07350702967421738 0.7827403958543681 -0.006386942921862339 -0.3407679700464398
3.47 0.06699656456039361 0.4416197760437988 0.07337614971552595 0.7821914758639403 -0.006379585155132333 -0.3405716998201415
3.472 0.06683435954336976 0.4412542342969729 0.07320659963720445 0.7816298897707272 -0.006372240093834689 -0.3403756554737544
3.474 0.06663578688752592 0.4408720482250368 0.07300069459626247 0.7810518848427417 -0.006364907708736562 -0.3401798366177048
3.476 0.06640356844337257 0.44046983482348 0.0727611564140617 0.7804540776867941 -0.00635758797068913 -0.3399842428633141
3.478 0.06614076633015796 0.4400446283177328 0.07249104718078525 0.7798335021405286 -0.006350280850627293 -0.3397888738227958
3.48 0.0658507113215893 0.4395939146599572 0.0721936976411587 0.7791876437692108 -0.006342986319569393 -0.3395937291092536
3.482 0.06553692894162159 0.4391156524086398 0.07187263329023851 0.7785144607453183 -0.006335704348616914 -0.3393988083366785
3.484 0.06520306602868529 0.438608280434657 0.07153150093763952 0.7778123915546032 -0.006328434908954221 -0.3392041111199462
3.486 0.06485282020758393 0.438070713461599 0.07117399817943217 0.7770803505364138 -0.00632117797184824 -0.3390096370748148
3.488 0.06448987428302445 0.4375023268815715 0.07080380779167265 0.7763177126994937 -0.006313933508648205 -0.3388153858179221
3.49 0.0641178370833797 0.4369029325767319 0.07042453857416507 0.7755242895435152 -0.006306701490785362 -0.3386213569667832
3.492 0.06374019178178281 0.4362727476225493 0.07003967367155549 0.7747002977623372 -0.006299481889772683 -0.3384275501397879
3.494 0.06336025224193724 0.4356123577642492 0.06965252691914184 0.7738463227204473 -0.006292274677204602 -0.3382339649561981
3.496 0.06298112750745785 0.4349226774643469 0.06926620733221457 0.7729632785004926 -0.006285079824756713 -0.3380406010361457
3.498 0.06260569419590045 0.4342049081426889 0.06888359150008597 0.7720523661433185 -0.006277897304185512 -0.3378474580006296
3.5 0.06223657628207403 0.4334604959982074 0.06850730336940214 0.7711150314697212 -0.006270727087328114 -0.3376545354715138
3.502 0.06187613156206275 0.4326910905394856 0.06813970070816472 0.77015292361101 -0.006263569146101966 -0.3374618330715243
3.504 0.06152644397530183 0.4318985046817992 0.06778286742780641 0.7691678551060462 -0.006256423452504583 -0.337269350424247
3.506 0.06118932091818894 0.4310846770096193 0.06743861089680223 0.768161764163745 -0.006249289978613283 -0.3370770871541257
3.508 0.06086629469775345 0.4302516365692899 0.06710846339433835 0.7671366794557485 -0.006242168696584893 -0.3368850428864585
3.51 0.06055862733521736 0.429401470355864 0.06679368691387286 0.7660946876032606 -0.006235059578655494 -0.3366932172473966
3.512 0.06026731802423767 0.4285362934961132 0.0664952806213778 0.7650379033600541 -0.006227962597140135 -0.3365016098639409
3.514 0.05999311266554228 0.4276582220087909 0.06621399038997487 0.7639684423727313 -0.006220877724432592 -0.3363102203639404
3.516 0.05973651502793804 0.4267693479432287 0.0659503199609431 0.7628883963193178 -0.00621380493300506 -0.3361190483760891
3.518 0.05949779921600385 0.4258717166562601 0.06570454341141177 0.7617998101861841 -0.006206744195407922 -0.3359280935299241
3.52 0.0592770232492305 0.4249673059823963 0.06547671873349996 0.7607046614382194 -0.00619969548426946 -0.3357373554558231
3.522 0.05907404366904877 0.4240580070792274 0.06526670244134437 0.7596048408642289 -0.006192658772295598 -0.3355468337850015
3.524 0.05888853118313228 0.4231456067843896 0.06507416521540192 0.7585021349339006 -0.006185634032269642 -0.3353565281495111
3.526 0.0587199874254437 0.4222317713969928 0.06489860866249571 0.7573982095792294 -0.00617862123705201 -0.3351664381822366
3.528 0.05856776295143072 0.4213180318889165 0.06473938331101069 0.7562945954058105 -0.006171620359579962 -0.3349765635168939
3.53 0.05843107659715241 0.4204057706528451 0.06459570797001978 0.7551926744408729 -0.006164631372867368 -0.3347869037880278
3.532 0.05830903630685595 0.4194962099962505 0.06446669055686037 0.7540936686272597 -0.006157654250004415 -0.3345974586310091
3.534 0.05820066147515759 0.4185904026851486 0.06435135043931496 0.7529986303671815 -0.006150688964157368 -0.3344082276820329
3.536 0.05810490675918396 0.4176892249184697 0.06424864224775227 0.7519084354965856 -0.006143735488568306 -0.3342192105781159
3.538 0.05802068719711743 0.4167933721640836 0.0641574809936723 0.7508237791211776 -0.006136793796554865 -0.334030406957094
3.54 0.05794690432972865 0.415903358301897 0.06407676819123863 0.7497451747595174 -0.006129863861509981 -0.3338418164576205
3.542 0.05788247287085788 0.4150195184908559 0.06400541852775953 0.748672957210019 -0.00612294565690164 -0.3336534387191631
3.544 0.05782634732416696 0.4141420161007755 0.06394238648043958 0.747607289482778 -0.00611603915627262 -0.3334652733820025
3.546 0.05777754781136238 0.4132708539264115 0.06388669214460262 0.7465481740136405 -0.006109144333240238 -0.333277320087229
3.548 0.05773518427659038 0.4124058897340033 0.06383744543808649 0.7454954682107443 -0.006102261161496102 -0.333089578476741
3.55 0.05769847817674501 0.4115468559891692 0.06379386779155087 0.7444489041824121 -0.006095389614805856 -0.3329020481932429
3.552 0.05766678076899043 0.4106933833932641 0.06375531043599936 0.7434081122735059 -0.00608852966700893 -0.3327147288802418
3.554 0.05763958717126475 0.4098450276307425 0.06372126846328305 0.7423726478127891 -0.006081681292018298 -0.3325276201820466
3.556 0.05761654549925195 0.4090012985221565 0.06369138996307216 0.7413420202659209 -0.006074844463820215 -0.3323407217437644
3.558 0.05759746056811392 0.4081616906054777 0.06366547972458791 0.7403157238167772 -0.006068019156473995 -0.3321540332112995
3.56 0.05758229187679436 0.407325714048831 0.06364349722090609 0.7392932682801814 -0.006061205344111734 -0.3319675542313504
3.562 0.05757114584950727 0.406492924742405 0.06362554885044537 0.7382742091938125 -0.006054403000938093 -0.3317812844514075
3.564 0.05756426257265753 0.4056629524313947 0.06361187467388757 0.7372581759511463 -0.006047612101230036 -0.3315952235197516
3.566 0.05756199751507764 0.4048355258338443 0.06360283013441424 0.7362448969192952 -0.006040832619336598 -0.3314093710854509
3.568 0.05756479893621352 0.4040104938285302 0.06359886346589215 0.7352342206268894 -0.006034064529678628 -0.3312237267983592
3.57 0.05757318185619867 0.4031878419849809 0.06360048966294723 0.7342261322940946 -0.006027307806748569 -0.3310382903091137
3.572 0.05758769957488925 0.4023677039230296 0.06360826199999944 0.7332207651921624 -0.0060205624251102 -0.3308530612691328
3.574 0.05760891378142476 0.4015503672148668 0.06362274214082317 0.7322184065454806 -0.006013828359398405 -0.3306680393306138
3.576 0.05763736429532767 0.400736273761427 0.0636444698796466 0.7312194979079577 -0.00600710558431893 -0.3304832241465308
3.578 0.05767353943288547 0.3999260147737052 0.06367393350753363 0.7302246301443376 -0.006000394074648157 -0.3302986153706324
3.58 0.05771784791006931 0.3991203206588525 0.06371154171530216 0.7292345333162923 -0.005993693805232846 -0.3301142126574398
3.582 0.05777059308806263 0.3983200462465856 0.06375759783905255 0.7282500619088302 -0.005987004750989922 -0.3299300156622446
3.584 0.05783195025142635 0.3975261518940149 0.06381227713833258 0.7272721759351214 -0.005980326886906229 -0.3297460240411065
3.586 0.05790194749171809 0.3967396810804272 0.06387560767975639 0.7263019185312783 -0.005973660188038295 -0.3295622374508511
3.588 0.0579804506572822 0.39596173515457 0.06394745528679431 0.7253403907036381 -0.005967004629512104 -0.3293786555490681
3.59 0.05806715272565879 0.3951934459331096 0.06402751291218166 0.7243887239272184 -0.005960360186522861 -0.3291952779941088
3.592 0.05816156785786235 0.3944359468769087 0.06411529469219712 0.7234480513219931 -0.005953726834334767 -0.3290121044450843
3.594 0.05826303029976869 0.3936903435968959 0.06421013484804947 0.7225194781587591 -0.005947104548280777 -0.3288291345618632
3.596 0.05837069819943241 0.3929576844658326 0.0643111915031948 0.7216040524709021 -0.005940493303762381 -0.3286463680050695
3.598 0.05848356230403062 0.3922389321349872 0.06441745538028 0.7207027365710679 -0.005933893076249374 -0.3284638044360807
3.6 0.05860045938076265 0.3915349367712244 0.06452776322204228 0.7198163802882498 -0.005927303841279625 -0.3282814435170254
3.602 0.05872009006903561 0.390846411832761 0.06464081564349447 0.7189456967435425 -0.005920725574458855 -0.3280992849107814
3.604 0.05884104071685255 0.3901739131808895 0.06475519896831296 0.7180912414618633 -0.005914158251460405 -0.3279173282809738
3.606 0.05896180858677223 0.389517822270193 0.06486941043479724 0.7172533955621656 -0.005907601848025018 -0.3277355732919726
3.608 0.05908082964531066 0.3888783340615426 0.06498188598527127 0.7164323536704331 -0.005901056339960612 -0.3275540196088905
3.61 0.05919650798784797 0.3882554501539483 0.06509102969099002 0.7156281170515301 -0.005894521703142055 -0.3273726668975818
3.612 0.05930724581597859 0.3876489774314912 0.06519524372948954 0.7148404922561303 -0.005887997913510947 -0.3271915148246391
3.614 0.05941147279450452 0.387058532274541 0.06529295774157992 0.714069095331933 -0.005881484947075397 -0.327010563057392
3.616 0.05950767358902099 0.3864835501019623 0.06538265636893079 0.7133133613658673 -0.005874982779909796 -0.326829811263905
3.618 0.05959441243663977 0.3859232997116779 0.06546290382479439 0.7125725588246531 -0.005868491388154614 -0.3266492591129752
3.62 0.05967035374010125 0.3853769015953015 0.06553236448811742 0.7118458078694323 -0.00586201074801616 -0.3264689062741308
3.622 0.05973427789913465 0.3848433491463126 0.06558981873490104 0.7111321015639409 -0.005855540835766383 -0.3262887524176283
3.624 0.0597850918921994 0.3843215314886623 0.06563417351994204 0.7104303287031135 -0.005849081627742641 -0.3261087972144512
3.626 0.0598218344767931 0.3838102565483616 0.06566446757714059 0.7097392968846694 -0.005842633100347493 -0.3259290403363078
3.628 0.05984367625899243 0.3833082729920696 0.06567987148904091 0.7090577544476984 -0.005836195230048477 -0.3257494814556288
3.63 0.05984991525872017 0.382814289771747 0.06567968325209808 0.7083844100173131 -0.005829767993377906 -0.3255701202455661
3.632 0.05983996893054085 0.3823269922388833 0.06566332029747349 0.7077179486188734 -0.005823351366932641 -0.32539095637999
3.634 0.05981336385699425 0.3818450541098325 0.06563030918436814 0.7070570436433204 -0.00581694532737389 -0.325211989533488
3.636 0.05976972448535187 0.381367144948738 0.06558027433677885 0.7064003643300999 -0.005810549851426986 -0.3250332193813619
3.638 0.05970876231171111 0.380891933252054 0.06551292722759229 0.7057465788516808 -0.005804164915881183 -0.3248546455996268
3.64 0.05963026682288537 0.3804180856299797 0.06542805732047481 0.7050943534949883 -0.005797790497589439 -0.3246762678650086
3.642 0.05953409929345627 0.3799442629465253 0.06532552586692449 0.7044423488014674 -0.005791426573468214 -0.3244980858549421
3.644 0.0594201902215423 0.3794691145665369 0.06520526334203955 0.7037892138141062 -0.005785073120497256 -0.3243200992475693
3.646 0.05928854080107723 0.3789912720375215 0.06506727091679662 0.7031335797592585 -0.005778730115719392 -0.324142307721737
3.648 0.05913922840666876 0.3785093435895924 0.06491162594290908 0.7024740545465877 -0.005772397536240322 -0.3239647109569953
3.65 0.05897241564887352 0.3780219107631153 0.06473849100810194 0.701809219396711 -0.005766075359228419 -0.3237873086335958
3.652 0.05878836218206875 0.3775275282781471 0.06454812574398326 0.7011376287106361 -0.005759763561914509 -0.323610100432489
3.654 0.05858743814891092 0.3770247279615972 0.0643409002705026 0.7004578139969204 -0.005753462121591684 -0.3234330860353232
3.656 0.05837013795188266 0.3765120271760958 0.06411730896749773 0.6997682923005377 -0.005747171015615077 -0.3232562651244419
3.658 0.05813709297028959 0.3759879417849583 0.06387798319169127 0.6990675791678406 -0.005740890221401681 -0.3230796373828823
3.66 0.05788908189480595 0.3754510032793256 0.06362370161123608 0.698354205773699 -0.005734619716430128 -0.3229032024943734
3.662 0.05762703752330536 0.3748997793251137 0.06335539700154585 0.6976267394684477 -0.005728359478240499 -0.322726960143334
3.664 0.0573520491312601 0.3743328966919267 0.06307415861569421 0.6968838067067974 -0.005722109484434115 -0.3225509100148707
3.666 0.05706535986872404 0.3737490653285645 0.06278122958139738 0.696124117123341 -0.005715869712673342 -0.3223750517947765
3.668 0.05676835900898421 0.3731471022637834 0.06247799914966561 0.6953464874333118 -0.005709640140681391 -0.3221993851695284
3.67 0.05646256924500244 0.3725259540382828 0.06216598999124456 0.6945498638645685 -0.005703420746242118 -0.3220239098262858
3.672 0.05614962956513099 0.3718847165044037 0.06184684107233081 0.6937333419572922 -0.005697211507199824 -0.3218486254528885
3.674 0.05583127451185807 0.371222651044104 0.06152228691331713 0.6928961827819592 -0.00569101240145906 -0.3216735317378552
3.676 0.05550931081774992 0.3705391965270258 0.06119413422473435 0.6920378248974067 -0.00568482340698443 -0.321498628370381
3.678 0.05518559251300486 0.3698339766296695 0.06086423701480526 0.691157891670006 -0.005678644501800401 -0.3213239150403365
3.68 0.05486199561043587 0.3691068024351791 0.06053447127442696 0.6902561938734441 -0.005672475663991094 -0.321149391438265
3.682 0.05454039340600041 0.3683576705061667 0.06020671027770052 0.689332727761548 -0.005666316871700104 -0.3209750572553813
3.684 0.05422263330228999 0.3675867568515097 0.05988280140542029 0.6883876690350794 -0.005660168103130303 -0.3208009121835698
3.686 0.0539105158881174 0.3667944073803861 0.05956454522466104 0.6874213632957684 -0.005654029336543638 -0.3206269559153823
3.688 0.05360577680946258 0.3659811255481874 0.05925367735972353 0.6864343136922242 -0.005647900550260951 -0.3204531881440368
3.69 0.05331007176451173 0.3651475579510833 0.05895185348717352 0.6854271665144983 -0.005641781722661783 -0.320279608563415
3.692 0.05302496476378633 0.3642944786253646 0.05866063759597051 0.684400695493426 -0.005635672832184179 -0.3201062168680613
3.694 0.05275191962691287 0.363422772763931 0.05838149348423738 0.6833557855171114 -0.005629573857324507 -0.3199330127531804
3.696 0.05249229454782556 0.3625334204866664 0.05811577932446282 0.682293416401302 -0.005623484776637261 -0.3197599959146356
3.698 0.05224733945337952 0.3616274812054565 0.0578647450221144 0.6812146472544037 -0.005617405568734876 -0.3195871660489472
3.7 0.05201819580629806 0.3607060790184119 0.0576295320185856 0.6801206018717026 -0.005611336212287541 -0.3194145228532907
3.702 0.05180589845973933 0.3597703894604471 0.05741117514576235 0.6790124554859424 -0.005605276686023012 -0.3192420660254952
3.704 0.05161137915310927 0.3588216278352191 0.05721060612183569 0.67789142309926 -0.005599226968726418 -0.3190697952640408
3.706 0.05143547124220436 0.3578610392613893 0.05702865828144445 0.6767587495294476 -0.005593187039240094 -0.3188977102680583
3.708 0.05127891527586829 0.3568898904867492 0.05686607215233166 0.6756157012240751 -0.005587156876463372 -0.3187258107373259
3.71 0.05114236506128735 0.3559094634582058 0.05672350152063977 0.6744635598304745 -0.005581136459352417 -0.3185540963722687
3.712 0.05102639389630039 0.3549210505838452 0.05660151966322042 0.6733036174578012 -0.005575125766920027 -0.3183825668739561
3.714 0.05093150068608925 0.3539259515840505 0.05650062546432472 0.6721371735281511 -0.005569124778235471 -0.3182112219441005
3.716 0.05085811570049971 0.352925471800467 0.05642124917292399 0.6709655330855226 -0.005563133472424278 -0.3180400612850557
3.718 0.05080660576505074 0.3519209218126074 0.05636375759371883 0.6697900064124221 -0.005557151828668091 -0.3178690845998147
3.72 0.05077727871203666 0.3509136181997795 0.05632845853824111 0.6686119097917879 -0.005551179826204448 -0.3176982915920084
3.722 0.05077038694742055 0.3499048852790707 0.05631560439174719 0.6674325672449744 -0.005545217444326636 -0.3175276819659037
3.724 0.05078613001418352 0.3488960576464641 0.056325394676567 0.6662533130728657 -0.005539264662383486 -0.3173572554264016
3.726 0.05082465605371205 0.3478884833459858 0.05635797751349127 0.6650754950250219 -0.005533321459779214 -0.3171870116790362
3.728 0.05088606208416457 0.3468835274899325 0.0564134499001378 0.6639004779199046 -0.005527387815973226 -0.3170169504299721
3.73 0.05097039302931856 0.3458825761505689 0.05649185673979852 0.6627296475365725 -0.005521463710479956 -0.3168470713860036
3.732 0.05107763944411307 0.3448870403391033 0.05659318856698174 0.6615644145936553 -0.005515549122868671 -0.316677374254552
3.734 0.05120773389504836 0.3438983598809304 0.05671737792781167 0.6604062186245954 -0.005509644032763317 -0.316507858743665
3.736 0.05136054596592529 0.3429180069865621 0.05686429438576762 0.6592565315485761 -0.005503748419842323 -0.3163385245620141
3.738 0.05153587587345249 0.3419474893051777 0.05703373813729094 0.6581168607240715 -0.005497862263838442 -0.3161693714188938
3.74 0.05173344669434085 0.3409883522325538 0.05722543223887942 0.6569887512567729 -0.005491985544538568 -0.3160003990242191
3.742 0.05195289522695483 0.3400421802278691 0.05743901346873839 0.6558737873163936 -0.005486118241783564 -0.3158316070885245
3.744 0.05219376153798548 0.339110596875021 0.05767402187345357 0.6547735921979828 -0.005480260335468088 -0.3156629953229618
3.746 0.05245547727918926 0.3381952634051398 0.05792988908472969 0.6536898268444389 -0.005474411805540429 -0.3154945634392991
3.748 0.05273735290230055 0.3372978753795908 0.05820592553430287 0.6526241865295093 -0.00546857263200232 -0.3153263111499184
3.75 0.05303856395293345 0.3364201572187981 0.05850130674784224 0.651578395386613 -0.00546274279490879 -0.3151582381678149
3.752 0.05335813668732228 0.3355638542547613 0.05881505896169024 0.6505541984613553 -0.005456922274367968 -0.3149903442065941
3.754 0.05369493332921754 0.3347307219872731 0.05914604437975847 0.6495533509677445 -0.005451111050540927 -0.3148226289804714
3.756 0.05404763736787654 0.3339225122392884 0.05949294647151806 0.6485776044435584 -0.00544530910364152 -0.31465509220427
3.758 0.05441473939011723 0.3331409559399949 0.05985425580405344 0.6476286895334139 -0.0054395164139362 -0.314487733593419
3.76 0.05479452403714197 0.3323877423193494 0.06022825699888584 0.6467082951833019 -0.005433732961743859 -0.3143205528639525
3.762 0.05518505877605363 0.3316644943794285 0.0606130175034893 0.6458180441119354 -0.00542795872743566 -0.314153549732507
3.764 0.05558418527059085 0.3309727406199586 0.06100637896202572 0.6449594645362794 -0.00542219369143487 -0.3139867239163208
3.766 0.05598951421752129 0.3303138831406909 0.06140595205173798 0.6441339582739226 -0.005416437834216691 -0.3138200751332317
3.768 0.05639842457489551 0.329689162422857 0.06180911571120361 0.6433427655245328 -0.005410691136308103 -0.3136536031016758
3.77 0.0568080681343557 0.3290996193044426 0.06221302171264338 0.6425869268451285 -0.005404953578287688 -0.3134873075406859
3.772 0.05721538036957195 0.3285460549045396 0.06261460551035743 0.6418672430744292 -0.005399225140785478 -0.3133211881698896
3.774 0.05761709841443906 0.3280289895115043 0.06301060421892184 0.6411842342210123 -0.005393505804482782 -0.313155244709508
3.776 0.05800978687649256 0.3275486217144269 0.06339758242660459 0.6405380985947811 -0.00538779555011203 -0.3129894768803542
3.778 0.05838987196494892 0.3271047893088782 0.06377196632340552 0.6399286737127096 -0.005382094358456603 -0.3128238844038314
3.78 0.05875368410563441 0.3266969337232022 0.06413008631598509 0.639355400725134 -0.005376402210350678 -0.3126584670019317
3.782 0.05909750883022432 0.3263240698647376 0.06446822791690339 0.638817294261972 -0.005370719086679068 -0.3124932243972344
3.784 0.05941764527666658 0.3259847633491291 0.06478269024504364 0.6383129196620335 -0.005365044968377058 -0.3123281563129044
3.786 0.05971047114329152 0.3256771170253168 0.06506985097972176 0.6378403794980074 -0.00535937983643024 -0.3121632624726906
3.788 0.05997251243197597 0.3253987685239279 0.06532623610385034 0.6373973111248525 -0.005353723671874369 -0.3119985426009247
3.79 0.06020051583531658 0.3251469002270915 0.06554859229111176 0.6369808966496107 -0.005348076455795184 -0.3118339964225192
3.792 0.06039152121413106 0.3249182625853157 0.06573395938345933 0.636587886248282 -0.005342438169328273 -0.3116696236629663
3.794 0.06054293132026056 0.3247092111090346 0.06587974011391945 0.6362146351573705 -0.005336808793658894 -0.311505424048336
3.796 0.06065257578682433 0.3245157566716582 0.06598376409684616 0.635857153976933 -0.00533118831002183 -0.3113413973052748
3.798 0.06071876646454316 0.3243336280250519 0.06604434316424439 0.6355111711860562 -0.00532557669970123 -0.3111775431610042
3.8 0.06074034144313856 0.324158344705099 0.06606031538716901 0.6351722060484181 -0.005319973944030458 -0.3110138613433191
3.802 0.06071669555624938 0.3239852978570722 0.06603107558064131 0.6348356494376585 -0.005314380024391927 -0.3108503515805863
3.804 0.06064779580086656 0.3238098359981347 0.06595659072308352 0.6344968495998777 -0.005308794922216956 -0.3106870136017431
3.806 0.06053418086229882 0.3236273524069841 0.06583739948128442 0.6341511995432796 -0.005303218618985603 -0.3105238471362955
3.808 0.06037694476274441 0.3234333707210595 0.06567459585897094 0.6337942226353768 -0.005297651096226529 -0.3103608519143172
3.81 0.0601777054770648 0.323223625441162 0.06546979781258162 0.6334216531076097 -0.005292092335516825 -0.3101980276664477
3.812 0.05993856011496226 0.322994134379479 0.06522510243344413 0.6330295085033703 -0.005286542318481881 -0.3100353741238912
3.814 0.05966202889444069 0.3227412606064153 0.06494302992123591 0.6326141516248298 -0.005281001026795214 -0.3098728910184145
3.816 0.05935099058254625 0.3224617621039181 0.06462645902472458 0.6321723401862643 -0.00527546844217833 -0.3097105780823462
3.818 0.0590086123306999 0.3221528280579947 0.06427855687710046 0.6317012631065695 -0.005269944546400566 -0.3095484350485748
3.82 0.05863827687956416 0.3218121014580058 0.06390270620084311 0.6311985631085533 -0.005264429321278951 -0.3093864616505475
3.822 0.05824350996789733 0.3214376883575908 0.06350243271657537 0.6306623459798594 -0.005258922748678037 -0.3092246576222686
3.824 0.0578279104824073 0.3210281547449567 0.06308133529291707 0.6300911774432546 -0.005253424810509773 -0.3090630226982979
3.826 0.0573950854727702 0.3205825124363075 0.06264302096150354 0.6294840690500574 -0.005247935488733335 -0.3089015566137499
3.828 0.05694859167364429 0.3201001957290848 0.06219104643899929 0.628840454833376 -0.005242454765354997 -0.3087402591042912
3.83 0.05649188466814958 0.3195810307300008 0.06172886729057755 0.6281601606361409 -0.005236982622427965 -0.3085791299061401
3.832 0.05602827633425206 0.3190251993175135 0.06125979537630431 0.6274433680735785 -0.005231519042052251 -0.308418168756065
3.834 0.05556090076773912 0.3184331996296371 0.06078696477411363 0.6266905750210195 -0.005226064006374507 -0.3082573753913824
3.836 0.05509268849393199 0.3178058048110857 0.06031330599151988 0.6259025543610417 -0.005220617497587889 -0.308096749549956
3.838 0.05462634847685519 0.3171440215357196 0.0598415279747871 0.6250803125059148 -0.005215179497931915 -0.3079362909701952
3.84 0.05416435721250026 0.3164490495671682 0.05937410720219256 0.6242250489582215 -0.005209749989692309 -0.3077759993910533
3.842 0.05370895404822803 0.3157222433548853 0.0589132830034289 0.623338117906912 -0.005204328955200868 -0.3076158745520267
3.844 0.05326214179512943 0.3149650764032038 0.05846105817196475 0.6224209925963567 -0.005198916376835314 -0.307455916193153
3.846 0.05282569168312512 0.3141791089107037 0.05801920392014426 0.6214752329657136 -0.005193512237019148 -0.3072961240550099
3.848 0.05240115173703395 0.3133659589651292 0.05758926825525546 0.6205024568438429 -0.005188116518221516 -0.3071364978787137
3.85 0.05198985771371925 0.3125272773999466 0.0571725869166763 0.6195043148058641 -0.005182729202957048 -0.3069770374059175
3.852 0.05159294582452599 0.3116647262738841 0.05677029609831173 0.6184824686526947 -0.005177350273785745 -0.3068177423788106
3.854 0.05121136656363256 0.3107799608229888 0.05638334627694537 0.6174385733631054 -0.005171979713312812 -0.3066586125401166
3.856 0.05084589906410777 0.3098746146532373 0.0560125165682963 0.6163742622863292 -0.005166617504188531 -0.3064996476330919
3.858 0.05049716550353214 0.3089502878865914 0.05565842913264026 0.6152911352881162 -0.005161263629108116 -0.3063408474015248
3.86 0.05016564517556131 0.308008537940105 0.05532156324637288 0.6141907495298387 -0.005155918070811576 -0.3061822115897336
3.862 0.04985168793044426 0.3070508726020232 0.05500226874252783 0.6130746125445891 -0.005150580812083578 -0.3060237399425658
3.864 0.04955552676480923 0.3060787450667872 0.05470077860056253 0.6119441772721833 -0.005145251835753299 -0.3058654322053961
3.866 0.04927728940840826 0.3050935505986004 0.05441722053310256 0.6108008387227259 -0.0051399311246943 -0.3057072881241256
3.868 0.04901700881347666 0.3040966245078398 0.05415162747530104 0.6096459319530197 -0.00513461866182438 -0.3055493074451799
3.87 0.04877463250166735 0.3030892411438389 0.05390394693177279 0.6084807310593474 -0.005129314430105439 -0.3053914899155085
3.872 0.04855003076509195 0.3020726136292013 0.0536740491776353 0.6073064489117838 -0.005124018412543353 -0.3052338352825825
3.874 0.04834300375323766 0.3010478940838419 0.05346173434542548 0.606124237378236 -0.00511873059218782 -0.305076343294394
3.876 0.04815328750763778 0.300016174110684 0.05326673845977001 0.6049351878101386 -0.005113450952132236 -0.3049190136994546
3.878 0.04798055903216646 0.2989784853386595 0.05308873850768002 0.6037403315854533 -0.005108179475513562 -0.3047618462467938
3.88 0.04782444050983312 0.2979357998427419 0.05292735665534529 0.6025406405286997 -0.005102916145512179 -0.3046048406859578
3.882 0.04768450279769062 0.2968890302855466 0.05278216374304238 0.601337027052555 -0.005097660945351763 -0.3044479967670084
3.884 0.0475602683502505 0.2958390296507408 0.05265268220854966 0.6001303438912622 -0.005092413858299148 -0.3042913142405214
3.886 0.0474512137388854 0.2947865904662263 0.05253838860654959 0.5989213833238116 -0.005087174867664191 -0.3041347928575853
3.888 0.04735677194975296 0.293732443445467 0.0524387159065526 0.5977108758152671 -0.005081943956799641 -0.3039784323698
3.89 0.04727633465505209 0.2926772555087785 0.0523530557641531 0.5964994880380543 -0.00507672110910101 -0.3038222325292758
3.892 0.04720925466093893 0.2916216271837553 0.05228076096894536 0.5952878202723869 -0.005071506308006438 -0.3036661930886316
3.894 0.0471548487387258 0.290566089425292 0.05222114827572235 0.5940764032262857 -0.005066299536996556 -0.3035103138009937
3.896 0.04711240104229025 0.2895110999402614 0.05217350182188462 0.5928656943602565 -0.005061100779594375 -0.3033545944199951
3.898 0.04708116730214226 0.2884570391491521 0.05213707732150739 0.5916560738489253 -0.005055910019365124 -0.3031990346997732
3.9 0.04706037996353343 0.287404205965106 0.05211110720344958 0.5904478403600752 -0.005050727239916153 -0.3030436343949692
3.902 0.04704925440082723 0.2863528136169332 0.05209480682572402 0.58924120687766 -0.005045552424896783 -0.3028883932607269
3.904 0.04704699629224892 0.2853029857839648 0.0520873818502471 0.5880362968366556 -0.005040385557998182 -0.3027333110526907
3.906 0.04705281017827251 0.2842547533429385 0.05208803680122574 0.5868331408699438 -0.005035226622953236 -0.3025783875270053
3.908 0.04706590915452463 0.2832080520460514 0.05209598475806106 0.5856316744863648 -0.005030075603536431 -0.3024236224403134
3.91 0.04708552556917828 0.2821627214509031 0.05211045805274199 0.5844317370006583 -0.005024932483563706 -0.3022690155497552
3.912 0.04711092250973632 0.281118505403755 0.05213071975662867 0.5832330720167219 -0.005019797246892345 -0.3021145666129669
3.914 0.04714140578079707 0.2800750543346051 0.05215607565821791 0.5820353297226843 -0.005014669877420836 -0.3019602753880792
3.916 0.04717633599982191 0.2790319295559316 0.05218588635891067 0.5808380711896481 -0.005009550359088758 -0.3018061416337165
3.918 0.04721514037958609 0.2779886096681833 0.05221957905546273 0.5796407747771783 -0.005004438675876641 -0.3016521651089951
3.92 0.04725732373095648 0.2769444990683823 0.05225665854276233 0.5784428446419045 -0.004999334811805854 -0.3014983455735223
3.922 0.0473024782137752 0.2758989384405233 0.05229671696471367 0.5772436212279184 -0.004994238750938469 -0.3013446827873951
3.924 0.04735029139044102 0.2748512169867368 0.05233944186781817 0.5760423934979358 -0.004989150477377151 -0.3011911765111991
3.926 0.04740055219693297 0.2738005860460789 0.05238462217219798 0.5748384125520856 -0.004984069975265012 -0.3010378265060067
3.928 0.04745315453666938 0.272746273653835 0.05243215176545489 0.5736309061872117 -0.00497899722878551 -0.3008846325333767
3.93 0.04750809831761291 0.2716874995272395 0.05248203053977522 0.5724190938825917 -0.004973932222162313 -0.3007315943553522
3.932 0.0475654878834857 0.270623489929926 0.05253436282314489 0.5712022016643861 -0.004968874939659182 -0.30057871173446
3.934 0.04762552792507084 0.2695534918708046 0.05258935329065068 0.5699794763045138 -0.004963825365579842 -0.3004259844337092
3.936 0.04768851708601436 0.2684767861331805 0.05264730057028223 0.5687501983497703 -0.004958783484267868 -0.3002734122165897
3.938 0.04775483958885074 0.2673926987022462 0.0527085888689573 0.5675136935493177 -0.004953749280106564 -0.3001209948470715
3.94 0.04782495529264842 0.2663006102569835 0.05277367803016726 0.5662693423465865 -0.004948722737518832 -0.299968732089603
3.942 0.04789938864825512 0.2651999635065201 0.05284309248922218 0.5650165872156301 -0.004943703840967059 -0.29981662370911
3.944 0.04797871703846905 0.2640902682707792 0.05291740961342205 0.5637549377417738 -0.004938692574953004 -0.2996646694709946
3.946 0.04806355897985266 0.262971104321193 0.05299724790387032 0.5624839734623266 -0.00493368892401766 -0.2995128691411336
3.948 0.0481545626243841 0.2618421221009177 0.05308325549712525 0.5612033445867957 -0.004928692872741152 -0.299361222485878
3.95 0.04825239493890204 0.2607030415287457 0.05317609934464465 0.5599127708007966 -0.00492370440574261 -0.2992097292720509
3.952 0.04835773186561117 0.2595536491534181 0.05327645537329122 0.5586120384203652 -0.004918723507680051 -0.2990583892669472
3.954 0.04847124968517836 0.2583937939637355 0.05338499984842863 0.5573009962020671 -0.004913750163250267 -0.2989072022383316
3.956 0.04859361772203821 0.2572233821760319 0.0535024020792269 0.55597955013047 -0.004908784357188696 -0.2987561679544381
3.958 0.04872549245504601 0.2560423713166285 0.05362931852931532 0.554647657500597 -0.004903826074269314 -0.2986052861839684
3.96 0.04886751302968904 0.2548507638968901 0.05376638832899356 0.553305320592981 -0.004898875299304523 -0.2984545566960909
3.962 0.04902029811323315 0.2536486009468569 0.05391423013037816 0.5519525802072961 -0.004893932017145015 -0.2983039792604392
3.964 0.04918444399253109 0.2524359556341737 0.05407344020521077 0.5505895092812854 -0.004888996212679681 -0.2981535536471117
3.966 0.04936052378556915 0.2512129271523957 0.05424459165640463 0.5492162067790649 -0.004884067870835477 -0.2980032796266692
3.968 0.04954908762110071 0.2499796350200928 0.05442823459767803 0.5478327919902282 -0.004879146976577318 -0.2978531569701354
3.97 0.04975066363428007 0.2487362138916388 0.05462489714918803 0.5464393993406326 -0.004874233514907959 -0.2977031854489938
3.972 0.04996575962805546 0.2474828089443295 0.05483508709892335 0.5450361737795179 -0.004869327470867885 -0.2975533648351883
3.974 0.05019486525815486 0.2462195718754728 0.05505929408769006 0.5436232667765938 -0.004864428829535195 -0.297403694901121
3.976 0.05043845461194479 0.244946657517508 0.05529799218797028 0.5422008329371591 -0.004859537576025484 -0.2972541754196512
3.978 0.05069698906650483 0.2436642210593225 0.05555164276199657 0.5407690272234169 -0.004854653695491738 -0.2971048061640944
3.98 0.05097092032749793 0.2423724158474084 0.05582069750062215 0.5393280027556299 -0.00484977717312422 -0.2969555869082215
3.982 0.05126069356686098 0.2410713917303218 0.05610560156101133 0.5378779091565786 -0.00484490799415035 -0.2968065174262568
3.984 0.0515667505930124 0.2397612939039436 0.056406796736847 0.5364188913968214 -0.004840046143834604 -0.2966575974928778
3.986 0.05188953300172628 0.2384422622123022 0.05672472460920467 0.5349510890955156 -0.004835191607478391 -0.2965088268832133
3.988 0.05222948526871703 0.237114430858429 0.05705982963913698 0.5334746362312719 -0.004830344370419955 -0.2963602053728429
3.99 0.05258705775613171 0.2357779284814073 0.05741256217416597 0.5319896612192023 -0.004825504418034255 -0.2962117327377951
3.992 0.05296270961450334 0.2344328785590208 0.0577833813502362 0.5304962873135679 -0.004820671735732855 -0.2960634087545471
3.994 0.05335691156944055 0.2330794000992994 0.05817275787840437 0.5289946332993224 -0.00481584630896382 -0.295915233200023
3.996 0.0537701485884485 0.2317176085888716 0.0585811767116601 0.5274848144404647 -0.004811028123211599 -0.2957672058515931
3.998 0.05420292242794704 0.2303476171710324 0.05900913959194396 0.5259669436581046 -0.004806217163996922 -0.2956193264870722
4 0.05465575406404389 0.2289695380312135 0.05945716748092058 0.5244411329159329 -0.00480141341687669 -0.2954715948847194
4.002 0.05512918601302704 0.2275834839724221 0.0599258028804709 0.5229074947956581 -0.004796616867443864 -0.2953240108232361
4.004 0.05562378454896862 0.2261895701679399 0.06041561205029598 0.5213661442497053 -0.00479182750132736 -0.2951765740817653
4.006 0.05614014182659843 0.2247879160828772 0.06092718713079037 0.5198172005227679 -0.004787045304191936 -0.2950292844398907
4.008 0.05667887791770029 0.223378647560253 0.06146114817943839 0.5182607892378881 -0.004782270261738094 -0.2948821416776351
4.01 0.05724064276878252 0.2219618990712094 0.06201814512848448 0.5166970446466693 -0.004777502359701968 -0.2947351455754599
4.012 0.05782611808693454 0.2205378161323769 0.06259885967078975 0.5151261120466402 -0.004772741583855214 -0.2945882959142633
4.014 0.05843601915953527 0.2191065578966484 0.06320400707954017 0.5135481503720282 -0.004767987920004903 -0.2944415924753798
4.016 0.05907109661181473 0.2176682999267489 0.06383433796580816 0.5119633349673278 -0.004763241353993433 -0.2942950350405789
4.018 0.05973213810444414 0.2162232371636619 0.06449063997614254 0.5103718605557261 -0.004758501871698402 -0.2941486233920643
4.02 0.06041996997118278 0.214771587104558 0.06517373943021529 0.5087739444170299 -0.004753769459032509 -0.294002357312472
4.022 0.06113545879407706 0.2133135932074061 0.06588450289602052 0.5071698297922763 -0.004749044101943453 -0.2938562365848703
4.024 0.06187951291105892 0.2118495285416341 0.06662383869747275 0.505559789534392 -0.004744325786413833 -0.2937102609927579
4.026 0.06265308384778558 0.2103796997062643 0.0673926983462466 0.5039441300263275 -0.004739614498461032 -0.2935644303200632
4.028 0.06345716766209389 0.208904451039135 0.06819207788623101 0.5023231953902785 -0.004734910224137122 -0.2934187443511435
4.03 0.06429280618581715 0.2074241691424962 0.06902301913534591 0.5006973720132791 -0.004730212949528756 -0.2932732028707829
4.032 0.06516108814459357 0.2059392877519958 0.06988661080535064 0.4990670934161885 -0.004725522660757076 -0.2931278056641928
4.034 0.06606315013157518 0.2044502929776936 0.07078398947555278 0.497432845494703 -0.004720839343977594 -0.2929825525170094
4.036 0.06700017740596667 0.2029577289469508 0.07171634039134678 0.4957951721622444 -0.004716162985380101 -0.2928374432152936
4.038 0.06797340448162081 0.2014622038800465 0.07268489805280938 0.4941546814255758 -0.004711493571188559 -0.2926924775455293
4.04 0.06898411546449612 0.1999643966302229 0.07369094655215713 0.4925120519248458 -0.004706831087661012 -0.2925476552946229
4.042 0.07003364409084793 0.1984650637200086 0.0747358196119374 0.4908680399699106 -0.004702175521089469 -0.292402976249902
4.044 0.07112337341026563 0.1969650469053953 0.07582090026806544 0.4892234871045095 -0.004697526857799808 -0.2922584401991142
4.046 0.07225473504887618 0.1954652812986703 0.07694762013302786 0.4875793282290966 -0.004692885084151682 -0.2921140469304263
4.048 0.07342920797868871 0.193966804078807 0.07811745816522712 0.4859366003112303 -0.004688250186538418 -0.2919697962324233
4.05 0.07464831670859541 0.1924707638155584 0.07933193885998231 0.4842964517096657 -0.004683622151386907 -0.2918256878941073
4.052 0.0759136288010179 0.1909784304295052 0.08059262976617541 0.4826601521344014 -0.004679000965157517 -0.2916817217048963
4.054 0.07722675160599403 0.1894912058046437 0.08190113822033801 0.4810291032592668 -0.004674386614343982 -0.2915378974546231
4.056 0.07858932809107443 0.1880106350628948 0.08325910717654775 0.47940484999643 -0.004669779085473321 -0.2913942149335352
4.058 0.08000303163134651 0.1865384185003363 0.08466820999645222 0.4777890924326287 -0.004665178365105719 -0.2912506739322924
4.06 0.08146955960879086 0.1850764241731436 0.0861301440486253 0.4761836984151104 -0.004660584439834446 -0.2911072742419669
4.062 0.08299062565482081 0.1836267011061739 0.08764662295110655 0.4745907167602152 -0.004655997296285743 -0.2909640156540413
4.064 0.08456795035400763 0.1821914930788183 0.08921936727512637 0.4730123910392272 -0.004651416921118745 -0.2908208979604089
4.066 0.08620325021103924 0.1807732529207055 0.09085009351206461 0.4714511738740768 -0.004646843301025366 -0.2906779209533714
4.068 0.08789822466784995 0.1793746572231248 0.09254050109058017 0.4699097416487632 -0.004642276422730211 -0.2905350844256384
4.07 0.08965454094367949 0.1779986213406262 0.09429225721666996 0.468391009510953 -0.004637716272990478 -0.2903923881703268
4.072 0.09147381645834052 0.1766483145205361 0.09610697929693637 0.4668981465014953 -0.004633162838595861 -0.2902498319809592
4.074 0.09335759858966726 0.1753271749554009 0.09798621469603572 0.465434590606864 -0.00462861610636846 -0.2901074156514631
4.076 0.09530734151055026 0.1740389245044996 0.09993141757371293 0.4640040634806696 -0.004624076063162673 -0.28996513897617
4.078 0.09732437985041902 0.1727875827754448 0.1019439225462841 0.4626105845252593 -0.004619542695865115 -0.2898230017498145
4.08 0.09940989893264213 0.1715774801949088 0.1040249149240366 0.4612584839624416 -0.004615015991394518 -0.2896810037675328
4.082 0.1015649013543198 0.1704132696292202 0.1061753972910215 0.4599524144540828 -0.004610495936701633 -0.2895391448248626
4.084 0.1037901696999327 0.1692999360413711 0.1083961522187018 0.4586973607591122 -0.004605982518769142 -0.2893974247177411
4.086 0.106086225218507 0.1682428035910845 0.1106877009431185 0.4574986468335893 -0.004601475724611555 -0.2892558432425048
4.088 0.1084532823466785 0.1672475395006493 0.1130502578879537 0.4563619396965377 -0.004596975541275133 -0.2891144001958884
4.09 0.1108911990295802 0.1663201539225872 0.115483680985418 0.4552932492976104 -0.004592481955837779 -0.2889730953750232
4.092 0.113399422881419 0.1654669949577426 0.117987417836828 0.4542989235351798 -0.00458799495540895 -0.2888319285774372
4.094 0.1159769333394167 0.1646947378870696 0.1205604478665463 0.4533856374881226 -0.004583514527129566 -0.288690899601053
4.096 0.1186221801009792 0.1640103676005176 0.1232012207591511 0.4525603758447054 -0.004579040658171926 -0.2885500082441879
4.098 0.1213330182978884 0.1634211531359027 0.125907591633628 0.4518304074414546 -0.004574573335739598 -0.2884092543055519
4.1 0.1241066410544676 0.1629346131849729 0.1286767536015349 0.4512032507692206 -0.004570112547067341 -0.2882686375842476
4.102 0.1269395103004866 0.1625584713890685 0.1315051685799077 0.4506866292688375 -0.004565658279421009 -0.2881281578797689
4.104 0.1298272869670996 0.1623006002403478 0.1343884974871971 0.4502884152323479 -0.004561210520097466 -0.287987814992
4.106 0.1327647619843913 0.1621689524360729 0.1373215312408158 0.4500165611572875 -0.004556769256424488 -0.2878476087212146
4.108 0.1357457898213301 0.1621714786137401 0.1402981242970908 0.4498790174818147 -0.004552334475760674 -0.2877075388680745
4.11 0.1387632266612426 0.1623160305374106 0.143311132826738 0.44988363577104 -0.004547906165495356 -0.2875676052336295
4.112 0.1418088756807271 0.1626102490258921 0.1463523599937756 0.4500380566452079 -0.004543484313048522 -0.2874278076193158
4.114 0.1448734422859625 0.1630614362283932 0.1494125111918332 0.4503495820553483 -0.004539068905870705 -0.2872881458269551
4.116 0.1479465025415346 0.1636764122812793 0.1524811624729775 0.4508250319400331 -0.004534659931442907 -0.2871486196587539
4.118 0.1510164883767574 0.1644613569377468 0.1555467457540338 0.4514705858550493 -0.004530257377276507 -0.2870092289173025
4.12 0.1540706934376847 0.1654216374635714 0.1585965546685979 0.4522916108691454 -0.004525861230913183 -0.286869973405574
4.122 0.1570953036270026 0.1665616249438117 0.1616167751069274 0.4532924778707353 -0.004521471479924803 -0.2867308529269237
4.124 0.1600754563827214 0.1678845021407059 0.1645925444946347 0.4544763694257933 -0.004517088111913356 -0.2865918672850873
4.126 0.1629953325303332 0.1693920671592087 0.1675080436448441 0.4558450834433898 -0.004512711114510851 -0.2864530162841811
4.128 0.165838284040593 0.1710845383690526 0.1703466245159722 0.4573988380977529 -0.004508340475379243 -0.2863142997287003
4.13 0.1685870001796639 0.1729603672300665 0.1730909763618742 0.4591360846535849 -0.004503976182210338 -0.2861757174235184
4.132 0.1712237133098914 0.1750160667729478 0.1757233315326171 0.4610533359468339 -0.004499618222725701 -0.2860372691738861
4.134 0.1737304439775144 0.1772460643817223 0.1782257105621909 0.463145019167153 -0.004495266584676584 -0.2858989547854307
4.136 0.1760892829331808 0.1796425880691855 0.1805802041890247 0.4654033621333404 -0.004490921255843826 -0.2857607740641549
4.138 0.1782827054476748 0.1821955954937773 0.1827692876717126 0.4678183223102134 -0.004486582224037782 -0.285622726816436
4.14 0.1802939108368441 0.1848927544131888 0.1847761603139423 0.4703775672622137 -0.004482249477098217 -0.2854848128490249
4.142 0.1821071776731745 0.1877194820171609 0.1865851006760687 0.4730665139862064 -0.004477923002894244 -0.2853470319690455
4.144 0.1837082229538692 0.1906590485977448 0.1881818257431934 0.4758684325817382 -0.00447360278932422 -0.2852093839839934
4.146 0.1850845517545171 0.1936927483432217 0.1895538405788328 0.4787646170449569 -0.004469288824315675 -0.2850718687017352
4.148 0.1862257828515245 0.1968001368051489 0.1906907639473497 0.4817346227356566 -0.004464981095825218 -0.2849344859305077
4.15 0.1871239356367922 0.1999593309932731 0.1915846152286307 0.4847565664721899 -0.004460679591838456 -0.2847972354789168
4.152 0.1877736644956312 0.2031473643759648 0.1922300487960011 0.4878074815319018 -0.004456384300369919 -0.284660117155937
4.154 0.1881724286993084 0.2063405856178205 0.1926245239087714 0.4908637163887304 -0.004452095209462961 -0.2845231307709098
4.156 0.1883205886947281 0.2095150869910075 0.1927684010019178 0.4939013631245511 -0.004447812307189687 -0.2843862761335436
4.158 0.1882214232661206 0.2126471463392673 0.1926649588477715 0.4968966993931796 -0.004443535581650865 -0.2842495530539123
4.16 0.1878810661168432 0.2157136654617535 0.1923203311378191 0.4998266268042081 -0.004439265020975853 -0.2841129613424546
4.162 0.1873083646353218 0.2186925879253335 0.1917433652486443 0.5026690887353067 -0.004435000613322504 -0.2839765008099732
4.164 0.1865146676111809 0.2215632805996096 0.1909454099580579 0.5054034518672436 -0.004430742346877091 -0.2838401712676339
4.166 0.1855135521254016 0.2243068655083366 0.1899400423352558 0.508010838035301 -0.004426490209854222 -0.2837039725269644
4.168 0.1843205024869611 0.22690649167872 0.1887427466774579 0.5104743960785741 -0.004422244190496766 -0.2835679043998542
4.17 0.1829525557560826 0.2293475402547714 0.1873705600331583 0.5127795069533241 -0.00441800427707576 -0.2834319666985526
4.172 0.1814279290172076 0.2316177598996154 0.1858416994750979 0.5149139191352846 -0.004413770457890339 -0.2832961592356692
4.174 0.1797656431854796 0.2337073331352782 0.1841751859067472 0.5168678149594498 -0.004409542721267645 -0.2831604818241716
4.176 0.1779851568792453 0.2356088774931444 0.182390477934808 0.5186338117705301 -0.004405321055562757 -0.2830249342773857
4.178 0.1761060219648907 0.2373173879766963 0.1805071274140493 0.5202069043856908 -0.004401105449158603 -0.2828895164089946
4.18 0.1741475700091186 0.2388301292545095 0.1785444658995844 0.5215843572875465 -0.004396895890465886 -0.282754228033037
4.182 0.1721286362912647 0.2401464871711178 0.1765213286591877 0.5227655561350248 -0.004392692367922993 -0.2826190689639071
4.184 0.1700673254495997 0.2412677896191492 0.1744558203195957 0.5237518286355032 -0.004388494869995937 -0.2824840390163539
4.186 0.167980820436579 0.2421971066461988 0.1723651238217573 0.5245462446516785 -0.004384303385178256 -0.2823491380054797
4.188 0.1658852343660667 0.242939038996964 0.1702653522680576 0.5251534047437035 -0.004380117901990944 -0.2822143657467395
4.19 0.1637955031294488 0.2434995032522439 0.1681714415384312 0.5255792253081844 -0.00437593840898237 -0.2820797220559405
4.192 0.1617253153693722 0.2438855204582114 0.1660970802641004 0.5258307272074522 -0.004371764894728208 -0.2819452067492408
4.194 0.1596870755222728 0.2441050137662933 0.1640546728701042 0.525915833409442 -0.004367597347831345 -0.2818108196431487
4.196 0.1576918951400967 0.2441666192284838 0.1620553308970185 0.5258431797830059 -0.004363435756921816 -0.2816765605545221
4.198 0.155749607524643 0.2440795125938631 0.1601088876352997 0.5256219418944305 -0.004359280110656712 -0.2815424293005673
4.2 0.1538688007920534 0.2438532537835958 0.1582239311897735 0.5252616794824346 -0.004355130397720124 -0.2814084256988388
4.202 0.1520568647673991 0.2434976497154678 0.1564078513742221 0.5247721992827051 -0.004350986606823043 -0.2812745495672373
4.204 0.1503200475305872 0.2430226353180576 0.1546668962572905 0.5241634360420678 -0.004346848726703299 -0.2811408007240102
4.206 0.1486635179421514 0.2424381719177722 0.1530062346882768 0.5234453509055221 -0.004342716746125475 -0.28100717898775
4.208 0.1470914310293411 0.24175416168788 0.1514300216832219 0.5226278458652736 -0.004338590653880842 -0.2808736841773936
4.21 0.145606993675358 0.2409803764998998 0.1499414641141452 0.5217206926121215 -0.004334470438787271 -0.2807403161122217
4.212 0.1442125286051764 0.2401263992941672 0.1485428846948655 0.520733473906025 -0.004330356089689164 -0.2806070746118577
4.214 0.1429095351833674 0.2392015759675269 0.1472357827788248 0.5196755354637941 -0.004326247595457372 -0.2804739594962672
4.216 0.1416987460247525 0.2382149757429347 0.1460208909697417 0.5185559463286914 -0.004322144944989133 -0.2803409705857567
4.218 0.1405801788635647 0.2371753580222246 0.1448982269907727 0.517383465723198 -0.004318048127207984 -0.2802081077009735
4.22 0.1395531835297927 0.2360911438163869 0.1438671406608564 0.516166514479291 -0.004313957131063689 -0.2800753706629041
4.222 0.1386164842445226 0.2349703899879482 0.1429263561900548 0.5149131492808224 -0.004309871945532171 -0.2799427592928742
4.224 0.1377682177709393 0.2338207647219135 0.1420740103305547 0.5136310381344608 -0.004305792559615429 -0.2798102734125472
4.226 0.1370059682446109 0.2326495228612798 0.1413076872069523 0.5123274357052037 -0.00430171896234147 -0.2796779128439239
4.228 0.1363267997557035 0.2314634799998124 0.1406244508984677 0.5110091574091536 -0.004297651142764235 -0.2795456774093413
4.23 0.1357272879636862 0.2302689845184087 0.1400208770536497 0.5096825514498807 -0.004293589089963518 -0.279413566931472
4.232 0.1352035521854947 0.229071887081571 0.1394930849785397 0.5083534683148948 -0.004289532793044908 -0.2792815812333238
4.234 0.1347512895030051 0.2278775074760348 0.1390367717441448 0.507027227614273 -0.004285482241139699 -0.2791497201382382
4.236 0.1343658124735969 0.2266905990702186 0.1386472498970018 0.5057085825401084 -0.004281437423404825 -0.2790179834698898
4.238 0.1340420919855569 0.2255153115920741 0.1383194903145797 0.50440168264436 -0.00427739832902279 -0.278886371052286
4.24 0.1337748066656142 0.2243551533507693 0.1380481716128158 0.5031100360605349 -0.004273364947201596 -0.2787548827097657
4.242 0.133558400007691 0.2232129544447982 0.1378277372748656 0.5018364727117968 -0.004269337267174661 -0.2786235182669986
4.244 0.1333871460429459 0.2220908328794445 0.1376524613211467 0.5005831104284293 -0.004265315278200758 -0.2784922775489848
4.246 0.1332552239115703 0.2209901658293609 0.1375165228811342 0.4993513262104143 -0.004261298969563935 -0.2783611603810534
4.248 0.1331568011359852 0.2199115684931272 0.1374140894665587 0.4981417350819896 -0.004257288330573458 -0.2782301665888623
4.25 0.1330861247538796 0.2188548830609225 0.1373394081044433 0.4969541790593197 -0.004253283350563721 -0.2780992959983972
4.252 0.1330376187818174 0.2178191802237156 0.1372869028007116 0.4957877286596861 -0.004249284018894186 -0.2779685484359705
4.254 0.13300598579159 0.216802775370486 0.1372512761165393 0.4946406990987072 -0.004245290324949315 -0.2778379237282212
4.256 0.1329863097476516 0.2158032611403305 0.1372276120057901 0.4935106828424441 -0.004241302258138483 -0.2777074217021136
4.258 0.1329741567355894 0.2148175573288769 0.1372114765434853 0.4923945995138138 -0.004237319807895937 -0.2775770421849369
4.26 0.132965669868507 0.2138419783230066 0.1371990128321877 0.4912887633273106 -0.004233342963680697 -0.2774467850043041
4.262 0.132957654541129 0.2128723173052447 0.1371870262561055 0.4901889672933961 -0.004229371714976501 -0.2773166499881514
4.264 0.1329476503452389 0.2119039454977319 0.1371730563965306 0.4890905824624694 -0.00422540605129173 -0.2771866369647375
4.266 0.1329339863762771 0.210931923785866 0.1371554323384364 0.4879886695485088 -0.004221445962159349 -0.2770567457626428
4.268 0.1329158173338077 0.2099511232564933 0.1371333087709445 0.486878099467262 -0.004217491437136824 -0.2769269762107687
4.27 0.1328931387051128 0.2089563505817627 0.1371066811709188 0.4857536787200993 -0.004213542465806061 -0.2767973281383366
4.272 0.1328667803535824 0.2079424738371441 0.1370763793913557 0.4846102752120316 -0.004209599037773334 -0.2766678013748874
4.274 0.1328383789269326 0.2069045442952044 0.1370440400696018 0.4834429400454854 -0.004205661142669225 -0.276538395750281
4.276 0.1328103305625908 0.2058379099906964 0.1370120593327394 0.4822470210853912 -0.004201728770148541 -0.2764091110946948
4.278 0.1327857263104403 0.2047383173819437 0.1369835282203305 0.4810182646205673 -0.00419780190989026 -0.2762799472386236
4.28 0.1327682734424617 0.2036019981857098 0.1369621539940591 0.4797529021985885 -0.004193880551597456 -0.2761509040128787
4.282 0.1327622063231755 0.2024257393658596 0.1369521710081727 0.4784477206144466 -0.004189964684997235 -0.2760219812485871
4.284 0.1327721907497425 0.2012069352284183 0.1369582450495831 0.4771001140056089 -0.004186054299840662 -0.2758931787771907
4.286 0.1328032256393083 0.1999436215344912 0.136985375025211 0.4757081179649371 -0.004182149385902703 -0.2757644964304459
4.288 0.1328605456715928 0.1986344924159554 0.137038795604575 0.4742704264563777 -0.004178249932982147 -0.2756359340404222
4.29 0.1329495280334403 0.1972789016102239 0.1371238839643418 0.4727863930497264 -0.004174355930901554 -0.2755074914395025
4.292 0.1330756058164335 0.1958768500833071 0.1372460731859407 0.4712560185436885 -0.004170467369507174 -0.2753791684603814
4.294 0.1332441899498039 0.194428962469593 0.1374107741884728 0.4696799274056575 -0.004166584238668886 -0.2752509649360645
4.296 0.133460600866186 0.1929364549259551 0.1376233073944661 0.4680593356258239 -0.004162706528280137 -0.2751228806998688
4.298 0.1337300104457581 0.1914010969952443 0.137888844674016 0.4663960125806649 -0.004158834228257874 -0.2749949155854206
4.3 0.1340573942022443 0.1898251699292627 0.1382123615307868 0.4646922393559183 -0.004154967328542469 -0.2748670694266556
4.302 0.1344474931860668 0.188211423668485 0.1385985990051645 0.4629507657263031 -0.00415110581909767 -0.2747393420578181
4.304 0.1349047846975165 0.1865630343496287 0.1390520343874271 0.4611747676630883 -0.00414724968991052 -0.2746117333134597
4.306 0.1354334606276298 0.1848835638463356 0.1395768595586211 0.459367806874775 -0.004143398930991306 -0.2744842430284394
4.308 0.1360374120699755 0.1831769224695372 0.140176965602349 0.4575337935074598 -0.004139553532373484 -0.2743568710379226
4.31 0.1367202187606502 0.1814473355851354 0.1408559322447638 0.4556769527625152 -0.004135713484113617 -0.2742296171773799
4.312 0.1374851418919497 0.1796993145618494 0.141617020668241 0.4538017958444365 -0.004131878776291317 -0.2741024812825871
4.314 0.1383351188918224 0.1779376321511333 0.1424631682908316 0.4519130953407575 -0.004128049399009174 -0.2739754631896242
4.316 0.1392727588516085 0.1761673021284846 0.1433969841940012 0.4500158648633593 -0.004124225342392692 -0.2738485627348747
4.318 0.1403003374063675 0.174393562790551 0.1444207440029577 0.4481153425455756 -0.004120406596590228 -0.2737217797550247
4.32 0.1414197900152084 0.1726218637033923 0.1455363831669813 0.4462169777904547 -0.004116593151772928 -0.2735951140870623
4.322 0.1426327027461247 0.1708578549299201 0.1467454877442594 0.4443264204981976 -0.00411278499813467 -0.2734685655682776
4.324 0.1439402998371236 0.1691073778233262 0.1480492819630155 0.442449511859587 -0.004108982125891987 -0.2733421340362608
4.326 0.1453434274808847 0.1673764563544429 0.1494486120061687 0.4405922756833451 -0.004105184525284016 -0.2732158193289023
4.328 0.1468425334642009 0.1656712878405771 0.1509439256507734 0.4387609091249688 -0.004101392186572426 -0.2730896212843917
4.33 0.1484376424888421 0.1639982318589108 0.1525352475888835 0.4369617716001283 -0.004097605100041372 -0.2729635397412175
4.332 0.15012832721018 0.1623637960589785 0.1542221504661774 0.4352013705971444 -0.004093823255997411 -0.2728375745381659
4.334 0.1519136752578543 0.1607746175385201 0.1560037219026238 0.4334863430528405 -0.004090046644769457 -0.2727117255143204
4.336 0.153792252753462 0.1592374384184508 0.1578785280101707 0.4318234309275118 -0.004086275256708708 -0.272585992509061
4.338 0.1557620651162108 0.1577590742537435 0.1598445741983994 0.4302194496158072 -0.004082509082188598 -0.2724603753620637
4.34 0.1578205162499934 0.1563463739570821 0.1618992643615982 0.4286812478703817 -0.004078748111604718 -0.2723348739132996
4.342 0.1599643675337764 0.1550061700024858 0.1640393598691511 0.4272156580055202 -0.004074992335374767 -0.2722094880030344
4.344 0.1621896983863549 0.1537452178309732 0.1662609401302934 0.4258294353028007 -0.004071241743938486 -0.2720842174718274
4.346 0.1644918705363946 0.1525701236146794 0.1685593668641522 0.424529185775211 -0.004067496327757605 -0.2719590621605316
4.348 0.1668654984853917 0.1514872598634144 0.1709292545627075 0.4233212817737063 -0.004063756077315772 -0.2718340219102919
4.35 0.1693044289825139 0.1505026687922216 0.1733644499656324 0.4222117653547669 -0.004060020983118493 -0.2717090965625453
4.352 0.1718017326077437 0.1496219539185271 0.1758580236434368 0.421206239877547 -0.004056291035693081 -0.2715842859590199
4.354 0.1743497107500304 0.1488501610252369 0.1784022769756189 0.4203097509669712 -0.004052566225588593 -0.2714595899417343
4.356 0.1769399213293266 0.1481916504047 0.1809887678727023 0.4195266587576971 -0.00404884654337576 -0.2713350083529971
4.358 0.1795632265020066 0.1476499631686664 0.1836083584816535 0.4188605042040719 -0.00404513197964694 -0.2712105410354056
4.36 0.1822098652671041 0.1472276853362801 0.1862512877921202 0.4183138731681261 -0.004041422525016053 -0.271086187831846
4.362 0.1848695533172952 0.1469263143453594 0.1889072714874138 0.4178882629308516 -0.004037718170118523 -0.2709619485854922
4.364 0.1875316116279252 0.1467461335039213 0.1915656305335365 0.4175839566437265 -0.004034018905611215 -0.2708378231398052
4.366 0.1901851241428339 0.1466861006266272 0.1942154488650063 0.4173999119651598 -0.004030324722172382 -0.2707138113385326
4.368 0.1928191235139585 0.1467437575925841 0.1968457591244601 0.417333670618292 -0.004026635610501605 -0.2705899130257078
4.37 0.1954228022303596 0.1469151677227221 0.1994457537916793 0.4173812957683717 -0.004022951561319731 -0.2704661280456496
4.372 0.1979857447147404 0.1471948876209208 0.2020050172801093 0.4175373438638818 -0.004019272565368816 -0.270342456242961
4.374 0.200498174185347 0.1475759793895693 0.2045137727987591 0.4177948768520986 -0.004015598613412072 -0.2702188974625293
4.376 0.2029512064207039 0.148050067886912 0.2069631361169377 0.4181455194364365 -0.004011929696233796 -0.2700954515495245
4.378 0.2053371011832942 0.1486074459572218 0.2093453669879335 0.4185795643066217 -0.004008265804639333 -0.2699721183493999
4.38 0.2076495011132225 0.149237228404915 0.2116541080426775 0.4190861261128054 -0.004004606929454995 -0.2698488977078904
4.382 0.2098836475325253 0.1499275530251464 0.2138846005940533 0.4196533424961586 -0.004000953061528022 -0.2697257894710122
4.384 0.2120365629042091 0.150665824419323 0.2160338670959356 0.4202686179043851 -0.003997304191726513 -0.2696027934850621
4.386 0.2141071907056558 0.1514389938212991 0.2181008510165951 0.4209189034179164 -0.003993660310939381 -0.2694799095966173
4.388 0.2160964851734608 0.1522338659569989 0.220086506583537 0.4215910036095331 -0.00399002141007628 -0.2693571376525341
4.39 0.2180074456522302 0.1530374222617421 0.2219938331322977 0.4222718997616897 -0.003986387480067562 -0.2692344774999477
4.392 0.2198450929630111 0.1538371487485287 0.2238278514748753 0.4229490777347999 -0.003982758511864215 -0.2691119289862712
4.394 0.2216163880789781 0.154621356557175 0.2255955225754159 0.4236108485163708 -0.003979134496437806 -0.2689894919591957
4.396 0.2233300962170692 0.1553794837416388 0.2273056116418496 0.4242466500083276 -0.00397551542478043 -0.2688671662666888
4.398 0.2249966019879249 0.1561023681125545 0.2289685032758295 0.4248473198695488 -0.003971901287904645 -0.2687449517569943
4.4 0.2266276832933623 0.1567824828131918 0.2305959753702058 0.4254053310918235 -0.003968292076843424 -0.2686228482786318
4.402 0.2282362530773603 0.1574141285844838 0.2322009408600104 0.4259149842648796 -0.003964687782650097 -0.2685008556803958
4.404 0.2298360787503632 0.1579935791523389 0.2337971671467615 0.4263725529636943 -0.003961088396398296 -0.2683789738113553
4.406 0.2314414891191439 0.1585191786293213 0.2353989830283258 0.4267763811501742 -0.003957493909181897 -0.2682572025208529
4.408 0.2330670780342638 0.1589913920662032 0.2370209823463788 0.4271269337247075 -0.003953904312114968 -0.2681355416585043
4.41 0.234727412834797 0.1594128121601183 0.2386777324311287 0.4274268032343162 -0.003950319596331715 -0.2680139910741979
4.412 0.2364367541784217 0.1597881265216978 0.2403834939314081 0.4276806771397917 -0.003946739752986425 -0.2678925506180939
4.414 0.2382087921610258 0.160124050775867 0.2421519569342792 0.4278952709164907 -0.003943164773253408 -0.2677712201406237
4.416 0.2400564019122036 0.1604292331238454 0.2439959965605306 0.4280792326163348 -0.00393959464832695 -0.2676499994924894
4.418 0.241991420240676 0.1607141358740953 0.2459274496100972 0.4282430243987586 -0.003936029369421255 -0.2675288885246632
4.42 0.2440244435071589 0.1609908989350691 0.2479569124349293 0.4283987860234558 -0.003932468927770394 -0.2674078870883868
4.422 0.2461646457972402 0.161273189447772 0.2500935591118684 0.4285601844829424 -0.003928913314628241 -0.2672869950351704
4.424 0.248419615697816 0.1615760407230757 0.2523449782190844 0.4287422529398687 -0.003925362521268432 -0.267166212216793
4.426 0.2507952095637923 0.1619156825368043 0.2547170261027766 0.4289612210221049 -0.003921816538984307 -0.2670455384853006
4.428 0.2532954190893346 0.1623093637155396 0.2572136944484235 0.4292343374085463 -0.003918275359088852 -0.2669249736930067
4.43 0.2559222512454379 0.1627751668968823 0.2598369902183526 0.4295796845893733 -0.003914738972914654 -0.266804517692491
4.432 0.2586756191786063 0.1633318144364601 0.2625868265504201 0.4300159847730591 -0.003911207371813838 -0.266684170336599
4.434 0.2615532434393501 0.1639984637157292 0.2654609239865081 0.4305623951941707 -0.003907680547158027 -0.2665639314784414
4.436 0.2645505638761827 0.1647944896252361 0.268454722366521 0.4312382905966298 -0.003904158490338277 -0.2664438009713937
4.438 0.2676606636386997 0.1657392517960115 0.2715613048314647 0.4320630304651067 -0.003900641192765029 -0.2663237786690953
4.44 0.2708742079240983 0.1668518442591944 0.2747713365699664 0.4330557086846433 -0.003897128645868058 -0.2662038644254489
4.442 0.2741794013104517 0.1681508256560392 0.2780730221515481 0.4342348837506595 -0.003893620841096424 -0.2660840580946203
4.444 0.277561968676539 0.1696539289163957 0.2814520864464575 0.4356182884474331 -0.003890117769918413 -0.2659643595310374
4.446 0.2810051657275815 0.1713777504803531 0.284891785151403 0.4372225190697427 -0.003886619423821485 -0.2658447685893896
4.448 0.2844898259367454 0.1733374206477929 0.2883729517310576 0.4390627057724206 -0.003883125794312231 -0.2657252851246277
4.45 0.287994451172122 0.1755462584753054 0.2918740880450383 0.4411521674672683 -0.003879636872916313 -0.2656059089919629
4.452 0.2914953533006103 0.1780154167428777 0.2953715059517887 0.4435020567897439 -0.003876152651178415 -0.2654866400468662
4.454 0.2949668535387091 0.1807535247925269 0.2988395266593712 0.4461210029375945 -0.003872673120662192 -0.2653674781450677
4.456 0.2983815451662594 0.1837663393707369 0.3022507434392096 0.4490147625132936 -0.003869198272950221 -0.2652484231425567
4.458 0.3017106233663335 0.1870564158165531 0.3055763514659775 0.4521858907121336 -0.00386572809964395 -0.2651294748955805
4.46 0.3049242833836381 0.1906228138266747 0.3087865459760018 0.4556334470873183 -0.003862262592363641 -0.2650106332606437
4.462 0.307992184942067 0.1944608533695734 0.3118509866848153 0.4593527514640817 -0.003858801742748328 -0.2648918980945083
4.464 0.3108839770427428 0.1985619368813777 0.3147393225851986 0.4633352061355701 -0.003855345542455757 -0.2647732692541924
4.466 0.313569873069543 0.2029134534419141 0.3174217670527053 0.4675682000388843 -0.003851893983162351 -0.2646547465969702
4.468 0.3160212618342915 0.2074987790347884 0.3198697088908546 0.4720351090151594 -0.003848447056563143 -0.2645363299803711
4.47 0.3182113361425206 0.2122973841579428 0.3220563408968923 0.4767154034201219 -0.003845004754371732 -0.2644180192621791
4.472 0.3201157170374353 0.2172850559949878 0.3239572841057555 0.4815848702954202 -0.003841567068320238 -0.2642998143004324
4.474 0.3217130494750181 0.2224342372376473 0.3255511834651773 0.4866159521910702 -0.003838133990159251 -0.2641817149534229
4.476 0.3229855441449714 0.2277144777568806 0.3268202496566291 0.491778198836576 -0.003834705511657775 -0.2640637210796954
4.478 0.3239194407341073 0.2330929890635448 0.3277507223587104 0.497038821601592 -0.003831281624603187 -0.2639458325380472
4.48 0.3245053702477932 0.238535285376738 0.3283332325685944 0.5023633345642653 -0.003827862320801178 -0.2638280491875273
4.482 0.3247385980088763 0.2440058896640803 0.3285630456009521 0.5077162605515166 -0.003824447592075716 -0.2637103708874363
4.484 0.3246191344099574 0.2494690787381719 0.3284401718402264 0.5130618762354973 -0.003821037430268989 -0.2635927974973253
4.486 0.3241517070089757 0.2548896388016858 0.327969338836217 0.5183649676786818 -0.00381763182724136 -0.263475328876996
4.488 0.3233455946105627 0.2602336019979075 0.327159825385434 0.5235915668844066 -0.00381423077487131 -0.263357964886499
4.49 0.3222143309837943 0.265468935623857 0.3260251652488497 0.528709641009992 -0.003810834265055406 -0.2632407053861349
4.492 0.3207752922554298 0.2705661585839959 0.3245827345451381 0.5336897088204482 -0.003807442289708236 -0.2631235502364523
4.494 0.3190491872867315 0.2754988641106381 0.3228532421274938 0.5385053634088858 -0.003804054840762372 -0.2630064992982477
4.496 0.3170594741248052 0.2802441333178026 0.3208601460349735 0.5431336857503679 -0.003800671910168315 -0.2628895524325653
4.498 0.3148317277194688 0.2847828302753347 0.3186290212093633 0.5475555397760309 -0.003797293489894453 -0.2627727095006962
4.5 0.3123929844936685 0.2890997754649797 0.3161869040655955 0.5517557458291573 -0.00379391957192701 -0.2626559703641776
4.502 0.3097710881963269 0.2931838002283959 0.3135616383445969 0.5557231351131886 -0.003790550148269998 -0.2625393348847928
4.504 0.3069940590258296 0.2970276897569879 0.3107812442367748 0.5594504926815579 -0.003787185210945171 -0.26242280292457
4.506 0.3040895046468634 0.3006280260491605 0.3078733293988553 0.5629344003949428 -0.003783824751991977 -0.2623063743457823
4.508 0.3010840878222659 0.3039849449509328 0.3048645565857334 0.5661749939618799 -0.003780468763467515 -0.2621900490109471
4.51 0.2980030613187639 0.3071018229080928 0.3017801785562104 0.5691756496909178 -0.00377711723744648 -0.262073826782825
4.512 0.2948698768411558 0.3099849095058302 0.2986436470071769 0.5719426170302503 -0.003773770166021123 -0.26195770752442
4.514 0.2917058712498685 0.312642921440521 0.2954762987911697 0.5744846125394997 -0.0037704275413012 -0.2618416910989787
4.516 0.2885300303807152 0.3150866124863966 0.2922971197361291 0.5768123898563862 -0.003767089355413933 -0.2617257773699895
4.518 0.2853588284840042 0.3173283325260395 0.2891225840845081 0.5789382987272219 -0.003763755600503952 -0.2616099662011824
4.52 0.2822061396308653 0.3193815870290106 0.2859665658995985 0.5808758444855388 -0.003760426268733258 -0.2614942574565281
4.522 0.2790832163332379 0.3212606066755313 0.2828403176855191 0.5826392576757693 -0.003757101352281174 -0.261378651000238
4.524 0.2759987299829821 0.3229799352724527 0.2797525108263265 0.584243081969216 -0.003753780843344301 -0.2612631466967633
4.526 0.2729588674055383 0.324554042785211 0.2767093321396747 0.5857017871960055 -0.003750464734136465 -0.2611477444107945
4.528 0.2699674777088116 0.3259969692482397 0.2737146307257003 0.5870294132555005 -0.003747153016888682 -0.2610324440072608
4.53 0.2670262635596116 0.3273220045067677 0.2707701092434607 0.5882392498580976 -0.003743845683849104 -0.2609172453513299
4.532 0.2641350109349206 0.3285414081335782 0.2678755536622036 0.5893435564419853 -0.003740542727282979 -0.2608021483084071
4.534 0.2612918511998785 0.329666173374693 0.2650290953393512 0.5903533261188282 -0.003737244139472604 -0.2606871527441352
4.536 0.2584935490233997 0.3307058385102911 0.262227498936117 0.5912780970346844 -0.003733949912717276 -0.2605722585243933
4.538 0.2557358091635271 0.3316683484698554 0.2594664692028604 0.5921258139851524 -0.003730660039333253 -0.260457465515297
4.54 0.2530135945855814 0.3325599688220686 0.2567409690972351 0.5929027424052662 -0.00372737451165371 -0.2603427735831976
4.542 0.2503214477979592 0.3333852533039757 0.2540455411199879 0.5936134358986571 -0.003724093322028686 -0.2602281825946814
4.544 0.2476538068119973 0.3341470648283114 0.2513746232748224 0.5942607572448807 -0.003720816462825045 -0.2601136924165693
4.546 0.2450053068718859 0.3348466484262293 0.2487228507983123 0.5948459513421459 -0.003717543926426435 -0.2599993029159166
4.548 0.2423710591704312 0.3354837529042729 0.2460853348756644 0.5953687668642849 -0.00371427570523324 -0.259885013960012
4.55 0.2397468982568158 0.3360567962232677 0.2434579100484783 0.595827621639645 -0.003711011791662533 -0.2597708254163773
4.552 0.2371295908034033 0.336563067879946 0.2408373429815513 0.5962198050327129 -0.003707752178148034 -0.2596567371527669
4.554 0.2345169998279264 0.3369989600444125 0.2382214966850665 0.5965417090815799 -0.00370449685714007 -0.2595427490371674
4.556 0.231908200308691 0.3373602180304884 0.2356094461297966 0.5967890789682853 -0.00370124582110553 -0.2594288609377969
4.558 0.2293035442721935 0.3376421999799499 0.2330015433347213 0.5969572727030544 -0.003697999062527818 -0.2593150727231045
4.56 0.22670467572369 0.3378401355117953 0.2303994322975968 0.5970415197735651 -0.003694756573906807 -0.2592013842617699
4.562 0.2241144980547258 0.3379493735544047 0.2278060164024846 0.5970371689771075 -0.003691518347758808 -0.2590877954227028
4.564 0.2215370986209625 0.3379656106112752 0.225225382997579 0.5969399166863177 -0.003688284376616514 -0.2589743060750426
4.566 0.2189776368820965 0.337885092222306 0.2226626915351254 0.5967460083104636 -0.003685054653028963 -0.2588609160881576
4.568 0.2164422037143348 0.3377047822400344 0.2201240328838963 0.5964524075716792 -0.003681829169561495 -0.2587476253316447
4.57 0.2139376601795533 0.3374224965833474 0.217616268098349 0.5960569302586762 -0.003678607918795706 -0.2586344336753288
4.572 0.2114714641535602 0.337037000193279 0.2151468550468896 0.5955583411825415 -0.00367539089332941 -0.2585213409892625
4.574 0.2090514928193508 0.3365480678416651 0.2127236709051274 0.5949564149853903 -0.003672178085776594 -0.2584083471437252
4.576 0.2066858682054127 0.3359565111078168 0.2103548376941801 0.5942519631170399 -0.003668969488767374 -0.2582954520092231
4.578 0.2043827918052659 0.3352641751530751 0.2080485569002138 0.5934468306095633 -0.003665765094947954 -0.2581826554564882
4.58 0.2021503929760811 0.3344739098430981 0.2058129578730617 0.5925438671995764 -0.003662564896980588 -0.2580699573564783
4.582 0.1999965944032249 0.3335895202878107 0.2036559632907685 0.591546877868187 -0.003659368887543532 -0.2579573575803763
4.584 0.1979289965412825 0.3326157020184444 0.2015851736006135 0.5904605580180339 -0.003656177059331002 -0.2578448559995895
4.586 0.1959547816839113 0.3315579658529265 0.1996077710889644 0.5892904183386757 -0.00365298940505314 -0.2577324524857492
4.588 0.1940806372349353 0.3304225570831726 0.1977304431523713 0.5880427039938834 -0.003649805917435964 -0.2576201469107108
4.59 0.1923126968843618 0.329216373023614 0.1959593234735831 0.5867243121701663 -0.00364662658922133 -0.2575079391465523
4.592 0.1906564977450477 0.3279468822588478 0.1942999491582146 0.5853427113244224 -0.003643451413166889 -0.2573958290655746
4.594 0.1891169510713389 0.3266220481813551 0.1927572314533849 0.5839058647216558 -0.003640280382046049 -0.2572838165403007
4.596 0.1876983239394355 0.3252502586677886 0.1913354374280834 0.5824221601112638 -0.003637113488647932 -0.2571719014434752
4.598 0.1864042291910804 0.3238402630401398 0.1900381799168577 0.580900346688204 -0.003633950725777332 -0.2570600836480642
4.6 0.1852376209965642 0.3224011168209487 0.1888684130828188 0.5793494798482026 -0.003630792086254676 -0.2569483630272539
4.602 0.1842007935491766 0.3209421342327076 0.1878284311120926 0.577778873687159 -0.003627637562915979 -0.2568367394544513
4.604 0.1832953806321213 0.3194728479141953 0.1869198677807341 0.5761980607174783 -0.003624487148612813 -0.256725212803283
4.606 0.1825223540786845 0.3180029749288378 0.1861436949148967 0.5746167578764324 -0.003621340836212256 -0.2566137829475946
4.608 0.1818820194587331 0.3165423878161295 0.1855002180773299 0.5730448375775804 -0.003618198618596856 -0.2565024497614509
4.61 0.1813740076572036 0.315101089177079 0.1849890681458682 0.5714923022962137 -0.003615060488664589 -0.2563912131191348
4.612 0.1809972613564709 0.3136891880808392 0.1846091877957998 0.5699692609759862 -0.003611926439328829 -0.256280072895147
4.614 0.1807500157912414 0.3123168764244229 0.1843588122547596 0.5684859053886288 -0.003608796463518288 -0.2561690289642058
4.616 0.1806297735126974 0.3109944032647314 0.1842354440668744 0.5670524844659778 -0.003605670554176996 -0.2560580812012463
4.618 0.1806332732807635 0.3097320450708705 0.1842358219850277 0.5656792745522905 -0.003602548704264248 -0.25594722948142
4.62 0.1807564536035797 0.3085400698161671 0.1843558845103343 0.5643765434962613 -0.003599430906754573 -0.2558364736800943
4.622 0.1809944118649278 0.3074286928484301 0.1845907290195655 0.5631545065212824 -0.003596317154637689 -0.2557258136728523
4.624 0.1813413604258416 0.3064080225537444 0.1849345678667601 0.5620232718892364 -0.003593207440918465 -0.255615249335492
4.626 0.1817905815542403 0.3054879939764003 0.1853806833128571 0.5609927745204263 -0.00359010175861688 -0.255504780544026
4.628 0.1823343835212185 0.3046782887906394 0.1859213836219865 0.5600726959653206 -0.003587000100767995 -0.2553944071746812
4.63 0.1829640606926327 0.3039882403569083 0.1865479631530546 0.5592723694608062 -0.003583902460421893 -0.2552841291038979
4.632 0.1836698609206837 0.3034267230538768 0.1872506697513273 0.5586006692622064 -0.003580808830643658 -0.2551739462083296
4.634 0.1844409639759985 0.3030020256723879 0.1880186831805118 0.5580658840372306 -0.00357771920451333 -0.2550638583648427
4.636 0.1852654751194503 0.3027217093997414 0.1888401086945762 0.5576755748502572 -0.003574633575125869 -0.2549538654505158
4.638 0.186130438150645 0.3025924518139049 0.1897019900862361 0.5574364191565442 -0.003571551935591108 -0.2548439673426393
4.64 0.1870218723360115 0.302619879336357 0.1905903466150452 0.557354043255072 -0.003568474279033723 -0.254734163918715
4.642 0.1879248374584062 0.3028083917332371 0.1914902380569994 0.5574328467896925 -0.003565400598593192 -0.2546244550564554
4.644 0.1888235307882666 0.3031609834608209 0.1923858616756904 0.5576758240946047 -0.003562330887423761 -0.2545148406337838
4.646 0.189701419007922 0.303679067855566 0.1932606841466164 0.5580843883843992 -0.003559265138694396 -0.2544053205288332
4.648 0.1905414069942495 0.3043623112824905 0.1940976103398383 0.558658205902437 -0.003556203345588752 -0.2542958946199465
4.65 0.1913260438738463 0.3052084852708689 0.1948791893751514 0.5593950480565441 -0.003553145501305137 -0.2541865627856752
4.652 0.1920377649365485 0.30621334526469 0.195587856535605 0.5602906701694699 -0.003550091599056468 -0.2540773249047799
4.654 0.1926591658930786 0.3073705447764261 0.1962062075251488 0.5613387256326552 -0.003547041632070239 -0.2539681808562291
4.656 0.1931733037012046 0.3086715933488696 0.1967172992947931 0.5625307238680688 -0.003543995593588476 -0.2538591305191992
4.658 0.1935640159143726 0.3101058657230108 0.1971049693912403 0.5638560394960846 -0.003540953476867711 -0.2537501737730739
4.66 0.1938162484131623 0.311660667947573 0.1973541636883412 0.5653019784450167 -0.003537915275178936 -0.2536413104974437
4.662 0.1939163796675299 0.313321363875408 0.1974512606493375 0.5668539044475138 -0.003534880981807567 -0.2535325405721058
4.664 0.1938525285500803 0.3150715626721665 0.1973843791401337 0.5684954265492294 -0.003531850590053406 -0.2534238638770628
4.666 0.193614832350277 0.316893364780414 0.1971436564435076 0.5702086450729374 -0.003528824093230609 -0.2533152802925234
4.668 0.1931956821470286 0.3187676604665819 0.1967214836316962 0.5719744501654832 -0.003525801484667648 -0.2532067896989013
4.67 0.1925899041244462 0.3206744718993028 0.1961126868821535 0.5737728638761173 -0.003522782757707268 -0.2530983919768145
4.672 0.1917948777136298 0.3225933269467106 0.1953146456193363 0.5755834139537961 -0.003519767905706456 -0.2529900870070855
4.674 0.1908105844688098 0.3245036507969258 0.1943273413908462 0.5773855254676665 -0.003516756922036403 -0.2528818746707407
4.676 0.1896395851127588 0.3263851603055447 0.1931533349128413 0.5791589151545543 -0.00351374980008247 -0.2527737548490097
4.678 0.1882869259281538 0.3282182457759056 0.191797672461398 0.5808839731992305 -0.003510746533244147 -0.2526657274233249
4.68 0.1867599793173027 0.3299843257024481 0.1902677264322377 0.5825421179777694 -0.003507747114935019 -0.2525577922753213
4.682 0.1850682266019507 0.3316661617724368 0.1885729781405334 0.5841161110592729 -0.00350475153858273 -0.2524499492868361
4.684 0.1832229937354084 0.3332481239503671 0.1867247535330374 0.585590322290275 -0.003501759797628952 -0.2523421983399079
4.686 0.1812371523742043 0.3347163985210796 0.1847359242597336 0.5869509378378562 -0.003498771885529339 -0.2522345393167766
4.688 0.1791247996193705 0.3360591352646523 0.182620587415124 0.5881861073645351 -0.003495787795753495 -0.2521269720998828
4.69 0.1769009296974486 0.3372665332003011 0.1803937372192336 0.5892860297721686 -0.003492807521784944 -0.2520194965718675
4.692 0.1745811100006245 0.3383308673204076 0.1780709410577456 0.5902429799359791 -0.003489831057121088 -0.2519121126155715
4.694 0.1721811723994867 0.3392464612472508 0.1756680307947599 0.5910512813612862 -0.003486858395273178 -0.2518048201140353
4.696 0.1697169287761748 0.3400096126587286 0.1732008183059411 0.5917072316092269 -0.003483889529766267 -0.2516976189504982
4.698 0.1672039175065864 0.3406184795916313 0.1706848419607256 0.5922089886000297 -0.003480924454139185 -0.2515905090083984
4.7 0.1646571853427055 0.3410729363532414 0.16813514850465 0.5925564265246134 -0.003477963161944505 -0.2514834901713719
4.702 0.1620911069766797 0.3413744078168438 0.1655661126234282 0.5927509701400968 -0.003475005646748501 -0.2513765623232531
4.704 0.159519242633936 0.3415256904428568 0.1629912945360672 0.59279541579093 -0.003472051902131114 -0.2512697253480732
4.706 0.1569542324247687 0.3415307675726139 0.1604233343464547 0.5926937467026744 -0.003469101921685919 -0.2511629791300605
4.708 0.1544077249248811 0.3413946255071995 0.1578738806239012 0.5924509490608397 -0.003466155699020096 -0.2510563235536403
4.71 0.1518903365584642 0.3411230757225205 0.1553535497862185 0.5920728342259538 -0.003463213227754387 -0.2509497585034333
4.712 0.1494116378009207 0.3407225873806202 0.1528719123024438 0.5915658712448765 -0.003460274501523061 -0.2508432838642563
4.714 0.1469801619584265 0.3402001331524645 0.1504375014724004 0.5909370326735859 -0.003457339513973884 -0.2507368995211214
4.716 0.1446034322667439 0.3395630503233275 0.148057840525512 0.590193655682563 -0.003454408258768089 -0.2506306053592355
4.718 0.1422880032255393 0.3388189182426967 0.1457394839551196 0.5893433195066967 -0.00345148072958033 -0.250524401264
4.72 0.1400395123917663 0.3379754524225954 0.1434880693118649 0.5883937395436056 -0.003448556920098658 -0.2504182871210102
4.722 0.1378627392486197 0.3370404149836893 0.1413083760726442 0.5873526777997445 -0.003445636824024479 -0.2503122628160552
4.724 0.1357616682037598 0.3360215406897232 0.1392043886388323 0.5862278689248407 -0.003442720435072531 -0.2502063282351175
4.726 0.1337395532186307 0.3349264774827926 0.1371793609656015 0.5850269607471645 -0.003439807746970836 -0.2501004832643719
4.728 0.1317989820060977 0.3337627402162011 0.1352358807595583 0.5837574680063872 -0.00343689875346068 -0.2499947277901861
4.73 0.1299419381394521 0.3325376761583816 0.1333759315877487 0.5824267378575011 -0.003433993448296568 -0.2498890616991195
4.732 0.1281698597810774 0.3312584407904691 0.1316009516063236 0.5810419256683924 -0.0034310918252462 -0.2497834848779234
4.734 0.1264836940594376 0.3299319824235822 0.1299118879375281 0.5796099796371224 -0.003428193878090432 -0.2496779972135401
4.736 0.1248839463975333 0.3285650342037397 0.1283092459981565 0.5781376327968424 -0.003425299600623241 -0.2495725985931026
4.738 0.12337072432586 0.3271641121383989 0.1267931333125117 0.5766314010423335 -0.003422408986651698 -0.2494672889039346
4.74 0.1219437755031385 0.3257355178583217 0.1253632975331344 0.5750975858918712 -0.003419522029995932 -0.2493620680335495
4.742 0.1206025198237696 0.3242853449131277 0.1240191585482587 0.5735422807827781 -0.003416638724489094 -0.2492569358696505
4.744 0.1193460756178418 0.3228194874817235 0.1227598346818191 0.5719713797818534 -0.003413759063977328 -0.2491518923001299
4.746 0.1181732800545874 0.3213436504560259 0.1215841630969072 0.5703905876690945 -0.003410883042319734 -0.2490469372130686
4.748 0.1170827039496601 0.3198633599255049 0.1204907146030485 0.5688054304222412 -0.003408010653388345 -0.2489420704967364
4.75 0.1160726612563271 0.3183839731497591 0.1194778031473952 0.5672212651893496 -0.003405141891068081 -0.2488372920395905
4.752 0.1151412135968959 0.3169106871577855 0.1185434903461526 0.5656432888880618 -0.003402276749256726 -0.2487326017302763
4.754 0.1142861702682721 0.3154485451577815 0.117685585490137 0.5640765446154073 -0.00339941522186489 -0.2486279994576259
4.756 0.1135050842388086 0.3140024399829092 0.1169016415416246 0.5625259250935676 -0.003396557302815979 -0.2485234851106584
4.758 0.1127952447462482 0.3125771138414747 0.1161889477322944 0.5609961724200543 -0.003393702986046169 -0.2484190585785796
4.76 0.1121536672106941 0.3111771536897673 0.1155445194761984 0.5594918734405481 -0.00339085226550436 -0.2483147197507808
4.762 0.1115770812929934 0.309806981608523 0.1149650864281455 0.5580174501253625 -0.003388005135152157 -0.2482104685168395
4.764 0.1110619180566805 0.3084708396470342 0.1144470796456444 0.5565771444135522 -0.003385161588963826 -0.248106304766518
4.766 0.1106042973276471 0.3071727687102043 0.1139866189485734 0.5551749970999681 -0.003382321620926279 -0.2480022283897638
4.768 0.1102000164839552 0.3059165812102501 0.1135795017089943 0.5538148204869588 -0.003379485225039024 -0.2478982392767087
4.77 0.10984454204043 0.304705827393674 0.1132211944357441 0.5525001647113426 -0.003376652395314142 -0.2477943373176686
4.772 0.1095330055068829 0.3035437554907569 0.1129068286326591 0.5512342778939 -0.003373823125776258 -0.2476905224031432
4.774 0.1092602050805795 0.3024332661213675 0.1126312024910421 0.5500200605451828 -0.003370997410462505 -0.2475867944238154
4.776 0.1090206147654659 0.3013768617261925 0.1123887900088884 0.5488600149967436 -0.003368175243422493 -0.2474831532705511
4.778 0.1088084024738278 0.3003765921702506 0.112173759092546 0.5477561910046496 -0.003365356618718278 -0.2473795988343989
4.78 0.1086174585410649 0.2994339980720003 0.1119800000714893 0.5467101290785896 -0.003362541530424331 -0.2472761310065893
4.782 0.1084414358536169 0.2985500538268617 0.1118011658262444 0.5457228035053966 -0.003359729972627513 -0.2471727496785349
4.784 0.1082738024404411 0.2977251126904699 0.1116307243798681 0.5447945674322993 -0.00335692193942703 -0.2470694547418294
4.786 0.1081079069038583 0.296958856629417 0.1114620243287927 0.5439251027176648 -0.003354117424934414 -0.2469662460882478
4.788 0.1079370564703671 0.2962502538961412 0.1112883728936406 0.5431133775058868 -0.003351316423273488 -0.2468631236097456
4.79 0.1077546067436428 0.2955975273979735 0.1111031256722231 0.5423576145964322 -0.003348518928580336 -0.2467600871984586
4.792 0.1075540614725305 0.2949981368686107 0.1108997864075338 0.5416552736153134 -0.003345724935003272 -0.2466571367467027
4.794 0.1073291798537253 0.2944487775820903 0.1106721142904281 0.5410030497290634 -0.003342934436702806 -0.2465542721469731
4.796 0.1070740881320748 0.2939453978569021 0.1104142355599264 0.5403968911488463 -0.003340147427851621 -0.2464514932919442
4.798 0.1067833916104358 0.2934832368823254 0.1101207555130703 0.5398320369567946 -0.003337363902634535 -0.2463488000744692
4.8 0.1064522827064114 0.2930568834852932 0.1097868665616599 0.5393030758728731 -0.003334583855248478 -0.2462461923875799
4.802 0.1060766404604618 0.2926603553928745 0.1094084477403642 0.5388040255173604 -0.003331807279902454 -0.2461436701244858
4.804 0.1056531169576463 0.2922871974048441 0.1089821511284638 0.5383284305834185 -0.003329034170817513 -0.2460412331785744
4.806 0.1051792064992476 0.2919305957615793 0.1085054710214744 0.5378694772049896 -0.003326264522226731 -0.2459388814434103
4.808 0.1046532940457019 0.2915835049718156 0.1079767923740771 0.5374201197845506 -0.003323498328375162 -0.2458366148127351
4.81 0.1040746804112025 0.2912387825467296 0.1073954159947223 0.5369732157271966 -0.003320735583519824 -0.2457344331804669
4.812 0.1034435828545353 0.2908893265502103 0.106761559136465 0.5365216629909104 -0.003317976281929657 -0.2456323364407001
4.814 0.1027611109880744 0.2905282106736063 0.10607633140596 0.5360585351613114 -0.003315220417885506 -0.245530324487705
4.816 0.1020292192115005 0.290148811696831 0.1053416871971806 0.5355772089127583 -0.003312467985680081 -0.2454283972159272
4.818 0.1012506380619244 0.2897449246909365 0.1045603570415423 0.5350714792109239 -0.00330971897961793 -0.2453265545199874
4.82 0.100428787863054 0.2893108621005994 0.1037357612570694 0.5345356583952806 -0.003306973394015411 -0.2452247962946812
4.822 0.09956767878114617 0.2888415338423295 0.1028719100043468 0.5339646562773079 -0.003304231223200664 -0.2451231224349785
4.824 0.09867180181258414 0.2883325066727661 0.1019732942740977 0.5333540395087893 -0.00330149246151358 -0.2450215328360232
4.826 0.09774601532831129 0.2877800422238943 0.1010447724316171 0.5327000696170273 -0.00329875710330577 -0.244920027393133
4.828 0.09679543160572621 0.2871811141778617 0.1000914567486667 0.5319997201796602 -0.003296025142940535 -0.2448186060017985
4.83 0.09582530733536862 0.2865334059888655 0.09911860391016147 0.5312506745465493 -0.003293296574792847 -0.2447172685576839
4.832 0.0948409414614822 0.2858352913011207 0.0981315128547315 0.5304513062577461 -0.003290571393249306 -0.2446160149566253
4.834 0.0938475829732439 0.2850857997326464 0.09713543256595202 0.5296006448272779 -0.003287849592708119 -0.2445148450946315
4.836 0.09285035047648815 0.2842845709902483 0.09613548164406722 0.5286983298581313 -0.003285131167579071 -0.2444137588678829
4.838 0.09185416460627187 0.2834318003673646 0.09513658071855537 0.5277445565400963 -0.003282416112283497 -0.2443127561727317
4.84 0.09086369363782394 0.2825281785837073 0.09414339805907819 0.5267400154894083 -0.003279704421254249 -0.2442118369057011
4.842 0.08988331205104055 0.2815748286924595 0.09316030813997622 0.5256858296559445 -0.003276996088935671 -0.2441110009634849
4.844 0.08891707132153105 0.2805732424493212 0.09219136243131462 0.524583490692269 -0.003274291109783568 -0.2440102482429477
4.846 0.08796868185527139 0.2795252181485879 0.09124027133353657 0.5234347967897119 -0.003271589478265181 -0.2439095786411241
4.848 0.08704150474891675 0.2784328015201338 0.09031039593777591 0.5222417935753522 -0.003268891188859158 -0.2438089920552184
4.85 0.08613855193175217 0.2772982308770041 0.08940474816780769 0.5210067192596084 -0.003266196236055522 -0.2437084883826043
4.852 0.08526249321095077 0.276123887328062 0.08852599782530642 0.5197319548488867 -0.003263504614355648 -0.2436080675208247
4.854 0.08441566877951162 0.2749122505375993 0.08767648509778385 0.5184199799051903 -0.003260816318272233 -0.243507729367591
4.856 0.08360010583728003 0.2736658602322247 0.08685823717960929 0.5170733340530079 -0.003258131342329264 -0.2434074738207832
4.858 0.08281753810199287 0.2723872834272363 0.08607298778305487 0.5156945842056854 -0.003255449681061999 -0.2433073007784491
4.86 0.08206942713372867 0.2710790871679817 0.08532219846274559 0.5142862973067859 -0.003252771329016929 -0.2432072101388042
4.862 0.08135698455046926 0.2697438164525188 0.08460708083122102 0.5128510182527503 -0.003250096280751758 -0.2431072018002315
4.864 0.08068119436507361 0.2683839769142525 0.08392861889590898 0.5113912525755334 -0.003247424530835374 -0.2430072756612809
4.866 0.08004283481787391 0.2670020217898078 0.08328759089172173 0.5099094534104767 -0.003244756073847816 -0.2429074316206688
4.868 0.07944249921011236 0.2656003426716544 0.08268459011449261 0.5084080122489325 -0.003242090904380254 -0.2428076695772781
4.87 0.07888061535931531 0.2641812635406779 0.08212004437635027 0.5068892529708355 -0.003239429017034957 -0.2427079894301576
4.872 0.07835746339707753 0.2627470375841882 0.08159423380350279 0.5053554286627097 -0.003236770406425267 -0.2426083910785215
4.874 0.07787319171346939 0.2612998463255312 0.08110730678064496 0.5038087207472809 -0.003234115067175571 -0.2425088744217498
4.876 0.07742783092127199 0.2598418006181729 0.08065929391519326 0.5022512399775596 -0.003231462993921275 -0.2424094393593867
4.878 0.07702130576906061 0.2583749430859299 0.08025011995036938 0.5006850288770717 -0.003228814181308777 -0.2423100857911418
4.88 0.07665344497703767 0.2569012516199456 0.07987961360103311 0.4991120652368339 -0.003226168623995438 -0.2422108136168883
4.882 0.07632398900554373 0.2554226435702863 0.07954751532219329 0.4975342663069501 -0.003223526316649559 -0.2421116227366638
4.884 0.07603259579544894 0.2539409802936372 0.07925348304939929 0.4959534933443063 -0.003220887253950346 -0.2420125130506691
4.886 0.07577884454452362 0.252458071738709 0.07899709597511151 0.4943715561979777 -0.003218251430587896 -0.2419134844592686
4.888 0.07556223760643721 0.2509756807672138 0.07877785644770037 0.4927902176302033 -0.003215618841263157 -0.2418145368629895
4.89 0.07538220062112309 0.2494955269205048 0.07859519010181101 0.4912111970830263 -0.003212989480687913 -0.2417156701625215
4.892 0.07523808100884938 0.2480192893513166 0.07844844435243413 0.4896361736100331 -0.003210363343584746 -0.2416168842587166
4.894 0.07512914498695419 0.2465486086478307 0.07833688541164122 0.4880667877004195 -0.00320774042468702 -0.2415181790525888
4.896 0.07505457329919837 0.2450850872841692 0.07825969401793723 0.486504641729483 -0.003205120718738848 -0.2414195544453138
4.898 0.0750134558841275 0.2436302884401443 0.07821596010462256 0.4849512987783726 -0.003202504220495068 -0.2413210103382283
4.9 0.07500478575126604 0.2421857329458095 0.07820467667598725 0.4834082795786396 -0.003199890924721216 -0.2412225466328301
4.902 0.07502745238243504 0.2407528941251259 0.07822473320862854 0.4818770573559035 -0.003197280826193502 -0.2411241632307776
4.904 0.07508023502937004 0.239333190341475 0.07827490894906883 0.4803590503753645 -0.003194673919698781 -0.2410258600338895
4.906 0.0751617963365071 0.2379279750888794 0.07835386653654162 0.4788556120330238 -0.003192070200034526 -0.2409276369441443
4.908 0.07527067677691923 0.2365385245289771 0.07846014643892804 0.4773680183926576 -0.003189469662008808 -0.2408294938636805
4.91 0.07540529044604111 0.2351660224486306 0.07859216274648137 0.4758974531434261 -0.003186872300440267 -0.2407314306947955
4.912 0.07556392280723633 0.2338115427083893 0.0787482009173944 0.4744449900483352 -0.00318427811015808 -0.2406334473399459
4.914 0.07574473101920266 0.2324760293684046 0.07892641810520461 0.4730115730701516 -0.003181687086001944 -0.240535543701747
4.916 0.07594574749047124 0.2311602748157128 0.07912484671329328 0.4715979944986849 -0.003179099222822048 -0.2404377196829721
4.918 0.07616488729289309 0.2298648963723334 0.07934140180837214 0.4702048715588865 -0.003176514515479047 -0.2403399751865531
4.92 0.07639996001601335 0.2285903120311596 0.07957389297485738 0.4688326221467388 -0.003173932958844035 -0.2402423101155792
4.922 0.07664868655025552 0.2273367161384968 0.07982004109805403 0.4674814405117937 -0.003171354547798518 -0.240144724373297
4.924 0.07690872114325223 0.2261040560065215 0.08007750042048663 0.4661512738696316 -0.003168779277234394 -0.2400472178631101
4.926 0.0771776788781109 0.2248920105809137 0.08034388602016483 0.4648418010694929 -0.003166207142053928 -0.2399497904885792
4.928 0.07745316847654175 0.2236999723924936 0.08061680661371147 0.4635524145459146 -0.003163638137169716 -0.239852442153421
4.93 0.07773283004077078 0.2225270340693297 0.08089390229827545 0.4622822068308383 -0.003161072257504677 -0.2397551727615085
4.932 0.07801437702952498 0.2213719806605601 0.08117288652751699 0.4610299628774305 -0.003158509497992006 -0.2396579822168704
4.934 0.07829564143455224 0.220233288912572 0.08145159128812741 0.4597941593362631 -0.003155949853575177 -0.2395608704236911
4.936 0.07857462081013093 0.2191091344344765 0.08172801412933882 0.4585729717207865 -0.003153393319207891 -0.23946383728631
4.938 0.07884952553767791 0.2179974073933275 0.08200036542753197 0.4573642901025486 -0.003150839889854066 -0.2393668827092212
4.94 0.07911882451028304 0.216895737000649 0.08226711407077085 0.4561657435977224 -0.003148289560487808 -0.2392700065970734
4.942 0.07938128732483353 0.2158015246108751 0.08252702965092693 0.454974733465545 -0.003145742326093392 -0.2391732088546699
4.944 0.07963602109289894 0.214711984778806 0.08277921927456416 0.4537884741657733 -0.003143198181665226 -0.2390764893869673
4.946 0.07988250013634 0.2136241931542593 0.08302315725854784 0.4526040412533355 -0.003140657122207837 -0.2389798480990762
4.948 0.08012058711765831 0.2125351396682246 0.08325870626039414 0.451418424564485 -0.003138119142735838 -0.2388832848962604
4.95 0.08035054455302879 0.2114417851246858 0.0834861287913027 0.4502285848086225 -0.003135584238273917 -0.2387867996839367
4.952 0.08057303613936208 0.2103411190891539 0.08370608854321887 0.4490315114568283 -0.003133052403856793 -0.2386903923676744
4.954 0.08078911785728846 0.2092302168810425 0.08391964149181767 0.447824279734238 -0.00313052363452921 -0.2385940628531955
4.956 0.08100021934582254 0.2081062935406045 0.08412821727116844 0.446604104586978 -0.003127997925345899 -0.2384978110463735
4.958 0.08120811653706622 0.2069667528462045 0.08433359180843779 0.4453683896994387 -0.003125475271371566 -0.2384016368532342
4.96 0.08141489695145816 0.2058092297833592 0.08453785261913901 0.4441147699633139 -0.003122955667680858 -0.2383055401799547
4.962 0.08162291935559299 0.2046316252821929 0.08474335846495133 0.4428411462150559 -0.003120439109358343 -0.238209520932863
4.964 0.08183476965825304 0.2034321325055256 0.08495269524975152 0.4415457115239638 -0.003117925591498485 -0.2381135790184382
4.966 0.08205321496203639 0.2022092544457991 0.08516863007124202 0.4402269687891088 -0.003115415109205624 -0.2380177143433097
4.968 0.08228115760672315 0.2009618130377654 0.0853940652643171 0.4388837398520228 -0.003112907657593949 -0.2379219268142575
4.97 0.0825215908557731 0.1996889503839196 0.08563199408756056 0.4375151667221305 -0.003110403231787467 -0.2378262163382109
4.972 0.08277755761518898 0.1983901229996524 0.08588545944210899 0.4361207058219019 -0.003107901826919996 -0.2377305828222495
4.974 0.08305211326389726 0.19706509020362 0.08615751670203239 0.4347001163772219 -0.003105403438135127 -0.2376350261736019
4.976 0.08334829334586207 0.1957138979034043 0.08645120140644827 0.4332534442030499 -0.003102908060586207 -0.2375395462996456
4.978 0.08366908655189946 0.1943368590643004 0.08676950224133577 0.4317810021722075 -0.003100415689436312 -0.2374441431079071
4.98 0.08401741312402213 0.1929345321123816 0.08711533944388035 0.4302833486184426 -0.003097926319858225 -0.237348816506061
4.982 0.08439610856151851 0.1915076984275034 0.08749154850855292 0.4287612648294338 -0.003095439947034419 -0.2372535664019304
4.984 0.08480791230364351 0.1900573399455251 0.08790086886980053 0.4272157326490112 -0.003092956566157021 -0.237158392703486
4.986 0.0852554609113767 0.1885846177286183 0.0883459370838045 0.4256479130474645 -0.003090476172427798 -0.2370632953188461
4.988 0.08574128516815373 0.1870908521922353 0.08882928392921186 0.4240591263485115 -0.00308799876105813 -0.2369682741562762
4.99 0.08626781046158313 0.1855775055099373 0.08935333478885213 0.422450834634126 -0.003085524327268992 -0.2368733291241888
4.992 0.0868373597875487 0.1840461665615734 0.08992041265383963 0.4208246266927163 -0.003083052866290924 -0.236778460131143
4.994 0.08745215872703903 0.1824985386515898 0.09053274310040305 0.419182205737434 -0.003080584373364012 -0.2366836670858442
4.996 0.08811434177619651 0.1809364301063143 0.09119246061993437 0.4175253800034583 -0.003078118843737862 -0.236588949897144
4.998 0.08882595945402605 0.1793617477626783 0.09190161572669764 0.4158560562367181 -0.003075656272671586 -0.2364943084740398
5 0.08958898566381171 0.1777764932846747 0.09266218231924547 0.414176236010349 -0.003073196655433766 -0.2363997427256743
5.002 0.09040532483802889 0.1761827621863918 0.09347606482533133 0.4124880147477272 -0.00307073998730244 -0.2363052525613355
5.004 0.09127681844848862 0.17458274539903 0.09434510471205369 0.4107935832894863 -0.003068286263565079 -0.2362108378904562
5.006 0.0922052505110173 0.1729787331900737 0.09527108599053587 0.4090952318126878 -0.00306583547951856 -0.236116498622614
5.008 0.09319235175512909 0.1713731212231541 0.09625573938559824 0.4073953558906848 -0.003063387630469149 -0.2360222346675308
5.01 0.09423980216292754 0.1697684185339514 0.09730074487466002 0.4056964644690236 -0.003060942711732475 -0.2359280459350723
5.012 0.0953492316079885 0.1681672571872423 0.098407732326622 0.4040011895224904 -0.003058500718633505 -0.2358339323352481
5.014 0.09652221834438257 0.1665724033707059 0.0995782799908891 0.4023122971489173 -0.003056061646506529 -0.2357398937782113
5.016 0.0977602851088839 0.1649867696702955 0.100813910599579 0.4006326998445537 -0.003053625490695133 -0.2356459301742583
5.018 0.09906489260759099 0.1634134282568704 0.1021160848541432 0.3989654696906983 -0.003051192246552176 -0.2355520414338279
5.02 0.1004374301626686 0.1618556246934489 0.1034861920721083 0.3973138521609511 -0.00304876190943977 -0.2354582274675022
5.022 0.1018792032973812 0.1603167920453853 0.1049255377721104 0.3956812802313903 -0.003046334474729256 -0.235364488186005
5.024 0.1033914180407324 0.1588005649400243 0.1064353279785336 0.3940713884402268 -0.003043909937801187 -0.2352708235002025
5.026 0.104975161738679 0.1573107931778251 0.1080166500327243 0.3924880264989277 -0.003041488294045298 -0.2351772333211026
5.028 0.1066313801695335 0.1558515544428991 0.109670449708394 0.3909352720027536 -0.003039069538860491 -0.2350837175598545
5.03 0.1083608507806657 0.1544271655965291 0.1113975044483205 0.3894174417242779 -0.003036653667654806 -0.2349902761277489
5.032 0.1101641518945178 0.1530421919635748 0.1131983925703632 0.3879391008997919 -0.003034240675845412 -0.2348969089362171
5.034 0.1120416277781336 0.1517014539394542 0.1150734583369922 0.3865050698362855 -0.003031830558858569 -0.2348036158968313
5.036 0.1139933495364271 0.1504100301559816 0.1170227728485568 0.3851204270772854 -0.003029423312129617 -0.2347103969213038
5.038 0.1160190718792682 0.1491732563509064 0.1190460908103712 0.3837905082723936 -0.003027018931102952 -0.2346172519214873
5.04 0.1181181859301289 0.1479967189925893 0.1211428033413609 0.3825208998019632 -0.003024617411232005 -0.2345241808093739
5.042 0.1202896683950157 0.1468862426228576 0.1233118871429949 0.3813174261199532 -0.003022218747979217 -0.2344311834970956
5.044 0.1225320275976177 0.145847869805419 0.1255518505344337 0.3801861297023424 -0.003019822936816023 -0.2343382598969234
5.046 0.1248432471128824 0.1448878325136073 0.1278606770861052 0.3791332424348746 -0.003017429973222826 -0.2342454099212674
5.048 0.1272207279990565 0.144012513770309 0.1302357678517455 0.3781651472529853 -0.003015039852688977 -0.2341526334826762
5.05 0.1296612309355099 0.1432283983788496 0.1326738835062226 0.3772883288726869 -0.003012652570712757 -0.2340599304938372
5.052 0.1321608199162921 0.1425420116712853 0.1351710880390935 0.376509312538861 -0.00301026812280135 -0.2339673008675757
5.054 0.1347148095198143 0.1419598453662979 0.1377226960242852 0.3758345898831527 -0.003007886504470827 -0.2338747445168548
5.056 0.1373177181579646 0.1414882698901361 0.1403232258692107 0.3752705312449114 -0.003005507711246122 -0.2337822613547753
5.058 0.1399632300845372 0.14113343288622 0.1429663618231982 0.3748232841807952 -0.003003131738661011 -0.2336898512945753
5.06 0.1426441692844819 0.1409011441353994 0.14564492786674 0.3744986583850294 -0.003000758582258094 -0.23359751424963
5.062 0.1453524886392738 0.1407967477366116 0.1483508768768626 0.374301997870063 -0.002998388237588768 -0.2335052501334514
5.064 0.1480792779273792 0.1408249831561777 0.1510752986275924 0.3742380420158658 -0.002996020700213216 -0.2334130588596881
5.066 0.1508147942264606 0.1409898376304397 0.153808450192161 0.3743107779725645 -0.002993655965700377 -0.2333209403421248
5.068 0.1535485180883704 0.1412943933738475 0.1565398121179983 0.3745232878685296 -0.002991294029627928 -0.2332288944946821
5.07 0.1562692384121518 0.1417406740584553 0.159258173299734 0.3748775952898717 -0.002988934887582262 -0.2331369212314165
5.072 0.1589651682069559 0.1423294960280072 0.1619517467421143 0.3753745164945272 -0.002986578535158477 -0.23304502046652
5.074 0.1616240923943953 0.1430603306097807 0.1646083173623556 0.3760135227241003 -0.002984224967960341 -0.2329531921143195
5.076 0.1642335474478677 0.143931184594541 0.167215421629468 0.3767926206838181 -0.002981874181600278 -0.2328614360892771
5.078 0.1667810310357644 0.1449385063659071 0.1697605572074638 0.3777082586718964 -0.002979526171699351 -0.2327697523059894
5.08 0.1692542379926986 0.1460771251734888 0.1722314189265859 0.3787552658526762 -0.00297718093388724 -0.2326781406791874
5.082 0.17164131699078 0.14734023057197 0.1746161554545822 0.3799268316957062 -0.002974838463802215 -0.2325866011237362
5.084 0.1739311403591801 0.1487193980314654 0.1769036391162712 0.3812145315861002 -0.002972498757091123 -0.2324951335546349
5.086 0.1761135777708697 0.1502046651478573 0.1790837395802791 0.3826084030348732 -0.002970161809409366 -0.2324037378870159
5.088 0.1781797631552147 0.1517846607826449 0.1811475907716356 0.3840970748187902 -0.002967827616420881 -0.2323124140361453
5.09 0.1801223433734334 0.153446786938489 0.1830878395472316 0.3856679488559109 -0.002965496173798119 -0.232221161917422
5.092 0.1819356970505548 0.1551774503868958 0.1848988645277768 0.3873074318332734 -0.002963167477222025 -0.2321299814463777
5.094 0.1836161125786417 0.1569623382133731 0.1865769541010238 0.3890012107520499 -0.002960841522382017 -0.2320388725386768
5.096 0.1851619157090433 0.1587867287672523 0.1881204340140192 0.3907345638773683 -0.002958518304975969 -0.231947835110116
5.098 0.186573539275232 0.1606358272369862 0.1895297370959421 0.3924926963136101 -0.002956197820710191 -0.2318568690766239
5.1 0.1878535302901612 0.1624951134276758 0.1908074103554606 0.3942610877819366 -0.002953880065299403 -0.2317659743542608
5.102 0.1890064927359607 0.1643506884525965 0.1919580577704275 0.3960258393118153 -0.002951565034466723 -0.2316751508592188
5.104 0.1900389675587843 0.166189607046701 0.1929882202827279 0.397774005554522 -0.002949252723943644 -0.2315843985078209
5.106 0.1909592544323883 0.1680001830598467 0.1939061975618583 0.3994939002763682 -0.002946943129470016 -0.2314937172165216
5.108 0.191777182514759 0.1697722572974975 0.1947218187615531 0.4011753641994029 -0.002944636246794021 -0.2314031069019054
5.11 0.1925038394953853 0.1714974190812907 0.1954461715670575 0.4028099865619788 -0.002942332071672157 -0.231312567480688
5.112 0.1931512695874998 0.1731691754829952 0.196091300187369 0.4043912743527102 -0.002940030599869224 -0.231222098869715
5.114 0.1937321517117569 0.1747830649042423 0.1966698835389152 0.4059147658902043 -0.002937731827158297 -0.2311317009859619
5.116 0.1942594689773267 0.1763367143009011 0.1971949047266474 0.4073780880474353 -0.002935435749320704 -0.2310413737465342
5.118 0.1947461797924442 0.1778298416864147 0.1976793221545902 0.4087809587550812 -0.002933142362146018 -0.2309511170686665
5.12 0.1952048996783398 0.1792642074469817 0.1981357513397718 0.4101251383167046 -0.002930851661432029 -0.2308609308697229
5.122 0.1956476012947637 0.1806435193798288 0.1985761649377484 0.4114143344470253 -0.002928563642984728 -0.2307708150671965
5.124 0.1960853384917806 0.1819732972001869 0.1990116167943989 0.4126540667788958 -0.002926278302618282 -0.2306807695787089
5.126 0.1965279985468646 0.1832607025865143 0.1994519941830196 0.4138514969085246 -0.002923995636155027 -0.2305907943220102
5.128 0.1969840852642288 0.1845143407237556 0.1999058009036543 0.4150152299387345 -0.002921715639425435 -0.2305008892149789
5.13 0.1974605344023889 0.185744038866224 0.200379972710657 0.4161550930418452 -0.002919438308268106 -0.2304110541756213
5.132 0.1979625620125626 0.1869606067955616 0.2008797256510924 0.4172818959176329 -0.002917163638529742 -0.2303212891220714
5.134 0.1984935457313466 0.1881755833185182 0.2014084373574118 0.4184071772911088 -0.002914891626065132 -0.2302315939725906
5.136 0.1990549388571649 0.1894009722472652 0.201967561123902 0.4195429408928331 -0.002912622266737132 -0.2301419686455679
5.138 0.1996462171026918 0.1906489707297535 0.2025565726591084 0.4207013837892723 -0.002910355556416645 -0.2300524130595188
5.14 0.2002648581840885 0.1919316924261214 0.2031729496750711 0.4218946195592072 -0.002908091490982602 -0.2299629271330857
5.142 0.200906354794973 0.193260887910959 0.2038121848612949 0.4231343986959966 -0.002905830066321946 -0.2298735107850376
5.144 0.2015642619213487 0.1946476648448945 0.2044678331996783 0.4244318287791641 -0.002903571278329613 -0.2297841639342696
5.146 0.2022302797829763 0.1961022109008745 0.2051315949058848 0.4257970974006773 -0.002901315122908509 -0.2296948864998029
5.148 0.2028943738376691 0.1976335231178936 0.2057934354336386 0.4272392015186777 -0.002899061595969496 -0.2296056784007841
5.15 0.2035449331687041 0.1992491482282983 0.2064417438621354 0.428765687784784 -0.002896810693431373 -0.2295165395564857
5.152 0.2041689681188524 0.2009549394767347 0.2070635305300732 0.4303824093630401 -0.002894562411220855 -0.2294274698863054
5.154 0.2047523471889018 0.2027548364069656 0.2076446639341743 0.4320933057167312 -0.002892316745272558 -0.2293384693097656
5.156 0.2052800719685699 0.2046506749057722 0.2081701456600988 0.433900212652286 -0.002890073691528976 -0.2292495377465138
5.158 0.2057365872391082 0.2066420353207296 0.2086244204850487 0.4358027104370514 -0.002887833245940465 -0.2291606751163219
5.16 0.2061061214516164 0.2087261365710685 0.2089917168560816 0.4377980179101547 -0.002885595404465232 -0.2290718813390861
5.162 0.20637305066356 0.2108977837266133 0.2092564108266293 0.4398809400614399 -0.002883360163069301 -0.2289831563348266
5.164 0.2065222768742449 0.2131493754541932 0.2094034043919714 0.4420438754778807 -0.002881127517726509 -0.2288945000236875
5.166 0.2065396097378758 0.2154709759891051 0.2094185072022942 0.4442768883150414 -0.002878897464418479 -0.2288059123259364
5.168 0.206412139067875 0.2178504539145072 0.2092888090670096 0.4465678470764714 -0.002876669999134611 -0.2287173931619642
5.17 0.2061285845896795 0.2202736871326531 0.2090030297075516 0.448902629584938 -0.002874445117872054 -0.2286289424522849
5.172 0.2056796092282115 0.2227248301691249 0.2085518320448471 0.4512653902866604 -0.002872222816635693 -0.2285405601175355
5.174 0.2050580829476484 0.2251866366074545 0.2079280860390865 0.4536388826859298 -0.002870003091438131 -0.2284522460784753
5.176 0.2042592858276638 0.227640826290369 0.2071270717659635 0.4560048265463553 -0.002867785938299674 -0.2283640002559863
5.178 0.203281041598551 0.2300684842339425 0.2061466129517993 0.458344306805015 -0.002865571353248303 -0.2282758225710725
5.18 0.2021237761070396 0.232450476244168 0.2049871354393593 0.4606381891890278 -0.00286335933231967 -0.2281877129448598
5.182 0.2007904989007087 0.2347678652028979 0.2036516487722658 0.4628675365014937 -0.002861149871557068 -0.2280996712985958
5.184 0.1992867100009351 0.2370023120092438 0.2021456529679466 0.4650140095628933 -0.002858942967011422 -0.2280116975536494
5.186 0.1976202376602157 0.2391364462281528 0.200476976274957 0.4670602378596639 -0.002856738614741269 -0.2279237916315111
5.188 0.1958010161654257 0.2411541935078286 0.1986555529762384 0.4689901469616204 -0.002854536810812735 -0.2278359534537918
5.19 0.1938408153040448 0.2430410495878437 0.1966931528553443 0.4707892325300672 -0.002852337551299523 -0.2277481829422235
5.192 0.1917529347882715 0.2447842939709933 0.1946030756205544 0.472444773989652 -0.0028501408322829 -0.2276604800186587
5.194 0.1895518776587665 0.2463731397858711 0.1923998243086182 0.4739459843909412 -0.002847946649851667 -0.2275728446050701
5.196 0.1872530164906688 0.2477988197384711 0.190098771490771 0.4752840963620216 -0.002845755000102152 -0.2274852766235504
5.198 0.184872265208063 0.2490546110919667 0.1877158310872012 0.4764523870882789 -0.002843565879138186 -0.2273977759963122
5.2 0.182425767648644 0.2501358051361382 0.1852671469317151 0.4774461477818256 -0.002841379283071093 -0.2273103426456875
5.202 0.1799296119144836 0.251039628494247 0.1827688071225033 0.4782626049883749 -0.002839195208019668 -0.2272229764941279
5.204 0.1773995772118831 0.2517651248218596 0.1802365908619933 0.4789008022860636 -0.002837013650110157 -0.227135677464204
5.206 0.174850917520509 0.2523130060009428 0.1776857521259852 0.4793614514795479 -0.002834834605476246 -0.2270484454786052
5.208 0.1722981842076137 0.252685481896133 0.1751308422778727 0.4796467623562728 -0.00283265807025904 -0.2269612804601397
5.21 0.1697550877391903 0.2528860772254772 0.1725855717797973 0.4797602595572114 -0.002830484040607049 -0.2268741823317342
5.212 0.1672343970167353 0.252919443228792 0.1700627095294114 0.4797065942452253 -0.002828312512676164 -0.2267871510164333
5.214 0.1647478736195129 0.2527911707186919 0.1675740171021425 0.4794913571560919 -0.002826143482629651 -0.2267001864374
5.216 0.1623062373590561 0.2525076098872408 0.1651302143056942 0.4791208984051555 -0.002823976946638124 -0.2266132885179147
5.218 0.1599191590266557 0.2520757010124554 0.1627409719275352 0.4786021581938308 -0.002821812900879534 -0.2265264571813755
5.22 0.1575952759890348 0.2515028190393707 0.160414927330574 0.4779425113906685 -0.002819651341539149 -0.2264396923512978
5.222 0.1553422263072356 0.25079663395277 0.1581597185720451 0.4771496279040841 -0.002817492264809539 -0.2263529939513141
5.224 0.1531666972606343 0.2499649879458275 0.1559820329275248 0.476231349851001 -0.002815335666890559 -0.2262663619051735
5.226 0.1510744844950964 0.2490157896349072 0.1538876660390857 0.4751955857716494 -0.002813181543989332 -0.2261797961367423
5.228 0.1490705584331563 0.2479569249766531 0.1518815883254766 0.4740502215466557 -0.002811029892320232 -0.2260932965700026
5.23 0.1471591350430211 0.2467961840999326 0.149968015751126 0.4728030472289856 -0.002808880708104866 -0.2260068631290531
5.232 0.1453437485286875 0.2455412029560281 0.1481504825162596 0.4714616986941363 -0.002806733987572064 -0.2259204957381083
5.234 0.1436273239521444 0.2441994184966499 0.1464319136791023 0.4700336128181482 -0.002804589726957852 -0.2258341943214983
5.236 0.1420122482137319 0.2427780359903958 0.1448146961362373 0.4685259947940649 -0.002802447922505442 -0.2257479588036692
5.238 0.1405004381873358 0.2412840070638808 0.143300746757801 0.4669457961730625 -0.002800308570465218 -0.2256617891091818
5.24 0.1390934051289356 0.2397240170857077 0.1418915767960303 0.4652997022484202 -0.002798171667094716 -0.2255756851627125
5.242 0.1377923147487817 0.2381044805840248 0.1405883519574403 0.463594127473077 -0.002796037208658602 -0.2254896468890522
5.244 0.1365980425602022 0.2364315434871387 0.1393919477516309 0.4618352177002454 -0.002793905191428669 -0.2254036742131067
5.246 0.1355112242958122 0.2347110910912511 0.1383029999074961 0.4600288581511472 -0.002791775611683806 -0.2253177670598961
5.248 0.1345323013190902 0.2329487607810207 0.1373219497848002 0.4581806861355754 -0.002789648465709996 -0.2252319253545547
5.25 0.1336615610604698 0.2311499586502542 0.1364490848102701 0.4562961076725852 -0.002787523749800288 -0.225146149022331
5.252 0.1328991725778675 0.2293198792871586 0.1356845740381223 0.4543803172757454 -0.002785401460254788 -0.2250604379885868
5.254 0.1322452173866389 0.2274635280981644 0.1350284989800195 0.4524383202769624 -0.002783281593380638 -0.224974792178798
5.256 0.1316997157275257 0.2255857456432316 0.1344808798730177 0.4504749571617852 -0.002781164145492006 -0.2248892115185536
5.258 0.1312626484476006 0.2236912335431999 0.1340416975605107 0.4484949294767555 -0.002779049112910063 -0.2248036959335556
5.26 0.1309339746618972 0.2217845815954134 0.1337109111538602 0.4465028269450326 -0.002776936491962975 -0.2247182453496192
5.262 0.1307136453451351 0.2198702957965618 0.133488471624121 0.444503155489234 -0.002774826278985878 -0.2246328596926721
5.264 0.13060161297656 0.2179528270220678 0.1333743314468809 0.4425003659108223 -0.002772718470320866 -0.2245475388887545
5.266 0.1305978373283967 0.2160366001496123 0.1333684503907137 0.4404988830136313 -0.002770613062316983 -0.224462282864019
5.268 0.1307022874515464 0.2141260434398667 0.1334707975028765 0.4385031349845968 -0.002768510051330193 -0.2243770915447301
5.27 0.1309149398727685 0.2122256180012255 0.1336813493064918 0.4365175828584897 -0.002766409433723373 -0.2242919648572643
5.272 0.131235772976863 0.2103398471671271 0.1340000841827293 0.4345467498952366 -0.002764311205866296 -0.2242069027281095
5.274 0.1316647575069368 0.2084733456038902 0.1344269728710725 0.4325952506877555 -0.002762215364135617 -0.2241219050838653
5.276 0.1322018430770333 0.2066308479442953 0.1349619649819481 0.4306678197955378 -0.002760121904914852 -0.2240369718512424
5.278 0.1328469405556874 0.2048172367072555 0.1356049713802818 0.428769339664318 -0.002758030824594366 -0.2239521029570625
5.28 0.1335999001483086 0.2030375692157727 0.13635584226788 0.4269048675440307 -0.002755942119571358 -0.223867298328258
5.282 0.1344604849826015 0.2012971031644658 0.1372143407688513 0.4250796610563379 -0.002753855786249846 -0.2237825578918721
5.284 0.1354283399868275 0.1996013204139825 0.1381801118078681 0.4232992019890406 -0.002751771821040646 -0.2236978815750581
5.286 0.1365029558488219 0.1979559485019139 0.1392526460691833 0.4215692178069936 -0.002749690220361366 -0.2236132693050797
5.288 0.1376836278574462 0.1963669792594223 0.1404312388380826 0.4198957002687326 -0.00274761098063638 -0.2235287210093104
5.29 0.1389694094613992 0.1948406838105246 0.141714943559696 0.4182849204257581 -0.00274553409829682 -0.2234442366152335
5.292 0.1403590604380973 0.1933836231077522 0.1431025200078779 0.4167434391581941 -0.002743459569780561 -0.2233598160504419
5.294 0.1418509896521772 0.1920026530271638 0.1445923770437094 0.4152781122698017 -0.0027413873915322 -0.2232754592426379
5.296 0.1434431925045201 0.1907049229111715 0.1461825100645231 0.4138960890308041 -0.002739317560003044 -0.2231911661196326
5.298 0.1451331833346132 0.1894978663146431 0.1478704334062643 0.4126048029239895 -0.002737250071651098 -0.2231069366093464
5.3 0.146917923246618 0.1883891825864139 0.1496531081695591 0.4114119532262221 -0.002735184922941044 -0.2230227706398082
5.302 0.1487937440870986 0.1873868078147343 0.1515268661974428 0.4103254759538897 -0.00273312211034423 -0.2229386681391555
5.304 0.1507562696145802 0.186498873593496 0.1534873312449189 0.40935350262913 -0.002731061630338651 -0.2228546290356339
5.306 0.1528003352677195 0.1857336520425422 0.1555293387471285 0.4085043053001398 -0.002729003479408941 -0.2227706532575976
5.308 0.1549199083591063 0.185099485557531 0.1576468560131527 0.4077862262910392 -0.002726947654046351 -0.2226867407335082
5.31 0.1571080109877205 0.184604699893932 0.1598329051384693 0.4072075912858672 -0.002724894150748736 -0.2226028913919352
5.312 0.1593566484634369 0.1842574994273329 0.1620794914294574 0.4067766045888884 -0.002722842966020541 -0.2225191051615556
5.314 0.1616567465510483 0.1840658438010961 0.1643775406474211 0.4065012257722497 -0.002720794096372786 -0.2224353819711536
5.316 0.1639981013402328 0.1840373056931593 0.1667168488785558 0.4063890274427799 -0.002718747538323052 -0.2223517217496207
5.318 0.1663693459949857 0.1841789101221752 0.1690860492833812 0.4064470345481302 -0.002716703288395464 -0.222268124425955
5.32 0.1687579389827162 0.1844969565777839 0.1714726003258369 0.4066815465070455 -0.002714661343120677 -0.2221845899292616
5.322 0.1711501785735072 0.1849968262966745 0.1738628002725431 0.4070979444854264 -0.002712621699035864 -0.2221011181887519
5.324 0.1735312483729574 0.1856827781953939 0.1762418327256421 0.4077004873291373 -0.002710584352684696 -0.2220177091337434
5.326 0.1758852983424778 0.1865577382723716 0.1785938476430952 0.4084921009660319 -0.002708549300617333 -0.2219343626936603
5.328 0.1781955651098565 0.1876230886419546 0.1809020816492469 0.4094741674399865 -0.002706516539390405 -0.221851078798032
5.33 0.1804445343338707 0.1888784636741357 0.1831490203994377 0.4106463210506296 -0.002704486065567 -0.2217678573764939
5.332 0.1826141464347868 0.1903215618740465 0.1853166043105034 0.4120062602328336 -0.002702457875716647 -0.2216846983587871
5.334 0.1846860451445133 0.1919479830151871 0.1873864771109286 0.4135495846899448 -0.002700431966415308 -0.2216016016747577
5.336 0.186641866116603 0.1937511005026674 0.1893402744508483 0.4152696677570244 -0.002698408334245353 -0.221518567254357
5.338 0.1884635603630695 0.1957219788542487 0.1911599473388651 0.4171575738818898 -0.002696386975795554 -0.221435595027641
5.34 0.1901337446983512 0.1978493454369201 0.1928281125860122 0.4192020303616911 -0.002694367887661069 -0.2213526849247709
5.342 0.1916360688635064 0.2001196241178826 0.1943284199299498 0.4213894609938946 -0.002692351066443425 -0.221269836876012
5.344 0.1929555867976334 0.2025170362717289 0.1956459233063839 0.4237040870834627 -0.002690336508750505 -0.2211870508117339
5.346 0.1940791178535298 0.2050237716958836 0.1967674420647264 0.4261280983582942 -0.002688324211196537 -0.2211043266624106
5.348 0.1949955828406726 0.2076202285717152 0.1976818970110747 0.4286418929303349 -0.002686314170402073 -0.2210216643586198
5.35 0.1956962997935089 0.2102853178914771 0.1983806061765029 0.4312243817225201 -0.002684306382993981 -0.220939063831043
5.352 0.1961752254065733 0.2129968240344157 0.1988575262521787 0.433853349044881 -0.002682300845605427 -0.2208565250104653
5.354 0.1964291301537446 0.2157318097375013 0.1991094277086205 0.4365058575652764 -0.002680297554875864 -0.220774047827775
5.356 0.1964576981127948 0.2184670508792858 0.1991359946202458 0.4391586830932496 -0.002678296507451018 -0.2206916322139638
5.358 0.1962635462411152 0.2211794845505883 0.1989398439410981 0.4417887626507144 -0.002676297699982866 -0.2206092781001261
5.36 0.1958521620037442 0.2238466530176061 0.1985264631328739 0.4443736384350652 -0.002674301129129635 -0.2205269854174592
5.362 0.1952317624970921 0.2264471264773956 0.1979040692886479 0.4468918805746585 -0.002672306791555779 -0.2204447540972629
5.364 0.1944130821886627 0.2289608889328088 0.1970833968725946 0.4493234730037483 -0.002670314683931965 -0.2203625840709394
5.366 0.1934090997827315 0.2313696739313604 0.1960774245856666 0.4516501492013537 -0.002668324802935066 -0.2202804752699933
5.368 0.1922347172727142 0.2336572400823921 0.1949010544179623 0.4538556677084229 -0.002666337145248138 -0.2201984276260308
5.37 0.1909064057966411 0.2358095798910372 0.1935707575042015 0.4559260209617976 -0.002664351707560414 -0.2201164410707604
5.372 0.1894418334230747 0.2378150592073889 0.192104201909642 0.4578495747433806 -0.002662368486567287 -0.2200345155359918
5.374 0.1878594895154676 0.2396644881788491 0.1905198769944379 0.4596171391324855 -0.002660387478970295 -0.2199526509536363
5.376 0.186178318993887 0.2413511277568851 0.1888367276753641 0.4612219750125917 -0.002658408681477107 -0.2198708472557066
5.378 0.1844173778342318 0.2428706383614419 0.1870738099250333 0.4626597427357581 -0.002656432090801516 -0.2197891043743162
5.38 0.1825955187479323 0.2442209791396217 0.1852499764515957 0.4639284013813013 -0.002654457703663416 -0.2197074222416797
5.382 0.1807311134021335 0.2454022673428684 0.1833835989189223 0.4650280681329805 -0.002652485516788794 -0.2196258007901121
5.384 0.1788418149801 0.2464166077300553 0.1814923305070097 0.4659608476820845 -0.002650515526909713 -0.2195442399520292
5.386 0.1769443625154648 0.2472679016729356 0.1795929102462291 0.4667306413328827 -0.002648547730764307 -0.219462739659947
5.388 0.1750544263842178 0.2479616449191223 0.1777010085093145 0.467342944765604 -0.002646582125096753 -0.2193812998464817
5.39 0.1731864926774324 0.2485047218935351 0.1758311113840897 0.4678046423378842 -0.002644618706657271 -0.2192999204443491
5.392 0.17135378293469 0.2489052031259667 0.1739964404068921 0.4681238045123319 -0.002642657472202103 -0.2192186013863652
5.394 0.1695682048845392 0.2491721510011493 0.1722089033030328 0.4683094936065946 -0.002640698418493502 -0.2191373426054454
5.396 0.167840329377673 0.2493154376386379 0.1704790709199727 0.4683715816732422 -0.002638741542299719 -0.2190561440346044
5.398 0.1661793885596065 0.2493455773983249 0.1688161754000014 0.468320583005281 -0.002636786840394989 -0.2189750056069561
5.4 0.1645932904520317 0.2492735753254706 0.1672281247615912 0.4681675025811841 -0.002634834309559515 -0.2188939272557135
5.402 0.163088645434042 0.249110791827457 0.1657215293806215 0.4679237007416456 -0.002632883946579463 -0.2188129089141886
5.404 0.1616708005803949 0.2488688230255959 0.1643017363286418 0.4676007735413876 -0.00263093574824694 -0.2187319505157918
5.406 0.1603438783750995 0.248559395549036 0.1629728680864595 0.4672104475430679 -0.002628989711359984 -0.2186510519940319
5.408 0.159110816934402 0.2481942740250822 0.1617378627671246 0.4667644873075983 -0.00262704583272255 -0.2185702132825162
5.41 0.1579734095145532 0.2477851791567867 0.1605985136236977 0.4662746134717368 -0.002625104109144502 -0.2184894343149501
5.412 0.1569323417244996 0.2473437140490226 0.1595555062619412 0.4657524290741595 -0.002623164537441592 -0.2184087150251369
5.414 0.1559872254969178 0.2468812963333058 0.1586084526113533 0.4652093516802834 -0.002621227114435453 -0.2183280553469776
5.416 0.15513662948394 0.2464090936372099 0.1577559213208936 0.4646565488516805 -0.00261929183695358 -0.2182474552144706
5.418 0.1543781061300612 0.2459379600372567 0.1569954648318905 0.4641048745989687 -0.002617358701829325 -0.218166914561712
5.42 0.1537082162286252 0.2454783713195156 0.156323643934527 0.4635648046424106 -0.002615427705901878 -0.218086433322895
5.422 0.1531225522842153 0.2450403571479528 0.1557360511302316 0.4630463685802625 -0.002613498846016255 -0.2180060114323097
5.424 0.1526157624726723 0.2446334286075508 0.1552273345916956 0.4625590774318941 -0.002611572119023288 -0.2179256488243433
5.426 0.1521815774003597 0.2442665000485914 0.1547912249221393 0.4621118454820707 -0.002609647521779609 -0.2178453454334793
5.428 0.1518128421977501 0.2439478047110857 0.1544205672488977 0.4617129059053837 -0.002607725051147637 -0.2177651011942981
5.43 0.1515015567170012 0.2436848042510341 0.1541073614209968 0.4613697202925102 -0.002605804703995569 -0.2176849160414761
5.432 0.1512389267118068 0.2434840930140789 0.1538428131890042 0.4610888829238647 -0.002603886477197363 -0.2176047899097858
5.434 0.1510154288312038 0.243351298689728 0.1536173991988366 0.4608760214238241 -0.002601970367632729 -0.2175247227340961
5.436 0.1508208920273262 0.243290981802205 0.1534209483995133 0.4607356962515763 -0.002600056372187111 -0.2174447144493713
5.438 0.1506445975343804 0.2433065373110461 0.1532427420221321 0.4606713023017174 -0.002598144487751681 -0.2173647649906714
5.44 0.1504753989050615 0.2434001023523721 0.1530716336162848 0.4606849766455238 -0.002596234711223319 -0.2172848742931516
5.442 0.1503018626880631 0.2435724747852391 0.1528961897275677 0.460777517077302 -0.002594327039504611 -0.217205042292063
5.444 0.1501124292124294 0.2438230476444179 0.1527048506819333 0.4609483165671689 -0.002592421469503824 -0.2171252689227511
5.446 0.1498955916513905 0.2441497647676212 0.1524861096495254 0.4611953188882778 -0.002590517998134903 -0.2170455541206566
5.448 0.1496400901368841 0.244549102694948 0.1522287067592015 0.4615150005162629 -0.00258861662231745 -0.2169658978213149
5.45 0.1493351162784142 0.2450160833817567 0.1519218336173909 0.4619023833421128 -0.002586717338976725 -0.2168862999603561
5.452 0.1489705221202764 0.2455443213010324 0.15155534226532 0.4623510817745369 -0.002584820145043616 -0.2168067604735045
5.454 0.1485370264755602 0.2461261071519959 0.1511199515130148 0.4628533864485745 -0.002582925037454641 -0.2167272792965787
5.456 0.1480264108295153 0.2467525286953045 0.1506074428426673 0.4634003850607957 -0.002581032013151929 -0.2166478563654911
5.458 0.1474316967184054 0.2474136273017798 0.1500108377874886 0.4639821189180283 -0.002579141069083208 -0.2165684916162485
5.46 0.1467472967403529 0.2480985867701168 0.1493245489425547 0.4645877717550676 -0.002577252202201796 -0.2164891849849508
5.462 0.1459691321725291 0.248795949004029 0.1485444975819957 0.4652058854118208 -0.002575365409466583 -0.2164099364077919
5.464 0.1450947115292436 0.2494938494153949 0.1476681922170856 0.4658245952364536 -0.002573480687842023 -0.2163307458210587
5.466 0.144123166214619 0.2501802635992847 0.1466947642489171 0.4664318767604163 -0.002571598034298125 -0.2162516131611316
5.468 0.1430552415663713 0.2508432560389635 0.1456249590121818 0.4670157944034473 -0.002569717445810432 -0.2161725383644837
5.47 0.1418932438796424 0.251471221424075 0.1444610827990024 0.4675647427917561 -0.002567838919360015 -0.2160935213676812
5.472 0.1406409462507257 0.2520531096209872 0.1432069087026591 0.46806767172837 -0.002565962451933457 -0.2160145621073828
5.474 0.1393034581036182 0.2525786263749043 0.141867546144141 0.4685142868952442 -0.002564088040522852 -0.2159356605203399
5.476 0.137887064898167 0.2530384033460912 0.1404492805802927 0.4688952198894871 -0.002562215682125774 -0.2158568165433959
5.478 0.1363990456538636 0.253424132940815 0.1389593910276089 0.4692021630543019 -0.002560345373745281 -0.2157780301134869
5.48 0.1348474765003195 0.2537286654215584 0.1374059536127094 0.4694279665891987 -0.002558477112389894 -0.2156993011676403
5.482 0.1332410284836932 0.2539460677993404 0.1357976393787668 0.4695666974423164 -0.002556610895073595 -0.2156206296429761
5.484 0.1315887673711464 0.2540716458684236 0.1341435140899622 0.4696136613451288 -0.002554746718815799 -0.2155420154767052
5.486 0.1298999622962142 0.2541019323186185 0.1324528468768556 0.4695653909247492 -0.002552884580641359 -0.2154634586061307
5.488 0.1281839088944252 0.2540346450722359 0.1307349333720058 0.4694196040408823 -0.002551024477580543 -0.2153849589686465
5.49 0.1264497712186029 0.2538686208045193 0.128998937625272 0.4691751373062572 -0.002549166406669028 -0.2153065165017379
5.492 0.124706445318343 0.2536037290218556 0.1272537556832909 0.4688318601648368 -0.002547310364947884 -0.2152281311429812
5.494 0.1229624460217934 0.2532407721276747 0.125507902371257 0.4683905749577182 -0.002545456349463566 -0.2151498028300436
5.496 0.1212258172509763 0.2527813766610549 0.1237694216082442 0.4678529081617376 -0.002543604357267899 -0.2150715315006827
5.498 0.1195040651876792 0.252227880419434 0.1220458195730973 0.4672211975121809 -0.00254175438541807 -0.2149933170927469
5.5 0.1178041128120322 0.2515832195494468 0.1203440192430089 0.4664983790936215 -0.00253990643097661 -0.2149151595441747
5.502 0.1161322737654986 0.2508508189791019 0.11867033425651 0.4656878777720969 -0.002538060491011392 -0.2148370587929951
5.504 0.1144942431311828 0.2500344888309591 0.1170304596937784 0.4647935036082858 -0.002536216562595609 -0.2147590147773266
5.506 0.1128951025511311 0.2491383287478689 0.1154294771939388 0.463819356183247 -0.00253437464280777 -0.2146810274353781
5.508 0.1113393370813116 0.2481666414149225 0.1138718718100433 0.4627697381203704 -0.002532534728731684 -0.2146030967054479
5.51 0.1098308612854457 0.2471238559957244 0.1123615581029022 0.4616490785216482 -0.002530696817456451 -0.2145252225259238
5.512 0.1083730522544967 0.2460144617288817 0.1109019131605731 0.4604618665641647 -0.00252886090607645 -0.214447404835283
5.514 0.1069687874795058 0.2448429515538837 0.1094958144711971 0.4592125951259755 -0.002527026991691326 -0.2143696435720918
5.516 0.1056204857758354 0.2436137753503843 0.1081456808472413 0.4579057140253903 -0.002525195071405981 -0.214291938675006
5.518 0.1043301497351336 0.2423313021720037 0.1068535148774642 0.4565455922547734 -0.00252336514233056 -0.2142142900827697
5.52 0.103099408452824 0.2409997907245788 0.1056209456544045 0.4551364884587947 -0.002521537201580442 -0.214136697734216
5.522 0.1019295595323949 0.2396233672670012 0.1044492707786712 0.4536825288352675 -0.002519711246276224 -0.2140591615682663
5.524 0.1008216095958978 0.2382060100881055 0.1033394968694415 0.4521876916120364 -0.00251788727354372 -0.2139816815239309
5.526 0.09977631272968084 0.23675153972455 0.1022923780101948 0.4506557972648578 -0.002516065280513936 -0.2139042575403079
5.528 0.09879420646432642 0.2352636141224902 0.1013084517286495 0.4490905036790737 -0.00251424526432307 -0.2138268895565835
5.53 0.09787564502802266 0.233745728001074 0.1003880722501352 0.4474953055131061 -0.002512427222112492 -0.2137495775120321
5.532 0.097020829725708 0.2322012157418885 0.09953144087673674 0.4458735370879039 -0.002510611151028743 -0.2136723213460155
5.534 0.09622983638467647 0.2306332572001015 0.09873863343289999 0.4442283781980849 -0.002508797048223513 -0.2135951209979834
5.536 0.09550263987343874 0.2290448859052634 0.09800962478429237 0.4425628623127362 -0.002506984910853636 -0.2135179764074728
5.538 0.09483913574815864 0.2274389991901104 0.09734431048423972 0.4408798867042182 -0.002505174736081078 -0.2134408875141078
5.54 0.09423915911256128 0.225818369851981 0.09674252563363421 0.4391822241095812 -0.002503366521072926 -0.2133638542576002
5.542 0.09370250079548173 0.2241856590116538 0.0962040610584831 0.4374725355894018 -0.002501560263001376 -0.213286876577748
5.544 0.09322892095790596 0.222543429888118 0.09572867691694968 0.4357533843025546 -0.00249975595904372 -0.2132099544144367
5.546 0.09281816024059632 0.2208941622546303 0.09531611384697866 0.4340272499622682 -0.002497953606382341 -0.2131330877076379
5.548 0.09246994855582111 0.219240267380482 0.09496610175802581 0.4322965437778921 -0.002496153202204697 -0.2130562763974101
5.55 0.09218401161419068 0.217584103294867 0.09467836635789399 0.430563623718765 -0.00249435474370331 -0.212979520423898
5.552 0.09196007526149062 0.2159279902341733 0.09445263348956638 0.4288308099615057 -0.002492558228075758 -0.2129028197273324
5.554 0.09179786768161241 0.214274226151409 0.09428863133413708 0.4271004003994393 -0.002490763652524661 -0.2128261742480303
5.556 0.09169711950151183 0.2126251021773772 0.0941860905157695 0.4253746861037717 -0.002488971014257675 -0.2127495839263945
5.558 0.09165756181333876 0.2109829179269027 0.09414474212382623 0.4236559666298162 -0.002487180310487473 -0.2126730487029135
5.56 0.09167892210834848 0.2093499965408895 0.09416431364678023 0.4219465650590508 -0.002485391538431742 -0.2125965685181613
5.562 0.09176091809778024 0.2077286993452182 0.09424452279309341 0.4202488426580156 -0.002483604695313166 -0.2125201433127974
5.564 0.09190324937853814 0.2061214399914223 0.09438506915689757 0.418565213018989 -0.002481819778359424 -0.2124437730275667
5.566 0.0921055868870876 0.2045306979213958 0.09458562367189077 0.4168981555246948 -0.002480036784803169 -0.2123674576032991
5.568 0.09236756007475709 0.2029590309687023 0.09484581578663911 0.4152502279496115 -0.002478255711882022 -0.2122911969809092
5.57 0.0926887417328533 0.2014090868730327 0.09516521828969186 0.4136240779744295 -0.002476476556838561 -0.2122149911013967
5.572 0.09306863039812051 0.1998836134420759 0.09554332971504083 0.4120224533479221 -0.002474699316920315 -0.2121388399058461
5.574 0.09350663027999274 0.1983854670464963 0.09597955426937249 0.4104482103819224 -0.002472923989379744 -0.2120627433354261
5.576 0.09400202867269211 0.1969176190800933 0.09647317924416635 0.4089043204114829 -0.002471150571474234 -0.2119867013313897
5.578 0.09455397084973445 0.1954831599597295 0.09702334991020053 0.4073938737948038 -0.002469379060466086 -0.2119107138350743
5.58 0.09516143248831953 0.1940853001793733 0.09762904194194204 0.4059200809672745 -0.002467609453622506 -0.2118347807879012
5.582 0.09582318973893693 0.1927273678726589 0.09828903148715253 0.4044862700040349 -0.002465841748215593 -0.211758902131376
5.584 0.09653778714347699 0.1914128022820757 0.09900186308499932 0.4030958800891631 -0.002464075941522328 -0.2116830778070873
5.586 0.09730350371592435 0.190145142483952 0.09976581574674891 0.40175245024066 -0.002462312030824565 -0.211607307756708
5.588 0.09811831763459845 0.1889280106829736 0.1005788676480075 0.4004596026049677 -0.002460550013409022 -0.2115315919219941
5.59 0.09897987015465863 0.1877650893748503 0.1014386600412259 0.3992210196196352 -0.002458789886567267 -0.2114559302447849
5.592 0.09988542953388919 0.1866600916883228 0.1023424611814849 0.3980404143553258 -0.002457031647595708 -0.211380322667003
5.594 0.1008318559708064 0.1856167242676778 0.103287131264602 0.3969214933983316 -0.002455275293795585 -0.2113047691306539
5.596 0.1018155687765467 0.1846386421543023 0.1042690895990197 0.3958679117321282 -0.00245352082247296 -0.2112292695778259
5.598 0.1028325172330275 0.1837293952799826 0.1052842854639662 0.3948832192306727 -0.002451768230938703 -0.2111538239506902
5.6 0.1038781568169508 0.1828923664059429 0.1063281743334593 0.3939707985974432 -0.002450017516508485 -0.2110784321915003
5.602 0.1049474326759594 0.1821307006375068 0.1073957013524622 0.3931337948800991 -0.002448268676502766 -0.2110030942425923
5.604 0.1060347724095592 0.1814472270189147 0.108481294117806 0.3923750370652991 -0.002446521708246786 -0.2109278100463844
5.606 0.1071340903082689 0.1808443731662046 0.1095788669173394 0.3916969527115819 -0.002444776609070554 -0.2108525795453773
5.608 0.1082388052120885 0.1803240744204441 0.1106818385883973 0.3911014771025972 -0.002443033376308836 -0.2107774026821531
5.61 0.109341874035616 0.179887679582612 0.1117831660429171 0.3905899589819881 -0.002441292007301149 -0.2107022793993761
5.612 0.1104358427440142 0.1795358558986223 0.112875395243406 0.3901630655384145 -0.002439552499391749 -0.2106272096397923
5.614 0.1115129161289468 0.1792684965607532 0.1139507309788764 0.3898206899069821 -0.002437814849929619 -0.2105521933462289
5.616 0.1125650471139073 0.1790846345313997 0.1150011261701758 0.3895618649929947 -0.00243607905626846 -0.2104772304615949
5.618 0.1135840455138071 0.1789823669199022 0.1160183906295738 0.3893846878487826 -0.002434345115766682 -0.2104023209288804
5.62 0.1145617052026864 0.1789587943911123 0.1169943182284738 0.3892862590822686 -0.002432613025787395 -0.2103274646911563
5.622 0.1154899475460795 0.179009980094537 0.1179208303297779 0.389262641786112 -0.002430882783698394 -0.2102526616915749
5.624 0.1163609777923764 0.1791309323232548 0.1187901321792485 0.389308844196624 -0.002429154386872154 -0.2101779118733691
5.626 0.117167449973306 0.1793156145071282 0.1195948778059918 0.3894188296869806 -0.002427427832685817 -0.2101032151798524
5.628 0.1179026348364949 0.1795569852059162 0.1203283379550161 0.3895855567603353 -0.002425703118521188 -0.2100285715544191
5.63 0.1185605845280962 0.1798470695178428 0.1209845647698609 0.3898010504583863 -0.002423980241764712 -0.2099539809405435
5.632 0.1191362872618533 0.1801770618171319 0.1215585464616608 0.3900565050989123 -0.00242225919980748 -0.2098794432817804
5.634 0.119625805136278 0.1805374580748696 0.1220463451263232 0.3903424165966342 -0.002420539990045207 -0.2098049585217646
5.636 0.1200263886452664 0.1809182143248133 0.1224452112551446 0.3906487409290242 -0.002418822609878231 -0.2097305266042109
5.638 0.1203365622797092 0.1813089262503593 0.1227536693364207 0.3909650737232731 -0.002417107056711494 -0.2096561474729138
5.64 0.1205561769008502 0.1816990235342747 0.1229715702288048 0.3912808446060225 -0.002415393327954541 -0.2095818210717478
5.642 0.1206864261948984 0.1820779716557673 0.1231001076159199 0.3915855190004337 -0.002413681421021503 -0.2095075473446664
5.644 0.120729826367593 0.182435473334635 0.1231417977009241 0.391868799570338 -0.002411971333331095 -0.209433326235703
5.646 0.1206901601557556 0.1827616618588309 0.1231004232180622 0.3921208195478009 -0.002410263062306598 -0.20935915768897
5.648 0.1205723880603112 0.1830472790859419 0.122980944665687 0.3923323207346007 -0.002408556605375855 -0.2092850416486589
5.65 0.1203825312930341 0.1832838319250193 0.1227893832530054 0.3924948099840593 -0.002406851959971257 -0.20921097805904
5.652 0.1201275321568379 0.1834637224835181 0.1225326812803677 0.3926006893479811 -0.002405149123529741 -0.209136966864463
5.654 0.1198150983677585 0.1835803486739141 0.1222185464612513 0.3926433566832699 -0.002403448093492771 -0.2090630080093558
5.656 0.1194535381445626 0.183628173772343 0.1218552870118689 0.3926172752105678 -0.002401748867306332 -0.2089891014382248
5.658 0.1190515927553079 0.1836027650677345 0.1214516441977288 0.3925180121633898 -0.002400051442420924 -0.2089152470956552
5.66 0.1186182726758848 0.1835008032138539 0.1210166284921764 0.3923422481401641 -0.002398355816291548 -0.2088414449263102
5.662 0.1181627026701706 0.1833200651082729 0.1205593646565483 0.3920877599832041 -0.002396661986377697 -0.2087676948749311
5.664 0.1176939800469108 0.1830593840173193 0.1200889499970542 0.3917533809036567 -0.002394969950143351 -0.2086939968863375
5.666 0.1172210491904602 0.1827185912255681 0.1196143288955171 0.3913389421309945 -0.002393279705056956 -0.2086203509054264
5.668 0.1167525942978562 0.182298443725892 0.1191441855464476 0.3908452006030649 -0.002391591248591433 -0.2085467568771729
5.67 0.1162969511632835 0.181800542419046 0.1186868557415077 0.3902737571656756 -0.002389904578224149 -0.2084732147466296
5.672 0.1158620378920664 0.1812272450138506 0.1182502575835033 0.3896269694727771 -0.002388219691436923 -0.2083997244589265
5.674 0.1154553036364679 0.180581577371574 0.1178418402221839 0.3889078633308448 -0.002386536585716004 -0.2083262859592709
5.676 0.1150836938402688 0.1798671464821871 0.1174685490988208 0.3881200456751344 -0.002384855258552074 -0.2082528991929472
5.678 0.1147536300568099 0.179088057651687 0.1171368057642501 0.3872676217570042 -0.002383175707440229 -0.2081795641053172
5.68 0.1144710021513188 0.1782488378653181 0.1168525000811988 0.3863551185071372 -0.002381497929879972 -0.2081062806418191
5.682 0.1142411705890422 0.1773543667069516 0.1166209925124174 0.3853874154549198 -0.002379821923375208 -0.2080330487479682
5.684 0.1140689765190331 0.1764098156848289 0.1164471242044673 0.3843696840541852 -0.00237814768543423 -0.2079598683693563
5.686 0.1139587574602727 0.1754205963529851 0.1163352326738424 0.383307335804637 -0.00237647521356971 -0.2078867394516519
5.688 0.1139143665555599 0.1743923172315099 0.1162891710608586 0.3822059791721095 -0.002374804505298694 -0.2078136619405996
5.69 0.1139391935554596 0.1733307492167146 0.1163123291136022 0.3810713849987349 -0.002373135558142586 -0.2077406357820203
5.692 0.1140361859103019 0.1722417989286304 0.116407654279929 0.3799094598504414 -0.002371468369627147 -0.2076676609218111
5.694 0.1142078685678223 0.1711314892591091 0.1165776715051048 0.3787262265650542 -0.002369802937282478 -0.2075947373059451
5.696 0.1144563612870462 0.1700059462489267 0.1168245005456892 0.3775278111293977 -0.002368139258643015 -0.207521864880471
5.698 0.114783392479014 0.1688713913260877 0.1171498698102615 0.3763204349176011 -0.00236647733124752 -0.2074490435915134
5.7 0.1151903087688177 0.1677341378693509 0.1175551259214568 0.3751104112546234 -0.002364817152639072 -0.2073762733852725
5.702 0.1156780796410639 0.1666005910117455 0.1180412383614289 0.3739041452197692 -0.002363158720365054 -0.2073035542080237
5.704 0.1162472966841926 0.1654772495608324 0.1186087987161697 0.3727081355669502 -0.00236150203197715 -0.2072308860061178
5.706 0.1168981670921838 0.1643707088789736 0.1192580141772151 0.3715289776049546 -0.002359847085031329 -0.207158268725981
5.708 0.1176305012198295 0.1632876635342237 0.1199886950969173 0.3703733658483379 -0.002358193877087845 -0.2070857023141142
5.71 0.1184436941262866 0.1622349084974904 0.1208002365319978 0.3692480952145838 -0.002356542405711221 -0.2070131867170934
5.712 0.1193367011871967 0.1612193376247284 0.121691593855667 0.3681600595062977 -0.00235489266847024 -0.2069407218815693
5.714 0.1203080080152843 0.1602479381249514 0.1226612526782223 0.3671162458792187 -0.002353244662937938 -0.2068683077542673
5.716 0.1213555951092762 0.1593277796803025 0.1237071934959678 0.3661237239622898 -0.002351598386691599 -0.2067959442819873
5.718 0.1224768978568554 0.1584659968593681 0.1248268516941682 0.3651896282709717 -0.002349953837312737 -0.2067236314116036
5.72 0.1236687627542381 0.1576697634575621 0.1260170737666252 0.3643211325476267 -0.002348311012387098 -0.2066513690900646
5.722 0.1249274009752041 0.1569462574200468 0.1272740708847087 0.3635254146844398 -0.002346669909504639 -0.206579157264393
5.724 0.1262483407261613 0.1563026150664049 0.1285933712524209 0.3628096109480904 -0.002345030526259531 -0.2065069958816855
5.726 0.1276263801582249 0.1557458734567903 0.1299697730184751 0.3621807583459028 -0.002343392860250142 -0.2064348848891125
5.728 0.1290555429640908 0.1552828999334002 0.1313972998731698 0.3616457241673185 -0.002341756909079032 -0.2063628242339184
5.73 0.1305290391534011 0.1549203081551896 0.132869161823754 0.3612111220186104 -0.002340122670352942 -0.2062908138634209
5.732 0.1320392338562159 0.1546643603331877 0.1343777239978987 0.3608832140581991 -0.002338490141682788 -0.2062188537250114
5.734 0.1335776273231387 0.1545208558811294 0.1359144866438223 0.360667799647284 -0.002336859320683649 -0.2061469437661545
5.736 0.1351348495388837 0.1544950073280393 0.1374700797438584 0.3605700912624276 -0.002335230204974763 -0.2060750839343883
5.738 0.1367006730043436 0.154591305094084 0.1390342757965231 0.3605945792714076 -0.002333602792179511 -0.2060032741773236
5.74 0.1382640472253676 0.1548133735953826 0.140596024305293 0.360744888038027 -0.002331977079925416 -0.2059315144426445
5.742 0.1398131582282583 0.155163822089518 0.1421435112941024 0.3610236267676258 -0.002330353065844132 -0.2058598046781078
5.744 0.1413355159598331 0.1556440946566705 0.1436642467074045 0.3614322394882133 -0.002328730747571429 -0.2057881448315429
5.746 0.142818071688459 0.1562543246691484 0.1451451818112062 0.3619708595200005 -0.002327110122747195 -0.2057165348508521
5.748 0.1442473664826788 0.1569931999548236 0.1465728576716942 0.3626381746388335 -0.002325491189015421 -0.2056449746840098
5.75 0.1456097105105603 0.1578578455150535 0.1479335844545845 0.3634313097941166 -0.002323873944024192 -0.2055734642790631
5.752 0.1468913913084387 0.1588437310152804 0.1492136496938644 0.3643457345994114 -0.002322258385425682 -0.2055020035841311
5.754 0.1480789073804648 0.159944610229716 0.150399551891341 0.3653752027771209 -0.002320644510876141 -0.2054305925474049
5.756 0.1491592216150756 0.161152499109823 0.1514782539331115 0.3665117302269708 -0.002319032318035893 -0.2053592311171477
5.758 0.1501200271770384 0.1624576981075349 0.1524374489816077 0.3677456173492296 -0.002317421804569321 -0.2052879192416946
5.76 0.1509500169151896 0.1638488628090131 0.1532658298833344 0.3690655196784654 -0.002315812968144862 -0.2052166568694523
5.762 0.1516391460866048 0.1653131248683342 0.1539533518930398 0.3704585688172333 -0.002314205806434994 -0.2051454439488991
5.764 0.1521788774973733 0.1668362627748271 0.1544914778144896 0.3719105432034118 -0.002312600317116239 -0.2050742804285847
5.766 0.1525623981269582 0.1684029193013541 0.1548733946248273 0.3734060855584844 -0.002310996497869141 -0.2050031662571302
5.768 0.152784797013521 0.1699968597678877 0.1550941913598993 0.3749289611511158 -0.002309394346378264 -0.2049321013832281
5.77 0.1528431956380888 0.1716012627432072 0.155150989498421 0.376462348498849 -0.002307793860332186 -0.2048610857556418
5.772 0.1527368241857763 0.1731990327256167 0.1550430192231998 0.3779891520488222 -0.002306195037423485 -0.2047901193232055
5.774 0.1524670397367925 0.1747731228913199 0.1547716376121412 0.3794923249261444 -0.002304597875348735 -0.2047192020348245
5.776 0.1520372854407115 0.1763068553197155 0.15434028781252 0.3809551891591904 -0.002303002371808495 -0.2046483338394749
5.778 0.1514529928079471 0.1777842262666899 0.1537544013324544 0.382361740952893 -0.002301408524507304 -0.2045775146862031
5.78 0.1507214321560831 0.1791901850446339 0.1530212484872367 0.3836969295687601 -0.002299816331153669 -0.2045067445241262
5.782 0.1498515187406966 0.1805108767810586 0.1521497445301567 0.3849469000834903 -0.002298225789460058 -0.2044360233024316
5.784 0.1488535839944855 0.1817338415987818 0.1511502208916284 0.3860991925691587 -0.002296636897142895 -0.2043653509703769
5.786 0.1477391224768143 0.1828481653765084 0.1500341721287368 0.3871428928537984 -0.002295049651922545 -0.2042947274772899
5.788 0.1465205255579042 0.1838445799768925 0.1488139896094275 0.3880687327494609 -0.002293464051523314 -0.2042241527725683
5.79 0.1452108125629188 0.1847155134481817 0.1475026926565922 0.3888691402538614 -0.002291880093673434 -0.2041536268056797
5.792 0.1438233691789842 0.1854550930277663 0.1461136669550892 0.3895382425539279 -0.002290297776105059 -0.2040831495261616
5.794 0.1423717015262656 0.1860591056628475 0.1446604186228199 0.3900718265464683 -0.002288717096554254 -0.2040127208836207
5.796 0.140869212579273 0.1865249221349295 0.1431563506320339 0.3904672629626633 -0.00228713805276099 -0.2039423408277338
5.798 0.1393290057642849 0.1868513917086754 0.141614566406754 0.3907234010169221 -0.002285560642469133 -0.2038720093082467
5.8 0.1377637187068654 0.187038714548117 0.1400477035702918 0.3908404408230914 -0.002283984863426438 -0.2038017262749744
5.802 0.1361853883848632 0.1870882990193316 0.1384677990982478 0.3908197906971332 -0.002282410713384541 -0.2037314916778016
5.804 0.1346053474467384 0.1870026105174799 0.1368861856368374 0.3906639159841612 -0.002280838190098946 -0.2036613054666813
5.806 0.133034150237889 0.1867850177164168 0.135313417529218 0.3903761853080527 -0.002279267291329027 -0.2035911675916359
5.808 0.1314815261595979 0.1864396412394399 0.1337592241744359 0.3899607192421965 -0.002277698014838013 -0.2035210780027566
5.81 0.129956357361216 0.1859712087786625 0.1322324877196089 0.3894222454288654 -0.002276130358392977 -0.2034510366502029
5.812 0.1284666774094586 0.1853849197213619 0.1307412417292234 0.3887659632055653 -0.002274564319764835 -0.2033810434842034
5.814 0.1270196874511688 0.1846863214305208 0.1292926873478971 0.3879974198855754 -0.002272999896728336 -0.2033110984550546
5.816 0.1256217864423042 0.1838811985118833 0.1278932235293663 0.387122400025005 -0.002271437087062054 -0.2032412015131217
5.818 0.124278612209566 0.1829754757033639 0.1265484880981144 0.3861468283122018 -0.002269875888548379 -0.2031713526088379
5.82 0.1229950903992794 0.1819751344534938 0.1252634066982529 0.3850766861461984 -0.002268316298973506 -0.2031015516927047
5.822 0.1217754887128907 0.1808861428123106 0.1240422470290181 0.3839179415276019 -0.002266758316127437 -0.2030317987152914
5.824 0.1206234741977457 0.1797143979317186 0.1228886761355497 0.3826764915589538 -0.002265201937803963 -0.2029620936272351
5.826 0.1195421717320358 0.1784656802495424 0.1218058188938365 0.3813581166287833 -0.002263647161800662 -0.2028924363792409
5.828 0.1185342221958523 0.1771456182968223 0.1207963161817712 0.3799684452189036 -0.002262093985918889 -0.2028228269220813
5.83 0.117601839143898 0.1757596630045479 0.1198623815518618 0.3785129282111442 -0.002260542407963768 -0.2027532652065964
5.832 0.1167468630829278 0.174313070378688 0.1190058555086719 0.3769968215623816 -0.002258992425744185 -0.2026837511836936
5.834 0.115970812705178 0.1728108914471021 0.1182282567422508 0.3754251762514499 -0.002257444037072781 -0.2026142848043478
5.836 0.1152749326371165 0.1712579684456063 0.1175308298768824 0.373802834465207 -0.002255897239765944 -0.2025448660196007
5.838 0.1146602374328788 0.169658936293382 0.1169145894645226 0.3721344310739435 -0.002254352031643799 -0.2024754947805615
5.84 0.1141275516768372 0.168018228501908 0.1163803600873674 0.3704243995403138 -0.002252808410530202 -0.2024061710384058
5.842 0.1136775461630067 0.1663400867593333 0.1159288125372594 0.3686769815037099 -0.002251266374252736 -0.2023368947443766
5.844 0.1133107701950192 0.1646285735294737 0.1155604961156619 0.3668962393792569 -0.002249725920642694 -0.2022676658497832
5.846 0.1130276801030711 0.1628875870981178 0.1152758671506062 0.3650860714041193 -0.002248187047535083 -0.2021984843060015
5.848 0.1128286641070465 0.1611208785856134 0.1150753138598151 0.3632502286500875 -0.002246649752768607 -0.2021293500644741
5.85 0.1127140636718416 0.1593320705231444 0.1149591777060273 0.3613923335998542 -0.002245114034185665 -0.2020602630767098
5.852 0.1126841915046493 0.1575246766598206 0.1149277713942816 0.3595158999541044 -0.002243579889632338 -0.2019912232942837
5.854 0.1127393463371453 0.1557021227273512 0.1149813936541037 0.3576243533961883 -0.002242047316958389 -0.2019222306688371
5.856 0.1128798246206438 0.1538677679393739 0.1151203409346611 0.355721053091451 -0.002240516314017249 -0.2018532851520771
5.858 0.1131059292411162 0.1520249270436698 0.1153449161197822 0.3538093137394467 -0.002238986878666012 -0.2017843866957769
5.86 0.113417975335082 0.1501768927766662 0.1156554343438475 0.3518924280284418 -0.002237459008765429 -0.2017155352517756
5.862 0.1138162932581698 0.1483269585919386 0.1160522259603497 0.3499736893639162 -0.002235932702179895 -0.2016467307719776
5.864 0.1143012287266906 0.1464784415480799 0.116535636683468 0.3480564147564333 -0.00223440795677745 -0.2015779732083534
5.866 0.1148731401198791 0.1446347052454633 0.1171060248903089 0.3461439677584017 -0.002232884770429764 -0.2015092625129384
5.868 0.1155323928975364 0.1427991826969346 0.1177637560385485 0.3442397813347684 -0.002231363141012133 -0.2014405986378338
5.87 0.1162793510554048 0.140975399004382 0.1185091941218083 0.3423473805395878 -0.002229843066403472 -0.2013719815352058
5.872 0.1171143655099679 0.1391669936901056 0.1193426900544542 0.3404704048473916 -0.002228324544486306 -0.2013034111572859
5.874 0.1180377592764956 0.1373777424998545 0.1202645668496424 0.338612629956225 -0.002226807573146762 -0.2012348874563704
5.876 0.1190498092802134 0.1356115784526797 0.1212751014304879 0.3367779888375004 -0.002225292150274566 -0.2011664103848207
5.878 0.1201507246224385 0.1338726118604296 0.1223745028962016 0.3349705917554926 -0.002223778273763031 -0.201097979895063
5.88 0.1213406211130763 0.1321651489771613 0.1235628870545854 0.3331947449167492 -0.002222265941509049 -0.2010295959395879
5.882 0.1226194918800973 0.1304937088660938 0.1248402470315104 0.3314549673370447 -0.002220755151413092 -0.2009612584709508
5.884 0.1239871738788921 0.1288630379880574 0.1262064197802713 0.3297560054298291 -0.002219245901379191 -0.2008929674417717
5.886 0.1254433101523894 0.1272781219224675 0.1276610483417043 0.3281028447272022 -0.002217738189314944 -0.2008247228047348
5.888 0.1269873077402572 0.1257441935305575 0.1292035397533887 0.326500718043146 -0.002216232013131497 -0.2007565245125885
5.89 0.1286182912068448 0.12426673676255 0.1308330185775884 0.3249551092806953 -0.00221472737074354 -0.2006883725181454
5.892 0.1303350518571173 0.1228514851992854 0.1325482761171866 0.3234717519735675 -0.002213224260069303 -0.200620266774282
5.894 0.1321359928416138 0.1215044143094074 0.1343477155206443 0.3220566215433465 -0.002211722679030548 -0.2005522072339392
5.896 0.1340190705211865 0.1202317263005931 0.1362292931467391 0.3207159201507141 -0.002210222625552555 -0.200484193850121
5.898 0.1359817326729381 0.1190398263568462 0.1381904567705022 0.3194560529327419 -0.002208724097564127 -0.2004162265758957
5.9 0.138020854373213 0.1179352889934185 0.1402280814662106 0.3182835943578134 -0.00220722709299757 -0.2003483053643949
5.902 0.1401326726938924 0.1169248132386534 0.1423384043036811 0.317205243407467 -0.002205731609788697 -0.2002804301688137
5.904 0.1423127216920643 0.1160151653835191 0.1445169593379411 0.3162277663259297 -0.002204237645876811 -0.2002126009424107
5.906 0.1445557695551333 0.1152131081414545 0.146758514754338 0.3153579257799621 -0.002202745199204707 -0.2001448176385076
5.908 0.1468557601747125 0.1145253152511188 0.1490570144424312 0.3146023954616085 -0.002201254267718657 -0.2000770802104896
5.91 0.1492057618460159 0.1139582708518059 0.1514055266953843 0.3139676594636106 -0.002199764849368411 -0.2000093886118047
5.912 0.151597926201943 0.1135181533825154 0.1537962031440502 0.3134598961784791 -0.002198276942107179 -0.1999417427959637
5.914 0.1540234608630884 0.1132107043141428 0.15622025140698 0.3130848470306836 -0.002196790543891638 -0.1998741427165407
5.916 0.1564726195765622 0.113041082727822 0.1586679252292442 0.3128476710549941 -0.002195305652681911 -0.1998065883271721
5.918 0.1589347137822802 0.1130137075982281 0.1611285360487218 0.3127527871797853 -0.002193822266441571 -0.1997390795815572
5.92 0.1613981495355121 0.11313209061325 0.1635904899186497 0.3128037070467079 -0.002192340383137629 -0.1996716164334579
5.922 0.1638504934750657 0.1133986634290665 0.1660413534758062 0.3130028622657647 -0.002190860000740524 -0.1996041988366982
5.924 0.1662785710083798 0.113814604370968 0.1684679521256039 0.3133514311161326 -0.002189381117224122 -0.1995368267451646
5.926 0.1686685990497905 0.114379670674085 0.1708565027803562 0.3138491707868909 -0.002187903730565707 -0.1994695001128059
5.928 0.171006354473333 0.1150920433239955 0.1731927823120789 0.3144942622176284 -0.002186427838745975 -0.1994022188936329
5.93 0.1732773779312975 0.1159481922988516 0.1754623313710465 0.3152831753405701 -0.002184953439749023 -0.1993349830417185
5.932 0.1754672108837116 0.1169427704193661 0.177650691415274 0.3162105629305635 -0.002183480531562345 -0.1992677925111974
5.934 0.1775616616578646 0.1180685439704003 0.1797436707700414 0.3172691912266664 -0.002182009112176828 -0.1992006472562661
5.936 0.1795470942299345 0.1193163676758697 0.1817276334095213 0.3184499149070526 -0.00218053917958674 -0.1991335472311829
5.938 0.1814107313483586 0.1206752104285092 0.1835898020801483 0.3197417028187767 -0.002179070731789725 -0.1990664923902675
5.94 0.1831409617831174 0.1221322363875545 0.1853185655499042 0.3211317190754557 -0.002177603766786798 -0.1989994826879012
5.942 0.1847276400792932 0.1236729437105074 0.1869037783618755 0.3226054617890343 -0.002176138282582337 -0.1989325180785269
5.944 0.1861623663998477 0.1252813603971508 0.1883370406770318 0.3241469589137991 -0.002174674277184075 -0.1988655985166483
5.946 0.1874387340066639 0.1269402936748815 0.189611945755267 0.3257390176317122 -0.002173211748603094 -0.1987987239568307
5.948 0.1885525327364576 0.128631626274922 0.1907242834313114 0.3273635206286223 -0.002171750694853819 -0.1987318943537003
5.95 0.1895018984877003 0.130336650099583 0.1916721896016543 0.3290017597615271 -0.002170291113954011 -0.1986651096619441
5.952 0.1902874011650468 0.1320364254201895 0.1924562341689716 0.3306347952564999 -0.002168833003924761 -0.1985983698363104
5.954 0.1909120665635901 0.1337121520994917 0.1930794429263806 0.3322438269310996 -0.002167376362790479 -0.1985316748316079
5.956 0.1913813310806429 0.1353455385654536 0.1935472522692218 0.3338105631681595 -0.002165921188578893 -0.198465024602706
5.958 0.1917029316367234 0.1369191544520239 0.1938673991160444 0.3353175735565588 -0.002164467479321041 -0.1983984191045348
5.96 0.1918867364793114 0.1384167539484725 0.1940497517123627 0.3367486122405575 -0.002163015233051262 -0.1983318582920849
5.962 0.1919445253654229 0.1398235588484852 0.1941060898132301 0.3380889009688923 -0.00216156444780719 -0.1982653421204071
5.964 0.1918897297608469 0.1411264928734933 0.1940498448824767 0.3393253634181057 -0.002160115121629746 -0.1981988705446124
5.966 0.1917371450209957 0.1423143618178168 0.1938958122735588 0.3404468053376891 -0.002158667252563141 -0.1981324435198723
5.968 0.1915026269851939 0.14337797716283 0.1936598478238487 0.3414440381642478 -0.002157220838654853 -0.1980660610014179
5.97 0.1912027850621303 0.1443102237823109 0.1933585609400859 0.3423099467268516 -0.002155775877955635 -0.1979997229445406
5.972 0.1908546828210573 0.1451060749965328 0.1930090151895768 0.3430395043011243 -0.002154332368519499 -0.1979334293045915
5.974 0.1904755554939613 0.145762560372073 0.192628445802365 0.3436297404090547 -0.002152890308403717 -0.1978671800369817
5.976 0.190082551826784 0.1462786932168583 0.1922340015224528 0.3440796683140397 -0.002151449695668807 -0.1978009750971814
5.978 0.1896925055845345 0.14665536565874 0.191842516112913 0.3443901800994609 -0.002150010528378532 -0.197734814440721
5.98 0.1893217398895653 0.1468952195514837 0.1914703126941652 0.3445639175746736 -0.00214857280459989 -0.1976686980231899
5.982 0.1889859055957919 0.147002501297577 0.191133042118195 0.3446051270978141 -0.002147136522403111 -0.1976026258002371
5.984 0.1886998531773363 0.1469829081125796 0.190845554857198 0.3445195058401504 -0.002145701679861648 -0.1975365977275708
5.986 0.188477536199808 0.1468434323930919 0.1906218044748602 0.3443140461540502 -0.00214426827505217 -0.1974706137609583
5.988 0.188331943370479 0.1465922098003514 0.1904747796765336 0.3439968836565773 -0.002142836306054557 -0.1974046738562259
5.99 0.1882750554242245 0.1462383755334621 0.1904164611951764 0.3435771535027213 -0.002141405770951895 -0.1973387779692592
5.992 0.1883178226661425 0.1457919321227411 0.190457799333973 0.3430648581787434 -0.002139976667830465 -0.1972729260560023
5.994 0.1884701588161218 0.1452636309866532 0.1906087078109016 0.3424707490591113 -0.002138548994779743 -0.1972071180724581
5.996 0.1887409468351737 0.1446648690074865 0.1908780695850661 0.3418062229821749 -0.002137122749892386 -0.1971413539746884
5.998 0.1891380526074504 0.1440076005152166 0.1912737505387146 0.34108323423403 -0.002135697931264233 -0.1970756337188133
6 0.1896683426581275 0.1433042643341876 0.1918026171951218 0.3403142215951993 -0.002134274536994293 -0.1970099572610116
6.002 0.1903377024655678 0.142567724940444 0.1924705550307526 0.3395120494979645 -0.002132852565184744 -0.1969443245575205
6.004 0.1911510523439755 0.1418112262877891 0.1932824843579165 0.3386899618524241 -0.002131432013940919 -0.196878735564635
6.006 0.1921123583064736 0.1410483564712162 0.1942423711878449 0.337861546709925 -0.002130012881371308 -0.1968131902387089
6.008 0.1932246357529646 0.1402930210897838 0.1953532309185522 0.3370407096259375 -0.002128595165587548 -0.1967476885361537
6.01 0.1944899442542656 0.1395594229289758 0.19661712311897 0.3362416533424149 -0.002127178864704416 -0.1966822304134391
6.012 0.195909372122747 0.1388620453887181 0.1980351360995868 0.3354788612158106 -0.002125763976839822 -0.1966168158270925
6.014 0.1974830098738631 0.1382156369246573 0.1996073603739779 0.3347670816583565 -0.002124350500114807 -0.1965514447336992
6.016 0.1992099120999202 0.1376351936380373 0.2013328505325737 0.3341213107279396 -0.002122938432653532 -0.1964861170899023
6.018 0.2010880477085872 0.137135937038787 0.2032095754811705 0.3335567698911893 -0.002121527772583274 -0.1964208328524022
6.02 0.2031142389353177 0.1367332839184955 0.2052343574533521 0.3330888758964528 -0.002120118518034422 -0.1963555919779572
6.022 0.2052840900331399 0.1364428052110801 0.2074028007002804 0.3327331996344628 -0.002118710667140464 -0.1962903944233827
6.024 0.2075919070867583 0.1362801707010979 0.2097092113047963 0.3325054108466494 -0.002117304218037989 -0.1962252401455515
6.026 0.2100306109980208 0.136261076480958 0.2121465101668875 0.3324212055823517 -0.002115899168866676 -0.1961601291013937
6.028 0.2125916463498326 0.1364011521822239 0.2147061418676019 0.3324962134301203 -0.002114495517769288 -0.1960950612478964
6.03 0.2152648895733543 0.1367158452408151 0.2173779828362459 0.332745881782919 -0.002113093262891667 -0.1960300365421039
6.032 0.2180385606063441 0.1372202798336954 0.2201502530087268 0.3331853347748128 -0.00211169240238273 -0.1959650549411173
6.034 0.2208991430158222 0.1379290886790976 0.2230094359502166 0.3338292050811923 -0.002110292934394457 -0.1959001164020946
6.036 0.2238313183316732 0.1388562166565755 0.2259402131887551 0.334691437538826 -0.00210889485708189 -0.1958352208822506
6.038 0.2268179210485297 0.1400146962051614 0.2289254192171328 0.3357850645440179 -0.002107498168603126 -0.1957703683388565
6.04 0.2298399213362963 0.1414163957158377 0.2319460242034156 0.337121954445078 -0.002106102867119308 -0.1957055587292403
6.042 0.2328764428774442 0.1430717436511755 0.2349811518282388 0.3387125356619622 -0.002104708950794626 -0.1956407920107867
6.044 0.2359048233304937 0.1449894328812663 0.23800813974829 0.3405655010222025 -0.002103316417796302 -0.1955760681409361
6.046 0.2389007246077803 0.1471761116722881 0.2410026498740749 0.3426874987494739 -0.002101925266294588 -0.1955113870771858
6.048 0.2418382993597054 0.1496360698217469 0.2439388348541681 0.3450828185988359 -0.002100535494462763 -0.195446748777089
6.05 0.24469041869653 0.1523709304829197 0.2467895657970072 0.3477530836811749 -0.002099147100477121 -0.1953821531982552
6.052 0.2474289642005164 0.1553793601045645 0.2495267242830334 0.350696960402914 -0.002097760082516972 -0.1953176002983495
6.054 0.2500251846787845 0.158656810445238 0.2521215591175492 0.3539099004803313 -0.002096374438764629 -0.1952530900350933
6.056 0.2524501149279963 0.1621953075969877 0.2545451050954017 0.3573839299632514 -0.002094990167405407 -0.1951886223662637
6.058 0.2546750501462197 0.1659833031654394 0.2567686574128473 0.361107500415133 -0.002093607266627614 -0.1951241972496936
6.06 0.2566720657279672 0.17000560201771 0.2587642914625898 0.3650654166609813 -0.002092225734622547 -0.1950598146432713
6.062 0.258414568282884 0.1742433791966363 0.2605054138524685 0.3692388537015772 -0.002090845569584486 -0.1949954745049409
6.064 0.2598778601489051 0.1786742956583896 0.2619673269186157 0.3736054724510914 -0.002089466769710688 -0.1949311767927017
6.066 0.26103969678122 0.1832727184754534 0.2631277861144213 0.3781396399400621 -0.00208808933320138 -0.1948669214646087
6.068 0.2618808145360644 0.1880100462360558 0.2639675277943241 0.3828127547148277 -0.002086713258259752 -0.1948027084787719
6.07 0.2623854058276802 0.1928551348589027 0.2644707443707722 0.3875936726522592 -0.002085338543091955 -0.1947385377933565
6.072 0.2625415196164296 0.1977748133284896 0.2646254848023367 0.3924492226950724 -0.002083965185907095 -0.1946744093665828
6.074 0.2623413677497815 0.2027344734104196 0.2644239609346987 0.3973447965671458 -0.002082593184917221 -0.1946103231567262
6.076 0.2617815217299346 0.2076987127107124 0.2638627442682719 0.4022449918328294 -0.002081222538337328 -0.194546279122117
6.078 0.2608629897657944 0.2126320069415506 0.2629428430101798 0.4071142841626906 -0.002079853244385341 -0.1944822772211401
6.08 0.2595911700849312 0.2174993852932986 0.2616696553862133 0.411917702705534 -0.002078485301282122 -0.1944183174122354
6.082 0.2579756829357757 0.2222670825851194 0.2600528016430271 0.4166214822390167 -0.002077118707251451 -0.1943543996538973
6.084 0.2560300899650187 0.2269031433960386 0.2581058434255387 0.4211936673007133 -0.002075753460520029 -0.1942905239046747
6.086 0.2537715151958198 0.2313779565134651 0.2558459047551372 0.4256046466366361 -0.002074389559317469 -0.194226690123171
6.088 0.2512201862317874 0.2356647024641794 0.2532932132336637 0.4298276007322235 -0.002073027001876292 -0.1941628982680441
6.09 0.248398917274103 0.2397397021907397 0.2504705830605349 0.4338388504887457 -0.002071665786431919 -0.194099148298006
6.092 0.2453325569271318 0.2435826606269084 0.2474028628383544 0.4376181007987314 -0.002070305911222668 -0.1940354401718229
6.094 0.2420474236060701 0.2471768045297054 0.2441163709805599 0.4411485783780206 -0.002068947374489742 -0.1939717738483152
6.096 0.2385707498168614 0.2505089190222233 0.2406383399913387 0.4444170683085805 -0.002067590174477234 -0.1939081492863572
6.098 0.2349301539264831 0.2535692915675904 0.2369963882359152 0.4474138580124677 -0.002066234309432113 -0.1938445664448772
6.1 0.2311531546202126 0.2563515753209604 0.2332180343978168 0.4501326006038178 -0.002064879777604219 -0.1937810252828575
6.102 0.2272667394077257 0.2588525859087997 0.229330265984972 0.4525701116681333 -0.002063526577246261 -0.1937175257593336
6.104 0.2232969946243374 0.2610720466898868 0.2253591693309512 0.454726114523282 -0.00206217470661381 -0.1936540678333953
6.106 0.2192688006611773 0.2630122975721983 0.2213296248251427 0.4566029490363838 -0.00206082416396529 -0.1935906514641855
6.108 0.2152055928624952 0.2646779816674171 0.2172650678100572 0.458205258278318 -0.002059474947561978 -0.1935272766109009
6.11 0.2111291857848918 0.2660757226653045 0.2131873128405598 0.459539665898096 -0.002058127055667994 -0.1934639432327915
6.112 0.2070596563901813 0.2672138040106681 0.2091164368767316 0.4606144552998286 -0.002056780486550299 -0.1934006512891605
6.114 0.2030152802453941 0.2681018589601794 0.2050707154838728 0.4614392596995436 -0.002055435238478685 -0.1933374007393643
6.116 0.1990125138856606 0.2687505785501833 0.2010666051953864 0.462024770092996 -0.002054091309725772 -0.1932741915428127
6.118 0.1950660160859235 0.2691714425482269 0.1971187647844905 0.4623824662071951 -0.002052748698567005 -0.1932110236589682
6.12 0.1911887007944847 0.269376476682159 0.1932401081977654 0.4625243737295057 -0.002051407403280642 -0.1931478970473466
6.122 0.1873918148057523 0.2693780378986291 0.1894418822279001 0.4624628495661454 -0.002050067422147756 -0.1930848116675163
6.124 0.1836850338002841 0.2691886281237158 0.1857337625537363 0.4622103956028145 -0.002048728753452223 -0.1930217674790987
6.126 0.1800765710738554 0.2688207359857089 0.1821239624693362 0.4617795004274765 -0.002047391395480721 -0.1929587644417676
6.128 0.1765732940414451 0.2682867051995238 0.1786193493879678 0.4611825077147736 -0.002046055346522721 -0.1928958025152498
6.13 0.1731808443832339 0.2675986277780116 0.1752255649881043 0.460431509437336 -0.002044720604870486 -0.1928328816593243
6.132 0.1699037584562131 0.2667682598961978 0.1719471456250321 0.4595382617300207 -0.002043387168819061 -0.1927700018338228
6.134 0.1667455852963493 0.2658069580557513 0.1687876403330156 0.4585141210543804 -0.002042055036666269 -0.1927071629986292
6.136 0.1637090001665377 0.264725633145541 0.1657497243732504 0.4573699982592206 -0.002040724206712708 -0.1926443651136796
6.138 0.1607959121555167 0.2635347200394024 0.1628353068327785 0.456116328178365 -0.002039394677261742 -0.1925816081389626
6.14 0.1580075647986471 0.2622441604865148 0.1600456312452666 0.4547630525210334 -0.002038066446619497 -0.1925188920345186
6.142 0.1553446290769838 0.260863397210494 0.1573813685900787 0.4533196139709342 -0.002036739513094857 -0.1924562167604402
6.144 0.1528072884619329 0.2594013773220011 0.1548427023369323 0.4517949595988728 -0.002035413874999456 -0.1923935822768717
6.146 0.1503953159148787 0.2578665633507994 0.1524294054455264 0.4501975518948089 -0.002034089530647677 -0.1923309885440095
6.148 0.1481081429346923 0.2562669504062784 0.1501409094130489 0.4485353859283802 -0.002032766478356638 -0.1922684355221017
6.15 0.145944920878995 0.2546100881724079 0.1479763655954412 0.446816011343856 -0.002031444716446199 -0.1922059231714481
6.152 0.143904574874885 0.2529031066274973 0.145934699118124 0.4450465580798971 -0.002030124243238945 -0.1921434514523999
6.154 0.1419858506902324 0.251152744548065 0.1440146557472926 0.443233764873425 -0.002028805057060189 -0.19208102032536
6.156 0.1401873549643832 0.2493653800075551 0.1422148421206212 0.4413840097583379 -0.002027487156237961 -0.1920186297507828
6.158 0.1385075892021723 0.2475470622127459 0.1405337597412753 0.4395033419019198 -0.002026170539103005 -0.1919562796891739
6.16 0.1369449779237368 0.245703544134134 0.1389698331277256 0.4375975142352241 -0.002024855203988776 -0.1918939701010902
6.162 0.1354978913390174 0.2438403154817194 0.1375214324882488 0.4356720164288591 -0.002023541149231431 -0.1918317009471396
6.164 0.1341646628827383 0.2419626356543923 0.1361868912559081 0.4337321078423739 -0.002022228373169825 -0.1917694721879816
6.166 0.1329436019071747 0.240075566351131 0.1349645187813202 0.4317828501354572 -0.002020916874145508 -0.1917072837843262
6.168 0.1318330017885361 0.2381840035765521 0.1338526084390388 0.4298291392734866 -0.002019606650502714 -0.1916451356969344
6.17 0.1308311436597538 0.2362927088019319 0.1328494413603422 0.4278757366885504 -0.002018297700588364 -0.1915830278866185
6.172 0.1299362959408028 0.2344063390574254 0.1319532859635549 0.4259272993716665 -0.002016990022752053 -0.191520960314241
6.174 0.1291467097987868 0.23252947573268 0.1311623934141329 0.4239884086733955 -0.002015683615346048 -0.1914589329407154
6.176 0.1284606106354176 0.2306666518511067 0.1304749891121429 0.4220635975781124 -0.002014378476725287 -0.1913969457270057
6.178 0.1278761856713148 0.2288223775593564 0.1298892602765621 0.4201573761934829 -0.002013074605247366 -0.1913349986341265
6.18 0.1273915676768375 0.2270011635388868 0.1294033396761101 0.4182742551620295 -0.002011771999272537 -0.1912730916231427
6.182 0.1270048148893615 0.2252075420006257 0.1290152855465252 0.4164187666557954 -0.002010470657163706 -0.1912112246551697
6.184 0.1267138871601254 0.2234460848688672 0.1287230577374118 0.4145954825602402 -0.002009170577286424 -0.191149397691373
6.186 0.1265166183921156 0.2217214186978266 0.1285244901501244 0.4128090293907953 -0.002007871758008885 -0.1910876106929686
6.188 0.1264106853668661 0.2200382357951523 0.1284172595645681 0.4110640994163747 -0.002006574197701916 -0.1910258636212224
6.19 0.1263935731155788 0.2184013009543803 0.1283988510103177 0.4093654573918305 -0.002005277894738976 -0.1909641564374502
6.192 0.1264625370715954 0.2168154531264603 0.1284665199190916 0.4077179422294783 -0.002003982847496151 -0.190902489103018
6.194 0.1266145623499687 0.2152856012931493 0.1286172514043208 0.4061264628724908 -0.002002689054352148 -0.1908408615793415
6.196 0.1268463206381513 0.2138167137487497 0.1288477171518396 0.4045959875766362 -0.002001396513688286 -0.1907792738278865
6.198 0.1271541253513503 0.2124137999589356 0.1291542305752388 0.4031315257691037 -0.0020001052238885 -0.1907177258101681
6.2 0.1275338859073614 0.2110818841545449 0.1295327010907007 0.4017381016422961 -0.001998815183339327 -0.1906562174877512
6.202 0.1279810622071963 0.2098259698453015 0.1299785885976262 0.4004207186675519 -0.001997526390429905 -0.1905947488222503
6.204 0.1284906206652551 0.2086509945151568 0.1304868595088071 0.3991843142904862 -0.001996238843551969 -0.1905333197753294
6.206 0.129056993409034 0.2075617738992774 0.1310519459501338 0.3980337042079791 -0.001994952541099841 -0.1904719303087017
6.208 0.1296740425511913 0.2065629354558096 0.1316677100326617 0.3969735158399396 -0.001993667481470433 -0.19041058038413
6.21 0.130335031710228 0.2056588409443374 0.1323274153732912 0.3960081109077634 -0.001992383663063235 -0.190349269963426
6.212 0.131032607197596 0.2048534984163993 0.1330237082818763 0.3951414974248501 -0.001991101084280313 -0.1902879990084508
6.214 0.1317587914722801 0.2041504644151121 0.1337486112158064 0.3943772318962265 -0.001989819743526302 -0.1902267674811144
6.216 0.1325049915565646 0.2035527377682671 0.134493531195773 0.3937183131116432 -0.001988539639208405 -0.1901655753433761
6.218 0.1332620250738602 0.2030626470300006 0.1352492858435966 0.3931670695872443 -0.001987260769736386 -0.1901044225572437
6.22 0.1340201663758819 0.2026817343560784 0.1360061495094045 0.3927250434408526 -0.00198598313352256 -0.1900433090847742
6.222 0.1347692148390434 0.202410639350597 0.1367539215680252 0.3923928742386701 -0.001984706728981798 -0.1899822348880731
6.224 0.135498586803579 0.2022489871463706 0.1374820183581105 0.3921701870756653 -0.001983431554531516 -0.1899211999292947
6.226 0.1361974317919189 0.202195285614122 0.1381795894005106 0.3920554897847639 -0.001982157608591667 -0.1898602041706419
6.228 0.1368547725812307 0.2022468370637532 0.1388356574708155 0.3920460846381192 -0.001980884889584745 -0.189799247574366
6.23 0.1374596674492685 0.2023996700272678 0.1394392808452042 0.3921380001300349 -0.001979613395935772 -0.1897383301027671
6.232 0.1380013915199756 0.2026484966240987 0.1399797346460479 0.3923259483422919 -0.001978343126072297 -0.1896774517181932
6.234 0.1384696326904363 0.2029867005461324 0.1404467067688607 0.3926033129291733 -0.001977074078424392 -0.1896166123830409
6.236 0.1388546962327361 0.2034063598265348 0.1408305024841607 0.3929621718862898 -0.001975806251424643 -0.189555812059755
6.238 0.1391477109595821 0.2038983072731202 0.1411222506030903 0.3933933579839484 -0.001974539643508149 -0.1894950507108282
6.24 0.1393408289516139 0.2044522297951973 0.1413141032047264 0.3938865580939989 -0.001973274253112517 -0.1894343282988016
6.242 0.1394274103877239 0.2050568059190181 0.1413994204664017 0.3944304507052822 -0.001972010078677854 -0.1893736447862641
6.244 0.1394021850908921 0.2056998787005854 0.1413729322095389 0.3950128788364378 -0.001970747118646766 -0.1893130001358524
6.246 0.1392613830508577 0.2063686591666143 0.141230868422322 0.3956210534768655 -0.00196948537146435 -0.1892523943102513
6.248 0.1390028274070576 0.2070499535225136 0.1409710522426358 0.3962417807947066 -0.001968224835578192 -0.189191827272193
6.25 0.138625985106071 0.2077304058345032 0.1405929506155094 0.3968617048189609 -0.001966965509438361 -0.1891312989844577
6.252 0.1381319725657323 0.2083967468686004 0.1400976799572297 0.3974675562784736 -0.001965707391497402 -0.1890708094098732
6.254 0.1375235160166566 0.2090360393541486 0.139487966496867 0.3980463978654631 -0.001964450480210337 -0.1890103585113145
6.256 0.1368048685578074 0.2096359101760853 0.1387680633318421 0.3985858564277897 -0.001963194774034652 -0.1889499462517043
6.258 0.1359816881595637 0.2101847608639212 0.1379436284309939 0.3990743334579339 -0.001961940271430302 -0.1888895725940127
6.26 0.1350608826995835 0.2106719491499023 0.1370215696704432 0.3995011866511593 -0.001960686970859697 -0.188829237501257
6.262 0.1340504294879398 0.2110879361776108 0.1360098643587275 0.3998568771141125 -0.001959434870787705 -0.1887689409365017
6.264 0.1329591775476764 0.2114243959861843 0.134917361517358 0.4001330788490427 -0.001958183969681641 -0.1887086828628584
6.266 0.1317966411446303 0.2116742859958012 0.1337535754106416 0.4003227492392873 -0.001956934266011266 -0.1886484632434861
6.268 0.1305727927413836 0.2118318792095935 0.1325284784996324 0.4004201612511838 -0.001955685758248783 -0.1885882820415904
6.27 0.1292978627680213 0.2118927605863414 0.1312523012128902 0.4004208998067654 -0.001954438444868829 -0.1885281392204239
6.272 0.1279821524715304 0.2118537914282531 0.1299353447958789 0.4003218261715394 -0.001953192324348471 -0.1884680347432863
6.274 0.1266358647554747 0.2117130466150606 0.1285878121506419 0.4001210151885845 -0.001951947395167206 -0.1884079685735239
6.276 0.1252689564810283 0.2114697300887166 0.1272196601368352 0.3998176707632461 -0.00195070365580695 -0.1883479406745295
6.278 0.1238910142846182 0.2111240741788888 0.1258404753893702 0.3994120251886317 -0.001949461104752037 -0.1882879510097429
6.28 0.1225111546676111 0.2106772282119492 0.1244593744081003 0.3989052277545993 -0.001948219740489213 -0.1882279995426501
6.282 0.1211379479951588 0.2101311414357982 0.1230849275566664 0.3982992276725821 -0.001946979561507634 -0.1881680862367839
6.284 0.1197793651421005 0.2094884446966567 0.1217251057083993 0.39759665575238 -0.001945740566298856 -0.1881082110557233
6.286 0.1184427448554248 0.2087523345967107 0.1203872476087817 0.3968007085598043 -0.001944502753356838 -0.1880483739630936
6.288 0.1171347794585627 0.2079264631096516 0.1190780455797406 0.3959150380322181 -0.001943266121177929 -0.1879885749225665
6.29 0.1158615162805402 0.2070148348894122 0.1178035469488011 0.3949436487872719 -0.001942030668260872 -0.1879288138978597
6.292 0.1146283721210659 0.2060217138161046 0.1165691685141727 0.3938908046688419 -0.00194079639310679 -0.1878690908527372
6.294 0.1134401581264072 0.2049515397098784 0.1153797214206264 0.3927609454608874 -0.00193956329421919 -0.187809405751009
6.296 0.1123011126150507 0.2038088556234331 0.1142394439851546 0.3915586141799639 -0.001938331370103955 -0.1877497585565308
6.298 0.1112149396231899 0.2025982457021501 0.1131520402424593 0.3902883949353546 -0.001937100619269338 -0.1876901492332045
6.3 0.1101848512102166 0.2013242832752721 0.1121207222504426 0.3889548610202498 -0.001935871040225961 -0.1876305777449778
6.302 0.1092136118503524 0.1999914886048456 0.1111482544818393 0.3875625326606894 -0.001934642631486806 -0.1875710440558438
6.304 0.1083035835198286 0.1986042955599639 0.1102369989113958 0.3861158436898057 -0.001933415391567214 -0.1875115481298418
6.306 0.1074567703573683 0.197167026390559 0.1093889596763531 0.3846191163216152 -0.001932189318984881 -0.1874520899310562
6.308 0.1066748620201896 0.1956838737345873 0.1086058264324494 0.3830765431582046 -0.001930964412259848 -0.1873926694236173
6.31 0.1059592750736949 0.1941588889934312 0.1078890157436094 0.3814921755651317 -0.001929740669914506 -0.1873332865717005
6.312 0.1053111919380498 0.1925959762414598 0.1072397100285234 0.3798699175809867 -0.001928518090473582 -0.1872739413395269
6.314 0.1047315970693354 0.1909988908881233 0.1066588937417995 0.378213524579486 -0.001927296672464139 -0.1872146336913627
6.316 0.1042213101783112 0.1893712423769776 0.1061473865927267 0.3765266059684971 -0.001926076414415575 -0.1871553635915196
6.318 0.103781016388145 0.1877165002789883 0.1057058737030047 0.3748126312833423 -0.00192485731485961 -0.187096131004354
6.32 0.1034112933071595 0.1860380032130746 0.1053349326794898 0.3730749391073425 -0.001923639372330287 -0.1870369358942679
6.322 0.1031126350464328 0.1843389701014799 0.1050350576317967 0.3713167483271879 -0.00192242258536397 -0.186977778225708
6.324 0.1028854732481334 0.1826225133380547 0.1048066802006327 0.3695411713012207 -0.001921206952499335 -0.186918657963166
6.326 0.1027301952117503 0.1808916535127829 0.1046501876840277 0.3677512285839616 -0.001919992472277366 -0.1868595750711787
6.328 0.1026471592143936 0.1791493353946128 0.104565938357635 0.3659498649089402 -0.001918779143241353 -0.1868005295143274
6.33 0.102636707120428 0.1773984449256691 0.1045542740843649 0.3641399661829074 -0.001917566963936886 -0.1867415212572383
6.332 0.1026991743668891 0.1756418270234182 0.104615530299801 0.3623243772880005 -0.001916355932911853 -0.1866825502645823
6.334 0.102834897396147 0.1738823040233733 0.1047500434448634 0.3605059205244481 -0.00191514604871643 -0.1866236165010748
6.336 0.1030442185873928 0.1721226946225377 0.1049581558972959 0.3586874145540135 -0.001913937309903082 -0.1865647199314758
6.338 0.1033274887152282 0.1703658332039199 0.1052402184302548 0.3568716937245097 -0.001912729715026559 -0.1865058605205897
6.34 0.1036850669376933 0.1686145894351246 0.1055965902003372 0.3550616276683901 -0.001911523262643888 -0.1864470382332654
6.342 0.1041173182885591 0.1668718880384326 0.1060276362398735 0.3532601410728286 -0.001910317951314371 -0.186388253034396
6.344 0.1046246086205334 0.1651407286266177 0.106533722400133 0.3514702335155365 -0.001909113779599577 -0.1863295048889187
6.346 0.1052072969177875 0.1634242054879907 0.1071152076638509 0.3496949992498061 -0.001907910746063347 -0.1862707937618154
6.348 0.1058657248691234 0.1617255271846262 0.1077724337183952 0.3479376468027378 -0.001906708849271779 -0.1862121196181115
6.35 0.1066002035679997 0.1600480357999617 0.1085057116557929 0.3462015182228386 -0.001905508087793228 -0.1861534824228769
6.352 0.107410997183562 0.1583952256357182 0.1093153056437604 0.3444901077769433 -0.001904308460198304 -0.186094882141225
6.354 0.1082983034295186 0.1567707611120504 0.1102014133945784 0.3428070798503642 -0.001903109965059867 -0.1860363187383137
6.356 0.1092622306466627 0.1551784935695373 0.1111641432476157 0.3411562857488816 -0.001901912600953018 -0.1859777921793443
6.358 0.1103027713119063 0.1536224766069965 0.1122034876783614 0.3395417790365585 -0.001900716366455101 -0.185919302429562
6.36 0.1114197717947514 0.1521069795141797 0.1133192930548971 0.3379678289684352 -0.001899521260145693 -0.1858608494542555
6.362 0.1126128982038237 0.1506364982745768 0.1145112254844303 0.3364389314933343 -0.001898327280606608 -0.1858024332187575
6.364 0.113881598204333 0.1492157635215597 0.1157787326307549 0.3349598172100036 -0.001897134426421882 -0.1857440536884439
6.366 0.1152250587466815 0.1478497447319367 0.1171210014428593 0.333535455560671 -0.001895942696177778 -0.1856857108287344
6.368 0.1166421597303239 0.1465436498378904 0.1185369118187866 0.3321710544429822 -0.001894752088462777 -0.1856274046050918
6.37 0.1181314237396272 0.1453029193349851 0.1200249863414948 0.3308720543180076 -0.001893562601867577 -0.1855691349830225
6.372 0.119690962134829 0.1441332138650072 0.121583336369814 0.3296441157930833 -0.001892374234985082 -0.1855109019280761
6.374 0.1213184179646121 0.1430403941654433 0.1232096049510225 0.3284930995712886 -0.001891186986410409 -0.1854527054058453
6.376 0.1230109063902886 0.1420304922112833 0.1249009072450295 0.3274250375932495 -0.001890000854740872 -0.1853945453819662
6.378 0.1247649535777086 0.1411096723399103 0.1266537694162846 0.326446094162028 -0.001888815838575988 -0.1853364218221178
6.38 0.1265764353205572 0.1402841811600448 0.1284640672570747 0.3255625158520669 -0.001887631936517467 -0.1852783346920221
6.382 0.1284405170040767 0.1395602851158949 0.1303269661512459 0.324780569073339 -0.001886449147169206 -0.1852202839574442
6.384 0.1303515968946365 0.1389441947241785 0.1322368643637737 0.3241064643083703 -0.001885267469137291 -0.1851622695841918
6.386 0.1323032551343433 0.1384419747422438 0.1341873420353733 0.3235462662803597 -0.001884086901029992 -0.1851042915381158
6.388 0.1342882112117088 0.1380594398765458 0.1361711186531665 0.3231057896616553 -0.001882907441457752 -0.1850463497851096
6.39 0.1362982930441841 0.1378020361162116 0.1381800221332173 0.3227904804073207 -0.001881729089033192 -0.1849884442911092
6.392 0.1383244211117519 0.1376747083855771 0.140204972954123 0.3226052834076704 -0.001880551842371099 -0.1849305750220933
6.394 0.1403566112819083 0.1376817559537461 0.1422359869819967 0.3225544978978294 -0.001879375700088429 -0.1848727419440833
6.396 0.142384000020565 0.1378266779082867 0.1442622006813693 0.3226416229314296 -0.001878200660804298 -0.1848149450231429
6.398 0.1443948955403478 0.1381120119702901 0.1462719222634878 0.3228691961956684 -0.001877026723139979 -0.1847571842253783
6.4 0.1463768580497674 0.1385391709576521 0.1482527119354863 0.32323863047459 -0.001875853885718901 -0.1846994595169379
6.402 0.1483168115942341 0.1391082822327308 0.1501914937414007 0.3237500530967434 -0.001874682147166638 -0.1846417708640126
6.404 0.1502011889946255 0.1398180364208719 0.1520747005007364 0.3244021546537073 -0.001873511506110914 -0.1845841182328353
6.406 0.1520161100862811 0.1406655524629883 0.1538884520474627 0.3251920540526695 -0.001872341961181592 -0.1845265015896812
6.408 0.1537475918656482 0.1416462665644123 0.1556187653766588 0.3261151874652798 -0.001871173511010672 -0.1844689209008675
6.41 0.1553817873214627 0.1427538527181765 0.157251793475695 0.3271652288509299 -0.001870006154232289 -0.1844113761327534
6.412 0.1569052477597364 0.1439801821200614 0.1587740876492191 0.3283340493718017 -0.001868839889482707 -0.1843538672517402
6.414 0.1583052014616785 0.1453153278881677 0.1601728761770788 0.3296117221124386 -0.001867674715400313 -0.1842963942242709
6.416 0.1595698397031104 0.1467476200242298 0.161436350333736 0.3309865770410602 -0.00186651063062562 -0.1842389570168304
6.418 0.1606885996922318 0.1482637535333131 0.1625539473260331 0.3324453091292585 -0.001865347633801254 -0.1841815555959454
6.42 0.1616524330265322 0.1498489501412769 0.1635166187501041 0.3339731400694611 -0.001864185723571958 -0.1841241899281842
6.422 0.1624540479788509 0.1514871712629004 0.1643170728774355 0.3355540312430571 -0.001863024898584582 -0.1840668599801567
6.424 0.1630881143996329 0.1531613769791746 0.164949979557121 0.3371709426976892 -0.001861865157488084 -0.1840095657185146
6.426 0.1635514213019331 0.1548538230169658 0.1654121278008666 0.3388061301269166 -0.00186070649893352 -0.1839523071099508
6.428 0.1638429792312601 0.1565463853326655 0.1657025281528341 0.3404414694538653 -0.001859548921574049 -0.1838950841211998
6.43 0.163964062186131 0.1582209001091745 0.1658224546101959 0.3420587968282118 -0.001858392424064919 -0.1838378967190374
6.432 0.1639181869478176 0.1598595059593255 0.165775423952881 0.3436402508296062 -0.001857237005063471 -0.1837807448702807
6.434 0.1637110309478725 0.1614449749898571 0.1655671136111016 0.3451686035316452 -0.001856082663229131 -0.1837236285417881
6.436 0.1633502929779962 0.1629610201327079 0.1652052223752196 0.3466275678331671 -0.001854929397223406 -0.1836665477004591
6.438 0.1628455038676834 0.1643925677194947 0.1646992810733933 0.3480020700327292 -0.001853777205709885 -0.1836095023132345
6.44 0.1622077965024486 0.1657259865045638 0.1640604225898028 0.3492784788516595 -0.001852626087354227 -0.1835524923470957
6.442 0.1614496460776217 0.1669492670190905 0.1633011221184459 0.3504447847881562 -0.001851476040824164 -0.1834955177690657
6.444 0.1605845922077695 0.1680521480212754 0.162434919272559 0.3514907265674832 -0.001850327064789496 -0.1834385785462078
6.446 0.1596269544500412 0.169026189652956 0.1614761336079633 0.3524078642985827 -0.001849179157922082 -0.1833816746456267
6.448 0.1585915520342523 0.1698647955068198 0.1604395843531481 0.3531896015412873 -0.001848032318895841 -0.1833248060344675
6.45 0.1574934372608671 0.1705631879849742 0.1593403238072539 0.3538311606648904 -0.001846886546386752 -0.1832679726799162
6.452 0.1563476503010549 0.1711183429817474 0.1581933921401277 0.3543295175309468 -0.00184574183907284 -0.1832111745491994
6.454 0.1551690011911197 0.1715288910068142 0.1570135993867539 0.3546833026163987 -0.00184459819563418 -0.1831544116095845
6.456 0.1539718828261664 0.1717949923906486 0.1558153384409193 0.3548926762190277 -0.001843455614752888 -0.1830976838283791
6.458 0.1527701168693418 0.1719181942390014 0.1546124309644549 0.354959185411933 -0.001842314095113124 -0.1830409911729316
6.46 0.1515768328118597 0.1719012764138738 0.1534180064472608 0.3548856100245044 -0.001841173635401082 -0.1829843336106306
6.462 0.1504043790167486 0.1717480931180257 0.1522444132510536 0.3546758042269308 -0.001840034234304988 -0.1829277111089051
6.464 0.1492642634892448 0.1714634157543346 0.1511031593797599 0.3543345393895591 -0.001838895890515098 -0.1828711236352245
6.466 0.1481671213426859 0.1710527817183888 0.1500048799454096 0.3538673528754871 -0.001837758602723691 -0.1828145711570983
6.468 0.1471227054496028 0.1705223527466224 0.1489593278192279 0.3532804063886986 -0.00183662236962507 -0.1827580536420762
6.47 0.1461398965454693 0.1698787854487234 0.1479753837353848 0.3525803565064715 -0.001835487189915553 -0.1827015710577481
6.472 0.1452267290415606 0.1691291157488185 0.1470610821038541 0.3517742391205623 -0.001834353062293471 -0.1826451233717437
6.474 0.1443904289542705 0.1682806581743304 0.1462236489397297 0.3508693687260634 -0.001833219985459167 -0.182588710551733
6.476 0.1436374606231487 0.1673409202778201 0.1454695485812637 0.3498732528432459 -0.00183208795811499 -0.1825323325654258
6.478 0.1429735792267736 0.1663175319573089 0.1448045362057389 0.3487935213378804 -0.00183095697896529 -0.1824759893805714
6.48 0.1424038864785554 0.1652181890474965 0.1442337135252718 0.3476378700124561 -0.001829827046716415 -0.1824196809649596
6.482 0.141932887264717 0.164050610274192 0.1437615854247937 0.3464140175606112 -0.001828698160076713 -0.1823634072864192
6.484 0.1415645453532778 0.1628225064810968 0.1433921156710343 0.3451296747939161 -0.001827570317756517 -0.1823071683128193
6.486 0.1413023366410881 0.1615415609343136 0.1431287801595563 0.3437925249463818 -0.001826443518468152 -0.1822509640120682
6.488 0.1411492987064321 0.1602154194673331 0.142974616467358 0.3424102138194469 -0.001825317760925924 -0.1821947943521138
6.49 0.1411080756933198 0.1588516892321864 0.1429322687371659 0.34099034853313 -0.001824193043846123 -0.1821386593009437
6.492 0.1411809577691481 0.1574579448562873 0.1430040271350951 0.339540503682872 -0.001823069365947012 -0.1820825588265847
6.494 0.1413699145713777 0.1560417408562543 0.1431918612973265 0.3380682337533575 -0.001821946725948831 -0.1820264928971032
6.496 0.1416766221948779 0.1546106292197144 0.1434974473174516 0.3365810907003189 -0.001820825122573783 -0.1819704614806046
6.498 0.1421024833740492 0.1531721811254257 0.1439221879285952 0.3350866456706595 -0.001819704554546044 -0.1819144645452337
6.5 0.142648640588093 0.1517340118235453 0.1444672256086848 0.33359251388272 -0.001818585020591748 -0.1818585020591748
6.502 0.1433159818697537 0.1503038077369431 0.1451334483891927 0.3321063817275938 -0.001817466519438988 -0.1818025739906508
6.504 0.1441051391332231 0.148889354867385 0.145921488183041 0.3306360351753088 -0.001816349049817812 -0.1817466803079238
6.506 0.1450164788621741 0.1474985675935454 0.1468317114726344 0.3291893885728406 -0.00181523261046022 -0.1816908209792952
6.508 0.1460500850201423 0.1461395169302005 0.1478642022202425 0.3277745129033056 -0.001814117200100159 -0.1816349959731051
6.51 0.1472057340690296 0.1448204572787967 0.1490187368865032 0.3263996625365292 -0.00181300281747352 -0.1815792052577326
6.512 0.1484828620143732 0.1435498506380635 0.1502947514756914 0.3250732994396588 -0.001811889461318136 -0.1815234488015954
6.514 0.1498805234448605 0.1423363871615264 0.1516913005752343 0.3238041137346765 -0.001810777130373774 -0.1814677265731502
6.516 0.1513973426053167 0.1411890008486374 0.1532070084286989 0.3226010393895298 -0.001809665823382137 -0.1814120385408924
6.518 0.1530314566451659 0.1401168790409665 0.1548400121842528 0.3214732637143224 -0.001808555539086857 -0.1813563846733559
6.52 0.1547804513251863 0.1391294642703848 0.1565878976014198 0.3204302292094983 -0.001807446276233493 -0.1813007649391134
6.522 0.1566412896516537 0.1382364468798415 0.1584476276852233 0.3194816261866174 -0.001806338033569524 -0.1812451793067759
6.524 0.1586102341464231 0.1374477467183894 0.1604154649562674 0.3186373744633825 -0.001805230809844352 -0.1811896277449931
6.526 0.1606827637595613 0.1367734821137984 0.1624868883633706 0.3179075923362512 -0.001804124603809291 -0.1811341102224528
6.528 0.1628534867918396 0.1362239242640372 0.1646565062060572 0.3173025509719187 -0.00180301941421757 -0.1810786267078815
6.53 0.1651160516199811 0.1358094351814683 0.1669179668598054 0.3168326123515121 -0.001801915239824325 -0.1810231771700438
6.532 0.1674630575045874 0.1355403873935258 0.169263869583974 0.3165081489712684 -0.001800812079386599 -0.1809677615777426
6.534 0.1698859683006562 0.1354270637752204 0.1716856782323196 0.3163394436750393 -0.001799709931663334 -0.1809123798998189
6.536 0.1723750324691424 0.1354795361883234 0.1741736412645578 0.3163365682934753 -0.001798608795415372 -0.1808570321051519
6.538 0.1749192133799969 0.1357075220559625 0.1767167220494024 0.3165092402186213 -0.001797508669405449 -0.1808017181626588
6.54 0.1775061344678433 0.1361202186335241 0.1793025440202415 0.316866656674819 -0.001796409552398191 -0.1807464380412949
6.542 0.1801220443067616 0.136726115565131 0.1819173557499217 0.3174173072751844 -0.001795311443160115 -0.1806911917100534
6.544 0.1827518070527236 0.1375327873483626 0.1845460213931832 0.3181687664863279 -0.001794214340459619 -0.1806359791379653
6.546 0.1853789238948153 0.1385466685618689 0.1871720421378823 0.3191274688559684 -0.001793118243066982 -0.1805808002940995
6.548 0.1879855910877109 0.1397728161159411 0.1897776142374653 0.3202984712635037 -0.001792023149754364 -0.1805256551475627
6.55 0.1905527997322995 0.1412146643152179 0.1923437287915953 0.3216852079827172 -0.001790929059295795 -0.1804705436674993
6.552 0.1930604816607347 0.1428737800982177 0.1948503176312019 0.323289245921309 -0.001789835970467176 -0.1804154658230913
6.554 0.1954877045153294 0.1447496273348384 0.1972764483973757 0.3251100489183968 -0.001788743882046276 -0.1803604215835584
6.556 0.1978129173605653 0.1468393503872348 0.1996005701533781 0.3271447613053924 -0.001787652792812729 -0.1803054109181577
6.558 0.2000142459494131 0.1491375881197287 0.2018008086509612 0.3293880219159125 -0.001786562701548026 -0.1802504337961839
6.56 0.2020698341406596 0.1516363300174111 0.2038553077476951 0.3318318202043802 -0.001785473607035517 -0.1801954901869691
6.562 0.2039582250542119 0.1543248258891778 0.2057426105622723 0.3344654059490605 -0.001784385508060405 -0.1801405800598827
6.564 0.2056587725322677 0.1571895596639328 0.2074420709356775 0.3372752630482644 -0.001783298403409744 -0.1800857033843316
6.566 0.2071520705743835 0.160214295965188 0.208934282866256 0.3402451560949478 -0.001782212291872432 -0.1800308601297598
6.568 0.2084203858976079 0.1633802054695734 0.2102015130698472 0.3433562557352219 -0.001781127172239213 -0.1799760502656484
6.57 0.209448076911596 0.1666660716047518 0.2112281199548987 0.3465873453662677 -0.001780043043302669 -0.179921273761516
6.572 0.2102219814448931 0.1700485771032312 0.2120009413487503 0.3499151076901491 -0.001778959903857221 -0.1798665305869178
6.574 0.2107317557073718 0.1735026645712437 0.212509633460071 0.3533144852826902 -0.001777877752699121 -0.1798118207114465
6.576 0.2109701483294089 0.1770019608919132 0.2127469449180353 0.3567591049966446 -0.001776796588626451 -0.1797571441047314
6.578 0.2109331958713909 0.1805192513307339 0.2127089122818301 0.3602217520671729 -0.001775716410439121 -0.179702500736439
6.58 0.2106203298127879 0.1840269860128294 0.2123949670297267 0.363674876589102 -0.001774637216938863 -0.1796478905762726
6.582 0.2100343894542259 0.1874977993029782 0.2118079484611551 0.3670911128969502 -0.001773559006929229 -0.1795933135939721
6.584 0.2091815400507189 0.1909050217531869 0.2109540218299345 0.3704437915125012 -0.001772481779215588 -0.1795387697593143
6.586 0.2080711004360143 0.1942231647781207 0.2098425059686194 0.3737074238202335 -0.001771405532605122 -0.1794842590421128
6.588 0.2067152889862574 0.1974283600242893 0.2084856192521642 0.376858141436507 -0.001770330265906824 -0.1794297814122177
6.59 0.2051289006386778 0.200498738333209 0.2068981566166093 0.3798740751727248 -0.001769255977931491 -0.1793753368395158
6.592 0.2033289305441635 0.2034147369782142 0.2050971132116553 0.3827356622721444 -0.001768182667491726 -0.1793209252939302
6.594 0.2013341616230647 0.2061593281247315 0.2031012719564666 0.3854258748701521 -0.001767110333401932 -0.1792665467454206
6.596 0.1991647337678443 0.2087181658512713 0.2009307727423226 0.3879303670152546 -0.001766038974478307 -0.1792122011639832
6.598 0.196841711769098 0.2110796532247206 0.1986066803586368 0.3902375417443711 -0.001764968589538843 -0.1791578885196506
6.6 0.1943866674063538 0.2132349345563875 0.1961505665837571 0.3923385433388789 -0.001763899177403325 -0.1791036087824914
6.602 0.1918212887821998 0.2151778208680435 0.1935841195190931 0.3942271827906543 -0.00176283073689332 -0.1790493619226108
6.604 0.1891670271570104 0.2169046586587355 0.1909287904238426 0.3958998065688855 -0.001761763266832185 -0.17899514791015
6.606 0.1864447885317956 0.2184141532598584 0.1882054852978406 0.3973551199751448 -0.001760696766045052 -0.1789409667152864
6.608 0.1836746742686272 0.2197071584534731 0.1854343055019861 0.3985939767617065 -0.001759631233358834 -0.1788868183082334
6.61 0.1808757723224329 0.2207864437207363 0.1826343389900351 0.3996191463799769 -0.001758566667602215 -0.1788327026592406
6.612 0.1780659983214038 0.2216564496296602 0.1798235013890095 0.4004350693682536 -0.001757503067605653 -0.1787786197385935
6.614 0.1752619838543853 0.2223230406253849 0.1770184242865867 0.4010476101419984 -0.001756440432201372 -0.1787245695166135
6.616 0.1724790079268973 0.2227932630086401 0.1742343866871206 0.4014638149722979 -0.001755378760223361 -0.1786705519636578
6.618 0.1697309666187435 0.2230751143172422 0.1714852846692509 0.4016916813673618 -0.00175431805050737 -0.1786165670501196
6.62 0.1670303754694978 0.223177328775251 0.1687836337713887 0.4017399435216787 -0.001753258301890907 -0.1785626147464277
6.622 0.1643883989668413 0.2231091820301898 0.1661405984800546 0.4016178770532366 -0.001752199513213235 -0.1785086950230468
6.624 0.1618149016450641 0.2228803171169404 0.1635660433283795 0.4013351249674173 -0.001751141683315368 -0.1784548078504769
6.626 0.1593185156426317 0.2225005924996756 0.1610686004536718 0.4009015456989296 -0.001750084811040071 -0.178400953199254
6.628 0.1569067200490833 0.2219799521614002 0.1586557489443151 0.4003270832013496 -0.001749028895231851 -0.1783471310399494
6.63 0.1545859279342828 0.2213283170293875 0.1563339018690198 0.3996216583725574 -0.00174797393473696 -0.1782933413431699
6.632 0.1523615775488861 0.2205554965284392 0.1541084974772895 0.3987950806079971 -0.001746919928403388 -0.178239584079558
6.634 0.1502382247746807 0.2196711187198044 0.1519840916497616 0.3978569779395955 -0.00174586687508086 -0.1781858592197911
6.636 0.1482196344620771 0.218684577285968 0.149964449235698 0.3968167440205504 -0.001744814773620835 -0.1781321667345824
6.638 0.1463088688010559 0.2176049935345896 0.1480526324239324 0.3956835001292699 -0.001743763622876502 -0.1780785065946803
6.64 0.144508371320345 0.2164411915928806 0.1462510847420478 0.3944660703637487 -0.001742713421702775 -0.1780248787708681
6.642 0.1428200454941915 0.2152016850247525 0.1445617096631478 0.393172968258717 -0.001741664168956292 -0.1779712832339645
6.644 0.141245327257001 0.2138946732076344 0.1429859431204964 0.3918123931624579 -0.001740615863495413 -0.1779177199548235
6.646 0.1397852509852936 0.2125280459371739 0.1415248194894738 0.3903922348415078 -0.001739568504180214 -0.1778641889043339
6.648 0.1384405087104089 0.211109394873572 0.1401790308002814 0.3889200849269915 -0.001738522089872484 -0.1778106900534195
6.65 0.1372115024799194 0.2096460305928613 0.1389489790993551 0.3874032539659005 -0.001737476619435722 -0.1777572233730393
6.652 0.1360983898968286 0.2081450041517329 0.1378348219885638 0.3858487929859199 -0.00173643209173514 -0.177703788834187
6.654 0.1351011229409401 0.2066131322104598 0.1368365114465777 0.384263518618351 -0.001735388505637651 -0.1776503864078912
6.656 0.1342194802221985 0.2050570248813122 0.1359538260822104 0.3826540409465276 -0.001734345860011869 -0.1775970160652154
6.658 0.1334530928368766 0.2034831155761249 0.1351863969906047 0.3810267933533827 -0.00173330415372811 -0.1775436777772578
6.66 0.1328014640000655 0.2018976922156142 0.1345337273857239 0.3793880637307654 -0.001732263385658382 -0.1774903715151512
6.662 0.1322639826167576 0.2003069292336367 0.133995206171434 0.3777440264836999 -0.001731223554676389 -0.1774370972500631
6.664 0.1318399309327005 0.1987169198607938 0.1335701155923581 0.3761007748139896 -0.001730184659657522 -0.1773838549531958
6.666 0.131528486379756 0.1971337082042563 0.1332576330792349 0.3744643528000421 -0.00172914669947886 -0.1773306445957858
6.668 0.131328717702065 0.1955633206547045 0.1330568273750842 0.3728407868038089 -0.001728109673019164 -0.1772774661491044
6.67 0.1312395754222659 0.1940117961463292 0.1329666490014248 0.3712361157307864 -0.001727073579158878 -0.1772243195844572
6.672 0.1312598766851129 0.1924852147734018 0.132985915101893 0.3696564196465859 -0.00172603841678012 -0.177171204873184
6.674 0.1313882845024618 0.190989724227685 0.1331132886872285 0.3681078462143443 -0.001725004184766686 -0.1771181219866594
6.676 0.131623281422353 0.1895315634652125 0.133347252304357 0.3665966343615043 -0.001723970882004039 -0.1770650708962918
6.678 0.1319631376600011 0.1881170829410521 0.1336860761673804 0.3651291345145763 -0.001722938507379317 -0.1770120515735243
6.68 0.1324058737638505 0.1867527606686087 0.1341277808236318 0.3637118246584424 -0.001721907059781316 -0.1769590639898337
6.682 0.1329492179501856 0.1854452132680068 0.1346700944882861 0.362351321384738 -0.001720876538100498 -0.1769061081167312
6.684 0.1335905583296383 0.1842012010709327 0.1353104052708673 0.361054384996695 -0.001719846941228986 -0.1768531839257622
6.686 0.1343268903729396 0.1830276262520941 0.1360457086410001 0.3598279176406 -0.001718818268060557 -0.1768002913885059
6.688 0.1351547601260426 0.1819315228667346 0.1368725506435332 0.3586789533433102 -0.001717790517490642 -0.1767474304765756
6.69 0.1360702038898698 0.1809200375988162 0.1377869675782861 0.3576146387604346 -0.001716763688416323 -0.1766946011616185
6.692 0.1370686853299411 0.1800003999763855 0.1387844231096774 0.3566422033917011 -0.001715737779736329 -0.1766418034153155
6.694 0.1381450312766894 0.1791798808022488 0.1398597440670404 0.3557689180116306 -0.001714712790351033 -0.1765890372093818
6.696 0.1392933678161127 0.178465737594938 0.1410070565352751 0.3550020401105038 -0.001713688719162452 -0.1765363025155658
6.698 0.1405070586460362 0.1778651459543642 0.1422197242111104 0.3543487452600144 -0.00171266556507424 -0.1764835993056502
6.7 0.1417786480749589 0.1773851159762578 0.1434902914019506 0.3538160435277086 -0.001711643326991686 -0.1764309275514508
6.702 0.1430998114506147 0.1770323931580643 0.1448104334544364 0.3534106803828817 -0.001710622003821715 -0.1763782872248174
6.704 0.144461316199417 0.1768133436825604 0.1461709177938898 0.3531390219801937 -0.001709601594472877 -0.1763256782976333
6.706 0.1458529970042425 0.1767338245462052 0.1475615791020979 0.3530069252880205 -0.001708582097855353 -0.1762731007418153
6.708 0.1472637489062695 0.1767990397225623 0.1489713124191505 0.3530195942518762 -0.001707563512880948 -0.1762205545293138
6.71 0.1486815422409654 0.1770133844119879 0.1503880880794285 0.3531814240441003 -0.001706545838463086 -0.1761680396321124
6.712 0.1500934632572538 0.1773802804084159 0.1517989923307706 0.3534958364306441 -0.001705529073516811 -0.1761155560222283
6.714 0.1514857839717843 0.1779020066770461 0.1531902971887431 0.3539651103487578 -0.001704513216958782 -0.1760631036717117
6.716 0.152844064229577 0.1785795303281931 0.1545475624972842 0.3545902128808396 -0.001703498267707269 -0.1760106825526465
6.718 0.1541532880424679 0.1794123442176792 0.1558557722671501 0.3553706368548286 -0.001702484224682155 -0.1759582926371495
6.72 0.1553980350426064 0.1803983183101152 0.1570995061294113 0.3563042522074861 -0.001701471086804927 -0.1759059338973709
6.722 0.1565626863302969 0.1815335726016998 0.1582631451832955 0.3573871789071936 -0.001700458852998676 -0.1758536063054938
6.724 0.1576316621600087 0.1828123797015647 0.1593311096821967 0.3586136895352994 -0.001699447522188096 -0.1758013098337347
6.726 0.1585896868813367 0.1842271050105461 0.1602881239746362 0.3599761494648889 -0.001698437093299478 -0.1757490444543429
6.728 0.1594220744580177 0.1857681917286096 0.1611195020232784 0.3614650018682101 -0.001697427565260707 -0.1756968101396006
6.73 0.1601150258877148 0.1874241966188386 0.161811444824716 0.3630688034806617 -0.001696418937001263 -0.1756446068618231
6.732 0.160655928122664 0.1891818805604287 0.1623513393301162 0.3647743151537873 -0.001695411207452215 -0.1755924345933586
6.734 0.161033642834954 0.1910263554995079 0.1627280472105002 0.366566648806096 -0.001694404375546217 -0.1755402933065881
6.736 0.1612387727533602 0.1929412865843382 0.1629321711935777 0.3684294695582634 -0.001693398440217509 -0.1754881829739252
6.738 0.1612638934531402 0.1949091452418511 0.1629562868535422 0.3703452488096677 -0.001692393400401912 -0.1754361035678166
6.74 0.1611037394739587 0.1969115059508031 0.1627951287289955 0.3722955610115445 -0.001691389255036823 -0.1753840550607414
6.742 0.1607553354621103 0.1989293767509763 0.1624457214651715 0.3742614141761878 -0.00169038600306122 -0.1753320374252115
6.744 0.1602180655826963 0.200943551349074 0.161907449226112 0.3762236019828452 -0.001689383643415647 -0.1752800506337712
6.746 0.1594936775442523 0.2029349692498403 0.1611820597192945 0.3781630639088377 -0.001688382175042222 -0.1752280946589974
6.748 0.1585862209779888 0.2048850697981359 0.1602736025748734 0.3800612392716358 -0.001687381596884631 -0.1751761694734999
6.75 0.1575019233348935 0.2067761264199462 0.1591883052427816 0.3819004014698665 -0.001686381907888121 -0.1751242750499203
6.752 0.1562490096226664 0.2085915486559877 0.1579343927296659 0.3836639600169207 -0.001685383106999503 -0.175072411360933
6.754 0.1548374749489141 0.2103161416599394 0.1565218601420813 0.3853367200391841 -0.001684385193167146 -0.1750205783792447
6.756 0.1532788207749858 0.2119363154833817 0.1549622089403268 0.386905091560976 -0.001683388165340976 -0.1749687760775943
6.758 0.1515857669048599 0.2134402394438535 0.1532681589273324 0.3883572438726067 -0.001682392022472471 -0.1749170044287532
6.76 0.1497719515109321 0.2148179399123355 0.1514533482744468 0.38968320331786 -0.001681396763514659 -0.1748652634055246
6.762 0.1478516309898707 0.2160613427216334 0.1495320333772928 0.3908748957023775 -0.00168040238742212 -0.1748135529807442
6.764 0.1458393902710502 0.2171642638884667 0.1475187991642012 0.3919261370157463 -0.001679408893150973 -0.1747618731272796
6.766 0.1437498725359135 0.2181223543202375 0.1454282888155723 0.3928325781382683 -0.001678416279658884 -0.1747102238180309
6.768 0.1415975353365 0.2189330055690073 0.1432749598824051 0.3935916105949368 -0.001677424545905056 -0.1746586050259295
6.77 0.1393964380118523 0.2195952244879301 0.1410728717027026 0.3942022412118694 -0.00167643369085023 -0.1746070167239394
6.772 0.137160063256812 0.2201094848806643 0.1388355069702687 0.3946649437657204 -0.001675443713456682 -0.1745554588850561
6.774 0.1349011738288096 0.2204775639927077 0.1365756284414978 0.394981495475015 -0.001674454612688216 -0.1745039314823073
6.776 0.1326317037771288 0.2207023710777375 0.1343051701646389 0.39515480556649 -0.00167346638751017 -0.1744524344887524
6.778 0.1303626822976509 0.2207877743937467 0.1320351613345404 0.3951887422712292 -0.001672479036889402 -0.1744009678774825
6.78 0.1281041873693935 0.2207384319512981 0.1297756799291878 0.3950879635729188 -0.001671492559794298 -0.1743495316216206
6.782 0.1258653257058365 0.2205596302444813 0.1275358326610312 0.3948577559388026 -0.001670506955194763 -0.1742981256943213
6.784 0.1236542352211319 0.2202571341221255 0.1253237574431941 0.3945038841908962 -0.00166952222206222 -0.1742467500687707
6.786 0.1214781061221375 0.2198370499602002 0.1231466444815071 0.394032454678387 -0.001668538359369606 -0.1741954047181868
6.788 0.119343216841664 0.2193057034143952 0.1210107722077554 0.393449793030214 -0.001667555366091371 -0.1741440896158189
6.79 0.1172549812753834 0.2186695322857861 0.1189215545165869 0.392762337020734 -0.001666573241203478 -0.1740928047349479
6.792 0.1152180041261438 0.2179349944290647 0.1168835961098272 0.3919765444779509 -0.001665591983683393 -0.1740415500488862
6.794 0.113236141555467 0.217108490168078 0.1149007531479771 0.3910988156990556 -0.001664611592510088 -0.1739903255309775
6.796 0.1113125647594091 0.2161962983463671 0.1129761968260732 0.3901354295009641 -0.001663632066664039 -0.173939131154597
6.798 0.1094498244984257 0.2152045249149314 0.1111124779035529 0.3890924918080825 -0.001662653405127217 -0.1738879668931511
6.8 0.1076499150011174 0.2141390628278701 0.1093115906080005 0.3879758955479476 -0.001661675606883094 -0.1738368327200775
6.802 0.1059143360177566 0.2130055619610277 0.1075750346886733 0.3867912905698729 -0.001660698670916633 -0.1737857286088452
6.804 0.1042441521136061 0.211809407771576 0.1059038747098204 0.3855440623045303 -0.00165972259621429 -0.1737346545329542
6.806 0.1026400485628435 0.2105557074628469 0.1042987959446075 0.3842393179287828 -0.001658747381764008 -0.1736836104659359
6.808 0.1011023834305557 0.209249282494958 0.1027601564571109 0.3828818788763106 -0.001657773026555217 -0.1736325963813526
6.81 0.09963123561609494 0.2078946663774129 0.1012880351456738 0.3814762786302105 -0.001656799529578832 -0.1735816122527976
6.812 0.09822644877870725 0.2064961067855586 0.0998822756685345 0.380026764839454 -0.001655826889827247 -0.1735306580538954
6.814 0.09688767118093926 0.2050575711523767 0.09854252628723359 0.378537304910678 -0.001654855106294333 -0.1734797337583013
6.816 0.09561439157125919 0.2035827549954812 0.09726827574923462 0.3770115943351828 -0.001653884177975441 -0.1734288393397016
6.818 0.09440597128865862 0.2020750923425325 0.09605888539252601 0.3754530671143459 -0.001652914103867391 -0.1733779747718134
6.82 0.09326167281361347 0.2005377677147895 0.09491361769658195 0.3738649077431739 -0.001651944882968473 -0.1733271400283844
6.822 0.09218068501532001 0.1989737292167315 0.09383166152959846 0.372250064299925 -0.001650976514278449 -0.1732763350831935
6.824 0.09116214535755196 0.1973857023585371 0.0928121543543505 0.3706112622685873 -0.001650008996798544 -0.1732255599100502
6.826 0.09020515932837755 0.1957762043082447 0.091854201657909 0.3689510187910391 -0.001649042329531445 -0.1731748144827945
6.828 0.08930881735438514 0.1941475583315957 0.09095689386586644 0.3672716571068927 -0.001648076511481299 -0.1731240987752971
6.83 0.08847220944996485 0.1925019082302692 0.09011932099161857 0.3655753209917285 -0.001647111541653712 -0.1730734127614593
6.832 0.08769443783835441 0.1908412326342181 0.08934058525741016 0.3638639890494312 -0.001646147419055745 -0.1730227564152131
6.834 0.08697462776503942 0.1891673590423521 0.08861981190773532 0.3621394887528729 -0.001645184142695911 -0.1729721297105208
6.836 0.08631193670620452 0.1874819775375829 0.08795615841778869 0.3604035101589582 -0.001644221711584171 -0.1729215326213753
6.838 0.08570556215643664 0.1857866541288935 0.08734882228116858 0.3586576192506933 -0.001643260124731937 -0.1728709651217998
6.84 0.08515474816140756 0.1840828436953441 0.08679704754255962 0.3569032708811921 -0.001642299381152064 -0.1728204271858479
6.842 0.08465879074269386 0.1823719025245574 0.08630013022255272 0.355141821312161 -0.001641339479858847 -0.1727699187876036
6.844 0.08421704234402436 0.1806551004527014 0.08585742276389238 0.3533745403538824 -0.001640380419868026 -0.172719439901181
6.846 0.08382891541108053 0.1789336326248201 0.08546833761127731 0.3516026231255449 -0.001639422200196773 -0.1726689905007248
6.848 0.08349388520033155 0.1772086309031208 0.08513235002019524 0.3498272014635302 -0.001638464819863699 -0.1726185705604094
6.85 0.08321149189665643 0.1754811749578309 0.08484900017454527 0.3480493550122706 -0.001637508277888844 -0.1725681800544397
6.852 0.0829813421044638 0.1737523030806763 0.08461789467775747 0.3462701220377268 -0.001636552573293679 -0.1725178189570505
6.854 0.08280310976256196 0.1720230227644882 0.08443870746766306 0.3444905100069952 -0.001635597705101102 -0.172467487242507
6.856 0.08267653651914833 0.170294321094763 0.08431118019148377 0.3427115059798669 -0.001634643672335437 -0.172417184885104
6.858 0.08260143158992027 0.1685671750005123 0.08423512206394269 0.3409340868596787 -0.001633690474022429 -0.1723669118591664
6.86 0.08257767110913941 0.1668425614116006 0.08421040921832865 0.3391592295506498 -0.001632738109189242 -0.1723166681390492
6.862 0.08260519697063441 0.1651214673688314 0.08423698354749887 0.3373879210679684 -0.001631786576864458 -0.1722664536991371
6.864 0.082684015142901 0.1634049001314331 0.08431485101897906 0.3356211686452777 -0.001630835876078074 -0.1722162685138446
6.866 0.08281419342960908 0.1616938973232812 0.08444407943547058 0.3338600098808975 -0.0016298860058615 -0.1721661125576163
6.868 0.08299585863389933 0.1599895371549896 0.08462479559914689 0.3321055229599159 -0.001628936965247555 -0.1721159858049262
6.87 0.08322919307165379 0.158292948753755 0.08485718182492426 0.3303588369840333 -0.001627988753270464 -0.1720658882302783
6.872 0.08351443036551895 0.1566053226255061 0.0851414717344848 0.3286211424337122 -0.00162704136896586 -0.172015819808206
6.874 0.08385185043779526 0.1549279212650261 0.08547794524916603 0.3268937017782987 -0.001626094811370776 -0.1719657805132725
6.876 0.0842417736063268 0.1532620899190908 0.08586692268585044 0.3251778602391614 -0.001625149079523646 -0.1719157703200706
6.878 0.08468455367346968 0.1516092674939949 0.08630875784593398 0.3234750566972174 -0.001624204172464301 -0.1718657892032225
6.88 0.0851805698842143 0.1499709975826193 0.08680382997344827 0.3217868347199992 -0.001623260089233968 -0.17181583713738
6.882 0.08573021761564391 0.148348939566968 0.08735253444451918 0.3201148536641922 -0.001622316828875266 -0.1717659140972243
6.884 0.08633389764691091 0.1467448797284891 0.08795527203734312 0.3184608997859552 -0.001621374390432204 -0.1717160200574661
6.886 0.08699200384699611 0.1451607422709204 0.08861243661994629 0.3168268972637657 -0.001620432772950181 -0.1716661549928453
6.888 0.08770490910740578 0.143598600128167 0.08932440108288175 0.3152149190062984 -0.001619491975475978 -0.1716163188781314
6.89 0.0884729493398438 0.1420606853916864 0.09009150133690157 0.3136271970798092 -0.001618551997057762 -0.1715665116881228
6.892 0.08929640535565597 0.140549399148186 0.09091401819240105 0.3120661325458334 -0.001617612836745079 -0.1715167333976474
6.894 0.09017548244581039 0.1390673204689618 0.09179215693939924 0.3105343044505243 -0.001616674493588854 -0.1714669839815624
6.896 0.09111028748953306 0.1376172142357834 0.09272602445617445 0.3090344776505373 -0.001615736966641387 -0.1714172634147539
6.898 0.09210080343804895 0.1362020374259288 0.0937156036930053 0.307569609098066 -0.001614800254956352 -0.1713675716721372
6.9 0.09314686104965322 0.134824943411058 0.09476072540724202 0.3061428521397147 -0.001613864357588795 -0.1713179087286567
6.902 0.09424810779654245 0.1334892837514914 0.09586103707013759 0.3047575583107772 -0.001612929273595129 -0.1712682745592858
6.904 0.0954039739252549 0.1321986068914415 0.09701596892728803 0.3034172760304685 -0.001611995002033134 -0.171218669139027
6.906 0.09661363573402296 0.1309566530843342 0.09822469727598492 0.3021257455272457 -0.001611061541961953 -0.1711690924429115
6.908 0.09787597623583466 0.1297673448034496 0.09948610512827676 0.3008868892494492 -0.001610128892442093 -0.1711195444459997
6.91 0.09918954350785072 0.128634771827188 0.1007987405603861 0.2997047969505686 -0.001609197052535418 -0.1710700251233806
6.912 0.1005525071884909 0.1275631701365148 0.1021607732097961 0.2985837045866869 -0.001608266021305149 -0.1710205344501721
6.914 0.10196261377519 0.1265568937316881 0.1035699495730058 0.2975279661332091 -0.001607335797815862 -0.170971072401521
6.916 0.103417141597925 0.1256203784763386 0.1050235479790585 0.2965420174289414 -0.001606406381133484 -0.1709216389526028
6.918 0.1049128565940078 0.124758097119945 0.1065183343643331 0.2956303311985665 -0.001605477770325296 -0.1708722340786215
6.92 0.1064459702840395 0.1239745047464829 0.1080505202484994 0.2947973625012928 -0.00160454996445992 -0.1708228577548099
6.922 0.1080121016379392 0.1232739740605873 0.1096157246005466 0.2940474840170169 -0.001603622962607327 -0.1707735099564295
6.924 0.1096062448104735 0.122660720165321 0.1112089415743123 0.2933849108240912 -0.001602696763838831 -0.1707241906587702
6.926 0.1112227450001946 0.1221387148179934 0.1128245163674216 0.2928136146551439 -0.001601771367227084 -0.1706748998371506
6.928 0.1128552849198605 0.1217115905804035 0.1144561316917066 0.292337228047321 -0.001600846771846079 -0.1706256374669175
6.93 0.11449688453127 0.1213825358094182 0.1160968075080411 0.2919589393328648 -0.001599922976771144 -0.1705764035234466
6.932 0.1161399167606607 0.1211541820572175 0.1177389167417396 0.2916813800393589 -0.001598999981078937 -0.1705271979821414
6.934 0.11777614183564 0.121028486152483 0.1193742196194875 0.2915065069709175 -0.001598077783847453 -0.1704780208184345
6.936 0.1193967626356913 0.1210066099862244 0.1209939190198473 0.2914354819940105 -0.001597156384156012 -0.1704288720077861
6.938 0.1209925029948447 0.1210888017873374 0.1225887387759299 0.2914685533130226 -0.001596235781085261 -0.1703797515256852
6.94 0.1225537102144881 0.1212742833880778 0.1241490261882053 0.2916049427357267 -0.001595315973717172 -0.1703306593476488
6.942 0.1240704821292851 0.1215611485807761 0.1256648790904202 0.2918427440299984 -0.00159439696113504 -0.1702815954492223
6.944 0.125532817933549 0.1219462780785945 0.1271262966759724 0.2921788378845733 -0.001593478742423477 -0.1702325598059788
6.946 0.1269307906571927 0.1224252767370331 0.1285233519738611 0.2926088291305532 -0.001592561316668415 -0.1701835523935202
6.948 0.1282547377455868 0.1229924384979807 0.1298463824285439 0.2931270116854566 -0.0015916446829571 -0.1701345731874759
6.95 0.1294954647407048 0.1236407439307002 0.1310861935810829 0.2937263660942038 -0.001590728840378091 -0.1700856221635036
6.952 0.1306444556978354 0.1243618942377616 0.1322342694858567 0.2943985935350506 -0.001589813788021258 -0.170036699297289
6.954 0.1316940828331457 0.1251463841803201 0.1332829823581235 0.2951341887448659 -0.001588899524977779 -0.1699878045645457
6.956 0.1326378071143002 0.1259836146118984 0.1342257931646404 0.2959225525529137 -0.001587986050340137 -0.1699389379410153
6.958 0.1334703611937837 0.1268620432939446 0.1350574345569859 0.2967521426964117 -0.001587073363202122 -0.1698900994024671
6.96 0.1341879063261791 0.1277693705415492 0.1357740677888379 0.2976106594662477 -0.001586161462658822 -0.1698412889246985
6.962 0.1347881557412118 0.1286927541836356 0.1363734060890184 0.2984852606671701 -0.001585250347806628 -0.1697925064835345
6.964 0.1352704583420305 0.1296190465000379 0.1368547983597737 0.2993627985548657 -0.001584340017743223 -0.1697437520548278
6.966 0.135635838479337 0.1305350443880262 0.1372192689509046 0.3002300700024854 -0.001583430471567592 -0.1696950256144592
6.968 0.1358869897786808 0.1314277431504817 0.1374695114870608 0.3010740702888183 -0.001582521708380006 -0.1696463271383367
6.97 0.1360282233918546 0.1322845840739333 0.1376098371191366 0.3018822406763294 -0.00158161372728203 -0.1695976566023961
6.972 0.1360653734045209 0.1330936863993416 0.1376460799318974 0.3026427003819427 -0.001580706527376516 -0.1695490139826011
6.974 0.1360056642660556 0.1338440553380988 0.1375854643738232 0.3033444545930414 -0.001579800107767604 -0.1695003992549426
6.976 0.1358575468461727 0.1345257593463647 0.1374364413137334 0.3039775717418037 -0.001578894467560714 -0.1694518123954391
6.978 0.1356305109442997 0.1351300717919636 0.1372085005501622 0.3045333251721002 -0.001577989605862551 -0.1694032533801366
6.98 0.1353348827178544 0.1356495742534466 0.1369119682396355 0.3050042964385553 -0.001577085521781098 -0.1693547221851087
6.982 0.1349816155511148 0.1360782208013969 0.1365577977655405 0.3053844395878531 -0.001576182214425616 -0.1693062187864562
6.984 0.1345820824089026 0.136411364564385 0.1361573620918092 0.3056691077246922 -0.001575279682906639 -0.1692577431603072
6.986 0.1341478768041594 0.1366457495464122 0.1357222547304954 0.3058550448292296 -0.001574377926335977 -0.1692092952828175
6.988 0.1336906282774452 0.1367794719527499 0.1352641052212719 0.3059403470829196 -0.001573476943826707 -0.1691608751301697
6.99 0.133221836872206 0.1368119161549632 0.1347944136066991 0.3059243988335372 -0.001572576734493178 -0.169112482678574
6.992 0.1327527296194352 0.136743670884948 0.1343244069168862 0.3058077887892157 -0.001571677297451002 -0.1690641179042678
6.994 0.1322941406288965 0.1365764313281115 0.1338649192607135 0.3055922121116268 -0.001570778631817057 -0.1690157807835154
6.996 0.1318564151067887 0.136312892547542 0.1334262958434982 0.3052803638401504 -0.001569880736709483 -0.1689674712926084
6.998 0.1314493365388158 0.1359566391883633 0.1330183201500635 0.3048758285962289 -0.00156898361124768 -0.1689191894078656
7 0.1310820754228883 0.1355120357622164 0.1326501626774406 0.3043829708678491 -0.001568087254552303 -0.1688709351056327
7.002 0.1307631573133932 0.1349841210692977 0.1323303489791385 0.3038068294315801 -0.001567191665745266 -0.1688227083622824
7.004 0.1305004475366449 0.1343785095432773 0.1320667443805946 0.3031530186974917 -0.001566296843949735 -0.1687745091542144
7.006 0.1303011497289426 0.1337013015532218 0.1318665525172328 0.3024276390110773 -0.001565402788290124 -0.1687263374578555
7.008 0.1301718153018071 0.1329590040028691 0.1317363247996992 0.3016371972525283 -0.001564509497892101 -0.1686781932496592
7.01 0.1301183610175758 0.1321584619546503 0.1316819779894584 0.3007885384607561 -0.00156361697188258 -0.1686300765061059
7.012 0.1301460920274148 0.1313068014848267 0.1317088172368045 0.2998887886885295 -0.001562725209389715 -0.1685819872037028
7.014 0.1302597279516302 0.1304113835493284 0.1318215621611731 0.2989453088683124 -0.001561834209542909 -0.1685339253189841
7.016 0.1304634298421632 0.129479768302439 0.132024373813636 0.2979656591309494 -0.001560943971472801 -0.1684858908285104
7.018 0.1307608261381262 0.1285196890522258 0.1323208806324374 0.296957572761095 -0.001560054494311272 -0.1684378837088693
7.02 0.1311550359919535 0.127539034845594 0.1327142017691449 0.2959289387822688 -0.001559165777191434 -0.1683899039366748
7.022 0.1316486885956882 0.1265458405383478 0.1332069664149358 0.2948877920269156 -0.001558277819247637 -0.1683419514885678
7.024 0.1322439373686564 0.1255482831079328 0.1338013279882719 0.2938423094491485 -0.001557390619615465 -0.1682940263412158
7.026 0.1329424680775066 0.1245546828964041 0.1344989722549383 0.2928008113677166 -0.001556504177431726 -0.1682461284713125
7.028 0.1337455001484729 0.1235735084176199 0.1353011186403074 0.2917717662731983 -0.001555618491834463 -0.1681982578555785
7.03 0.1346537806040603 0.1226133833162679 0.1362085141660232 0.2907637977870285 -0.001554733561962936 -0.1681504144707606
7.032 0.1356675702175515 0.1216830940204377 0.1372214196045091 0.28978569231407 -0.001553849386957637 -0.1681025982936323
7.034 0.1367866216359965 0.1207915965793732 0.1383395876019568 0.2888464058803666 -0.001552965965960274 -0.1680548093009934
7.036 0.1380101493841569 0.1199480211209508 0.1395622326822707 0.2879550685906207 -0.001552083298113778 -0.1680070474696699
7.038 0.1393367918366118 0.1191616722999046 0.1408879932191741 0.287120985076419 -0.001551201382562295 -0.1679593127765144
7.04 0.1407645654418589 0.118442024040405 0.1423148856603101 0.2863536292388105 -0.001550320218451188 -0.1679116051984056
7.042 0.1422908117097878 0.117798706810597 0.1438402515147149 0.2856626315228455 -0.001549439804927032 -0.1678639247122485
7.044 0.1439121377401041 0.1172414856106807 0.1454606978812417 0.2850577569056553 -0.001548560141137613 -0.1678162712949745
7.046 0.1456243513804246 0.1167802268217759 0.1471720326066565 0.2845488717453168 -0.001547681226231928 -0.167768644923541
7.048 0.1474223924638492 0.1164248520644695 0.1489691955232094 0.2841458976394008 -0.001546803059360178 -0.1677210455749313
7.05 0.1493002619874713 0.1161852772717994 0.1508461876271451 0.2838587504979548 -0.001545925639673774 -0.1676734732261554
7.052 0.1512509515518335 0.1160713353120975 0.1527960005181589 0.2836972631663464 -0.001545048966325324 -0.1676259278542489
7.054 0.1532663758786033 0.1160926807251286 0.154810548917072 0.2836710901614022 -0.00154417303846864 -0.1675784094362736
7.056 0.1553373117421905 0.1162586754842376 0.1568806095974492 0.2837895934335549 -0.001543297855258734 -0.1675309179493173
7.058 0.15745334716656 0.1165782551904967 0.1589957705824118 0.2840617085609904 -0.001542423415851812 -0.1674834533704936
7.06 0.1596028452157808 0.1170597757612384 0.1611443949351861 0.2844957914381808 -0.001541549719405277 -0.1674360156769424
7.062 0.1617729271021909 0.1177108415078046 0.1633136038672686 0.2850994463536337 -0.001540676765077724 -0.167388604845829
7.064 0.1639494795947412 0.1185381165078563 0.1654892841467701 0.2858793373622012 -0.001539804552028938 -0.1673412208543449
7.066 0.1661171917703453 0.1195471223529325 0.1676561248497652 0.2868409860326399 -0.001538933079419895 -0.1672938636797074
7.068 0.1682596259483794 0.1207420266605528 0.1697976882947921 0.2879885599597121 -0.001538062346412755 -0.1672465332991593
7.07 0.1703593271178074 0.1221254281264814 0.1718965194699783 0.2893246578164508 -0.001537192352170864 -0.1671992296899694
7.072 0.172397974253562 0.1236981452763886 0.1739342973494208 0.2908500981058207 -0.001536323095858751 -0.1671519528294321
7.074 0.1743565755886437 0.1254590173522801 0.1758920301652858 0.2925637200471476 -0.001535454576642125 -0.1671047026948675
7.076 0.1762157081530892 0.1274047268109502 0.1777502949467771 0.2944622060745716 -0.001534586793687873 -0.1670574792636214
7.078 0.1779557997433374 0.1295296535790308 0.1794895194895015 0.2965399360920957 -0.001533719746164061 -0.167010282513065
7.08 0.1795574490254616 0.1318257713622507 0.1810903024587015 0.2987888837828458 -0.001532853433239928 -0.1669631124205952
7.082 0.1810017768333303 0.1342825958194905 0.1825337646874162 0.3011985647831249 -0.001531987854085885 -0.1669159689636344
7.084 0.1822707990775783 0.1368871931946093 0.1838019220854518 0.3037560453142399 -0.001531123007873516 -0.1668688521196306
7.086 0.1833478092529306 0.1396242560165158 0.1848780681467061 0.3064460178825728 -0.001530258893775571 -0.1668217618660569
7.088 0.1842177565591776 0.1424762497655093 0.1857471520701436 0.3092509479459216 -0.00152939551096597 -0.1667746981804122
7.09 0.1848676043706902 0.1454236310783534 0.18639613722931 0.3121512921185741 -0.001528532858619795 -0.1667276610402206
7.092 0.185286653403263 0.1484451343273498 0.1868143243391763 0.3151257847503814 -0.00152767093591329 -0.1666806504230316
7.094 0.1854668145706463 0.1515181195281951 0.1869936243126702 0.3181517858346151 -0.001526809742023865 -0.1666336663064199
7.096 0.1854028182422544 0.1546189708243878 0.1869287675183844 0.3212056794923734 -0.001525949276130083 -0.1665867086679856
7.098 0.1850923493461938 0.157723531593075 0.1866174388836055 0.324263309078429 -0.001525089537411667 -0.166539777485354
7.1 0.1845361013353514 0.1608075598190463 0.1860603318604009 0.3273004325552219 -0.001524230525049494 -0.1664928727361756
7.102 0.1837377461809394 0.1638471860251033 0.185261118419165 0.3302931804232291 -0.001523372238225596 -0.1664459943981259
7.104 0.18270382194111 0.1668193558663281 0.1842263366172332 0.3332184983152338 -0.001522514676123152 -0.1663991424489057
7.106 0.1814435437070645 0.1697022405096528 0.182965201544991 0.3360545573758939 -0.001521657837926495 -0.1663523168662411
7.108 0.1799685475067679 0.1724756000259666 0.181489349229589 0.3387811176538495 -0.001520801722821101 -0.1663055176278829
7.11 0.1782925797539457 0.1751210880130782 0.1798125260839393 0.3413798327246851 -0.001519946329993593 -0.1662587447116069
7.112 0.1764311468650066 0.1776224892565594 0.1779502385236384 0.3438344873517736 -0.001519091658631738 -0.1662119980952142
7.114 0.17440114063364 0.1799658860965108 0.1759193783415645 0.3461311638530415 -0.001518237707924444 -0.1661652777565307
7.116 0.1722204548657212 0.1821397529789207 0.1737378393427829 0.3482583366523279 -0.001517384477061758 -0.1661185836734072
7.118 0.1699076077478757 0.1841349821418077 0.1714241397131105 0.3502068979655271 -0.001516531965234863 -0.1660719158237193
7.12 0.1674813826375477 0.1859448462967291 0.1689970628091838 0.3519701204820968 -0.001515680171636082 -0.1660252741853677
7.122 0.1649604976479011 0.187564906374175 0.1664753267433599 0.3535435651104527 -0.001514829095458867 -0.1659786587362777
7.124 0.1623633118005728 0.188992873846097 0.1638772905364706 0.3549249433004964 -0.001513978735897805 -0.1659320694543994
7.126 0.1597075728604704 0.1902284378364394 0.161220701952619 0.3561139441541471 -0.00151312909214861 -0.1658855063177077
7.128 0.1570102094412281 0.1912730672578192 0.1585224896046363 0.3571120365620214 -0.001512280163408129 -0.1658389693042022
7.13 0.1542871677243983 0.192129797685259 0.1557985996732726 0.3579222560771661 -0.001511431948874329 -0.1657924583919071
7.132 0.1515532912650812 0.1928030117344326 0.1530638757128275 0.358548985293304 -0.001510584447746305 -0.1657459735588714
7.134 0.1488222409055536 0.1932982204947015 0.1503319785647779 0.3589977352778701 -0.001509737659224273 -0.1656995147831686
7.136 0.1461064507920293 0.1936218522070881 0.1476153423745389 0.3592749342499849 -0.00150889158250957 -0.1656530820428968
7.138 0.1434171158596899 0.1937810529871653 0.1449251620764946 0.3593877283033438 -0.001508046216804652 -0.1656066753161785
7.14 0.1407642058661542 0.1937835030608997 0.1422714074274672 0.3593437976420606 -0.00150720156131309 -0.165560294581161
7.142 0.138156501052884 0.1936372507703302 0.1396628586681236 0.3591511905863459 -0.001506357615239571 -0.1655139398160156
7.144 0.1356016447320126 0.193350565554721 0.1371071591098025 0.3588181765536598 -0.001505514377789896 -0.1654676109989387
7.146 0.1331062084675787 0.1929318102403432 0.1346108803157497 0.3583531183484937 -0.001504671848170974 -0.1654213081081505
7.148 0.1306757659900784 0.1923893322802278 0.1321795960156692 0.3577643634021236 -0.001503830025590827 -0.1653750311218958
7.15 0.1283149725034803 0.1917313730651961 0.1298179614127389 0.3570601530836398 -0.001502988909258579 -0.1653287800184437
7.152 0.1260276465750254 0.1909659940615317 0.1275297950734098 0.3562485488376194 -0.001502148498384466 -0.1652825547760877
7.154 0.1238168523134198 0.1901010182975764 0.1253181611055996 0.3553373736707219 -0.001501308792179824 -0.1652363553731455
7.156 0.1216849800205266 0.1891439855982804 0.1231854498103837 0.3543341673862394 -0.001500469789857089 -0.1651901817879589
7.158 0.119633823931946 0.188102119930298 0.1211334554225758 0.353246153929192 -0.001499631490629801 -0.165144033998894
7.16 0.1176646560381056 0.1869823072499516 0.1191634499318182 0.3520802192342928 -0.001498793893712595 -0.1650979119843412
7.162 0.1157782952977802 0.1857910823238722 0.1172762522961014 0.3508428980465871 -0.001497956998321204 -0.1650518157227149
7.164 0.1139751718207578 0.1845346231013731 0.1154722926244303 0.3495403682938265 -0.001497120803672455 -0.1650057451924534
7.166 0.1122553858108208 0.1832187513462609 0.1137516711198051 0.3481784517182802 -0.001496285308984267 -0.1649597003720193
7.168 0.1106187612290775 0.1818489383739669 0.1121142117425531 0.3467626196138662 -0.00149545051347565 -0.1649136812398994
7.17 0.109064894265759 0.1804303148794206 0.1105595106821257 0.3452980026540246 -0.001494616416366703 -0.164867687774604
7.172 0.1075931968028175 0.1789676839770197 0.1090869798196961 0.3437894039316875 -0.001493783016878612 -0.1648217199546678
7.174 0.106202935115438 0.1774655367027921 0.1076958854296717 0.3422413144614413 -0.001492950314233649 -0.1647757777586492
7.176 0.104893264102253 0.1759280693471885 0.1063853824099081 0.3406579305123191 -0.001492118307655168 -0.1647298611651306
7.178 0.103663257357229 0.1743592020943301 0.1051545443535967 0.3390431722470482 -0.001491286996367606 -0.1646839701527181
7.18 0.1025119334047437 0.1727625985395072 0.1040023897843402 0.3374007032395491 -0.00149045637959648 -0.1646381047000419
7.182 0.1014382784159329 0.1711416857404992 0.1029279048725013 0.3357339505262549 -0.001489626456568382 -0.1645922647857557
7.184 0.1004412657127962 0.1694996745312192 0.1019300629393072 0.3340461249197564 -0.001488797226510986 -0.1645464503885372
7.186 0.09951987234868406 0.1678395798887058 0.1010078410373371 0.3323402413757934 -0.001487968688653033 -0.1645006614870877
7.188 0.0986730930312972 0.1661642411971333 0.1001602338735215 0.3306191392572655 -0.001487140842224345 -0.1644548980601322
7.19 0.09789995162898567 0.1644763422963546 0.09938626531544148 0.3288855023827739 -0.001486313686455807 -0.1644091600864193
7.192 0.09719951047415468 0.1627784312388885 0.09868499769473406 0.32714187878361 -0.00148548722057938 -0.1643634475447215
7.194 0.09657087764926345 0.1610729397080952 0.09805553909309153 0.3253907001219297 -0.001484661443828086 -0.1643177604138346
7.196 0.09601321241235017 0.1593622020730122 0.09749704876778618 0.3236343007455902 -0.001483836355436016 -0.164272098672578
7.198 0.09552572889063185 0.1576484740726319 0.09700874084527017 0.3218749363724268 -0.001483011954638325 -0.1642264622997948
7.2 0.09510769814235326 0.1559339511342496 0.09658988638302449 0.3201148024086011 -0.001482188240671229 -0.1641808512743515
7.202 0.0947584486594041 0.1542207863377796 0.0962398138721761 0.3183560519129177 -0.001481365212772004 -0.1641352655751381
7.204 0.09447736535624587 0.1525111080411101 0.09595790822642486 0.316600813222178 -0.001480542870178986 -0.1640897051810679
7.206 0.09426388706424212 0.1508070371801671 0.09574360827637368 0.3148512072512448 -0.001479721212131564 -0.1640441700710777
7.208 0.09411750252508287 0.1491107042521496 0.09559640276295306 0.3131093644762774 -0.001478900237870187 -0.1639986602241278
7.21 0.09403774485241155 0.1474242659808821 0.0955158247990479 0.3113774416000837 -0.001478079946636353 -0.1639531756192016
7.212 0.09402418440740137 0.1457499216498167 0.09550144474507398 0.3096576378851226 -0.001477260337672613 -0.1639077162353059
7.214 0.09407642001193643 0.1440899290699363 0.09555286142215901 0.3079522111214071 -0.001476441410222567 -0.1638622820514707
7.216 0.09419406840284657 0.1424466201269969 0.09566969156637743 0.3062634931737465 -0.001475623163530865 -0.1638168730467496
7.218 0.09437675181256362 0.1408224158249306 0.09585155740940682 0.3045939050251495 -0.001474805596843201 -0.1637714892002189
7.22 0.09462408354657233 0.139219840708699 0.09609807225597865 0.3029459711996773 -0.001473988709406314 -0.1637261304909783
7.222 0.09493565141676294 0.1376415365107983 0.09640882391723092 0.301322333408949 -0.001473172500467986 -0.1636807968981507
7.224 0.09531099888363148 0.1360902748206718 0.09678335585290852 0.2997257632215538 -0.001472356969277039 -0.163635488400882
7.226 0.09574960376047817 0.1345689685245237 0.09722114587556151 0.298159173502865 -0.001471542115083336 -0.1635902049783413
7.228 0.09625085434119653 0.1330806817052301 0.0977215822783343 0.2966256283149507 -0.001470727937137776 -0.1635449466097206
7.23 0.0968140228318493 0.1316286376283919 0.0982839372665416 0.2951283509026269 -0.001469914434692293 -0.163499713274235
7.232 0.09743823599749825 0.1302162243711123 0.0989073376044981 0.293670729322235 -0.001469101606999859 -0.1634545049511227
7.234 0.09812244298244298 0.1288469975767108 0.09959073243575745 0.2922563191963554 -0.001468289453314473 -0.1634093216196446
7.236 0.09886538032671442 0.127524679743258 0.1003328582996056 0.2908888430023427 -0.00146747797289117 -0.1633641632590847
7.238 0.0996655342879728 0.126253155378647 0.1011322014529588 0.2895721852273968 -0.001466667164986009 -0.1633190298487497
7.24 0.1005211006884906 0.1250364612846206 0.1019869577173467 0.2883103826525901 -0.001465857028856079 -0.1632739213679694
7.242 0.1014299426443628 0.1238787711717701 0.1028949902081223 0.2871076089678665 -0.001465047563759496 -0.1632288377960964
7.244 0.102389546700947 0.1227843737632189 0.1038537854699024 0.2859681528757248 -0.001464238768955395 -0.1631837791125059
7.246 0.1033969780953932 0.1217576435251116 0.1048604087390972 0.2848963888217075 -0.001463430643703938 -0.1631387452965959
7.248 0.1044488360931851 0.120803003176995 0.1059114592804514 0.2838967395047822 -0.001462623187266304 -0.1630937363277873
7.25 0.1055412105982696 0.1199248771949966 0.1070030269971743 0.2829736293805201 -0.001461816398904694 -0.1630487521855236
7.252 0.1066696415089866 0.1191276356382287 0.1081306517868689 0.2821314284874996 -0.001461010277882323 -0.1630037928492709
7.254 0.1078290825744626 0.1184155278160583 0.1092892873979261 0.2813743861145763 -0.001460204823463423 -0.162958858298518
7.256 0.1090138717842585 0.1177926055821108 0.1104732718191718 0.2807065540948872 -0.001459400034913239 -0.1629139485127764
7.258 0.1102177105776101 0.1172626364000451 0.1116763064891082 0.280131699871625 -0.001458595911498029 -0.1628690634715799
7.26 0.111433654362475 0.1168290067815135 0.1128914468149601 0.2796532099359987 -0.001457792452485061 -0.1628242031544853
7.262 0.1126541169594417 0.1164946172475624 0.1141111066165844 0.2792739847886338 -0.001456989657142611 -0.1627793675410714
7.264 0.1138708915973791 0.1162617706023006 0.115327079122119 0.2789963272132404 -0.001456187524739962 -0.1627345566109398
7.266 0.1150751909512559 0.1161320560121476 0.1165305770058033 0.278821826355862 -0.001455386054547404 -0.1626897703437144
7.268 0.1162577083950954 0.1161062321229809 0.1177122936409317 0.2787512408420226 -0.001454585245836229 -0.1626450087190417
7.27 0.1174087021165104 0.1161841131754924 0.1188624872143891 0.2787843848920829 -0.001453785097878732 -0.1626002717165905
7.272 0.1185181029872601 0.1163644627371629 0.1199710885972083 0.2789200220532146 -0.001452985609948207 -0.1625555593160517
7.274 0.1195756461077466 0.1166449001880039 0.1210278328890656 0.2791557716851428 -0.001452186781318949 -0.162510871497139
7.276 0.1205710247637481 0.1170218254014514 0.1220224133750143 0.2794880336410394 -0.001451388611266248 -0.162466208239588
7.278 0.1214940641990584 0.1174903670771415 0.1229446552981248 0.2799119366002983 -0.001450591099066391 -0.1624215695231568
7.28 0.1223349111937516 0.1180443598452806 0.1237847054377482 0.2804213151729062 -0.001449794243996658 -0.1623769553276257
7.282 0.1230842340445552 0.1186763545298729 0.1245332320898905 0.2810087201626699 -0.001448998045335321 -0.162332365632797
7.284 0.123733426291367 0.1193776648182954 0.1251816287937287 0.2816654652367909 -0.001448202502361643 -0.1622878004184955
7.286 0.1242748065512333 0.1201384520656392 0.1257222141655891 0.282381711730207 -0.001447407614355876 -0.1622432596645678
7.288 0.1247018062309673 0.12094784813535 0.1261484196115665 0.283146591486233 -0.001446613380599259 -0.1621987433508831
7.29 0.1250091367937802 0.1217941141577596 0.1264549565941542 0.2839483656150916 -0.001445819800374016 -0.162154251457332
7.292 0.1251929287176408 0.1226648310256451 0.1266379555906041 0.2847746149894729 -0.001445026872963358 -0.1621097839638278
7.294 0.1252508353162779 0.1235471155124404 0.1266950699139294 0.2856124563627458 -0.001444234597651474 -0.1620653408503054
7.296 0.1251820961524213 0.1244278542682571 0.1266255391261448 0.286448776364979 -0.001443442973723536 -0.1620209220967218
7.298 0.1249875567541283 0.1252939467770773 0.126430208754594 0.2872704744601335 -0.001442652000465696 -0.1619765276830562
7.3 0.1246696435966819 0.126132547760612 0.126111505273847 0.2880647053499214 -0.001441861677165084 -0.1619321575893094
7.302 0.1242322956506582 0.1269312995506328 0.125673367653768 0.2888191113461371 -0.001441072003109803 -0.1618878117955043
7.304 0.1236808560265428 0.1276785456188695 0.1251211390041317 0.289522035900555 -0.001440282977588932 -0.1618434902816855
7.306 0.1230219291864271 0.1283635176839756 0.1244614237863196 0.2901627107118954 -0.001439494599892524 -0.1617991930279198
7.308 0.1222632106964251 0.1289764904881597 0.1237019175657367 0.2907314105024549 -0.001438706869311602 -0.1617549200142952
7.31 0.1214132974631945 0.1295089002928929 0.1228512172483326 0.2912195715138151 -0.001437919785138158 -0.1617106712209221
7.312 0.1204814867950667 0.129953425209177 0.1219186201417319 0.2916198718371094 -0.001437133346665153 -0.1616664466279323
7.314 0.1194775724723778 0.1303040274825925 0.1209139200255643 0.291926273698072 -0.001436347553186515 -0.1616222462154795
7.316 0.1184116453714227 0.1305559596501205 0.1198472077754199 0.2921340296138596 -0.001435562403997135 -0.1615780699637391
7.318 0.1172939051664514 0.1307057379644841 0.1187286830648442 0.2922396558173919 -0.001434777898392868 -0.1615339178529078
7.32 0.1161344883593961 0.1307510875755862 0.1175684823950666 0.2922408774387906 -0.001433994035670531 -0.1614897898632044
7.322 0.1149433164859447 0.130690864644758 0.1163765273010726 0.292136550619627 -0.001433210815127901 -0.1614456859748691
7.324 0.113729966936725 0.1305249608617561 0.1151623951727888 0.2919265670299198 -0.001432428236063713 -0.1614016061681636
7.326 0.1125035675122862 0.1302541957825257 0.1139352138100639 0.2916117462058971 -0.001431646297777661 -0.1613575504233714
7.328 0.1112727146723632 0.1298802020731754 0.1127035796719335 0.2911937207939727 -0.001430864999570391 -0.1613135187207972
7.33 0.1100454144879953 0.1294053082070052 0.1114754988287388 0.2906748192477727 -0.001430084340743505 -0.1612695110407675
7.332 0.1088290445792468 0.1288324224918405 0.1102583488998463 0.2900579498554706 -0.001429304320599557 -0.1612255273636301
7.334 0.1076303348199702 0.1281649215727015 0.1090588597584122 0.2893464892424555 -0.001428524938442052 -0.161181567669754
7.336 0.1064553642954495 0.1274065458173482 0.1078831104890249 0.2885441777568782 -0.001427746193575443 -0.16113763193953
7.338 0.1053095718812673 0.1265613032936417 0.1067365399665724 0.2876550234470118 -0.001426968085305131 -0.1610937201533701
7.34 0.1041977778386055 0.1256333834189236 0.105623968451543 0.2866832157106312 -0.001426190612937465 -0.1610498322917076
7.342 0.1031242139565312 0.1246270808208441 0.104549627732311 0.2856330491558412 -0.001425413775779735 -0.1610059683349971
7.344 0.1020925599832803 0.1235467295042932 0.1035171975564205 0.2845088577680079 -0.001424637573140176 -0.1609621282637147
7.346 0.1011059843465768 0.122396647070404 0.1025298463509047 0.2833149591287613 -0.001423862004327965 -0.1609183120583574
7.348 0.1001671874426844 0.1211810884743811 0.1015902745113376 0.2820556081738247 -0.001423087068653217 -0.1608745196994437
7.35 0.09927844605650647 0.1199042086297767 0.1007007588219335 0.2807349597972899 -0.001422312765426987 -0.1608307511675132
7.352 0.09844165774664172 0.1185700330562364 0.09986319684060299 0.2793570394993631 -0.001421539093961267 -0.1607870064431267
7.354 0.09765838427954703 0.1171824357126726 0.09907915033311601 0.2779257212195386 -0.001420766053568981 -0.160743285506866
7.356 0.09692989342076262 0.1157451231469409 0.09834988706432661 0.2764447114862752 -0.001419993643563992 -0.1606995883393343
7.358 0.09625719858568701 0.1142616241155262 0.0976764204489481 0.2749175390366818 -0.001419221863261092 -0.1606559149211556
7.36 0.09564109601661501 0.1127352838723188 0.09705954672859102 0.2733475491052938 -0.001418450711976002 -0.160612265232975
7.362 0.09508219928842439 0.1111692623869179 0.09649987947744977 0.2717379016423767 -0.001417680189025377 -0.1605686392554588
7.364 0.09458097105444113 0.1095665358236143 0.09599788134816793 0.2700915727929085 -0.001416910293726795 -0.1605250369692942
7.366 0.09413775202912518 0.1079299006865417 0.09555389305452394 0.2684113590417309 -0.001416141025398764 -0.1604814583551892
7.368 0.09375278726868987 0.1062619801113165 0.09516815965205058 0.2666998835051895 -0.001415372383360715 -0.160437903393873
7.37 0.09342624985776471 0.1045652318562202 0.09484085422469771 0.2649596039223158 -0.001414604366933 -0.1603943720660955
7.372 0.09315826214219984 0.1028419576139249 0.09457209911763674 0.2631928219665526 -0.001413836975436896 -0.1603508643526277
7.374 0.09294891466829698 0.1010943133276136 0.09436198487649158 0.2614016935618748 -0.0014130702081946 -0.1603073802342612
7.376 0.09279828299936477 0.09932432025253257 0.09421058706389399 0.2595882399443412 -0.001412304064529224 -0.1602639196918086
7.378 0.09270644258338104 0.09753387655449761 0.09411798112714584 0.2577543592606009 -0.001411538543764802 -0.1602204827061033
7.38 0.09267348184280916 0.09572476928162085 0.09408425548803544 0.2559018385396202 -0.001410773645226281 -0.1601770692579993
7.382 0.09269951365049005 0.09389868658480771 0.09410952301872957 0.2540323659131793 -0.001410009368239522 -0.1601336793283716
7.384 0.09278468534515964 0.09205723009590588 0.09419393105729094 0.2521475429940215 -0.0014092457121313 -0.1600903128981156
7.386 0.09292918742760439 0.09020192740127622 0.09433767010383369 0.250248897349424 -0.0014084826762293 -0.1600469699481478
7.388 0.09313326106431517 0.08833424457320743 0.09454098132417729 0.2483378950326123 -0.001407720259862117 -0.1600036504594049
7.39 0.09339720451035721 0.08645559874198774 0.09480416297271647 0.2464159531548323 -0.001406958462359255 -0.1599603544128446
7.392 0.09372137854740183 0.08456737070858369 0.09512757583045295 0.2444844524980285 -0.001406197283051125 -0.1599170817894448
7.394 0.09410621101666231 0.08267091761245385 0.09551164773793135 0.2425447501826583 -0.001405436721269041 -0.1598738325702045
7.396 0.09455220051009527 0.08076758568032466 0.09595687728644051 0.2405981924164675 -0.001404676776345225 -0.1598306067361428
7.398 0.09505991926667194 0.07885872309112674 0.09646383671428474 0.2386461273594263 -0.001403917447612796 -0.1597874042682995
7.4 0.09563001530377387 0.07694569299990722 0.09703317403817964 0.2366899181476421 -0.001403158734405779 -0.1597442251477349
7.402 0.09626321379685521 0.07502988676868824 0.0976656144329143 0.2347309561242179 -0.001402400636059096 -0.1597010693555297
7.404 0.09696031770338634 0.07311273745603347 0.0983619608552949 0.2327706743288185 -0.001401643151908567 -0.159657936872785
7.406 0.09772220760939615 0.07119573361948317 0.09912309389068706 0.2308105613001057 -0.001400886281290908 -0.1596148276806225
7.408 0.09854984075892625 0.06928043348517465 0.09994997078246999 0.2288521752453588 -0.001400130023543732 -0.1595717417601842
7.41 0.09944424920800717 0.06736847953766339 0.1008436235860127 0.2268971586302955 -0.001399374378005545 -0.1595286790926321
7.412 0.1004065370251393 0.06546161358015054 0.101805156369155 0.2249472532392997 -0.001398619344015744 -0.1594856396591492
7.414 0.1014378764399705 0.06356169230970526 0.1028357413608851 0.2230043157506434 -0.001397864920914618 -0.1594426234409381
7.416 0.1025395028205275 0.0616707034444261 0.1039366139285708 0.2210703338636483 -0.001397111108043345 -0.1593996304192222
7.418 0.1037127083367591 0.05979078242935068 0.1051090662415031 0.2191474430045955 -0.001396357904743989 -0.1593566605752448
7.42 0.1049588341448766 0.05792422973384082 0.1063544394552361 0.2172379436241105 -0.001395605310359506 -0.1593137138902697
7.422 0.1062792609025344 0.05607352873565641 0.1076741142267681 0.215344319081237 -0.001394853324233729 -0.1592707903455806
7.424 0.1076753973994987 0.05424136416517028 0.1090694993452101 0.2134692540876519 -0.001394101945711382 -0.1592278899224816
7.426 0.109148667062907 0.05243064105549911 0.1105420182370451 0.2116156536577959 -0.001393351174138068 -0.1591850126022968
7.428 0.110700492070472 0.05064450411095375 0.1120930930793323 0.2097866624773241 -0.001392601008860268 -0.1591421583663703
7.43 0.1123322747796177 0.04888635736597338 0.1137241262288431 0.20798568456204 -0.001391851449225347 -0.1590993271960666
7.432 0.1140453761571855 0.04715988395783383 0.1154364786517671 0.2062164030306038 -0.001391102494581546 -0.15905651907277
7.434 0.1158410908734585 0.04546906577884879 0.1172314450177365 0.2044827997567337 -0.001390354144277982 -0.1590137339778849
7.436 0.1177206187077164 0.04381820270610909 0.1191102251053811 0.2027891745989448 -0.001389606397664648 -0.1589709718928357
7.438 0.1196850319025194 0.04221193102774518 0.1210738911566118 0.2011401638268119 -0.001388859254092409 -0.1589282327990668
7.44 0.1217352381029636 0.04065524059377351 0.1231233508158766 0.1995407572718159 -0.001388112712913004 -0.1588855166780423
7.442 0.123871938527788 0.03915349011652292 0.125259305301267 0.1979963136277697 -0.001387366773479043 -0.1588428235112468
7.444 0.1260955810460866 0.03771241992950408 0.1274822024812306 0.1965125732096882 -0.001386621435144004 -0.1588001532801841
7.446 0.1284063078802533 0.03633816138564974 0.1297921845775155 0.195095667352028 -0.001385876697262233 -0.1587575059663782
7.448 0.1308038977275455 0.035037241937379 0.1321890302867344 0.1937521234887521 -0.001385132559188944 -0.1587148815513731
7.45 0.1332877021955481 0.03381658479398481 0.1346720912158283 0.1924888648107172 -0.001384389020280216 -0.1586722800167324
7.452 0.1358565765865967 0.03268350190097338 0.1372402226664897 0.1913132032450128 -0.00138364607989299 -0.1586297013440394
7.454 0.1385088052487423 0.03164567883701006 0.1398917089861274 0.1902328243519074 -0.001382903737385072 -0.1585871455148973
7.456 0.1412420219433768 0.03071115008482209 0.1426241839354919 0.1892557625957511 -0.001382161992115127 -0.158544612510929
7.458 0.1440531259665741 0.02988826301408046 0.1454345468100168 0.1883903653278577 -0.001381420843442682 -0.1585021023137773
7.46 0.1469381951077821 0.02918562883014783 0.1483188753985102 0.187645243735252 -0.00138068029072812 -0.1584596149051042
7.462 0.1498923969359925 0.0286120587100874 0.1512723372693252 0.1870292089766792 -0.001379940333332681 -0.1584171502665918
7.464 0.1529099003701419 0.02817648338562651 0.1542891013407603 0.1865511917655681 -0.001379200970618462 -0.1583747083799416
7.466 0.1559837900090633 0.02788785456529044 0.1573622522110117 0.1862201437921653 -0.001378462201948415 -0.1583322892268749
7.468 0.1591059862536878 0.02775502683875122 0.1604837102803742 0.1860449196278835 -0.001377724026686342 -0.1582898927891323
7.47 0.1622671748307184 0.02778661910063529 0.1636441612749153 0.1860341381491094 -0.001376986444196897 -0.1582475190484741
7.472 0.1654567498905438 0.02799085509209601 0.1668329993443894 0.1861960230787762 -0.001376249453845585 -0.1582051679866802
7.474 0.1686627753618638 0.02837538340496729 0.1700382884168626 0.1865382229905171 -0.001375513054998761 -0.1581628395855499
7.476 0.1718719696509447 0.02894707823560655 0.1732467468979683 0.1870676120625084 -0.001374777247023625 -0.1581205338269018
7.478 0.175069719011912 0.02971182331144881 0.1764437610412003 0.1877900740040231 -0.001374042029288223 -0.1580782506925743
7.48 0.178240124917285 0.03067428272262224 0.1796134323184464 0.1887102728870472 -0.001373307401161447 -0.158035990164425
7.482 0.1813660904553204 0.03183766383207057 0.1827386638173334 0.1898314160564015 -0.001372573362013032 -0.1579937522243309
7.484 0.1844294501038073 0.03320347894287212 0.1858012900150209 0.1911550157970605 -0.001371839911213555 -0.1579515368541884
7.486 0.1874111461244129 0.03477131387510932 0.1887822531725473 0.1926806579110225 -0.001371107048134432 -0.1579093440359131
7.488 0.1902914532579947 0.03653861292629479 0.1916618280301426 0.1944057866777351 -0.001370374772147919 -0.1578671737514403
7.49 0.1930502513815681 0.03850049071593312 0.1944198944641952 0.1963255166986572 -0.001369643082627112 -0.1578250259827241
7.492 0.1956673433610243 0.04064958199258689 0.1970362553399702 0.1984324827043252 -0.001368911978945941 -0.1577829007117383
7.494 0.1981228126031317 0.04297594046210984 0.1994909940636108 0.2007167383825853 -0.001368181460479171 -0.1577407979204755
7.496 0.2003974119317464 0.04546699695073048 0.2017648634583488 0.2031657145416784 -0.001367451526602403 -0.1576987175909479
7.498 0.2024729725947422 0.0481075856630474 0.2038396947714343 0.205764245368234 -0.001366722176692069 -0.1576566597051866
7.5 0.2043328196970755 0.05088004491606454 0.2056988131072009 0.2084946691613067 -0.001365993410125432 -0.1576146242452422
7.502 0.2059621784119752 0.05376439558798407 0.2073274436382558 0.2113370067811681 -0.001365265226280587 -0.157572611193184
7.504 0.2073485541952163 0.05673859676747245 0.2087130918197527 0.2142692172985732 -0.001364537624536454 -0.1575306205311007
7.506 0.208482070118869 0.05977887396667037 0.2098458807231418 0.2172675262077704 -0.001363810604272782 -0.1574886522411
7.508 0.2093557454722968 0.06286011107784867 0.2107188296371669 0.2203068173831574 -0.001363084164870148 -0.1574467063053087
7.51 0.2099657019666493 0.06595629336024708 0.2113280602723592 0.2233610760661197 -0.001362358305709949 -0.1574047827058726
7.512 0.2103112871237941 0.06904098549426768 0.2116729201499685 0.2264038669192242 -0.001361633026174411 -0.1573628814249565
7.514 0.210395108512292 0.07208782644390316 0.2117560168379385 0.2294088288886473 -0.001360908325646576 -0.1573210024447441
7.516 0.2102229770968852 0.07507102175225727 0.2115831613003955 0.2323501674996956 -0.00136018420351031 -0.1572791457474383
7.518 0.2098037627165082 0.07796581407333281 0.2111632233756585 0.2352031253885935 -0.001359460659150299 -0.1572373113152607
7.52 0.2091491692033691 0.08074891419663538 0.2105079068953211 0.2379444133270872 -0.001358737691952044 -0.1571954991304518
7.522 0.208273440538055 0.08339887740329785 0.2096314558393569 0.240552586578569 -0.001358015301301865 -0.1571537091752712
7.524 0.2071930124103601 0.08589641345168852 0.208550305896947 0.2430083548836857 -0.001357293486586897 -0.1571119414319971
7.526 0.205926125435125 0.08822462249896121 0.2072826976823201 0.245294818381888 -0.001356572247195089 -0.1570701958829268
7.528 0.2044924169878783 0.09036915346650382 0.2058482685703935 0.2473976259768799 -0.001355851582515203 -0.1570284725103761
7.53 0.2029125082237959 0.09231828540974818 0.2042676397157327 0.2493050567064279 -0.001355131491936811 -0.1569867712966798
7.532 0.2012076014720321 0.094062936061551 0.2025620134468824 0.2510080282857424 -0.001354411974850297 -0.1569450922241914
7.534 0.1993991010740892 0.09559660466644615 0.200752794104736 0.2525000399417292 -0.001353693030646854 -0.1569034352752831
7.536 0.1975082681134209 0.09691525838296175 0.1988612427721394 0.2537770588153075 -0.001352974658718482 -0.1568618004323458
7.538 0.195555916624971 0.09801717286205011 0.196908173483429 0.2548373605398393 -0.001352256858457986 -0.1568201876777892
7.54 0.1935621560152571 0.09890273814927111 0.1949136956445161 0.2556813351433126 -0.001351539629258978 -0.1567785969940415
7.542 0.1915461817604233 0.0995742409044213 0.1928970047309392 0.2563112692679709 -0.001350822970515874 -0.1567370283635496
7.544 0.1895261141241749 0.1000356332192797 0.1908762210057988 0.2567311149880588 -0.001350106881623892 -0.156695481768779
7.546 0.1875188827371595 0.10029229719458 0.1888682740991386 0.2569462543867939 -0.001349391361979049 -0.1566539571922139
7.548 0.1855401534382493 0.1003508130635768 0.1868888298492275 0.2569632676799335 -0.001348676410978165 -0.1566124546163568
7.55 0.1836042927909586 0.1002187371583307 0.1849522548189774 0.2567897111820596 -0.001347962028018859 -0.1565709740237289
7.552 0.1817243651160936 0.09990439452112848 0.1830716133285932 0.2564339099179985 -0.001347248212499543 -0.15652951539687
7.554 0.1799121566647854 0.09941668955494995 0.1812586916286048 0.2559047682732881 -0.00134653496381943 -0.1564880787183381
7.556 0.1781782216264602 0.09876493684375362 0.1795240439078387 0.2552116008144636 -0.001345822281378527 -0.15644666397071
7.558 0.1765319449516851 0.0979587131912189 0.1778770551162627 0.2543639843277996 -0.001345110164577632 -0.1564052711365807
7.56 0.1749816174040508 0.09700773104022517 0.1763260160168691 0.2533716312387889 -0.001344398612818339 -0.1563639001985637
7.562 0.1735345187782975 0.09592173274278798 0.1748782064038005 0.2522442838820788 -0.001343687625503028 -0.1563225511392908
7.564 0.1721970057855838 0.09471040463866115 0.1735399829876186 0.2509916285800734 -0.001342977202034875 -0.1562812239414123
7.566 0.170974601672894 0.09338330954991403 0.1723168690147118 0.2496232281375107 -0.001342267341817841 -0.1562399185875967
7.568 0.1698720851833148 0.0919498360840843 0.1712136432275715 0.2481484711446152 -0.001341558044256674 -0.1561986350605309
7.57 0.1688935769591827 0.09041916303507175 0.1702344262679396 0.2465765363779918 -0.00134084930875691 -0.1561573733429201
7.572 0.1680426219293641 0.08880023715456239 0.169382763064089 0.2449163705720502 -0.001340141134724869 -0.1561161334174878
7.574 0.1673222665993254 0.087101762614814 0.168661700120893 0.2431766778817895 -0.001339433521567654 -0.1560749152669755
7.576 0.166735130478092 0.0853322005771357 0.1680738569467851 0.241365919451279 -0.001338726468693151 -0.1560337188741433
7.578 0.1662834711318265 0.08349977740318226 0.1676214911073365 0.2394923216249514 -0.001338019975510028 -0.1559925442217691
7.58 0.1659692425537316 0.08161250018443636 0.1673065565951594 0.2375638914770856 -0.001337314041427731 -0.1559513912926493
7.582 0.1657941466904334 0.07967817840889663 0.1671307553562899 0.2355884384784949 -0.001336608665856487 -0.1559102600695983
7.584 0.1657596780719787 0.07770445072547599 0.167095581920186 0.2335736012609245 -0.001335903848207298 -0.1558691505354485
7.586 0.1658671615621224 0.07569881589883409 0.1672023611500144 0.2315268785718846 -0.001335199587891944 -0.1558280626730505
7.588 0.1661177832839793 0.07366866716701681 0.1674522791683023 0.2294556636322901 -0.001334495884322979 -0.1557869964652733
7.59 0.1665126147889156 0.07162132931844284 0.1678464075258293 0.2273672812134462 -0.00133379273691373 -0.1557459518950033
7.592 0.1670526305286323 0.06956409789044954 0.1683857206737106 0.225269026835595 -0.001333090145078301 -0.1557049289451455
7.594 0.1677387186665995 0.06750427995825012 0.1690711067748311 0.2231682075568727 -0.00133238810823156 -0.1556639275986225
7.596 0.1685716852292692 0.06544923603016595 0.1699033718550584 0.2210721838685412 -0.001331686625789151 -0.1556229478383752
7.598 0.1695522515536493 0.06340642259048143 0.1708832372508167 0.2189884122378437 -0.001330985697167485 -0.1555819896473623
7.6 0.1706810449394927 0.0613834348357743 0.1720113302612764 0.2169244878443347 -0.00133028532178374 -0.1555410530085604
7.602 0.1719585823646653 0.05938804913388848 0.1732881678637212 0.2148881870388524 -0.001329585499055861 -0.1555001379049639
7.604 0.1733852470750631 0.05742826469508419 0.1747141333034657 0.2128875090146697 -0.001328886228402559 -0.1554592443195855
7.606 0.1749612578192237 0.05551234388320758 0.176289445328467 0.210930716118663 -0.001328187509243308 -0.1554183722354554
7.608 0.1766866304662532 0.05364885051071039 0.1780141198072515 0.2090263721463321 -0.001327489340998345 -0.1553775216356217
7.61 0.1785611317290063 0.05184668535378004 0.1798879234520949 0.2071833778569304 -0.001326791723088669 -0.1553366925031503
7.612 0.1805842247173406 0.05011511799430082 0.1819103193722767 0.2054110028154258 -0.001326094654936039 -0.155295884821125
7.614 0.1827550060742275 0.04846381394465829 0.1840804042101904 0.2037189125173056 -0.001325398135962973 -0.1552550985726474
7.616 0.1850721345081969 0.0469028558405368 0.1863968366737896 0.2021171895813733 -0.001324702165592749 -0.1552143337408365
7.618 0.187533750635601 0.04544275729992581 0.1888577573788504 0.2006163476087553 -0.001324006743249399 -0.1551735903088295
7.62 0.1901373881936039 0.04409446784848006 0.1914607000619616 0.1992273361082611 -0.001323311868357712 -0.155132868259781
7.622 0.1928798768890122 0.04286936710831477 0.1942024944293554 0.1979615346851781 -0.001322617540343232 -0.1550921675768633
7.624 0.1957572374172193 0.04177924625018981 0.1970791611758516 0.1968307344934563 -0.001321923758632256 -0.1550514882432664
7.626 0.1987645695271298 0.0408362745306653 0.2000858000497817 0.1958471047728633 -0.001321230522651832 -0.155010830242198
7.628 0.2018959344304629 0.04005294859272934 0.2032164722622926 0.1950231421496126 -0.001320537831829761 -0.1549701935568833
7.63 0.2051442333602391 0.03944202212224407 0.2064640790458337 0.1943716002928091 -0.00131984568559459 -0.154929578170565
7.632 0.2085010846736853 0.03901641344872944 0.2098202387570609 0.193905397515233 -0.00131915408337562 -0.1548889840665036
7.634 0.2119567025655979 0.03878908878640042 0.2132751655902008 0.1936375000143773 -0.001318463024602894 -0.1548484112279769
7.636 0.2154997811946368 0.03877291906343824 0.216817553703344 0.1935807787017186 -0.001317772508707206 -0.1548078596382803
7.638 0.2191173888041849 0.03898050871848843 0.2204344713393049 0.1937478379992153 -0.00131708253512009 -0.1547673292807269
7.64 0.2227948772078324 0.03942399548702971 0.2241112703111062 0.1941508156256765 -0.001316393103273828 -0.1547268201386468
7.642 0.2265158127570058 0.04011482108709608 0.2278315169696072 0.1948011532824841 -0.001315704212601442 -0.154686332195388
7.644 0.2302619355511431 0.04106347386448747 0.2315769514136798 0.1957093392988032 -0.001315015862536699 -0.1546458654343158
7.646 0.2340131541132468 0.04227920587972178 0.2353274821657609 0.1968846257185344 -0.001314328052514102 -0.1546054198388126
7.648 0.2377475829438082 0.04376972859900186 0.239061223725777 0.1983347239912804 -0.001313640781968895 -0.1545649953922786
7.65 0.2414416301867506 0.04554089324844113 0.2427545842370877 0.2000654853265722 -0.001312954050337061 -0.154524592078131
7.652 0.2450701419966263 0.04759636393183586 0.2463824098536816 0.2020805738116406 -0.00131226785705532 -0.1544842098798047
7.654 0.2486066089986267 0.04993729368660108 0.2499181912001878 0.2043811424673527 -0.001311582201561126 -0.1544438487807517
7.656 0.2520234384197219 0.05256201561105531 0.2533343355030145 0.2069655243754963 -0.001310897083292668 -0.154403508764441
7.658 0.2552922930194097 0.05546576285856183 0.2566025055210986 0.2098289526729213 -0.00131021250168887 -0.1543631898143595
7.66 0.2583844948920153 0.05864043245338013 0.2596940233482047 0.2129633243673908 -0.001309528456189386 -0.1543228919140107
7.662 0.2612714886493476 0.06207440832691541 0.2625803335955822 0.2163570233738313 -0.001308844946234604 -0.1542826150469159
7.664 0.2639253545996281 0.06575245850708208 0.2652335165708938 0.2199948177036951 -0.001308161971265638 -0.154242359196613
7.666 0.2663193585645363 0.06965571986505595 0.2676268380952606 0.2238578442117136 -0.001307479530724334 -0.1542021243466576
7.668 0.2684285212354549 0.07376178115571064 0.2697353188595081 0.2279236916363328 -0.001306797624053266 -0.1541619104806222
7.67 0.2702301868173907 0.07804487130583329 0.2715363030680864 0.2321665888879297 -0.001306116250695732 -0.1541217175820964
7.672 0.2717045685011305 0.082476155149558 0.2730100039112263 0.236557700784245 -0.001305435410095757 -0.154081545634687
7.674 0.2728352473605722 0.08702413335006712 0.2741400024622703 0.2410655279720849 -0.001304755101698091 -0.1540413946220177
7.676 0.273609601826818 0.09165513746169285 0.2749136771517662 0.2456564019894225 -0.001304075324948206 -0.1540012645277296
7.678 0.2740191470484 0.0963339054344135 0.2753225431276923 0.2502950607698942 -0.001303396079292295 -0.1539611553354807
7.68 0.274059767158682 0.1010242178358404 0.2753624845228592 0.2549452848647861 -0.001302717364177275 -0.1539210670289457
7.682 0.2737318285215783 0.1056895711339484 0.2750338677006292 0.2595705707257652 -0.001302039179050779 -0.1538809995918168
7.684 0.2730401680477734 0.1102938619269644 0.2743415295711346 0.2641348149347671 -0.001301361523361163 -0.1538409530078027
7.686 0.2719939571849032 0.1148020552713942 0.2732946415814607 0.2686029825320237 -0.001300684396557496 -0.1538009272606295
7.688 0.2706064486460943 0.1191808113206416 0.2719064564441839 0.2729417336546815 -0.001300007798089567 -0.1537609223340399
7.69 0.2688946188176604 0.1233990472364827 0.2701939505450682 0.2771199854482764 -0.001299331727407879 -0.1537209382117936
7.692 0.2668787236150661 0.1274284154997298 0.2681773797990298 0.2811093903773971 -0.001298656183963647 -0.1536809748776673
7.694 0.2645817889945402 0.1312436849237403 0.265879770161749 0.2848847172391947 -0.001297981167208804 -0.1536410323154544
7.696 0.2620290591906521 0.1348230163872287 0.2633263658672481 0.2884241268961938 -0.00129730667659599 -0.1536011105089652
7.698 0.2592474260183276 0.1381481310604578 0.2605440587299062 0.2917093405024845 -0.001296632711578558 -0.1535612094420268
7.7 0.2562648613821832 0.1412043742543184 0.2575608206537938 0.2947257033528015 -0.001295959271610572 -0.1535213290984831
7.702 0.2531098727295291 0.1439806826145167 0.2544051590856759 0.2974621520767116 -0.001295286356146802 -0.1534814694621949
7.704 0.2498109978964101 0.1464694659673158 0.2511056118610528 0.2999110964843554 -0.001294613964642727 -0.1534416305170395
7.706 0.2463963519871235 0.1486664175802906 0.247690294083678 0.3020682298272019 -0.001293942096554533 -0.1534018122469113
7.708 0.2428932349477509 0.1505702679261346 0.24418650569909 0.3039322825618557 -0.001293270751339111 -0.153362014635721
7.71 0.2393278046448635 0.1521824973237489 0.2406204045733175 0.3055047349911452 -0.001292599928454054 -0.1533222376673963
7.712 0.2357248167816177 0.153507022238773 0.2370167464089754 0.3067895035646542 -0.001291929627357661 -0.1532824813258813
7.714 0.232107430033104 0.1545498687582419 0.233398689880613 0.3077926143533788 -0.001291259847508932 -0.153242745595137
7.716 0.228497072449771 0.1553188450218422 0.2297876630381386 0.308521875480983 -0.001290590588367568 -0.1532030304591408
7.718 0.2249133634829967 0.1558232223986925 0.2262032853323907 0.3089865583005795 -0.001289921849393969 -0.153163335901887
7.72 0.2213740848968655 0.156073433120031 0.2226633385269147 0.3091970950274172 -0.001289253630049236 -0.1531236619073862
7.722 0.2178951932794913 0.156080790055753 0.2191837792092865 0.3091647985154186 -0.001288585929795165 -0.1530840084596656
7.724 0.2144908667660618 0.1558572324602968 0.2157787855141561 0.3089016080030659 -0.00128791874809425 -0.1530443755427691
7.726 0.2111735788346142 0.1554150998781464 0.2124608309190238 0.3084198630189033 -0.001287252084409682 -0.1530047631407569
7.728 0.2079541925397461 0.154766935026032 0.2092407784779515 0.3077321062637379 -0.001286585938205342 -0.1529651712377059
7.73 0.204842069220976 0.1539253153673432 0.2061279895299218 0.3068509151850525 -0.001285920308945809 -0.1529255998177093
7.732 0.2018451864844537 0.152902712253822 0.20313044168055 0.3057887611186989 -0.001285255196096353 -0.1528860488648769
7.734 0.1989702610501715 0.1517113759072851 0.2002548516492945 0.3045578942706199 -0.001284590599122933 -0.1528465183633348
7.736 0.1962228728357656 0.1503632441190596 0.1975067993532579 0.3031702524162852 -0.001283926517492201 -0.1528070082972256
7.738 0.1936075873780153 0.1488698723225157 0.1948908503286868 0.301637390973224 -0.001283262950671496 -0.1527675186507083
7.74 0.1911280743551647 0.1472423826103882 0.1924106742532936 0.2999704320183464 -0.001282599898128847 -0.1527280494079581
7.742 0.1887872205554714 0.1454914292918243 0.1900691579148044 0.2981800298449912 -0.001281937359332969 -0.1526886005531669
7.744 0.1865872361344864 0.143627178684683 0.1878685114682397 0.2962763507552255 -0.001281275333753262 -0.1526491720705424
7.746 0.1845297534182009 0.1416593009929322 0.1858103672390607 0.2942690649372414 -0.001280613820859811 -0.1526097639443091
7.748 0.1826159178460784 0.1395969723068672 0.1838958706662018 0.2921673484655748 -0.001279952820123386 -0.1525703761587076
7.75 0.1808464709131274 0.1374488849686549 0.1821257632441429 0.2899798936666496 -0.001279292331015439 -0.1525310086979947
7.752 0.1792218251731342 0.1352232647557046 0.1805004575261423 0.287714926302148 -0.001278632353008104 -0.1524916615464434
7.754 0.1777421315143738 0.1329278935410017 0.1790201043999479 0.2853802282293447 -0.001277972885574194 -0.1524523346883431
7.756 0.1764073390221914 0.130570136285223 0.1776846529503786 0.2829831643932222 -0.001277313928187204 -0.1524130281079993
7.758 0.1752172478085681 0.1281569713972268 0.1764939032888894 0.2805307131869604 -0.001276655480321305 -0.1523737417897336
7.76 0.1741715552240918 0.1256950236649518 0.1754475527655431 0.2780294993828359 -0.001275997541451348 -0.1523344757178841
7.762 0.1732698958781942 0.1231905991056045 0.1745452359892471 0.2754858289824089 -0.001275340111052859 -0.1522952298768044
7.764 0.1725118758849965 0.1206497212131334 0.1737865590735985 0.2729057254639984 -0.001274683188602038 -0.1522560042508649
7.766 0.1718971017290558 0.1180781681928467 0.1731711285026316 0.2702949670172984 -0.001274026773575761 -0.1522167988244517
7.768 0.1714252041106515 0.1154815108671021 0.1726985749761031 0.2676591244490692 -0.001273370865451578 -0.1521776135819671
7.77 0.1710958570876054 0.1128651510145796 0.1723685725513132 0.2650035995224089 -0.00127271546370771 -0.1521384485078293
7.772 0.1709087927820515 0.1102343599697215 0.1721808533498746 0.2623336635561942 -0.001272060567823048 -0.1520993035864727
7.774 0.1708638118675327 0.1075943173582672 0.1721352180448099 0.2596544961606149 -0.001271406177277155 -0.1520601788023478
7.776 0.1709607899960967 0.1049501498815089 0.172231542287647 0.2569712240214297 -0.001270752291550264 -0.1520210741399207
7.778 0.1711996802676234 0.1023069700868102 0.1724697791777467 0.2542889596704842 -0.001270098910123273 -0.151981989583674
7.78 0.1715805117850842 0.09966991507413345 0.1728499578175619 0.2516128401922393 -0.001269446032477748 -0.1519429251181058
7.782 0.1721033842807549 0.09704418508942209 0.1733721779388508 0.2489480658171525 -0.001268793658095924 -0.1519038807277304
7.784 0.1727684587402394 0.09443508194589903 0.1740366005267001 0.2462999383429769 -0.001268141786460697 -0.1518648563970779
7.786 0.1735759438939511 0.09184804719189427 0.1748434343110067 0.2436738993025886 -0.00126749041705563 -0.1518258521106943
7.788 0.1745260783906219 0.0892886999098913 0.1757929179399868 0.2410755677630328 -0.001266839549364945 -0.1517868678531415
7.79 0.1756191084151134 0.08676287398521673 0.176885297597987 0.2385107775942139 -0.001266189182873532 -0.1517479036089971
7.792 0.1768552604648718 0.08427665462234635 0.1781207997819388 0.2359856139852012 -0.001265539317066936 -0.1517089593628549
7.794 0.178234708957463 0.08183641381234733 0.1794995989088944 0.2335064489116714 -0.001264889951431366 -0.1516700350993241
7.796 0.1797575383075052 0.07944884436569782 0.1810217793929589 0.2310799751687276 -0.001264241085453686 -0.1516311308030298
7.798 0.181423699088475 0.07712099201848904 0.1826872918070964 0.228713238477102 -0.001263592718621422 -0.151592246458613
7.8 0.183232957886084 0.07486028499726888 0.1844959027365067 0.2264136670479993 -0.001262944850422753 -0.1515533820507304
7.802 0.1851848404593794 0.0726745602883507 0.1864471379397259 0.224189097852405 -0.001262297480346518 -0.1515145375640543
7.804 0.1872785678591269 0.070572085700116 0.1885402184670092 0.222047798683389 -0.001261650607882207 -0.151475712983273
7.806 0.1895129852151929 0.06856157663461979 0.1907739894477128 0.2199984849277098 -0.001261004232519966 -0.15143690829309
7.808 0.1918864830032919 0.06665220629861493 0.1931468413570425 0.2180503297768399 -0.001260358353750592 -0.151398123478225
7.81 0.1943969107430332 0.06485360788904909 0.1956566237140987 0.216212966412462 -0.001259712971065537 -0.151359358523413
7.812 0.1970414832727064 0.06317586708896961 0.1983005513566633 0.2144964805023743 -0.0012590680839569 -0.1513206134134047
7.814 0.199816679999138 0.06162950301631295 0.2010751036910554 0.2129113911492794 -0.001258423691917433 -0.1512818881329664
7.816 0.2027181378409385 0.06022543559158128 0.203975917635379 0.2114686182584615 -0.001257779794440534 -0.1512431826668802
7.818 0.2057405389781387 0.05897493714573154 0.206997675369159 0.210179434145675 -0.001257136391020252 -0.1512044969999435
7.82 0.2088774949941347 0.05788956599643397 0.210133988475286 0.2090553971134032 -0.001256493481151279 -0.1511658311169693
7.822 0.2121214295481463 0.0569810797026537 0.2133772806124752 0.2081082647054398 -0.001255851064328956 -0.1511271850027861
7.824 0.2154634623447582 0.05626132579044729 0.2167186714848074 0.2073498844326855 -0.001255209140049269 -0.1510885586422382
7.826 0.2188932978594898 0.05574210795858142 0.2201478655672987 0.2067920599787663 -0.001254567707808845 -0.1510499520201849
7.828 0.2223991230155272 0.05543502615293838 0.2236530497826321 0.2064463912744397 -0.001253926767104955 -0.1510113651215013
7.83 0.22596751875639 0.05535128947575785 0.2272208050738256 0.2063240874068359 -0.001253286317435514 -0.1509727979310781
7.832 0.2295833911777716 0.05550150169907916 0.2308360375360707 0.2064357521329001 -0.001252646358299076 -0.1509342504338209
7.834 0.2332299285102184 0.05589542020260529 0.2344819353994133 0.2067911428172564 -0.001252006889194833 -0.1508957226146511
7.836 0.236888590713429 0.05654169046341931 0.2381399586230516 0.2073989049219248 -0.001251367909622621 -0.1508572144585055
7.838 0.2405391386673819 0.05744755977944058 0.2417898680864648 0.2082662857297767 -0.00125072941908291 -0.1508187259503361
7.84 0.2441597098337729 0.05861857567548001 0.2454098012508497 0.2093988327505903 -0.001250091417076807 -0.1507802570751103
7.842 0.2477269467228883 0.0600582763557212 0.2489764006259944 0.210800084173532 -0.001249453903106058 -0.1507418078178109
7.844 0.2512161834502811 0.06176788253037077 0.2524650003269541 0.2124712606938066 -0.00124881687667304 -0.1507033781634358
7.846 0.2546016940416312 0.06374600182117629 0.2558498743789119 0.2144109699181749 -0.001248180337280769 -0.1506649680969986
7.848 0.2578570039165833 0.06598835857364951 0.2591045482010162 0.2166149361771773 -0.001247544284432889 -0.1506265776035278
7.85 0.2609552631735605 0.06848756308079312 0.2622021718911942 0.2190757697488604 -0.001246908717633679 -0.1505882066680673
7.852 0.2638696769918114 0.07123293475257284 0.2651159506281995 0.221782790028249 -0.001246273636388048 -0.1505498552756762
7.854 0.2665739848212009 0.07421039345939981 0.2678196238614024 0.2247219168708285 -0.001245639040201537 -0.1505115234114287
7.856 0.2690429762697274 0.07740243198540578 0.2702879811983077 0.2278756430458204 -0.001245004928580314 -0.1504732110604146
7.858 0.2712530280125571 0.08078818016277015 0.2724973993135882 0.2312230983705084 -0.001244371301031177 -0.1504349182077383
7.86 0.2731826429667861 0.08434356783123015 0.2744263811238476 0.2347402126697499 -0.00124373815706155 -0.1503966448385198
7.862 0.2748129707416708 0.0880415893940259 0.2760560762378503 0.2383999803319199 -0.001243105496179485 -0.150358390937894
7.864 0.2761282872945633 0.09185266765856789 0.277370760612457 0.242172824149579 -0.001242473317893658 -0.1503201564910111
7.866 0.2771164120340329 0.09574510920305992 0.2783582536557463 0.2460270506860962 -0.001241841621713369 -0.1502819414830363
7.868 0.2777690424317373 0.09968563812330034 0.2790102528388858 0.24992938402245 -0.001241210407148542 -0.1502437458991497
7.87 0.2780819895095171 0.1036399901505655 0.2793225691832268 0.2538455598751123 -0.001240579673709726 -0.1502055697245468
7.872 0.2780553021764438 0.1075735452429969 0.2792952515973519 0.2577409581874349 -0.001239949420908088 -0.1501674129444379
7.874 0.2776932739739906 0.1114519742130445 0.278932593622246 0.261581249757093 -0.001239319648255417 -0.1501292755440485
7.876 0.2770043319043818 0.1152418740161916 0.2782430222596459 0.2653330315248105 -0.001238690355264123 -0.1500911575086189
7.878 0.2760008131612351 0.1189113670874457 0.2772388747026824 0.2689644259108501 -0.001238061541447232 -0.1500530588234045
7.88 0.2746986412432299 0.1224306424936227 0.2759360744495483 0.2724456219672983 -0.00123743320631839 -0.1500149794736756
7.882 0.2731169176598586 0.1257724204327681 0.2743537230092505 0.2757493398774857 -0.001236805349391861 -0.1499769194447176
7.884 0.2712774488908912 0.1289123263940598 0.2725136268610737 0.2788512051158904 -0.00123617797018252 -0.1499388787218306
7.886 0.2692042302408942 0.131829166645911 0.2704397813091001 0.2817300239362409 -0.001235551068205864 -0.1499008572903299
7.888 0.2669229086962272 0.1345051021822722 0.2681578333392052 0.2843679573178174 -0.001234924642977997 -0.1498628551355453
7.89 0.2644602459487597 0.136925723396691 0.2656945446427754 0.2867505956395127 -0.001234298694015642 -0.1498248722428218
7.892 0.261843600623629 0.1390800322145544 0.2630772738444652 0.2888669408120734 -0.00123367322083613 -0.149786908597519
7.894 0.2591004457414129 0.1409603419483515 0.2603334939643703 0.2907093061333632 -0.001233048222957406 -0.1497489641850117
7.896 0.2562579338959102 0.14256210761949 0.2574903575958082 0.2922731466101791 -0.001232423699898023 -0.1497110389906891
7.898 0.2533425188717638 0.1438837008931498 0.2545743185229409 0.2935568338931053 -0.001231799651177147 -0.1496731329999554
7.9 0.2503796387564478 0.1449261441764841 0.2516108148327623 0.2945613903747137 -0.001231176076314548 -0.1496352461982296
7.902 0.2473934622507538 0.145692817980989 0.2486240152255844 0.2952901965519344 -0.001230552974830606 -0.1495973785709454
7.904 0.2444066970156847 0.1461891545320384 0.245636627361931 0.2957486846355896 -0.001229930346246309 -0.1495595301035512
7.906 0.2414404566027912 0.1464223290237954 0.2426697647928744 0.2959440298053055 -0.001229308190083248 -0.1495217007815101
7.908 0.2385141808258781 0.1464009580597495 0.2397428673317417 0.2958848486500497 -0.00122868650586362 -0.1494838905903002
7.91 0.2356456033230545 0.1461348128582936 0.2368736686161647 0.2955809123737073 -0.001228065293110226 -0.1494460995154137
7.912 0.2328507594690467 0.1456345528783936 0.2340782040203932 0.2950428804207517 -0.001227444551346471 -0.1494083275423581
7.914 0.2301440276447293 0.144911483735286 0.2313708519248257 0.2942820583919411 -0.001226824280096358 -0.1493705746566551
7.916 0.2275381970636638 0.1439773416983305 0.2287644015425483 0.2933101825421717 -0.001226204478884497 -0.1493328408438412
7.918 0.2250445558019387 0.1428441057305312 0.2262701409491748 0.2921392318199988 -0.001225585147236094 -0.1492951260894675
7.92 0.222672993291809 0.1415238369527138 0.2238979595764859 0.2907812673318136 -0.001224966284676956 -0.1492574303790998
7.922 0.2204321122502207 0.1400285445882591 0.2216564601409541 0.2892482982865773 -0.001224347890733487 -0.1492197536983182
7.924 0.218329345760638 0.1383700768462524 0.2195530757255707 0.2875521728789699 -0.001223729964932691 -0.1491820960327175
7.926 0.2163710759638233 0.1365600348026762 0.2175941884706255 0.2857044921705834 -0.001223112506802166 -0.1491444573679072
7.928 0.2145627515093838 0.1346097071093961 0.2157852470252539 0.2837165447989071 -0.001222495515870108 -0.149106837689511
7.93 0.2129090015533499 0.1325300232669097 0.2141308805450152 0.2815992602500769 -0.001221878991665305 -0.1490692369831673
7.932 0.2114137446445895 0.1303315232072367 0.2126350075783066 0.2793631784417655 -0.001221262933717143 -0.1490316552345288
7.934 0.2100802913212253 0.1280243410213612 0.2113009386627809 0.2770184334506243 -0.001220647341555596 -0.1489940924292631
7.936 0.2089114396371494 0.1256182008075528 0.2101314718518607 0.2745747493606045 -0.001220032214711235 -0.1489565485530517
7.938 0.2079095631621238 0.1231224227921773 0.209128980714839 0.2720414463837681 -0.001219417552715218 -0.1489190235915908
7.94 0.2070766912537653 0.120545938068295 0.2082954946088646 0.2694274555988861 -0.001218803355099297 -0.1488815175305911
7.942 0.2064145815935997 0.1178973104976212 0.2076327712149955 0.2667413408533986 -0.001218189621395811 -0.1488440303557774
7.944 0.2059247851198334 0.1151847645181662 0.2071423614709711 0.2639913265710553 -0.001217576351137687 -0.1488065620528891
7.946 0.2056087035851327 0.1124162177875698 0.2068256671289911 0.2611853303952497 -0.001216963543858443 -0.1487691126076798
7.948 0.2054676400256611 0.1095993177667948 0.2066839912247533 0.2583309997727125 -0.00121635119909218 -0.1487316820059176
7.95 0.2055028424544757 0.1067414815066198 0.2067185817708493 0.2554357517400047 -0.001215739316373588 -0.1486942702333849
7.952 0.2057155410942386 0.1038499380397595 0.2069306689894765 0.2525068153156378 -0.001215127895237939 -0.1486568772758783
7.954 0.2061069794459275 0.1009317729041462 0.2073214963811486 0.2495512760233548 -0.001214516935221091 -0.1486195031192086
7.956 0.2066784394559965 0.09799397442666791 0.207892345891856 0.246576122175869 -0.001213906435859486 -0.1485821477492011
7.958 0.2074312609976937 0.09504348148337008 0.2086445573943838 0.2435882926350652 -0.001213296396690146 -0.1485448111516951
7.96 0.2083668558258933 0.09208723252080492 0.209579542643144 0.2405947258333493 -0.001212686817250677 -0.1485074933125444
7.962 0.209486716100702 0.08913221567624349 0.2106987937977813 0.2376024098938602 -0.001212077697079263 -0.1484701942176167
7.964 0.2107924175054917 0.08618551986999581 0.2120038865412064 0.23461843372279 -0.001211469035714669 -0.1484329138527942
7.966 0.2122856169110633 0.08325438676304733 0.2134964777437595 0.2316500389670204 -0.00121086083269624 -0.148395652203973
7.968 0.2139680444604481 0.08034626347763404 0.215178297548012 0.2287046727346977 -0.001210253087563897 -0.1483584092570636
7.97 0.215841489869978 0.07746885596538294 0.2170511356698361 0.2257900409633734 -0.00120964579985814 -0.1483211849979904
7.972 0.2179077826626125 0.07463018287822087 0.2191168216317325 0.222914162290913 -0.001209038969120043 -0.1482839794126921
7.974 0.2201687659700253 0.07183862975041985 0.2213771985649165 0.2200854222375413 -0.001208432594891259 -0.1482467924871215
7.976 0.2226262634630029 0.06910300323336202 0.2238340901397169 0.2173126274406073 -0.00120782667671401 -0.1482096242072453
7.978 0.225282038896734 0.06643258503771371 0.2264892601108651 0.2146050595967581 -0.001207221214131096 -0.1481724745590444
7.98 0.2281377476906143 0.06383718512920639 0.2293443638973002 0.2119725286577202 -0.001206616206685889 -0.1481353435285138
7.982 0.231194879905787 0.06132719359078981 0.2324008915597094 0.2094254246924522 -0.001206011653922333 -0.1480982311016624
7.984 0.234454693940685 0.05891363040534944 0.2356601014960699 0.2069747676698628 -0.001205407555384941 -0.1480611372645133
7.986 0.2379181402403651 0.05660819222772079 0.2391229441509839 0.2046322542308243 -0.001204803910618798 -0.1480240620031035
7.988 0.2415857743169052 0.05442329500009865 0.2427899750360748 0.2024103003035825 -0.00120420071916956 -0.1479870053034838
7.99 0.2454576584120241 0.05237211102200837 0.2466612563926076 0.2003220781737276 -0.001203597980583448 -0.1479499671517192
7.992 0.2495332512080366 0.05046859881548155 0.2507362469024438 0.1983815463493702 -0.001202995694407253 -0.1479129475338886
7.994 0.2538112851213398 0.04872752382934448 0.2550136789815282 0.1966034702654293 -0.001202393860188331 -0.1478759464360849
7.996 0.2582896309042215 0.04716446770932731 0.2594914233816961 0.1950034315537418 -0.001201792477474605 -0.1478389638444145
7.998 0.262965149548487 0.04579582353080985 0.2641663410943015 0.1935978232758082 -0.001201191545814565 -0.1478019997449983
8 0.2678335318438377 0.04463877405865124 0.269034122908595 0.1924038281826219 -0.001200591064757262 -0.1477650541239706
8.002 0.2728891264071899 0.04371124978104346 0.2740891174410422 0.1914393767485233 -0.001199991033852311 -0.1477281269674799
8.004 0.2781247575785567 0.04303186318283361 0.2793241490312066 0.1907230814445218 -0.001199391452649892 -0.1476912182616882
8.006 0.283531535287448 0.04261981550533234 0.2847303276081488 0.1902741434981039 -0.001198792320700743 -0.1476543279927715
8.008 0.2890986598347511 0.04249477211970315 0.2902968534723073 0.1901122282666229 -0.001198193637556167 -0.1476174561469198
8.01 0.2948132255081573 0.04267670266051427 0.2960108209109253 0.1902573053708507 -0.001197595402768023 -0.1475806027103364
8.012 0.3006600280461117 0.04318568227235697 0.3018570256620004 0.1907294499415959 -0.001196997615888733 -0.1475437676692389
8.014 0.3066213821608636 0.04404165076896754 0.3078177824373349 0.1915486017788258 -0.001196400276471274 -0.1475069510098583
8.016 0.312676956585436 0.04526412724544465 0.3138727599695052 0.192734279963884 -0.001195803384069182 -0.1474701527184394
8.018 0.3188036353659168 0.04687187877345173 0.3199988423041534 0.1943052515546926 -0.001195206938236549 -0.1474333727812408
8.02 0.3249754152951671 0.04888254329270889 0.3261700262336951 0.1962791544772438 -0.001194610938528027 -0.147396611184535
8.022 0.3311633503719167 0.05131220871958961 0.3323573657564156 0.1986720766341972 -0.001194015384498815 -0.1473598679146076
8.024 0.3373355548455771 0.05417495263243913 0.3385289751212818 0.2014980955901976 -0.001193420275704674 -0.1473231429577585
8.026 0.3434572766235169 0.05748234963481694 0.3446501022352188 0.2047687859351177 -0.001192825611701913 -0.1472864363003008
8.028 0.3494910524178716 0.0612429565685505 0.350683283809919 0.208492704497112 -0.001192231392047396 -0.1472497479285615
8.03 0.3553969548431446 0.065461789022735 0.3565885924594431 0.2126748668516161 -0.001191637616298539 -0.1472130778288811
8.032 0.3611329396083431 0.07013980587516222 0.3623239838923564 0.217316231862776 -0.001191044284013309 -0.1471764259876138
8.034 0.366655297888091 0.07527342166248441 0.3678457492828412 0.2224132140536116 -0.00119045139475022 -0.1471397923911272
8.036 0.3719192148861008 0.08085406910909987 0.3731090738341691 0.2279572461349025 -0.001189858948068339 -0.1471031770258027
8.038 0.376879430586437 0.08686783581904284 0.3780686975299643 0.2339344156970778 -0.00118926694352728 -0.147066579878035
8.04 0.3814909929027152 0.09329519961372354 0.3826796682834023 0.2403252005479561 -0.001188675380687204 -0.1470300009342326
8.042 0.3857100871856336 0.1001108859806735 0.3868981714447424 0.2471043261614908 -0.001188084259108819 -0.1469934401808173
8.044 0.3894949197493628 0.1072838683572918 0.3906824133277162 0.2542407659615162 -0.00118749357835338 -0.1469568976042245
8.046 0.392806627244175 0.1147775274150349 0.3939935305821577 0.2616979006059379 -0.001186903337982687 -0.146920373190903
8.048 0.3956101789031524 0.1225499791985919 0.3967964924407115 0.2694338461259072 -0.001186313537559082 -0.1468838669273153
8.05 0.3978752354912458 0.1305545741777277 0.3990609596678913 0.2774019529776646 -0.001185724176645454 -0.146847378799937
8.052 0.3995769276732564 0.1387405604418039 0.4007620629280617 0.2855514692370613 -0.001185135254805232 -0.1468109087952574
8.054 0.4006965178348432 0.1470538950384503 0.4018810646064456 0.2938283519382294 -0.001184546771602388 -0.146774456899779
8.056 0.4012219132666708 0.1554381785775506 0.4024058719932723 0.3021762016775686 -0.001183958726601437 -0.1467380231000181
8.058 0.4011480049300211 0.1638356804708056 0.4023313760493886 0.3105372878533094 -0.00118337111936743 -0.1467016073825038
8.06 0.4004768143761423 0.1721884162835252 0.4016595983256083 0.3188536260173042 -0.00118278394946596 -0.1466652097337791
8.062 0.3992174411704946 0.1804392352184016 0.4003996383869577 0.3270680653588015 -0.00118219721646316 -0.1466288301404
8.064 0.397385813587102 0.1885328750741638 0.3985674245070276 0.3351253436630998 -0.001181610919925699 -0.146592468588936
8.066 0.3950042555220829 0.1964169441951599 0.3961852805815037 0.3429730692611297 -0.001181025059420783 -0.1465561250659698
8.068 0.3921008916907751 0.2040427947333428 0.3932813313252912 0.3505625942914403 -0.001180439634516155 -0.1465197995580975
8.07 0.3887089205091575 0.2113662585024195 0.3898887751539376 0.3578497505543481 -0.001179854644780094 -0.1464834920519286
8.072 0.3848657891152576 0.2183482251484675 0.386045059205039 0.3647954276825531 -0.001179270089781413 -0.1464472025340856
8.074 0.3806123075085247 0.2249550515244564 0.3817909934776141 0.3713659825156607 -0.001178685969089458 -0.1464109309912043
8.076 0.3759917387881142 0.2311588002597658 0.3771698410703883 0.3775334776696998 -0.001178102282274109 -0.146374677409934
8.078 0.3710489002024846 0.2369373138677024 0.3722264192313904 0.3832757556446392 -0.00117751902890578 -0.1463384417769368
8.08 0.3658293056094668 0.2422741377916542 0.3670062418180222 0.3885763618705426 -0.001176936208555414 -0.1463022240788884
8.082 0.3603783745276389 0.24715831119567 0.3615547283484334 0.3934243354981475 -0.001176353820794486 -0.1462660243024775
8.084 0.3547407268118321 0.2515840479007754 0.3559164986770271 0.3978138903351812 -0.001175771865195 -0.1462298424344058
8.086 0.3489595756522734 0.2555503316787923 0.3501347659936029 0.4017440101401809 -0.00117519034132949 -0.1461936784613886
8.088 0.3430762255469957 0.2590604503089745 0.3442508347957667 0.4052179826791284 -0.001174609248771019 -0.1461575323701539
8.09 0.3371296764882665 0.2621214916515419 0.3383037050753597 0.4082428957989848 -0.001174028587093176 -0.146121404147443
8.092 0.3311563310694987 0.2647438228226964 0.3323297794253687 0.4108291166027067 -0.001173448355870077 -0.1460852937800103
8.094 0.3251897976794395 0.2669405707051512 0.3263626662341158 0.4129897719597745 -0.001172868554676367 -0.1460492012546233
8.096 0.3192607804235254 0.2687271188124419 0.3204330696066126 0.4147402453705044 -0.001172289183087211 -0.1460131265580625
8.098 0.3133970448330389 0.2701206322180766 0.3145687550737172 0.4160977018951982 -0.001171710240678304 -0.1459770696771215
8.1 0.3076234476788159 0.2711396190751361 0.3087945794058418 0.4170806496737433 -0.00117113172702586 -0.1459410305986072
8.102 0.3019620191515865 0.2718035343434229 0.3031325727932931 0.4177085436527618 -0.001170553641706619 -0.1459050093093389
8.104 0.2964320861463569 0.272132428807789 0.2976020621306548 0.4180014346039385 -0.001169975984297843 -0.1458690057961495
8.106 0.291050426244285 0.272146644359914 0.2922198249986623 0.4179796644057985 -0.001169398754377313 -0.1458330200458845
8.108 0.2858314430857676 0.2718665548356857 0.287000265037291 0.4176636068810884 -0.001168821951523332 -0.1457970520454027
8.11 0.2807873550537747 0.2713123504310296 0.2819556006290895 0.4170734522126054 -0.001168245575314726 -0.1457611017815757
8.112 0.2759283904476834 0.2705038628204715 0.2770960600730142 0.4162290320617595 -0.001167669625330833 -0.145725169241288
8.114 0.2712629835548217 0.2694604275247979 0.2724300776559732 0.4151496819362349 -0.001167094101151516 -0.145689254411437
8.116 0.2667979671690714 0.2682007797615431 0.2679644861714285 0.4138541370404762 -0.001166519002357153 -0.1456533572789331
8.118 0.2625387581348428 0.2667429799106573 0.2637047024633714 0.412360457741357 -0.001165944328528638 -0.1456174778306997
8.12 0.2584895333949033 0.2651043647874942 0.2596549034741507 0.4106859808411671 -0.001165370079247381 -0.1455816160536729
8.122 0.2546533947839169 0.2633015210910033 0.2558181910380122 0.4088472930258049 -0.001164796254095309 -0.1455457719348016
8.124 0.2510325214427094 0.2613502776492082 0.2521967442953643 0.4068602231102559 -0.001164222852654862 -0.1455099454610478
8.126 0.2476283092384196 0.2592657133862447 0.2487919591129286 0.4047398500056308 -0.001163649874508996 -0.1454741366193861
8.128 0.2444414969736828 0.2570621782596616 0.245604574292924 0.4025005236564657 -0.001163077319241175 -0.1454383453968041
8.13 0.2414722794684067 0.2547533247455135 0.242634784654842 0.4001558965258156 -0.00116250518643538 -0.1454025717803021
8.132 0.2387204078148709 0.2523521477686781 0.2398823412905471 0.3977189635255713 -0.001161933475676102 -0.1453668157568932
8.134 0.2361852772518538 0.2498710312756832 0.2373466394384021 0.3952021085892865 -0.001161362186548342 -0.1453310773136033
8.136 0.2338660031910581 0.2473217999220465 0.2350267945096957 0.3926171563595174 -0.001160791318637612 -0.1452953564374709
8.138 0.2317614859695829 0.2447157745921233 0.2329217068411128 0.3899754277076708 -0.001160220871529932 -0.1452596531155474
8.14 0.2298704649045661 0.2420638306832799 0.231030115749378 0.3872877980181769 -0.001159650844811831 -0.145223967334897
8.142 0.2281915621998199 0.2393764582685023 0.2293506434378902 0.3845647573510987 -0.001159081238070347 -0.1451882990825964
8.144 0.2267233172065835 0.236663823402988 0.2278818292574765 0.3818164717487231 -0.001158512050893023 -0.1451526483457351
8.146 0.2254642114760938 0.2339358299596782 0.2266221547589617 0.3790528450710933 -0.001157943282867909 -0.1451170151114152
8.148 0.2244126849670989 0.2312021814688755 0.2255700599006825 0.376283580835627 -0.001157374933583561 -0.1450813993667515
8.15 0.2235671436905322 0.2284724424990701 0.2247239506931612 0.3735182435979417 -0.001156807002629037 -0.1450458010988716
8.152 0.2229259589895193 0.2257560991493134 0.2240821984791132 0.3707663194442289 -0.001156239489593904 -0.1450102202949155
8.154 0.2224874585702144 0.2230626182302394 0.2236431309642826 0.3680372751722752 -0.001155672394068228 -0.1449746569420358
8.156 0.2222499093202894 0.220401504691961 0.223405015035932 0.3653406157193589 -0.001155105715642578 -0.144939111027398
8.158 0.2222114918807096 0.2177823568114305 0.2233660313346177 0.3626859393496103 -0.001154539453908027 -0.1449035825381798
8.16 0.222370266876628 0.215214918581311 0.2235242404850841 0.3600829900428827 -0.001153973608456147 -0.1448680714615717
8.162 0.2227241326685069 0.2127091286476856 0.2238775408473859 0.3575417064324622 -0.001153408178879011 -0.1448325777847767
8.164 0.223270774459789 0.2102751650237638 0.2244236176245582 0.3550722665187742 -0.001152843164769191 -0.1447971014950103
8.166 0.2240076045978292 0.207923484664074 0.225159883163549 0.3526851272435747 -0.001152278565719758 -0.1447616425795007
8.168 0.2249316939362365 0.2056648568200059 0.2260834083175608 0.3503910578454942 -0.001151714381324283 -0.1447262010254883
8.17 0.2260396941965195 0.203510388914273 0.2271908448076964 0.3482011657344992 -0.00115115061117683 -0.1446907768202262
8.172 0.227327751382448 0.2014715434750166 0.2284783386373199 0.3461269134259966 -0.001150587254871964 -0.1446553699509799
8.174 0.2287914104698244 0.1995601444655317 0.2299414347818292 0.3441801248705592 -0.001150024312004745 -0.1446199804050275
8.176 0.2304255118265163 0.1977883711409357 0.231574973608687 0.3423729793105948 -0.001149461782170725 -0.1445846081696592
8.178 0.2322240801206247 0.1961687373712663 0.2333729797855907 0.3407179906034443 -0.001148899664965954 -0.144549253232178
8.18 0.2341802068557311 0.1947140542067977 0.2353285448157181 0.3392279697866969 -0.001148337959986974 -0.1445139155798992
8.182 0.2362859281372495 0.1934373733441558 0.2374337048040803 0.3379159685443062 -0.001147776666830821 -0.1444785952001504
8.184 0.2385320998250508 0.1923519091059103 0.2396793156101458 0.336795201186182 -0.001147215785095022 -0.1444432920802717
8.186 0.2409082728612747 0.1914709365990305 0.2420549281756523 0.3358789428066459 -0.001146655314377596 -0.1444080062076154
8.188 0.2434025722702385 0.1908076639002049 0.2445486675245155 0.3351804014697514 -0.001146095254277054 -0.1443727375695465
8.19 0.2460015840903424 0.1903750764630084 0.2471471196947348 0.3347125626164503 -0.001145535604392396 -0.1443374861534419
8.192 0.248690255285803 0.1901857524880636 0.2498352316501262 0.3344880044347547 -0.00114497636432311 -0.1443022519466911
8.194 0.2514518124574023 0.1902516487741172 0.2525962299910715 0.3345186837108131 -0.001144417533669177 -0.1442670349366959
8.196 0.2542677058682772 0.1905838576019453 0.2554115649803083 0.3348156927128156 -0.00114385911203106 -0.1442318351108703
8.198 0.2571175858507454 0.1911923365078767 0.2582608869497551 0.3353889889645172 -0.001143301099009714 -0.1441966524566405
8.2 0.2599793189795558 0.1920856143755085 0.2611220624737624 0.3362471013369538 -0.001142743494206578 -0.1441614869614453
8.202 0.2628290513893702 0.1932704790854722 0.2639712376865938 0.3373968176982075 -0.001142186297223579 -0.1441263386127353
8.204 0.2656413261811395 0.1947516539545266 0.2667829556888026 0.3388428613525003 -0.001141629507663127 -0.1440912073979737
8.206 0.2683892609117224 0.1965314722729592 0.2695303340368506 0.340587565577595 -0.001141073125128117 -0.1440560933046358
8.208 0.2710447896176527 0.1986095612807755 0.2721853067668746 0.3426305576009845 -0.001140517149221928 -0.144020996320209
8.21 0.2735789716455364 0.2009825487398173 0.2747189332250848 0.3449684651720102 -0.001139961579548421 -0.1439859164321929
8.212 0.2759623667553984 0.2036438066636091 0.2771017731711103 0.3475946602917086 -0.001139406415711942 -0.1439508536280995
8.214 0.2781654725976332 0.2065832475473894 0.2793043242549505 0.3504990554428422 -0.001138851657317316 -0.1439158078954528
8.216 0.2801592168809108 0.2097871883900378 0.2812975141848807 0.3536679676118266 -0.001138297303969848 -0.1438807792217888
8.218 0.2819154925680254 0.2132382967442211 0.2830532359233007 0.357084064338877 -0.001137743355275326 -0.1438457675946558
8.22 0.2834077205461993 0.2169156308567868 0.2845449103570393 0.3607264038584012 -0.001137189810840016 -0.1438107730016144
8.222 0.2846114207603957 0.2207947826468134 0.2857480574306663 0.3645705780770502 -0.001136636670270663 -0.1437757954302368
8.224 0.2855047701326998 0.2248481279016062 0.2866408540658743 0.368588962769714 -0.00113608393317449 -0.1437408348681078
8.226 0.286069124061914 0.229045182868248 0.2872046556610732 0.3727510741710718 -0.001135531599159196 -0.1437058913028239
8.228 0.2862894781800039 0.2333530607116097 0.2874244578478369 0.3770240254336035 -0.001134979667832961 -0.1436709647219938
8.23 0.2861548485028508 0.2377370155292874 0.2872892766416552 0.3813730706425258 -0.001134428138804435 -0.1436360551132384
8.232 0.2856585511720401 0.2421610562471799 0.2867924281837229 0.3857622187113703 -0.001133877011682747 -0.1436011624641904
8.234 0.2847983674975818 0.2465886082511389 0.2859316937836592 0.3901548950136334 -0.001133326286077501 -0.1435662867624945
8.236 0.2835765856738253 0.2509831974674297 0.2847093616354241 0.3945146254632372 -0.001132775961598772 -0.1435314279958075
8.238 0.281999916914058 0.2553091301005719 0.2831321429519151 0.3988057162523702 -0.001132226037857111 -0.1434965861517982
8.24 0.2800792903100517 0.2595321415212296 0.2812109668245152 0.4029939027393769 -0.001131676514463541 -0.1434617612181474
8.242 0.2778295369256825 0.2636199898404186 0.2789606643167121 0.4070469430229662 -0.001131127391029556 -0.1434269531825476
8.244 0.2752689789756076 0.2675429733058113 0.2763995576427747 0.4109351353385149 -0.00113057866716712 -0.1433921620327036
8.246 0.2724189440203663 0.2712743554563499 0.273548974362855 0.4146317432126818 -0.00113003034248867 -0.1433573877563319
8.248 0.2693032266727454 0.2747906875202465 0.2704327090893525 0.4181133178614074 -0.001129482416607112 -0.1433226303411609
8.25 0.2659475212638223 0.2780720233481248 0.2670764561529582 0.4213599131230557 -0.00112893488913582 -0.143287889774931
8.252 0.2623788483309698 0.2811020277617414 0.2635072360906585 0.4243551938071359 -0.001128387759688638 -0.1432531660453944
8.254 0.2586249958697282 0.2838679841665508 0.2597528368976081 0.4270864433068661 -0.001127841027879876 -0.1432184591403153
8.256 0.254713993337774 0.2863607113270744 0.2558412880310983 0.429544480374544 -0.001127294693324312 -0.1431837690474695
8.258 0.2506736327667075 0.2885744021614057 0.2518003815223446 0.4317234979160507 -0.001126748755637191 -0.143149095754645
8.26 0.2465310473853659 0.2905063992227945 0.2476572505998001 0.4336208384724357 -0.001126203214434223 -0.1431144392496412
8.262 0.2423123542124018 0.2921569222575415 0.2434380122817334 0.4352367217778111 -0.001125658069331582 -0.1430797995202697
8.264 0.2380423634059173 0.2935287629936172 0.2391674767258632 0.4365739395479708 -0.001125113319945908 -0.1430451765543536
8.266 0.2337443539589476 0.294626961311327 0.2348689229248419 0.437637531651055 -0.001124568965894304 -0.143010570339728
8.268 0.2294399127183871 0.2954584753880714 0.2305639377251814 0.438434456252311 -0.001124025006794336 -0.1429759808642396
8.27 0.2251488317310963 0.2960318565018029 0.2262723131733603 0.4389732646175498 -0.001123481442264033 -0.142941408115747
8.272 0.2208890575739655 0.296356937112259 0.2220119958458874 0.4392637891943793 -0.001122938271921884 -0.1429068520821203
8.274 0.2166766855489463 0.2964445387733143 0.2177990810443332 0.4393168515245561 -0.001122395495386841 -0.1428723127512418
8.276 0.2125259913392882 0.2963062044835294 0.2136478444515665 0.4391439945945343 -0.001121853112278313 -0.1428377901110049
8.278 0.2084494928339738 0.295953958338226 0.2095708039561899 0.4387572424875411 -0.001121311122216173 -0.1428032841493151
8.28 0.204458035233144 0.2954000938537467 0.2055788047579648 0.4381688887078362 -0.001120769524820751 -0.1427687948540895
8.282 0.2005608931579133 0.2946569911121605 0.2016811214776262 0.4373913133254174 -0.001120228319712835 -0.1427343222132569
8.284 0.196765884221972 0.2937369619205981 0.1978855717284857 0.4364368281353556 -0.00111968750651367 -0.1426998662147575
8.286 0.1930794893108411 0.2926521214748671 0.1941986363956861 0.4353175483214106 -0.001119147084844959 -0.1426654268465435
8.288 0.1895069756070702 0.2914142845339142 0.190625582661399 0.4340452886304927 -0.001118607054328862 -0.1426310040965786
8.29 0.1860525191577797 0.2900348838171022 0.1871705865723677 0.4326314817699402 -0.001118067414587994 -0.1425965979528379
8.292 0.1827193244768883 0.288524908194871 0.1838368526421337 0.4310871165981794 -0.001117528165245423 -0.1425622084033084
8.294 0.1795097392957173 0.2868948582225092 0.180626728601642 0.4294226936584977 -0.001116989305924675 -0.1425278354359886
8.296 0.1764253631129532 0.2851547166356669 0.1775418139492029 0.4276481956745553 -0.001116450836249729 -0.1424934790388884
8.298 0.1734671486493687 0.2833139315589973 0.1745830614052137 0.4257730707590268 -0.001115912755845013 -0.1424591392000295
8.3 0.1706354956859092 0.2813814103534955 0.1717508707502446 0.4238062262609404 -0.001115375064335412 -0.1424248159074449
8.302 0.1679303370636703 0.2793655222261427 0.1690451748250165 0.4217560313753221 -0.001114837761346261 -0.1423905091491794
8.304 0.1653512168584868 0.2772741079340325 0.1664655177049902 0.4196303268473215 -0.001114300846503346 -0.142356218913289
8.306 0.162897360919206 0.2751144951229181 0.1640111252386389 0.4174364403107595 -0.001113764319432904 -0.1423219451878415
8.308 0.1605677400870403 0.2728935180407337 0.1616809682668019 0.4151812060016497 -0.00111322817976162 -0.142287687960916
8.31 0.1583611265015476 0.2706175405549706 0.1594738189286642 0.4128709877755737 -0.001112692427116631 -0.1422534472206031
8.312 0.1562761434536654 0.2682924815751705 0.1573883005147909 0.4105117045301754 -0.00111215706112552 -0.142219222955005
8.314 0.1543113092754461 0.2659238421375554 0.1554229313568624 0.4081088572897905 -0.00111162208141632 -0.1421850151522351
8.316 0.1524650757651308 0.2635167335473652 0.1535761632527483 0.4056675573477835 -0.001111087487617508 -0.1421508238004184
8.318 0.1507358616393355 0.2610759060954259 0.1518464149186936 0.4031925549831171 -0.001110553279358011 -0.1421166488876913
8.32 0.1491220814861735 0.2586057779706089 0.1502321009424407 0.4006882683728105 -0.0011100194562672 -0.1420824904022016
8.322 0.1476221706671263 0.2561104640801998 0.1487316566851012 0.3981588124123082 -0.001109486017974892 -0.1420483483321084
8.324 0.1462346065835486 0.2535938045663277 0.1473435595476599 0.39560802723191 -0.001108952964111347 -0.1420142226655823
8.326 0.144957926688563 0.2510593928709618 0.1460663469828702 0.3930395062617671 -0.001108420294307271 -0.1419801133908053
8.328 0.1437907435880034 0.2485106032557043 0.1448986315961972 0.3904566237516747 -0.001107888008193814 -0.1419460204959705
8.33 0.1427317575358252 0.2459506177263948 0.1438391136412278 0.3878625616956773 -0.001107356105402565 -0.1419119439692825
8.332 0.1417797665913579 0.2433824523483457 0.1428865911769234 0.385260336147303 -0.001106824585565558 -0.1418778837989573
8.334 0.1409336746682296 0.2408089829671003 0.1420399681165449 0.3826528229403226 -0.001106293448315268 -0.1418438399732223
8.336 0.1401924976677665 0.2382329703717846 0.1412982603610511 0.3800427828521002 -0.001105762693284611 -0.1418098124803156
8.338 0.1395553678538906 0.2356570849554371 0.1406606001739975 0.3774328862639245 -0.001105232320106942 -0.1417758013084874
8.34 0.1390215365915838 0.233083930939514 0.1401262389199999 0.3748257373855125 -0.001104702328416056 -0.1417418064459985
8.342 0.1385903755369939 0.2305160702379069 0.1396945482548401 0.3722238981190282 -0.001104172717846187 -0.1417078278811214
8.344 0.1382613763339577 0.2279560460403778 0.1393650198219898 0.3696299116425174 -0.001103643488032008 -0.1416738656021396
8.346 0.1380341488393046 0.225406406196929 0.1391372634779132 0.3670463257942768 -0.001103114638608628 -0.1416399195973478
8.348 0.1379084178669887 0.2228697264819459 0.1390110040362003 0.3644757163369982 -0.001102586169211595 -0.1416059898550522
8.35 0.1378840184093732 0.2203486338112858 0.1389860764888501 0.3619207101748557 -0.001102058079476891 -0.1415720763635699
8.352 0.1379608892622007 0.2178458294767591 0.1390624196312416 0.3593840085879884 -0.001101530369040937 -0.1415381791112293
8.354 0.1381390649480761 0.2153641124490098 0.1392400679856167 0.3568684105353798 -0.001101003037540585 -0.1415042980863699
8.356 0.1384186658015754 0.2129064027825768 0.1395191418861886 0.3543768360599194 -0.001100476084613124 -0.1414704332773426
8.358 0.1387998860473767 0.2104757651354924 0.139899835557273 0.3519123498080015 -0.001099949509896278 -0.1414365846725091
8.36 0.1392829796712804 0.2080754323880242 0.1403824029843086 0.3494781846482667 -0.001099423313028202 -0.1414027522602425
8.362 0.1398682438531616 0.2057088293118277 0.1409671413468091 0.3470777653407547 -0.001098897493647483 -0.141368936028927
8.364 0.1405559997008985 0.2033795962008721 0.1416543717522916 0.3447147321678298 -0.001098372051393143 -0.1413351359669577
8.366 0.1413465699964116 0.2010916123268574 0.1424444169823162 0.3423929643895983 -0.001097846985904633 -0.1413013520627409
8.368 0.1422402536399941 0.1988490190246915 0.1433375759368159 0.3401166033293857 -0.001097322296821836 -0.1412675843046942
8.37 0.1432372964583249 0.1966562421470308 0.14433409444211 0.3378900748282767 -0.001096797983785064 -0.141233832681246
8.372 0.1443378580273266 0.1945180135485098 0.1454341320737616 0.3357181107293455 -0.00109627404643506 -0.1412000971808357
8.374 0.1455419741553899 0.1924393911706785 0.1466377246398029 0.3336057689625925 -0.001095750484412994 -0.141166377791914
8.376 0.1468495146781314 0.1904257771970906 0.1479447419754919 0.3315584517000331 -0.001095227297360466 -0.1411326745029425
8.378 0.1482601362369811 0.1884829336330585 0.1493548407219006 0.3295819209354522 -0.001094704484919503 -0.1410989873023937
8.38 0.1497732297542054 0.1866169945379038 0.150867411800938 0.3276823107166553 -0.001094182046732559 -0.1410653161787514
8.382 0.1513878623810907 0.1848344740001558 0.1524815223635332 0.3258661351206659 -0.001093659982442515 -0.1410316611205101
8.384 0.1531027137902564 0.183142268799181 0.154195852081949 0.3241402909153564 -0.001093138291692677 -0.1409980221161754
8.386 0.154916006812692 0.1815476545451304 0.1560086237868188 0.3225120536993942 -0.001092616974126777 -0.1409643991542638
8.388 0.156825432591307 0.1800582739379022 0.157917528620696 0.3209890661612051 -0.001092096029388971 -0.1409307922233028
8.39 0.1588280706426253 0.1786821156420155 0.1599196460997491 0.3195793169538464 -0.001091575457123839 -0.1408972013118309
8.392 0.1609203044918258 0.1774274821486761 0.1620113597488022 0.3182911085570735 -0.001091055256976386 -0.1408636264083974
8.394 0.1630977338778033 0.1763029449021179 0.1641882693063954 0.3171330124036804 -0.001090535428592038 -0.1408300675015625
8.396 0.1653550849179714 0.1753172849195236 0.1664451008895881 0.3161138094994211 -0.001090015971616643 -0.1407965245798975
8.398 0.1676861200753061 0.1744794171528657 0.1687756169610026 0.31524241478485 -0.001089496885696473 -0.1407629976319843
8.4 0.1700835502770349 0.1737982969485859 0.1711725284475131 0.3145277835950018 -0.001088978170478218 -0.1407294866464159
8.402 0.1725389520853268 0.1732828071808757 0.1736274119109358 0.3139787987926717 -0.001088459825608991 -0.140695991611796
8.404 0.1750426933949004 0.1729416249922325 0.1761306352456368 0.3136041375089718 -0.001087941850736322 -0.1406625125167393
8.406 0.1775838717023434 0.1727830675946627 0.1786712959478516 0.3134121169445339 -0.001087424245508163 -0.1406290493498711
8.408 0.1801502695198874 0.172814917286204 0.1812371765294603 0.3134105193860318 -0.001086907009572884 -0.1405956020998279
8.41 0.1827283319419135 0.1730442267336506 0.1838147220844928 0.313606397488907 -0.001086390142579271 -0.1405621707552565
8.412 0.1853031716560998 0.173477106664099 0.1863890453002763 0.3140058619689139 -0.00108587364417653 -0.1405287553048149
8.414 0.1878586067570485 0.1741184993800218 0.1889439642710628 0.3146138551171936 -0.001085357514014282 -0.1404953557371718
8.416 0.1903772364957325 0.1749719429288139 0.191462078247475 0.3154339149698204 -0.001084841751742565 -0.1404619720410065
8.418 0.1928405595140707 0.1760393322563278 0.1939248858710826 0.3164679364613371 -0.001084326357011833 -0.1404286042050094
8.42 0.1952291381136176 0.1773206851666186 0.1963129494430905 0.3177159373844997 -0.001083811329472954 -0.1403952522178811
8.422 0.1975228106511946 0.1788139222809925 0.1986061073199718 0.3191758383493259 -0.001083296668777211 -0.1403619160683334
8.424 0.199700952237595 0.1805146713002359 0.2007837346121713 0.3208432670453246 -0.001082782374576302 -0.1403285957450887
8.426 0.2017427815761177 0.1824161065726084 0.20282505002264 0.3227113978094884 -0.001082268446522335 -0.14029529123688
8.428 0.2036277091038043 0.1845088351043185 0.2047094639880722 0.3247708376367695 -0.001081754884267835 -0.140262002532451
8.43 0.2053357187340974 0.1867808395842492 0.2064169604215631 0.3270095692048055 -0.001081241687465736 -0.1402287296205563
8.432 0.206847772643306 0.1892174876354066 0.2079285014990754 0.3294129601253674 -0.001080728855769385 -0.1401954724899608
8.434 0.2081462259327407 0.191801614316799 0.2092264423215733 0.3319638454462394 -0.001080216388832538 -0.1401622311294404
8.436 0.209215235894498 0.194513681923318 0.2102949401808074 0.3346426874510995 -0.001079704286309364 -0.1401290055277815
8.438 0.210041149266928 0.1973320175002473 0.2111203418147825 0.3374278131740283 -0.00107919254785444 -0.140095795673781
8.44 0.2106128505010026 0.2002331244233051 0.2116915316741253 0.3402957259795518 -0.001078681173122753 -0.1400626015562466
8.442 0.2109220548150467 0.2031920601897692 0.2120002249768164 0.3432214833537658 -0.001078170161769697 -0.1400294231639966
8.444 0.2109635317369742 0.2061828685673505 0.2120411912504253 0.3461791290532104 -0.001077659513451076 -0.1399962604858598
8.446 0.2107352478463873 0.209179050810766 0.2118123970742104 0.3491421643214416 -0.001077149227823102 -0.1399631135106756
8.448 0.2102384213422024 0.212154058105794 0.2113150606467447 0.3520840403330879 -0.001076639304542389 -0.1399299822272939
8.45 0.209477485579286 0.2150817859886115 0.2105536153225519 0.354978652613187 -0.001076129743265965 -0.1398968666245754
8.452 0.2084599634730808 0.2179370513557016 0.2095355840167321 0.3578008180470927 -0.001075620543651256 -0.1398637666913911
8.454 0.2071962592683836 0.22069603383962 0.2082713709737397 0.3605267162562424 -0.001075111705356099 -0.1398306824166225
8.456 0.2056993782309908 0.2233366656626682 0.2067739814590295 0.36313427945183 -0.001074603228038732 -0.1397976137891618
8.458 0.2039845880356579 0.2258389573619906 0.2050586831470157 0.3656035181599022 -0.001074095111357798 -0.1397645607979116
8.46 0.202069037776461 0.2281852506928692 0.2031426251314334 0.3679167741246542 -0.001073587354972344 -0.139731523431785
8.462 0.1999713515181624 0.230360394209272 0.2010444314767043 0.3700588958889777 -0.001073079958541819 -0.1396985016797057
8.464 0.1977112131606536 0.2323518411406744 0.1987837860823796 0.372017336671282 -0.001072572921726074 -0.1396654955306076
8.466 0.1953089582290899 0.2341496729235608 0.1963810244732752 0.373782177896996 -0.001072066244185364 -0.1396325049734352
8.468 0.1927851862328947 0.2357465548683128 0.1938567461584751 0.3753460848654563 -0.001071559925580342 -0.1395995299971436
8.47 0.1901604047078883 0.2371376327965941 0.1912314586734604 0.3767042033872921 -0.001071053965572063 -0.139566570590698
8.472 0.187454713228365 0.2383203810112522 0.1885252615921869 0.3778540077543266 -0.001070548363821982 -0.1395336267430744
8.474 0.1846875327965631 0.2392944126800575 0.185757575916555 0.3787951111233163 -0.001070043119991954 -0.1395006984432588
8.476 0.1818773832907318 0.2400612637124363 0.182946921524476 0.3795290493926842 -0.001069538233744232 -0.1394677856802479
8.478 0.1790417092366785 0.2406241606117931 0.1801107429414199 0.3800590490548418 -0.001069033704741468 -0.1394348884430487
8.48 0.1761967521613144 0.2409877817459058 0.1772652816939611 0.3803897884665842 -0.001068529532646709 -0.1394020067206783
8.482 0.1733574662362997 0.2411580201479461 0.1744254919534231 0.3805271606501108 -0.001068025717123404 -0.1393691405021648
8.484 0.1705374728289175 0.2411417544823123 0.1716049950867529 0.3804780442588582 -0.001067522257835394 -0.1393362897765459
8.486 0.1677490489139586 0.2409466333037329 0.1688160680684055 0.380250087836603 -0.001067019154446919 -0.1393034545328701
8.488 0.1650031440081093 0.2405808762992925 0.166069660414732 0.3798515110594886 -0.001066516406622614 -0.1392706347601961
8.49 0.1623094203008779 0.2400530948978006 0.1633754343149054 0.3792909253453934 -0.001066014014027507 -0.1392378304475928
8.492 0.1596763109020898 0.2393721335005326 0.1607418228784168 0.3785771750846721 -0.001065511976327022 -0.1392050415841396
8.494 0.1571110915354775 0.2385469316510647 0.1581761018286645 0.3777191998099907 -0.001065010293186978 -0.139172268158926
8.496 0.1546199615212998 0.2375864067214029 0.1556844704855734 0.3767259168824547 -0.001064508964273584 -0.1391395101610519
8.498 0.1522081304564658 0.2364993561364669 0.1532721384457192 0.3756061237160943 -0.001064007989253445 -0.1391067675796274
8.5 0.1498799075767216 0.2352943777698422 0.1509434149445152 0.3743684181736149 -0.001063507367793556 -0.1390740404037727
8.502 0.1476387913428322 0.2339798068973935 0.1487017984423935 0.3730211355200121 -0.001063007099561304 -0.1390413286226186
8.504 0.1454875573105112 0.2325636679669208 0.1465500644947357 0.3715723001922265 -0.001062507184224468 -0.1390086322253057
8.506 0.1434283428081231 0.2310536394065378 0.1444903504295743 0.3700295906075231 -0.001062007621451216 -0.1389759512009852
8.508 0.1414627273515236 0.2294570297296278 0.1425242357624337 0.3684003152684461 -0.001061508410910107 -0.1389432855388182
8.51 0.1395918080701353 0.2277807632804009 0.1406528176224054 0.366691398508377 -0.001061009552270088 -0.1389106352279761
8.512 0.1378162697034223 0.2260313740838827 0.1388767807486228 0.3649093743415233 -0.001060511045200498 -0.1388780002576406
8.514 0.1361364489574684 0.2242150064044081 0.1371964618468395 0.3630603870214113 -0.001060012889371061 -0.1388453806170032
8.516 0.134552393192908 0.2223374207669534 0.1356119082773599 0.3611501970622194 -0.00105951508445189 -0.138812776295266
8.518 0.1330639135533493 0.22040400434701 0.1341229311834628 0.3591841916286509 -0.001059017630113484 -0.1387801872816409
8.52 0.1316706327448819 0.2184197847819612 0.1327291532709086 0.3571673983473113 -0.001058520526026732 -0.1387476135653501
8.522 0.1303720277482711 0.2163894465964306 0.131430051520134 0.3551045017320565 -0.001058023771862906 -0.1387150551356258
8.524 0.1291674677908468 0.214317349562153 0.1302249951581405 0.3529998615438635 -0.001057527367293663 -0.1386825119817105
8.526 0.1280562479307861 0.2122075484293157 0.1291132792427772 0.3508575325221723 -0.001057031311991048 -0.1386499840928566
8.528 0.1270376186165402 0.2100638135704594 0.1280941542221677 0.348681285028786 -0.001056535605627489 -0.1386174714583265
8.53 0.1261108115818111 0.2078896521691495 0.1271668518296869 0.3464746262365425 -0.001056040247875797 -0.138584974067393
8.532 0.1252750624254332 0.205688329665171 0.1263306076638424 0.3442408215745097 -0.001055545238409168 -0.1385524919093387
8.534 0.1245296302080481 0.2034628912368794 0.1255846807849493 0.3419829162103357 -0.001055050576901179 -0.1385200249734563
8.536 0.1238738143753042 0.2012161831594672 0.12492837063833 0.3397037564085157 -0.001054556263025791 -0.1384875732490485
8.538 0.1233069692923713 0.1989508739273685 0.1243610315888286 0.3374060106527966 -0.001054062296457346 -0.1384551367254281
8.54 0.1228285166480307 0.1966694750708057 0.1238820853249013 0.3350921904627235 -0.001053568676870569 -0.1384227153919178
8.542 0.1224379559589744 0.1943743616305901 0.123491031362915 0.3327646708684405 -0.001053075403940562 -0.1383903092378505
8.544 0.1221348733773255 0.1920677922839791 0.1231874558546683 0.3304257105365478 -0.00105258247734281 -0.1383579182525687
8.546 0.1219189489769184 0.1897519291373805 0.1229710388736716 0.3280774715628059 -0.001052089896753177 -0.1383255424254254
8.548 0.1217899626668263 0.1874288572207771 0.1228415603286742 0.3257220389665602 -0.001051597661847907 -0.1382931817457831
8.55 0.1217477988542402 0.1851006037333257 0.1227989046265438 0.3233614399363403 -0.00105110577230362 -0.1382608362030146
8.552 0.1217924499529202 0.1827691571012949 0.1228430641807175 0.3209976628877972 -0.001050614227797316 -0.1382285057865023
8.554 0.1219240188082409 0.1804364859184809 0.1229741418362473 0.3186326764041196 -0.001050123028006374 -0.1381961904856388
8.556 0.1221427200849044 0.1781045578451699 0.123192352257513 0.3162684481349963 -0.001049632172608546 -0.1381638902898265
8.558 0.1224488806388985 0.1757753585457416 0.1234980223001805 0.3139069637342192 -0.001049141661281963 -0.1381316051884776
8.56 0.1228429388707018 0.1734509107469991 0.1238915903644069 0.3115502459180135 -0.001048651493705133 -0.1380993351710144
8.562 0.1233254430321108 0.1711332934987614 0.1243736047016677 0.3092003737256305 -0.001048161669556937 -0.1380670802268691
8.564 0.1238970484341519 0.1688246617158069 0.1249447206226685 0.3068595020612904 -0.001047672188516631 -0.1380348403454835
8.566 0.1245585134779283 0.1665272660758456 0.1256056965281921 0.304529881592155 -0.001047183050263847 -0.1380026155163095
8.568 0.1253106944041133 0.1642434733405571 0.1263573886585919 0.3022138790693659 -0.001046694254478592 -0.1379704057288088
8.57 0.126154538629722 0.1619757871568032 0.1272007444305632 0.2999139981292559 -0.00104620580084124 -0.1379382109724527
8.572 0.1270910765126484 0.159726869381873 0.1281367942016809 0.2976329006185958 -0.001045717689032546 -0.1379060312367228
8.574 0.1281214113554968 0.1574995619591296 0.1291666412742305 0.2953734284702396 -0.001045229918733631 -0.1378738665111099
8.576 0.1292467074303016 0.1552969093487274 0.1302914499199276 0.2931386261338427 -0.00104474248962599 -0.1378417167851153
8.578 0.1304681757748398 0.1531221814912362 0.1315124311762313 0.2909317635394857 -0.001044255401391492 -0.1378095820482495
8.58 0.1317870574802713 0.1509788972485239 0.1328308261339836 0.2887563595385569 -0.001043768653712371 -0.137777462290033
8.582 0.1332046041588112 0.148870848225842 0.1342478864050825 0.2866162057258381 -0.001043282246271236 -0.1377453574999961
8.584 0.1347220552498826 0.1468021228306081 0.1357648514286337 0.284515390498287 -0.001042796178751064 -0.1377132676676789
8.586 0.136340611795196 0.1447771303648539 0.1373829222460312 0.2824583231474849 -0.001042310450835199 -0.1376811927826311
8.588 0.1380614062885362 0.1428006248794839 0.1391032313507436 0.2804497577138961 -0.001041825062207358 -0.1376491328344121
8.59 0.1398854681864479 0.1408777284378538 0.1409268081989995 0.278494816250445 -0.001041340012551622 -0.1376170878125912
8.592 0.1418136846544701 0.13901395334206 0.1428545399560225 0.2765990110488074 -0.001040855301552442 -0.1375850577067474
8.594 0.1438467561227663 0.1372152227673549 0.144887127051661 0.2747682652738241 -0.001040370928894636 -0.1375530425064692
8.596 0.1459851462380408 0.1354878891279854 0.1470250331323042 0.2730089313293403 -0.001039886894263387 -0.137521042201355
8.598 0.1482290258311655 0.1338387493601555 0.1492684290285098 0.2713278061411682 -0.001039403197344246 -0.1374890567810127
8.6 0.1505782105762188 0.1322750561565314 0.151617130414042 0.2697321423915914 -0.001038919837823128 -0.13745708623506
8.602 0.1530320921022524 0.1308045240233893 0.1540705289176387 0.2682296545765135 -0.001038436815386314 -0.1374251305531242
8.604 0.1555895624421132 0.1294353288581676 0.1566275165718337 0.2668285185830098 -0.00103795412972045 -0.1373931897248423
8.606 0.1582489318689864 0.1281760995677539 0.1592864036494989 0.2655373633076146 -0.001037471780512543 -0.1373612637398607
8.608 0.1610078403882161 0.1270359000732396 0.162044830155666 0.2643652526610754 -0.001036989767449968 -0.1373293525878358
8.61 0.1638631634281983 0.1260241998839232 0.1648996715184187 0.2633216561423564 -0.00103650809022046 -0.1372974562584332
8.612 0.166810912614664 0.125150831285929 0.1678469393631761 0.2624164060272575 -0.001036026748512117 -0.1372655747413285
8.614 0.169846132922204 0.1244259310949092 0.1708816786642174 0.2616596391211158 -0.0010355457420134 -0.1372337080262066
8.616 0.1729627979787391 0.1238598648872956 0.1739978630491522 0.2610617209900576 -0.001035065070413131 -0.137201856102762
8.618 0.1761537058492634 0.1234631316748961 0.1771882905826639 0.2606331506355951 -0.001034584733400491 -0.1371700189606989
8.62 0.1794103782358867 0.1232462471496205 0.1804444829665517 0.2603844437393515 -0.001034104730665025 -0.1371381965897311
8.622 0.1827229666882907 0.1232196039273986 0.1837565917501874 0.26032599290698 -0.001033625061896636 -0.1371063889795814
8.624 0.1860801700946987 0.1233933076927534 0.1871133158214843 0.2604679038127364 -0.001033145726785586 -0.137074596119983
8.626 0.189469168382154 0.1237769888148668 0.1905018351071765 0.2608198068155447 -0.001032666725022498 -0.137042818000678
8.628 0.1928755779489636 0.1243795898937951 0.193907766005262 0.2613906445052132 -0.001032188056298351 -0.1370110546114181
8.63 0.196283434818774 0.1252091308136332 0.1973151445390784 0.2621884367555979 -0.001031709720304484 -0.1369793059419646
8.632 0.1996752117720979 0.1262724542236457 0.2007064434888305 0.2632200262057341 -0.001031231716732593 -0.1369475719820884
8.634 0.2030318756982313 0.1275749559144635 0.204062629743506 0.264490808636033 -0.00103075404527473 -0.1369158527215696
8.636 0.2063329910330919 0.1291203062536565 0.2073632677387152 0.2660044544038545 -0.001030276705623305 -0.1368841481501979
8.638 0.2095568743278182 0.1309101706117 0.2105866740252893 0.2677626288694725 -0.001029799697471082 -0.1368524582577725
8.64 0.2126808036685703 0.1329439384329178 0.2137101266890814 0.2697647214670197 -0.001029323020511184 -0.136820783034102
8.642 0.2156812848030707 0.1352184721421977 0.2167101314775078 0.2720075946112021 -0.001028846674437085 -0.1367891224690044
8.644 0.2185343734313606 0.1377278882582596 0.2195627440903033 0.2744853648105668 -0.001028370658942615 -0.1367574765523072
8.646 0.22121605024913 0.1404633837290751 0.222243945222852 0.2771892290029223 -0.00102789497372196 -0.1367258452738472
8.648 0.2237026421128429 0.1434131204389067 0.2247300617313126 0.2801073490623774 -0.001027419618469657 -0.1366942286234706
8.65 0.2259712793150059 0.1465621799120461 0.2269982239078865 0.2832248065030793 -0.001026944592880596 -0.1366626265910332
8.652 0.2280003756637321 0.1498925983634941 0.2290268455603822 0.286523637529894 -0.001026469896650023 -0.1366310391664
8.654 0.2297701151420017 0.1533834894035269 0.2307961106714752 0.2899829557429721 -0.001025995529473531 -0.1365994663394452
8.656 0.2312629266862004 0.157011257970813 0.2322884481772474 0.2935791660708658 -0.001025521491047069 -0.1365679081000527
8.658 0.232463927361074 0.1607499046344183 0.233488975142141 0.297286269072534 -0.001025047781066935 -0.1365363644381156
8.66 0.2333613141502366 0.1645714145534213 0.2343858885494664 0.3010762498969576 -0.001024574399229776 -0.1365048353435363
8.662 0.2339466858654038 0.1684462204809285 0.2349707872106364 0.304919541287155 -0.001024101345232594 -0.1364733208062265
8.664 0.2342152793174767 0.1723437246623196 0.2352389079362494 0.308785545478427 -0.001023628618772735 -0.1364418208161074
8.666 0.2341661077601112 0.1762328607158092 0.2351892639796591 0.3126431960789184 -0.001023156219547899 -0.1364103353631091
8.668 0.2338019944492761 0.1800826739570182 0.2348246785965322 0.3164615383941897 -0.001022684147256132 -0.1363788644371716
8.67 0.2331294995855382 0.1838628974006289 0.2341517119871341 0.3202103054288724 -0.001022212401595828 -0.1363474080282435
8.672 0.2321587444731445 0.1875445009630128 0.2331804854554103 0.3238604670892959 -0.001021740982265729 -0.1363159661262831
8.674 0.2309031419790077 0.191100193171175 0.2319244118679727 0.327384731892433 -0.001021269888964926 -0.136284538721258
8.676 0.2293790468803294 0.1945048577777005 0.2303998460017223 0.3307579835808452 -0.001020799121392855 -0.1362531258031448
8.678 0.2276053431153224 0.1977359117841127 0.2286256717945717 0.3339576391460421 -0.001020328679249298 -0.1362217273619294
8.68 0.2256029870842915 0.2007735761002166 0.2266228456465259 0.3369639194878237 -0.001019858562234385 -0.136190343387607
8.682 0.2233945269148337 0.2036010549972269 0.2244139156848823 0.339760028867409 -0.001019388770048588 -0.1361589738701821
8.684 0.2210036170676239 0.2062046252459786 0.2220225363700166 0.3423322440456468 -0.001018919302392727 -0.1361276187996683
8.686 0.2184545459963638 0.208573640028135 0.2194729961553318 0.3446699181942232 -0.001018450158967964 -0.1360962781660882
8.688 0.2157717920449404 0.2107004561198831 0.2167897733844162 0.346765408079357 -0.001017981339475805 -0.1360649519594738
8.69 0.2129796196672331 0.2125802953280439 0.2139971325108512 0.3486139354979103 -0.001017512843618103 -0.1360336401698664
8.692 0.2101017246958347 0.2142110526664566 0.2111187693669317 0.3502133954537729 -0.00101704467109705 -0.1360023427873163
8.694 0.2071609340402172 0.2155930643453717 0.2081775108618324 0.3515641241472545 -0.001016576821615181 -0.1359710598018828
8.696 0.204178962089485 0.2167288484244719 0.2051950713843604 0.3526686396281066 -0.001016109294875375 -0.1359397912036347
8.698 0.2011762233934199 0.2176228301112527 0.2021918654840008 0.3535313670939024 -0.001015642090580849 -0.1359085369826497
8.7 0.1981716989956635 0.2182810623512641 0.1991868742040987 0.3541583594802786 -0.001015175208435166 -0.1358772971290145
8.702 0.1951828521341339 0.2187109507313961 0.1961975607822761 0.3545570223642213 -0.001014708648142225 -0.1358460716328252
8.704 0.1922255878961808 0.2189209899626852 0.1932398303055871 0.3547358504468721 -0.001014242409406267 -0.1358148604841869
8.706 0.1893142507717641 0.2189205174579779 0.190328027263696 0.3547041811311917 -0.001013776491931874 -0.1357836636732138
8.708 0.1864616538177158 0.2187194878728593 0.1874749647131398 0.3544719690628882 -0.001013310895423964 -0.1357524811900289
8.71 0.1836791332487681 0.2183282710051067 0.1846919788683559 0.3540495840298715 -0.001012845619587797 -0.1357213130247648
8.712 0.1809766226220861 0.2177574741888008 0.1819890032862151 0.3534476333563635 -0.001012380664128969 -0.1356901591675627
8.714 0.1783627413039297 0.217017789289883 0.1793746573326831 0.352676808898456 -0.001011916028753414 -0.135659019608573
8.716 0.1758448925316575 0.216119863608046 0.1768563442448249 0.3517477579460013 -0.001011451713167404 -0.1356278943379554
8.718 0.1734293670537068 0.2150741933993085 0.1744403547707844 0.3506709767451865 -0.001010987717077549 -0.135596783345878
8.72 0.1711214490015987 0.2138910383303251 0.1721319730417895 0.3494567249528437 -0.001010524040190792 -0.1355656866225186
8.722 0.168925521288256 0.2125803549310138 0.1699355819704704 0.3481149590890774 -0.001010060682214416 -0.1355346041580636
8.724 0.1668451684155919 0.2111517469974275 0.1678547660584479 0.346655282940136 -0.001009597642856035 -0.1355035359427085
8.726 0.1648832750971877 0.2096144308830762 0.1658924100190113 0.345086912849734 -0.001009134921823603 -0.1354724819666578
8.728 0.1630421195542158 0.2079772136789148 0.1640507920730412 0.3434186558990398 -0.001008672518825404 -0.135441442220125
8.73 0.1613234607241411 0.2062484823980401 0.1623316711577111 0.3416588990913725 -0.001008210433570059 -0.1354104166933325
8.732 0.1597286189339917 0.2044362024312249 0.1607363675997582 0.3398156078077366 -0.001007748665766521 -0.1353794053765117
8.734 0.1582585498398124 0.202547923709661 0.1592658370549365 0.3378963319695638 -0.001007287215124076 -0.1353484082599029
8.736 0.1569139116278374 0.2005907931900749 0.1579207377091897 0.3359082185238302 -0.001006826081352346 -0.1353174253337553
8.738 0.1556951256174387 0.1985715724552179 0.1567014908816 0.3338580290435452 -0.001006365264161282 -0.1352864565883273
8.74 0.1546024305093118 0.1964966593941653 0.155608335272573 0.3317521614080511 -0.001005904763261165 -0.1352555020138859
8.742 0.1536359305912695 0.1943721130879163 0.1546413751696321 0.3295966746886233 -0.001005444578362612 -0.135224561600707
8.744 0.1527956382542018 0.1922036811728338 0.1538006229633783 0.3273973165119095 -0.001004984709176569 -0.1351936353390757
8.746 0.1520815111885577 0.1899968290871173 0.153086036343972 0.325159552306403 -0.001004525155414312 -0.1351627232192857
8.748 0.1514934846314826 0.1877567707234888 0.1524975505482701 0.3228885959551284 -0.001004065916787446 -0.1351318252316396
8.75 0.1510314990204446 0.1854885001135363 0.1520351060134525 0.3205894414799853 -0.001003606993007907 -0.135100941366449
8.752 0.1506955233843197 0.1831968238575419 0.1516986717681076 0.3182668954715762 -0.00100314838378796 -0.1350700716140343
8.754 0.1504855747701702 0.1808863940888358 0.1514882648590104 0.3159256100535605 -0.001002690088840199 -0.1350392159647247
8.756 0.1504017339650881 0.1785617418237172 0.1514039660729656 0.3135701162325754 -0.001002232107877545 -0.1350083744088582
8.758 0.1504441577295516 0.1762273105987509 0.1514459321701648 0.3112048575355326 -0.001001774440613247 -0.1349775469367818
8.76 0.1506130877126338 0.1738874903377029 0.1516144047993947 0.3088342238765539 -0.001001317086760881 -0.134946733538851
8.762 0.1509088561711525 0.1715466514201933 0.1519097162171868 0.3064625856256238 -0.001000860046034351 -0.1349159342054305
8.764 0.1513318885651059 0.169209178944975 0.1523322918832538 0.3040943278718686 -0.001000403318147887 -0.1348851489268935
8.766 0.1518827030508205 0.1668795071931341 0.1528826499536366 0.3017338848867562 -0.0009999469028160438 -0.1348543776936221
8.768 0.1525619068417398 0.1645621542993961 0.1535613976414935 0.2993857747954032 -0.0009994907997537023 -0.1348236204960071
8.77 0.1533701893547778 0.1622617571344206 0.1543692243634539 0.2970546344588688 -0.00099903500867607 -0.1347928773244482
8.772 0.1543083120079442 0.1599831063871136 0.1553068915372429 0.2947452545564672 -0.0009985795292986762 -0.1347621481693536
8.774 0.1553770944831174 0.1577311818121519 0.1563752188444548 0.2924626148332926 -0.0009981243613373764 -0.1347314330211406
8.776 0.156577397216681 0.1555111875744972 0.1575750667211894 0.2902119194447321 -0.0009976695045083488 -0.1347007318702349
8.778 0.1579100998307821 0.1533285875789462 0.1589073147893101 0.2879986322860174 -0.0009972149585280954 -0.1346700447070711
8.78 0.1593760751706831 0.1511891406164476 0.1603728358937965 0.2858285121385402 -0.0009967607231134413 -0.1346393715220925
8.782 0.1609761585699957 0.149098935090174 0.1619724653679772 0.283707647395925 -0.0009963067979815326 -0.1346087123057511
8.784 0.1627111119269592 0.1470644230017065 0.163706965109809 0.2816424900502139 -0.0009958531828498387 -0.1345780670485074
8.786 0.1645815821445789 0.1450924527789805 0.165576982022015 0.2796398885198115 -0.0009953998774361501 -0.134547435740831
8.788 0.1665880534674677 0.1431903004126721 0.1675830003489263 0.2777071187858719 -0.0009949468814585782 -0.1345168183731998
8.79 0.168730793242161 0.1413656982355445 0.1697252874367966 0.275851913171645 -0.0009944941946355556 -0.1344862149361005
8.792 0.1710097906411104 0.1396268605281798 0.1720038324577962 0.2740824859482082 -0.0009940418166858333 -0.1344556254200284
8.794 0.173424687927372 0.1379825049660952 0.1744182776747005 0.2724075547815829 -0.0009935897473284847 -0.1344250498154876
8.796 0.1759747039048206 0.1364418687372381 0.1769678418911035 0.2708363568502288 -0.0009931379862829009 -0.1343944881129907
8.798 0.1786585493034785 0.1350147179585303 0.1796512358367473 0.2693786582615892 -0.0009926865332687915 -0.1343639403030589
8.8 0.1814743340007872 0.1337113488084707 0.1824665693887934 0.2680447551846928 -0.0009922353880061855 -0.134333406376222
8.802 0.1844194661847847 0.1325425785768287 0.1854112507350001 0.2668454648998475 -0.0009917845502154302 -0.1343028863230187
8.804 0.1874905438334278 0.1315197246208635 0.188481877853045 0.2657921047548594 -0.0009913340196171887 -0.1342723801339958
8.806 0.1906832392251087 0.1306545690220043 0.1916741230210411 0.2648964568217135 -0.0009908837959324436 -0.1342418877997092
8.808 0.1939921776155052 0.1299593065742321 0.1949826114943877 0.264170715884955 -0.0009904338788824919 -0.1342114093107229
8.81 0.1974108117203562 0.1294464736255243 0.1984007959885451 0.2636274182831341 -0.0009899842681889487 -0.1341809446576098
8.812 0.2009312942358451 0.1291288552609664 0.2019208291994188 0.2632793490919176 -0.000989534963573744 -0.1341504938309513
8.814 0.2045443513028048 0.129019368390275 0.2055334372675639 0.2631394252116121 -0.0009890859647591233 -0.1341200568213371
8.816 0.2082391605674468 0.1291309185157175 0.2092277978389144 0.2632205521350833 -0.0009886372714676471 -0.1340896336193658
8.818 0.2120032382903071 0.1294762283440125 0.2129914271737293 0.2635354525596569 -0.0009881888834221916 -0.1340592242156444
8.82 0.2158223407730861 0.1300676370033767 0.216810081573432 0.2640964656041649 -0.0009877408003459449 -0.1340288286007882
8.822 0.2196803861641392 0.130916869466463 0.2206676791861016 0.2649153162318844 -0.0009872930219624108 -0.1339984467654214
8.824 0.223559403408236 0.1320347768866504 0.2245462489562314 0.2660028555868267 -0.0009868455479954052 -0.1339680787001762
8.826 0.2274395156468288 0.1334310499411837 0.2284259140249978 0.2673687743368776 -0.0009863983781690569 -0.1339377243956938
8.828 0.231298965663002 0.1351139089325094 0.2322849171752098 0.269021292775133 -0.0009859515122078086 -0.1339073838426236
8.83 0.2351141909026054 0.1370897762960769 0.2360996958524418 0.2709668333277004 -0.0009855049498364128 -0.1338770570316234
8.832 0.2388599550873548 0.1393629392331858 0.2398450137781347 0.2732096831865456 -0.0009850586907799352 -0.1338467439533598
8.834 0.2425095423737937 0.1419352123279676 0.2434941551085574 0.2757516569264751 -0.0009846127347637522 -0.1338164445985075
8.836 0.2460350183324078 0.1448056120773617 0.2470191854139214 0.2785917710351113 -0.0009841670815135498 -0.1337861589577497
8.838 0.2494075596855023 0.1479700570829612 0.2503912814162577 0.2817259441047393 -0.0009837217307553272 -0.1337558870217782
8.84 0.2525978517665577 0.1514211090176164 0.2535811284487731 0.2851467377989095 -0.0009832766822153902 -0.1337256287812931
8.842 0.2555765491302249 0.1551477701694891 0.2565593810658452 0.2888431543964919 -0.0009828319356203557 -0.1336953842270028
8.844 0.2583147908079487 0.1591353531724406 0.2592971782986458 0.2928005065220651 -0.0009823874906971499 -0.1336651533496245
8.846 0.260784757605599 0.1633654372810753 0.261766700952772 0.2970003734209586 -0.000981943347173007 -0.1336349361398834
8.848 0.2629602548848774 0.1678159231396485 0.2639417543896529 0.3014206557281616 -0.0009814995047754693 -0.1336047325885131
8.85 0.2648173008137645 0.1724611944173681 0.2657983567769969 0.306035737103624 -0.0009810559632323877 -0.1335745426862559
8.852 0.2663346974846094 0.1772723900487263 0.2673153102068813 0.3108167564725883 -0.0009806127222719196 -0.133544366423862
8.854 0.2674945609282364 0.1822177853685661 0.2684747307098589 0.3157319891606565 -0.0009801697816225303 -0.1335142037920905
8.856 0.2682827861666629 0.1872632745247707 0.2692625133076759 0.320747329306479 -0.00097972714101299 -0.1334840547817083
8.858 0.2686894251969056 0.1923729406407457 0.269668709997078 0.3258268600242367 -0.0009792848001723769 -0.133453919383491
8.86 0.2687089591805036 0.1975096947907593 0.2696878019393337 0.3309334923789817 -0.0009788427588300745 -0.1334237975882224
8.862 0.2683404509532352 0.2026359604364997 0.269318851969951 0.3360296498231943 -0.0009784010167157699 -0.1333936893866946
8.864 0.2675875699311228 0.2077143769775711 0.2685655295046823 0.3410779717472792 -0.0009779595735594573 -0.1333635947697082
8.866 0.2664584881051831 0.2127084947921668 0.2674360065342746 0.3460420085202385 -0.0009775184290914348 -0.1333335137280717
8.868 0.2649656525424458 0.2175834347136067 0.2659427301254881 0.3508868809662089 -0.0009770775830423033 -0.1333034462526022
8.87 0.2631254460862991 0.2223064872457801 0.264102083121442 0.3555798795799053 -0.0009766370351429693 -0.1332733923341252
8.872 0.2609577532702675 0.2268476307322978 0.2619339500553921 0.3600909826957718 -0.0009761967851246408 -0.133243351963474
8.874 0.2584854524339501 0.23117995277591 0.2594612092666689 0.3643932779074006 -0.0009757568327188292 -0.1332133251314906
8.876 0.2557338574199808 0.2352799649811912 0.2567091745976382 0.3684632768102163 -0.0009753171776573494 -0.1331833118290251
8.878 0.2527301329667019 0.2391278070599472 0.2537050107863742 0.372281119106883 -0.0009748778196723165 -0.1331533120469358
8.88 0.249502707087323 0.2427073420134135 0.2504771458458191 0.3758306677895027 -0.0009744387584961485 -0.1331233257760892
8.882 0.2460807015722769 0.246006149088194 0.2470547015661384 0.3790995020955543 -0.0009739999938615644 -0.1330933530073602
8.884 0.2424933985869497 0.2490154252083767 0.2434669601124513 0.3820788189400085 -0.0009735615255015833 -0.1330633937316318
8.886 0.2387697575304399 0.2517298084515971 0.2397428808835895 0.3847632563913923 -0.000973123353149526 -0.1330334479397952
8.888 0.2349379922390967 0.2541471388261844 0.2359106777156357 0.3871506544489342 -0.0009726854765390111 -0.1330035156227497
8.89 0.2310252145884811 0.2562681721914719 0.2319974624838851 0.3892417689628749 -0.0009722478954039594 -0.1329735967714031
8.892 0.2270571468357183 0.2580962627912109 0.2280289574451969 0.3910399541678819 -0.0009718106094785891 -0.132943691376671
8.894 0.2230579018401128 0.2596370287397656 0.2240292754586102 0.392550828169243 -0.0009713736184974177 -0.1329137994294774
8.896 0.2190498277115123 0.2608980131315201 0.2200207646337075 0.3937819340522745 -0.000970936922195261 -0.1328839209207545
8.898 0.2150534115046078 0.2618883514474691 0.2160239120249151 0.3947424072889115 -0.0009705005203072331 -0.1328540558414424
8.9 0.2110872352848291 0.2626184538003986 0.2120572996973978 0.3954426579828882 -0.0009700644125687444 -0.1328242041824896
8.902 0.2071679771748083 0.2630997084483772 0.2081376057735238 0.3958940743832298 -0.0009696285987155045 -0.1327943659348526
8.904 0.2033104497644962 0.2633442110324447 0.2042796428429797 0.3961087521219407 -0.0009691930784835182 -0.1327645410894961
8.906 0.1995276684334619 0.2633645222382641 0.200496426285071 0.3960992518756569 -0.0009687578516090871 -0.1327347296373927
8.908 0.1958309425879887 0.263173455088316 0.1967992655058175 0.3958783866578395 -0.0009683229178288091 -0.1327049315695236
8.91 0.1922299834667704 0.2627838918568303 0.19319787174365 0.3954590387337076 -0.0009678882768795766 -0.1326751468768774
8.912 0.1887330229358602 0.2622086296590207 0.1897004768643588 0.394854005209472 -0.0009674539284985789 -0.1326453755504513
8.914 0.1853469385072433 0.2614602530784893 0.1863139583796665 0.3940758706597398 -0.0009670198724232986 -0.1326156175812505
8.916 0.1820773806264619 0.2605510317316729 0.1830439667348535 0.393136904691961 -0.0009665861083915127 -0.1325858729602881
8.918 0.1789288990455569 0.2594928403916681 0.1798950516816982 0.3920489820702536 -0.0009661526361412937 -0.1325561416785855
8.92 0.1759050658017792 0.2582970991696195 0.1768707852571902 0.3908235228967914 -0.0009657194554110056 -0.1325264237271719
8.922 0.1730085929477347 0.2569747312465536 0.173973879513674 0.3894714503436381 -0.0009652865659393069 -0.1324967190970846
8.924 0.170241443718009 0.2555361357316241 0.1712062976854741 0.3880031635109932 -0.000964853967465149 -0.1324670277793691
8.926 0.167604936270177 0.2539911733673043 0.1685693579299048 0.3864285231323829 -0.0009644216597277744 -0.1324373497650787
8.928 0.1650998395093785 0.2523491629865306 0.1660638291518452 0.3847568480318055 -0.0009639896424667189 -0.1324076850452749
8.93 0.1627264608023492 0.2506188868337104 0.163690018717771 0.3829969204447374 -0.0009635579154218097 -0.1323780336110271
8.932 0.1604847256163833 0.2488086030767032 0.1614478520947165 0.381156998530116 -0.0009631264783331649 -0.1323483954534128
8.934 0.1583742492907891 0.2469260640506371 0.1593369446217303 0.3792448346141544 -0.0009626953309411937 -0.1323187705635173
8.936 0.1563944012720468 0.2449785389798055 0.1573566657450334 0.3772676979122395 -0.0009622644729865949 -0.132289158932434
8.938 0.1545443622266188 0.2429728401155365 0.1555061961308291 0.3752324006668009 -0.0009618339042103583 -0.1322595605512644
8.94 0.1528231744953445 0.2409153514033217 0.1537845781196983 0.3731453268144393 -0.0009614036243537638 -0.1322299754111176
8.942 0.1512297863775287 0.2388120589506502 0.1521907600106871 0.3710124624537612 -0.0009609736331583785 -0.1322004035031111
8.944 0.1497630907360979 0.2366685827066443 0.150723634666464 0.3688394275250143 -0.0009605439303660604 -0.1321708448183699
8.946 0.1484219584030907 0.2344902088868479 0.1493820729188096 0.3666315082348752 -0.000960114515718956 -0.1321412993480274
8.948 0.147205266841197 0.2322819227823145 0.1481649522301565 0.3643936898655389 -0.000959685388959498 -0.1321117670832244
8.95 0.1461119244848154 0.2300484416821127 0.1470711810346458 0.3621306896972228 -0.0009592565498304088 -0.1320822480151101
8.952 0.145140891146065 0.2277942477141651 0.1460997191441397 0.3598469898490065 -0.0009588279980746971 -0.1320527421348413
8.954 0.1442911948294501 0.2255236204728131 0.1452495945628858 0.357546869906396 -0.0009583997334356586 -0.1320232494335829
8.956 0.1435619452543731 0.2232406693529918 0.1445199170100299 0.3552344392554993 -0.0009579717556568763 -0.1319937699025075
8.958 0.1429523443389804 0.220949365552195 0.1439098884034626 0.3529136690849906 -0.0009575440644822188 -0.1319643035327956
8.96 0.1424616938525272 0.2186535737340758 0.1434188105121831 0.3505884240497116 -0.00095711665965584 -0.1319348503156358
8.962 0.1420894003968565 0.2163570833712478 0.1430460899377787 0.3482624936134721 -0.0009566895409221807 -0.1319054102422244
8.964 0.141834977831295 0.2140636398012911 0.142791240539321 0.3459396231050565 -0.0009562627080259648 -0.1318759833037654
8.966 0.1416980472092657 0.2117769750397599 0.1426538833699779 0.3436235445312308 -0.000955836160712203 -0.1318465694914709
8.968 0.1416783342493432 0.2095008383965456 0.1426337441480694 0.3413180071931065 -0.0009554098987261879 -0.1318171687965608
8.97 0.1417756643183811 0.2072390269384992 0.1427306482401946 0.3390268081487619 -0.0009549839218134981 -0.1317877812102627
8.972 0.1419899548597762 0.2049954158307899 0.1429445130894962 0.3367538225546021 -0.0009545582297199948 -0.1317584067238122
8.974 0.142321205155983 0.2027739885730246 0.1432753379781748 0.334503033901477 -0.0009541328221918218 -0.1317290453284524
8.976 0.1427694832712413 0.2005788671216666 0.1437231909702167 0.3322785641371012 -0.0009537076989754067 -0.1316996970154346
8.978 0.1433349099785385 0.1984143418586194 0.144288192838356 0.3300847036346371 -0.0009532828598174592 -0.1316703617760177
8.98 0.1440176394344209 0.1962849013258869 0.1449704977388859 0.3279259409273551 -0.0009528583044649703 -0.1316410396014682
8.982 0.1448178363274421 0.194195261596398 0.1457702703601073 0.3258069920794587 -0.0009524340326652135 -0.1316117304830607
8.984 0.1457356491916851 0.1921503950912679 0.1466876592358508 0.3237328295033454 -0.0009520100441657429 -0.1315824344120775
8.986 0.1467711795472924 0.1901555585830177 0.1477227658860068 0.3217087099628261 -0.000951586338714394 -0.1315531513798084
8.988 0.1479244465075344 0.1882163200405112 0.1488756094235937 0.3197402014180625 -0.0009511629160592828 -0.1315238813775512
8.99 0.1491953464788346 0.1863385838747561 0.1501460862547834 0.3178332082713677 -0.0009507397759488045 -0.1314946243966116
8.992 0.1505836075792598 0.1845286140344426 0.1515339244973914 0.3159939944627451 -0.0009503169181316349 -0.1314653804283025
8.994 0.1520887384164637 0.1827930542749263 0.1530386327588204 0.3142292037388713 -0.0009498943423567295 -0.131436149463945
8.996 0.1537099709021593 0.1811389447854989 0.1546594429505327 0.3125458762803666 -0.0009494720483733218 -0.1314069314948677
8.998 0.1554461968416595 0.1795737342081614 0.1563952468775904 0.3109514607205686 -0.0009490500359309252 -0.1313777265124071
9 0.1572958981307467 0.1781052859181252 0.1582445264355261 0.3094538204260323 -0.0009486283047793291 -0.1313485345079071
9.002 0.1592570705239458 0.1767418772663282 0.1602052773786144 0.3080612327390477 -0.0009482068546686035 -0.1313193554727195
9.004 0.1613271411149422 0.1754921903128694 0.1622749268002913 0.3067823797110732 -0.0009477856853490946 -0.1312901893982038
9.006 0.1635028798994953 0.1743652924144242 0.1644502446960667 0.3056263286901513 -0.0009473647965714253 -0.131261036275727
9.008 0.1657803060794985 0.1733706048798014 0.166727250267585 0.3046025009764654 -0.0009469441880864963 -0.131231896096664
9.01 0.1681545901193284 0.1725178577893328 0.1691011139789739 0.3037206266417298 -0.0009465238596454838 -0.1312027688523971
9.012 0.1706199529867898 0.1718170290022935 0.1715660567977896 0.30299068353661 -0.000946103810999841 -0.1311736545343164
9.014 0.1731695645002335 0.1712782653733778 0.1741152485421348 0.3024228185071975 -0.000945684041901296 -0.1311445531338197
9.016 0.175795443256129 0.1709117842881478 0.1767407078082309 0.3020272489304601 -0.0009452645521018524 -0.1311154646423123
9.018 0.1784883612180514 0.1707277538346202 0.1794332065594051 0.3018141428858274 -0.0009448453413537887 -0.1310863890512072
9.02 0.1812377566887073 0.1707361502824715 0.182182183098117 0.3017934766343964 -0.0009444264094096588 -0.131057326351925
9.022 0.1840316600324789 0.1709465920699774 0.1849756677885012 0.3019748686058711 -0.0009440077560222889 -0.1310282765358937
9.024 0.1868566371283296 0.1713681502260125 0.1878002265092743 0.3023673898205619 -0.0009435893809447815 -0.1309992395945493
9.026 0.1896977560589317 0.1720091360976726 0.1906409273428623 0.3029793516170078 -0.0009431712839305101 -0.1309702155193352
9.028 0.1925385829173101 0.172876868418547 0.1934813363820432 0.3038180727202492 -0.0009427534647331235 -0.1309412043017021
9.03 0.1953612127657132 0.1739774231272936 0.1963035486888197 0.3048896290604025 -0.000942335923106542 -0.1309122059331088
9.032 0.1981463416314486 0.1753153708973971 0.1990882602902536 0.3061985913024184 -0.0009419186588049583 -0.1308832204050213
9.034 0.2008733848921298 0.1768935090059569 0.2018148865637127 0.30774775671487 -0.0009415016715828377 -0.1308542477089132
9.036 0.203520646419189 0.1787125958618671 0.2044617313803839 0.3095378836981328 -0.0009410849611949171 -0.1308252878362657
9.038 0.2060655413617878 0.1807710981100303 0.207006209889184 0.3115674388885978 -0.0009406685273962042 -0.1307963407785676
9.04 0.2084848734456347 0.1830649615788445 0.2094251258155767 0.3138323681061596 -0.000940252369941978 -0.1307674065273151
9.042 0.2107551651608411 0.1855874182764792 0.2116950016494288 0.3163259033504912 -0.0009398364885877879 -0.130738485074012
9.044 0.212853036300515 0.1883288419926289 0.2137924571836045 0.3190384184027985 -0.0009394208830894542 -0.1307095764101696
9.046 0.2147556231329451 0.1912766646686667 0.2156946286861481 0.3219573451959734 -0.0009390055532030661 -0.1306806805273067
9.048 0.2164410272489421 0.1944153644363472 0.217379617747627 0.3250671618532968 -0.0009385904986849828 -0.1306517974169496
9.05 0.2178887800807024 0.1977265340334391 0.2188269557999943 0.3283494611040711 -0.0009381757192918326 -0.1306229270706321
9.052 0.2190803065269457 0.2011890352037188 0.2200180677417262 0.3317831046836143 -0.0009377612147805133 -0.1305940694798955
9.054 0.2199993693336066 0.2047792407971088 0.2209367163185148 0.3353444654333972 -0.0009373469849081894 -0.1305652246362884
9.056 0.2206324751298726 0.2084713618243876 0.2215694081593049 0.3390077543557548 -0.0009369330294322957 -0.1305363925313672
9.058 0.220969223493805 0.2122378519990333 0.2219057428419156 0.3427454251557287 -0.0009365193481105326 -0.1305075731566955
9.06 0.2210025822052678 0.2160498776921569 0.2219386881459687 0.3465286441960012 -0.0009361059407008693 -0.1304787665038443
9.062 0.2207290748932701 0.2198778371384743 0.2216647677002316 0.3503278097028665 -0.000935692806961542 -0.1304499725643922
9.064 0.2201488714217896 0.223691909540891 0.2210841513684407 0.3541131008708162 -0.0009352799466510525 -0.1304211913299252
9.066 0.2192657762814921 0.2274626127393169 0.2202006436410203 0.3578550355313536 -0.0009348673595281697 -0.1303924227920367
9.068 0.2180871155706219 0.2311613475353315 0.2190215706159738 0.3615250144776592 -0.0009344550453519293 -0.1303636669423276
9.07 0.2166235284154352 0.2347609076548104 0.2175575714193168 0.3650958314272164 -0.0009340430038816304 -0.130334923772406
9.072 0.214888673463723 0.2382359365958506 0.2158223046985998 0.3685421298697382 -0.0009336312348768396 -0.1303061932738875
9.074 0.2128988650069033 0.2415633160250479 0.2138320847450007 0.3718407914634431 -0.0009332197380973869 -0.1302774754383952
9.076 0.2106726560704078 0.2447224746197799 0.2116054645837112 0.3749712448773393 -0.0009328085133033677 -0.1302487702575595
9.078 0.2082303873098573 0.2476956109188875 0.2091627848701125 0.3779156886419056 -0.0009323975602551416 -0.1302200777230181
9.08 0.2055937207471583 0.2504678284397478 0.2065257076258716 0.3806592262661639 -0.000931986878713331 -0.1301913978264161
9.082 0.2027851763863691 0.2530271856804653 0.2037167528548079 0.3831899162398714 -0.0009315764684388235 -0.1301627305594061
9.084 0.1998276877714048 0.2553646673596845 0.2007588541005976 0.3854987432733324 -0.0009311663291927685 -0.1301340759136478
9.086 0.1967441898552532 0.2574740861562672 0.1976749463159898 0.3875795200370757 -0.0009307564607365791 -0.1301054338808086
9.088 0.1935572494384132 0.2593519261989009 0.1944875963012452 0.3894287306514637 -0.0009303468628319301 -0.1300768044525628
9.09 0.1902887451868608 0.2609971406206427 0.1912186827221015 0.3910453282412349 -0.000929937535240759 -0.1300481876205923
9.092 0.1869596011031899 0.2624109157129519 0.1878891295809152 0.3924304990895382 -0.0009295284777252646 -0.1300195833765863
9.094 0.183589574491799 0.2635964137197265 0.1845186941818469 0.3935874054319677 -0.0009291196900479083 -0.1299909917122412
9.096 0.1801970970613153 0.2645585052683876 0.1811258082332867 0.3945209178876484 -0.0009287111719714109 -0.1299624126192608
9.098 0.1767991659126412 0.2653035010166621 0.1777274688359 0.3952373471060183 -0.000928302923258755 -0.1299338460893562
9.1 0.1734112797865894 0.2658388904640868 0.1743391747302626 0.3957441825783325 -0.0009278949436731837 -0.1299052921142457
9.102 0.1700474150655185 0.2661730941801838 0.1709749022984967 0.3960498448658387 -0.0009274872329781991 -0.1298767506856549
9.104 0.1667200355806844 0.2663152340522081 0.167647115371622 0.3961634558475248 -0.0009270797909375647 -0.1298482217953167
9.106 0.1634401302002039 0.2662749246376601 0.1643668028175192 0.3960946300726315 -0.0009266726173153019 -0.1298197054349713
9.108 0.1602172723815153 0.2660620873749119 0.161143538093391 0.395853288971278 -0.0009262657118756913 -0.1297912015963661
9.11 0.157059696286601 0.2656867882879004 0.1579855553609843 0.3954494985591561 -0.0009258590743832735 -0.1297627102712557
9.112 0.1539743846084772 0.265159098924493 0.15489983731308 0.394893330375895 -0.0009254527046028459 -0.129734231451402
9.114 0.150967163881916 0.264488979584903 0.1518922104842154 0.3941947447134772 -0.0009250466022994646 -0.1297057651285742
9.116 0.1480428036996231 0.2636861834068951 0.1489674444668616 0.3933634947014436 -0.0009246407672384438 -0.1296773112945485
9.118 0.1452051168910713 0.2627601795533836 0.1461293520902567 0.3924090494944921 -0.0009242351991853536 -0.1296488699411085
9.12 0.1424570583186916 0.2617200935675847 0.1433808882165976 0.3913405346276298 -0.0009238298979060229 -0.1296204410600451
9.122 0.1398008204865363 0.2605746628927683 0.1407242453497028 0.3901666875359243 -0.0009234248631665357 -0.129592024643156
9.124 0.1372379246323802 0.2593322055720909 0.1381609447271135 0.3888958262543373 -0.0009230200947332333 -0.1295636206822465
9.126 0.1347693063820813 0.2580006002257201 0.135691921974454 0.387535829394849 -0.0009226155923727132 -0.1295352291691289
9.128 0.1323953953846617 0.2565872755271578 0.1333176067405135 0.3860941256227804 -0.0009222113558518271 -0.1295068500956227
9.13 0.1301161886235713 0.255099207552405 0.131037996008509 0.3845776910059596 -0.0009218073849376833 -0.1294784834535546
9.132 0.1279313173197122 0.2535429235415643 0.1288527209991099 0.3829930527763227 -0.0009214036793976452 -0.1294501292347584
9.134 0.1258401075106063 0.2519245107821177 0.1267611077496057 0.3813462982131928 -0.0009210002389993299 -0.129421787431075
9.136 0.1238416345162324 0.2502496294897445 0.124762231579743 0.3796430875240972 -0.0009205970635106094 -0.1293934580343527
9.138 0.1219347715920197 0.248523528721231 0.1228549657447193 0.3778886697576776 -0.0009201941526996092 -0.1293651410364466
9.14 0.1201182331290818 0.2467510645008587 0.1210380246354165 0.3760879009300778 -0.0009197915063347094 -0.1293368364292191
9.142 0.1183906127976815 0.2449367194752479 0.1193100019218661 0.3742452636797877 -0.0009193891241845425 -0.1293085442045398
9.144 0.1167504170473624 0.2430846235316266 0.1176694040533804 0.3723648878859118 -0.0009189870060179937 -0.1292802643542851
9.146 0.11519609437946 0.241198574919615 0.1161146795310642 0.3704505717899539 -0.0009185851516042021 -0.1292519968703389
9.148 0.113726060799628 0.2392820615084779 0.1146442443603406 0.36850580325307 -0.0009181835607125586 -0.1292237417445921
9.15 0.1123387218424126 0.2373382818911966 0.1132565040755253 0.3665337808601389 -0.0009177822331127048 -0.1291954989689423
9.152 0.1110324915384593 0.2353701661137953 0.1119498727070338 0.3645374346490901 -0.0009173811685745365 -0.1291672685352947
9.154 0.1098058086704144 0.2333803958651732 0.1107227890372826 0.3625194463007345 -0.0009169803668681981 -0.1291390504355613
9.156 0.1086571506374574 0.2313714240105901 0.1095737304652215 0.3604822686722512 -0.0009165798277640867 -0.1291108446616612
9.158 0.1075850452210272 0.2293454933909552 0.1085012247720601 0.3584281445964758 -0.0009161795510328496 -0.1290826512055206
9.16 0.1065880805173503 0.2273046548423778 0.1075038600537956 0.3563591249014505 -0.0009157795364453846 -0.1290544700590727
9.162 0.1056649132763504 0.2252507844170113 0.1065802930601232 0.354277085631269 -0.0009153797837728391 -0.1290263012142577
9.164 0.1048142758611697 0.223185599807043 0.1057292561539563 0.3521837444700661 -0.0009149802927866107 -0.1289981446630231
9.166 0.1040349820188563 0.2211106759904722 0.1049495630821147 0.3500806763877952 -0.0009145810632583456 -0.128970000397323
9.168 0.1033259316307674 0.2190274601309757 0.1042401137257273 0.3479693285400947 -0.00091418209495994 -0.1289418684091189
9.17 0.1026861145904513 0.2169372857740512 0.1035998979781148 0.3458510344644303 -0.0009137833876635379 -0.1289137486903791
9.172 0.1021146139378223 0.2148413863896656 0.1030279988789638 0.3437270276227445 -0.0009133849411415321 -0.128885641233079
9.174 0.1016106083610041 0.2127409083177715 0.1025235951161707 0.3415984543469724 -0.0009129867551665639 -0.1288575460292009
9.176 0.101173374161034 0.2106369231773372 0.1020859629905455 0.3394663862480713 -0.0009125888295115212 -0.1288294630707341
9.178 0.1008022867598145 0.2085304398026424 0.1017144779237641 0.3373318321523175 -0.0009121911639495399 -0.1288013923496751
9.18 0.1004968218180775 0.2064224157731385 0.1014086155763315 0.3351957496311655 -0.000911793758254004 -0.128773333858027
9.182 0.1002565560173836 0.2043137686045119 0.1011679526295822 0.3330590561923121 -0.0009113966121985422 -0.1287452875878002
9.184 0.100081167548341 0.2022053866694824 0.1009921672738981 0.3309226402004943 -0.0009109997255570313 -0.1287172535310119
9.186 0.0999704363360558 0.2000981399177248 0.1008810394341594 0.3287873715974111 -0.000910603098103593 -0.1286892316796862
9.188 0.09992424402314583 0.1979928904643387 0.1008344507527584 0.326654112490193 -0.0009102067296125959 -0.1286612220258543
9.19 0.09994257372028756 0.1958905031162416 0.1008523843401462 0.3245237276777959 -0.0009098106198586538 -0.1286332245615543
9.192 0.1000255095241649 0.1937918559059179 0.1009349242927816 0.3223970951847488 -0.0009094147686166247 -0.128605239278831
9.194 0.1001732357925082 0.1916978507013881 0.1010822549681698 0.3202751168711245 -0.0009090191756616125 -0.1285772661697364
9.196 0.1003860361556755 0.1896094239605465 0.1012946599964444 0.3181587291868758 -0.0009086238407689656 -0.1285493052263293
9.198 0.1006642922336329 0.1875275576974567 0.1015725209973472 0.3160489141381321 -0.0009082287637142755 -0.1285213564406755
9.2 0.1010084820161499 0.1854532907267669 0.1019163159604233 0.3139467105316143 -0.000907833944273379 -0.1284934198048475
9.202 0.1014191778524324 0.1833877302506785 0.1023266172346548 0.3118532255616033 -0.0009074393822223552 -0.1284654953109248
9.204 0.1018970439839163 0.1813320638509418 0.1028040890612538 0.3097696468019356 -0.0009070450773375273 -0.1284375829509939
9.206 0.1024428335406704 0.1792875719451283 0.1033494845700658 0.3076972546622763 -0.0009066510293954612 -0.1284096827171479
9.208 0.1030573849075015 0.177255640762312 0.1039636421456745 0.3056374353637991 -0.0009062572381729651 -0.1283817946014871
9.21 0.1037416173502242 0.1752377758882921 0.1046474810536713 0.3035916944844105 -0.0009058637034470894 -0.1283539185961184
9.212 0.1044965257757909 0.1732356164233239 0.105401996200786 0.3015616711164796 -0.0009054704249951279 -0.1283260546931556
9.214 0.1053231744818386 0.171250949786353 0.1062282518844332 0.2995491526710725 -0.0009050774025946137 -0.1282982028847195
9.216 0.1062226897315675 0.1692857271885917 0.1071273743675908 0.2975560903515293 -0.0009046846360233231 -0.1282703631629376
9.218 0.1071962509690659 0.1673420797845707 0.1081005430941252 0.2955846153045149 -0.0009042921250592724 -0.1282425355199442
9.22 0.1082450804679816 0.1654223354909346 0.1091489803374623 0.2936370554388151 -0.0009038998694807193 -0.1282147199478805
9.222 0.1093704311833705 0.1635290364405358 0.1102739390524367 0.2917159528794303 -0.0009035078690661619 -0.1281869164388945
9.224 0.1105735725524485 0.1616649570122067 0.1114766886760428 0.2898240819973477 -0.0009031161235943375 -0.128159124985141
9.226 0.111855773965988 0.1598331223426137 0.1127584985988322 0.2879644679213954 -0.0009027246328442237 -0.1281313455787817
9.228 0.1132182856084623 0.158036827186002 0.1141206190050573 0.2861404053979868 -0.0009023333965950383 -0.1281035782119848
9.23 0.1146623163425527 0.1562796549392511 0.1155642587571789 0.2843554778161768 -0.0009019424146262372 -0.1280758228769257
9.232 0.1161890082942474 0.1545654965916137 0.1170905599809649 0.2826135761573998 -0.0009015516867175153 -0.1280480795657862
9.234 0.1177994077794777 0.1528985692906696 0.1187005689921265 0.2809189175614247 -0.0009011612126488066 -0.1280203482707551
9.236 0.1194944322040374 0.1512834341372557 0.1203952031962377 0.2792760631212836 -0.0009007709922002827 -0.1279926289840279
9.238 0.1212748325687413 0.1497250127309754 0.1221752135938937 0.2776899344287823 -0.000900381025152354 -0.1279649216978068
9.24 0.123141151223809 0.1482286018845158 0.1240411425350947 0.2761658282888168 -0.0008999913112856671 -0.127937226404301
9.242 0.1250936745439748 0.1467998858093302 0.1259932763943559 0.2747094289050562 -0.0008996018503811068 -0.127909543095726
9.244 0.1271323802441244 0.1454449449470484 0.1280315928863442 0.2733268167113529 -0.0008992126422197955 -0.1278818717643045
9.246 0.1292568791284841 0.1441702604824684 0.1301557028150672 0.2720244728847339 -0.0008988236865830908 -0.1278542124022655
9.248 0.1314663511702529 0.1429827134276618 0.1323647861535055 0.2708092784295069 -0.0008984349832525878 -0.1278265650018451
9.25 0.1337594759599255 0.1418895770159511 0.1346575224919356 0.2696885065712369 -0.0008980465320101167 -0.1277989295552858
9.252 0.1361343577450558 0.1408985009961765 0.1370320160776936 0.2686698070510137 -0.0008976583326377445 -0.1277713060548371
9.254 0.1385884455177081 0.1400174862795323 0.1394857159026259 0.2677611807722873 -0.0008972703849177737 -0.127743694492755
9.256 0.1411184488950689 0.1392548482740079 0.1420153315837017 0.2669709431353102 -0.0008968826886327403 -0.1277160948613022
9.258 0.1437202508866261 0.1386191671592971 0.1446167461301915 0.2663076743120453 -0.0008964952435654174 -0.1276885071527482
9.26 0.1463888190494724 0.1381192233247778 0.1472849270989712 0.2657801546841468 -0.0008961080494988107 -0.127660931359369
9.262 0.1491181170011225 0.1377639162345518 0.1500138381073387 0.2653972837079993 -0.0008957211062161612 -0.1276333674734475
9.264 0.1519010187785989 0.1375621651195691 0.1527963531920998 0.2651679806068421 -0.000895334413500944 -0.127605815487273
9.266 0.1547292290900379 0.1375227901520548 0.1556241770611748 0.2651010655451965 -0.0008949479711368668 -0.1275782753931416
9.268 0.157593213080654 0.1376543731565329 0.1584877748595619 0.2652051203398891 -0.0008945617789078715 -0.1275507471833562
9.27 0.1604821397963403 0.1379650974780985 0.1613763156329384 0.2654883283283246 -0.0008941758365981332 -0.1275232308502261
9.272 0.1633838440341082 0.1384625673806377 0.1642776341781003 0.2659582937667049 -0.0008937901439920587 -0.1274957263860672
9.274 0.1662848116684207 0.1391536082952471 0.167178216369295 0.2666218420784494 -0.0008934047008742883 -0.1274682337832023
9.276 0.1691701937733615 0.1400440503795546 0.1700632132803912 0.2674848034135152 -0.0008930195070296932 -0.1274407530339605
9.278 0.1720238548536043 0.1411384991610297 0.1729164894158477 0.2685517832917075 -0.0008926345622433774 -0.1274132841306778
9.28 0.1748284601827802 0.142440098479353 0.1757207100490809 0.2698259255450496 -0.0008922498663006774 -0.1273858270656967
9.282 0.1775656065577514 0.1439502924459098 0.1784574719767386 0.2713086742772759 -0.0008918654189871578 -0.1273583818313661
9.284 0.1802159996577003 0.1456685946060874 0.1811074808777889 0.2729995430261293 -0.0008914812200886171 -0.1273309484200419
9.286 0.1827596796195916 0.1475923738010741 0.1836507768889827 0.2748959006251603 -0.0008910972693910834 -0.1273035268240862
9.288 0.1851762944099502 0.1497166672370104 0.186067007976631 0.2769927842728783 -0.0008907135666808149 -0.1272761170358678
9.29 0.18744541813784 0.1520340318269597 0.1883357482495843 0.2792827508747219 -0.0008903301117443001 -0.1272487190477622
9.292 0.1895469087203044 0.1545344448274799 0.1904368556246727 0.2817557776796313 -0.0008899469043682566 -0.1272213328521514
9.294 0.191461296436284 0.1572052640195724 0.1923508603806237 0.2843992224609962 -0.0008895639443396323 -0.1271939584414238
9.296 0.1931701920992146 0.1600312561039322 0.1940593733306602 0.2871978519119067 -0.0008891812314456047 -0.1271665958079745
9.298 0.1946567010871598 0.1629946995759747 0.1955454998526334 0.2901339445201798 -0.0008887987654735781 -0.1271392449442051
9.3 0.1959058275552236 0.1660755651846486 0.1967942441014348 0.2931874710271723 -0.0008884165462111873 -0.1271119058425237
9.302 0.1969048520635793 0.1692517733154869 0.1977928866370256 0.296336351810832 -0.0008880345734462949 -0.1270845784953452
9.304 0.1976436657850163 0.172499523514589 0.1985313186319833 0.2995567864096795 -0.0008876528469669906 -0.1270572628950905
9.306 0.1981150455275105 0.1757936871991407 0.1990023168940721 0.3028236462333281 -0.000887271366561593 -0.1270299590341874
9.308 0.1983148560321422 0.1791082507311433 0.1992017461641609 0.3061109176362135 -0.0008868901320186468 -0.1270026669050702
9.31 0.1982421692794327 0.1824167928157457 0.1991286784225596 0.3093921793159252 -0.0008865091431269245 -0.1269753865001795
9.312 0.197899294636139 0.1856929779325963 0.1987854230358145 0.3126410957445589 -0.0008861283996754261 -0.1269481178119626
9.314 0.197291718281731 0.1889110464398036 0.1981774661831844 0.3158319072726767 -0.0008857479014533769 -0.1269208608328731
9.316 0.1964279550911823 0.1920462822135126 0.1973133227394325 0.3189398977688838 -0.0008853676482502285 -0.1268936155553712
9.318 0.1953193206241106 0.1950754401802559 0.1962043082639662 0.3219418221521795 -0.0008849876398556594 -0.1268663819719236
9.32 0.1939796347172838 0.1979771187126581 0.1948642425933434 0.3248162787876613 -0.0008846078760595723 -0.1268391600750033
9.322 0.1924248711105391 0.2007320653358683 0.1933090994671912 0.3275440151929583 -0.0008842283566520967 -0.1268119498570899
9.324 0.1906727693711749 0.2033234082058542 0.1915566184525985 0.3301081595165236 -0.000883849081423586 -0.1267847513106695
9.326 0.1887424260548437 0.2057368100141498 0.1896258961050084 0.3324943744423842 -0.0008834700501646188 -0.1267575644282344
9.328 0.186653881603333 0.207960545005595 0.187536972865999 0.3346909342078786 -0.0008830912626659986 -0.1267303892022836
9.33 0.1844277180803713 0.2099855033766515 0.1853104307990901 0.3366887290019738 -0.0008827127187187518 -0.1267032256253224
9.332 0.1820846807051124 0.2118051302369297 0.1829670151232266 0.3384812039267923 -0.0008823344181141303 -0.1266760736898625
9.334 0.1796453335149502 0.2134153084411751 0.1805272898755938 0.3400642418295973 -0.0008819563606436088 -0.1266489333884222
9.336 0.1771297566330084 0.2148141958970583 0.1780113351791073 0.3414360006105842 -0.0008815785460988845 -0.1266218047135259
9.338 0.1745572897677932 0.2160020284646881 0.1754384907420651 0.3425967161223929 -0.0008812009742718795 -0.1265946876577048
9.34 0.1719463239261351 0.2169808993857566 0.1728271475710898 0.3435484815992526 -0.0008808236449547366 -0.126567582213496
9.342 0.1693141410149567 0.2177545254501553 0.1701945875728965 0.3442950138235987 -0.0008804465579398225 -0.1265404883734434
9.344 0.1666767991279906 0.2183280089773028 0.1675568688410103 0.3448414151074 -0.000880069713019726 -0.1265134061300972
9.346 0.1640490598948841 0.2187076033098469 0.1649287530048713 0.3451939387858607 -0.0008796931099872566 -0.1264863354760138
9.348 0.1614443533023626 0.21890048802564 0.1623236700509981 0.3453597644293963 -0.0008793167486354466 -0.1264592764037562
9.35 0.1588747748424533 0.2189145585829282 0.1597537154712108 0.3453467874888219 -0.0008789406287575492 -0.1264322289058936
9.352 0.1563511096419169 0.2187582337102409 0.157229674392064 0.3451634266852425 -0.0008785647501470385 -0.1264051929750016
9.354 0.1538828783092696 0.2184402825960638 0.1547610674218672 0.344818451199726 -0.0008781891125976097 -0.1263781686036622
9.356 0.151478399531632 0.2179696728583442 0.1523562132475351 0.3443208286428078 -0.0008778137159031777 -0.1263511557844635
9.358 0.1491448648964093 0.2173554393944649 0.1500223034562672 0.3436795939044653 -0.0008774385598578783 -0.1263241545100004
9.36 0.1468884219425263 0.2166065735263338 0.1477654855867824 0.3429037382992075 -0.0008770636442560675 -0.1262971647728737
9.362 0.144714262015868 0.2157319313493405 0.1455909509847604 0.3420021179150313 -0.0008766889688923198 -0.1262701865656907
9.364 0.1426267100756268 0.2147401598478899 0.1435030246091882 0.3409833797289549 -0.0008763145335614295 -0.126243219881065
9.366 0.1406293141439868 0.2136396391295974 0.1415052544820452 0.339855903841214 -0.000875940338058411 -0.1262162647116166
9.368 0.1387249325935679 0.2124384390302265 0.1396004989757464 0.338627760080198 -0.0008755663821784955 -0.1261893210499715
9.37 0.1369158179143447 0.2111442883282893 0.1377910105800618 0.3373066772170516 -0.0008751926657171347 -0.1261623888887623
9.372 0.135203695988176 0.2097645548593971 0.136078515176646 0.335900023080025 -0.0008748191884699969 -0.1261354682206278
9.374 0.1335898402253664 0.2083062349175719 0.1344642861755994 0.3344147939557849 -0.0008744459502329689 -0.1261085590382131
9.376 0.1320751401861067 0.2067759504579326 0.1329492131369089 0.332857611792102 -0.0008740729508021559 -0.1260816613341694
9.378 0.1306601645241016 0.2051799527591586 0.1315338647140754 0.331234727860313 -0.0008737001899738791 -0.1260547751011544
9.38 0.1293452182568181 0.2035241313554603 0.1302185459243628 0.3295520316872922 -0.0008733276675446779 -0.126027900331832
9.382 0.1281303944927412 0.201814027199256 0.1290033498760526 0.3278150642181282 -0.0008729553833113083 -0.1260010370188722
9.384 0.1270156208362485 0.2000548491612059 0.1278882041733193 0.3260290343161574 -0.0008725833370707423 -0.1259741851549515
9.386 0.1260007007520517 0.1982514931109488 0.1268729122806719 0.3241988378437012 -0.0008722115286201694 -0.1259473447327524
9.388 0.1250853502087374 0.1964085629477122 0.1259571901664944 0.322329078692676 -0.0008718399577569928 -0.1259205157449638
9.39 0.1242692299390616 0.1945303930629237 0.1251406985633404 0.3204240912472045 -0.0008714686242788337 -0.1258936981842808
9.392 0.1235519736580614 0.1926210718175675 0.1244230711860449 0.3184879638609721 -0.0008710975279835286 -0.1258668920434046
9.394 0.1229332125720418 0.190684465705616 0.1238039392407109 0.3165245630206587 -0.0008707266686691265 -0.1258400973150427
9.396 0.1224125964945335 0.1887242439509835 0.1232829525406674 0.3145375579428924 -0.0008703560461338949 -0.1258133139919089
9.398 0.1219898118622273 0.186743903350902 0.1228597975224036 0.312530445417625 -0.0008699856601763138 -0.125786542066723
9.4 0.12166459691628 0.1847467932343702 0.1225342124268751 0.3105065747665814 -0.0008696155105950777 -0.1257597815322113
9.402 0.1214367542834641 0.1827361404502708 0.1223059998806532 0.3084691728313766 -0.0008692455971890962 -0.1257330323811059
9.404 0.1213061611587593 0.1807150743377999 0.1221750370785168 0.3064213689439452 -0.0008688759197574911 -0.1257062946061453
9.406 0.1212727772567505 0.1786866516630145 0.1221412837348501 0.3043662198630887 -0.0008685064780995984 -0.1256795682000742
9.408 0.1213366506640435 0.1766538815290044 0.1222047879360584 0.3023067346846478 -0.0008681372720149688 -0.1256528531556435
9.41 0.1214979216893819 0.1746197502854332 0.1223656899906852 0.3002458997510432 -0.0008677683013033633 -0.12562614946561
9.412 0.1217568247722065 0.1725872464761468 0.1226242243379712 0.2981867035988837 -0.0008673995657647576 -0.1255994571227369
9.414 0.1221136884742917 0.1705593858707199 0.122980719539491 0.2961321619905135 -0.0008670310651993395 -0.1255727761197936
9.416 0.1225689335427642 0.1685392366283454 0.1234355963421717 0.2940853430779007 -0.000866662799407508 -0.1255461064495553
9.418 0.1231230689962231 0.1665299446405002 0.123989363764413 0.2920493927453041 -0.0008662947681898756 -0.1255194481048038
9.42 0.1237766861489029 0.1645347590909827 0.1246426131202501 0.2900275601693093 -0.0008659269713472646 -0.1254928010783266
9.422 0.1245304504508009 0.1625570582594105 0.1253960098594817 0.2880232236223281 -0.0008655594086807098 -0.1254661653629177
9.424 0.1253850909844835 0.1606003755760312 0.126250283064475 0.286039916527408 -0.0008651920799914573 -0.1254395409513768
9.426 0.1263413874221421 0.1586684259109429 0.1272062124072231 0.284081353747453 -0.0008648249850809631 -0.1254129278365101
9.428 0.1274001542097681 0.1567651320490958 0.1282646123335189 0.2821514580602255 -0.0008644581237508942 -0.1253863260111297
9.43 0.1285622217092733 0.15489465126336 0.1294263132050765 0.2802543867314138 -0.000864091495803128 -0.1253597354680538
9.432 0.1298284139951837 0.1530614018494847 0.1306921390962234 0.2783945580495915 -0.0008637251010397517 -0.1253331562001068
9.434 0.1311995229710012 0.1512700894286892 0.1320628819102643 0.2765766776288082 -0.000863358939263063 -0.125306588200119
9.436 0.1326762784426949 0.1495257327548837 0.1335392714529705 0.2748057642158106 -0.0008629930102755672 -0.1252800314609269
9.438 0.1342593137654303 0.1478336886822037 0.1351219410793103 0.2730871746575769 -0.0008626273138799807 -0.1252534859753732
9.44 0.1359491266665742 0.1461996758543356 0.1368113885164534 0.271426627590642 -0.0008622618498792285 -0.1252269517363064
9.442 0.1377460348461193 0.144629796569243 0.1386079314641958 0.2698302253058242 -0.0008618966180764433 -0.1252004287365812
9.444 0.1396501259690537 0.1431305561501101 0.1405116575873287 0.2683044731191684 -0.000861531618274967 -0.1251739169690583
9.446 0.1416612016969909 0.1417088790164098 0.1425223685472693 0.2668562954430143 -0.0008611668502783503 -0.1251474164266045
9.448 0.1437787154633296 0.1403721204986019 0.14463951777722 0.2654930476006946 -0.0008608023138903497 -0.1251209271020927
9.45 0.1460017037840299 0.1391280732775255 0.1468621417929449 0.2642225222659271 -0.0008604380089149319 -0.1250944489884016
9.452 0.1483287110207701 0.1379849671586909 0.1491887849559264 0.263052949237107 -0.0008600739351562685 -0.1250679820784162
9.454 0.150757707681557 0.1369514607176268 0.1516174177739757 0.2619929870826541 -0.0008597100924187401 -0.1250415263650272
9.456 0.153286002563947 0.1360366231817638 0.1541453490444539 0.2610517050228956 -0.0008593464805069336 -0.1250150818411317
9.458 0.1559101493241339 0.1352499047577183 0.1567691324233595 0.2602385532573508 -0.0008589830992256416 -0.1249886484996326
9.46 0.1586258483972715 0.1346010934829984 0.1594844683456514 0.259563319816437 -0.0008586199483798639 -0.1249622263334387
9.462 0.1614278456054587 0.134100256594502 0.1622861026332335 0.259036071929967 -0.0008582570277748068 -0.124935815335465
9.464 0.1643098292707301 0.1337576643828862 0.165167723607946 0.2586670798815184 -0.0008578943372158808 -0.1249094154986322
9.466 0.1672643281974968 0.1335836945656957 0.1681218600740055 0.2584667213815632 -0.0008575318765087036 -0.1248830268158675
9.468 0.1702826134945734 0.1335887153891701 0.1711397831400325 0.2584453646692735 -0.0008571696454590966 -0.1248566492801035
9.47 0.1733546078527844 0.1337829459877503 0.1742114154966575 0.2586132288720294 -0.0008568076438730876 -0.1248302828842791
9.472 0.1764688065551928 0.1341762930197068 0.1773252524267497 0.2589802206410458 -0.0008564458715569084 -0.124803927621339
9.474 0.1796122151340729 0.1347781632831353 0.1804682994623899 0.2595557467673694 -0.0008560843283169958 -0.1247775834842341
9.476 0.182770309154205 0.1355972529185088 0.183626032168165 0.2603485033844298 -0.0008557230139599895 -0.1247512504659209
9.478 0.1859270220327254 0.1366413149315724 0.1867823839610182 0.2613662434909347 -0.0008553619282927357 -0.1247249285593623
9.48 0.1890647670289691 0.1379169081167166 0.1899197681000913 0.2626155258742431 -0.000855001071122281 -0.1246986177575265
9.482 0.1921644994752119 0.139429131998928 0.1930191399174678 0.2641014500523163 -0.0008546404422558787 -0.1246723180533883
9.484 0.1952058248879836 0.1411813540877409 0.1960601049294846 0.2658273835276688 -0.0008542800415009826 -0.124646029439928
9.486 0.1981671577244476 0.1431749374648691 0.1990210775931129 0.2677946893750009 -0.0008539198686652511 -0.1246197519101319
9.488 0.2010259341731868 0.145408978393505 0.2018794940967434 0.2700024638504974 -0.0008535599235565456 -0.1245934854569924
9.49 0.2037588804634338 0.1478800650961275 0.2046120806694167 0.272447295169635 -0.0008532002059829279 -0.1245672300735075
9.492 0.206342335755817 0.1505820699316202 0.2071951764715697 0.2751230556843015 -0.0008528407157526634 -0.1245409857526812
9.494 0.2087526258104901 0.15350598773594 0.2096051072631644 0.2780207402234638 -0.0008524814526742204 -0.1245147524875238
9.496 0.2109664804435955 0.1566398329044192 0.2118186028601518 0.28112836317547 -0.0008521224165562659 -0.1244885302710508
9.498 0.2129614844738494 0.1599686067505106 0.2138132480810571 0.2844309258467947 -0.0008517636072076718 -0.1244623190962841
9.5 0.2147165486781473 0.1634743446952807 0.2155679537025848 0.2879104636515318 -0.000851405024437508 -0.1244361189562512
9.502 0.2162123845054263 0.1671362499203466 0.2170634311734814 0.2915461797643322 -0.0008510466680550475 -0.1244099298439856
9.504 0.2174319642418968 0.1709309163474627 0.2182826527797666 0.2953146680999893 -0.0008506885378697635 -0.1243837517525266
9.506 0.2183609472557465 0.1748326393892904 0.2192112778894378 0.2991902240642099 -0.0008503306336913281 -0.1243575846749195
9.508 0.2189880530895754 0.178813808140374 0.219838026044905 0.3031452367445892 -0.000849972955329616 -0.1243314286042152
9.51 0.2193053636315687 0.1828453679131929 0.2201549791341634 0.3071506514466635 -0.0008496155025946995 -0.1243052835334706
9.512 0.2193085393742345 0.1868973376804169 0.2201577976495313 0.3111764871361654 -0.0008492582752968519 -0.1242791494557486
9.514 0.2189969387161671 0.1909393634576021 0.2198458399894136 0.3151923898217195 -0.0008489012732465457 -0.1242530263641175
9.516 0.2183736341022525 0.1949412862904036 0.219222178598507 0.3191682005420553 -0.0008485444962544518 -0.1242269142516517
9.518 0.2174453241506028 0.1988737025346033 0.2182935120947342 0.3230745156460349 -0.0008481879441314407 -0.1242008131114316
9.52 0.2162221463380562 0.2027084946325501 0.2170699779547448 0.3268832175690932 -0.0008478316166885819 -0.1241747229365431
9.522 0.2147173998605732 0.2064193125439177 0.2155648753743104 0.3305679562639956 -0.0008474755137371417 -0.1241486437200779
9.524 0.2129471925448828 0.2099819891879512 0.2137943121799713 0.334104564643085 -0.0008471196350885862 -0.1241225754551337
9.526 0.210930028851338 0.2133748773850718 0.2117767928318925 0.3374713955198859 -0.0008467639805545783 -0.124096518134814
9.528 0.2086863578878254 0.2165791004620872 0.2095327664377724 0.3406495722143151 -0.000846408549946979 -0.1240704717522279
9.53 0.2062381008993725 0.2195787134997526 0.2070841542424504 0.3436231498002431 -0.0008460533430778471 -0.1240444363004905
9.532 0.2036081769890071 0.2223607767670076 0.2044538753487666 0.34637918853973 -0.0008456983597594374 -0.1240184117727224
9.534 0.2008200440509444 0.2249153468828393 0.2016653876507486 0.3489077450448895 -0.0008453435998042024 -0.1239923981620503
9.536 0.1978972693176642 0.2272353944476229 0.198742258380689 0.3512017899092292 -0.0008449890630247914 -0.1239663954616063
9.538 0.194863140835889 0.229316659163267 0.1957077755851231 0.3532570628277956 -0.0008446347492340494 -0.1239404036645286
9.54 0.1917403278883008 0.2311574547904787 0.1925846085465459 0.3550718775544398 -0.0008442806582450179 -0.1239144227639611
9.542 0.1885505951302522 0.2327584367321782 0.1893945219201231 0.3566468894852313 -0.000843926789870934 -0.1238884527530531
9.544 0.1853145722277693 0.2341223447053419 0.1861581453716945 0.357984838330302 -0.0008435731439252311 -0.1238624936249601
9.546 0.1820515782130197 0.2352537320320032 0.1828947979332413 0.3590902774048463 -0.0008432197202215381 -0.1238365453728431
9.548 0.1787794977043546 0.2361586917187549 0.1796223642229282 0.3599692997086237 -0.0008428665185736773 -0.1238106079898688
9.55 0.1755147045983775 0.2368445878758178 0.1763572181371731 0.3606292693450275 -0.000842513538795668 -0.1237846814692097
9.552 0.1722720278161042 0.2373197993034211 0.1731141885968059 0.3610785651074652 -0.0008421607807017236 -0.1237587658040441
9.554 0.1690647531238251 0.2375934803705385 0.1699065613679314 0.3613263413580943 -0.0008418082441062512 -0.1237328609875557
9.556 0.1659046548799706 0.2376753427230099 0.1667461108087945 0.3613823097359443 -0.0008414559288238528 -0.1237069670129344
9.558 0.1628020517027173 0.2375754599474999 0.1636431555373866 0.3612565438208752 -0.0008411038346693235 -0.1236810838733753
9.56 0.1597658804280293 0.237304096120043 0.1606066323894869 0.3609593076821225 -0.0008407519614576533 -0.1236552115620795
9.562 0.1568037832579335 0.2368715581956893 0.1576441835669376 0.3605009082679429 -0.0008404003090040251 -0.1236293500722536
9.564 0.1539222036201779 0.2362880714439316 0.1547622524973017 0.3598915708410418 -0.0008400488771238145 -0.1236034993971102
9.566 0.1511264869191379 0.2355636765860898 0.1519661845847705 0.3591413361159569 -0.0008396976656325904 -0.1235776595298671
9.568 0.1484209830118123 0.2347081469212167 0.1492603296861584 0.3582599773849648 -0.000839346674346115 -0.1235518304637481
9.57 0.1458091478635963 0.2337309235082625 0.1466481437666767 0.3572569357002451 -0.0008389959030803422 -0.1235260121919827
9.572 0.1432936424061317 0.2326410663756871 0.1441322877577832 0.3561412710834929 -0.0008386453516514185 -0.1235002047078058
9.574 0.1408764271219068 0.2314472197278138 0.1417147221417825 0.3549216277322719 -0.0008382950198756822 -0.1234744080044582
9.576 0.1385588513138746 0.2301575891857731 0.1393967962214443 0.3536062112609592 -0.0008379449075696636 -0.1234486220751861
9.578 0.1363417363827366 0.228779929218637 0.1371793313972867 0.3522027761318787 -0.0008375950145500848 -0.1234228469132417
9.58 0.1342254527327823 0.2273215390693518 0.1350626980734162 0.3507186215812342 -0.0008372453406338576 -0.1233970825118824
9.582 0.1322099901656481 0.2257892656467166 0.1330468860512862 0.3491605945110882 -0.0008368958856380869 -0.1233713288643715
9.584 0.1302950218066949 0.224189512027974 0.131131568456075 0.347535097991952 -0.0008365466493800677 -0.123345585963978
9.586 0.1284799617474816 0.2225282503881013 0.1293161593791589 0.3458481041920774 -0.0008361976316772846 -0.1233198538039762
9.588 0.126764016688101 0.2208110383364853 0.1275998655204484 0.3441051707141315 -0.000835848832347414 -0.1232941323776462
9.59 0.125146231931331 0.2190430377954607 0.1259817321825394 0.3423114594737345 -0.0008355002512083211 -0.1232684216782738
9.592 0.1236255321224889 0.2172290356955683 0.124460684010567 0.3404717573947186 -0.0008351518880780618 -0.1232427216991503
9.594 0.1222007571502714 0.2153734658886178 0.1230355608930463 0.3385904983221903 -0.0008348037427748813 -0.1232170324335725
9.596 0.1208706936297683 0.2134804317919129 0.1217051494448855 0.3366717856667557 -0.0008344558151172139 -0.1231913538748428
9.598 0.1196341023820893 0.2115537293745591 0.120468210487013 0.3347194153908286 -0.0008341081049236835 -0.1231656860162695
9.6 0.1184897423099091 0.2095968701814905 0.1193235029219222 0.3327368990326565 -0.0008337606120131032 -0.123140028851166
9.602 0.1174363910471051 0.2076131041636439 0.1182698043833096 0.3307274865364955 -0.0008334133362044735 -0.1231143823728516
9.604 0.1164728627350614 0.20560544214394 0.1173059290123784 0.3286941887185911 -0.0008330662773169848 -0.1230887465746511
9.606 0.1155980232503759 0.2035766778003758 0.1164307426855459 0.3266397992502705 -0.0008327194351700142 -0.1230631214498947
9.608 0.1148108031798887 0.201529409091037 0.1156431759894718 0.3245669160829553 -0.0008323728095831278 -0.1230375069919184
9.61 0.1141102088093716 0.1994660590811121 0.1149422352097476 0.3224779622751756 -0.00083202640037608 -0.1230119031940635
9.612 0.1134953313632558 0.1973888961612321 0.1143270115706246 0.3203752062109091 -0.0008316802073688106 -0.122986310049677
9.614 0.1129653547046552 0.1953000536705748 0.1137966889350367 0.3182607812226863 -0.0008313342303814485 -0.1229607275521115
9.616 0.1125195616775633 0.1932015489569489 0.1133505501467976 0.3161367046516738 -0.0008309884692343091 -0.1229351556947249
9.618 0.1121573392470661 0.1910953019213615 0.1129879821708139 0.3140048963922422 -0.0008306429237478943 -0.1229095944708807
9.62 0.1118781825686011 0.1889831531068857 0.112708480162344 0.3118671969808339 -0.0008302975937428932 -0.1228840438739482
9.622 0.1116816980934063 0.1868668814005955 0.1125116505724465 0.3097253852978972 -0.0008299524790401799 -0.1228585038973017
9.624 0.1115676057945848 0.1847482214242892 0.1123972133740457 0.3075811959586106 -0.0008296075794608159 -0.1228329745343214
9.626 0.1115357405763329 0.182628880695142 0.112365003471159 0.305436336473535 -0.0008292628948260488 -0.122807455778393
9.628 0.1115860529075871 0.1805105566403994 0.1124149713325445 0.3032925042633068 -0.0008289184249573099 -0.1227819476229074
9.63 0.1117186087006135 0.1783949535520882 0.1125471828702897 0.3011514036133495 -0.000828574169676218 -0.1227564500612612
9.632 0.1119335884345074 0.1762837995685482 0.1127618185633119 0.2990147626554048 -0.0008282301288045761 -0.1227309630868565
9.634 0.1122312855030731 0.1741788637683112 0.1130591718052375 0.2968843504614121 -0.0008278863021643718 -0.1227054866931009
9.636 0.1126121037458486 0.1720819734595818 0.1134396464354264 0.294761994332989 -0.0008275426895777784 -0.1226800208734072
9.638 0.1130765540998793 0.169995031745109 0.1139037533907465 0.2926495973663031 -0.0008271992908671521 -0.122654565621194
9.64 0.1136252502880915 0.1679200354363731 0.1144521063939465 0.2905491563662584 -0.0008268561058550355 -0.1226291209298853
9.642 0.1142589034376278 0.1658590933835333 0.1150854165719919 0.2884627801764436 -0.0008265131343641537 -0.1226036867929103
9.644 0.114978315497875 0.1638144452781516 0.1158044858740924 0.2863927084818556 -0.0008261703762174154 -0.1225782632037039
9.646 0.1157843713034776 0.1617884809727794 0.1166101991347155 0.2843413311284858 -0.0008258278312379138 -0.1225528501557064
9.648 0.1166780291020202 0.1597837603456432 0.1175035146012691 0.2823112079880067 -0.0008254854992489252 -0.1225274476423635
9.65 0.1176603093392793 0.1578030337192667 0.1184854527193532 0.2803050893763931 -0.0008251433800739084 -0.1225020556571264
9.652 0.1187322814675121 0.1558492628170431 0.1195570829410486 0.2783259370104947 -0.0008248014735365058 -0.1224766741934516
9.654 0.1198950485141652 0.153925642211889 0.1207195082936258 0.2763769454566901 -0.0008244597794605416 -0.1224513032448011
9.656 0.121149729119949 0.1520356211850646 0.121973847417619 0.2744615639897069 -0.0008241182976700237 -0.1224259428046423
9.658 0.1224974367276597 0.1501829258690957 0.1233212137556488 0.2725835187355438 -0.0008237770279891411 -0.1224005928664481
9.66 0.1239392555770177 0.1483715814963292 0.1247626915472599 0.2707468349200258 -0.0008234359702422648 -0.1223752534236966
9.662 0.1254762131370885 0.1466059345128849 0.1262993082613424 0.2689558589827564 -0.0008230951242539479 -0.1223499244698715
9.664 0.127109248589184 0.144890674244423 0.1279320030790329 0.2672152802428848 -0.0008227544898489253 -0.1223246059984617
9.666 0.1288391769607916 0.1432308537151904 0.1296615910276437 0.2655301517181523 -0.0008224140668521125 -0.1222992980029618
9.668 0.13066664850776 0.1416319091242444 0.1314887223628486 0.263905909601116 -0.0008220738550886068 -0.1222740004768715
9.67 0.1325921029517605 0.1400996773709654 0.1334138368061442 0.2623483907846613 -0.0008217338543836854 -0.1222487134136959
9.672 0.1346157182060947 0.1386404108967992 0.1354371122706575 0.2608638477037448 -0.0008213940645628065 -0.1222234368069456
9.674 0.1367373532699879 0.1372607889717118 0.1375584077554395 0.2594589596218483 -0.0008210544854516097 -0.1221981706501365
9.676 0.1389564850455815 0.1359679244030271 0.1397772001624575 0.2581408393398168 -0.0008207151168759128 -0.1221729149367897
9.678 0.1412721389385306 0.1347693644841238 0.1420925148971923 0.2569170341445559 -0.0008203759586617156 -0.1221476696604321
9.68 0.1436828132486982 0.1336730848350912 0.1445028502593334 0.2557955196496866 -0.0008200370106351962 -0.1221224348145954
9.682 0.1461863975498055 0.132687474622455 0.1470060958224282 0.254784685015272 -0.0008196982726227127 -0.122097210392817
9.684 0.1487800855021474 0.1318213114893999 0.1495994452465982 0.2538933078780394 -0.0008193597444508024 -0.1220719963886395
9.686 0.1514602828467928 0.1310837243928627 0.1522793042727389 0.2531305171884737 -0.0008190214259461814 -0.122046792795611
9.688 0.1542225116986092 0.1304841424436088 0.1550411950155449 0.2525057420508935 -0.0008186833169357455 -0.1220215996072846
9.69 0.1570613126910595 0.1300322277980402 0.157879658108306 0.2520286446152594 -0.0008183454172465682 -0.1219964168172192
9.692 0.1599701470263629 0.1297377906774898 0.1607881547530688 0.2517090350964681 -0.0008180077267059014 -0.1219712444189784
9.694 0.1629413010451273 0.1296106847161838 0.1637589712902685 0.2515567671223155 -0.0008176702451411755 -0.1219460824061317
9.696 0.1659657965362231 0.129660681089819 0.1667831295086031 0.2515816118620725 -0.0008173329723799997 -0.1219209307722535
9.698 0.1690333106384262 0.1298973202803512 0.1698503065466763 0.2517931097912749 -0.0008169959082501592 -0.1218957895109237
9.7 0.1721321098097265 0.1303297409150639 0.1729487688623061 0.2522003995307915 -0.0008166590525796176 -0.1218706586157275
9.702 0.1752490029144116 0.1309664859012077 0.1760653253196081 0.252812023981463 -0.0008163224051965154 -0.1218455380802553
9.704 0.1783693189468277 0.1318152870745518 0.1791853049127569 0.2536357149726545 -0.0008159859659291713 -0.1218204278981027
9.706 0.1814769152097414 0.132882830791457 0.1822925649443475 0.2546781588543279 -0.0008156497346060798 -0.1217953280628709
9.708 0.1845542218192468 0.1341745083013099 0.1853695355303027 0.255944746869476 -0.0008153137110559119 -0.121770238568166
9.71 0.1875823281385576 0.1356941562977678 0.1883973060336651 0.2574393157053674 -0.0008149778951075156 -0.1217451594075996
9.712 0.1905411160759265 0.1374437946942434 0.1913557583625164 0.2591638852690319 -0.0008146422865899151 -0.1217200905747885
9.714 0.193409444053229 0.1394233703021291 0.1942237509385614 0.2611184023654838 -0.0008143068853323098 -0.1216950320633547
9.716 0.1961653838219103 0.1416305165804458 0.1969793555130744 0.2633005004473714 -0.0008139716911640762 -0.1216699838669256
9.718 0.1987865101699157 0.1440603408207007 0.1996001468738305 0.2657052867998343 -0.0008136367039147645 -0.1216449459791336
9.72 0.2012502409697969 0.1467052508623871 0.202063542893211 0.2683251692560036 -0.0008133019234141023 -0.1216199183936165
9.722 0.2035342220669794 0.1495548335372904 0.2043471894164714 0.2711497346413079 -0.0008129673494919907 -0.1215949011040174
9.724 0.2056167483589648 0.1525957963677662 0.2064293813409434 0.2741656904717507 -0.0008126329819785064 -0.1215698941039846
9.726 0.2074772092924664 0.1558119824960409 0.2082895081131703 0.2773568798832123 -0.0008122988207039007 -0.1215448973871714
9.728 0.2090965441689068 0.1591844663633291 0.2099085090344054 0.2807043773105657 -0.0008119648654985995 -0.1215199109472365
9.73 0.2104576903863086 0.1626917343418882 0.2112693215025018 0.2841866691197322 -0.0008116311161932022 -0.121494934777844
9.732 0.2115460063357761 0.1663099505024243 0.2123573039083946 0.2877799193750871 -0.0008112975726184838 -0.1214699688726628
9.734 0.2123496503454583 0.1700133032195133 0.2131606145800637 0.2914583164448806 -0.0008109642346053908 -0.1214450132253673
9.736 0.2128598979756864 0.1737744237078897 0.2136705290776714 0.2951944915375267 -0.0008106311019850454 -0.121420067829637
9.738 0.2130713821571454 0.1775648632244693 0.2138816803317341 0.2989599959036259 -0.0008102981745887426 -0.1213951326791565
9.74 0.2129822440395276 0.1813556119536007 0.2137922094917756 0.3027258197212166 -0.0008099654522479498 -0.1213702077676159
9.742 0.212594186763351 0.1851176398683245 0.2134038196981453 0.3064629329570345 -0.0008096329347943082 -0.12134529308871
9.744 0.2119124293523506 0.1888224383985028 0.2127217299744102 0.3101428270346421 -0.0008093006220596317 -0.1213203886361392
9.746 0.2109455631415758 0.1924425416829809 0.2117545316554517 0.3137380360865898 -0.000808968513875906 -0.1212954944036089
9.748 0.2097053181732478 0.1959520075427826 0.2105139547833231 0.3172226179276123 -0.0008086366100752904 -0.1212706103848297
9.75 0.208206251398125 0.199326840950703 0.2090145563086151 0.3205725775242202 -0.0008083049104901148 -0.1212457365735172
9.752 0.2064653719775373 0.202545346427093 0.2072733453924902 0.3237662193904853 -0.0008079734149528819 -0.1212208729633924
9.754 0.2045017212629376 0.2055884001150235 0.2053093633862339 0.3267844196632048 -0.0008076421232962667 -0.1211960195481813
9.756 0.2023359260365078 0.2084396368927442 0.2031432370718609 0.3296108132143593 -0.0008073110353531139 -0.1211711763216151
9.758 0.1999897433595241 0.2110855523830193 0.2007967235104806 0.3322318956604494 -0.0008069801509564413 -0.1211463432774301
9.76 0.197485614039362 0.2135155237838982 0.1982922635093014 0.3346370441932659 -0.0008066494699394364 -0.1211215204093677
9.762 0.1948462395181097 0.2157217568204564 0.1956525585102451 0.3368184645316309 -0.0008063189921354583 -0.1210967077111745
9.764 0.1920941941822084 0.2176991686426421 0.1929001828995864 0.3387710738192444 -0.0008059887173780369 -0.1210719051766023
9.766 0.1892515819806988 0.219445218110436 0.1900572406261996 0.3404923309098438 -0.0008056586455008713 -0.1210471127994078
9.768 0.1863397430849766 0.2209596956434766 0.1871450718613144 0.3419820262168297 -0.0008053287763378325 -0.121022330573353
9.77 0.1833790133504261 0.2222444847632112 0.184184012460149 0.3432420432554161 -0.0008049991097229605 -0.120997558492205
9.772 0.1803885367164056 0.2233033067651916 0.1811932063618961 0.3442761033149274 -0.0008046696454904647 -0.1209727965497357
9.774 0.1773861285105337 0.2241414587934919 0.1781904688940084 0.3450895035332145 -0.0008043403834747258 -0.1209480447397226
9.776 0.1743881859556234 0.2247655541154006 0.1751921972791337 0.3456888571713485 -0.0008040113235102917 -0.1209233030559479
9.778 0.1714096410127277 0.2251832717674831 0.1722133234781596 0.3460818432596821 -0.000803682465431881 -0.120898571492199
9.78 0.1684639499933116 0.2254031210947811 0.1692673038023859 0.3462769711370495 -0.0008033538090743809 -0.1208738500422684
9.782 0.1655631140769452 0.2254342251341074 0.166366139431218 0.3462833638340611 -0.0008030253542728471 -0.1208491386999537
9.784 0.1627177249038905 0.225286125372099 0.163520422004753 0.3461105628311565 -0.0008026971008625038 -0.1208244374590575
9.786 0.1599370296943596 0.2249686091821172 0.1607393987430384 0.3457683554955048 -0.0008023690486787441 -0.1207997463133876
9.788 0.1572290108050518 0.2244915602309525 0.1580310520026089 0.3452666254877091 -0.0008020411975571289 -0.1207750652567566
9.79 0.154600475202224 0.2238648313477138 0.1554021887495574 0.3446152256306962 -0.000801713547333387 -0.1207503942829824
9.792 0.1520571499518504 0.2230981387506283 0.1528585360496938 0.3438238721365163 -0.0008013860978434148 -0.1207257333858879
9.794 0.1496037804595609 0.2222009761116808 0.1504048393084842 0.3429020586709818 -0.0008010588489232764 -0.1207010825593011
9.796 0.1472442288018059 0.2211825466780152 0.1480449606022151 0.3418589884750699 -0.0008007318004092035 -0.1206764417970547
9.798 0.1449815700542167 0.2200517115355242 0.1457819750063543 0.3407035226285111 -0.0008004049521375942 -0.1206518110929869
9.8 0.1428181850282402 0.2188169520669209 0.1436182633321852 0.3394441425078615 -0.0008000783039450143 -0.1206271904409406
9.802 0.1407558482674825 0.2174863446995278 0.1415556001231507 0.3380889245342917 -0.0007997518556681959 -0.1206025798347639
9.804 0.1387958105287837 0.2160675461354779 0.1395952361359278 0.3366455254037878 -0.0007994256071440374 -0.1205779792683099
9.806 0.1369388752816168 0.2145677873903898 0.1377379748398264 0.3351211761258264 -0.0007990995582096042 -0.1205533887354366
9.808 0.1351854690085559 0.2129938751216946 0.135984242717258 0.3335226833517016 -0.0007987737087021266 -0.120528808230007
9.81 0.1335357052850848 0.2113521988929416 0.1343341533435438 0.331856436638831 -0.000798448058459002 -0.1205042377458894
9.812 0.1319894427653424 0.2096487431865187 0.1327875653726602 0.3301284204634753 -0.0007981226073177931 -0.1204796772769567
9.814 0.1305463373091092 0.2078891031385919 0.1313441346642254 0.3283442299556789 -0.0007977973551162274 -0.120455126817087
9.816 0.1292058885608639 0.2060785031223369 0.1300033608625561 0.3265090894825004 -0.0007974723016921989 -0.1204305863601635
9.818 0.1279674813397098 0.2042218174455557 0.1287646287865936 0.3246278733456298 -0.0007971474468837661 -0.1204060559000741
9.82 0.1268304222255094 0.2023235925557813 0.1276272450160386 0.3227051279864931 -0.0007968227905291518 -0.1203815354307118
9.822 0.1257939717361006 0.2003880702593462 0.1265904700685674 0.320745095205321 -0.0007964983324667443 -0.1203570249459748
9.824 0.1248573724866881 0.1984192115602444 0.1256535465592232 0.3187517360000102 -0.0007961740725350958 -0.1203325244397658
9.826 0.1240198737092496 0.196420720811317 0.1248157237198225 0.3167287547173099 -0.0007958500105729233 -0.120308033905993
9.828 0.1232807524895178 0.1943960699450513 0.1240762786359369 0.3146796232836204 -0.0007955261464191079 -0.1202835533385691
9.83 0.1226393320537726 0.1923485226145948 0.1234345345336853 0.3126076053460068 -0.0007952024799126941 -0.120259082731412
9.832 0.1220949974092868 0.1902811581294004 0.1228898764201797 0.3105157802078449 -0.0007948790108928897 -0.1202346220784445
9.834 0.1216472086120015 0.1881968951150673 0.1224417643512006 0.3084070664886616 -0.0007945557391990679 -0.1202101713735944
9.836 0.1212955119035343 0.1860985148640134 0.122089744568205 0.3062842454748075 -0.0007942326646707622 -0.1201857306107941
9.838 0.1210395489280266 0.1839886843743625 0.1218334587151742 0.304149984158344 -0.0007939097871476722 -0.1201612997839815
9.84 0.1208790642077173 0.1818699790994336 0.121672651314187 0.3020068579865326 -0.000793587106469658 -0.120136878887099
9.842 0.1208139110248776 0.1797449054499659 0.1216071756473544 0.2998573733640599 -0.0007932646224767437 -0.120112467914094
9.844 0.120844055826932 0.1776159231065704 0.1216369981619411 0.2977039899654894 -0.000792942335009116 -0.120088066858919
9.846 0.1209695812412829 0.1754854672120788 0.1217622014851901 0.29554914292761 -0.0007926202439071226 -0.1200636757155312
9.848 0.1211906877563603 0.1733559705213382 0.1219829861053715 0.293395264999231 -0.0007922983490112748 -0.1200392944778929
9.85 0.1215076940957199 0.1712298855912617 0.1222996707458821 0.2912448087312327 -0.000791976650162245 -0.120014923139971
9.852 0.1219210362823156 0.1691097070965616 0.1227126914295164 0.2891002687922992 -0.0007916551472008671 -0.1199905616957376
9.854 0.1224312653602737 0.1669979943557167 0.1232225992002418 0.2869642044948862 -0.000791333839968137 -0.1199662101391695
9.856 0.1230390437113922 0.1648973941481662 0.1238300564396974 0.2848392626124148 -0.0007910127283052113 -0.1199418684642486
9.858 0.1237451398727713 0.1628106638976031 0.1245358316848247 0.2827282005625646 -0.0007906918120534084 -0.1199175366649615
9.86 0.1245504217306926 0.160740695285871 0.1253407928217468 0.2806339100211708 -0.0007903710910542077 -0.1198932147352998
9.862 0.1254558479336435 0.1586905383482564 0.1262458984987928 0.2785594410175162 -0.0007900505651492481 -0.1198689026692598
9.864 0.1264624573341667 0.1566634260832522 0.1272521875683471 0.2765080265440949 -0.0007897302341803301 -0.1198446004608427
9.866 0.1275713562354223 0.1546627995864221 0.1283607663334118 0.274483107690477 -0.0007894100979894148 -0.1198203081040549
9.868 0.1287837031838454 0.152692333689058 0.129572793340264 0.2724883592819651 -0.000789090156418622 -0.1197960255929071
9.87 0.1301006910142219 0.1507559630470969 0.1308894614235322 0.2705277159685122 -0.0007887704093102328 -0.1197717529214153
9.872 0.1315235258191269 0.1488579085818475 0.1323119766756336 0.2686053986654477 -0.0007884508565066871 -0.1197474900836002
9.874 0.1330534024811612 0.1470027041217283 0.1338415339790118 0.2667259411952156 -0.0007881314978505853 -0.1197232370734874
9.876 0.134691476374932 0.1451952230317863 0.1354792887081167 0.2648942169168934 -0.0007878123331846863 -0.1196989938851071
9.878 0.136438830818388 0.143440704543232 0.1372263241807399 0.2631154650557266 -0.0007874933623519081 -0.1196747605124946
9.88 0.1382964398314561 0.1417447794080895 0.1390836144166515 0.2613953163577795 -0.0007871745851953286 -0.11965053694969
9.882 0.140265125746201 0.1401134944032272 0.1410519817477592 0.2597398175939652 -0.0007868560015581839 -0.119626323190738
9.884 0.1423455112111786 0.1385533350913981 0.1431320488224625 0.2581554543210866 -0.0007865376112838682 -0.1196021192296885
9.886 0.1445379651463686 0.1370712461149118 0.1453241845605846 0.2566491711755077 -0.0007862194142159348 -0.1195779250605958
9.888 0.1468425422385599 0.1356746481499137 0.147628443648758 0.2552283888274331 -0.0007859014101980947 -0.1195537406775194
9.89 0.1492589156270427 0.134371450485843 0.1500444992261169 0.2539010165603662 -0.0007855835990742173 -0.1195295660745232
9.892 0.1517863025213117 0.1331700580181179 0.152571568502 0.2526754592637942 -0.00078526598068833 -0.1195054012456763
9.894 0.1544233826230865 0.1320793712557072 0.1552083311779711 0.2515606174407595 -0.0007849485548846166 -0.1194812461850523
9.896 0.1571682094034437 0.1311087777533211 0.1579528407249511 0.2505658786400508 -0.0007846313215074198 -0.1194571008867296
9.898 0.1600181145189297 0.1302681331889608 0.160802428799331 0.2497010985337526 -0.0007843142804012389 -0.1194329653447917
9.9 0.1629696059459223 0.129567730131681 0.163753603377333 0.2489765696850076 -0.0007839974314107299 -0.1194088395533266
9.902 0.1660182607786142 0.1290182523949069 0.1668019415529949 0.2484029759013339 -0.0007836807743807064 -0.119384723506427
9.904 0.1691586140765771 0.1286307127656143 0.1699419783857332 0.2479913299638049 -0.0007833643091561376 -0.1193606171981906
9.906 0.1723840456649814 0.1284163718604718 0.1731670937005636 0.2477528924831915 -0.0007830480355821505 -0.1193365206227197
9.908 0.1756866673832792 0.1283866359115414 0.1764693993367832 0.247699069685663 -0.0007827319535040275 -0.1193124337741216
9.91 0.1790572139365465 0.1285529314557437 0.1798396299993137 0.2478412881022518 -0.000782416062767207 -0.119288356646508
9.912 0.1824849412103867 0.128926555224806 0.183267041573604 0.2481908444588017 -0.0007821003632172841 -0.1192642892339957
9.914 0.185957536640251 0.1295184980373633 0.186739321494951 0.2487587295680693 -0.0007817848547000089 -0.119240231530706
9.916 0.1894610469381507 0.1303392422120745 0.190242516475212 0.2495554257428395 -0.0007814695370612872 -0.119216183530765
9.918 0.1929798291217965 0.1313985329729913 0.1937609835319436 0.2505906782012949 -0.0007811544101471804 -0.1191921452283036
9.92 0.1964965312990609 0.1327051255191447 0.1972773707728648 0.2518732421366021 -0.0007808394738039043 -0.1191681166174574
9.922 0.1999921099543102 0.1342665108754632 0.200772634682188 0.2534106085678299 -0.0007805247278778307 -0.1191440976923667
9.924 0.2034458904760131 0.1360886253058039 0.2042261006482286 0.2552087137529805 -0.0007802101722154857 -0.1191200884471766
9.926 0.2068356772677601 0.1381755498971134 0.2076155730744236 0.2572716387731502 -0.0007798958066635495 -0.1190960888760368
9.928 0.2101379189116774 0.1405292088298212 0.2109175005427463 0.2596013078029231 -0.0007795816310688577 -0.1190720989731018
9.93 0.2133279324356392 0.1431490767114955 0.2141072000809176 0.2621971954440263 -0.0007792676452783993 -0.1190481187325308
9.932 0.2163801887370537 0.1460319070146128 0.217159142586193 0.2650560551631005 -0.0007789538491393178 -0.1190241481484878
9.934 0.2192686586415239 0.1491714949437751 0.2200472988840228 0.2681716821589162 -0.0007786402424989104 -0.1190001872151411
9.936 0.2219672159879472 0.1525584887676678 0.2227455428131518 0.2715347246943321 -0.0007783268252046275 -0.1189762359266643
9.938 0.2244500906650811 0.1561802635988515 0.2252281042621852 0.2751325578760866 -0.0007780135971040737 -0.1189522942772352
9.94 0.2266923608783542 0.1600208706297577 0.2274700614363992 0.278949232890794 -0.0007777005580450067 -0.1189283622610364
9.942 0.2286704703648446 0.1640610728327587 0.2294478580727199 0.2829655127050141 -0.0007773877078753368 -0.1189044398722554
9.944 0.230362753112742 0.1682784750872942 0.2311398281591852 0.2871590021923782 -0.0007770750464431278 -0.118880527105084
9.946 0.231749945709343 0.1726477526902635 0.2325267082829396 0.2915043766439827 -0.0007767625735965962 -0.1188566239537192
9.948 0.2328156660522064 0.1771409774340115 0.2335921163413905 0.2959737078463735 -0.0007764502891841105 -0.118832730412362
9.95 0.2335468370645117 0.1817280352074092 0.2343229752575658 0.3005368816826279 -0.0007761381930541926 -0.1188088464752187
9.952 0.2339340354083327 0.1863771237836319 0.2347098616933882 0.3051620959201317 -0.0007758262850555153 -0.1187849721364998
9.954 0.2339717480055183 0.1910553145475084 0.2347472625705552 0.309816421937929 -0.0007755145650369039 -0.1187611073904206
9.956 0.2336585233222202 0.1957291578332909 0.2344337263550675 0.3144664100644922 -0.0007752030328473364 -0.1187372522312012
9.958 0.2329970095684534 0.2003653086796384 0.2337719012567894 0.3190787153327045 -0.0007748916883359411 -0.1187134066530662
9.96 0.2319938778062707 0.204931148445311 0.2327684583376227 0.3236207190955556 -0.000774580531351998 -0.1186895706502446
9.962 0.2306596339696157 0.2093953780063675 0.2314339035313606 0.3280611222233382 -0.0007742695617449398 -0.1186657442169706
9.964 0.2290083294752932 0.2137285601436453 0.2297822882546576 0.3323704874911279 -0.0007739587793643481 -0.1186419273474825
9.966 0.22705718498865 0.2179035920381865 0.22783083317271 0.3365217120742101 -0.000773648184059957 -0.1186181200360236
9.968 0.2248261456329635 0.2218960931994419 0.2255994834086452 0.3404904154762833 -0.0007733377756816504 -0.1185943222768414
9.97 0.222337388265657 0.2256846992390055 0.2231104158197364 0.344255233303194 -0.0007730275540794635 -0.1185705340641885
9.972 0.2196148023038398 0.2292512572222341 0.2203875198229434 0.3477980126145558 -0.0007727175191035818 -0.1185467553923218
9.974 0.2166834650325596 0.2325809234453345 0.217455872703164 0.3511039097008373 -0.0007724076706043397 -0.1185229862555028
9.976 0.2135691305586054 0.2356621690307687 0.2143412285670376 0.3541613956787665 -0.0007720980084322234 -0.1184992266479978
9.978 0.2102977488597979 0.23848670243513 0.2110695373922357 0.3569621789992076 -0.0007717885324378676 -0.1184754765640776
9.98 0.206895028048203 0.2410493206624156 0.2076665072906751 0.359501056660433 -0.0007714792424720573 -0.1184517359980174
9.982 0.2033860493432431 0.243347702626356 0.2041572194816289 0.3617757075704534 -0.000771170138385727 -0.1184280049440973
9.984 0.1997949406376583 0.2453821587567171 0.2005658018576882 0.363786442153319 -0.0007708612200299598 -0.1184042833966018
9.986 0.1961446111813231 0.247155350721518 0.1969151636685791 0.365535922071338 -0.0007705524872559886 -0.11838057134982
9.988 0.1924565469811526 0.2486719942132252 0.1932267909210678 0.3670288630112709 -0.0007702439399151953 -0.1183568687980457
9.99 0.1887506641292625 0.2499385563142137 0.1895205997071216 0.3682717320497906 -0.0007699355778591093 -0.118333175735577
9.992 0.1850452154695368 0.2509629572071454 0.1858148428704762 0.3692724493638621 -0.0007696274009394102 -0.1183094921567167
9.994 0.1813567447830746 0.2517542841035532 0.1821260641920825 0.3700401021593256 -0.0007693194090079252 -0.1182858180557724
9.996 0.1777000819674916 0.2523225233717992 0.1784690935694083 0.370584676798855 -0.0007690116019166295 -0.1182621534270558
9.998 0.1740883724287478 0.2526783150640025 0.1748570764082654 0.370916813328886 -0.0007687039795176468 -0.1182384982648836
10 0.1705331340074139 0.2528327324462943 0.1713015305490772 0.371047585009871 -0.0007683965416632482 -0.1182148525635766
