# sector=6 Eg=157.3341585054609 eta=0.065 area=25.98076211353316 Kexp=9.895349435426633 source_norm2=32.750604704707406 lattice=corrected Np=13 t1=1.0 t3=0.2 V1=10.0 V2=2.0 V3=2.0 requested_mmax=600 lanczos_steps=600 lanczos_breakdown=false residual=6.863493382291074e-13 drude_weight=-4.429714738253466
# omega Re_total Im_total Re_regular Im_regular Re_drude Im_drude
0 -16.40679149845881 -0 0.07446752919879274 -0 -16.4812590276576 -0
0.002 -16.39120209142075 -0.5089140877561588 0.07446813602152288 -0.002278080757935 -16.46567022744227 -0.5066360069982238
0.004 -16.34461030562315 -1.014961136856688 0.07446995654459086 -0.00455619764636589 -16.41908026216774 -1.010404939210322
0.006 -16.26754047817159 -1.51532793779308 0.07447299093269935 -0.006834386798838223 -16.34201346910429 -1.508493550994242
0.008 -16.16085020093442 -2.007306830865123 0.07447723946040057 -0.009112684354992044 -16.23532744039482 -1.998194146510131
0.01 -16.02570675225161 -2.48834335027344 0.07448270251217046 -0.01139112646362768 -16.10018945476378 -2.476952223809813
0.012 -15.8635557995167 -2.956078090227125 0.07448938058249378 -0.01366974928573575 -15.93804518009919 -2.942408340941389
0.014 -15.67608390460961 -3.408381458296011 0.07449727427602168 -0.01594858899756814 -15.75058117888563 -3.392432869298443
0.016 -15.46517658642498 -3.843380413050993 0.07450638430774691 -0.01822768179370591 -15.53968297073273 -3.825152731257287
0.018 -15.23287379011335 -4.259476741260819 0.07451671150313691 -0.02050706389010161 -15.30739050161648 -4.238969677370718
0.02 -14.98132458468342 -4.655356876598488 0.07452825679839147 -0.02278677152716181 -15.05585284148181 -4.632570105071326
0.022 -14.71274277401378 -5.029993663982038 0.07454102124070722 -0.02506684097282806 -14.78728379525448 -5.004926823009209
0.024 -14.42936488400383 -5.382640806368976 0.07455500598853577 -0.02734730852563958 -14.50391988999237 -5.355293497843337
0.026 -14.1334117080826 -5.712820978675641 0.07457021231188546 -0.02962821051784623 -14.20798192039449 -5.683192768157794
0.028 -13.82705428311353 -6.020308750884235 0.0745866415926737 -0.03190958331848674 -13.9016409247062 -5.988399167565748
0.03 -13.51238485430478 -6.305109532396453 0.07460429532514234 -0.0341914633364881 -13.58698914962993 -6.270918069059965
0.032 -13.1913930930975 -6.56743574214438 0.07462317511613953 -0.03647388702382257 -13.26601626821364 -6.530961855120558
0.034 -12.86594757251842 -6.807681338216114 0.07464328268569941 -0.03875689087857438 -12.94059085520412 -6.76892444733754
0.036 -12.53778229044841 -7.026395723315334 0.07466461986736228 -0.0410405114481385 -12.61244691031577 -6.985355211867195
0.038 -12.20848786728347 -7.224257894930867 0.07468718860881746 -0.04332478533230016 -12.28317505589229 -7.180933109598567
0.04 -11.87950693037594 -7.402051546939218 0.07471099097227092 -0.04560974918646895 -11.95421792134822 -7.356441797752749
0.042 -11.5521331296315 -7.560641665389398 0.0747360291351348 -0.04789543972480344 -11.62686915876663 -7.512746225664594
0.044 -11.22751320051002 -7.700953005409946 0.07476230539053873 -0.05018189372341209 -11.30227550590056 -7.650771111686534
0.046 -10.90665149497129 -7.823950695523362 0.07478982214798885 -0.0524691480235625 -10.98144131711928 -7.771481547499799
0.048 -10.59041642983708 -7.930623094381241 0.07481858193399679 -0.05475723953490708 -10.66523501177108 -7.875865854846334
0.05 -10.27954834819878 -8.021966924924522 0.07484858739280167 -0.05704620523869116 -10.35439693559158 -7.96492071968583
0.052 -9.974668346309068 -8.098974632267931 0.07487984128703 -0.05933608219105206 -10.0495481875961 -8.039638550076878
0.054 -9.676287680367929 -8.162623852922994 0.07491234649852699 -0.06162690752624459 -9.751200026866456 -8.10099694539675
0.056 -9.384817430427013 -8.213868842175984 0.07494610602908852 -0.06391871845995781 -9.459763536456101 -8.149950123716026
0.058 -9.100578159098237 -8.253633680935295 0.07498112300129704 -0.06621155229263224 -9.175559282099535 -8.187422128642662
0.06 -8.823809358682894 -8.282807070421027 0.07501740065939153 -0.06850544641276642 -8.898826759342285 -8.214301624008261
0.062 -8.554678530408793 -8.302238520027897 0.07505494237016014 -0.07080043830027917 -8.629733472778954 -8.231438081727617
0.064 -8.293289783029833 -8.312735738111993 0.07509375162385867 -0.07309656552989874 -8.368383534653692 -8.239639172582095
0.066 -8.039691874974888 -8.315063045200153 0.07513383203517673 -0.07539386577454914 -8.114825707010064 -8.239669179425604
0.068 -7.793885654768238 -8.309940642403378 0.07517518734424503 -0.077692376808778 -7.869060842112483 -8.232248265594599
0.07 -7.555830879059391 -8.298044583179813 0.07521782141769016 -0.07999213651218758 -7.631048700477081 -8.218052446667626
0.072 -7.325452406914874 -8.280007312901366 0.07526173824969076 -0.08229318287292713 -7.400714145164565 -8.197714130028439
0.074 -7.102645783720175 -8.256418657076775 0.0753069419630919 -0.08459555399121037 -7.177952725683267 -8.171823103085565
0.076 -6.887282238807182 -8.227827154958955 0.07535343681059364 -0.08689928808278741 -6.962635675617776 -8.140927866876169
0.078 -6.679213128421469 -8.194741650199413 0.07540122717591059 -0.08920442348255769 -6.754614355597379 -8.105537226716855
0.08 -6.478273860481758 -8.157633063948795 0.07545031757502979 -0.09151099864813469 -6.553724178056788 -8.066122065300661
0.082 -6.284287340301998 -8.116936288204654 0.07550071265748379 -0.09381905216346131 -6.359788052959482 -8.023117236041193
0.084 -6.097066977513841 -8.073052148228715 0.07555241720766938 -0.09612862274245547 -6.172619394721511 -7.97692352548626
0.086 -5.916419294243033 -8.026349392516938 0.07560543614620735 -0.09843974923271283 -5.99202473038924 -7.927909643284226
0.088 -5.742146173488815 -7.97716667716958 0.07565977453135277 -0.1007524706192006 -5.817805948020168 -7.87641420655038
0.09 -5.574046784902301 -7.925814518668746 0.07571543756044712 -0.1030668260280186 -5.649762222462749 -7.822747692640728
0.092 -5.41191922297524 -7.872577195134662 0.07577243057140454 -0.1053828547301805 -5.487691653546645 -7.767194340404481
0.094 -5.255561890205676 -7.81771458121458 0.07583075904425854 -0.1077005961454462 -5.331392649249934 -7.710013985069134
0.096 -5.104774655234257 -7.761463905974671 0.07589042860276234 -0.1100200898461515 -5.180665083837019 -7.65144381612852
0.098 -4.959359813343496 -7.704041426626233 0.07595144501599266 -0.1123413755611573 -5.035311258359489 -7.591700051065076
0.1 -4.819122874155195 -7.645644013726298 0.07601381420005061 -0.1146644931797672 -4.895136688355246 -7.530979520546531
0.102 -4.683873198900791 -7.586450645744934 0.07607754221981747 -0.1169894827556732 -4.759950741120608 -7.469461162989261
0.104 -4.553424507309749 -7.526623812671747 0.0761426352907007 -0.1193163845110267 -4.629567142600449 -7.40730742816072
0.106 -4.427595271984176 -7.466310829718259 0.07620909978048265 -0.1216452388405092 -4.503804371764659 -7.34466559087775
0.108 -4.306209016115508 -7.405645063227491 0.07627694221121938 -0.12397608631539 -4.382485958326727 -7.2816689769121
0.11 -4.189094528555277 -7.344747071684797 0.07634616926116236 -0.1263089676877454 -4.265440697816439 -7.218438103997051
0.112 -4.076086008574887 -7.283725665283334 0.07641678776677809 -0.1286439238946187 -4.152502796341665 -7.155081741388715
0.114 -3.967023151134534 -7.222678887877095 0.07648880472478664 -0.130980996062286 -4.043511955859321 -7.091697891814809
0.116 -3.861751182119991 -7.16169492538832 0.07656222729425886 -0.1333202255105792 -3.93831340941425 -7.02837469987774
0.118 -3.760120851788959 -7.100852944855014 0.07663706279880698 -0.135661653757222 -3.836757914587766 -6.965191291097791
0.12 -3.661988393585477 -7.040223868333198 0.07671331872879765 -0.1380053225222302 -3.738701712314275 -6.902218545810968
0.122 -3.56721545452012 -6.979871085827455 0.07679100274365 -0.1403512737323803 -3.64400645726377 -6.839519812095074
0.124 -3.475669002465024 -6.91985111132974 0.07687012267417172 -0.1426995495257356 -3.552539125139195 -6.777151561804004
0.126 -3.387221214965149 -6.860214185914002 0.07695068652499405 -0.1450501922561844 -3.464171901490144 -6.715163993657817
0.128 -3.301749353510815 -6.801004831674173 0.07703270247702287 -0.1474032444981219 -3.378782055987838 -6.653601587176051
0.13 -3.219135626641501 -6.742262360114125 0.07711617889001909 -0.1497587490510854 -3.29625180553152 -6.59250361106304
0.132 -3.139267044748963 -6.684021338408347 0.07720112430518963 -0.1521167489445283 -3.216468169054153 -6.531904589463819
0.134 -3.062035269010057 -6.626312016755921 0.07728754744787394 -0.1544772874426477 -3.139322816457931 -6.471834729313273
0.136 -2.987336456499423 -6.569160719852984 0.07737545723031386 -0.1568404080492259 -3.064711913729737 -6.412320311803758
0.138 -2.915071103202526 -6.512590205313617 0.07746486275447068 -0.1592061545126082 -2.992535965956996 -6.353384050801009
0.14 -2.845143886364117 -6.456619991677863 0.07755577331493306 -0.1615745708306782 -2.92269965967905 -6.295045420847186
0.142 -2.777463507361084 -6.401266658461248 0.07764819840189797 -0.1639457012559647 -2.855111705762982 -6.237320957205283
0.144 -2.711942536076597 -6.346544120522927 0.07774214770423651 -0.1663195903007746 -2.789684683780834 -6.180224530222152
0.146 -2.648497257570408 -6.292463878861227 0.07783763111262688 -0.1686962827424121 -2.726334888683034 -6.123767596118815
0.148 -2.587047521684173 -6.239035249785855 0.07793465872278385 -0.1710758236284764 -2.664982180406957 -6.067959426157379
0.15 -2.527516596087462 -6.186265574265841 0.07803324083876267 -0.1734582582822434 -2.605549836926225 -6.012807315983597
0.152 -2.469831023156623 -6.13416040911137 0.07813338797636277 -0.1758436323080804 -2.547964411132986 -5.95831677680329
0.154 -2.41392048098242 -6.082723701516238 0.07823511086659643 -0.1782319915970296 -2.492155591849017 -5.904491709919208
0.156 -2.359717648720832 -6.031957948364635 0.0783384204592865 -0.1806233823323495 -2.438056069180119 -5.851334566032286
0.158 -2.307158076432923 -5.981864341592535 0.07844332792671138 -0.183017850995269 -2.385601404359635 -5.798846490597265
0.16 -2.256180059502038 -5.932442900787779 0.07854984466739616 -0.1854154443707106 -2.334729904169434 -5.747027456417069
0.162 -2.206724517668822 -5.883692594115701 0.07865798230995481 -0.1878162095532095 -2.285382499978777 -5.695876384562491
0.164 -2.158734878684668 -5.835611448566428 0.07876775271706671 -0.1902201939528215 -2.237502631401735 -5.645391254613606
0.166 -2.112156966551634 -5.788196650437135 0.07887916798955012 -0.1926274453011888 -2.191036134541184 -5.595569205135947
0.168 -2.066938894290278 -5.741444636885613 0.07899224047052762 -0.1950380116576857 -2.145931134760805 -5.546406625227927
0.17 -2.023030961155288 -5.69535117932105 0.07910698274971931 -0.1974519414156468 -2.102137943905007 -5.497899237905403
0.172 -1.980385554201881 -5.649911459333178 0.07922340766783997 -0.1998692833086875 -2.059608961869721 -5.450042176024491
0.174 -1.938957054092542 -5.605120137801406 0.07934152832110929 -0.2022900864171709 -2.018298582413651 -5.402830051384235
0.176 -1.898701745023613 -5.560971417770904 0.07946135806588379 -0.2047144001747284 -1.978163103089497 -5.356257017596175
0.178 -1.859577728643733 -5.517459101632624 0.0795829105234221 -0.2071422743748765 -1.939160639167155 -5.310316827257747
0.18 -1.821544841831048 -5.474576643098477 0.0797061995847442 -0.209573759177823 -1.901251041415792 -5.265002883920654
0.182 -1.78456457819267 -5.432317194420599 0.07983123941565672 -0.212008905117286 -1.864395817608326 -5.220308289303313
0.184 -1.748600013148298 -5.390673649265532 0.07995804446188497 -0.2144477631074764 -1.828558057610183 -5.176225886158056
0.186 -1.71361573245939 -5.349638681618753 0.08008662945435174 -0.2168903844501996 -1.793702361913742 -5.132748297168553
0.188 -1.679577764066001 -5.309204781062832 0.08021700941458611 -0.2193368208420559 -1.759794773480587 -5.089867960220776
0.19 -1.646453513094909 -5.269364284743127 0.08034919966028972 -0.2217871243817784 -1.726802712755198 -5.047577160361349
0.192 -1.614211699904926 -5.230109406307915 0.08048321581104123 -0.2242413475776746 -1.694694915715967 -5.005868058730241
0.194 -1.582822301038107 -5.191432262085355 0.08061907379415595 -0.2266995433552155 -1.663441374832263 -4.964732718730139
0.196 -1.552256492948803 -5.153324894737076 0.0807567898506939 -0.2291617650647466 -1.633013282799497 -4.92416312967233
0.198 -1.522486598386108 -5.115779294607721 0.08089638054164415 -0.2316280664893367 -1.603382978927753 -4.884151228118385
0.2 -1.493486035309131 -5.078787418970869 0.08103786275425759 -0.2340985018527504 -1.574523898063389 -4.844688917118119
0.202 -1.465229268218491 -5.042341209354727 0.08118125370856442 -0.2365731258275709 -1.546410521927055 -4.805768083527156
0.204 -1.437691761791635 -5.00643260711516 0.08132657096405074 -0.2390519935434713 -1.519018332755685 -4.767380613571689
0.206 -1.410849936713718 -4.971053567409328 0.0814738324265353 -0.2415351605956012 -1.492323769140254 -4.729518406813726
0.208 -1.384681127600096 -4.936196071710155 0.08162305635520664 -0.2440226830531855 -1.466304183955303 -4.692173388656969
0.21 -1.359163542910583 -4.901852138989691 0.08177426136987959 -0.2465146174681951 -1.440937804280463 -4.655337521521496
0.212 -1.334276226759933 -4.868013835688711 0.08192746645842362 -0.2490110208842263 -1.416203693218357 -4.619002814804485
0.214 -1.309999022532983 -4.834673284579723 0.0820826909844069 -0.251511950845547 -1.39208171351739 -4.583161333734176
0.216 -1.286312538217012 -4.801822672621394 0.08223995469494702 -0.2540174654062705 -1.368552492911959 -4.547805207215124
0.218 -1.263198113367744 -4.769454257894195 0.08239927772876759 -0.2565276231397412 -1.345597391096512 -4.512926634754454
0.22 -1.240637787629251 -4.737560375699161 0.08256068062449474 -0.2590424831480223 -1.323198468253746 -4.478517892551139
0.222 -1.218614270731734 -4.706133443895017 0.08272418432916025 -0.2615621050716566 -1.301338455060894 -4.44457133882336
0.224 -1.197110913894686 -4.6751659675421 0.0828898102069546 -0.2640865490995224 -1.280000724101641 -4.411079418442577
0.226 -1.176111682566447 -4.644650542916045 0.08305758004821424 -0.2666158759789165 -1.259169262614661 -4.378034666937128
0.228 -1.155601130434415 -4.614579860948611 0.08322751607865914 -0.2691501470258287 -1.238828646513074 -4.345429713922782
0.23 -1.135564374643416 -4.584946710148172 0.0833996409688965 -0.2716894241353737 -1.218964015612313 -4.313257286012798
0.232 -1.115987072162776 -4.555743979048035 0.08357397784417224 -0.274233769792464 -1.199561050006949 -4.281510209255571
0.234 -1.096855397245529 -4.526964658226461 0.08375055029441399 -0.2767832470826672 -1.180605947539943 -4.250181411143794
0.236 -1.078156019926059 -4.498601841938664 0.08392938238453994 -0.2793379197032593 -1.162085402310599 -4.219263922235404
0.238 -1.059876085505087 -4.47064872939755 0.08411049866507175 -0.2818978519745086 -1.143986584170158 -4.188750877423042
0.24 -1.0420031949735 -4.443098625736863 0.08429392418304461 -0.2844631088511601 -1.126297119156545 -4.158635516885703
0.242 -1.024525386328957 -4.415944942687485 0.08447968449321498 -0.2870337559341666 -1.109005070822172 -4.128911186753318
0.244 -1.007431116741487 -4.389181198995013 0.08466780566960033 -0.2896098594826227 -1.092098922411088 -4.099571339512391
0.246 -0.990709245526542 -4.362801020604367 0.08485831431734936 -0.2921914864259475 -1.075567559843891 -4.07060953417842
0.248 -0.9743490178860597 -4.336798140634875 0.08505123758494042 -0.2947787043762901 -1.059400255471 -4.042019436258586
0.25 -0.9583400493800697 -4.311166399167405 0.08524660317674351 -0.2973715816412005 -1.043586652556813 -4.013794817526205
0.252 -0.9426723110933017 -4.285899742863115 0.08544443936593102 -0.2999701872365513 -1.028116750459233 -3.985929555626563
0.254 -0.9273361154630205 -4.260992224431721 0.08564477500778096 -0.3025745908996652 -1.012980890470802 -3.958417633532056
0.256 -0.912322102736086 -4.236438001965798 0.08584763955335029 -0.3051848631027863 -0.9981697422894363 -3.931253138863011
0.258 -0.8976212280248033 -4.212231338155911 0.08605306306354882 -0.3078010750667601 -0.9836742910883521 -3.904430263089151
0.26 -0.88322474893269 -4.188366599400324 0.08626107622363959 -0.3104232987750065 -0.9694858251563295 -3.877943300625318
0.262 -0.8691242137227859 -4.164838254821673 0.08647171035814512 -0.3130516069877662 -0.9555959240809311 -3.851786647833907
0.264 -0.8553114500024663 -4.141640875202045 0.08668499744620689 -0.3156860732566644 -0.9419964474486732 -3.825954801945381
0.266 -0.8417785539000688 -4.118769131846698 0.08690097013739871 -0.3183267719395232 -0.9286795240374676 -3.800442359907175
0.268 -0.8285178797099084 -4.096217795385977 0.08711966176799864 -0.3209737782155284 -0.9156375414779071 -3.775244017170448
0.27 -0.8155220299833839 -4.073981734523851 0.08734110637776195 -0.32362716810063 -0.9028631363611458 -3.750354566423221
0.272 -0.8027838460450705 -4.05205591474112 0.08756533872718544 -0.3262870184633724 -0.8903491847722559 -3.725768896277748
0.274 -0.7902963989137148 -4.030435396960122 0.08779239431529065 -0.3289534070409299 -0.8780887932290055 -3.701481989919192
0.276 -0.7780529806090574 -4.009115336177612 0.08802230939794929 -0.3316264124555518 -0.8660752900070067 -3.67748892372206
0.278 -0.7660470958263892 -3.988090980071564 0.08825512100676242 -0.3343061142313142 -0.8543022168331517 -3.653784865840249
0.28 -0.754272453961639 -3.967357667587255 0.08849086696850761 -0.3369925928112384 -0.8427633209301466 -3.630365074776016
0.282 -0.7427229614706454 -3.946910827507415 0.08872958592518482 -0.3396859295747359 -0.8314525473958302 -3.607224897932678
0.284 -0.7313927145470807 -3.926745977010835 0.08897131735468042 -0.3423862068554487 -0.8203640319017611 -3.584359770155386
0.286 -0.7202759921042913 -3.906858720223375 0.08921610159205472 -0.3450935079594531 -0.809492093696346 -3.561765212263922
0.288 -0.7093672490470019 -3.887244746764877 0.08946397985149861 -0.3478079171838299 -0.7988312288985004 -3.539436829581047
0.29 -0.6986611098195674 -3.86789983029527 0.08971499424896784 -0.3505295198356522 -0.7883761040685352 -3.517370310459618
0.292 -0.6881523622180994 -3.84881982706268 0.08996918782551916 -0.3532584022513482 -0.7781215500436186 -3.495561424811332
0.294 -0.6778359514544028 -3.830000674456161 0.09022660457137879 -0.3559946518164723 -0.7680625560257816 -3.474006022639688
0.296 -0.6677069744602673 -3.811438389565418 0.09048728945076778 -0.358738356985935 -0.7581942639110351 -3.452700032579483
0.298 -0.6577606744212149 -3.793129067749507 0.09075128842750299 -0.3614896073046156 -0.7485119628487179 -3.431639460444891
0.3 -0.6479924355293092 -3.775068881216407 0.0910186484914217 -0.3642484934284174 -0.7390110840207309 -3.410820387787989
0.302 -0.6383977779451859 -3.757254077615149 0.09128941768563253 -0.367015107145808 -0.7296871956308185 -3.390238970469341
0.304 -0.6289723529598881 -3.739680978641895 0.09156364513464096 -0.3697895413997903 -0.7205359980945291 -3.369891437242105
0.306 -0.6197119383475634 -3.722345978661248 0.09184138107338435 -0.3725718903103245 -0.7115533194209478 -3.349774088350923
0.308 -0.6106124339005301 -3.705245543344025 0.09212267687718856 -0.3753622491972968 -0.7027351107777187 -3.329883294146728
0.31 -0.601669857138584 -3.688376208322325 0.09240758509269809 -0.3781607146039024 -0.6940774422312821 -3.310215493718422
0.312 -0.5928803391848241 -3.671734577862861 0.09269615946981824 -0.3809673843205774 -0.6855764986546423 -3.290767193542283
0.314 -0.5842401208006596 -3.655317323559273 0.09298845499468743 -0.3837823574094432 -0.677228575795347 -3.271534966149829
0.316 -0.5757455485729697 -3.639121183044 0.09328452792373357 -0.3866057342292579 -0.6690300764967032 -3.252515448814742
0.318 -0.567393071246743 -3.623142958720287 0.09358443581885217 -0.389437616460914 -0.6609775070655951 -3.233705342259373
0.32 -0.5591792361968252 -3.60737951651477 0.09388823758374565 -0.3922781071334976 -0.6530674737805708 -3.215101409381272
0.322 -0.5511006860327109 -3.591827784650972 0.09419599350146478 -0.3951273106509021 -0.6452966795341757 -3.19670047400007
0.324 -0.5431541553305739 -3.576484752443995 0.09450776527320598 -0.3979853328189999 -0.6376619206037799 -3.178499419624995
0.326 -0.5353364674870246 -3.561347469116651 0.09482361605840352 -0.4008522808734264 -0.6301600835454281 -3.160495188243225
0.328 -0.5276445316893137 -3.546413042637174 0.09514361051617408 -0.4037282635079441 -0.6227881422054877 -3.14268477912923
0.33 -0.5200753399969646 -3.531678638578641 0.09546781484814795 -0.4066133909034542 -0.6155431548451126 -3.125065247675187
0.332 -0.5126259645300073 -3.517141479000097 0.09579629684277326 -0.4095077747575864 -0.6084222613727805 -3.10763370424251
0.334 -0.5052935547592555 -3.50279884134944 0.09612912592110967 -0.4124115283149484 -0.6014226806803652 -3.090387313034492
0.336 -0.4980753348942276 -3.488648057388077 0.09646637318419869 -0.415324766398058 -0.5945417080784263 -3.073323290990019
0.338 -0.4909686013645264 -3.474686512137156 0.0968081114620641 -0.4182476054388843 -0.5877767128265905 -3.056438906698271
0.34 -0.483970720390691 -3.460911642845432 0.09715441536439653 -0.4211801635111277 -0.5811251357550875 -3.039731479334304
0.342 -0.477079125640682 -3.44732093797851 0.09750536133299849 -0.4241225603631451 -0.5745844869736805 -3.023198377615365
0.344 -0.4702913159683439 -3.433911936229399 0.09786102769606296 -0.4270749174516155 -0.5681523436644069 -3.006837018777784
0.346 -0.4636048532303569 -3.420682225550165 0.09822149472434238 -0.4300373579759202 -0.5618263479546993 -2.990644867574245
0.348 -0.4570173601783238 -3.407629442204486 0.09858684468929155 -0.4330100069132531 -0.5556042048676154 -2.974619435291233
0.35 -0.4505265184227745 -3.394751269840903 0.09895716192327708 -0.4359929910544718 -0.5494836803460516 -2.958758278786431
0.352 -0.4441300664660399 -3.38204543858655 0.09933253288190924 -0.4389864390407335 -0.5434625993479492 -2.943058999545817
0.354 -0.437825797801048 -3.369509724161116 0.09971304620859671 -0.441990481400898 -0.5375388440096447 -2.927519242760218
0.356 -0.4316115590732078 -3.357141947010785 0.1000987928014219 -0.4450052505897367 -0.5317103518746297 -2.912136696421049
0.358 -0.4254852483027024 -3.344939971461849 0.1004898658824139 -0.4480308810269004 -0.5259751141851163 -2.896909090434949
0.36 -0.4194448131645911 -3.332901704893821 0.1008863610693218 -0.4510675091367663 -0.5203311742339128 -2.881834195757055
0.362 -0.4134882493242167 -3.321025096931682 0.1012883764500063 -0.4541152733890869 -0.514776625774223 -2.866909823542596
0.364 -0.4076135988255596 -3.309308138656999 0.1016960126595332 -0.4571743143404791 -0.5093096114850928 -2.85213382431652
0.366 -0.4018189485302249 -3.297748861837619 0.1021093729600912 -0.4602447746767624 -0.5039283214903161 -2.837504087160857
0.368 -0.3961024286048532 -3.286345338175749 0.1025285633238635 -0.4633267992562447 -0.4986309919287167 -2.823018538919504
0.37 -0.3904622110548486 -3.275095678573867 0.1029536925189573 -0.466420535153741 -0.4934159035738059 -2.808675143420126
0.372 -0.3848965083023864 -3.263998032418513 0.1033848721985173 -0.4695261317056487 -0.4882813805009037 -2.794471900712864
0.374 -0.3794035718067056 -3.253050586881351 0.1038222169931872 -0.4726437405558131 -0.4832257887998929 -2.780406846325538
0.376 -0.37398169072483 -3.242251566237389 0.1042658446070246 -0.4757735157023526 -0.4782475353318547 -2.766478050535036
0.378 -0.3686291906108726 -3.231599231199989 0.1047158759170311 -0.4789156135454117 -0.4733450665279037 -2.752683617654578
0.38 -0.3633444321521561 -3.221091878272348 0.105172435076462 -0.4820701929358109 -0.4685168672286181 -2.739021685336537
0.382 -0.3581258099404663 -3.210727839115206 0.1056356496220575 -0.4852374152246824 -0.4637614595625237 -2.725490423890524
0.384 -0.3529717512767794 -3.20050547993043 0.1061056505853746 -0.4884174443140134 -0.459077401862154 -2.712088035616417
0.386 -0.3478807150078741 -3.190423200860183 0.1065825726084015 -0.4916104467081461 -0.4544632876162756 -2.698812754152037
0.388 -0.3428511903932926 -3.18047943540143 0.1070665540636294 -0.4948165915662652 -0.449917744456922 -2.685662843835165
0.39 -0.3378816960011575 -3.170672649835367 0.1075577371787776 -0.4980360507557565 -0.4454394331799351 -2.672636599079611
0.392 -0.3329707786313831 -3.161001342671651 0.1080562681663884 -0.5012689989066286 -0.4410270467977715 -2.659732343765023
0.394 -0.3281170122648848 -3.151464044106965 0.1085622973584924 -0.5045156134668012 -0.4366793096233772 -2.646948430640164
0.396 -0.3233189970374249 -3.142059315497725 0.1090759793465603 -0.5077760747583691 -0.4323949763839852 -2.634283240739356
0.398 -0.3185753582367316 -3.132785748846619 0.1095974731270066 -0.5110505660348064 -0.4281728313637381 -2.621735182811812
0.4 -0.3138847453216195 -3.123641966302699 0.1101269422524611 -0.5143392735391268 -0.4240116875740806 -2.609302692763572
0.402 -0.3092458309618344 -3.11462661967467 0.110664554989075 -0.5176423865628914 -0.4199103859509094 -2.596984233111778
0.404 -0.3046573100973644 -3.105738389957198 0.1112104844801486 -0.5209600975061937 -0.4158677945775131 -2.584778292451004
0.406 -0.3001178990160255 -3.096975986869861 0.1117649089163384 -0.5242926019384805 -0.4118828079323639 -2.572683384931381
0.408 -0.2956263344481089 -3.088338148408481 0.1123280117127649 -0.5276400986602277 -0.4079543461608737 -2.560698049748253
0.41 -0.2911813726769267 -3.079823640408601 0.1128999816933236 -0.5310027897654838 -0.4040813543702503 -2.548820850643117
0.412 -0.2867817886640945 -3.07143125612073 0.1134810132825361 -0.534380880705164 -0.4002628019466306 -2.537050375415566
0.414 -0.2824263751884317 -3.063159815797128 0.1140713067052677 -0.5377745803511046 -0.3964976818936994 -2.525385235446024
0.416 -0.2781139419973218 -3.05500816628985 0.1146710681947089 -0.5411841010608545 -0.3927850101920306 -2.513824065228996
0.418 -0.2738433149694494 -3.046975180659726 0.1152805102089723 -0.544609658743107 -0.3891238251784216 -2.502365521916619
0.42 -0.2696133352878069 -3.039059757795992 0.1158998516567101 -0.5480514729237289 -0.385513186944517 -2.491008284872263
0.422 -0.2654228586218497 -3.031260822046279 0.1165293181321963 -0.5515097668123181 -0.381952176754046 -2.47975105523396
0.424 -0.2612707543177359 -3.023577322856676 0.1171691421602907 -0.5549847673692402 -0.3784398964780267 -2.468592555487435
0.426 -0.2571559045955578 -3.016008234421535 0.1178195634517514 -0.5584767053730157 -0.3749754680473092 -2.457531529048519
0.428 -0.253077203752446 -3.008552555342728 0.1184808291694168 -0.5619858154880005 -0.3715580329218628 -2.446566739854727
0.43 -0.2490335573704961 -3.00120930829801 0.119153194205728 -0.5655123363322199 -0.3681867515762241 -2.43569697196579
0.432 -0.2450238815283994 -2.993977539718208 0.119836921472158 -0.5690565105452732 -0.3648608030005573 -2.424921029172935
0.434 -0.2410471020156617 -2.986856319472883 0.120532282201127 -0.5726185848561713 -0.3615793842167886 -2.414237734616712
0.436 -0.2371021535483273 -2.979844740564062 0.1212395562609747 -0.5761988101508978 -0.358341709809302 -2.403645930413164
0.438 -0.2331879789850724 -2.972941918827796 0.1219590324846314 -0.5797974415396376 -0.3551470114697038 -2.393144477288158
0.44 -0.2293035285425032 -2.966146992643086 0.1226910090126763 -0.5834147384234095 -0.3519945375551795 -2.382732254219676
0.442 -0.2254477590085461 -2.959459122647828 0.123435793651437 -0.5870509645599425 -0.3488835526599831 -2.372408158087885
0.444 -0.2216196329527245 -2.952877491461358 0.1241937042468989 -0.5907063881285459 -0.3458133371996234 -2.362171103332812
0.446 -0.2178181179321404 -2.946401303413197 0.1249650690751766 -0.5943812817937604 -0.342783187007317 -2.352020021619436
0.448 -0.214042185691908 -2.940029784277561 0.1257502272503958 -0.5980759227675286 -0.3397924129423038 -2.341953861510032
0.45 -0.2102908113588422 -2.933762181013129 0.1265495291507883 -0.6017905928695334 -0.3368403405096305 -2.331971588143596
0.452 -0.2065629726270685 -2.927597761507622 0.1273633368639537 -0.6055255785854368 -0.3339263094910222 -2.322072182922185
0.454 -0.202857648934256 -2.921535814326659 0.1281920246522219 -0.6092811711226437 -0.3310496735864779 -2.312254643204015
0.456 -0.1991738206271331 -2.91557564846636 0.1290359794391061 -0.6130576664632055 -0.3282098000662392 -2.302517982003155
0.458 -0.1955104681148795 -2.909716593109062 0.1298956013179108 -0.616855365413401 -0.3254060694327903 -2.292861227695661
0.46 -0.1918665710089447 -2.903957997381564 0.1307713040836227 -0.6206745736495485 -0.3226378750925674 -2.283283423732016
0.462 -0.1882411072478358 -2.898299230115254 0.1316635157892222 -0.6245156017595489 -0.319904623037058 -2.273783628355705
0.464 -0.1846330522053208 -2.892739679607339 0.1325726793276686 -0.6283787652795382 -0.3172057315329894 -2.264360914327801
0.466 -0.1810413777804405 -2.887278753382493 0.1334992530408737 -0.6322643847250702 -0.3145406308213142 -2.255014368657422
0.468 -0.1774650514677131 -2.881915877954046 0.1344437113569955 -0.6361727856161444 -0.3119087628247085 -2.245743092337901
0.47 -0.1739030354058023 -2.876650498583824 0.1354065454575108 -0.6401042984952526 -0.3093095808633131 -2.236546200088572
0.472 -0.1703542854028292 -2.871482079039795 0.1363882639756244 -0.6440592589377938 -0.3067425493784536 -2.227422820102002
0.474 -0.1668177499365539 -2.866410101350334 0.1373893937275339 -0.6480380075537555 -0.3042071436640879 -2.218372093796579
0.476 -0.1632923691274275 -2.861434065554123 0.138410480478308 -0.6520408899798139 -0.3017028496057356 -2.20939317557431
0.478 -0.1597770736825153 -2.856553489444502 0.1394520897441394 -0.6560682568607957 -0.2992291634266547 -2.200485232583707
0.48 -0.1562707838082352 -2.851767908306819 0.1405148076328021 -0.6601204638191586 -0.2967855914410373 -2.19164744448766
0.482 -0.1527724080896708 -2.847076874647607 0.1415992417243355 -0.6641978714114369 -0.2943716498140063 -2.18287900323617
0.484 -0.1492808423341981 -2.84247995791388 0.1427060219940015 -0.668300845070055 -0.2919868643281996 -2.174179112843825
0.486 -0.1457949683770351 -2.837976744200985 0.1438358017797041 -0.6724297550290591 -0.2896307701567392 -2.165546989171926
0.488 -0.1423136528462327 -2.833566835947229 0.144989258796153 -0.6765849762320877 -0.2873029116423857 -2.156981859715142
0.49 -0.1388357458844517 -2.829249851613313 0.1461670961982388 -0.6807668882207232 -0.2850028420826906 -2.14848296339259
0.492 -0.1353600798248646 -2.825025425344445 0.147370043696094 -0.6849758750011884 -0.2827301235209586 -2.140049550343256
0.494 -0.1318854678182864 -2.820893206612863 0.1485988587245591 -0.6892123248872369 -0.2804843265428455 -2.131680881725626
0.496 -0.1284107024085367 -2.816852859838306 0.1498543276698811 -0.6934766303168404 -0.2782650300784179 -2.123376229521465
0.498 -0.1249345540529642 -2.812904063983613 0.1511372671565454 -0.6977691876399866 -0.2760718212095095 -2.115134876343626
0.5 -0.1214557695848412 -2.809046512122552 0.1524485253973728 -0.7020903968747513 -0.2739042949822141 -2.1069561152478
0.502 -0.117973070614186 -2.80527991097668 0.1537889836101733 -0.7064406614285512 -0.2717620542243593 -2.098839249548129
0.504 -0.1144851518635129 -2.801603980417624 0.1551595575043 -0.7108203877810437 -0.2696447093678129 -2.09078359263658
0.506 -0.110990679434731 -2.798018452931035 0.1565611988407439 -0.7152299851250308 -0.2675518782754749 -2.082788467806004
0.508 -0.1074882890033086 -2.794523073037968 0.1579948970695094 -0.7196698649611748 -0.265483186072818 -2.074853208076793
0.51 -0.1039765839356581 -2.791117596669178 0.1594616810481813 -0.7241404406421302 -0.2634382649838394 -2.066977156027048
0.512 -0.100454133325505 -2.78780179048726 0.1609626208457888 -0.7286421268610691 -0.2614167541712938 -2.059159663626191
0.514 -0.09691946994478676 -2.784575431151321 0.1624988296362943 -0.7331753390793871 -0.2594182995810811 -2.051400092071934
0.516 -0.0933710881045432 -2.781438304518151 0.1640714656861237 -0.7377404928876258 -0.2574425537906669 -2.043697811630525
0.518 -0.08980744142100017 -2.7783902047734 0.165681734440417 -0.742338003293184 -0.2554891758614171 -2.036052201480216
0.52 -0.08622694048185175 -2.775430933485763 0.1673308907128805 -0.746968283927905 -0.2535578311947323 -2.028462649557858
0.522 -0.08262795040765916 -2.772560298576396 0.1690202409842123 -0.7516317461678284 -0.2516481913918714 -2.020928552408568
0.524 -0.07900878830303534 -2.769778113195029 0.1707511458143221 -0.7563287981566399 -0.2497599341173574 -2.013449315038389
0.526 -0.07536772059208272 -2.767084194493671 0.1725250223737785 -0.7610598437237798 -0.2478927429658612 -2.006024350769892
0.528 -0.0717029602325002 -2.764478362287779 0.174343347099964 -0.7658252811871471 -0.2460463073324642 -1.998653081100632
0.53 -0.0680126638025384 -2.761960437593719 0.1762076584836637 -0.7706255020293019 -0.2442203222862021 -1.991334935564417
0.532 -0.06429492845485144 -2.759530241030668 0.1781195599919434 -0.7754608894353624 -0.2424144884467948 -1.984069351595305
0.534 -0.06054778873121336 -2.757187591073641 0.1800807231332607 -0.7803318166793465 -0.240628511864474 -1.976855774394294
0.536 -0.05676921323205186 -2.754932302143183 0.182092890670766 -0.785238645344561 -0.2388621039028179 -1.969693656798621
0.538 -0.05295710113445848 -2.752764182516151 0.1841578799900503 -0.7901817233625245 -0.2371149811245088 -1.962582459153627
0.54 -0.04910927855267347 -2.750683032040142 0.1862775866272585 -0.7951613828530147 -0.2353868651799319 -1.955521649187127
0.542 -0.04522349473482201 -2.74868863963285 0.1884539879637117 -0.8001779377466146 -0.2336774826985337 -1.948510701886235
0.544 -0.04129741808983858 -2.74678078054572 0.1906891470930245 -0.8052316811691433 -0.231986565182863 -1.941549099376577
0.546 -0.03732863203881553 -2.744959213369398 0.1929852168664053 -0.8103228825655432 -0.2303138489052208 -1.934636330803855
0.548 -0.03331463068517437 -2.743223676756347 0.1953444441216695 -0.8154517845386481 -0.2286590748068439 -1.927771892217699
0.55 -0.02925281429838383 -2.741573885833723 0.1977691741011707 -0.8206185993759537 -0.2270219883995545 -1.920955286457769
0.552 -0.02514048460664192 -2.740009528277191 0.2002618550631636 -0.8258235052351498 -0.2254023396698056 -1.914186023042041
0.554 -0.02097483989447735 -2.738530260013445 0.2028250430905788 -0.8310666419561974 -0.2237998829850562 -1.907463618057248
0.556 -0.01675296990191943 -2.737135700516542 0.2054614071004942 -0.8363481064651269 -0.2222143770024137 -1.900787594051416
0.558 -0.01247185052327027 -2.735825427659592 0.2081737340562092 -0.8416679477311377 -0.2206455845794795 -1.894157479928455
0.56 -0.008128338304528915 -2.73459897208016 0.2109649343828096 -0.8470261612353978 -0.2190932726873385 -1.887572810844763
0.562 -0.003719164740021291 -2.733455811013763 0.2138380475856127 -0.8524226829059738 -0.217557212325634 -1.88103312810779
0.564 0.0007590696289428989 -2.732395361545772 0.2167962480686145 -0.8578573824692375 -0.2160371784396716 -1.874537979076535
0.566 0.005309901308703374 -2.731416973227596 0.2198428511481992 -0.863330056163679 -0.2145329498394958 -1.868086917063917
0.568 0.009937010133398344 -2.730519919998204 0.2229813192542871 -0.8688404187572073 -0.2130443091208888 -1.861679501240997
0.57 0.01464422572001628 -2.729703391346973 0.2262152683082529 -0.8743880948039748 -0.2115710425882366 -1.855315296542998
0.572 0.01943553408331727 -2.728966482647999 0.229548474262532 -0.8799726090709097 -0.2101129401792147 -1.848993873577089
0.574 0.02431508439153129 -2.728308184590389 0.2329848797827749 -0.8855933760584849 -0.2086697953912436 -1.842714808531905
0.576 0.02928719583824349 -2.727727371622453 0.2365286010479107 -0.89124968853371 -0.2072414052096672 -1.836477683088743
0.578 0.03435636459940064 -2.727222789321039 0.2401839346370094 -0.8969407049866099 -0.2058275700376088 -1.830282084334429
0.58 0.039527270837213 -2.726793040589888 0.2439553644646725 -0.9026654359140961 -0.2044280936274595 -1.824127604675792
0.582 0.04480478570430169 -2.726436570583652 0.2478475687182582 -0.9084227288279177 -0.2030427830139565 -1.818013841755734
0.584 0.05019397829106903 -2.726151650245844 0.2518654267398785 -0.9142112518750027 -0.2016714484488095 -1.811940398370842
0.586 0.05570012244801026 -2.725936358341098 0.2560140257848437 -0.9200294759505688 -0.2003139033368335 -1.805906882390529
0.588 0.06132870340148017 -2.725788561853442 0.2602986675750309 -0.9258756551757831 -0.1989699641735507 -1.799912906677659
0.59 0.06708542406544138 -2.725705894613684 0.264724874549663 -0.9317478056030574 -0.1976394504842216 -1.793958089010627
0.592 0.07297621093432707 -2.725685734010188 0.2692983956985949 -0.9376436820033187 -0.1963221847642678 -1.78804205200687
0.594 0.07900721942192412 -2.725725175629218 0.2740252118429765 -0.9435607525814471 -0.1950179924210524 -1.782164423047771
0.596 0.08518483848700173 -2.725821005662218 0.2789115402039827 -0.9494961714572839 -0.193726701716981 -1.776324834204934
0.598 0.09151569436024254 -2.725969670910328 0.2839638380741333 -0.9554467487425337 -0.1924481437138907 -1.770522922167795
0.6 0.09800665315643825 -2.726167246209765 0.289188805375131 -0.9614089180372164 -0.1911821522186928 -1.764758328172549
0.602 0.1046648221206435 -2.726409399096378 0.2945933858508813 -0.9673787011640214 -0.1899285637302378 -1.759030697932356
0.604 0.111497549217919 -2.726691351524654 0.3001847666052916 -0.973351669955838 -0.1886872173873726 -1.753339681568816
0.606 0.1185124207320472 -2.727007838455975 0.3059703756502038 -0.979322904911315 -0.1874579549181566 -1.74768493354466
0.608 0.1257172564874958 -2.727353063133422 0.3119578770777067 -0.9852869505357572 -0.1862406205902109 -1.742066112597665
0.61 0.1331201022536344 -2.727720648868187 0.3181551634158037 -0.9912377671924446 -0.1850350611621693 -1.736482881675743
0.612 0.1407292188269771 -2.728103587175325 0.3245703446631817 -0.9971686793021372 -0.1838411258362046 -1.730934907873188
0.614 0.1485530672173485 -2.728494182116317 0.3312117334289511 -1.003072319748255 -0.1826586662116026 -1.725421862368062
0.616 0.1566002892871247 -2.728883990735005 0.3380878255264834 -1.008940570374314 -0.1814875362393587 -1.719943420360691
0.618 0.164879683108634 -2.729263759512574 0.3452072752864032 -1.014764498499323 -0.1803275921777691 -1.714499261013251
0.62 0.1734001722123225 -2.729623356819453 0.3525788647613179 -1.020534289429034 -0.1791786925489955 -1.709089067390418
0.622 0.1821707678000264 -2.729951701410558 0.3602114658966015 -1.026239175009485 -0.1780406980965751 -1.703712526401072
0.624 0.1912005228928252 -2.730236687096877 0.3681139946366809 -1.031867358355861 -0.1769134717438558 -1.698369328741015
0.626 0.2004984772716964 -2.730465103835849 0.3762953558250284 -1.037405934999144 -0.175796878553332 -1.693059168836705
0.628 0.2100735919561974 -2.730622555618383 0.3847643776430569 -1.042840810828417 -0.1746907856868595 -1.687781744789965
0.63 0.2199346718523534 -2.730693375696797 0.3935297342190804 -1.048156617373135 -0.173595062366727 -1.682536758323662
0.632 0.2300902750883329 -2.730660539899111 0.4025998549258981 -1.053336625170784 -0.1725095798375652 -1.677323914728327
0.634 0.2405486074543555 -2.730505579017247 0.4119828187834265 -1.05836265620754 -0.1714342113290709 -1.672142922809707
0.636 0.251317400274093 -2.730208491543704 0.4216862322936207 -1.063214996706479 -0.1703688320195277 -1.666993494837225
0.638 0.262403769968094 -2.729747658368833 0.431717088968197 -1.067872311875514 -0.169313319000103 -1.661875346493319
0.64 0.2738140575380097 -2.729099761443327 0.4420816087779139 -1.072311564619655 -0.1682675512399042 -1.656788196823672
0.642 0.2855536462145093 -2.728239708861397 0.4527850557662827 -1.076507940673113 -0.1672314095517734 -1.651731768188285
0.644 0.2976267555868192 -2.727140569331447 0.4638315321456238 -1.080434783118059 -0.1662047765588046 -1.646705786213388
0.646 0.3100362106904544 -2.725773519572792 0.4752237473520208 -1.084063539828609 -0.1651875366615664 -1.641709979744183
0.648 0.3227831847905964 -2.724107808805274 0.4869627607966073 -1.087363728006889 -0.1641795760060108 -1.636744080798385
0.65 0.3358669149863655 -2.722110745175674 0.4990476974384209 -1.090302920655119 -0.1631807824520555 -1.631807824520555
0.652 0.3492843903079594 -2.719747709675722 0.5114754358507794 -1.092846760538512 -0.16219104554282 -1.62690094913721
0.654 0.3630300127098229 -2.716982203830386 0.5242402691843261 -1.094959007917693 -0.1612102564745031 -1.622023195912693
0.656 0.3770952323097596 -2.713775938139867 0.537333540376644 -1.09660162903408 -0.1602383080668844 -1.617174309105788
0.658 0.391468159418408 -2.710088968901681 0.550743254152844 -1.097734932974621 -0.159275094734436 -1.612354035927061
0.66 0.4061331573677236 -2.705879891564245 0.5644536698257543 -1.098317765067317 -0.1583205124580307 -1.607562126496928
0.662 0.4210704218971771 -2.701106099101484 0.5784448806544084 -1.098307765297067 -0.1573744587572313 -1.602798333804417
0.664 0.4362555549012529 -2.695724113960992 0.5926923875644015 -1.097661700294367 -0.1564368326631486 -1.598062413666625
0.666 0.4516591426623647 -2.689690001828734 0.6071666773542194 -1.096335877139885 -0.1555075346918546 -1.593354124688849
0.668 0.4672463512483175 -2.682959874658245 0.6218328180666551 -1.094286646432868 -0.1545864668183376 -1.588673228225377
0.67 0.4829765544746982 -2.675490489011385 0.6366500869256849 -1.091471000670445 -0.1536735324509867 -1.58401948834094
0.672 0.4988030125999888 -2.667239943632641 0.6515716490065832 -1.08784727185985 -0.1527686364065944 -1.579392671772791
0.674 0.5146726225740956 -2.658168477223942 0.6665443074599593 -1.083375929330525 -0.1518716848858636 -1.574792547893417
0.676 0.5305257629891954 -2.648239363519358 0.6815083484386054 -1.078020474845493 -0.15098258544941 -1.570218888673865
0.678 0.546296258622337 -2.637419895945734 0.6963975056165823 -1.071748427298067 -0.1501012469942453 -1.565671468647667
0.68 0.5619114902977889 -2.625682448434895 0.7111390700285219 -1.064532383559533 -0.1492275797307331 -1.561150064875362
0.682 0.5772926754095742 -2.613005592442438 0.7256541705695796 -1.056351135532843 -0.1483614951600054 -1.556654456909595
0.684 0.5923553424799504 -2.599375243171089 0.7398582485317791 -1.047190816410307 -0.1475029060518287 -1.552184426760782
0.686 0.6070100192811265 -2.584785800757221 0.7536617457040382 -1.037046041893875 -0.1466517264229117 -1.547739758863345
0.688 0.6211631480855814 -2.569241245248557 0.7669710196012228 -1.025921005206075 -0.1458078715156415 -1.543320240042482
0.69 0.6347182334259095 -2.552756138201381 0.7796894912031507 -1.013830478719897 -0.1449712577772412 -1.538925659481484
0.692 0.6475772174165574 -2.535356479364251 0.7917190202558962 -1.000800670674673 -0.1441418028393389 -1.534555808689577
0.694 0.6596420655297681 -2.517080364925664 0.8029614910277055 -0.9868698834553782 -0.1433194254979374 -1.530210481470286
0.696 0.6708165322895676 -2.497978394890996 0.8133205779833456 -0.9720889210006959 -0.142504045693778 -1.5258894738903
0.698 0.6810080624887819 -2.47811378186917 0.8227036469818692 -0.9565211976203255 -0.1416955844930873 -1.521592584248844
0.7 0.6901297703034325 -2.457562122215926 0.8310237343721327 -0.9402425091683847 -0.1408939640687003 -1.517319613047541
0.702 0.698102427299187 -2.436410803063455 0.8382015349807376 -0.9233404401027093 -0.1400991076815505 -1.513070362960746
0.704 0.7048563820451896 -2.414758034845774 0.8441673217077091 -0.9059133960394099 -0.1393109396625195 -1.508844638806364
0.706 0.7103333300167824 -2.392711517635827 0.848862715411419 -0.8880692701186982 -0.1385293853946365 -1.504642247517129
0.708 0.7144878535503302 -2.370386769677863 0.8522422248459536 -0.8699237715655342 -0.1377543712956234 -1.500462998112329
0.71 0.717288658254607 -2.347905166363873 0.8542744830553808 -0.8515984646938819 -0.1369858248007739 -1.496306701669991
0.712 0.7187194444010141 -2.325391755859008 0.8549431187471763 -0.8332185845595081 -0.1362236743461622 -1.492173171299499
0.714 0.7187793687470626 -2.302972931963613 0.8542472180992358 -0.8149107098489736 -0.1354678493521731 -1.48806222211464
0.716 0.7174830727902576 -2.2807740542245 0.8522013529976039 -0.7968003830174236 -0.1347182802073463 -1.483973671207076
0.718 0.7148602759804831 -2.258917108837418 0.8488351742330115 -0.7790097712171821 -0.1339748982525284 -1.479907337620236
0.72 0.7109549550715688 -2.23751850115121 0.8441925908368946 -0.7616554588276013 -0.1332376357653258 -1.475863042323608
0.722 0.7058241516889385 -2.216687061874262 0.8383305776337908 -0.7448464536868258 -0.1325064259448523 -1.471840608187436
0.724 0.6995364676654247 -2.19652233527033 0.8313176705621894 -0.7286824753125194 -0.1317812028967647 -1.46783985995781
0.726 0.6921703204814846 -2.177113200042402 0.8232322221000651 -0.7132525758102585 -0.1310619016185804 -1.463860624232144
0.728 0.6838120385086334 -2.158536853888243 0.8141604964939039 -0.6986341244532138 -0.1303484579852705 -1.45990272943503
0.73 0.6745538775369551 -2.140858172576848 0.8041946862720789 -0.6848921667823807 -0.1296408087351238 -1.455966005794467
0.732 0.6644920366491766 -2.124129435434203 0.7934309281050507 -0.6720791501157436 -0.1289388914558741 -1.45205028531846
0.734 0.6537247437104581 -2.108390392653307 0.781967388281545 -0.6602349908813402 -0.1282426445710869 -1.448155401771966
0.736 0.6423504696930031 -2.093668636776915 0.769902477019802 -0.6493874461226998 -0.1275520073267989 -1.444281190654215
0.738 0.6304663179909461 -2.079980231522704 0.7573332377693511 -0.6395527423463521 -0.126866919778405 -1.440427489176352
0.74 0.6181666210384728 -2.067330545908116 0.7443539438162616 -0.6307364096686726 -0.1261873227777889 -1.436594136239443
0.742 0.6055417630106419 -2.055715240107338 0.7310549209713321 -0.6229342676945353 -0.1255131579606902 -1.432780972412802
0.744 0.5926772350233512 -2.045121351101108 0.7175216027576556 -0.6161335111884546 -0.1248443677343044 -1.428987839912654
0.746 0.5796529186622886 -2.03552843027905 0.7038338139273992 -0.6103138476979341 -0.1241808952651106 -1.425214582581115
0.748 0.5665425852053528 -2.026909690985995 0.6900652696722747 -0.6054486451204952 -0.1235226844669218 -1.4214610458655
0.75 0.5534135916534654 -2.019233130848133 0.6762832716426195 -0.6015060540502007 -0.1228696799891541 -1.417727076797932
0.752 0.5403267505772783 -2.01246260094689 0.6625485777825871 -0.5984500769716254 -0.1222218272053088 -1.414012523975265
0.754 0.527336348599346 -2.006558801013068 0.6489154208010102 -0.596241563473763 -0.1215790722016642 -1.410317237539305
0.756 0.5144902877544956 -2.00148018640721 0.6354316495206683 -0.5948391172498785 -0.1209413617661727 -1.406641069157332
0.758 0.5018303246754861 -1.997183778485966 0.6221389680530439 -0.5941999064830595 -0.1203086433775579 -1.402983872002906
0.76 0.4893923841927816 -1.993625874886787 0.6090732493873906 -0.5942803741498207 -0.119680865194609 -1.399345500736967
0.762 0.4772069262044932 -1.990762660250823 0.5962649022501605 -0.5950368487616167 -0.1190579760456673 -1.395725811489207
0.764 0.4652993472963189 -1.98855072097316 0.5837392727146207 -0.5964260591334285 -0.1184399254183017 -1.392124661839731
0.766 0.4536904013572096 -1.986947469795576 0.5715170648063786 -0.5984055589945994 -0.117826663449169 -1.388541910800976
0.768 0.4423966261667227 -1.985911487543512 0.5596147670807775 -0.600934068743603 -0.1172181409140549 -1.38497741879991
0.77 0.431430765513088 -1.985402790175474 0.5480450747311802 -0.6039717425149964 -0.1166143092180923 -1.381431047660478
0.772 0.4208021787559031 -1.985383029678382 0.5368172991420576 -0.6074803690920556 -0.1160151203861544 -1.377902660586326
0.774 0.4105172318258293 -1.985815637320482 0.525937758879246 -0.6114235151767199 -0.1154205270534167 -1.374392122143762
0.776 0.4005796654428314 -1.986665917466167 0.5154101478989179 -0.615766619221195 -0.1148304824560866 -1.370899298244972
0.778 0.3909909378357405 -1.987901099650976 0.5052358782580367 -0.6204770435194922 -0.1142449404222963 -1.367424056131484
0.78 0.3817505404711546 -1.989490355983711 0.4954143958343105 -0.625524091625841 -0.1136638553631559 -1.36396626435787
0.782 0.3728562862773265 -1.991404790243015 0.4859434685412902 -0.6308789974673286 -0.1130871822639637 -1.360525792775686
0.784 0.3643045706065735 -1.993617404311916 0.4768194472821434 -0.6365148917942736 -0.1125148766755699 -1.357102512517643
0.786 0.3560906057461803 -1.996103046879516 0.4680375004520719 -0.6424067508975048 -0.1119468947058916 -1.353696295982012
0.788 0.3482086301940399 -1.998838348656829 0.4595918232056149 -0.6485313318395803 -0.1113831930115751 -1.350307016817248
0.79 0.3406520941922451 -2.001801647717643 0.4514758229820487 -0.6548670978107983 -0.1108237287898036 -1.346934549906844
0.792 0.3334138231792529 -2.004972907996306 0.4436822829494997 -0.6613941366419147 -0.1102684597702468 -1.343578771354392
0.794 0.3264861609052831 -2.008333633454897 0.4362035051124321 -0.6680940749860315 -0.1097173442071489 -1.340239558468866
0.796 0.3198610939779938 -2.011866779972992 0.4290314348495486 -0.6749499902228749 -0.1091703408715548 -1.336916789750117
0.798 0.3135303595746156 -2.015556666613661 0.4221577686182835 -0.6819463217390923 -0.1086274090436679 -1.333610344874569
0.8 0.3074855379937587 -2.01938888757511 0.4155740464990997 -0.6890687828939895 -0.1080885085053411 -1.330320104681121
0.802 0.3017181316332028 -2.023350225843232 0.409271731165898 -0.6963042746859763 -0.1075535995326953 -1.327045951157255
0.804 0.2962196318752671 -2.027428569313785 0.4032422747641311 -0.7036408018884522 -0.107022642888864 -1.323787767425333
0.806 0.2909815752487124 -2.031612829946679 0.3974771750655746 -0.7110673922175873 -0.1064955998168622 -1.320545437729092
0.808 0.2859955901213928 -2.035892866344254 0.3919680221539688 -0.7185740189239239 -0.1059724320325761 -1.31731884742033
0.81 0.2812534350600639 -2.040259410007597 0.3867065367779352 -0.7261515270618164 -0.1054531017178713 -1.314107882945781
0.812 0.2767470298808783 -2.044703995413197 0.3816846013946973 -0.7337915635790275 -0.104937571513819 -1.31091243183417
0.814 0.2724684803059719 -2.049218893963709 0.376894284820007 -0.741486511280255 -0.1044258045140351 -1.307732382683454
0.816 0.2684100970381737 -2.053797051798377 0.3723278612963057 -0.7492294266501343 -0.1039177642581321 -1.304567625148242
0.818 0.2645644099706071 -2.058432031396173 0.3679778246958883 -0.7570139814687883 -0.1034134147252812 -1.301418049927385
0.82 0.2609241781582915 -2.063117956867616 0.3638368984861738 -0.7648344081158701 -0.1029127203278823 -1.298283548751746
0.822 0.2574823960987704 -2.067849462803522 0.3598980420041098 -0.7726854484313845 -0.1024156459053394 -1.295164014372138
0.824 0.2542322967933578 -2.07262164653354 0.3561544535112979 -0.7805623059861155 -0.1019221567179401 -1.292059340547425
0.826 0.2511673519932023 -2.077430023639015 0.3525995704340397 -0.788460601606219 -0.1014322184408375 -1.288969422032796
0.828 0.2482812699747357 -2.082270486562582 0.3492270671328669 -0.7963763319943862 -0.1009457971581313 -1.285894154568195
0.83 0.2455679911339054 -2.087139266162122 0.3460308504909527 -0.8043058312952109 -0.1004628593570473 -1.282833434866911
0.832 0.2430216816403281 -2.092032896066552 0.3430050535625411 -0.8122457354622243 -0.09998337192221307 -1.279787160604327
0.834 0.2406367253516779 -2.096948179703721 0.3401440274817062 -0.8201929492968963 -0.09950730213002834 -1.276755230406825
0.836 0.2384077141508247 -2.101882159889716 0.3374423317939521 -0.8281446160488777 -0.09903461764312739 -1.273737543840838
0.838 0.2363294368384314 -2.10683209088944 0.3348947233433642 -0.8360980894873832 -0.09856528650493281 -1.270734001402057
0.84 0.2343968666893091 -2.111795412882286 0.3324961438236075 -0.8440509083775062 -0.09809927713429842 -1.267744504504779
0.842 0.232605147761897 -2.116769728793805 0.3302417060821367 -0.8520007733223935 -0.09763655832023964 -1.264768955471412
0.844 0.2309495800379968 -2.121752783483452 0.3281266792547465 -0.8599455259613483 -0.0971770992167497 -1.261807257522104
0.846 0.2294256034654205 -2.126742445308466 0.3261464728031209 -0.8678831305439342 -0.09672086933770041 -1.258859314764532
0.848 0.2280287809779141 -2.131736690116195 0.3242966195297396 -0.8758116579323793 -0.0962678385518255 -1.255925032183816
0.85 0.2267547805772854 -2.136733587749355 0.3225727576550705 -0.8837292721167808 -0.09581797707778508 -1.253004315632574
0.852 0.2255993565826227 -2.141731291178875 0.320970612061933 -0.8916342193577614 -0.09537125547931033 -1.250097071821114
0.854 0.2245583301801296 -2.146728028408238 0.3194859748405554 -0.8995248201004907 -0.09492764466042576 -1.247203208307748
0.856 0.2236275694464131 -2.151722097317608 0.318114685307162 -0.9073994638283611 -0.09448711586074891 -1.244322633489247
0.858 0.2228029690683777 -2.156711863632768 0.3168526097192428 -0.9152566070413487 -0.09404964065086513 -1.24145525659142
0.86 0.222080430043005 -2.161695762212887 0.3156956209707815 -0.9230947745530748 -0.09361519092777654 -1.238600987659812
0.862 0.2214558397103432 -2.166672301846372 0.3146395786207669 -0.9309125642958305 -0.09318373891042367 -1.235759737550542
0.864 0.2209250525522009 -2.171640073722309 0.3136803096874794 -0.9387086558010697 -0.09275525713527846 -1.23293141792124
0.866 0.2204838722729162 -2.176597763704475 0.3128135907249236 -0.9464818224823461 -0.09232971845200737 -1.230115941222129
0.868 0.2201280357647535 -2.181544168469317 0.3120351317839569 -0.9542309477821099 -0.09190709601920333 -1.227313220687207
0.87 0.2198531996433403 -2.186478215475808 0.3113405629435254 -0.9619550451502543 -0.09148736330018509 -1.224523170325554
0.872 0.2196549301102511 -2.191398986612725 0.3107254241691143 -0.9696532816999751 -0.09107049405886325 -1.22174570491275
0.874 0.2195286969521497 -2.196305745215097 0.3101851593078209 -0.9773250052326883 -0.09065646235567115 -1.218980739982409
0.876 0.2194698725094993 -2.201197965957443 0.3097151150530593 -0.9849697741396206 -0.09024524254355991 -1.216228191817823
0.878 0.2194737364299362 -2.20607536692333 0.3093105456939924 -0.9925873894796168 -0.08983680926405622 -1.213487977443714
0.88 0.2195354869527127 -2.210937942924675 0.3089666243960948 -1.000177928306579 -0.08943113744338209 -1.210760014618096
0.882 0.2196502593405355 -2.215785998912512 0.3086784616291702 -1.007741777088268 -0.08902820228863476 -1.208044221824244
0.884 0.2198131518759007 -2.220620182101444 0.3084411311599274 -1.015279663838681 -0.08862797928402669 -1.205340518262763
0.886 0.2200192595682916 -2.225441511241564 0.3082497037554754 -1.022792687397798 -0.08823044418718377 -1.202648823843766
0.888 0.2202637153793107 -2.230251401337092 0.3080992884048117 -1.03028234215794 -0.08783557302550096 -1.199969059179152
0.89 0.2205417383749042 -2.235051682056012 0.3079850804674585 -1.037750536481037 -0.08744334209255437 -1.197301145574975
0.892 0.2208486877771062 -2.239844608120321 0.3079024157216753 -1.045199603096389 -0.08705372794456903 -1.194645005023932
0.894 0.2211801214393921 -2.244632860129725 0.3078468288363329 -1.052632299931802 -0.0866667073969407 -1.192000560197923
0.896 0.2215318568445194 -2.249419534563913 0.3078141143653311 -1.060051800123186 -0.08628225752081167 -1.189367734440727
0.898 0.2219000323614778 -2.254208122126234 0.3078003880011765 -1.067461670365472 -0.08590035563969878 -1.186746451760762
0.9 0.2222811662395834 -2.259002474120648 0.3078021455657566 -1.074865837296712 -0.0855209793261732 -1.184136636823937
0.902 0.2226722106986596 -2.263806757165414 0.3078163170972507 -1.082268542218811 -0.08514410639859112 -1.181538214946603
0.904 0.2230705985224501 -2.268625397199313 0.3078403134403242 -1.089674285110726 -0.08476971491787404 -1.178951112088587
0.906 0.2234742797913661 -2.273463014376758 0.3078720629757044 -1.097087759530442 -0.08439778318433833 -1.176375254846316
0.908 0.2238817467952929 -2.278324351023834 0.3079100365298657 -1.104513780577803 -0.08402828973457276 -1.173810570446032
0.91 0.2242920457257299 -2.283214195283247 0.3079532590640933 -1.111957208546158 -0.08366121333836345 -1.171256986737088
0.912 0.2247047744184212 -2.28813730336776 0.3080013074140865 -1.119422871182425 -0.08329653299566536 -1.168714432185335
0.914 0.2251200661492831 -2.293098323442483 0.3080542940829024 -1.126915487575898 -0.08293422793361929 -1.166182835866585
0.916 0.2255385602174568 -2.298101724053285 0.308112837821071 -1.134439596593122 -0.08257427760361417 -1.163662127460163
0.918 0.225961360719597 -2.303151729723472 0.3081780223979901 -1.141999492480935 -0.08221666167839312 -1.161152237242537
0.92 0.2263899854746815 -2.30825226588414 0.3082513455238846 -1.149599169803112 -0.08186136004920308 -1.158653096081028
0.922 0.2268263074602221 -2.313406914727524 0.3083346602832093 -1.157242279299921 -0.08150835282298718 -1.156164635427603
0.924 0.227272491345784 -2.318618882932147 0.3084301116654029 -1.16493209561941 -0.08115762031961893 -1.153686787312737
0.926 0.2277309277541121 -2.323890981558625 0.3085400708232896 -1.172671497219265 -0.08080914306917755 -1.15121948433936
0.928 0.2282041677581234 -2.329225617806577 0.3086670695673874 -1.1804629581297 -0.08046290180926401 -1.148762659676877
0.93 0.2286948598609404 -2.334624797797252 0.3088137373432972 -1.188308550741993 -0.08011887748235681 -1.146316247055259
0.932 0.2292056913421941 -2.340090139133459 0.3089827425754009 -1.196209958374247 -0.07977705123320684 -1.143880180759212
0.934 0.2297393354279536 -2.345622891701205 0.3091767398342246 -1.204168496078789 -0.07943740440627092 -1.141454395622416
0.936 0.2302984052937019 -2.351223965017936 0.3093983238368849 -1.212185137996101 -0.07909991854318295 -1.139038827021835
0.938 0.2308854154736082 -2.356893960392198 0.3096499908538708 -1.2202605495201 -0.07876457538026262 -1.136633410872097
0.94 0.2315027508531728 -2.362633206218793 0.309934107699233 -1.228395122598846 -0.07843135684606016 -1.134238083619947
0.942 0.2321526430849333 -2.368441794871357 0.3102528881438712 -1.236589012632595 -0.07810024505893789 -1.131852782238761
0.944 0.2328371539980849 -2.374319619846792 0.3106083763227712 -1.244842175623657 -0.07777122232468622 -1.129477444223135
0.946 0.233558165376366 -2.380266412038885 0.3110024365105412 -1.253154404455352 -0.07744427113417514 -1.127112007583533
0.948 0.2343173743504745 -2.38628177425326 0.3114367485115141 -1.261525363412251 -0.07711937416103966 -1.124756410841009
0.95 0.2351162935850508 -2.392365213304608 0.3119128078444496 -1.269954620282625 -0.07679651425939879 -1.122410593021982
0.952 0.2359562554251046 -2.398516169249371 0.3124319298867125 -1.278441675596283 -0.0764756744616079 -1.120074493653088
0.954 0.2368384191921962 -2.404734041493895 0.3129952571682395 -1.286985988737814 -0.07615683797604327 -1.117748052756081
0.956 0.2377637808760336 -2.411018211675291 0.3136037690609526 -1.295587000832483 -0.07583998818491897 -1.115431210842808
0.958 0.2387331845415777 -2.417368063339423 0.3142582931837126 -1.304244154429188 -0.07552510864213495 -1.113123908910235
0.96 0.2397473348572931 -2.423782998537672 0.3149595179284495 -1.312956910102131 -0.0752121830711564 -1.110826088435541
0.962 0.2408068102400792 -2.430262451534074 0.3157080056030023 -1.321724760162812 -0.07490119536292311 -1.108537691371262
0.964 0.2419120762004649 -2.436805899861383 0.3165042057742542 -1.330547239720877 -0.07459212957378933 -1.106258660140506
0.966 0.2430634985548231 -2.443412872991202 0.3173484684783157 -1.33942393535899 -0.07428496992349255 -1.103988937632212
0.968 0.244261356247214 -2.450082958894029 0.3182410570403659 -1.348354491697553 -0.07397970079315183 -1.101728467196477
0.97 0.2455058535899718 -2.456815808763821 0.319182160313266 -1.357338616123894 -0.07367630672329413 -1.099477192639928
0.972 0.2467971317894084 -2.463611140171349 0.3201719042013174 -1.366376081950187 -0.07337477241190904 -1.097235058221163
0.974 0.2481352796711586 -2.470468738893377 0.3212103623836894 -1.375466730247145 -0.07307508271253087 -1.095002008646232
0.976 0.2495203435585955 -2.477388459644694 0.3222975661909437 -1.384610470580512 -0.07277722263234819 -1.092777989064182
0.978 0.2509523362890239 -2.484370225917256 0.3234335136193637 -1.393807280854606 -0.07248117733033975 -1.09056294506265
0.98 0.2524312453763876 -2.491414029106682 0.3246181774918245 -1.403057206443171 -0.07218693211543695 -1.088356822663511
0.982 0.2539570403473204 -2.498519927084232 0.3258515127920324 -1.412360358765659 -0.07189447244471203 -1.086159568318572
0.984 0.2555296792901013 -2.505688042349939 0.327133463211693 -1.421716913444613 -0.07160378392159165 -1.083971128905326
0.986 0.2571491146649559 -2.512918559882058 0.3284639669590518 -1.431127108159312 -0.07131485229409586 -1.081791451722746
0.988 0.2588152984293845 -2.520211724779784 0.3298429618824857 -1.440591240292646 -0.0710276634531012 -1.079620484487138
0.99 0.2605281865347519 -2.52756783977951 0.3312703899653804 -1.450109664451477 -0.07074220343062847 -1.077458175328033
0.992 0.2622877428511539 -2.534987262709761 0.332746201249308 -1.459682789925624 -0.07045845839815414 -1.075304472784137
0.994 0.2640939425764893 -2.542470403937752 0.3342703572414347 -1.469311078138434 -0.07017641466494537 -1.073159325799318
0.996 0.2659467751836788 -2.550017723849474 0.3358428338600968 -1.478995040130823 -0.06989605867641803 -1.071022683718652
0.998 0.2678462469571914 -2.557629730395101 0.3374636239697089 -1.488735234110602 -0.0696173770125175 -1.0688944962845
1 0.2697923831667503 -2.565306976724713 0.3391327395528723 -1.498532263092067 -0.069340356386122 -1.066774713632646
1.002 0.271785229922489 -2.573050058932098 0.3408502135639567 -1.508386772643626 -0.06906498364146774 -1.064663286288472
1.004 0.2738248557522668 -2.580859613918918 0.3426161015048627 -1.518299448755746 -0.06879124575259583 -1.062560165163173
1.006 0.2759113529381524 -2.588736317387491 0.3444304827599731 -1.528271015837466 -0.06851912982182075 -1.060465301550026
1.008 0.2780448386455097 -2.596680881966765 0.3462934617237291 -1.538302234846072 -0.06824862307821938 -1.058378647120694
1.01 0.2802254558748671 -2.604694055472836 0.3482051687510083 -1.548393901551256 -0.06797971287614124 -1.056300153921579
1.012 0.2824533742634773 -2.612776619303638 0.350165760957216 -1.558546844933429 -0.0677123866937387 -1.054229774370208
1.014 0.284728790760572 -2.620929386965711 0.3521754228920894 -1.568761925714039 -0.06744663213151744 -1.052167461251672
1.016 0.2870519301976228 -2.629153202729004 0.3542343671085294 -1.57904003501391 -0.0671824369109066 -1.050113167715094
1.018 0.2894230457724495 -2.637448940405619 0.3563428346452978 -1.589382093135472 -0.06691978887284825 -1.048066847270146
1.02 0.2918424194637754 -2.645817502247258 0.3585010954401816 -1.599789048463652 -0.06665867597640623 -1.046028453783606
1.022 0.2943103623908622 -2.654259817955712 0.3607094486882558 -1.610261876479769 -0.06639908629739362 -1.043997941475943
1.024 0.2968272151310232 -2.662776843800503 0.3629682231580419 -1.620801578882547 -0.06614100802701875 -1.041975264917957
1.026 0.2993933480062351 -2.671369561838119 0.3652777774767847 -1.631409182810674 -0.06588442947054962 -1.039960379027445
1.028 0.3020091613487123 -2.680038979226588 0.3676385003947085 -1.64208574016068 -0.06562933904599617 -1.037953239065909
1.03 0.3046750857539653 -2.688786127629665 0.3700508110367757 -1.652832326994362 -0.06537572528281035 -1.035953800635302
1.032 0.3073915823288518 -2.697612062705313 0.3725151591494552 -1.663650043030502 -0.06512357682060339 -1.033962019674811
1.034 0.3101591429411695 -2.706517863672648 0.3750320253490502 -1.674540011214977 -0.06487288240788067 -1.031977852457671
1.036 0.3129782904764887 -2.715504632952432 0.3776019213772817 -1.685503377364408 -0.064623630900793 -1.030001255588024
1.038 0.3158495791071789 -2.724573495876264 0.3802253903690838 -1.69654130987846 -0.06437581126190486 -1.028032185997804
1.04 0.3187735945780563 -2.733725600459633 0.3829030071370352 -1.707654999515969 -0.06412941255897898 -1.026070600943664
1.042 0.3217509545124577 -2.742962117234662 0.3856353784762347 -1.718845659230729 -0.06388442396377703 -1.024116458003933
1.044 0.3247823087420855 -2.752284239138437 0.3884231434929616 -1.730114524062828 -0.06364083475087612 -1.02216971507561
1.046 0.3278683396637281 -2.761693181453151 0.3912669739602293 -1.741462851081764 -0.06339863429650115 -1.020230330371388
1.048 0.3310097626254131 -2.771190181794446 0.3941675747027856 -1.752891919377733 -0.06315781207737246 -1.018298262416713
1.05 0.3342073263444658 -2.780776500144812 0.3971256840140344 -1.764403030097934 -0.06291835766956866 -1.016373470046878
1.052 0.3374618133596405 -2.790453418928977 0.4001420741070451 -1.77599750652483 -0.06268026074740453 -1.014455912404147
1.054 0.3407740405193293 -2.800222243128356 0.4032175516016528 -1.787676694193448 -0.06244351108232355 -1.012545548934908
1.056 0.3441448595076839 -2.810084300432245 0.4063529580494888 -1.799441961045382 -0.06220809854180499 -1.010642339386863
1.058 0.3475751574104203 -2.820040941423072 0.4095491704987055 -1.811294697616828 -0.06197401308828528 -1.008746243806244
1.06 0.3510658573219789 -2.830093539793704 0.4128071021000724 -1.82323631725864 -0.06174124477809356 -1.006857222535064
1.062 0.3546179189956009 -2.840243492594748 0.4161277027560018 -1.83526825638635 -0.06150978376040097 -1.004975236208397
1.064 0.3582323395379307 -2.850492220509871 0.4195119598141144 -1.847391974758186 -0.06127962027618372 -1.003100245751684
1.066 0.3619101541497078 -2.860841168157506 0.4229608988069075 -1.859608955779433 -0.06105074465719959 -1.001232212378073
1.068 0.3656524369140546 -2.87129180441729 0.4264755842390323 -1.871920706831503 -0.06082314732497766 -0.9993710975857869
1.07 0.3694603016340336 -2.881845622779885 0.4300571204238549 -1.884328759624366 -0.06059681878982126 -0.9975168631555194
1.072 0.3733349027209719 -2.892504141718492 0.4337066523707954 -1.896834670570632 -0.06037174964982358 -0.9956694711478596
1.074 0.3772774361353158 -2.903268905081064 0.437425366725212 -1.909440021180318 -0.06014793058989616 -0.9938288839007458
1.076 0.3812891403816742 -2.914141482501958 0.441214492762484 -1.922146418475015 -0.0599253523808098 -0.9919950640269437
1.078 0.3853712975598862 -2.92512346983179 0.445075303438134 -1.934955495420233 -0.05970400587824784 -0.9901679744115565
1.08 0.3895252344739472 -2.936216489584414 0.4490091164958187 -1.947868911374856 -0.05948388202187153 -0.9883475782095578
1.082 0.3937523238007837 -2.947422191400174 0.4530172956351811 -1.960888352556821 -0.05926497183439738 -0.9865338388433533
1.084 0.3980539853209323 -2.958742252524248 0.4571012517416186 -1.97401553252388 -0.0590472664206863 -0.9847267200003685
1.086 0.4024316872133224 -2.970178378299195 0.4612624441801668 -1.987252192668533 -0.05883075696684443 -0.9829261856306623
1.088 0.4068869474164166 -2.981732302670874 0.4655023821557518 -2.000600102726309 -0.05861543473933525 -0.9811321999445655
1.09 0.4114213350581539 -2.99340578870658 0.4698226261422572 -2.014061061296233 -0.05840129108410323 -0.9793447274103463
1.092 0.4160364719573033 -3.005200629124747 0.4742247893830115 -2.027636896372849 -0.05818831742570823 -0.9775637327518983
1.094 0.4207340341988157 -3.017118646835096 0.4787105394652871 -2.041329465888639 -0.05797650526647136 -0.9757891809464565
1.096 0.4255157537861813 -3.029161695488382 0.4832815999718125 -2.055140658266048 -0.05776584618563112 -0.974021037222334
1.098 0.4303834203736607 -3.041331660034561 0.4879397522121713 -2.069072392977875 -0.05755633183851054 -0.9722592670566857
1.1 0.4353388830817866 -3.053630457288953 0.4926868370374813 -2.083126621115658 -0.05734795395569468 -0.9705038361732944
1.102 0.4403840523992594 -3.066060036504448 0.4975247567414779 -2.097305325964067 -0.05714070434221847 -0.968754710540381
1.104 0.4455209021750509 -3.078622379949416 0.5024554770518157 -2.111610523580979 -0.05693457487676484 -0.9670118563684368
1.106 0.4507514717043722 -3.091319503489927 0.507481029215245 -2.126044263381847 -0.05672955751087273 -0.9652752401080807
1.108 0.4560778679124532 -3.104153457174692 0.5126035121806084 -2.140608628726755 -0.05652564426815514 -0.9635448284479368
1.11 0.4615022676404864 -3.117126325821878 0.5178250948840133 -2.155305737509342 -0.05632282724352687 -0.9618205883125358
1.112 0.4670269200380797 -3.130240229606106 0.5231480186405217 -2.170137742745868 -0.056121098602442 -0.9601024868602386
1.114 0.4726541490669213 -3.143497324643969 0.528574599647062 -2.185106833162788 -0.05592045058014067 -0.9583904914811803
1.116 0.4783863561206797 -3.156899803576486 0.5341072316015851 -2.200215233781248 -0.05572087548090541 -0.9566845697952376
1.118 0.4842260227663702 -3.170449896146893 0.5397483884436967 -2.215465206496877 -0.05552236567732651 -0.954984689650016
1.12 0.4901757136126571 -3.184149869771232 0.5455006272222337 -2.230859050652374 -0.05532491360957661 -0.9532908191188585
1.122 0.4962380793109744 -3.198002030099915 0.5513665910956687 -2.246399103601039 -0.05512851178469425 -0.9516029264988761
1.124 0.5024158596956735 -3.212008721567996 0.5573490124715496 -2.262087741258999 -0.05493315277587612 -0.9499209803089964
1.126 0.5087118870696302 -3.226172327931204 0.5634507162914085 -2.277927378643168 -0.05473882922177829 -0.948244949288036
1.128 0.5151290896421231 -3.240495272784951 0.5696746234679487 -2.293920470392162 -0.05454553382582559 -0.9465748023927886
1.13 0.5216704951264022 -3.254980020063591 0.5760237544819322 -2.310069511267454 -0.05435325935553 -0.9449105087961368
1.132 0.5283392345043818 -3.269629074516061 0.5825012331461988 -2.326377036630878 -0.054161998641817 -0.9432520378851822
1.134 0.5351385459665325 -3.28444498215418 0.5891102905448927 -2.342845622894788 -0.05397174457836022 -0.9415993592593922
1.136 0.5420717790356342 -3.29943033067014 0.5958542691565586 -2.359477887941368 -0.05378249012092442 -0.9399524427287713
1.138 0.5491423988830926 -3.314587749817957 0.6027366271698087 -2.376276491505911 -0.05359422828671614 -0.9383112583120455
1.14 0.5563539908473446 -3.329919911754294 0.6097609430010872 -2.393244135519425 -0.05340695215374255 -0.9366757762348693
1.142 0.5637102651643615 -3.345429531333592 0.6169309200245394 -2.410383564405542 -0.05322065486017796 -0.9350459669280496
1.144 0.571215061920644 -3.361119366351317 0.6242503915243819 -2.427697565325529 -0.05303532960373795 -0.9334218010257878
1.146 0.5788723562396464 -3.376992217728768 0.6317233258807076 -2.445188968364828 -0.05285096964106118 -0.93180324936394
1.148 0.5866862637134982 -3.393050929632997 0.6393538320005968 -2.462860646654702 -0.0526675682870986 -0.9301902829782952
1.15 0.5946610460920515 -3.409298389523762 0.6471461650065616 -2.480715516420891 -0.05248511891451008 -0.9285828731028706
1.152 0.6028011172421447 -3.42573752811886 0.6551047321952129 -2.498756536950636 -0.05230361495306825 -0.9269809911682247
1.154 0.6111110493908651 -3.44237131926952 0.6632340992799346 -2.516986710469732 -0.05212304988906949 -0.9253846087997875
1.156 0.6195955796668369 -3.459202779734798 0.671538996931589 -2.535409081918591 -0.05194341726475214 -0.923793697816207
1.158 0.6282596169546589 -3.476234968844514 0.6800243276323803 -2.554026738616801 -0.0517647106777214 -0.9222082302277135
1.16 0.6371082490784452 -3.49347098803886 0.6886951728588266 -2.57284280980436 -0.05158692378038145 -0.9206281782344996
1.162 0.6461467503307997 -3.510913980270806 0.6975568006101737 -2.59186046604569 -0.05141005027937397 -0.9190535142251163
1.164 0.6553805893649428 -3.52856712925764 0.7066146732999665 -2.611082918482754 -0.05123408393502372 -0.9174842107748863
1.166 0.6648154374682363 -3.546433658565379 0.7158744560290268 -2.630513417921045 -0.05105901856079046 -0.9159202406443334
1.168 0.6744571772364127 -3.564516830509069 0.7253420252591402 -2.650155253731443 -0.05088484802272747 -0.9143615767776259
1.17 0.684311911668651 -3.582819944849866 0.7350234779075975 -2.67001175254883 -0.05071156623894648 -0.9128081923010366
1.172 0.6943859737048762 -3.601346337268504 0.7449251408839651 -2.690086276747085 -0.05053916717908895 -0.9112600605214192
1.174 0.7046859362273388 -3.62009937759237 0.7550535810911424 -2.710382222667671 -0.05036764486380363 -0.9097171549246992
1.176 0.7152186225498027 -3.639082467751452 0.7654156159140328 -2.730903018577074 -0.05019699336423011 -0.9081794491743785
1.178 0.725991117418863 -3.658299039436496 0.7760183242203518 -2.751652122326439 -0.05002720680148873 -0.9066469171100572
1.18 0.7370107785525163 -3.677752551429129 0.7868690578986925 -2.772633018683161 -0.04985827934617622 -0.9051195327459683
1.182 0.7482852487428743 -3.697446486572293 0.7979754539607418 -2.793849216302765 -0.04969020521786748 -0.9035972702695286
1.184 0.7598224685505985 -3.717384348345156 0.8093454472352215 -2.815304244305254 -0.04952297868462299 -0.9020801040399017
1.186 0.7716306896198787 -3.737569657003925 0.8209872836823808 -2.837001648417347 -0.04935659406250217 -0.9005680085865779
1.188 0.7837184886439569 -3.758005945246079 0.8329095343590392 -2.858944986638113 -0.04919104571508234 -0.8990609586079662
1.19 0.7960947820124401 -3.778696753351925 0.8451211100654233 -2.881137824381924 -0.04902632805298322 -0.8975589289700003
1.192 0.8087688411724333 -3.799645623752464 0.8576312767058304 -2.903583729047704 -0.04886243553339712 -0.8960618947047595
1.194 0.8217503087368949 -3.820856094968209 0.8704496713965194 -2.926286263959107 -0.04869936265962452 -0.8945698310091027
1.196 0.8350492153744929 -3.842331694858322 0.8835863193551079 -2.949248981615007 -0.04853710398061493 -0.8930827132433145
1.198 0.8486759975160993 -3.864075933113343 0.8970516516066126 -2.972475416183576 -0.04837565409051324 -0.8916005169297671
1.2 0.8626415159140751 -3.886092292919262 0.9108565235422863 -2.99596907516767 -0.04821500762821123 -0.890123217751592
1.202 0.8769570750909071 -3.908384221712983 0.9250122343678114 -3.019733430161614 -0.04805515927690431 -0.8886507915513689
1.204 0.8916344437145445 -3.930955120942374 0.9395305474781978 -3.043771906612551 -0.04789610376365324 -0.8871832143298229
1.206 0.9066858759378618 -3.953808334735743 0.9544237117968128 -3.068087872491205 -0.04773783585895103 -0.8857204622445375
1.208 0.9221241337398208 -3.976947137376456 0.9697044841161157 -3.092684625767776 -0.04758035037629485 -0.8842625116086796
1.21 0.9379625103056405 -4.000374719468936 0.9853861524774031 -3.117565380579201 -0.04742364217176263 -0.8828093388897352
1.212 0.9542148544823198 -4.024094172671147 1.001482560625915 -3.142733251962888 -0.04726770614359477 -0.8813609207082594
1.214 0.9708955963453014 -4.048108472857822 1.018008133577082 -3.168191239021184 -0.04711253723178045 -0.879917233836638
1.216 0.9880197739096241 -4.072420461564862 1.034977904327273 -3.193942206367002 -0.04695813041764874 -0.8784782551978593
1.218 1.00560306101711 -4.0970328255524 1.052407541740575 -3.219988863688099 -0.04680448072346436 -0.8770439618643013
1.22 1.02366179642762 -4.121948074308295 1.070313379639648 -3.246333743251769 -0.04665158321202805 -0.8756143310565265
1.222 1.042213014138625 -4.147168515297784 1.088712447124906 -3.272979175155692 -0.04649943298628147 -0.8741893401420915
1.224 1.061274474951695 -4.172696226746445 1.107622500140611 -3.299927260112079 -0.04634802518891652 -0.8727689666343664
1.226 1.080864699298465 -4.198533027724766 1.127062054300455 -3.3271798395334 -0.04619735500198924 -0.8713531881913661
1.228 1.101003001330526 -4.22468044528121 1.147050418977064 -3.354738462666618 -0.04604741764653787 -0.8699419826145921
1.23 1.121709524267487 -4.251139678347026 1.167607732649693 -3.382604350499139 -0.04589820838220541 -0.8685353278478869
1.232 1.143005276986326 -4.277911558112335 1.188754999493192 -3.410778356136039 -0.04574972250686633 -0.867133201976297
1.234 1.164912171820625 -4.30499650454531 1.210514127176883 -3.439260921320361 -0.04560195535625746 -0.8657355832249494
1.236 1.187453063520861 -4.332394478696902 1.232907965824475 -3.468052028738965 -0.04545490230361316 -0.8643424499579364
1.238 1.210651789307339 -4.360104930403242 1.255960348066644 -3.497151149726029 -0.04530855875930439 -0.8629537806772127
1.24 1.234533209923362 -4.388126740963672 1.279696130093844 -3.52655718694217 -0.04516292017048197 -0.8615695540215023
1.242 1.259123251567229 -4.416458160336039 1.304141233587953 -3.556268411570824 -0.04501798202072382 -0.8601897487652151
1.244 1.284448948549135 -4.44509673835306 1.329322688378821 -3.586282394535685 -0.044873739829686 -0.858814343817375
1.246 1.310538486480449 -4.47403924942317 1.355268675633207 -3.616595931202612 -0.04473018915275782 -0.8574433182205576
1.248 1.33742124575577 -4.503281610134358 1.38200857133649 -3.64720495898452 -0.04458732558072071 -0.8560766511498376
1.25 1.365127845036848 -4.532818789136175 1.409572989776259 -3.678104467224429 -0.0444451447394108 -0.854714321911746
1.252 1.393690184385162 -4.562644708626691 1.437993826674548 -3.709288398683453 -0.04430364228938537 -0.8533563099432381
1.254 1.423141487617874 -4.592752136721762 1.467304301543467 -3.740749541911092 -0.04416281392559296 -0.8520025948106703
1.256 1.453516343379842 -4.623132569934128 1.497538998756889 -3.772479413725342 -0.04402265537704708 -0.8506531562087866
1.258 1.484850744329478 -4.653776104939241 1.528733906735982 -3.804468130979526 -0.04388316240650356 -0.8493079739597149
1.26 1.517182123724425 -4.684671298752297 1.560926454534566 -3.836704270740325 -0.04374433081014143 -0.8479670280119723
1.262 1.550549388568952 -4.715805016393202 1.5941555449862 -3.869174717953723 -0.04360615641724735 -0.8466302984394793
1.264 1.584992948339799 -4.747162265068658 1.628461583429703 -3.901864499628072 -0.04346863508990354 -0.8452977654405858
1.266 1.620554738140593 -4.778726013856969 1.663886500863272 -3.934756604519868 -0.04333176272267897 -0.8439694093371011
1.268 1.657278234948892 -4.810476997847195 1.700473770191216 -3.967831787273856 -0.04319553524232413 -0.8426452105733384
1.27 1.695208465404759 -4.842393505656659 1.738268414012228 -4.001068355941495 -0.04305994860746903 -0.8413251497151643
1.272 1.734392003347777 -4.874451149238074 1.777317002156101 -4.034441941789015 -0.04292499880832455 -0.8400092074490589
1.274 1.77487695503566 -4.906622614890043 1.817667636902047 -4.067925250308859 -0.04279068186638697 -0.8386973645811845
1.276 1.816712929671499 -4.938877394412387 1.859369923505644 -4.101487792375925 -0.04265699383414576 -0.8373896020364613
1.278 1.859950992521387 -4.97118149540084 1.902474923316182 -4.135095594543185 -0.04252393079479463 -0.8360859008576544
1.28 1.904643597520375 -5.003497129765719 1.947035086382321 -4.168710887561253 -0.04239148886194558 -0.8347862422044668
1.282 1.950844495842341 -5.035782379695959 1.993104160021687 -4.202291772343318 -0.04225966417934611 -0.8334906073526417
1.284 1.998608616438746 -5.067990840478672 2.040737069359345 -4.2357918627856 -0.04212845292059946 -0.8321989776930725
1.286 2.047991914041628 -5.100071239843977 2.089989765330516 -4.269159905113055 -0.04199785128888799 -0.8309113347309225
1.288 2.099051179572843 -5.131967033845084 2.140919035089542 -4.302339373760333 -0.04186785551669936 -0.8296276600847505
1.29 2.15184380730563 -5.163615979723133 2.193582269171185 -4.335268044237488 -0.04173846186555579 -0.8283479354856458
1.292 2.20642751249741 -5.194949686764659 2.248037179123156 -4.367877543988288 -0.04160966662574618 -0.8270721427763703
1.294 2.262859992556477 -5.225893146855603 2.304341458672538 -4.400092882945093 -0.04148146611606118 -0.8258002639105101
1.296 2.321198524134604 -5.256364247298681 2.362552380818135 -4.431831966347049 -0.04135385668353091 -0.8245322809516317
1.298 2.381499487872333 -5.286273269510686 2.422726322575498 -4.463005093438237 -0.04122683470316576 -0.8232681760724486
1.3 2.443817811885104 -5.315522378485907 2.484918208462803 -4.493514446931912 -0.04110039657769976 -0.8220079315539951
1.302 2.508206324500614 -5.344005109430736 2.549180863237951 -4.52325357964593 -0.0409745387373367 -0.8207515297848058
1.304 2.57471500628161 -5.371605859767773 2.615564263921109 -4.552106906507668 -0.04084925763949909 -0.8194989532601048
1.306 2.643390131053199 -5.398199396810376 2.684114680821778 -4.579949212229375 -0.04072454976857965 -0.8182501845810004
1.308 2.714273285554769 -5.423650393839956 2.754873697190464 -4.606645187386268 -0.04060041163569549 -0.8170052064536879
1.31 2.787400257552799 -5.447813010099708 2.827877097331244 -4.632049008411047 -0.04047683977844498 -0.8157640016886604
1.312 2.86279978286879 -5.470530533355076 2.903153613629457 -4.656003980155152 -0.04035383076066699 -0.8145265531999244
1.314 2.940492142918326 -5.491635107157491 2.980723524090529 -4.678342263153267 -0.04023138117220288 -0.8132928440042244
1.316 3.020487606164552 -5.510947568749929 3.060597093793214 -4.698884711529654 -0.04010948762866097 -0.8120628572202744
1.318 3.102784709505346 -5.528277427613918 3.142772856276529 -4.717440851545923 -0.03998814677118336 -0.8108365760679949
1.32 3.187368379219347 -5.543423018872848 3.227235734485562 -4.73380903500509 -0.03986735526621533 -0.8096139838677576
1.322 3.274207895854952 -5.556171869995872 3.313955005660229 -4.747776805956234 -0.03974710980527719 -0.8083950640396377
1.324 3.363254713549115 -5.566301323271303 3.402882120653853 -4.759121523168632 -0.03962740710473837 -0.8071798001026709
1.326 3.454440151868444 -5.573579460063527 3.493948395774038 -4.767611284389409 -0.03950824390559402 -0.805968175674118
1.328 3.54767298749389 -5.577766375579466 3.587062604467134 -4.773006201110729 -0.03938961697324393 -0.8047601744687374
1.33 3.64283698402068 -5.578615854285746 3.682108507117953 -4.775060073987685 -0.03927152309727366 -0.8035557802980612
1.332 3.739788410780407 -5.575877495716264 3.778942369871646 -4.773522518646584 -0.03915395909123813 -0.80235497706968
1.334 3.838353615779651 -5.569299337570364 3.877390537572098 -4.768141588783831 -0.03903692179244726 -0.801157748786533
1.336 3.938326733291003 -5.558631017040529 3.977247141352757 -4.758666937494324 -0.03892040806175399 -0.7999640795462052
1.338 4.039467622790367 -5.54362750152187 4.078272037573711 -4.74485354798164 -0.03880441478334447 -0.7987739535402293
1.34 4.141500152044583 -5.524053405572027 4.180189090909114 -4.726466050518631 -0.03868893886453037 -0.7975873550533953
1.342 4.244110952153052 -5.499687891614515 4.282684929388595 -4.70328362315145 -0.03857397723554341 -0.7964042684630654
1.344 4.346948784868342 -5.470330127040937 4.385408311717674 -4.675105448802442 -0.03845952684933198 -0.7952246782384952
1.346 4.449624670911446 -5.43580524001831 4.487970255592805 -4.64175667107815 -0.03834558468135989 -0.7940485689401603
1.348 4.551712930384735 -5.395970680816168 4.589945078114142 -4.603094755597079 -0.03823214772940713 -0.7928759252190895
1.35 4.652753280756454 -5.350722855823157 4.690872493769827 -4.559016124006954 -0.03811921301337277 -0.7917067318162035
1.352 4.752254122289944 -5.300003859305702 4.790260899865024 -4.509462885744042 -0.03800677757507979 -0.7905409735616596
1.354 4.84969711354763 -5.243808085785263 4.887591952025712 -4.454429450411062 -0.03789483847808205 -0.7893786353742015
1.356 4.944543099594285 -5.182188466893569 4.982326492401758 -4.393968764633054 -0.03778339280747306 -0.788219702260515
1.358 5.036239402514413 -5.115262044571869 5.07391184018411 -4.328197885257278 -0.03767243766969689 -0.7870641593145904
1.36 5.124228418818245 -5.043214571741977 5.161790389010606 -4.257302580024889 -0.03756197019236085 -0.7859119917170887
1.362 5.207957393596783 -4.966303826431681 5.245409381120833 -4.181540641696967 -0.03745198752405024 -0.7847631847347143
1.364 5.286889160869339 -4.884861339628872 5.324231647703484 -4.101243615909278 -0.03734248683414482 -0.7836177237195928
1.366 5.360513558883953 -4.79929227363044 5.397747024196589 -4.016816679521786 -0.03723346531263731 -0.7824755941086549
1.368 5.428359154831875 -4.710073247512188 5.465484075001829 -3.928736466089163 -0.03712492016995363 -0.7813367814230242
1.37 5.490004852853722 -4.617747988554944 5.527021701490496 -3.837546717287533 -0.03701684863677499 -0.7802012712674113
1.372 5.545090919556546 -4.522920789474217 5.582000167520407 -3.743851740144703 -0.0369092479638618 -0.7790690493295138
1.374 5.593328948719378 -4.426247865114644 5.630131064141257 -3.648307763735225 -0.03680211542187935 -0.777940101379419
1.376 5.634510305686091 -4.328426820712665 5.671205753987317 -3.55161240744365 -0.03669544830122528 -0.776814413269015
1.378 5.668512643590725 -4.230184557209456 5.705101887502584 -3.454492586278053 -0.03658924391185864 -0.7756919709314031
1.38 5.695304166225363 -4.132264037400164 5.731787665808493 -3.357691277019845 -0.03648349958313098 -0.7745727603803193
1.382 5.714945420901842 -4.035410410674577 5.751323633565461 -3.261953642965019 -0.03637821266361886 -0.773456767709558
1.384 5.727588530926487 -3.940357036450724 5.763861911447445 -3.168013057358324 -0.03627338052095811 -0.7723439790924003
1.386 5.733473911101825 -3.847811952907233 5.769642911643505 -3.076577572126184 -0.03616900054167983 -0.7712343807810498
1.388 5.732924639862937 -3.75844530761628 5.768989709993986 -2.988317348510209 -0.03606507013104798 -0.7701279591060707
1.39 5.726338777521819 -3.672878203153577 5.762300364234717 -2.903853502677745 -0.0359615867128986 -0.7690247004758315
1.392 5.714180012687413 -3.591673320056627 5.750038560416893 -2.823748728680672 -0.03585854772948062 -0.767924591375954
1.394 5.69696708195701 -3.515327570262857 5.732723032598308 -2.748499951894091 -0.03575595064129827 -0.766827618368766
1.396 5.675262438398295 -3.44426691629352 5.71091623132525 -2.678533148200761 -0.03565379292695513 -0.7657337680927594
1.398 5.649660642550271 -3.378843374901293 5.68521271463327 -2.61420034763924 -0.03555207208299958 -0.7646430272620524
1.4 5.62077691899397 -3.319334117458092 5.656227704617742 -2.555778734792235 -0.03545078562377191 -0.7635553826658564
1.402 5.589236267537673 -3.265942489873977 5.624586198618926 -2.503471668706029 -0.03534993108125293 -0.7624708211679478
1.404 5.555663447752839 -3.218800706737309 5.590912953757753 -2.457411377031166 -0.03524950600491403 -0.761389329706143
1.406 5.520674076340084 -3.177973929528725 5.555823584301653 -2.417663034236945 -0.03514950796156877 -0.7603108952917796
1.408 5.484866995533189 -3.143465416757514 5.519916930068415 -2.384229911748313 -0.03504993453522589 -0.7592355050092007
1.41 5.448817993437758 -3.115222432433978 5.483768776764702 -2.357059286418735 -0.03495078332694384 -0.7581631460152432
1.412 5.413074888322031 -3.093142614875489 5.447926940276718 -2.336048809336757 -0.03485205195468667 -0.757093805538732
1.414 5.378153931334881 -3.077080536246452 5.412907669388063 -2.321053065366475 -0.0347537380531814 -0.7560274708799769
1.416 5.344537437400144 -3.066854220123253 5.379193276673921 -2.311890090712979 -0.03465583927377673 -0.7549641294102745
1.418 5.312672522265833 -3.06225142570961 5.347230875550136 -2.308347657138196 -0.03455835328430316 -0.7539037685714136
1.42 5.282970803997102 -3.06303554967156 5.317432081766036 -2.310189173796375 -0.03446127776893455 -0.7528463758751854
1.422 5.255808918115353 -3.068951037189841 5.290173528543404 -2.317159098286943 -0.0343646104280509 -0.751791938902898
1.424 5.231529695221524 -3.079728230791873 5.265798044199626 -2.32898778548698 -0.03426834897810255 -0.7507404453048928
1.426 5.210443856222333 -3.095087617647401 5.244616347373809 -2.345395734847332 -0.0341724911514758 -0.7496918828000689
1.428 5.192832091337195 -3.114743462674037 5.226909126033554 -2.36609722349863 -0.03407703469635955 -0.7486462391754067
1.43 5.178947403118973 -3.138406835930213 5.212929380495586 -2.390803333644714 -0.03398197737661362 -0.7476035022854995
1.432 5.169017609280409 -3.16578805867136 5.202904926252048 -2.419224398619274 -0.033887316971638 -0.7465636600520864
1.434 5.163247917046629 -3.196598603611839 5.197040968322873 -2.451071903148249 -0.03379305127624362 -0.7455267004635902
1.436 5.161823496161755 -3.230552492021765 5.195522674262279 -2.486059880447106 -0.03369917810052425 -0.7444926115746588
1.438 5.164911991916602 -3.267367234045575 5.198517687186332 -2.523905852539865 -0.03360569526972962 -0.7434613815057105
1.44 5.172665932306594 -3.306764359701657 5.206178532930734 -2.564331361259174 -0.03351260062413985 -0.7424329984424826
1.442 5.185224994433122 -3.348469587092684 5.218644886452063 -2.6070621364571 -0.03341989201894105 -0.7414074506355846
1.444 5.202718104474461 -3.392212671996615 5.236045671798563 -2.651827945596562 -0.03332756732410214 -0.7403847264000536
1.446 5.22526535302669 -3.437726979685158 5.258500977450943 -2.698362165570243 -0.03323562442425276 -0.7393648141149154
1.448 5.252979713435107 -3.484748815970108 5.28612377465367 -2.746401113747361 -0.03314406121856254 -0.7383477022227469
1.45 5.285968555078653 -3.533016550380103 5.319021430699274 -2.795683171150859 -0.03305287562062129 -0.737333379229244
1.452 5.324334946566519 -3.582269560330996 5.35729701212484 -2.845947726628205 -0.03296206555832056 -0.7363218337027915
1.454 5.368178745659515 -3.632247021316203 5.401050374633251 -2.896933967042165 -0.03287162897373622 -0.735313054274038
1.456 5.417597473591919 -3.682686564664574 5.450379037414931 -2.948379535029101 -0.03278156382301218 -0.7343070296354729
1.458 5.472686971497458 -3.733322821414389 5.505378839573703 -3.000019072873382 -0.03269186807624518 -0.733303748541007
1.46 5.533541835982633 -3.783885868387921 5.566144375700004 -3.051582668582363 -0.03260253971737075 -0.7323031998055582
1.462 5.600255629674855 -3.834099590677674 5.632769206418906 -3.102794218373036 -0.03251357674405026 -0.7313053723046382
1.464 5.672920860906145 -3.883679973540999 5.705345838073704 -3.153369718567056 -0.03242497716755895 -0.7303102549739431
1.466 5.751628724689639 -3.932333336170504 5.783965463702314 -3.203015499361554 -0.03233673901267512 -0.7293178368089497
1.468 5.836468594908304 -3.979754519982936 5.868717455225874 -3.251426413118425 -0.03224886031757031 -0.7283281068645111
1.47 5.927527255250778 -4.025625045039522 5.959688594384478 -3.298283990785064 -0.03216133913370053 -0.7273410542544583
1.472 6.024887854013358 -4.069611249973108 6.056962027539057 -3.343254581821903 -0.03207417352569859 -0.7263566681512049
1.474 6.12862856553889 -4.111362433418067 6.160615927110157 -3.385987495632713 -0.03198736157126731 -0.725374937785354
1.476 6.238820938920383 -4.150509018483356 6.270721840281457 -3.426113166038048 -0.03190090136107385 -0.7243958524453078
1.478 6.355527912801193 -4.186660766318561 6.387342703799838 -3.463241364841679 -0.03181479099864503 -0.7234194014768823
1.48 6.478801473830032 -4.219405070327857 6.510530502430296 -3.496959496044934 -0.03172902860026354 -0.7224455742829237
1.482 6.608679935799882 -4.248305369172718 6.640323548094748 -3.52683100884979 -0.03164361229486522 -0.721474360322927
1.484 6.745184816953683 -4.272899724343393 6.77674335717762 -3.552393975230733 -0.03155854022393729 -0.7205057491126605
1.486 6.888317294676696 -4.292699616775042 6.919791105218113 -3.573159886551252 -0.03147381054141747 -0.71953973022379
1.488 7.038054220174625 -4.307189026686005 7.069443641588219 -3.588612733402496 -0.03138942141359412 -0.7185762932835085
1.49 7.194343681131209 -4.315823871381418 7.225649052150216 -3.598208443407251 -0.03130537101900728 -0.7176154279741669
1.492 7.357100108192508 -4.318031886961082 7.388321765740859 -3.601374762928172 -0.03122165754835063 -0.7166571240329098
1.494 7.526198931925968 -4.313213051402455 7.557337211130343 -3.597511680151143 -0.03113827920437434 -0.7157013712513118
1.496 7.701470811110853 -4.300740657833989 7.732526045312642 -3.585992498358971 -0.03105523420178891 -0.7147481594750186
1.498 7.882695471309813 -4.279963157329417 7.913667992076983 -3.566165678726027 -0.03097252076716979 -0.7137974786033899
1.5 8.069595215082268 -4.250206899386733 8.100485352221131 -3.537357580797587 -0.03089013713886296 -0.7128493185891454
1.502 8.261828192200044 -4.210779904306759 8.292636273766934 -3.498876234868745 -0.0308080815668914 -0.7119036694380135
1.504 8.458981549928676 -4.16097680361631 8.489707902241539 -3.450016282407927 -0.0307263523128623 -0.710960521208383
1.506 8.660564619677322 -4.100085080950962 8.691209567327197 -3.390065216940005 -0.03064494764987533 -0.7100198640109576
1.508 8.866002336521944 -4.027392734628859 8.896566202384376 -3.318311046620447 -0.03056386586243158 -0.7090816880084125
1.51 9.074629131161903 -3.94219746261571 9.105112236408246 -3.234051479200656 -0.03048310524634339 -0.7081459834150542
1.512 9.285683578117407 -3.843817438791425 9.316086242226053 -3.136604698294942 -0.0304026641086451 -0.7072127404964829
1.514 9.498304126925026 -3.731603704602255 9.52862666769253 -3.025321755032998 -0.03032254076750447 -0.7062819495692578
1.516 9.711526281470263 -3.60495414094136 9.741769015022399 -2.899600539940796 -0.03024273355213501 -0.7053536010005643
1.518 9.924281622385749 -3.463328910759018 9.954444863188458 -2.758901225551134 -0.03016324080270913 -0.704427685207884
1.52 10.13539908378357 -3.306267173780567 10.16548314465384 -2.602762981121898 -0.03008406087027202 -0.7035041926586687
1.522 10.3436088931559 -3.133404772519995 10.37361408527256 -2.430821658649981 -0.03000519211665631 -0.702583113870014
1.524 10.54754955661864 -2.944492477003803 10.57747618953304 -2.242828037595464 -0.02992663291439765 -0.7016644394083387
1.526 10.74577821567555 -2.739414259692684 10.7756265973222 -2.03866609980362 -0.02984838164665083 -0.7007481598890641
1.528 10.9367846123053 -2.518204959613017 10.96655504901241 -1.81837069363672 -0.02977043670710689 -0.6998342659762973
1.53 11.11900877437118 -2.281066595258502 11.14870157087109 -1.582143846875986 -0.02969279649991082 -0.6989227483825162
1.532 11.29086237376504 -2.028382510474619 11.32047783320461 -1.330368912606361 -0.02961545943958014 -0.6980135978682581
1.534 11.45075351955022 -1.760728498188009 11.48029194350115 -1.063621692946201 -0.02953842395092408 -0.6971068052418085
1.536 11.59711453605168 -1.478880054830118 11.62657622452064 -0.7826776934712236 -0.02946168846896362 -0.6962023613588942
1.538 11.72843205395663 -1.18381498310259 11.75781730539548 -0.4885147259802111 -0.02938525143885217 -0.695300257122379
1.54 11.84327852744174 -0.8767106881942738 11.87258763875753 -0.1823102047123144 -0.02930911131579698 -0.6944004834819594
1.542 11.94034410138921 -0.5589357033419675 11.96957736795419 0.1345673280918978 -0.02923326656498136 -0.6935030314338654
1.544 12.01846760997301 -0.2320352290690544 12.0476253256345 0.4605726629515073 -0.02915771566148738 -0.6926078920205617
1.546 12.07666541009788 0.1022892361098182 12.1057478671881 0.7940042924402709 -0.02908245709021955 -0.6917150563304527
1.548 12.11415675528901 0.4422057764654448 12.14316424463484 1.133030291963032 -0.02900748934582893 -0.6908245154975874
1.55 12.13038450608918 0.7857827335606238 12.15931731702182 1.475718994261993 -0.02893281093263807 -0.6899362607013695
1.552 12.12503015209132 1.131023161796848 12.15388857245589 1.820073444963115 -0.02885842036456662 -0.6890502831662676
1.554 12.09802237943658 1.475901810047977 12.12680669560164 2.164068384209505 -0.0287843161650575 -0.6881665741615285
1.556 12.04953873811998 1.818403208114304 12.07824923498698 2.505688333115196 -0.02871049686700387 -0.6872851250008927
1.558 11.98000032072597 2.156559362842967 12.00863728173865 2.842965289885278 -0.02863696101267663 -0.6864059270423107
1.56 11.89005972888226 2.488485594798978 11.91862343603591 3.174014566486642 -0.02856370715365269 -0.6855289716876645
1.562 11.78058294541867 2.812413169675277 11.80907367926942 3.497067420057765 -0.02849073385074373 -0.6846542503824877
1.564 11.65262602142109 3.126717586821313 11.68104406109502 3.810499341437002 -0.02841803967392573 -0.6837817546156899
1.566 11.50740770650586 3.429941660025859 11.53575332970812 4.112853135945142 -0.02834562320226908 -0.6829114759192827
1.568 11.34627928433256 3.720812837403421 11.37455276735643 4.402856243271528 -0.02827348302386925 -0.6820434058681075
1.57 11.17069291947184 3.998254530448774 11.19889453720762 4.67943206652834 -0.02820161773577821 -0.681177536079566
1.572 10.98216978093584 4.261391530950423 11.01029980687978 4.941705389163774 -0.02813002594393628 -0.6803138582133513
1.574 10.7822690940658 4.509549866550524 10.81032780032891 5.189002230521707 -0.02805870626310477 -0.6794523639711831
1.576 10.57255910326619 4.742251665431085 10.60054676058299 5.420844710527629 -0.02798765731679905 -0.6785930450965433
1.578 10.35459072312115 4.959205758806869 10.38250760085837 5.636941652181283 -0.02791687773722236 -0.6777358933744136
1.58 10.1298744345989 5.160294844437878 10.1577208007641 5.837175745068895 -0.02784636616520004 -0.6768809006310165
1.582 9.899860764306116 5.345560068704589 9.927636885556231 6.021588127438146 -0.02777612125011453 -0.6760280587335566
1.584 9.665924482643334 5.515183866862115 9.693630624293174 6.19036122645208 -0.02770614164984073 -0.6751773595899649
1.586 9.429352481651442 5.669471841575818 9.456988907682124 6.343800636724461 -0.02763642603068214 -0.6743287951486442
1.588 9.191335151512506 5.80883437051171 9.218902124579813 6.482316727909928 -0.02756697306730738 -0.6734823573982173
1.59 8.952960968373578 5.933768526195948 8.980458749816265 6.606406564563224 -0.0274977814426874 -0.6726380383672763
1.592 8.715213934526361 6.044840775988289 8.742642784374393 6.716636606112423 -0.02742884984803312 -0.6717958301241345
1.594 8.478973471805316 6.142670815381483 8.506333648788051 6.813626540158062 -0.02736017698273376 -0.6709557247765787
1.596 8.245016355697651 6.227916780420186 8.272308117251946 6.898034494891812 -0.02729176155429554 -0.6701177144716259
1.598 8.014020285698182 6.301261989265877 8.041243887976464 6.970543780661155 -0.02722360227828106 -0.6692817913952789
1.6 7.786568711454912 6.363403281295447 7.813724409333161 7.031851229067733 -0.02715569787824913 -0.6684479477722862
1.602 7.56315656913849 6.415040955579542 7.590244616224186 7.082657131445443 -0.02708804708569512 -0.6676161758659013
1.604 7.344196623774747 6.456870258908307 7.371217272414738 7.123656726885953 -0.0270206486399919 -0.6667864679776463
1.606 7.130026157351422 6.48957433560922 7.156979658639753 7.155533152056295 -0.02695350128833118 -0.665958816447075
1.608 6.920913786538359 6.513818525624164 6.947800390324025 7.178951739275704 -0.02688660378566547 -0.6651332136515398
1.61 6.717066235742092 6.530245881826943 6.743886190636743 7.194555533832901 -0.02681995489465046 -0.6643096520059577
1.612 6.518634929626776 6.539473770424907 6.545388483012364 7.202961894387488 -0.02675355338558795 -0.6634881239625812
1.614 6.325722303361191 6.542091417658562 6.35240970139756 7.20476003966933 -0.02668739803636923 -0.6626686220107683
1.616 6.138387758321184 6.538658270238519 6.165009245953604 7.200509408915275 -0.026621487632419 -0.6618511386767555
1.618 5.956653215815924 6.529703044582188 5.983209036782563 7.19073871110562 -0.02655582096663972 -0.6610356665234317
1.62 5.78050824180265 6.515723349737281 5.806998638642007 7.175945547887396 -0.02649039683935646 -0.6602221981501147
1.622 5.609914731886248 6.497185779946943 5.636339945944511 7.156596506139272 -0.02642521405826224 -0.6594107261923287
1.624 5.444811158614281 6.474526384368215 5.471171430052645 7.133127627689797 -0.02636027143836384 -0.6586012433215829
1.626 5.285116392680011 6.448151432947264 5.311411960481939 7.105945175192417 -0.02629556780192802 -0.6577937422451531
1.628 5.130733116584289 6.418438408492732 5.156964218562718 7.075426624198596 -0.02623110197842823 -0.656988215705864
1.63 4.981550854066199 6.385737165305548 5.007717726870691 7.04192182178742 -0.02616687280449185 -0.6561846564818724
1.632 4.837448641607635 6.350371204163102 4.863551520731482 7.005754261549557 -0.02610287912384777 -0.6553830573864547
1.634 4.698297369894644 6.312639021944047 4.724336489681918 6.967222433211838 -0.02603911978727445 -0.6545834112677915
1.636 4.563961823615887 6.272815501692292 4.589937417268436 6.92660121270105 -0.02597559365254846 -0.6537857110087583
1.638 4.434302447670147 6.231153315484244 4.460214747254541 6.884143265010959 -0.02591229958439344 -0.6529899495267146
1.64 4.309176866931625 6.187884318129441 4.335026103386054 6.840080437902738 -0.02584923645442944 -0.6521961197732965
1.642 4.188441185398698 6.14322091457128 4.214227588539821 6.79462512930549 -0.02578640314112277 -0.6514042147342091
1.644 4.071951088957303 6.097357387939857 4.097674887487039 6.747971615368878 -0.02572379852973625 -0.6506142274290214
1.646 3.959562774234416 6.050471178624889 3.985224195746695 6.700297329535853 -0.02566142151227985 -0.6498261509109635
1.648 3.851133724191235 6.002724107560633 3.876732995178697 6.651764085827356 -0.02559927098746177 -0.6490399782667229
1.65 3.746523349281168 5.954263539227932 3.772060695141808 6.602519241844176 -0.02553734586063991 -0.648255702616244
1.652 3.645593511210553 5.90522348175077 3.671069156254327 6.5526967988633 -0.02547564504377386 -0.6474733171125295
1.654 3.548208944622358 5.855725622956861 3.573623112077736 6.502418437898303 -0.0254141674553771 -0.6466928149414417
1.656 3.454237590418796 5.805880302451897 3.479590502439265 6.451794491773403 -0.02535291202046974 -0.6459141893215058
1.658 3.363550852926717 5.755787420666272 3.388842730597249 6.400924854169987 -0.02529187767053165 -0.645137433503715
1.66 3.276023791724507 5.705537286522206 3.301254855067963 6.349899827293543 -0.02523106334345597 -0.6443625407713371
1.662 3.191535257684162 5.655211405878322 3.216705725667665 6.298800910318043 -0.02517046798350294 -0.6435895044397212
1.664 3.109967981627309 5.604883213266121 3.135078072168564 6.247701531122229 -0.0251100905412542 -0.6428183178561074
1.666 3.031208622955841 5.554618749671285 3.056258552929409 6.196667724070722 -0.02504992997356748 -0.6420489743994372
1.668 2.955147784687731 5.504477289254774 2.980137769931263 6.145758756734939 -0.0249899852435316 -0.6412814674801647
1.67 2.881680000495557 5.454511917975374 2.906610255815979 6.095027708515444 -0.02493025532042189 -0.6405157905400699
1.672 2.810703698603338 5.40477006707933 2.835574437782994 6.044522004131403 -0.02487073917965596 -0.6397519370520732
1.674 2.742121146745303 5.355294004385446 2.766932582548053 5.994283904905497 -0.02481143580274989 -0.638989900520051
1.676 2.67583838180895 5.306121286218786 2.700590725986225 5.944350960697438 -0.0247523441772747 -0.6382296744786523
1.678 2.611765127275274 5.257285172746885 2.636458590572087 5.894756425240002 -0.02469346329681326 -0.6374712524931176
1.68 2.549814701125017 5.208815009356797 2.574449493285935 5.845529637515894 -0.02463479216091748 -0.636714628159098
1.682 2.489903916484896 5.160736576581209 2.514480246259962 5.796696371683685 -0.02457632977506596 -0.6359597951024761
1.684 2.431952976949129 5.113072410947716 2.45647105209975 5.748279157926905 -0.02451807515062189 -0.6352067469791887
1.686 2.37588536821364 5.06584209898611 2.400345395518431 5.700297576461159 -0.02446002730479134 -0.634455477475049
1.688 2.321627747402022 5.019062546489972 2.346029932662604 5.652768526795545 -0.02440218526058188 -0.6337059803055725
1.69 2.269109831237832 4.972748224990875 2.293454379284594 5.605706474206676 -0.0243445480467616 -0.6329582492158016
1.692 2.218264284026424 4.92691139727151 2.242551398724242 5.559123675251644 -0.02428711469781837 -0.6322122779801335
1.694 2.169026606240565 4.881562323613925 2.193256490494484 5.513030384016073 -0.02422988425391951 -0.6314680604021484
1.696 2.121335024361745 4.836709450356437 2.145507880122617 5.467435040670875 -0.02417285576087176 -0.6307255903144384
1.698 2.075130382505608 4.792359582215779 2.099246410775689 5.422344443794218 -0.02411602827008158 -0.6299848615784387
1.7 2.030356036254142 4.748518039719779 2.054415437092658 5.377763907804039 -0.0240594008385158 -0.6292458680842593
1.702 1.986957749028195 4.705188802992685 2.010960721556857 5.333697406743203 -0.02400297252866255 -0.6285086037505176
1.704 1.944883591256119 4.662374643036757 1.968830333664611 5.290147705560931 -0.02394674240849255 -0.6277730625241739
1.706 1.904083842530371 4.620077241563329 1.927974552081792 5.247116479943693 -0.02389070955142069 -0.6270392383803645
1.708 1.864510896888548 4.57829730034135 1.888345769924816 5.20460442566359 -0.02383487303626793 -0.6263071253222405
1.71 1.826119171309318 4.53703464095293 1.849898403256542 5.162611358333734 -0.02377923194722354 -0.6255767173808039
1.712 1.788865017475436 4.496288295772653 1.812588802849243 5.121136304387401 -0.02372378537380757 -0.6248480086147469
1.714 1.752706636823175 4.456056590919268 1.776375169234009 5.08017758402956 -0.0236685324108337 -0.6241209931102917
1.716 1.717603998871541 4.416337221866842 1.741217471029913 5.039732886847873 -0.02361347215837241 -0.6233956649810314
1.718 1.683518762802871 4.377127322345 1.707077366524585 4.999799340712772 -0.02355860372171432 -0.6226720183677723
1.72 1.650414202248174 4.338423527104511 1.673918128459508 4.960373574542888 -0.023503926211334 -0.6219500474383765
1.722 1.618255133216641 4.300222029076276 1.641704571959495 4.921451775463883 -0.02344943874285391 -0.6212297463876066
1.724 1.587007845097927 4.262518631407583 1.610402985534936 4.883029740844554 -0.02339514043700879 -0.6205111094369714
1.726 1.55664003465643 4.22530879481771 1.57998106507604 4.845102925652282 -0.02334103041961015 -0.6197941308345709
1.728 1.527120742930127 4.188587680677707 1.550407850751638 4.807666485532653 -0.02328710782151127 -0.6190788048549456
1.73 1.498420294942901 4.152350190185536 1.521653666721473 4.770715315984459 -0.02323337177857225 -0.618365125798923
1.732 1.470510242134443 4.116590999975019 1.493690063566069 4.734244087968488 -0.02317982143162557 -0.6176530879934691
1.734 1.443363307410721 4.081304594468812 1.466489763337163 4.698247280260349 -0.02312645592644171 -0.6169426857915371
1.736 1.416953332717342 4.046485295259864 1.440026607131038 4.662719208831785 -0.02307327441369518 -0.6162339135719205
1.738 1.391255229036964 4.01212728778034 1.414275505085894 4.627654053519444 -0.02302027604893084 -0.6155267657391046
1.74 1.366244928713425 3.978224645495948 1.389212388705956 4.593045882219069 -0.02296745999253037 -0.6148212367231205
1.742 1.341899340006356 3.944771351843479 1.364814165416035 4.55888867282288 -0.02291482540967911 -0.6141173209794001
1.744 1.318196303781299 3.91176132011041 1.341058675251632 4.525176333099041 -0.02286237147033315 -0.613415012988631
1.746 1.295114552242369 3.879188411438665 1.317924649591556 4.491902718695279 -0.02281009734918664 -0.6127143072566135
1.748 1.272633669617609 3.847046451120312 1.295391671843249 4.45906164943443 -0.02275800222563938 -0.6120151983141175
1.75 1.250734054708469 3.815329243337572 1.273440139992234 4.426646924054315 -0.02270608528376473 -0.6113176807167425
1.752 1.229396885218204 3.784030584487542 1.252051230930481 4.394652333532317 -0.02265434571227761 -0.6106217490447751
1.754 1.208604083776713 3.753144275220608 1.231206866481216 4.363071673123659 -0.02260278270450303 -0.6099273979030511
1.756 1.1883382855817 3.722664131310297 1.210889681040044 4.331898753231112 -0.02255139545834453 -0.6092346219208152
1.758 1.168582807579064 3.692583993463098 1.191082990755317 4.301127409214684 -0.02250018317625317 -0.6085434157515858
1.76 1.149321619108047 3.662897736167786 1.171770764173243 4.270751510240801 -0.02244914506519658 -0.607853774073015
1.762 1.130539313939606 3.633599275676246 1.152937594276235 4.240764967263002 -0.02239828033662833 -0.6071656915867556
1.764 1.112221083638281 3.604682577199339 1.134568671844739 4.211161740217664 -0.02234758820645754 -0.6064791630183245
1.766 1.094352692181376 3.576141661396333 1.116649760076395 4.181935844513303 -0.02229706789501869 -0.6057941831169694
1.768 1.07692045177085 3.547970610229207 1.099167170397892 4.153081356884742 -0.02224671862704174 -0.6051107466555352
1.77 1.059911199775512 3.520163572247732 1.082107739407134 4.124592420678065 -0.02219653963162238 -0.6044288484303325
1.772 1.043312276743637 3.492714767366852 1.06545880688583 4.096463250627857 -0.02214653014219264 -0.6037484832610054
1.774 1.027111505427598 3.465618491192846 1.049208194824089 4.068688137183247 -0.0220966893964916 -0.6030696459904015
1.776 1.011297170763712 3.438869118950424 1.033344187400249 4.041261450434866 -0.02204701663653645 -0.6023923314844422
1.778 0.9958580007521742 3.412461109059448 1.017855511860768 4.014177643691442 -0.02199751110859371 -0.601716534631994
1.78 0.9807831481831415 3.386389006406326 1.002731320246292 3.987431256751067 -0.02194817206315066 -0.6010422503447411
1.782 0.9660621731557841 3.360647445351536 0.9879611719106712 3.961016918908594 -0.02189899875488706 -0.6003694735570575
1.784 0.9516850263380331 3.335231152511796 0.9735350167806801 3.934929351737677 -0.02184999044264702 -0.5996981992258812
1.786 0.9376420329154048 3.310134949352893 0.9594431793048159 3.909163371683482 -0.02180114638941115 -0.5990284223305893
1.788 0.9239238771768844 3.285353754625207 0.9456763430391533 3.883713892498079 -0.02175246586226887 -0.5983601378728728
1.79 0.9105215876864156 3.260882586672274 0.9322255358188065 3.858575927548888 -0.02170394813239101 -0.5976933408766139
1.792 0.8974265229877384 3.23671656563934 0.9190821154627409 3.833744592027102 -0.02165559247500252 -0.5970280263877616
1.794 0.8846303577896593 3.212850915605598 0.9062377559590148 3.80921510507981 -0.0216073981693555 -0.5963641894742119
1.796 0.8721250695779589 3.18928096666126 0.8936844340766612 3.784982791886944 -0.02155936449870237 -0.5957018252256839
1.798 0.8599029255987328 3.166002156946774 0.8814144163490021 3.761043085700376 -0.02151149075026927 -0.5950409287536021
1.8 0.8479564701564418 3.143010034667718 0.8694202463716715 3.737391529858692 -0.02146377621522964 -0.5943814951909745
1.802 0.8362785121679716 3.120300260094586 0.8576947323566496 3.714023779786861 -0.02141622018867808 -0.5937235196922753
1.804 0.8248621129123238 3.097868607552251 0.8462309348819281 3.690935604985577 -0.02136882196960431 -0.5930669974333258
1.806 0.8137005739128798 3.075710967397251 0.8350221547737472 3.668122891008429 -0.02132158086086743 -0.5924119236111781
1.808 0.8027874248874988 3.053823347975695 0.8240619210566691 3.645581641419693 -0.02127449616917028 -0.5917582934439978
1.81 0.7921164116992415 3.032201877546155 0.8133439789042756 3.623307979717104 -0.02122756720503406 -0.5911061021709485
1.812 0.7816814842388312 3.010842806143482 0.8028622775216044 3.601298151195559 -0.02118079328277319 -0.5904553450520772
1.814 0.7714767841686131 2.989742507349476 0.7926109578890833 3.579548524717675 -0.02113417372047021 -0.5898060173681994
1.816 0.7614966324571304 2.96889747992452 0.7825843402970815 3.558055594345306 -0.02108770783995104 -0.589158114420786
1.818 0.7517355166340965 2.948304349241236 0.7727769116008569 3.536815980773087 -0.02104139496676034 -0.5885116315318508
1.82 0.7421880776974216 2.927959868445875 0.7631833121275586 3.515826432489713 -0.02099523443013707 -0.5878665640438381
1.822 0.7328490966084537 2.907860919257058 0.7537983221714439 3.49508382657657 -0.02094922556299025 -0.5872229073195114
1.824 0.7237134803181828 2.88800451229243 0.7446168480200578 3.474585169034273 -0.0209033677018749 -0.5865806567418433
1.826 0.7147762472775177 2.868387786793946 0.7356339074644858 3.454327594507852 -0.02085766018696815 -0.5859398077139053
1.828 0.7060325123991912 2.849008009601472 0.7268446147612367 3.434308365260231 -0.02081210236204558 -0.5853003556587588
1.83 0.6974774714583805 2.829862573202244 0.7182441650328382 3.414524869221591 -0.02076669357445766 -0.5846622960193466
1.832 0.6891063849444179 2.810948992661569 0.7098278181195243 3.394974616919954 -0.02072143317510648 -0.5840256242583856
1.834 0.6809145614085651 2.792264901220165 0.7015908819269876 3.375655237078424 -0.02067632051842248 -0.5833903358582587
1.836 0.6728973403924848 2.77380804432444 0.6935286953548264 3.356564470645351 -0.02063135496234161 -0.5827564263209106
1.838 0.6650500750707286 2.755576271843053 0.685636610939011 3.337700163010792 -0.02058653586828242 -0.5821238911677399
1.84 0.6573681147974079 2.73756752821608 0.6779099773985313 3.319060254155575 -0.02054186260112347 -0.5814927259394951
1.842 0.6498467878128756 2.719779840285654 0.6703441223420565 3.300642766481825 -0.02049733452918085 -0.5808629261961712
1.844 0.642481384439735 2.702211302572428 0.6629343354639209 3.282445790089332 -0.0204529510241859 -0.5802344875169045
1.846 0.6352671411770531 2.684860059794206 0.6556758526383162 3.264467465294077 -0.02040871146126307 -0.5796074054998711
1.848 0.6281992261845678 2.667724286474078 0.6485638414034758 3.246705962236261 -0.02036461521890797 -0.5789816757621835
1.85 0.6212727267310892 2.650802163560405 0.6415933884100549 3.229159457500195 -0.02032066167896559 -0.57835729393979
1.852 0.6144826392573488 2.634091852082082 0.6347594894839574 3.211826107769455 -0.02027685022660866 -0.5777342556873729
1.854 0.6078238627662851 2.61759146399094 0.6280570430166013 3.194704020669189 -0.02023318025031617 -0.5771125566782489
1.856 0.6012911962947675 2.601299030500332 0.6214808474366196 3.177791223104601 -0.0201896511418521 -0.5764921926042692
1.858 0.5948793412302928 2.58521246841212 0.6150256035265371 3.16108562758784 -0.02014626229624425 -0.5758731591757202
1.86 0.5885829092036602 2.569329545127061 0.6086859223154234 3.144584997248287 -0.02010301311176326 -0.5752554521212255
1.862 0.5823964362049863 2.553647843249498 0.6024563391948881 3.128286910437146 -0.02005990298990178 -0.574639067187648
1.864 0.5763144034262777 2.538164725911371 0.5963313347616315 3.112188726051363 -0.02001693133535382 -0.5740240001399926
1.866 0.5703312651244249 2.522877304137059 0.5903053626804191 3.096287550898369 -0.01997409755599418 -0.57341024676131
1.868 0.5644414835230488 2.5077824077299 0.584372884585907 3.080580210582501 -0.01993140106285816 -0.5727978028526008
1.87 0.5586395704353428 2.492876561261177 0.5785284117054641 3.065063225493896 -0.01988884127012128 -0.5721866642327199
1.872 0.5529201349059334 2.47815596676072 0.5727665525010126 3.049732793499002 -0.01984641759507923 -0.571576826738282
1.874 0.5472779357584473 2.463616494626252 0.5670820652165753 3.03458478084982 -0.01980412945812801 -0.5709682862235677
1.876 0.5417079375256134 2.449253684072869 0.5614699138083575 3.019614722633299 -0.0197619762827441 -0.5703610385604295
1.878 0.536205367864227 2.43506275412842 0.5559253253596919 3.00481783376662 -0.01971995749546485 -0.5697550796381997
1.88 0.5307657742559805 2.421038625752305 0.5504438467818495 2.990189031115903 -0.01967807252586905 -0.5691504053635972
1.882 0.5253850776035102 2.407175955133325 0.5450213984100678 2.975722966793962 -0.01963632080655759 -0.5685470116606366
1.884 0.520059620279875 2.393469177637711 0.5396543220530092 2.961414072108247 -0.01959470177313422 -0.5679448944705363
1.886 0.5147862062995828 2.37991256127435 0.5343394211637694 2.947256611025979 -0.01955321486418658 -0.5673440497516289
1.888 0.509562131556747 2.366500267970506 0.5290739910780142 2.933244741449776 -0.01951185952126724 -0.56674447347927
1.89 0.5043852025099246 2.353226420458285 0.5238558376987996 2.919372582104035 -0.019470635188875 -0.5661461616457498
1.892 0.4992537422560859 2.340085172206732 0.5186832835705221 2.905634282466936 -0.01942954131443618 -0.5655491102602039
1.894 0.494166583585813 2.327070777633176 0.5135551609340993 2.892024092981701 -0.01938857734828622 -0.5649533153485247
1.896 0.4891230492949905 2.314177659809676 0.5084707920386418 2.87853643276295 -0.01934774274365126 -0.5643587729532736
1.898 0.4841229206881915 2.301400473048154 0.5034299576448215 2.865165952181749 -0.01930703695662997 -0.563765479133595
1.9 0.4791663957919776 2.288734158084746 0.498432855238153 2.851907588049874 -0.01926645944617542 -0.5631734299651278
1.902 0.474254039257196 2.27617398805617 0.4934800489312732 2.838756609596091 -0.01922600967407721 -0.5625826215399208
1.904 0.4693867262372175 2.263715604023047 0.4885724133421611 2.825708653989393 -0.01918568710494354 -0.561993049966346
1.906 0.4645655826708055 2.25135503939788 0.4837110738769891 2.812759750766895 -0.01914549120618361 -0.5614047113690148
1.908 0.4597919243759445 2.239088733226487 0.4788973458239345 2.79990633511518 -0.01910542144799004 -0.5608176018886922
1.91 0.455067197193615 2.226913532808479 0.4741326744969364 2.787145250490693 -0.01906547730332141 -0.5602317176822137
1.912 0.4503929201370161 2.214826686590028 0.4694185783849011 2.77447374151243 -0.01902565824788499 -0.5596470549224014
1.914 0.4457706331380394 2.202825828599563 0.4647565968981589 2.761889438397545 -0.01898596376011953 -0.5590636097979813
1.916 0.4412018505765677 2.190908955915186 0.4601482438977459 2.749390334428687 -0.01894639332117826 -0.5584813785135009
1.918 0.4366880213647445 2.179074400755491 0.4555949677796564 2.736974758044737 -0.0189069464149119 -0.5579003572892466
1.92 0.4322304959670814 2.167320798784226 0.4510981184949333 2.72464134114539 -0.01886762252785189 -0.5573205423611635
1.922 0.4278305003905909 2.155647055132862 0.4466589215397846 2.712388985113635 -0.01882842114919369 -0.5567419299807734
1.924 0.4234891168914798 2.144052309495574 0.4422784586622601 2.70021682591067 -0.01878934177078025 -0.5561645164150953
1.926 0.4192072709228261 2.132535901459805 0.4379576548099116 2.688124199406369 -0.01875038388708552 -0.5555882979465646
1.928 0.4149857236913882 2.121097337022896 0.4336972706865864 2.676110607895851 -0.01871154699519816 -0.5550132708729545
1.93 0.410825069596955 2.109736257029318 0.4294979001917603 2.664175688536615 -0.01867283059480532 -0.5544394315072964
1.932 0.4067257377859945 2.098452408056183 0.425359971974171 2.652319184233984 -0.01863423418817656 -0.5538667761778016
1.934 0.4026879970535509 2.087245616087413 0.4212837543336987 2.640540917315198 -0.01859575728014787 -0.5532953012277841
1.936 0.39871196336288 2.076115763154915 0.4172693627409858 2.628840766170498 -0.01855739937810581 -0.5527250030155823
1.938 0.3947976093113071 2.06506276699048 0.4133167693032789 2.617218644904962 -0.01851915999197179 -0.552155877914482
1.94 0.3909447749447025 2.054086563626107 0.4094258135788889 2.605674485938748 -0.0184810386341864 -0.5515879223126402
1.942 0.3871531794042115 2.043187092800793 0.4055962142239054 2.594208225413803 -0.01844303481969392 -0.5510211326130092
1.944 0.3834224329717209 2.032364285976016 0.4018275810376478 2.582819791209277 -0.01840514806592693 -0.5504555052332608
1.946 0.3797520491606123 2.02161805672681 0.3981194270534033 2.57150909333252 -0.01836737789279095 -0.5498910366057106
1.948 0.3761414565726537 2.010948293256925 0.394471180395303 2.560276016434169 -0.01832972382264932 -0.5493277231772443
1.95 0.3725900103086658 2.000354852781454 0.3908821956889739 2.549120414190697 -0.01829218538030811 -0.5487655614092432
1.952 0.3690970027787815 1.989837557525399 0.3873517648717826 2.538042105302909 -0.01825476209300109 -0.5482045477775097
1.954 0.365661673807573 1.97939619209879 0.383879127297948 2.527040870870985 -0.01821745349037498 -0.5476446787721955
1.956 0.3622832199703621 1.969030502026298 0.3804634790748367 2.516116452924024 -0.01818025910447456 -0.5470859508977266
1.958 0.3589608031301506 1.958740193229215 0.3771039815998787 2.505268553901948 -0.01814317846972813 -0.5465283606727332
1.96 0.3556935581706483 1.948524932278992 0.3737997692935812 2.494496836908969 -0.01810621112293289 -0.5459719046299762
1.962 0.3524805999408768 1.938384347263506 0.3705499565441174 2.483800926579782 -0.01806935660324055 -0.5454165793162761
1.964 0.3493210294413606 1.928318029127716 0.3673536438935036 2.473180410420157 -0.01803261445214292 -0.5448623812924414
1.966 0.3462139392922752 1.918325533370592 0.3642099235057329 2.462634840503791 -0.01799598421345775 -0.544309307133199
1.968 0.343158418530577 1.908406381998273 0.3611178839638916 2.452163735425397 -0.01795946543331454 -0.5437573534271234
1.97 0.3401535567869758 1.898560065649889 0.3580766144471163 2.441766582426455 -0.0179230576601405 -0.543206516776566
1.972 0.3371984478952162 1.888786045827203 0.3550852083398629 2.43144283962479 -0.01788676044464664 -0.5426567937975872
1.974 0.3342921929860717 1.879083757172185 0.3521427663258855 2.421191938292071 -0.0178505733398139 -0.5421081811198867
1.976 0.3314339031171077 1.869452609747714 0.3492483990179871 2.411013285134449 -0.01781449590087942 -0.5415606753867344
1.978 0.3286227014869983 1.859891991286124 0.3464012291723212 2.400906264541027 -0.0177785276853229 -0.5410142732549029
1.98 0.3258577252804892 1.850401269378666 0.3436003935333423 2.390870240773266 -0.01774266825285304 -0.5404689713946004
1.982 0.3231381271867877 1.840979793585474 0.3408450443521818 2.380904560074875 -0.01770691716539409 -0.5399247664894014
1.984 0.3204630766308778 1.831626897451466 0.3381343506179503 2.371008552687648 -0.01767127398707248 -0.5393816552361816
1.986 0.3178317607538689 1.82234190041826 0.3354674990380725 2.361181534763311 -0.01763573828420358 -0.5388396343450509
1.988 0.3152433851750423 1.813124109625835 0.3328436948003208 2.351422810165121 -0.01760030962527847 -0.5382987005392862
1.99 0.3126971745651137 1.803972821600801 0.3302621621460646 2.341731672156068 -0.01756498758095095 -0.5377588505552675
1.992 0.3101923730571119 1.794887323830578 0.3277221447811364 2.33210740497299 -0.01752977172402445 -0.5372200811424109
1.994 0.3077282445184314 1.785866896224582 0.3252229061478706 2.322549285287686 -0.01749466162943921 -0.5366823890631046
1.996 0.3053040727049064 1.776910812464843 0.3227637295791658 2.313056583557487 -0.01745965687425945 -0.5361457710926439
1.998 0.3029191613154237 1.768018341249917 0.3203439183530843 2.303628565269084 -0.0174247570376606 -0.5356102240191672
2 0.3005728339632747 1.759188747436268 0.3179627956641915 2.29426449207986 -0.01738996170091675 -0.5350757446435923
2.002 0.2982644340784988 1.750421293082078 0.3156197045258868 2.284963622861631 -0.01735527044738807 -0.5345423297795524
2.004 0.2959933247536791 1.741715238398784 0.3133140076161874 2.275725214652117 -0.01732068286250834 -0.5340099762533339
2.006 0.293758888544046 1.733069842615757 0.3110450870778186 2.26654852351957 -0.01728619853377261 -0.533478680903813
2.008 0.2915605272312579 1.724484364763451 0.3088123442819828 2.257432805345845 -0.0172518170507249 -0.5329484405823939
2.01 0.2893976615590712 1.715958064380632 0.3066151995640172 2.248377316533579 -0.01721753800494604 -0.5324192521529467
2.012 0.2872697309479087 1.707490202150947 0.3044530919379502 2.239381314642692 -0.01718336099004148 -0.5318911124917453
2.014 0.285176193194377 1.699080040473906 0.3023254787960063 2.230444058961313 -0.01714928560162934 -0.5313640184874073
2.016 0.2831165241609289 1.690726843975325 0.3002318355982573 2.221564811016157 -0.01711531143732842 -0.5308379670408322
2.018 0.2810902174601427 1.682429879962001 0.2981716555568891 2.212742835027143 -0.01708143809674639 -0.5303129550651415
2.02 0.2790967841373682 1.674188418824946 0.2961444493188361 2.203977398310564 -0.01704766518146791 -0.5297889794856182
2.022 0.27713575235497 1.66600173439558 0.294149744650013 2.195267771635228 -0.01701399229504306 -0.529266037239647
2.024 0.2752066670809186 1.657869104258831 0.2921870861238942 2.186613229535487 -0.0169804190429756 -0.5287441252766555
2.026 0.2733090897840019 1.649789810026866 0.2902560348167134 2.17801305058492 -0.01694694503271152 -0.5282232405580543
2.028 0.2714425981375922 1.641763137576921 0.2883561680112197 2.169466517634099 -0.01691356987362752 -0.5277033800571787
2.03 0.2696067857336133 1.633788377256669 0.286487078910633 2.160972918015899 -0.0168802931770197 -0.5271845407592305
2.032 0.2678012618080481 1.62586482405995 0.2846483763641403 2.152531543721169 -0.01684711455609216 -0.5266667196612196
2.034 0.2660256509790947 1.617991777775867 0.2828396846050406 2.144141691547773 -0.01681403362594588 -0.5261499137719065
2.036 0.2642795929989319 1.610168543113912 0.2810606430024994 2.135802663225657 -0.01678105000356749 -0.5256341201117447
2.038 0.2625627425198489 1.602394429807436 0.2793109058276672 2.12751376552026 -0.01674816330781825 -0.5251193357128244
2.04 0.2608747688753587 1.594668752697888 0.2775901420347817 2.119274310316702 -0.01671537315942301 -0.5246055576188146
2.042 0.2592153558768369 1.586990831802012 0.2758980350577962 2.11108361468692 -0.01668267918095936 -0.5240927828849079
2.044 0.2575842016261019 1.579359992363822 0.2742342826229486 2.102941000941586 -0.01665008099684669 -0.5235810085777637
2.046 0.2559810183442695 1.571775564893372 0.272598596577605 2.094845796668825 -0.01661757823333552 -0.5230702317754533
2.048 0.2544055322171899 1.564236885194111 0.2709907027356866 2.086797334761514 -0.01658517051849668 -0.5225604495674032
2.05 0.2528574832577005 1.556743294380324 0.2694103407399114 2.078794953434665 -0.01655285748221083 -0.5220516590543417
2.052 0.2513366251848702 1.549294138886323 0.267857263941028 2.070837996234565 -0.01652063875615778 -0.5215438573482426
2.054 0.2498427253204309 1.541888770468963 0.266331239294237 2.062925812041235 -0.01648851397380608 -0.5210370415722722
2.056 0.2483755645025373 1.534526546204676 0.2648320472729399 2.055057755065409 -0.01645648277040257 -0.5205312088607335
2.058 0.2469349370169707 1.527206828482607 0.2633594817999327 2.047233184841621 -0.01642454478296207 -0.5200263563590144
2.06 0.2455206505459203 1.51992898499505 0.2619133501961775 2.039451466218583 -0.0163926996502571 -0.5195224812235327
2.062 0.2441325261344506 1.512692388726535 0.2604934731472583 2.031711969348219 -0.01636094701280769 -0.5190195806216837
2.064 0.242770398174775 1.505496417942722 0.2590996846876462 2.024014069674509 -0.01632928651287119 -0.5185176517317867
2.066 0.2414341144084217 1.498340456180498 0.257731832202854 2.016357147923531 -0.01629771779443231 -0.518016691743033
2.068 0.2401235359464125 1.491223892240419 0.2563897764496055 2.008740590095853 -0.01626624050319303 -0.5175166978554335
2.07 0.2388385373075739 1.484146120182733 0.2550733915941366 2.0011637874625 -0.01623485428656274 -0.5170176672797671
2.072 0.2375790064750526 1.477106539328326 0.253782565268701 1.993626136565854 -0.01620355879364831 -0.5165195972375275
2.074 0.2363448449711564 1.47010455426588 0.2525171986464008 1.986127039226755 -0.01617235367524438 -0.5160224849608744
2.076 0.2351359679506282 1.463139574866418 0.2512772065344518 1.978665902558997 -0.01614123858382355 -0.5155263276925798
2.078 0.2339523043124095 1.45621101630685 0.2500625174859363 1.971242138992829 -0.01611021317352678 -0.5150311226859793
2.08 0.2327937968299704 1.449318299103795 0.2488730739301242 1.963855166308715 -0.01607927710015376 -0.5145368672049203
2.082 0.2316604023002916 1.442460849159171 0.247708832321445 1.956504407682884 -0.01604843002115337 -0.5140435585237124
2.084 0.2305520917114637 1.435638097819214 0.2465697633070779 1.949189291746291 -0.01601767159561421 -0.5135511939270773
2.086 0.2294688504289179 1.428849481948587 0.2454558519131732 1.941909252658687 -0.01598700148425526 -0.5130597707100996
2.088 0.2284106784002378 1.422094444021212 0.2443670977496542 1.934663730199388 -0.0159564193494164 -0.5125692861781763
2.09 0.2273775903783954 1.415372432229895 0.2433035152334447 1.927452169876865 -0.01592592485504929 -0.5120797376469695
2.092 0.2263696161632128 1.408682900616627 0.2422651338299208 1.920274023058983 -0.01589551766670799 -0.5115911224423557
2.094 0.225386800860798 1.402025309225634 0.241251998312338 1.913128747126013 -0.01586519745153995 -0.5111034379003793
2.096 0.2244292051604887 1.395399124281625 0.2402641690387655 1.906015805648827 -0.01583496387827679 -0.5106166813672024
2.098 0.2234969056287905 1.388803818395519 0.2393017222460158 1.898934668594578 -0.01580481661722536 -0.5101308501990583
2.1 0.2225899950196211 1.38223887080022 0.2383647503598798 1.891884812562423 -0.01577475534025868 -0.5096459417622035
2.102 0.2217085825999307 1.375703767619331 0.2374533623207378 1.884865721052201 -0.0157447797208071 -0.5091619534328695
2.104 0.220852794489572 1.369198002171642 0.2365676839234213 1.877876884768859 -0.01571488943384937 -0.5086788825972167
2.106 0.2200227740140654 1.362721075314421 0.2357078581699693 1.870917801965708 -0.01568508415590392 -0.508196726651287
2.108 0.2192186820685258 1.356272495829001 0.2348740456335459 1.863987978829958 -0.01565536356502003 -0.5077154830009571
2.11 0.2184406974906571 1.349851780851977 0.2340664248314263 1.857086929913871 -0.01562572734076922 -0.507235149061893
2.112 0.2176890174404056 1.343458456355637 0.2332851926046421 1.85021417861514 -0.01559617516423657 -0.5067557222595023
2.114 0.2169638577832373 1.337092057681551 0.2325305645012495 1.843369257710441 -0.01556670671801223 -0.50627720002889
2.116 0.2162654534735162 1.330752130131156 0.231802775159699 1.836551709945969 -0.01553732168618279 -0.5057995798148119
2.118 0.2155940589338916 1.324438229617362 0.2311020786882146 1.829761088688993 -0.01550801975432294 -0.5053228590716304
2.12 0.2149499484257538 1.318149923381327 0.2304287490352408 1.822996958644595 -0.01547880060948698 -0.5048470352632677
2.122 0.2143334164050897 1.311886790778604 0.2297830803452902 1.816258896641767 -0.01544966394020055 -0.5043721058631627
2.124 0.2137447778571689 1.305648424138423 0.2291653872936212 1.809546492492648 -0.01542060943645228 -0.5038980683542253
2.126 0.2131843686023886 1.299434429700352 0.2285760053920741 1.802859349929145 -0.01539163678968559 -0.5034249202287934
2.128 0.2126525455645232 1.293244428631747 0.2280152912573137 1.796197087620333 -0.01536274569279048 -0.5029526589885868
2.13 0.2121496869913874 1.287078058129159 0.2274836228314829 1.789559340273824 -0.01533393584009544 -0.5024812821446657
2.132 0.2116761926164598 1.280934972606393 0.2269813995438192 1.782945759823779 -0.01530520692735931 -0.5020107872173855
2.134 0.2112324837485851 1.274814844971 0.2265090424003484 1.776356016707354 -0.01527655865176336 -0.501541171736354
2.136 0.2108190032752901 1.26871736798961 0.2260669939871933 1.769789801229998 -0.01524799071190321 -0.5010724332403887
2.138 0.21043621556343 1.262642255741673 0.225655718371211 1.763246825019146 -0.015219502807781 -0.5006045692774735
2.14 0.2100846062392344 1.25658924515889 0.2252757008800319 1.756726822563606 -0.01519109464079745 -0.500137577404716
2.142 0.2097646818280064 1.2505580976454 0.2249274477417505 1.750229552833706 -0.0151627659137441 -0.4996714551883056
2.144 0.2094769692318069 1.244548600771397 0.2246114855626024 1.743754800974868 -0.01513451633079554 -0.4992062002034713
2.146 0.2092220150219363 1.238560570029054 0.224328360619438 1.737302380063493 -0.01510634559750166 -0.4987418100344392
2.148 0.2090003845214334 1.232593850635748 0.2240786379422134 1.730872132910139 -0.01507825342078001 -0.4982782822743917
2.15 0.2088126606515253 1.226648319364876 0.2238629001604335 1.724463933890302 -0.01505023950890822 -0.4978156145254257
2.152 0.2086594425153344 1.220723886378762 0.2236817460868507 1.718077690777273 -0.01502230357151636 -0.4973538043985109
2.154 0.2085413436920087 1.214820497031565 0.2235357890115882 1.711713346545015 -0.01499444531957951 -0.4968928495134501
2.156 0.2084589902151361 1.20893813360285 0.2234256546805463 1.705370881101687 -0.01496666446541021 -0.496432747498837
2.158 0.208413018211381 1.203076816913868 0.2233519789340321 1.699050312905885 -0.01493896072265111 -0.4959734959920166
2.16 0.2084040711787503 1.19723660776907 0.2233154049850179 1.692751700408115 -0.01491133380626755 -0.4955150926390448
2.162 0.2084327968890964 1.191417608155664 0.2233165803216367 1.686475143250312 -0.0148837834325403 -0.4950575350946481
2.164 0.2084998439073267 1.185619962122782 0.2233561532263849 1.680220783144966 -0.01485630931905819 -0.4946008210221836
2.166 0.2086058577302771 1.179843856250787 0.2234347689149881 1.673988804344388 -0.01482891118471099 -0.4941449480936002
2.168 0.2087514765617808 1.174089519610406 0.2235530653114629 1.667779433599804 -0.01480158874968213 -0.4936899139893979
2.17 0.208937326758232 1.168357223101002 0.2237116684936737 1.661592939499593 -0.01477434173544164 -0.4932357163985901
2.172 0.2091640180007304 1.162647278048307 0.2239111878654694 1.65542963106697 -0.01474716986473899 -0.492782353018663
2.174 0.2094321382759604 1.156960033936349 0.2241522111375566 1.649289855491887 -0.01472007286159613 -0.4923298215555383
2.176 0.209742248779346 1.151295875145674 0.2244352992306464 1.643173994869208 -0.01469305045130041 -0.4918781197235338
2.178 0.2100948788895696 1.145655216573231 0.2247609812499673 1.637082461818556 -0.01466610236039768 -0.4914272452453252
2.18 0.2104905214032873 1.140038498020006 0.2251297497199726 1.631015693871914 -0.01463922831668533 -0.490977195851908
2.182 0.2109296282620615 1.134446177251865 0.225542056311267 1.624974146534425 -0.0146124280492055 -0.49052796928256
2.184 0.2114126070482371 1.128878721669608 0.2259983083364753 1.618958284954411 -0.01458570128823817 -0.4900795632848025
2.186 0.211939818570201 1.123336598568387 0.2264988663354955 1.612968574182752 -0.01455904776529445 -0.4896319756143641
2.188 0.2125115758978872 1.117820264024487 0.227044043110997 1.607005468059629 -0.01453246721310981 -0.4891852040351426
2.19 0.2131281452416766 1.112330150521356 0.227634104607314 1.601069396840524 -0.01450595936563741 -0.488739246319168
2.192 0.2137897490875987 1.106866653516162 0.2282692730456401 1.595160753762728 -0.0144795239580414 -0.4882941002465654
2.194 0.2144965720036679 1.101430117251544 0.2289497327303583 1.589279880857064 -0.01445316072669041 -0.4878497636055193
2.196 0.2152487695106487 1.096020820231692 0.2296756389197996 1.583427054423928 -0.01442686940915087 -0.4874062341922356
2.198 0.2160464803595726 1.090638960903116 0.2304471301037532 1.577602470714022 -0.01440064974418058 -0.4869635098109065
2.2 0.2168898424742569 1.085284644199875 0.2312643439459791 1.571806232473548 -0.01437450147172218 -0.4865215882736736
2.202 0.2177790126962164 1.079957869722979 0.2321274370291131 1.566038337123572 -0.01434842433289671 -0.486080467400593
2.204 0.2187141903120948 1.074658522411563 0.233036608382092 1.560298667431162 -0.01432241806999722 -0.4856401450195981
2.206 0.2196956441525576 1.069386366618939 0.23399212657904 1.554586985585404 -0.01429648242648244 -0.4852006189664655
2.208 0.2207237428345604 1.064141044515767 0.2349943599815308 1.548902931600546 -0.01427061714697038 -0.4847618870847785
2.21 0.2217989874871667 1.058922079696705 0.2360438094643988 1.543246026922598 -0.01424482197723216 -0.4843239472258932
2.212 0.2229220460699866 1.053728886757958 0.2371411427341722 1.53761568400686 -0.01421909666418565 -0.4838867972489024
2.214 0.2240937881829576 1.048560787438328 0.238287229138847 1.532011222458929 -0.01419344095588938 -0.4834504350206014
2.216 0.2253153190958092 1.043417033680414 0.2394831736973455 1.526431892095867 -0.01416785460153631 -0.4830148584154532
2.218 0.2265880116154317 1.038296837681933 0.2407303489668794 1.520876902997488 -0.01414233735144772 -0.4825800653155545
2.22 0.2279135343763256 1.033199408687064 0.2420304233333927 1.515345462297665 -0.01411688895706715 -0.4821460536106012
2.222 0.2292938751935344 1.0281239959385 0.2433853843644888 1.509836817136355 -0.01409150917095433 -0.4817128211978543
2.224 0.230731358261365 1.023069936899538 0.2447975560081442 1.504350302881644 -0.01406619774677917 -0.4812803659821058
2.226 0.2322286542089336 1.018036709589148 0.2462696086482494 1.498885395464794 -0.01404095443931582 -0.4808486858756463
2.228 0.233788782318404 1.013023987677369 0.2478045613228407 1.493441766475599 -0.01401577900443668 -0.4804177787982296
2.23 0.2354151045495499 1.008031696882093 0.2494057757486565 1.488019339559135 -0.01399067119910659 -0.4799876426770413
2.232 0.2371113113666699 1.003060071200653 0.2510769421480468 1.482618346647317 -0.01396563078137687 -0.4795582754466642
2.234 0.2388813996985062 0.9981097076013914 0.2528220572088858 1.477239382650438 -0.01394065751037959 -0.4791296750490463
2.236 0.2407296436492921 0.9931816179803389 0.2546453947956138 1.471883457413806 -0.01391575114632173 -0.4787018394334673
2.238 0.2426605587960814 0.9882772774364726 0.2565514702465609 1.46655204399298 -0.01389091145047943 -0.4782747665565071
2.24 0.2446788610370832 0.9833986682105564 0.2585449992222755 1.461247122592568 -0.01386613818519231 -0.4778484543820118
2.242 0.2467894209907427 0.9785483189379949 0.2606308521046005 1.455971219819058 -0.01384143111385776 -0.4774229008810631
2.244 0.2489972148898384 0.9737293391565887 0.2628140048907637 1.450727443188533 -0.01381679000092531 -0.4769981040319447
2.246 0.2513072727785554 0.9689454492607593 0.2650994873904464 1.445519511080871 -0.01379221461189104 -0.4765740618201119
2.248 0.2537246246204001 0.9642010062852897 0.267492329333692 1.440351778523448 -0.01376770471329194 -0.4761507722381583
2.25 0.2562542446833413 0.9595010260203293 0.2699975047560418 1.435229259306115 -0.01374326007270049 -0.4757282332857861
2.252 0.2589009943060662 0.9548512020001203 0.2726198747647852 1.430157644969893 -0.01371888045871901 -0.4753064429697725
2.254 0.2616695628871378 0.9502579218709605 0.2753641285281122 1.425143321174901 -0.01369456564097431 -0.47488539930394
2.256 0.2645644066966709 0.9457282815338968 0.2782347220867831 1.420193381843022 -0.01367031539011222 -0.4744651003091254
2.258 0.2675896849015997 0.9412700972838164 0.2812358143793919 1.415315641296964 -0.01364612947779212 -0.4740455440131477
2.26 0.2707491920325177 0.9368919159392717 0.2843711997091994 1.41051864439005 -0.01362200767668169 -0.4736267284507787
2.262 0.2740462860116019 0.9326030226869899 0.2876442357720534 1.405811674350701 -0.01359794976045147 -0.4732086516637113
2.264 0.2774838108120794 0.9284134460626747 0.291057766315849 1.401204757763205 -0.01357395550376963 -0.4727913117005297
2.266 0.2810640128341431 0.9243339591650259 0.2946140375164397 1.396708665781705 -0.01355002468229662 -0.4723747066166791
2.268 0.2847884501653158 0.9203760758615611 0.2983146072379958 1.392334910335997 -0.01352615707268004 -0.4719588344744357
2.27 0.2886578940470674 0.9165520404016668 0.3021602464996168 1.388095733744543 -0.01350235245254931 -0.4715436933428759
2.272 0.2926722220987688 0.9128748085130134 0.3061508326992795 1.384004089810862 -0.01347861060051062 -0.4711292812978482
2.274 0.2968303031611796 0.9093580177321354 0.3102852344573213 1.380073614154077 -0.01345493129614169 -0.4707155964219414
2.276 0.3011298740191929 0.906015944420404 0.3145611883391796 1.376318581224862 -0.0134313143199867 -0.4703026368044575
2.278 0.3055674087533375 0.9028634446590763 0.3189751682068887 1.372753845200456 -0.01340775945355123 -0.4698904005413799
2.28 0.3101379820580868 0.8999158760201245 0.323522248537384 1.369394761755471 -0.01338426647929716 -0.4694788857353465
2.282 0.3148351285535275 0.8971889970984035 0.3281959637341652 1.366257087594023 -0.0133608351806377 -0.469068090495619
2.284 0.3196507009029114 0.8946988416946237 0.3329881662448438 1.363356854632679 -0.0133374653419324 -0.4686580129380554
2.286 0.3245747304257822 0.8924615646922509 0.3378888871742644 1.360710215877331 -0.01331415674848215 -0.4682486511850799
2.288 0.3295952948450118 0.8904932570135073 0.3428862040315361 1.358333260379163 -0.01329090918652431 -0.4678400033656556
2.29 0.3346983987955513 0.8888097276107485 0.3479661212387791 1.356241795226004 -0.01326772244322777 -0.4674320676152552
2.292 0.339867873710779 0.8874262512896689 0.3531124700174671 1.354451093365502 -0.01324459630668811 -0.4670248420758331
2.294 0.3450853046253613 0.8863572823041981 0.3583068351912841 1.352975607199995 -0.01322153056592277 -0.4666183248957974
2.296 0.3503299922109165 0.8856161351328328 0.3635285172217827 1.351828649362814 -0.01319852501086621 -0.4662125142299817
2.298 0.3555789588988582 0.8852146356478918 0.3687545383312233 1.351022043887509 -0.01317557943236515 -0.4658074082396173
2.3 0.3608070081293864 0.8851627480015009 0.3739597017515602 1.350565753093806 -0.01315269362217386 -0.4654030050923056
2.302 0.3659868454773546 0.885468184919475 0.379116712850304 1.350467487881466 -0.01312986737294934 -0.4649993029619906
2.304 0.3710892695292441 0.8861360116211801 0.3841963700074909 1.350732311650112 -0.01310710047824677 -0.4645963000289315
2.306 0.3760834388163347 0.8871682561273875 0.3891678315488494 1.351362250607063 -0.01308439273251469 -0.4641939944796751
2.308 0.380937218775886 0.8885635410906837 0.3939989627069765 1.352355925597713 -0.01306174393109051 -0.4637923845070292
2.31 0.3856176095983984 0.8903167542578603 0.3986567634685942 1.353708222567896 -0.0130391538701958 -0.4633914683100352
2.312 0.3900912519709131 0.8924187759944044 0.4031078743178448 1.355410020088346 -0.01301662234693176 -0.4629912440939418
2.314 0.3943250032807322 0.8948562827102953 0.4073191524400068 1.357447992780473 -0.01299414915927465 -0.4625917100701777
2.316 0.3982865720271562 0.897611644287128 0.4112583061332275 1.359804508743453 -0.01297173410607131 -0.4621928644563253
2.318 0.4019451933210543 0.9006629315459909 0.4148945703080889 1.362457637022085 -0.01294937698703457 -0.4617947054760944
2.32 0.4052723238251584 0.903984046332222 0.4181994014278973 1.365381277691518 -0.01292707760273889 -0.4613972313592958
2.322 0.4082423307391488 0.9075449819751173 0.4211471664937647 1.368545422316932 -0.01290483575461583 -0.4610004403418148
2.324 0.4108331468996356 0.9113122159040059 0.4237157981445853 1.371916546569592 -0.0128826512449497 -0.4606043306655863
2.326 0.4130268631250971 0.9152492294141381 0.4258873870019703 1.375458129992705 -0.01286052387687312 -0.4602089005785672
2.328 0.4148102298564009 0.9193171424528792 0.4276486833107636 1.379131290787592 -0.01283845345436268 -0.4598141483347125
2.33 0.4161750430337078 0.923475444415236 0.4289914828159424 1.382895516609184 -0.0128164397822346 -0.459420072193948
2.332 0.4171183939194874 0.9276827958968438 0.4299128765856278 1.38670946631899 -0.01279448266614044 -0.4590266704221463
2.334 0.4176427689358718 0.9318978717134991 0.4304153508484345 1.390531813004599 -0.01277258191256277 -0.4586339412911001
2.336 0.4177559930634773 0.9360802127113469 0.4305067303922882 1.394322095789845 -0.01275073732881095 -0.4582418830784981
2.338 0.4174710183441273 0.9401910532307136 0.4301999670671442 1.398041547298613 -0.01272894872301687 -0.4578504940678991
2.34 0.4168055668788103 0.9441940926098411 0.4295127827829411 1.401653865158549 -0.01270721590413077 -0.4574597725487076
2.342 0.4157816447705681 0.9480561826633054 0.4284671834524851 1.405125899479454 -0.01268553868191701 -0.4570697168161483
2.344 0.4144249491804876 0.9517479082816934 0.4270888660474376 1.408428233452936 -0.01266391686694998 -0.4566803251712425
2.346 0.4127641946536054 0.9552440446628007 0.4254065449242153 1.411535640583583 -0.0126423502706099 -0.4562915959207819
2.348 0.4108303869346787 0.9585238816158068 0.4234512256397574 1.414427408993113 -0.01262083870507874 -0.4559035273773058
2.35 0.4086560726373369 0.961571412277801 0.421255454620673 1.417087530136876 -0.01259938198333613 -0.4555161178590754
2.352 0.406274591544847 0.9643753899139358 0.4188525714640023 1.419504755603986 -0.01257797991915531 -0.4551293656900506
2.354 0.4037193553354047 0.9669292618211527 0.4162759876625038 1.421672531021018 -0.01255663232709908 -0.4547432691998652
2.356 0.4010231725580412 0.9692309934451453 0.413558511580557 1.423588820168949 -0.0125353390225158 -0.4543578267238034
2.358 0.3982176351839126 0.9712827985314298 0.410731735005448 1.425255835134205 -0.01251409982153537 -0.4539730366027754
2.36 0.3953325774469877 0.9730907924903212 0.4078254919880531 1.426679689673616 -0.01249291454106531 -0.4535888971832944
2.362 0.3923956133331967 0.9746645863000327 0.4048673963319835 1.427869993117485 -0.0124717829987868 -0.4532054068174525
2.364 0.3894317552563547 0.9760168374234213 0.4018824602695054 1.428839401286319 -0.01245070501315073 -0.4528225638628974
2.366 0.386463113352505 0.9771627726421849 0.3988927937558788 1.429603139324993 -0.01242968040337386 -0.4524403666828084
2.368 0.3835086725187379 0.97811969569529 0.3959173815081728 1.430178509341165 -0.0124087089894349 -0.4520588136458746
2.37 0.380584142819446 0.9789064904105456 0.3929719334115166 1.430584393536815 -0.01238779059207069 -0.4516779031262698
2.372 0.3777018781138469 0.9795431278726651 0.3900688031466192 1.430840761376297 -0.01236692503277236 -0.4512976335036315
2.374 0.3748708576070175 0.9800501842598734 0.3872169697407991 1.43096818742291 -0.01234611213378153 -0.4509180031630364
2.376 0.3720967253424508 0.9804483744370996 0.3844220770605373 1.430987384932078 -0.01232535171808653 -0.4505390104949784
2.378 0.3693818832680851 0.980758105297438 0.3816865268775037 1.430918759192784 -0.01230464360941861 -0.4501606538953457
2.38 0.3667256342502234 0.9809990522222669 0.3790096218824717 1.430781983987665 -0.01228398763224828 -0.4497829317653984
2.382 0.3641243721168124 0.9811897618650383 0.3763877557285938 1.430595604376784 -0.01226338361178147 -0.4494058425117457
2.384 0.361571816334829 0.9813472846944067 0.373814647708785 1.430376669240731 -0.01224283137395599 -0.4490293845463243
2.386 0.3590592891454465 0.981486841258969 0.3712816198908843 1.430140397545344 -0.01222233074543771 -0.4486535562863749
2.388 0.3565760328069085 0.9816215268290274 0.3687779143605255 1.429899882983449 -0.01220188155361701 -0.4482783561544217
2.39 0.3541095639794234 0.9817620597793029 0.3662910476060285 1.429665842357552 -0.01218148362660509 -0.4479037825782489
2.392 0.3516460612300574 0.981916579633886 0.3638071980232878 1.429446413624766 -0.01216113679323043 -0.4475298339908797
2.394 0.3491707801907663 0.9820905009369034 0.3613116210738014 1.429247009767458 -0.0121408408830351 -0.4471565088305542
2.396 0.3466684891741567 0.9822864288918405 0.358789084900428 1.429070234432549 -0.0121205957262713 -0.4467838055407081
2.398 0.3441239161969774 0.9825041419138104 0.3562243173508751 1.428915864483761 -0.01210040115389774 -0.4464117225699503
2.4 0.3415221965775031 0.9827406447992471 0.3536024535750792 1.428780903171289 -0.01208025699757615 -0.4460402583720424
2.402 0.3388493087799568 0.9829902941421187 0.3509094718696246 1.428659705547995 -0.01206016308966777 -0.4456694114058766
2.404 0.336092485199221 0.9832449949925697 0.3481326044624508 1.428544175128025 -0.01204011926322986 -0.4452991801354551
2.406 0.3332405843081685 0.9834944647213981 0.3452607096601807 1.428424027751267 -0.01202012535201224 -0.4449295630298684
2.408 0.3302844111669304 0.9837265568476905 0.3422845923573842 1.428287115410965 -0.01200018119045384 -0.4445605585632744
2.41 0.3272169747815039 0.9839276344786518 0.3391972613951831 1.428119799693529 -0.01198028661367927 -0.4441921652148775
2.412 0.3240336731646328 0.984082980290462 0.3359941146221282 1.42790736175937 -0.01196044145749546 -0.4438243814689084
2.414 0.3207324000609938 0.9841772279203471 0.332673045619382 1.427634433734949 -0.0119406455583882 -0.4434572058146019
2.416 0.3173135709312529 0.9841947984597281 0.3292344696847718 1.427285435205906 -0.01192089875351886 -0.4430906367461778
2.418 0.3137800696583263 0.98412032557158 0.3256812705390473 1.426844998334399 -0.01190120088072095 -0.4427246727628193
2.42 0.3101371212248044 0.9839390536350265 0.3220186730033013 1.42629836600368 -0.0118815517784969 -0.4423593123686537
2.422 0.3063920990039724 0.9836371951692848 0.318254050289987 1.425631749242015 -0.01186195128601465 -0.4419945540727304
2.424 0.3025542780430117 0.9832022364363238 0.3143966772861161 1.424832632825326 -0.01184239924310444 -0.4416303963890026
2.426 0.2986345476045985 0.98262318332258 0.310457443094854 1.423890021158886 -0.01182289549025551 -0.4412668378363057
2.428 0.2946450971780865 0.981890743069468 0.3064485370466993 1.422794620007806 -0.01180343986861283 -0.4409038769383379
2.43 0.2905990901747022 0.980997440872144 0.3023831223946761 1.421538953095784 -0.01178403221997392 -0.4405415122236403
2.432 0.2865103386713348 0.9799376735375946 0.2982750110581204 1.420117415763172 -0.01176467238678557 -0.4401797422255769
2.434 0.2823929910233171 0.9787077050810905 0.2941383512354578 1.418526270563406 -0.01174536021214071 -0.4398185654823151
2.436 0.2782612421290717 0.9773056112096117 0.2899873376688469 1.416763591746417 -0.0117260955397752 -0.4394579805368057
2.438 0.2741290738104639 0.9757311810315459 0.2858359520245286 1.41482916696831 -0.01170687821406466 -0.4390979859367636
2.44 0.2700100303800463 0.973985785049668 0.2816977384600677 1.412724365284317 -0.01168770808002138 -0.4387385802346486
2.442 0.2659170321748003 0.9720722186015595 0.2775856171580915 1.410451980589205 -0.01166858498329113 -0.4383797619876454
2.444 0.2618622277799281 0.9699945295091541 0.2735117365500782 1.408016059266799 -0.01164950877015013 -0.438021529757645
2.446 0.2578568839370396 0.9677578379080234 0.2694873632245415 1.405421720019248 -0.01163047928750189 -0.437663882111225
2.448 0.2539113107743024 0.9653681551744764 0.2655228071571766 1.402674972794108 -0.0116114963828742 -0.4373068176196313
2.45 0.2500348190184148 0.9628322076733211 0.2616273789228309 1.399782542532079 -0.01159255990441603 -0.4369503348587579
2.452 0.2462357052294969 0.9601572698141759 0.2578093749303915 1.396751702223306 -0.01157366970089455 -0.4365944324091297
2.454 0.2425212607956717 0.9573510097106197 0.2540760864173638 1.393590118566502 -0.01155482562169206 -0.4362391088558819
2.456 0.2388978003820682 0.9544213496438511 0.2504338278988713 1.390305712432594 -0.01153602751680304 -0.4358843627887427
2.458 0.2353707056883751 0.9513763425774984 0.2468879809252062 1.386906535379512 -0.01151727523683112 -0.4355301928020138
2.46 0.2319444806747799 0.9482240651724269 0.2434430493077661 1.38340066266698 -0.01149856863298615 -0.4351765974945528
2.462 0.228622814816114 0.944972527113302 0.2401027223731953 1.379796102583056 -0.01147990755708123 -0.4348235754697538
2.464 0.2254086513937805 0.9416295960752303 0.2368699432553103 1.37610072141076 -0.0114612918615298 -0.4344711253355296
2.466 0.2223042583004637 0.9382029373145009 0.2337469796998064 1.372322183018794 -0.01144272139934268 -0.4341192457042931
2.468 0.2193112992873509 0.934699966644104 0.2307354953114762 1.368467901837044 -0.01142419602412524 -0.43376793519294
2.47 0.216430904008063 0.9311278154308735 0.2278366195981375 1.364545007853703 -0.01140571559007447 -0.4334171924228297
2.472 0.2136637355970127 0.9274933062077007 0.2250510155489887 1.360560322227468 -0.01138727995197609 -0.4330670160197677
2.474 0.2110100548562015 0.9238029375118761 0.2223789438214032 1.356520342125864 -0.01136888896520178 -0.4327174046139879
2.476 0.2084697804104596 0.9200628766224115 0.2198203228961658 1.352431233462546 -0.01135054248570628 -0.4323683568401346
2.478 0.2060425444289508 0.9162789589613236 0.2173747847989754 1.348298830298568 -0.01133224037002458 -0.4320198713372447
2.48 0.2037277437032388 0.912456693034878 0.215041726178508 1.344128639783609 -0.01131398247526915 -0.4316719467487306
2.482 0.2015245860229666 0.9086012699106585 0.2128203546820937 1.33992585163302 -0.01129576865912711 -0.4313245817223613
2.484 0.1994321319050011 0.904717576348909 0.2107097306848586 1.335695351259156 -0.01127759877985751 -0.430977774910247
2.486 0.1974493318157633 0.9008102108266669 0.2087088045120518 1.331441735795486 -0.01125947269628852 -0.4306315249688195
2.488 0.1955750590835682 0.8968835018064056 0.2068164493513829 1.327169332365222 -0.01124139026781475 -0.4302858305588169
2.49 0.1938081387337562 0.8929415277059269 0.2050314900881506 1.322882218051191 -0.01122335135439445 -0.4299406903452644
2.492 0.1921473724978143 0.8889881381214317 0.2033527283143612 1.318584241118891 -0.01120535581654689 -0.4295961029974593
2.494 0.1905915602519774 0.8850269759399096 0.201778963767327 1.314279043128862 -0.01118740351534959 -0.429252067188952
2.496 0.189139518134372 0.8810615000508291 0.2003090124468077 1.309970081648359 -0.01116949431243569 -0.4289085815975304
2.498 0.1877900935752323 0.8770950084308644 0.1989417216452236 1.305660653336066 -0.01115162806999124 -0.428565644905202
2.5 0.1865421774535242 0.8731306614287019 0.1976759821042769 1.30135391722688 -0.01113380465075263 -0.4282232557981781
2.502 0.185394713567904 0.8691715051212341 0.1965107374859078 1.29705291808809 -0.01111602391800386 -0.4278814129668561
2.504 0.1843467055812227 0.8652204946484386 0.1954449913167966 1.292760609754242 -0.01109828573557397 -0.4275401151058035
2.506 0.1833972215666932 0.8612805174614389 0.1944778115345276 1.28847987837518 -0.01108058996783447 -0.4271993609137411
2.508 0.1825453962514399 0.8573544164382387 0.1936083327311366 1.284213565531765 -0.01106293647969665 -0.4268591490935263
2.51 0.1817904310200208 0.8534450128348339 0.19283575615663 1.279964491186971 -0.01104532513660914 -0.4265194783521373
2.512 0.1811315917068292 0.8495551290450698 0.1921593475113844 1.275735476445726 -0.01102775580455519 -0.4261803474006561
2.514 0.1805682041729864 0.8456876111420639 0.1915784325230366 1.271529366096317 -0.01101022835005029 -0.4258417549542526
2.516 0.1800996476303592 0.8418453511670321 0.1910923902704987 1.2673490508992 -0.01099274264013948 -0.4255036997321682
2.518 0.1797253456434543 0.8380313091171938 0.1907006441858493 1.263197489574894 -0.01097529854239496 -0.4251661804577
2.52 0.1794447547093965 0.8342485345635364 0.19040265063431 1.259077730421721 -0.01095789592491349 -0.4248291958581845
2.522 0.179257350287866 0.8305001878015107 0.1901978849441799 1.254992932466492 -0.01094053465631396 -0.4244927446649817
2.524 0.179162610127308 0.8267895604016988 0.1900858247330429 1.250946386015158 -0.01092321460573489 -0.4241568256134593
2.526 0.1791599947122168 0.823120094983771 0.1900659303550488 1.246941532426748 -0.01090593564283195 -0.4238214374429771
2.528 0.1792489246399011 0.8194954039849641 0.1901376222776767 1.242981982881835 -0.01088869763777555 -0.4234865788968706
2.53 0.1794287547256862 0.8159192871328824 0.1903002551869346 1.239071535855318 -0.01087150046124836 -0.423152248722436
2.532 0.1796987446350085 0.8123957472619462 0.1905530886194514 1.235214192932861 -0.0108543439844429 -0.4228184456709144
2.534 0.1800580258515339 0.8089290040335698 0.1908952539305931 1.231414172531046 -0.01083722807905919 -0.4224851684974765
2.536 0.1805055648155544 0.8055235050315546 0.1913257174328566 1.227675920992761 -0.01082015261730222 -0.4221524159612065
2.538 0.1810401221096168 0.8021839336081042 0.1918432395814965 1.224004120433192 -0.0108031174718797 -0.4218201868250875
2.54 0.1816602076321839 0.7989152127538137 0.1924463301481835 1.2204036926098 -0.01078612251599964 -0.4214884798559859
2.542 0.1823640317898483 0.7957225041592919 0.1931331994132163 1.216879797983928 -0.01076916762336796 -0.4211572938246362
2.544 0.1831494528579787 0.7926112015309448 0.1939017055261649 1.213437829036571 -0.01075225266818619 -0.4208266275056258
2.546 0.1840139208129783 0.7895869171247392 0.1947492983381274 1.210083396802119 -0.01073537752514914 -0.4204964796773801
2.548 0.1849544181308877 0.7866554603757832 0.1956729602003303 1.20682230949793 -0.01071854206944252 -0.4201668491221469
2.55 0.1859673982795078 0.7838228074384266 0.1966691444562486 1.203660542064409 -0.01070174617674074 -0.4198377346259827
2.552 0.1870487229056459 0.7810950604224821 0.1977337126288504 1.200604195401219 -0.0106849897232045 -0.4195091349787367
2.554 0.1881935990356008 0.778478395129202 0.1988618716210794 1.197659444103238 -0.0106682725854786 -0.419181048974036
2.556 0.1893965179605934 0.7759789961719041 0.2000481126012831 1.194832471581176 -0.01065159464068962 -0.418853475409272
2.558 0.190651197861033 0.7736029785272878 0.2012861536274767 1.192129391612872 -0.01063495576644371 -0.4185264130855846
2.56 0.1919505326212417 0.771356294821572 0.2025688884620659 1.18955615562942 -0.01061835584082426 -0.4181998608078478
2.562 0.1932865496782033 0.7692446280276011 0.2038883444205931 1.187118445412257 -0.01060179474238979 -0.4178738173846561
2.564 0.1946503801072437 0.7672732697479714 0.2052356524574153 1.18482155137628 -0.01058527235017163 -0.4175482816283085
2.566 0.1960322444389664 0.7654469848935577 0.2066010329826382 1.182670237248353 -0.01056878854367175 -0.4172232523547956
2.568 0.1974214578841022 0.7637698643358071 0.2079738010869628 1.180668592719591 -0.01055234320286059 -0.4168987283837844
2.57 0.1988064586684655 0.7622451680033111 0.2093423948766403 1.178819876541915 -0.01053593620817482 -0.4165747085386042
2.572 0.2001748629997856 0.7608751618809413 0.2106944304403008 1.177126353527174 -0.01051956744051521 -0.4162511916462328
2.574 0.2015135497549813 0.7596609534094065 0.2120167865362257 1.175589129946688 -0.01050323678124449 -0.4159281765372818
2.576 0.2028087772505266 0.7586023308104526 0.2132957213627117 1.174207992856436 -0.01048694411218513 -0.415605662045983
2.578 0.2040463334161096 0.7576976127965485 0.2145170227317268 1.172981259806723 -0.01047068931561727 -0.4152836470101742
2.58 0.2052117193322967 0.7569435158666016 0.2156661916065732 1.171905646137887 -0.01045447227427657 -0.4149621302712853
2.582 0.2062903644454318 0.7563350468352148 0.2167286573167839 1.170976157509539 -0.01043829287135209 -0.4146411106743247
2.584 0.2072678699027485 0.7558654282873534 0.2176900208932327 1.170186015355218 -0.01042215099048421 -0.4143205870678648
2.586 0.208130274462714 0.7555260642024637 0.2185363209784765 1.169526622506493 -0.01040604651576253 -0.4140005583040292
2.588 0.2088643354690427 0.7553065519899181 0.2192543148007664 1.168987575228396 -0.01038997933172376 -0.4136810232384783
2.59 0.2094578155992428 0.7551947456013082 0.2198317649225925 1.168556726331704 -0.01037394932334971 -0.4133619807303963
2.592 0.2098997646920416 0.7551768722717318 0.2202577210681068 1.168220301914209 -0.0103579563760652 -0.4130434296424768
2.594 0.2101807850956086 0.7552377028889499 0.2205227854713446 1.16796307172986 -0.01034200037573599 -0.4127253688409103
2.596 0.2102932688060668 0.7553607731545469 0.2206193500147336 1.167768570349917 -0.01032608120866682 -0.4124077971953701
2.598 0.210231595276234 0.7555286497955149 0.2205417940378333 1.167619363374514 -0.01031019876159929 -0.4120907135789993
2.6 0.2099922801893049 0.7557232333478838 0.2202866331110148 1.167497350216281 -0.01029435292170993 -0.4117741168683973
2.602 0.2095740676521888 0.7559260867118142 0.219852611228797 1.167384092655421 -0.01027854357660816 -0.4114580059436067
2.604 0.2089779610269261 0.7561187769914164 0.2192407316412604 1.167261156679516 -0.01026277061433429 -0.4111423796881
2.606 0.2082071907750133 0.7562832172478986 0.2184542246983708 1.167110454236665 -0.01024703392335757 -0.4108272369887666
2.608 0.2072671209811957 0.7564019948002731 0.2174984543737698 1.166914571536173 -0.01023133339257419 -0.4105125767358999
2.61 0.2061650993761808 0.7564586736045779 0.2163807682874862 1.166657071427762 -0.01021566891130534 -0.4101983978231837
2.612 0.2049102584343279 0.7564380599386369 0.2151102988036232 1.166322759086317 -0.01020004036929525 -0.4098846991476799
2.614 0.2035132772733246 0.7563264229481795 0.2136977249300339 1.165897902557995 -0.01018444765670927 -0.4095714796098157
2.616 0.2019861154869622 0.7561116643511547 0.2121550061510941 1.165370402464525 -0.0101688906641319 -0.4092587381133698
2.618 0.2003417306414082 0.7557834345036715 0.2104950999239732 1.164729908069133 -0.01015336928256493 -0.4089464735654612
2.62 0.1985937909831243 0.7553331948627369 0.2087316743865498 1.163967879739272 -0.01013788340342548 -0.4086346848765349
2.622 0.196756394035602 0.754754229429597 0.2068788269541461 1.163077600389947 -0.01012243291854416 -0.4083233709603504
2.624 0.1948438003487237 0.7540416098644032 0.2049508180688868 1.162054140598372 -0.0101070177201631 -0.4080125307339686
2.626 0.1928701898836522 0.7531921205311889 0.2029618275845863 1.160894283648928 -0.01009163770093414 -0.4077021631177393
2.628 0.1908494465475843 0.7522041507270458 0.2009257393015013 1.159596417762335 -0.01007629275391696 -0.407392267035289
2.63 0.1887949744047139 0.7510775617900329 0.198855957177291 1.158160403203541 -0.0100609827725772 -0.4070828414135082
2.632 0.1867195472221608 0.7498135367297892 0.1967652548729454 1.156587421912328 -0.01004570765078459 -0.4067738851825392
2.634 0.1846351913646782 0.7484144195741749 0.1946656586474894 1.154879816849939 -0.01003046728281118 -0.4064653972757636
2.636 0.1825531006958056 0.7468835508791843 0.1925683622591351 1.153040927508975 -0.01001526156332943 -0.4061573766297905
2.638 0.1804835811049245 0.7452251049137016 0.190483671492335 1.151074927098145 -0.01000009038741048 -0.4058498221844437
2.64 0.1784360215566743 0.7434439330022955 0.1884209752071966 1.148986665885046 -0.009984953650522255 -0.4055427328827501
2.642 0.1764188881287852 0.7415454164698032 0.186388739377313 1.14678152414073 -0.009969851248527735 -0.4052361076709273
2.644 0.1744397373264056 0.7395353316441622 0.1843945204040887 1.144465277142534 -0.009954783077683117 -0.4049299454983716
2.646 0.1725052449877664 0.7374197284828645 0.1824449940224024 1.142043973800511 -0.009939749034636066 -0.4046242453176466
2.648 0.1706212472786697 0.7352048236203639 0.1805459962950936 1.139523829704834 -0.009924749016423923 -0.40431900608447
2.65 0.1687927905651124 0.7328969080006109 0.1787025734855844 1.136911134758314 -0.009909782920471967 -0.4040142267577032
2.652 0.1670241873114478 0.7305022687604854 0.1769190379560394 1.134212175059824 -0.00989485064459163 -0.4037099062993385
2.654 0.1653190755423095 0.7280271246583433 0.1751990276292883 1.131433168332831 -0.009879952086978791 -0.4034060436744878
2.656 0.1636804798024769 0.7254775740836158 0.1735455669486889 1.128580211934986 -0.009865087146212006 -0.4031026378513706
2.658 0.1621108719287357 0.7228595545213657 0.1719611276499866 1.125659242322669 -0.009850255721250822 -0.4027996878013028
2.66 0.1606122302990924 0.7201788122631566 0.1704476880105264 1.122676004761841 -0.009835457711434018 -0.4024971924986845
2.662 0.1591860965384972 0.7174408811353727 0.1690067895549752 1.119636032056362 -0.009820693016477948 -0.4021951509209891
2.664 0.157833628931882 0.7146510690422334 0.1676395904683568 1.116544631090985 -0.009805961536474785 -0.4018935620487512
2.666 0.1565556520250011 0.7118144511801843 0.166346915196892 1.11340687604574 -0.00979126317189089 -0.4015924248655556
2.668 0.1553527020823765 0.7089358688615308 0.1651292999059416 1.110227607219556 -0.009776597823565091 -0.4012917383580256
2.67 0.154225068222249 0.7060199329781063 0.1639870336149561 1.107011434493918 -0.009761965392707036 -0.4009915015158121
2.672 0.15317282916554 0.7030710312338395 0.1629201949464356 1.103762744565421 -0.009747365780895509 -0.4006917133315815
2.674 0.1521958856235837 0.700093338372658 0.1619286845136605 1.100485711173664 -0.009732798890076803 -0.4003923728010056
2.676 0.1512939884119039 0.6970908287202727 0.161012253034467 1.097184307643022 -0.009718264622563045 -0.4000934789227494
2.678 0.1504667624195874 0.6940672904432283 0.160170525300618 1.093862321141689 -0.009703762881030597 -0.3997950306984606
2.68 0.1497137265896979 0.6910263410039788 0.1594030201582163 1.090523368136736 -0.009689293568518375 -0.3994970271327575
2.682 0.1490343100791298 0.6879714433550013 0.1587091666675561 1.087170910588221 -0.009674856588426291 -0.3991994672332201
2.684 0.1484278647702162 0.6849059224682141 0.1580883166147298 1.083808272478591 -0.00966045184451359 -0.3989023500103765
2.686 0.147893674304114 0.68183298183831 0.1575397535450113 1.080438656316004 -0.009646079240897283 -0.3986056744776938
2.688 0.1474309598000099 0.6787557196292078 0.1570626984820605 1.077065159280774 -0.00963173868205053 -0.3983094396515665
2.69 0.1470388824174482 0.6756771441534029 0.1566563124902493 1.073690788704708 -0.009617430072801065 -0.3980136445513056
2.692 0.1467165429136635 0.6726001883847391 0.1563196962319931 1.070318476583867 -0.009603153318329614 -0.397718288199128
2.694 0.1464629783457279 0.6695277232067491 0.1560518866698962 1.066951092826895 -0.009588908324168331 -0.397423369620146
2.696 0.146277156070999 0.6664625690926944 0.1558518510671983 1.06359145693505 -0.009574694996199229 -0.3971288878423558
2.698 0.1461579652105119 0.6634075059014911 0.1557184784511645 1.060242347798119 -0.009560513240652635 -0.3968348418966278
2.7 0.1461042057605227 0.6603652804566867 0.1556505687246283 1.056906511273382 -0.009546362964105626 -0.3965412308166952
2.702 0.146114575569299 0.6573386115569354 0.1556468196427795 1.05358666519608 -0.009532244073480526 -0.3962480536391443
2.704 0.146187655440908 0.6543301920475498 0.1557058119169514 1.050285501450953 -0.009518156476043337 -0.3959553094034028
2.706 0.146321892686533 0.6513426875681544 0.1558259927659352 1.047005684719885 -0.00950410007940225 -0.3956629971517306
2.708 0.1465155835175405 0.648378731583843 0.1560056583090466 1.043749847513051 -0.009490074791506108 -0.3953711159292083
2.71 0.1467668547632236 0.6454409163122734 0.1562429352838665 1.040520581096001 -0.009476080520642919 -0.3950796647837278
2.712 0.1470736454988692 0.6425317791815321 0.1565357626743075 1.037320421947513 -0.009462117175438335 -0.394788642765981
2.714 0.1474336892844832 0.6396537844988539 0.1568818739493374 1.034151833428304 -0.009448184664854193 -0.3944980489294505
2.716 0.1478444978370534 0.6368093000848737 0.1572787807352404 1.031017182415272 -0.009434282898187001 -0.3942078823303984
2.718 0.1483033470838228 0.634000568737771 0.1577237588688893 1.027918710765628 -0.009420411785066479 -0.3939181420278568
2.72 0.1488072666624517 0.6312296745409176 0.1582138378979058 1.024858501624535 -0.009406571235454093 -0.3936288270836175
2.722 0.149353034035503 0.6284985042211453 0.1587457951951446 1.021838440783367 -0.009392761159641591 -0.3933399365622217
2.724 0.1499371744580884 0.625808704002934 0.1593161559263379 1.018860173533884 -0.009378981468249541 -0.39305146953095
2.726 0.1505559680641103 0.6231616326846958 0.1599212001363363 1.015925057744508 -0.00936523207222591 -0.3927634250598127
2.728 0.1512054653015624 0.6205583119802007 0.160556978184407 1.01303411420174 -0.009351512882844595 -0.3924758022215393
2.73 0.1518815118347568 0.6179993755087767 0.1612193356464608 1.010187975600346 -0.009337823811704025 -0.392188600091569
2.732 0.1525797838268 0.6154850181632482 0.1619039485975257 1.007386835911289 -0.00932416477072571 -0.3919018177480406
2.734 0.1532958342086303 0.6130149479104998 0.1626063698807831 1.004630402182283 -0.009310535672152849 -0.3916154542717828
2.736 0.1540251501277271 0.6105883423551806 0.1633220865562759 1.001917851101485 -0.009296936428548893 -0.3913295087463042
2.738 0.1547632212560045 0.6082038125881026 0.1640465882088007 0.9992477928458865 -0.009283366952796185 -0.3910439802577839
2.74 0.1555056180388124 0.605859376912208 0.1647754451969069 0.9966182448072693 -0.009269827158094518 -0.3907588678950613
2.742 0.1562480783151521 0.6035524469578601 0.1655043952731119 0.994026617707487 -0.00925631695795979 -0.3904741707496268
2.744 0.1569866000750833 0.6012798284405181 0.1662294363413059 0.9914697163561302 -0.009242836266222588 -0.3901898879156121
2.746 0.1577175374963122 0.5990377383653718 0.166946922493339 0.9889437568551523 -0.009229384997026852 -0.3899060184897805
2.748 0.1584376968771766 0.5968218398492748 0.167653659942005 0.9864444014207924 -0.00921596306482847 -0.3896225615715175
2.75 0.1591444287173872 0.5946272949347884 0.1683469991017811 0.9839668111976096 -0.009202570384393958 -0.3893395162628213
2.752 0.1598357120439295 0.5924488348592092 0.1690249189147286 0.9815057165275022 -0.009189206870799072 -0.3890568816682929
2.754 0.160510227175799 0.590280846276832 0.1696860996152265 0.9790555031719596 -0.009175872439427484 -0.3887746568951276
2.756 0.1611674134853176 0.5881174709919479 0.1703299804912871 0.9766103120450526 -0.009162567005969451 -0.3884928410531046
2.758 0.1618075093363061 0.5859527159256217 0.1709567998227266 0.9741641491801999 -0.009149290486420445 -0.3882114332545782
2.76 0.1624315722241802 0.583780569388908 0.1715676150212601 0.9717110020033769 -0.009136042797079885 -0.3879304326144689
2.762 0.1630414781481841 0.5815951193321236 0.1721643020027339 0.9692449575823764 -0.009122823854549759 -0.3876498382502528
2.764 0.1636399003310422 0.5793906691247314 0.1727495339067755 0.9667603184066856 -0.009109633575733368 -0.3873696492819543
2.766 0.1642302684757992 0.5771618466051225 0.1733267403536332 0.9642517114372573 -0.009096471877833971 -0.3870898648321348
2.768 0.1648167107247825 0.5749037026054657 0.1739000494031361 0.9617141866313512 -0.009083338678353528 -0.3868104840258855
2.77 0.1654039812840674 0.5726117958577619 0.1744742151791588 0.959143301848579 -0.009070233895091375 -0.386531505990817
2.772 0.1659973772422426 0.5702822620558377 0.1750545346883856 0.9565351919128885 -0.009057157446142969 -0.3862529298570509
2.774 0.1666026484139959 0.5679118658044515 0.1756467576638945 0.9538866205616615 -0.009044109249898577 -0.38597475475721
2.776 0.1672259040743414 0.5654980351492618 0.1762569932993834 0.9511950149756726 -0.009031089225042041 -0.3856969798264108
2.778 0.1678735202404689 0.5630388792756037 0.1768916175310184 0.9484584834778566 -0.009018097290549473 -0.3854196042022529
2.78 0.1685520507476095 0.5605331907299975 0.1775571841132976 0.9456758177548085 -0.009005133365688027 -0.3851426270248109
2.782 0.1692681448081008 0.557980434115567 0.1782603421781154 0.9428464815521928 -0.008992197370014622 -0.3848660474366258
2.784 0.1700284730988034 0.5553807236215185 0.1790077623221781 0.9399705882042141 -0.008979289223374721 -0.3845898645826957
2.786 0.1708396637494283 0.5527347919668686 0.1798060725953294 0.9370488695773354 -0.008966408845901056 -0.3843140776104668
2.788 0.17170824895334 0.5500439533856306 0.1806618051113524 0.9340826390554561 -0.008953556158012431 -0.3840386856698255
2.79 0.172640622332203 0.5473100631815514 0.1815813534126154 0.9310737510946401 -0.00894073108041246 -0.3837636879130887
2.792 0.1736430066828969 0.544535476168814 0.1825709402169853 0.9280245596638099 -0.008927933534088371 -0.3834890834949959
2.794 0.1747214313337618 0.5417230060256115 0.1836365947740716 0.9249378775983116 -0.008915163440309772 -0.3832148715727001
2.796 0.1758817180399409 0.5388758872547093 0.1847841387605684 0.9218169385604686 -0.008902420720627456 -0.3829410513057595
2.798 0.1771294741495613 0.5359977410966514 0.1860191794464334 0.9186653629527799 -0.008889705296872177 -0.3826676218561285
2.8 0.178470091661684 0.5330925464013163 0.1873471087528374 0.915487128789466 -0.008877017091153476 -0.3823945823881497
2.802 0.1799087507581982 0.5301646161485998 0.1887731067840566 0.9122865482171448 -0.00886435602585847 -0.3821219320685451
2.804 0.1814504264090861 0.5272185800291685 0.1903021484327367 0.9090682500955761 -0.008851722023650675 -0.3818496700664076
2.806 0.1830998967072264 0.5242593732570628 0.1919390117146953 0.9058371688102554 -0.008839115007468826 -0.3815777955531927
2.808 0.1848617516702824 0.521292231588482 0.1936882865708081 0.9025985392911922 -0.008826534900525698 -0.3813063077027101
2.81 0.1867404013413363 0.5183226923616515 0.1955543829676433 0.8993578980527668 -0.008813981626306939 -0.3810352056911153
2.812 0.1887400821163016 0.5153566012476996 0.1975415372248716 0.8961210899446012 -0.008801455108569917 -0.3807644886969015
2.814 0.190864860317684 0.5124001243044555 0.1996538155890266 0.8928942802053463 -0.00878895527134254 -0.3804941559008909
2.816 0.1931186321157309 0.5094597648481182 0.201895114154653 0.8896839713343448 -0.008776482038922137 -0.3802242064862267
2.818 0.195505118967142 0.5065423845935259 0.2042691543030162 0.8864970242318908 -0.00876403533587428 -0.379954639638365
2.82 0.1980278577971043 0.5036552284562474 0.206779472884136 0.8833406830013139 -0.008751615087031673 -0.3796854545450664
2.822 0.2006901851927223 0.5008059523521935 0.2094294064102153 0.8802226027485814 -0.008739221217492991 -0.379416650396388
2.824 0.2034952149081717 0.4980026532666584 0.2122220685607935 0.877150879651334 -0.008726853652621783 -0.3791482263846756
2.826 0.2064458080065233 0.495253900789688 0.2151603203245686 0.8741340824942425 -0.008714512318045311 -0.3788801817045546
2.828 0.2095445349839533 0.4925687692246268 0.2182467321236067 0.87118128477755 -0.008702197139653468 -0.3786125155529232
2.83 0.2127936292461159 0.4899568692664595 0.2214835372897135 0.8683020963954031 -0.008689908043597644 -0.3783452271289436
2.832 0.2161949313383074 0.4874283781148434 0.2248725762945971 0.8655066937488778 -0.008677644956289633 -0.3780783156340344
2.834 0.2197498233782992 0.4849940667311991 0.2284152311826997 0.8628058470030615 -0.008665407804400515 -0.3778117802718624
2.836 0.2234591532127594 0.4826653227690939 0.2321123497276189 0.860210943017429 -0.008653196514859586 -0.3775456202483351
2.838 0.2273231479234195 0.4804541675036677 0.2359641589382727 0.8577340022752599 -0.008641011014853239 -0.3772798347715922
2.84 0.2313413164569598 0.4783732648626136 0.2399701676887837 0.8553876879146121 -0.008628851231823909 -0.3770144230519984
2.842 0.2355123413566728 0.476435920422093 0.2441290584501417 0.8531853047242283 -0.008616717093468963 -0.3767493843021353
2.844 0.2398339598437138 0.4746560679854977 0.2484385683714535 0.8511407857222913 -0.008604608527739659 -0.3764847177367937
2.846 0.244302834843045 0.4730482411227899 0.252895360305885 0.8492686636957553 -0.008592525462840037 -0.3762204225729654
2.848 0.2489144169869394 0.4716275268286647 0.2574948848141653 0.8475840248585013 -0.008580467827225905 -0.3759564980298365
2.85 0.2536627991648925 0.470409498280835 0.2622312347144963 0.8461024416096139 -0.00856843554960373 -0.3756929433287789
2.852 0.2585405658288292 0.4694101235712502 0.2670969943877588 0.844839881264593 -0.008556428558929623 -0.3754297576933428
2.854 0.2635386400103511 0.4686456472746744 0.2720830867947594 0.8438125876239237 -0.008544446784408272 -0.3751669403492494
2.856 0.2686461318548962 0.4681324418480964 0.2771786220103881 0.8430369323724791 -0.008532490155491904 -0.3749044905243827
2.858 0.2738501934100789 0.467886826162397 0.2823707520119581 0.84252923361118 -0.008520558601879252 -0.3746424074487831
2.86 0.2791358853973549 0.467924848997997 0.2876445374508694 0.8423055393526354 -0.008508652053514509 -0.3743806903546384
2.862 0.2844860627022239 0.4682620361333366 0.2929828331428103 0.842381374609614 -0.008496770440586315 -0.3741193384762774
2.864 0.2898812862782909 0.4689131007566826 0.2983661999718176 0.8427714518068449 -0.008484913693526729 -0.3738583510501623
2.866 0.2952997699982939 0.4698916183678411 0.3037728517413041 0.8434893456827219 -0.008473081743010208 -0.3735977273148808
2.868 0.3007173716011529 0.4712096691172998 0.3091786461211055 0.8445471356284391 -0.008461274519952598 -0.3733374665111392
2.87 0.3061076371650413 0.4728774526420697 0.3145571291205514 0.8459550205238244 -0.008449491955510124 -0.3730775678817547
2.872 0.3114419083611904 0.4749028828530235 0.3198796423422688 0.8477209135246718 -0.008437733981078393 -0.3728180306716483
2.874 0.3166895009855253 0.4772911727181151 0.3251155015138167 0.8498500268459526 -0.008426000528291384 -0.3725588541278375
2.876 0.3218179618121965 0.4800444217333023 0.330232253341217 0.8523444592327314 -0.008414291529020476 -0.3723000374994291
2.878 0.3267934085845536 0.4831612212953118 0.335196015499927 0.8552028013329229 -0.008402606915373426 -0.3720415800376111
2.88 0.3315809549170351 0.4866362953589224 0.3399719015367285 0.8584197763545697 -0.008390946619693428 -0.3717834809956472
2.882 0.3361452180590633 0.4904601953160061 0.3445245286336214 0.8619859349448742 -0.008379310574558095 -0.3715257396288681
2.884 0.3404509029890204 0.4946190687052401 0.3488186017017989 0.865887423899905 -0.008367698712778508 -0.3712683551946649
2.886 0.3444634513739048 0.4990945208958595 0.352819562341303 0.8701058478483416 -0.008356110967398243 -0.371011326952482
2.888 0.3481497388582805 0.5038635870852428 0.356494286129973 0.8746182412490532 -0.008344547271692407 -0.3707546541638103
2.89 0.3514787993292729 0.5088988287020261 0.3598118068884396 0.8793971647942054 -0.008333007559166663 -0.3704983360921793
2.892 0.3544225506873874 0.5141685636273176 0.3627440424509437 0.8844109356304687 -0.008321491763556302 -0.3702423720031511
2.894 0.3569564936943758 0.5196372337027542 0.3652664935132011 0.8896239948670667 -0.008309999818825263 -0.3699867611643125
2.896 0.3590603540843657 0.5252659061128252 0.3673588857435309 0.894997408958094 -0.008298531659165219 -0.3697315028452688
2.898 0.3607186386214413 0.5310128978767924 0.3690057258404359 0.9004894941944286 -0.008287087218994601 -0.3694765963176362
2.9 0.3619210783203478 0.5368345054398627 0.3701967447533055 0.9060565462948977 -0.008275666432957685 -0.3692220408550351
2.902 0.3626629365746244 0.5426858148425155 0.3709272058105481 0.9116536505755992 -0.008264269235923653 -0.3689678357330837
2.904 0.362945166203288 0.548521562770248 0.3711980617662737 0.9172355429996386 -0.00825289556298567 -0.3687139802293906
2.906 0.3627744069849763 0.5542970154439758 0.3710159523344362 0.9227574890675233 -0.008241545349459941 -0.3684604736235475
2.908 0.3621628234955337 0.5599688311399461 0.3703930420264185 0.9281761463370701 -0.008230218530884821 -0.368207315197124
2.91 0.3611277913172447 0.5654958732407132 0.3693467063602645 0.9334503774743722 -0.008218915043019876 -0.3679545042336591
2.912 0.3596914472615774 0.5708399440024097 0.3678990820834224 0.938541984021065 -0.008207634821844985 -0.3677020400186553
2.914 0.3578801255380943 0.5759664143507333 0.3660765033416537 0.9434163361903053 -0.008196377803559429 -0.367449921839572
2.916 0.3557237063590617 0.5808447314863252 0.3639088502836427 0.9480428804721436 -0.008185143924581001 -0.3671981489858184
2.918 0.3532549060348451 0.5854487932890686 0.3614288391563901 0.9523955140378155 -0.008173933121545083 -0.366946720748747
2.92 0.3505085381435794 0.5897571858350874 0.3586712834748832 0.9564528222567344 -0.008162745331303787 -0.366695636421647
2.922 0.3475207740010798 0.5937532871983653 0.3556723544920048 0.9601981824981031 -0.008151580490925037 -0.3664448952997378
2.924 0.3443284277235452 0.5974252466286761 0.3524688662612369 0.9636197433088383 -0.008140438537691704 -0.3661944966801621
2.926 0.3409682870784587 0.600765852853269 0.3490976064875594 0.9667102927152487 -0.008129319409100709 -0.3659444398619797
2.928 0.3374765065189675 0.6037723084693567 0.3455947295618297 0.9694670326155173 -0.008118223042862171 -0.3656947241461606
2.93 0.3338880737437364 0.6064459291595263 0.3419952231206349 0.9718912779951051 -0.008107149376898503 -0.3654453488355787
2.932 0.3302363562124238 0.6087917868822481 0.3383324545617674 0.9739881001172539 -0.00809609834934358 -0.3651963132350058
2.934 0.3265527295922728 0.610818315461543 0.3346377994908147 0.9757659321126468 -0.008085069898541838 -0.3649476166511039
2.936 0.3228662863322355 0.61253689537766 0.330940350295283 0.9772361537700803 -0.008074063963047452 -0.3646992583924203
2.938 0.3192036195781026 0.613961432318273 0.3272667000597261 0.9784126700876531 -0.008063080481623453 -0.36445123776938
2.94 0.3155886754954792 0.6151079414484607 0.3236407948887201 0.9793114955427408 -0.008052119393240886 -0.3642035540942801
2.942 0.3120426657257015 0.6159941466305868 0.3200838463627795 0.9799503533118696 -0.008041180637077969 -0.3639562066812828
2.944 0.3085840310829688 0.616639101163108 0.3166142952354881 0.9803482960095179 -0.008030264152519239 -0.3637091948464098
2.946 0.3052284476009714 0.6170628341539148 0.3132478174801261 0.9805253520614502 -0.008019369879154716 -0.3634625179075353
2.948 0.3019888665317114 0.6172860244968711 0.3099973642884905 0.9805021996812515 -0.00800849775677908 -0.3632161751843804
2.95 0.2988755807629346 0.6173297026402728 0.3068732284883254 0.980299868638779 -0.007997647725390817 -0.3629701659985063
2.952 0.2958963112398963 0.6172149789486652 0.3038831309650877 0.9799394686219737 -0.007986819725191415 -0.3627244896733086
2.954 0.2930563082465295 0.616962796467958 0.301032321943114 0.9794419420019682 -0.007976013696584516 -0.3624791455340102
2.956 0.2903584637340086 0.6165937052937389 0.2983236933141838 0.9788278382013954 -0.007965229580175127 -0.3622341329076565
2.958 0.2878034322027506 0.6161276554894718 0.2957578995195194 0.97811710661258 -0.007954467316768774 -0.3619894511231082
2.96 0.2853897588857863 0.615583805572808 0.293333485733157 0.9773289050838434 -0.007943726847370712 -0.3617450995110355
2.962 0.2831140150918057 0.6149803439492116 0.2910470232049908 0.9764814213531235 -0.007933008113185102 -0.3615010774039119
2.964 0.2809709414958939 0.6143343212830058 0.2888932525515081 0.9755917054190143 -0.007922311055614223 -0.3612573841360085
2.966 0.278953600873128 0.6136614926129531 0.2868652364893857 0.9746755116563406 -0.007911635616257649 -0.3610140190433875
2.968 0.2770535422156472 0.6129761689925497 0.2849545239525587 0.9737471504564462 -0.007900981736911481 -0.3607709814638966
2.97 0.2752609783233628 0.612291079506557 0.2831513276829303 0.9728193502437193 -0.007890349359567526 -0.3605282707371624
2.972 0.2735649787874565 0.6116172456163125 0.281444717213869 0.9719031318208978 -0.007879738426412533 -0.3602858862045853
2.974 0.2719536797815693 0.6109638708388574 0.2798228286613967 0.97100769804819 -0.007869148879827377 -0.3600438272093326
2.976 0.2704145112412563 0.6103382496811752 0.2782730919036426 0.9701403427775089 -0.007858580662386322 -0.3598020930963337
2.978 0.268934440876361 0.6097457004374527 0.2767824745932172 0.9693063836497254 -0.007848033716856188 -0.3595606832122728
2.98 0.2675002330785052 0.6091895268229911 0.2753377410647009 0.9685091237285754 -0.007837507986195631 -0.3593195969055843
2.982 0.2660987192407486 0.6086710133812014 0.2739257226543029 0.9677498469076478 -0.00782700341355433 -0.3590788335264464
2.984 0.2647170744141951 0.6081894591006968 0.2725335943564673 0.9670278515274717 -0.007816519942272242 -0.358838392426775
2.986 0.2633430937245362 0.6077422526904279 0.271149151240415 0.9663405256506462 -0.007806057515878832 -0.3585982729602183
2.988 0.2619654607110963 0.6073249914992322 0.2697610767891886 0.9656834659813835 -0.007795616078092315 -0.3583584744821514
2.99 0.2605739988826812 0.6069316441977548 0.2683591944555001 0.9650506405474241 -0.007785195572818896 -0.3581189963496692
2.992 0.2591598974388806 0.6065547551830028 0.2669346933830327 0.9644345931045851 -0.007774795944152021 -0.3578798379215823
2.994 0.2577159023743936 0.6061856863801108 0.2654803195107652 0.963826684938521 -0.00776441713637163 -0.3576409985584101
2.996 0.2562364651057038 0.6058148898943971 0.2639905241996472 0.9632173675167729 -0.0077540590939434 -0.3574024776223758
2.998 0.2547178423071739 0.6054322030121716 0.2624615640686919 0.9625964774895717 -0.007743721761518014 -0.3571642744774001
3 0.2531581427210742 0.6050271555498856 0.2608915478050047 0.9619535440389819 -0.007733405083930418 -0.3569263884890962
3.002 0.2515573191587777 0.6045892786591589 0.2592804281649768 0.9612780976839228 -0.007723109006199086 -0.3566888190247639
3.004 0.249917106538337 0.6041084040025526 0.2576299400118622 0.9605599694559365 -0.007712833473525281 -0.3564515654533838
3.006 0.2482409093857422 0.6035749427433639 0.2559434878170346 0.959789569888976 -0.007702578431292347 -0.3562146271456122
3.008 0.2465336445496712 0.6029801349892994 0.2542259883747361 0.9589581384630743 -0.00769234382506495 -0.3559780034737749
3.01 0.2448015467602302 0.6023162620763098 0.2524836763608186 0.9580579558881722 -0.007682129600588392 -0.3557416938118624
3.012 0.2430519459700427 0.6015768162060092 0.2507238816738306 0.9570825137415331 -0.007671935703787867 -0.3555056975355239
3.014 0.2412930260868607 0.6007566242628273 0.2489547881676285 0.9560266382848891 -0.007661762080767759 -0.3552700140220618
3.016 0.2395335747430075 0.5998519249377929 0.2471851834208185 0.9548865675882194 -0.007651608677810917 -0.3550346426504266
3.018 0.2377827332103447 0.5988604003974534 0.2454242086517227 0.9536599831986643 -0.007641475441377969 -0.3547995828012109
3.02 0.236049754571216 0.5977811655202432 0.2436811168893226 0.952345999376888 -0.007631362318106592 -0.3545648338566448
3.022 0.2343437769346104 0.5966147190888494 0.2419650461894212 0.950945114289439 -0.007621269254810827 -0.3543303952005895
3.024 0.2326736169903981 0.5953628622366023 0.2402848131888785 0.9494591284551349 -0.007611196198480366 -0.3540962662185327
3.026 0.2310475876651449 0.5940285899081239 0.2386487307614248 0.9478910362057069 -0.007601143096279872 -0.353862446297583
3.028 0.2294733422010948 0.5926159611571169 0.2370644520966431 0.9462448959835811 -0.007591109895548273 -0.3536289348264642
3.03 0.2279577457163331 0.5911299538421551 0.2355388422601312 0.9445256850376658 -0.007581096543798084 -0.3533957311955107
3.032 0.226506774277935 0.5895763087848669 0.2340778772666497 0.9427391435815284 -0.007571102988714709 -0.3531628347966615
3.034 0.2251254407580131 0.5879613678183009 0.2326865699361689 0.9408916128417565 -0.007561129178155772 -0.3529302450234555
3.036 0.2238177462416188 0.5862919094642748 0.2313689213017693 0.9389898707353006 -0.00755117506015042 -0.3526979612710258
3.038 0.2225866554908282 0.5845749853142399 0.2301278960737269 0.9370409682503347 -0.007541240582898671 -0.3524659829360948
3.04 0.2214340948987123 0.5828177596084103 0.228965420593483 0.9350520690253786 -0.007531325694770706 -0.3522343094169684
3.042 0.220360971435494 0.5810273540540898 0.2278824017798002 0.9330302941676217 -0.007521430344306239 -0.352002940113532
3.044 0.2193672112394709 0.5792106996186666 0.2268787657196848 0.9309825740459103 -0.007511554480213813 -0.3517718744272438
3.046 0.2184518166773408 0.5773743968803786 0.225953514728711 0.9289155086415096 -0.007501698051370164 -0.3515411117611311
3.048 0.2176129408367926 0.5755245865065877 0.2251048018436121 0.9268352380263715 -0.007491861006819536 -0.3513106515197837
3.05 0.2168479784713639 0.5736668315275122 0.2243300217671369 0.9247473246368626 -0.007482043295773043 -0.3510804931093505
3.052 0.2161536723570265 0.5718060132419841 0.2236259172246345 0.9226566491795167 -0.007472244867608001 -0.3508506359375326
3.054 0.21552623381891 0.5699462427793971 0.2229886994907773 0.920567322192977 -0.007462465671867285 -0.3506210794135798
3.056 0.214961475840186 0.5680907904924872 0.2224141814984447 0.9184826134407718 -0.007452705658258669 -0.3503918229482845
3.058 0.2144549566864907 0.5662420354110789 0.2218979214631449 0.9164049013650559 -0.007442964776654188 -0.350162865953977
3.06 0.2140021314009371 0.5644014368935987 0.2214353743780266 0.9143356447381193 -0.007433242977089491 -0.3499342078445207
3.062 0.2135985078982732 0.5625695303299418 0.2210220481080364 0.9122753783652486 -0.007423540209763209 -0.3497058480353069
3.064 0.2132398037779054 0.5607459482502213 0.2206536602029417 0.9102237341934709 -0.007413856425036299 -0.3494777859432496
3.066 0.2129220994600977 0.5589294674781253 0.2203262910335291 0.9081794884649065 -0.007404191573431435 -0.3492500209867812
3.068 0.2126419829041543 0.5571180820586337 0.2200365285097867 0.9061406346444806 -0.007394545605632347 -0.3490225525858469
3.07 0.2123966810608517 0.5553091006399642 0.2197815995333349 0.9041044808018642 -0.007384918472483225 -0.3487953801619
3.072 0.2121841733941648 0.5534992658743638 0.2195594835191529 0.9020677690122609 -0.007375310124988058 -0.3485685031378971
3.074 0.2120032833032252 0.5516848923147329 0.2193690038175352 0.9000268132530264 -0.007365720514310043 -0.3483419209382934
3.076 0.2118537440757967 0.5498620183240877 0.2192098936675677 0.8979776513131251 -0.007356149591770947 -0.3481156329890374
3.078 0.2117362370655468 0.5480265667783046 0.2190828343743973 0.8959162054958709 -0.007346597308850489 -0.3478896387175662
3.08 0.2116524010325122 0.5461745089056111 0.2189894646496979 0.8938384464584122 -0.007337063617185735 -0.347663937552801
3.082 0.2116048129209113 0.5443020255184726 0.2189323613894818 0.8917405544436144 -0.007327548468570481 -0.3474385289251418
3.084 0.2115969416606067 0.5424056601686693 0.2189149934755614 0.8896190724351324 -0.007318051814954638 -0.3472134122664631
3.086 0.2116330777596009 0.5404824593691636 0.2189416513680446 0.8874710463792723 -0.007308573608443638 -0.3469885870101087
3.088 0.2117182424112632 0.5385300959199291 0.219017356212561 0.8852941485108163 -0.00729911380129782 -0.3467640525908872
3.09 0.2118580805034938 0.536546972464452 0.2191477528494257 0.8830867809095195 -0.007289672345931843 -0.3465398084450675
3.092 0.212058742251979 0.5345323035899396 0.2193389914468931 0.8808481576003132 -0.007280249194914061 -0.3463158540103735
3.094 0.2123267581848632 0.5324861759659187 0.2195976024858292 0.8785783646918985 -0.007270844300965961 -0.3460921887259797
3.096 0.2126689119107582 0.5304095871015283 0.2199303695277197 0.8762783991340353 -0.007261457616961548 -0.345868812032507
3.098 0.2130921145606944 0.5283044642161978 0.2203442036566211 0.873950187588215 -0.007252089095926764 -0.3456457233720171
3.1 0.2136032840771772 0.5261736654130137 0.2208460227682161 0.8715965876010222 -0.00724273869103889 -0.3454229221880085
3.102 0.2142092317059387 0.5240209657945536 0.2214426380615647 0.8692213737199657 -0.00723340635562598 -0.3452004079254121
3.104 0.21491655720179 0.5218510313665601 0.2221406492449562 0.866829211397146 -0.007224092043166262 -0.3449781800305858
3.106 0.2157315534537797 0.5196693835558941 0.2229463491610673 0.8644256215072046 -0.007214795707287567 -0.3447562379513105
3.108 0.2166601205169236 0.5174823569597371 0.2238656378186903 0.8620169380965226 -0.007205517301766749 -0.3445345811367855
3.11 0.2177076884440989 0.5152970525839241 0.224903945224628 0.8596102616215479 -0.007196256780529114 -0.3443132090376237
3.112 0.2188791478629413 0.5131212883650844 0.2260661619605892 0.8572134094709317 -0.007187014097647841 -0.3440921211058473
3.114 0.2201787869458529 0.5109635482469295 0.2273565761531963 0.8548348650418129 -0.007177789207343424 -0.3438713167948834
3.116 0.2216102332748241 0.5088329305331148 0.2287788153388072 0.8524837260926736 -0.007168582063983094 -0.3436507955595588
3.118 0.2231763990967597 0.5067390957005117 0.2303357917188399 0.8501696525566083 -0.00715939262208027 -0.3434305568560966
3.12 0.2248794285854174 0.5046922133539676 0.2320296494217114 0.8479028134960782 -0.00715022083629397 -0.3432106001421106
3.122 0.2267206459580003 0.5027029075553751 0.2338617126194286 0.8456938324319769 -0.007141066661428291 -0.3429909248766019
3.124 0.2287005036218691 0.5007821993834592 0.2358324336743009 0.8435537299034132 -0.00713193005243182 -0.3427715305199539
3.126 0.2308185299341549 0.4989414452884339 0.237941340898552 0.8414938618223617 -0.007122810964397093 -0.3425524165339278
3.128 0.2330732766306543 0.4971922696082962 0.2401869859832143 0.8395258519899547 -0.007113709352560038 -0.3423335823816585
3.13 0.2354622665053905 0.4955464895228114 0.24256689167769 0.8376615170504614 -0.007104625172299443 -0.3421150275276501
3.132 0.2379819424823732 0.494016030748851 0.2450775008615096 0.8359127821866225 -0.007095558379136381 -0.3418967514377715
3.134 0.2406276198000465 0.4926128324376729 0.2477141287287802 0.8342915860169251 -0.007086508928733692 -0.3416787535792522
3.136 0.2433934436028478 0.4913487400343975 0.2504709203797432 0.8328097734550755 -0.007077476776895428 -0.341461033420678
3.138 0.2462723547755375 0.4902353853127794 0.2533408166551038 0.8314789757447656 -0.007068461879566315 -0.3412435904319862
3.14 0.2492560673311795 0.4892840534111161 0.2563155315240107 0.8303104774955778 -0.007059464192831215 -0.3410264240844618
3.142 0.2523350610293826 0.4885055374694021 0.2593855447022972 0.8293150713201356 -0.007050483672914602 -0.3408095338507335
3.144 0.2554985931094064 0.4879099823941326 0.2625401133855864 0.8285029015989012 -0.007041520276180012 -0.3405929192047686
3.146 0.2587347330218119 0.4875067203320338 0.2657673069809414 0.8278832999539031 -0.00703257395912953 -0.3403765796218692
3.148 0.2620304237766133 0.4873041015774442 0.2690540684550166 0.8274646161561126 -0.007023644678403254 -0.3401605145786684
3.15 0.2653715729475082 0.4873093258089278 0.2723863053382869 0.8272540493620527 -0.007014732390778769 -0.3399447235531249
3.152 0.2687431754450326 0.4875282796669569 0.2757490124982032 0.8272574856914772 -0.007005837053170627 -0.3397292060245203
3.154 0.2721294688790747 0.4879653876441382 0.2791264275017046 0.827479349117592 -0.006996958622629834 -0.3395139614734538
3.156 0.2755141206872916 0.4886234839457343 0.2825022177436349 0.8279224733275727 -0.006988097056343312 -0.3392989893818384
3.158 0.2788804442641762 0.48950371326811 0.2858596965758096 0.8285880025010067 -0.006979252311633405 -0.3390842892328967
3.16 0.2822116391790302 0.4906054682195277 0.2891820635249876 0.829475328730685 -0.006970424345957348 -0.3388698605111573
3.162 0.2854910483609683 0.4919263702777176 0.2924526614778751 0.8305820729801671 -0.006961613116906773 -0.3386557027024494
3.164 0.2887024230358874 0.4934622996874093 0.2956552416180946 0.8319041149813097 -0.00695281858220718 -0.3384418152939003
3.166 0.2918301844304497 0.49520747755114 0.2987742251301671 0.83343567532507 -0.006944040699717452 -0.33822819777393
3.168 0.2948596700275978 0.4971546006290751 0.3017949494550272 0.8351694502613229 -0.006935279427429327 -0.3380148496322478
3.17 0.2977773516685855 0.4992950261855457 0.3047038863920525 0.8370967965453939 -0.00692653472346692 -0.3378017703598483
3.172 0.300571013202421 0.5016190008180403 0.3074888197485072 0.8392079602670468 -0.006917806546086197 -0.3375889594490065
3.174 0.303229876771219 0.5041159238511101 0.3101389716248935 0.8414923402443852 -0.006909094853674508 -0.3373764163932751
3.176 0.3057446691864066 0.5067746328785343 0.3126450687911567 0.843938773566014 -0.006900399604750055 -0.3371641406874796
3.178 0.3081076230889355 0.50958369669207 0.3149993438468969 0.8465358285197846 -0.006891720757961437 -0.3369521318277146
3.18 0.3103124114933967 0.5125316994081088 0.3171954697654838 0.849272088719448 -0.006883058272087121 -0.3367403893113391
3.182 0.3123540186077124 0.5156074992877584 0.3192284307137475 0.8521364119247326 -0.006874412106034985 -0.3365289126369742
3.184 0.3142285541565887 0.518800446634949 0.3210943363754306 0.8551181479394463 -0.00686578221884181 -0.3363177013044973
3.186 0.315933022462639 0.522100547235854 0.3227901910323118 0.8582073020508934 -0.006857168569672806 -0.3361067548150393
3.188 0.3174650609193544 0.5254985609486968 0.3243136320371756 0.8613946336196773 -0.00684857111782112 -0.3358960726709805
3.19 0.318822664941957 0.5289860290447355 0.3256626547646644 0.8646716834206816 -0.006839989822707367 -0.3356856543759461
3.192 0.3200039178046902 0.5325552284501873 0.3268353424485694 0.8680307278849906 -0.006831424643879139 -0.3354754994348033
3.194 0.3210067438583304 0.5361990558167349 0.3278296193993409 0.8714646631703913 -0.00682287554101054 -0.3352656073536564
3.196 0.3218287024577928 0.5399108490154199 0.3286430449316946 0.8749668266552636 -0.006814342473901702 -0.3350559776398437
3.198 0.3224668375942307 0.5436841578840879 0.329272662996709 0.8785307676860213 -0.00680582540247832 -0.3348466098019334
3.2 0.3229175948739119 0.5475124795801296 0.3297149191607031 0.8821499829298491 -0.00679732428679118 -0.3346375033497196
3.202 0.3231768133310645 0.551388976466157 0.3299656524180802 0.8858176342603757 -0.006788839087015682 -0.3344286577942187
3.204 0.3232397948640123 0.555306195916405 0.3300201646274636 0.8895262685640704 -0.006780369763451389 -0.3342200726476653
3.206 0.3231014491335799 0.5592558116698443 0.3298733654101015 0.8932675590933534 -0.006771916276521552 -0.3340117474235091
3.208 0.3227565068690574 0.5632284053375528 0.3295199854558301 0.897032086973963 -0.006763478586772649 -0.3338036816364102
3.21 0.3221997900051973 0.567213304432123 0.3289548466600712 0.900809179234359 -0.006755056654873937 -0.333595874802236
3.212 0.3214265232293731 0.5711984899394961 0.3281731736709901 0.904586816377553 -0.006746650441616968 -0.3333883264380569
3.214 0.3204326686307247 0.575170582192454 0.3271709285386398 0.9083516182545975 -0.006738259907915162 -0.3331810360621436
3.216 0.3192152634418796 0.57911490889642 0.3259451484566829 0.9120889120903821 -0.006729885014803336 -0.332974003193962
3.218 0.3177727405051062 0.5830156539360488 0.3244942662285435 0.9157828812902193 -0.006721525723437254 -0.3327672273541705
3.22 0.3161052121375633 0.5868560804356118 0.3228183941326565 0.9194167885002277 -0.006713181995093177 -0.3325607080646159
3.222 0.3142147004614494 0.5906188168487433 0.3209195542526169 0.9229732616970729 -0.00670485379116742 -0.3323544448483297
3.224 0.3121053008309659 0.5942861909863836 0.3188018419041418 0.9264346282159083 -0.006696541073175901 -0.3321484372295247
3.226 0.3097832694456794 0.5978405941640299 0.3164715132484331 0.9297832788976211 -0.006688243802753699 -0.3319426847335912
3.228 0.3072570312182818 0.6012648562694556 0.3139369931599364 0.9330020431565487 -0.006679961941654601 -0.3317371868870931
3.23 0.3045371090441825 0.6045426126024047 0.3112088044959331 0.9360745558201695 -0.006671695451750685 -0.3315319432177648
3.232 0.3016359803759106 0.6076586447656136 0.3082994246709424 0.9389855980201207 -0.006663444295031858 -0.3313269532545071
3.234 0.2985678710571528 0.6105991805060214 0.3052230794907583 0.9417213970334053 -0.006655208433605429 -0.331122216527384
3.236 0.2953484994238968 0.6133521409252476 0.3019954872535925 0.9442698734928663 -0.006646987829695677 -0.3309177325676186
3.238 0.2919947855517866 0.6159073275402261 0.29863356799743 0.9466208284478164 -0.00663878244564341 -0.3307135009075902
3.24 0.2885245411661162 0.6182565458922358 0.2951551334100218 0.9487660669730661 -0.006630592243905546 -0.3305095210808303
3.242 0.2849561552030783 0.6203936664106385 0.291578572390133 0.9506994590326575 -0.006622417187054669 -0.330305792622019
3.244 0.2813082884896042 0.6223146267295344 0.2879225457273828 0.952416941796516 -0.006614257237778609 -0.3301023150669816
3.246 0.277599588741412 0.6240173824077778 0.284205701100292 0.9539164703604632 -0.006606112358880022 -0.3298990879526854
3.248 0.2738484343488182 0.6255018148899316 0.2804464168620941 0.9551979257071672 -0.006597982513275957 -0.3296961108172355
3.25 0.2700727125140832 0.6267696065407 0.2766625801780806 0.9562629897405721 -0.006589867663997442 -0.3294933831998721
3.252 0.2662896344835973 0.6278240927454397 0.2728714022577863 0.9571149973864059 -0.006581767774189055 -0.3292909046409662
3.254 0.2625155880941836 0.6286701005199092 0.2690892709012921 0.9577587752019259 -0.006573682807108507 -0.3290886746820166
3.256 0.2587660257727383 0.6293137819806552 0.2653316384988645 0.958200474846302 -0.006565612726126242 -0.3288866928656468
3.258 0.2550553845752646 0.6297624495803376 0.2616129420699895 0.9584474083159382 -0.006557557494724999 -0.3286849587356007
3.26 0.2513970338446586 0.6300244183926653 0.257946550921158 0.9585078902294051 -0.006549517076499414 -0.3284834718367398
3.262 0.2478032455717735 0.6301088591025169 0.2543447370069291 0.9583910908175565 -0.006541491435155601 -0.3282822317150396
3.264 0.2442851824898131 0.6300256638476347 0.2508186630243238 0.9581069017652207 -0.006533480534510753 -0.3280812379175861
3.266 0.240852899221263 0.6297853257597592 0.2473783835597557 0.9576658157523318 -0.006525484338492718 -0.3278804899925726
3.268 0.2375153523222971 0.6293988320152979 0.2440328551334367 0.9570788195045941 -0.006517502811139614 -0.3276799874892962
3.27 0.2342804157310774 0.628877569442529 0.2407899516476768 0.9563572994006835 -0.006509535916599402 -0.3274797299581545
3.272 0.2311548988344899 0.6282332412278003 0.2376564824536194 0.9555129581784424 -0.006501583619129504 -0.3272797169506421
3.274 0.2281445650534623 0.6274777929802116 0.2346382109365586 0.9545577409995587 -0.006493645883096386 -0.3270799480193472
3.276 0.2252541494647496 0.6266233463042774 0.2317398721377248 0.9535037690222263 -0.006485722672975179 -0.326880422717949
3.278 0.2224873745030667 0.6256821380412708 0.228965188456416 0.9523632786424839 -0.006477813953349254 -0.3266811406012131
3.28 0.2198469632161403 0.624666463424181 0.2263168829050502 0.9511485646491703 -0.006469919688909849 -0.3264821012249893
3.282 0.2173346498875763 0.6235886215094189 0.2237966897320319 0.9498719256556268 -0.006462039844455673 -0.3262833041462079
3.284 0.214951188117541 0.6224608613732083 0.2214053625024335 0.9485456102960848 -0.006454174384892502 -0.3260847489228765
3.286 0.2126963566825158 0.6212953276762716 0.2191426799577486 0.9471817627903477 -0.006446323275232789 -0.3258864351140761
3.288 0.2105689637072682 0.6201040043037858 0.2170074501878635 0.9457923665837449 -0.006438486480595299 -0.3256883622799591
3.29 0.2085668498947417 0.6188986548850233 0.2149975138609463 0.9443891848667681 -0.006430663966204687 -0.3254905299817449
3.292 0.2066868917865916 0.6176907591017646 0.2131097474839828 0.9429836968834822 -0.00642285569739114 -0.3252929377817175
3.294 0.2049250062758546 0.6164914438253548 0.2113400679154445 0.9415870290685761 -0.006415061639589977 -0.3250955852432213
3.296 0.2032761578617024 0.6153114082997081 0.2096834396200436 0.9402098802303671 -0.006407281758341273 -0.324898471930659
3.298 0.2017343704142867 0.6141608428313343 0.2081338864335762 0.9388624402408219 -0.006399516019289477 -0.3247015974094876
3.3 0.2002927454868463 0.6130493407751043 0.2066845098750293 0.9375543020213201 -0.00639176438818304 -0.3245049612462158
3.302 0.1989434894473048 0.6119858040279531 0.2053275162781789 0.9362943670363533 -0.00638402683087402 -0.3243085630084002
3.304 0.1976779518697929 0.6109783427660762 0.2040542551831106 0.9350907450307187 -0.006376303313317722 -0.3241124022646424
3.306 0.1964866776922005 0.6100341707793611 0.2028552714937728 0.9339506493639472 -0.006368593801572325 -0.3239164785845862
3.308 0.1953594755706005 0.6091594984524256 0.201720373832399 0.9328802899913394 -0.00636089826179849 -0.3237207915389139
3.31 0.1942855046085843 0.6083594261837897 0.2006387212688433 0.9318847668831333 -0.006353216660259012 -0.3235253406993436
3.312 0.1932533811787835 0.6076378417788271 0.1995989301421019 0.9309679674174528 -0.006345548963318441 -0.3233301256386257
3.314 0.1922513068657289 0.6069973260394101 0.1985892020031716 0.9301324719699504 -0.006337895137442703 -0.3231351459305402
3.316 0.1912672176407427 0.6064390713342471 0.1975974727899414 0.9293794724841404 -0.006330255149198755 -0.3229404011498934
3.318 0.1902889532497619 0.6059628182922971 0.1966115822150161 0.9287087091648115 -0.0063226289652542 -0.3227458908725143
3.32 0.1893044444986772 0.6055668158417974 0.1956194610510541 0.9281184305170503 -0.006315016552376941 -0.322551614675253
3.322 0.188301914730084 0.6052478095530015 0.1946093326075188 0.9276053816889771 -0.006307417877434802 -0.3223575721359756
3.324 0.1872700903984689 0.6050010625871038 0.1935699233058641 0.9271648254206669 -0.006299832907395186 -0.322163762833563
3.326 0.1861984143860642 0.6048204124908525 0.1924906759953889 0.9267905988387594 -0.006292261609324698 -0.3219701863479068
3.328 0.1850772546875676 0.6046983656283949 0.1913619586379564 0.9264752078883014 -0.006284703950388799 -0.3217768422599065
3.33 0.1838981004530045 0.6046262292753563 0.1901752603508559 0.9262099594268228 -0.00627715989785145 -0.3215837301514666
3.332 0.182653737219472 0.6045942794247424 0.1889233666385468 0.9259851290302359 -0.006269629419074753 -0.3213908496054935
3.334 0.1813383935530232 0.6045919603159944 0.1876005060345418 0.9257901605218869 -0.0062621124815186 -0.3211982002058925
3.336 0.1799478522806597 0.6046081097673843 0.1862024613334001 0.9256138913049491 -0.00625460905274032 -0.3210057815375648
3.338 0.1784795209810338 0.6046312027419045 0.1847266400814281 0.9254447959283091 -0.006247119100394337 -0.3208135931864046
3.34 0.1769324583248878 0.6046496043654559 0.1831721009171196 0.9252712391047521 -0.006239642592231811 -0.3206216347392961
3.342 0.1753073550655484 0.6046518229643824 0.1815395345616487 0.9250817287484929 -0.006232179496100295 -0.3204299057841106
3.344 0.1736064707957243 0.604626753663531 0.1798312005756677 0.9248651595732343 -0.006224729779943395 -0.3202384059097033
3.346 0.1718335298158629 0.6045639036894918 0.1780508232276633 0.9246110383954024 -0.006217293411800416 -0.3200471347059106
3.348 0.169993581418023 0.6044535916966097 0.176203451777829 0.9243096834601572 -0.006209870359806029 -0.3198560917635475
3.35 0.1680928314266238 0.6042871150601996 0.1742952920188137 0.9239523917346031 -0.006202460592189919 -0.3196652766744035
3.352 0.1661384528520873 0.6040568810073972 0.1723335169293638 0.9235315700386385 -0.006195064077276459 -0.3194746890312414
3.354 0.164138383959241 0.603756499508297 0.1703260647427253 0.92304082793609 -0.00618768078348436 -0.319284328427793
3.356 0.1621011219433815 0.6033808378571298 0.1682814326227078 0.9224750323158867 -0.00618031067932634 -0.3190941944587569
3.358 0.1600355198071211 0.6029260386859243 0.1662084735405299 0.9218303254057196 -0.006172953733408783 -0.3189042867197953
3.36 0.1579505930408917 0.6023895046574923 0.1641162029553231 0.9211041094650239 -0.006165609914431415 -0.3187146048075316
3.362 0.1558553414529285 0.601769854209028 0.1620136206441154 0.920295002528575 -0.00615827919118696 -0.318525148319547
3.364 0.1537585900991352 0.6010668534350596 0.159909551631696 0.9194027702894376 -0.006150961532560813 -0.3183359168543781
3.366 0.1516688518479037 0.6002813295203582 0.1578125087554345 0.9184282395318718 -0.006143656907530714 -0.3181469100115136
3.368 0.1495942127809259 0.5994150711028801 0.1557305780660923 0.9173731984942721 -0.006136365285166414 -0.317958127391392
3.37 0.1475422404532031 0.5984707206267932 0.1536713270878325 0.9162402892221917 -0.006129086634629349 -0.3177695685953986
3.372 0.1455199140614721 0.5974516632103537 0.1516417349866445 0.9150328964362161 -0.006121820925172318 -0.3175812332258624
3.374 0.1435335748226052 0.5963619158772988 0.1496481429487443 0.9137550367633525 -0.006114568126139148 -0.3173931208860536
3.376 0.1415888943438642 0.5952060202529221 0.1476962225508285 0.9124112514331033 -0.006107328206964389 -0.3172052311801811
3.378 0.1396908584580674 0.5939889410653554 0.1457909595952404 0.9110065047787442 -0.006100101137172968 -0.3170175637133889
3.38 0.1378437638735803 0.592715972064638 0.1439366507599602 0.9095460901563922 -0.006092886886379889 -0.3168301180917543
3.382 0.1360512250189394 0.5913926503094951 0.1421369104432293 0.9080355442317792 -0.006085685424289909 -0.3166428939222842
3.384 0.1343161886104247 0.5900246791943808 0.1403946853311219 0.9064805700072943 -0.006078496720697214 -0.3164558908129134
3.386 0.1326409537064495 0.5886178601074054 0.1387122744519347 0.9048869684799061 -0.006071320745485101 -0.3162691083725008
3.388 0.1310271953067661 0.5871780322253772 0.1370913527753918 0.9032605784362047 -0.006064157468625675 -0.3160825462108275
3.39 0.1294759898822188 0.5857110196613822 0.1355329967423983 0.9016072235999758 -0.006057006860179524 -0.3158962039385936
3.392 0.1279878415646435 0.5842225849764404 0.1340377104549389 0.8999326661438565 -0.006049868890295413 -0.315710081167416
3.394 0.1265627080715303 0.58271838794138 0.1326054516007402 0.8982425654512048 -0.006042743529209963 -0.3155241775098249
3.396 0.1252000257758401 0.5812039483789946 0.1312356565230874 0.8965424409582564 -0.006035630747247355 -0.3153384925792618
3.398 0.1238987336512128 0.5796846119224059 0.1299272641660318 0.8948376379124827 -0.006028530514819008 -0.3151530259900768
3.4 0.1226572961212497 0.5781655175867679 0.128678738923673 0.8931332949442934 -0.006021442802423282 -0.3149677773575255
3.402 0.1214737251137096 0.5766515661625549 0.1274880926943547 0.8914343124603216 -0.006014367580645161 -0.3147827462977666
3.404 0.1203456018626334 0.5751473885963412 0.1263529066827894 0.8897453210242007 -0.006007304820155956 -0.3145979324278596
3.406 0.1192700992081096 0.5736573137260573 0.1252703536998226 0.8880706490918185 -0.006000254491713001 -0.3144133353657612
3.408 0.1182440053077947 0.5721853349788898 0.124237221873954 0.8864142897092137 -0.005993216566159346 -0.3142289547303239
3.41 0.1172637497888364 0.5707350759174157 0.1232499408032599 0.884779866058708 -0.005986191014423459 -0.3140447901412922
3.412 0.116325433424142 0.5693097548275265 0.1223046112316609 0.8831705960468277 -0.005979177807518926 -0.3138608412193011
3.414 0.1154248624023328 0.5679121488702619 0.1213970393188769 0.8815892564561344 -0.005972176916544145 -0.3136771075858725
3.416 0.1145575881671759 0.5665445586566287 0.1205227764798579 0.8800381475200421 -0.005965188312682044 -0.3134935888634133
3.418 0.1137189536215888 0.5652087744319798 0.1196771655887886 0.8785190591071923 -0.005958211967199769 -0.3133102846752125
3.42 0.1129041462191512 0.563906045352395 0.1188553940705996 0.8770332399978337 -0.005951247851448395 -0.3131271946454386
3.422 0.1121082581044267 0.56263705357445 0.1180525540412894 0.8755813719735873 -0.005944295936862631 -0.3129443183991373
3.424 0.1113263530216985 0.5614018950339477 0.117263709216659 0.8741635505961765 -0.005937356194960537 -0.3127616555622288
3.426 0.1105535392084217 0.5602000688310713 0.1164839678057649 0.8727792745925765 -0.005930428597343209 -0.3125792057615052
3.428 0.1097850469537915 0.5590304770459547 0.115708560069486 0.8714274456705824 -0.005923513115694518 -0.3123969686246278
3.43 0.1090163089722565 0.5578914365638921 0.1149329186940373 0.870106380344017 -0.005916609721780793 -0.3122149437801249
3.432 0.1082430412613159 0.5567807040889272 0.1141527596487665 0.8688138349463164 -0.005909718387450554 -0.3120331308573892
3.434 0.1074613217312666 0.5556955149787819 0.1133641608159008 0.8675470444654572 -0.005902839084634215 -0.3118515294866753
3.436 0.1066676636579275 0.5546326358697876 0.1125636354432713 0.8663027751688845 -0.005895971785343801 -0.3116701392990969
3.438 0.1058590809560649 0.5535884303199896 0.1117481974177375 0.8650773902466142 -0.005889116461672659 -0.3114889599266246
3.44 0.1050331424259182 0.5525589359382297 0.1109154155117134 0.8638669269403133 -0.005882273085795185 -0.3113079910020836
3.442 0.1041880124933555 0.5515399507507497 0.1100634541233221 0.8626671829099003 -0.005875441629966526 -0.3111272321591506
3.444 0.1033224765296306 0.550527125949966 0.109191098596153 0.8614738089823181 -0.005868622066522323 -0.310946683032352
3.446 0.1024359495616635 0.5495160617309434 0.1082977639295419 0.8602824049880042 -0.0058618143678784 -0.3107663432570609
3.448 0.1015284680124925 0.5485024026937527 0.107383486519023 0.859088615163248 -0.005855018506530509 -0.3105862124694952
3.45 0.1006006649752177 0.5474819292974612 0.1064488994302718 0.8578882196041758 -0.005848234455054044 -0.3104062903067146
3.452 0.09965373035028068 0.5464506420938312 0.1054951925363844 0.8566772185004498 -0.005841462186103768 -0.3102265764066185
3.454 0.09868935789711629 0.545404835921514 0.1045240595695298 0.8554519063294576 -0.00583470167241353 -0.3100470704079436
3.456 0.09770968181185803 0.5443411618603691 0.103537634698654 0.8542089338106302 -0.005827952886795999 -0.3098677719502611
3.458 0.0967172058059972 0.5432566754718671 0.1025384216081396 0.8529453561458419 -0.005821215802142384 -0.3096886806739748
3.46 0.0957147278114816 0.5421488706203309 0.1015292182029038 0.8516586668406493 -0.005814490391422167 -0.3095097962203184
3.462 0.09470526338240393 0.5410156989176413 0.1005130400100867 0.8503468171489945 -0.005807776627682829 -0.3093311182313532
3.464 0.09369197062669192 0.5398555755058209 0.0994930451107415 0.8490082218557865 -0.005801074484049586 -0.3091526463499656
3.466 0.09267807912214221 0.5386673724462575 0.09847246305586732 0.8476417526661225 -0.005794383933725109 -0.308974380219865
3.468 0.09166682479592535 0.5374504013959007 0.09745452974591461 0.8462467208814817 -0.005787704949989262 -0.308796319485581
3.47 0.09066139222280742 0.5362043875103779 0.09644242972900627 0.8448228513028394 -0.005781037506198845 -0.3086184637924614
3.472 0.08966486526927642 0.534929436627229 0.09543924684506373 0.8433702494138989 -0.005774381575787311 -0.3084408127866699
3.474 0.08868018651521137 0.533625997766191 0.09444792364747588 0.8418893638813743 -0.005767737132264513 -0.3082633661151833
3.476 0.08771012544854523 0.5322948228615701 0.09347122959776166 0.8403809462873599 -0.005761104149216436 -0.3080861234257898
3.478 0.08675725506890669 0.5309369254422136 0.09251173766921163 0.8388460098092994 -0.005754482600304938 -0.3079090843670858
3.48 0.08582393626090852 0.5295535397254565 0.09157180872017601 0.8372857883139311 -0.005747872459267487 -0.3077322485884746
3.482 0.08491230910579993 0.5281460813178044 0.09065358280571682 0.8357016970579679 -0.005741273699916895 -0.3075556157401635
3.484 0.08402429018541521 0.5267161104389344 0.08975897648155629 0.8340952959120961 -0.005734686296141074 -0.3073791854731616
3.486 0.08316157488419687 0.5252652983233563 0.08888968510609963 0.8324682557626335 -0.00572811022190276 -0.3072029574392772
3.488 0.08232564370069487 0.5237953972170322 0.08804718915193413 0.8308223285081484 -0.005721545451239266 -0.3070269312911163
3.49 0.08151777162661375 0.5223082141816882 0.08723276358487597 0.8291593208637675 -0.005714991958262224 -0.3068511066820794
3.492 0.08073903972672548 0.520805588750461 0.08644748944388281 0.8274810720168209 -0.005708449717157329 -0.3066754832663599
3.494 0.07999034814554273 0.5192893743444096 0.08569226684772682 0.8257894350433512 -0.00570191870218409 -0.3065000606989416
3.496 0.0792724298677598 0.5177614232585136 0.08496782875543536 0.8240862618941101 -0.005695398887675563 -0.3063248386355965
3.498 0.07858586466181443 0.5162235749541939 0.08427475490985255 0.8223733916870759 -0.005688890248038117 -0.3061498167328821
3.5 0.07793109273413265 0.5146776473483905 0.08361348549188383 0.8206526419965305 -0.005682392757751174 -0.3059749946481401
3.502 0.07730842771235268 0.5131254307624844 0.08298433410371962 0.8189258028019777 -0.005675906391366952 -0.3058003720394933
3.504 0.07671806865696976 0.5115686841831965 0.08238749978047998 0.81719463274904 -0.005669431123510225 -0.3056259485658436
3.506 0.07616011087135863 0.5100091334875479 0.08182307780023672 0.8154608573744182 -0.005662966928878086 -0.3054517238868703
3.508 0.07563455534021152 0.5084484712915991 0.08129106912245118 0.813726168954626 -0.005656513782239667 -0.305277697663027
3.51 0.0751413166766937 0.5068883580950125 0.08079138833512962 0.8119922276505527 -0.005650071658435929 -0.3051038695555401
3.512 0.07468022950013314 0.5053304244075427 0.08032387003251253 0.8102606636339491 -0.005643640532379389 -0.3049302392264064
3.514 0.07425105320034463 0.5037762735577225 0.07988827357939852 0.8085330798961134 -0.005637220379053902 -0.3047568063383909
3.516 0.07385347507341126 0.5022274848970827 0.07948428624692565 0.8068110554521071 -0.005630811173514386 -0.3045835705550243
3.518 0.0734871118384741 0.5006856171236743 0.07911152472936071 0.8050961486642759 -0.005624412890886613 -0.3044105315406016
3.52 0.07315150956767127 0.4991522114564874 0.07876953507403822 0.8033899004166665 -0.005618025506366944 -0.3042376889601791
3.522 0.07284614208357808 0.4976287943975801 0.07845779107880017 0.8016938368771527 -0.005611648995222095 -0.3040650424795726
3.524 0.07257040790178031 0.4961168798211559 0.07817569123456922 0.8000094715865114 -0.005605283332788907 -0.3038925917653555
3.526 0.07232362582235979 0.4946179701297105 0.0779225543168339 0.7983383066145668 -0.005598928494474097 -0.3037203364848564
3.528 0.0721050293042706 0.493133556217809 0.07769761376002461 0.7966818325239655 -0.005592584455754018 -0.3035482763061565
3.53 0.07191375979210124 0.4916651159852101 0.07750001098427567 0.7950415268832987 -0.005586251192174436 -0.3033764108980886
3.532 0.07174885920635196 0.4902141111452412 0.07732878788570224 0.7934188510754752 -0.005579928679350285 -0.3032047399302339
3.534 0.07160926185653249 0.488781982083993 0.07718287874949792 0.7918152451569136 -0.005573616892965432 -0.3030332630729206
3.536 0.07149378609094953 0.4873701405432889 0.07706110189972197 0.7902321205405101 -0.005567315808772448 -0.3028619799972211
3.538 0.07140112605713343 0.4859799599289676 0.07696215145972581 0.7886708503039184 -0.00556102540259237 -0.3026908903749508
3.54 0.07132984401059943 0.4846127630889315 0.0768845896609139 0.7871327569675964 -0.005554745650314469 -0.3025199938786649
3.542 0.07127836367425767 0.4832698074654448 0.0768268402021537 0.7856190976471024 -0.005548476527896031 -0.3023492901816575
3.544 0.07124496521211211 0.4819522676064068 0.07678718322347422 0.7841310465643655 -0.00554221801136211 -0.3021787789579587
3.546 0.07122778243348077 0.4806612151228201 0.07676375251028608 0.7826696750051528 -0.00553597007680531 -0.3020084598823327
3.548 0.07122480288127568 0.4793975963048763 0.07675453558166123 0.7812359289351523 -0.005529732700385552 -0.3018383326302759
3.55 0.0712338714719789 0.4781622077562516 0.07675737733030875 0.7798306046342665 -0.00552350585832985 -0.3016683968780148
3.552 0.07125269833748689 0.4769556705721125 0.07676998786441896 0.7784543228746162 -0.005517289526932079 -0.3014986523025038
3.554 0.07127887146152186 0.4757784037643006 0.07678995514407462 0.7771075023457239 -0.005511083682552762 -0.3013290985814233
3.556 0.07130987459821038 0.4746305978181503 0.07681476289982921 0.7757903332113277 -0.005504888301618822 -0.3011597353931774
3.558 0.07134311080221394 0.4735121894366429 0.07684181416283732 0.7745027518535355 -0.005498703360623389 -0.3009905624168925
3.56 0.07137593168638748 0.4724228386730327 0.07686846052251302 0.7732444180054473 -0.005492528836125547 -0.3008215793324146
3.562 0.07140567225688615 0.471361909755421 0.0768920369616363 0.7720146955757285 -0.005486364704750137 -0.3006527858203075
3.564 0.07142969086545466 0.4703284569471213 0.07690990180864217 0.7708126385089723 -0.005480210943187518 -0.300484181561851
3.566 0.07144541347929667 0.4693212167483617 0.07691948100749003 0.7696369829874004 -0.005474067528193357 -0.3003157662390386
3.568 0.07145038112212256 0.4683386076142081 0.07691831555871095 0.7684861471487837 -0.005467934436588402 -0.3001475395345756
3.57 0.07144229901274439 0.4673787381340704 0.07690411065800266 0.7673582392659478 -0.005461811645258273 -0.2999795011318774
3.572 0.07141908565069119 0.4664394242912808 0.07687478478184442 0.7662510750063477 -0.005455699131153235 -0.2998116507150669
3.574 0.07137891990297941 0.4655182160092457 0.0768285167742674 0.765162203978219 -0.005449596871287987 -0.2996439879689733
3.576 0.07132028406021562 0.4646124327164868 0.07676378890295707 0.764088945295616 -0.005443504842741443 -0.2994765125791292
3.578 0.07124200087428506 0.4637192071592984 0.07667942389694157 0.763028431391068 -0.005437423022656519 -0.2993092242317696
3.58 0.07114326277362829 0.4628355361973945 0.0765746141618682 0.7619776588112237 -0.005431351388239916 -0.2991421226138292
3.582 0.07102365177158509 0.4619583368778561 0.07644894168834701 0.7609335442907971 -0.005425289916761911 -0.298975207412941
3.584 0.07088314902024741 0.4610845057367261 0.07630238760580355 0.7598929840541599 -0.005419238585556139 -0.2988084783174338
3.586 0.07072213348520411 0.4602109790592775 0.07613533085722349 0.7588529140756085 -0.005413197372019386 -0.298641935016331
3.588 0.07054136978376853 0.4593347917613106 0.0759485360373799 0.7578103689606582 -0.00540716625361137 -0.2984755771993476
3.59 0.07034198579397365 0.4584531326418888 0.0757431310018282 0.7567625371987784 -0.005401145207854546 -0.2983094045568896
3.592 0.07012544115705095 0.4575633939938954 0.07552057536938483 0.7557068107739462 -0.005395134212333882 -0.2981434167800508
3.594 0.0698934882216225 0.4566632139194634 0.07528262146631916 0.7546408274800752 -0.005389133244696653 -0.2979776135606118
3.596 0.06964812728324321 0.4557505101482679 0.07503126956589545 0.7535625047393056 -0.00538314228265224 -0.2978119945910377
3.598 0.06939155814132458 0.4548235046564383 0.07476871944529651 0.7524700642209147 -0.005377161303971919 -0.2976465595644763
3.6 0.06912613002445914 0.4538807388900499 0.07449732031094779 0.7513620470648061 -0.005371190286488654 -0.2974813081747562
3.602 0.06885429183547971 0.4529210798706596 0.07421952104357661 0.7502373199870443 -0.005365229208096894 -0.2973162401163847
3.604 0.06857854446040568 0.4519437178693736 0.07393782250715804 0.74909507295392 -0.005359278046752363 -0.2971513550845464
3.606 0.06830139659882398 0.4509481566587297 0.07365473337929584 0.7479348094338305 -0.005353336780471867 -0.2969866527751008
3.608 0.06802532523815982 0.4499341975772227 0.0733727306254929 0.7467563304618035 -0.00534740538733308 -0.2968221328845808
3.61 0.06775274154049216 0.4489019187681194 0.07309422538596651 0.74555971387831 -0.005341483845474347 -0.2966577951101906
3.612 0.06748596256446154 0.4478516509896781 0.07282153469755603 0.7443452901394824 -0.005335572133094484 -0.2964936391498043
3.614 0.06722718892708501 0.4467839513510443 0.07255685915553758 0.7431136160530074 -0.005329670228452574 -0.2963296647019631
3.616 0.0669784882351404 0.4456995762230161 0.07230226634500816 0.7418654476888907 -0.005323778109867769 -0.2961658714658746
3.618 0.06674178389150452 0.4445994544232334 0.07205967964722361 0.7406017135646437 -0.00531789575571909 -0.2960022591414103
3.62 0.06651884871113976 0.4434846615977854 0.071830871855585 0.739323489026889 -0.00531202314444523 -0.2958388274291036
3.622 0.06631130266285902 0.4423563965300016 0.07161746291740338 0.7380319725601503 -0.005306160254544359 -0.2956755760301487
3.624 0.06612061398224987 0.4412159599144637 0.07142092104682379 0.7367284645608618 -0.005300307064573918 -0.2955125046463981
3.626 0.06594810287224742 0.4400647359490867 0.07124256642539786 0.7354143489294479 -0.005294463553150435 -0.2953496129803612
3.628 0.06579494701397526 0.4389041769264814 0.07108357671292458 0.7340910776616832 -0.005288629698949316 -0.2951869007352018
3.63 0.06566218814500233 0.4377357908522094 0.070944993625707 0.7327601584669472 -0.005282805480704672 -0.2950243676147378
3.632 0.06555073901874367 0.4365611319843578 0.07082772989595276 0.7314231453077954 -0.005276990877209098 -0.2948620133234376
3.634 0.06546139013156749 0.4353817940768351 0.07073257599888098 0.7300816316432547 -0.005271185867313503 -0.2946998375664195
3.636 0.0653948156882509 0.434199406018349 0.0706602061181778 0.7287372460677987 -0.005265390429926905 -0.2945378400494497
3.638 0.06535157836717259 0.4330156294895935 0.07061118291118883 0.7273916499685333 -0.005259604544016243 -0.2943760204789398
3.64 0.06533213254010385 0.431832158211122 0.07058596072871004 0.7260465367730684 -0.005253828188606184 -0.2942143785619464
3.642 0.06533682569430896 0.4306507183222679 0.0705848870370879 0.7247036323284358 -0.005248061342778944 -0.2940529140061679
3.644 0.06536589789412203 0.4294730694150669 0.07060820187979611 0.7233646959350107 -0.005242303985674081 -0.2938916265199439
3.646 0.06541947920330356 0.4283010057433611 0.07065603529979188 0.7220315215556136 -0.005236556096488319 -0.2937305158122525
3.648 0.06549758506713647 0.4271363571336426 0.07072840272161184 0.7207059387263518 -0.005230817654475356 -0.2935695815927092
3.65 0.06560010972427777 0.4259809891378706 0.07082519836322344 0.7193898127094357 -0.00522508863894568 -0.2934088235715651
3.652 0.06572681778361708 0.4248368019865444 0.07094618681288346 0.7180850434462491 -0.005219369029266377 -0.2932482414597047
3.654 0.0658773341624298 0.4237057279212575 0.07109099296729075 0.7167935628899024 -0.005213658804860951 -0.2930878349686448
3.656 0.06605113264119783 0.4225897265087509 0.07125909058640696 0.715517330319283 -0.005207957945209132 -0.2929276038105321
3.658 0.06624752335014597 0.4214907775629483 0.07144978977999267 0.7142583252610905 -0.005202266429846704 -0.2927675476981422
3.66 0.06646563956535748 0.4204108713293763 0.07166222380372278 0.7130185376742535 -0.005196584238365305 -0.2926076663448772
3.662 0.06670442426001694 0.4193519956204269 0.0718953356104292 0.7117999550851913 -0.005190911350412259 -0.2924479594647644
3.664 0.06696261693004993 0.4183161196334437 0.0721478646757403 0.7106045464058984 -0.005185247745690381 -0.2922884267724548
3.666 0.06723874129262476 0.4173051742418337 0.07241833469658257 0.7094342422250544 -0.005179593403957812 -0.2921290679832206
3.668 0.06753109453825318 0.4163210286270851 0.072705042843281 0.7082909114400396 -0.00517394830502782 -0.2919698828129545
3.67 0.06783773889853882 0.4153654632216705 0.07300605132730745 0.7071763341998378 -0.005168312428768631 -0.2918108709781673
3.672 0.06815649636520195 0.4144401390637174 0.07331918212030519 0.7060921712597039 -0.005162685755103247 -0.2916520321959865
3.674 0.06848494745310454 0.4135465638267609 0.07364201571711382 0.7050399300109154 -0.005157068264009267 -0.2914933661841545
3.676 0.06882043493007603 0.4126860549819211 0.07397189486559473 0.7040209276429481 -0.005151459935518705 -0.291334872661027
3.678 0.06916007342714961 0.4118597007727783 0.07430593417686744 0.70303625211835 -0.005145860749717825 -0.2911765513455716
3.68 0.06950076578166157 0.4110683199280804 0.07464103646840853 0.7020867218854461 -0.005140270686746948 -0.2910184019573657
3.682 0.06983922684088553 0.4103124212922138 0.07497391656768582 0.7011728455088087 -0.005134689726800288 -0.2908604242165948
3.684 0.0701720152557273 0.4095921648018671 0.07530113310585308 0.7002947826459186 -0.005129117850125774 -0.2907026178440515
3.686 0.07049557351718161 0.4089073254581402 0.07561912855420648 0.6994523080192735 -0.005123555037024869 -0.2905449825611333
3.688 0.07080627613388535 0.4082572621115702 0.07592427740173775 0.6986447802014112 -0.005118001267852404 -0.290387518089841
3.69 0.07110048542589334 0.4076408929666194 0.07621294194890973 0.6978711171193966 -0.005112456523016402 -0.2902302241527773
3.692 0.07137461393606634 0.4070566796962484 0.07648153471904424 0.6971297801693932 -0.005106920782977902 -0.2900731004731448
3.694 0.071625191964154 0.406502621914636 0.07672658599240478 0.696418768689381 -0.005101394028250791 -0.289916146774745
3.696 0.07184893824637963 0.4059762634732699 0.07694481448578126 0.6957356262552459 -0.005095876239401634 -0.2897593627819759
3.698 0.07204283137794203 0.4054747116203545 0.07713319877499152 0.6950774598401858 -0.005090367397049494 -0.2896027482198312
3.7 0.07220417925303063 0.4049946695078807 0.07728904673489641 0.6944409723217787 -0.005084867481865777 -0.289446302813898
3.702 0.07233068361903817 0.4045324818725353 0.07741006009361222 0.693822508162891 -0.005079376474574048 -0.2892900262903557
3.704 0.07242049684297307 0.4040841929986418 0.07749439119892293 0.6932181113746158 -0.005073894355949866 -0.2891339183759739
3.706 0.07247226818833107 0.4036456153480064 0.07754068929515169 0.6926235941461177 -0.005068421106820626 -0.2889779787981114
3.708 0.07248517730159411 0.4032124065742687 0.07754813400965949 0.6920346138589828 -0.005062956708065376 -0.2888222072847141
3.71 0.07245895318956314 0.4027801520890181 0.0775164543301778 0.6914467556533319 -0.005057501140614663 -0.2886666035643138
3.712 0.07239387769269473 0.4023444499667823 0.07744593207814508 0.6908556173328086 -0.005052054385450353 -0.2885111673660264
3.714 0.07229077326965969 0.4019009948042285 0.07733738969326517 0.6902568932237788 -0.005046616423605485 -0.2883558984195503
3.716 0.072150975738207 0.4014456572037566 0.07719216297437108 0.6896464536589217 -0.005041187236164083 -0.2882007964551651
3.718 0.07197629339846894 0.4009745558284373 0.07701206020272995 0.6890204170321671 -0.005035766804261011 -0.2880458612037298
3.72 0.07176895463410245 0.4004841194474158 0.07679930974318425 0.6883752118440969 -0.005030355109081793 -0.2878910923966811
3.722 0.07153154659413169 0.3999711370134989 0.07655649872599415 0.6877076267795315 -0.005024952131862471 -0.2877364897660326
3.724 0.0712669478722212 0.399432794530558 0.07628650572611061 0.68701484757493 -0.005019557853889415 -0.287582053044372
3.726 0.07097825820910315 0.3988666982156196 0.07599243046560233 0.6862944801804804 -0.005014172256499184 -0.2874277819648609
3.728 0.07066872815658422 0.3982708841795857 0.07567752347766257 0.685544560440818 -0.005008795321078351 -0.2872736762612323
3.73 0.07034169138360293 0.3976438154907371 0.07534511841266628 0.6847635511585267 -0.005003427029063358 -0.2871197356677896
3.732 0.07000050191348779 0.3969843680086459 0.07499856927542811 0.6839503279280505 -0.004998067361940326 -0.2869659599194046
3.734 0.06964847810083279 0.3962918067602795 0.07464119440207773 0.6831041555117962 -0.004992716301244936 -0.2868123487515167
3.736 0.06928885463091713 0.3955657548670297 0.07427622845947936 0.6822246567671602 -0.004987373828562226 -0.2866589019001304
3.738 0.0689247432954721 0.3948061571262274 0.07390678322099858 0.6813117762280425 -0.004982039925526481 -0.2865056191018152
3.74 0.06855910280024477 0.3940132403185006 0.0735358173740658 0.6803657404122027 -0.004976714573821026 -0.2863525000937021
3.742 0.06819471741828458 0.393187472174893 0.07316611517346268 0.6793870167883771 -0.004971397755178105 -0.2861995446134841
3.744 0.06783418393533432 0.3923295207196092 0.07280027338671302 0.6783762731190228 -0.004966089451378708 -0.2860467523994136
3.746 0.06747990604942465 0.3914402154313241 0.07244069569367707 0.6773343386216252 -0.004960789644252422 -0.2858941231903011
3.748 0.06713409518808945 0.3905205113621755 0.07208959350376672 0.6762621680876891 -0.004955498315677263 -0.2857416567255137
3.75 0.06679877659043815 0.3895714570400592 0.0717489920380177 0.675160809785033 -0.004950215447579545 -0.2855893527449738
3.752 0.06647579946079005 0.3885941666749027 0.07142074048272375 0.6740313776640601 -0.004944941021933698 -0.2854372109891574
3.754 0.06616685002601853 0.3875897969078128 0.07110652504678067 0.6728750281069057 -0.004939675020762131 -0.2852852311990929
3.756 0.06587346640868667 0.3865595280942988 0.07080788383482176 0.671692941210658 -0.004934417426135078 -0.2851334131163593
3.758 0.06559705435013863 0.3855045499071804 0.07052622257030906 0.6704863063902653 -0.004929168220170442 -0.2849817564830849
3.76 0.0653389029690504 0.3844260508861373 0.07026283035408404 0.6692563119280833 -0.004923927385033641 -0.284830261041946
3.762 0.0651001999087461 0.3833252114503978 0.07001889481168357 0.6680041379865629 -0.004918694902937462 -0.2846789265361651
3.764 0.06488204539883718 0.3822031998280737 0.06979551615497909 0.6667309525375835 -0.004913470756141907 -0.2845277527095098
3.766 0.06468546492255361 0.3810611703362872 0.06959371984950766 0.6654379096425782 -0.004908254926954041 -0.284376739306291
3.768 0.0645114203313927 0.379900263464348 0.06941446772912055 0.6641261495357099 -0.004903047397727848 -0.284225886071362
3.77 0.06436081937650621 0.3787216072605047 0.06925866752737028 0.6627968000106209 -0.004897848150864072 -0.2840751927501162
3.772 0.06423452372725753 0.3775263195927163 0.06912718089606762 0.661450978681203 -0.004892657168810083 -0.2839246590884866
3.774 0.06413335561965794 0.3763155109364261 0.06902083005371765 0.66008979576937 -0.004887474434059712 -0.2837742848329439
3.776 0.06405810332157952 0.3750902874294431 0.06894040325073264 0.6587143571599381 -0.00488229992915312 -0.283624069730495
3.778 0.06400952562028149 0.3738517540187719 0.06888665925695812 0.6573257675474538 -0.004877133636676635 -0.2834740135286819
3.78 0.0639883555348699 0.3726010176005446 0.06886033107413252 0.6559251335761246 -0.004871975539262619 -0.2833241159755799
3.782 0.06399530343680913 0.3713391901187009 0.06886212905639845 0.6545135669384975 -0.004866825619589313 -0.2831743768197966
3.784 0.0640310597305338 0.3700673916386413 0.0688927435909145 0.6530921874491116 -0.0048616838603807 -0.2830247958104703
3.786 0.0640962972085493 0.3687867534479721 0.06895284745295564 0.6516621261452403 -0.004856550244406349 -0.2828753726972683
3.788 0.06419167315531325 0.3674984212587502 0.06904309790979454 0.6502245284891364 -0.004851424754481285 -0.2827261072303862
3.79 0.06431783123493977 0.3662035585960319 0.06916413860840559 0.6487805577565777 -0.004846307373465826 -0.2825769991605458
3.792 0.0644754031618035 0.3649033504578649 0.06931660124606896 0.6473313986968594 -0.004841198084265464 -0.2824280482389945
3.794 0.06466501012179841 0.3635990073247477 0.06950110699162912 0.6458782615422504 -0.0048360968698307 -0.2822792542175027
3.796 0.06488726388584407 0.3622917695843416 0.06971826759900099 0.6444223864327054 -0.004831003713156916 -0.2821306168483638
3.798 0.06514276753635605 0.3609829124213155 0.06996868613364027 0.6429650483057074 -0.004825918597284222 -0.2819821358843919
3.8 0.06543211571118743 0.3596737512045775 0.07025295721648477 0.6415075622834985 -0.004820841505297333 -0.281833811078921
3.802 0.065755894257213 0.358365647385779 0.07057166667753841 0.640051289571582 -0.004815772420325406 -0.281685642185803
3.804 0.06611467917658449 0.357060014904213 0.07092539050212641 0.6385976438636199 -0.004810711325541917 -0.2815376289594069
3.806 0.06650903474177139 0.3557583270745376 0.0713146929459359 0.637148098229155 -0.00480565820416451 -0.2813897711546173
3.808 0.06693951065005116 0.3544621239151743 0.07174012368950602 0.6357041924420072 -0.004800613039454869 -0.2812420685268329
3.81 0.06740663808382179 0.353173019855884 0.07220221389854035 0.6342675406878492 -0.004795575814718566 -0.2810945208319652
3.812 0.06791092453943817 0.3518927117429829 0.07270147105274311 0.6328398395694202 -0.00479054651330494 -0.2809471278264374
3.814 0.06845284728436457 0.3506229870388136 0.07323837240297151 0.6314228763059963 -0.004785525118606943 -0.2807998892671827
3.816 0.06903284530028143 0.3493657320881343 0.07381335691434245 0.6300185369997775 -0.004780511614061008 -0.2806528049116432
3.818 0.06965130956916393 0.3481229402968487 0.07442681555231086 0.6286288148146171 -0.004775505983146921 -0.2805058745177684
3.82 0.07030857156073458 0.3468967200378583 0.07507907977012226 0.6272558178818725 -0.004770508209387675 -0.2803590978440141
3.822 0.07100488978419492 0.3456893020638823 0.07577040806054426 0.6259017767132233 -0.004765518276349338 -0.280212474649341
3.824 0.07174043427618661 0.3445030461675989 0.07650097044382752 0.6245690508608122 -0.004760536167640916 -0.2800660046932132
3.826 0.07251526891203647 0.3433404467852342 0.07727083077895069 0.6232601345208313 -0.004755561866914222 -0.2799196877355971
3.828 0.07332933145012913 0.3422041371911917 0.07807992680799286 0.6219776607281517 -0.004750595357863742 -0.2797735235369601
3.83 0.07418241125237607 0.3410968918786049 0.07892804787660256 0.6207244037368737 -0.004745636624226494 -0.2796275118582687
3.832 0.07507412466913152 0.3400216266652752 0.07981481031891342 0.6195032791262638 -0.004740685649781904 -0.2794816524609886
3.834 0.07600388813695928 0.3389813960081958 0.08073963055531096 0.6183173411152775 -0.004735742418351672 -0.2793359451070817
3.836 0.07697088911547566 0.3379793869548489 0.08170169602927529 0.617169776513855 -0.004730806913799633 -0.279190389559006
3.838 0.07797405508692345 0.33701890910967 0.08269993420695509 0.6160638946893839 -0.004725879120031633 -0.279044985579714
3.84 0.07901202096126034 0.33610337995408 0.08373297998225573 0.6150031128867309 -0.004720959020995394 -0.2788997329326509
3.842 0.08008309537220847 0.3352363048337015 0.08479914197288885 0.6139909362154558 -0.004716046600680382 -0.2787546313817543
3.844 0.08118522651571369 0.3344212509241949 0.08589636835883138 0.6130309316156469 -0.004711141843117685 -0.278609680691452
3.846 0.0823159683702262 0.3336618145157502 0.08702221310260606 0.6121266951424115 -0.00470624473237987 -0.2784648806266613
3.848 0.08347244834535793 0.3329615810244189 0.0881738035979388 0.6112818119772064 -0.004701355252580871 -0.2783202309527876
3.85 0.08465133762498302 0.3323240772562888 0.08934781101285885 0.6104998086920114 -0.004696473387875836 -0.2781757314357226
3.852 0.08584882569325855 0.3317527156274633 0.09054042481571958 0.6097840974693076 -0.004691599122461028 -0.2780313818418443
3.854 0.08706060074457381 0.3312507302872883 0.09174733318514748 0.6091379122253026 -0.004686732440573671 -0.2778871819380143
3.856 0.08828183786299103 0.3308211054108264 0.09296371118948286 0.6085642369024038 -0.004681873326491838 -0.2777431314915774
3.858 0.08950719699181599 0.3304664963214703 0.0941842187563503 0.6080657265918304 -0.00467702176453432 -0.2775992302703602
3.86 0.09073083277495075 0.3301891445725491 0.09540301051401126 0.6076446226152188 -0.004672177739060501 -0.2774554780426697
3.862 0.09194641831092713 0.3299907886472933 0.09661375954539736 0.6073026632245858 -0.004667341234470226 -0.2773118745772925
3.864 0.09314718469023281 0.3298725725095179 0.09780969692543649 0.6070409921530107 -0.004662512235203683 -0.2771684196434928
3.866 0.09432597786285236 0.3298349548227635 0.09898366858859364 0.6068600678337751 -0.004657690725741273 -0.2770251130110116
3.868 0.09547533388678248 0.3298776222125193 0.100128210577386 0.6067595766625852 -0.004652876690603487 -0.2768819544500659
3.87 0.09658757293209345 0.3299994104238715 0.1012356430464442 0.6067383541552182 -0.004648070114350783 -0.2767389437313466
3.872 0.09765491156711108 0.3301982375681148 0.1022981825486945 0.6067943181941327 -0.004643270981583461 -0.2765960806260179
3.874 0.09866959185904768 0.3304710537967083 0.1033080711359892 0.6069244187024241 -0.00463847927694154 -0.2764533649057158
3.876 0.09962402472859021 0.330813811633215 0.1042577197136948 0.6071246079757621 -0.004633694985104632 -0.276310796342547
3.878 0.1005109438758864 0.3312214607900723 0.1051398619666782 0.6073898354991601 -0.004628918090791828 -0.2761683747090878
3.88 0.1013235655304297 0.3316879705729853 0.1059477141091913 0.6077140703513679 -0.004624148578761565 -0.2760260997783826
3.882 0.1020557483688815 0.3322063819353113 0.106675134802693 0.6080903532592542 -0.004619386433811512 -0.2758839713239429
3.884 0.102702147294179 0.3327688899257712 0.1073167789349574 0.6085108790455173 -0.004614631640778449 -0.275741989119746
3.886 0.1032583544674809 0.333366955746959 0.1078682386520191 0.6089671086871929 -0.004609884184538139 -0.275600152940234
3.888 0.1037210210997219 0.333991446013693 0.1083261651497271 0.6094499085740052 -0.00460514405000522 -0.2754584625603122
3.89 0.1040879540755662 0.3346327951974521 0.1086883652976993 0.6099497129528005 -0.004600411222133072 -0.2753169177553484
3.892 0.1043581824888597 0.3352811858040169 0.1089538681747734 0.6104567041051885 -0.004595685685913708 -0.2751755183011716
3.894 0.1045319905586537 0.3359267396887521 0.1091229579850313 0.6109610036628224 -0.004590967426377648 -0.2750342639740702
3.896 0.1046109150688045 0.3365597131784125 0.1091971714973983 0.6114528677292045 -0.004586256428593809 -0.274893154550792
3.898 0.1045977072985041 0.3371706884123712 0.1091792599761735 0.611922878220913 -0.004581552677669371 -0.2747521898085417
3.9 0.1044962612348066 0.3377507535647066 0.1090731173935563 0.6123621230896874 -0.004576856158749681 -0.2746113695249808
3.902 0.1043115115301228 0.3382916653363006 0.108883678387141 0.6127623588145266 -0.004572166857018116 -0.274470693478226
3.904 0.1040493060549626 0.3387859882386124 0.1086167908126586 0.6131161496854602 -0.004567484757695982 -0.2743301614468479
3.906 0.103716258899818 0.3392272066174201 0.1082790687458603 0.6134169798272899 -0.00456280984604238 -0.2741897732098698
3.908 0.1033195902440698 0.3396098069527722 0.1078777323514239 0.6136593354995393 -0.004558142107354112 -0.2740495285467672
3.91 0.1028669596251646 0.3399293295815347 0.1074204411521301 0.6138387568190005 -0.004553481526965544 -0.2739094272374658
3.912 0.1023662988425014 0.3401823904937795 0.1069151269327499 0.6139518595561205 -0.00454882809024851 -0.273769469062341
3.914 0.1018256500865915 0.3403666751503246 0.1063698318692037 0.6139963289525409 -0.004544181782612174 -0.2736296538022162
3.916 0.101253013987465 0.3404809072839498 0.105792556576968 0.613970888522312 -0.004539542589502949 -0.2734899812383622
3.918 0.10065621122927 0.3405247963447693 0.1051911217256743 0.613875247497265 -0.004534910496404343 -0.2733504511524956
3.92 0.1000427602798624 0.3404989676284055 0.1045730457686992 0.6137100309551835 -0.00453028548883688 -0.273211063326778
3.922 0.09941977272324519 0.3404048792084617 0.1039454402756032 0.6134766967522763 -0.004525667552357967 -0.2730718175438146
3.924 0.09879386672819498 0.3402447296281527 0.1033149234007568 0.6131774432148061 -0.004521056672561792 -0.2729327135866533
3.926 0.09817109838614119 0.3400213599474793 0.1026875512212204 0.6128151111862629 -0.004516452835079197 -0.2727937512387835
3.928 0.09755691003216996 0.3397381532538979 0.1020687660577475 0.6123930835380328 -0.004511856025577589 -0.2726549302841348
3.93 0.09695609423229347 0.3393989341860467 0.1014633604620543 0.6119151846931229 -0.004507266229760803 -0.2725162505070762
3.932 0.09637277186932978 0.3390078704453771 0.1008754553026988 0.6113855821377919 -0.004502683433369016 -0.2723777116924149
3.934 0.09581038266951333 0.3385693777233859 0.1003084902916919 0.6108086913487806 -0.004498107622178611 -0.2722393136253947
3.936 0.09527168655527267 0.3380880289863759 0.09976522533727476 0.6101890850780716 -0.004493538782002087 -0.2721010560916957
3.938 0.09475877435494723 0.3375684686584714 0.09924775125363518 0.609531407535904 -0.004488976898687942 -0.2719629388774326
3.94 0.09427308661591988 0.3370153319408424 0.09875750857404043 0.6088402937099963 -0.00448442195812056 -0.2718249617691539
3.942 0.09381543952191433 0.3364331693059752 0.09829531346813443 0.6081202938598158 -0.004479873946220101 -0.2716871245538406
3.944 0.09338605717848934 0.3358263761090227 0.09786139002743174 0.607375803127928 -0.004475332848942407 -0.2715494270189054
3.946 0.09298460977655787 0.3351991272559544 0.09745540842883674 0.6066109962081454 -0.00447079865227887 -0.271411868952191
3.948 0.0926102573486455 0.3345553169480884 0.09707652869090184 0.6058297670900583 -0.004466271342256344 -0.2712744501419699
3.95 0.0922616989767695 0.3338985036674113 0.09672344988170653 0.6050356740443539 -0.004461750904937029 -0.2711371703769426
3.952 0.09193722737937113 0.333231860756115 0.0963944647057895 0.6042318902023516 -0.004457237326418364 -0.2710000294462366
3.954 0.09163478878724553 0.3325581331526373 0.09608751938007845 0.603421160292043 -0.004452730592832921 -0.2708630271394056
3.956 0.09135204791117413 0.3318796010484202 0.09580027860152242 0.6026057642948488 -0.004448230690348296 -0.2707261632464286
3.958 0.09108645760992738 0.3311980513962808 0.09553019521509439 0.6017874889539888 -0.004443737605167007 -0.270589437557708
3.96 0.09083533259777182 0.330514758304951 0.09527458392129821 0.6009676081690205 -0.004439251323526393 -0.2704528498640695
3.962 0.09059592620529602 0.3298304733699087 0.09503069803699452 0.6001468733266688 -0.004434771831698488 -0.2703163999567602
3.964 0.09036550885405019 0.3291454268983318 0.09479580797004013 0.5993255145257801 -0.004430299115989944 -0.2701800876274483
3.966 0.09014144655890412 0.3284593407748532 0.09456727972164602 0.5985032534430745 -0.004425833162741903 -0.2700439126682214
3.968 0.08992127747124548 0.327771453384639 0.09434265142957539 0.5976793282562248 -0.004421373958329909 -0.2699078748715859
3.97 0.08970278426051793 0.3270805565739333 0.09411970574968173 0.5968525306043988 -0.004416921489163794 -0.2697719740304655
3.972 0.08948406003689117 0.326385044111993 0.09389653577857876 0.596021254050194 -0.004412475741687579 -0.269636209938201
3.974 0.08926356557068517 0.3256829705606106 0.09367160227306454 0.5951835529491585 -0.00440803670237937 -0.2695005823885479
3.976 0.08904017577806705 0.3249721189053719 0.09344378013581831 0.5943372100810486 -0.004403604357751253 -0.2693650911756766
3.978 0.08881321381465028 0.3242500748078277 0.09321239250899947 0.5934798109019985 -0.004399178694349195 -0.2692297360941708
3.98 0.08858247162879798 0.323514304948995 0.09297723132755092 0.5926088218880214 -0.004394759698752944 -0.2690945169390264
3.982 0.08834821643819031 0.3227622366927926 0.09273856379576623 0.5917216701984435 -0.004390347357575917 -0.2689594335056508
3.984 0.0881111832579146 0.3219913362302324 0.09249712491537972 0.5908158218200941 -0.004385941657465113 -0.2688244855898617
3.986 0.08787255427059691 0.3211991824807103 0.09225409685569791 0.589888855468596 -0.004381542585100996 -0.2686896729878857
3.988 0.08763392643350368 0.3203835343159003 0.09201107656070109 0.5889385298122585 -0.004377150127197411 -0.2685549954963581
3.99 0.08739726921554011 0.3195423891076026 0.09177003348604158 0.5879628420199238 -0.004372764270501472 -0.2684204529123211
3.992 0.08716487471254999 0.3186740311426372 0.09153325971434347 0.5869600761758605 -0.004368385001793465 -0.2682860450332233
3.994 0.08693930258187595 0.3177770690464884 0.0913033148897627 0.5859288407034067 -0.004364012307886752 -0.2681517716569183
3.996 0.08672332226375581 0.3168504619621617 0.09108296843938347 0.5848680945438255 -0.004359646175627663 -0.2680176325816638
3.998 0.08651985483068006 0.3158935347949305 0.09087514142257547 0.5837771624010513 -0.00435528659189541 -0.2678836276061208
4 0.08633191655163425 0.3149059833191393 0.09068285009523623 0.5826557398484917 -0.004350933543601978 -0.2677497565293525
4.002 0.08616256591027775 0.3138878703240026 0.09050915292796978 0.5815038894748257 -0.00434658701769203 -0.2676160191508231
4.004 0.08601485541172532 0.3128396142381834 0.09035710241286814 0.5803220295085805 -0.004342247001142809 -0.2674824152703971
4.006 0.08589178908811938 0.3117619718164905 0.09022970256908343 0.5791109165048284 -0.004337913480964044 -0.2673489446883379
4.008 0.08579628620052097 0.3106560165055242 0.09012987264471882 0.5778716237108313 -0.004333586444197846 -0.2672156072053072
4.01 0.08573115125887404 0.3095231140449459 0.09006041713679265 0.5766055166673099 -0.004329265877918619 -0.267082402622364
4.012 0.0856990501601554 0.3083648967274929 0.09002400192938835 0.5753142274684561 -0.004324951769232953 -0.2669493307409632
4.014 0.08570249198680632 0.3071832375560025 0.09002313609208586 0.5739996289189574 -0.004320644105279539 -0.2668163913629549
4.016 0.08574381581580172 0.3059802253206506 0.09006015868903079 0.5726638096112343 -0.00431634287322907 -0.2666835842905838
4.018 0.08582518176036125 0.3047581413920992 0.09013722982064538 0.5713090507185864 -0.004312048060284139 -0.2665509093264872
4.02 0.08594856539473028 0.3035194388013779 0.09025632504840944 0.5699378050750732 -0.004307759653679154 -0.2664183662736953
4.022 0.08611575468875189 0.3022667239656887 0.09041923232943212 0.5685526789013177 -0.00430347764068023 -0.266285954935629
4.024 0.08632834859329583 0.3010027412274903 0.09062755060188095 0.5671564163435903 -0.004299202008585114 -0.2661536751160999
4.026 0.08658775646053263 0.2997303602059053 0.09088268920525569 0.565751886825214 -0.004294932744723068 -0.2660215266193088
4.028 0.08689519754591279 0.2984525658155207 0.09118586738236759 0.5643420750653655 -0.004290669836454795 -0.2658895092498448
4.03 0.08725169991454453 0.2971724506863801 0.09153811318571685 0.5629300734990644 -0.004286413271172328 -0.2657576228126843
4.032 0.08765809815806236 0.2958932096180406 0.09194026119436131 0.5615190767312312 -0.004282163036298957 -0.2656258671131906
4.034 0.08811502941535683 0.2946181356168812 0.09239294853464594 0.5601123775739933 -0.004277919119289115 -0.2654942419571121
4.036 0.08862292727987975 0.2933506169953531 0.09289660878750805 0.558713364145935 -0.004273681507628301 -0.2653627471505818
4.038 0.08918201326705419 0.2920941349518477 0.09345146345588716 0.557325517451964 -0.004269450188832977 -0.2652313825001164
4.04 0.08979228560827734 0.2908522609975366 0.09405751075872783 0.5559524088101516 -0.00426522515045049 -0.265100147812615
4.042 0.09045350523503801 0.2896286535499236 0.09471451161509697 0.5545976964452825 -0.004261006380058963 -0.2649690428953588
4.044 0.09116517892009764 0.2884270529713228 0.09542197278536485 0.5532651205273322 -0.004256793865267214 -0.2648380675560094
4.046 0.09192653965525807 0.2872512742947725 0.09617912724897273 0.5519584958973807 -0.004252587593714664 -0.2647072216026082
4.048 0.0927365244702037 0.2861051968512431 0.09698491202327494 0.5506817016948188 -0.004248387553071251 -0.2645765048435757
4.05 0.09359375003685107 0.2849927499941856 0.09783794376788839 0.5494386670818959 -0.004244193731037326 -0.2644459170877103
4.052 0.09449648656045462 0.2839178941151118 0.09873649267579819 0.5482333522592991 -0.004240006115343579 -0.2643154581441873
4.054 0.09544263063392162 0.2828845961629352 0.09967845532767255 0.5470697239854931 -0.00423582469375093 -0.264185127822558
4.056 0.09642967792421145 0.2818967989282218 0.1006613273782619 0.545951724860971 -0.004231649454050469 -0.2640549259327492
4.058 0.09745469676698357 0.2809583834395472 0.1016821771510469 0.5448832357246087 -0.004227480384063333 -0.2639248522850616
4.06 0.09851430396177298 0.2800731239524759 0.1027376214334136 0.5438680306426452 -0.004223317471640643 -0.2637949066901694
4.062 0.09960464427655082 0.2792446352010869 0.1038238049812142 0.5429097241602058 -0.004219160704663399 -0.2636650889591189
4.064 0.1007213753741597 0.2784763118359903 0.1049363854452021 0.5420117107393186 -0.004215010071042407 -0.2635353989033284
4.066 0.1018596600472214 0.2777712602971389 0.1060705256059396 0.5411770966317251 -0.004210865558718176 -0.2634058363345862
4.068 0.1030141677719862 0.2771322237664379 0.107220894927647 0.5404086248314885 -0.00420672715566084 -0.2632764010650507
4.07 0.104179087640635 0.2765615013107482 0.108381682490505 0.539708594217997 -0.004202594849870066 -0.2631470929072487
4.072 0.1053481546795906 0.2760608628493704 0.1095466233089656 0.5390787745234457 -0.004198468629374974 -0.2630179116740753
4.074 0.1065146913823649 0.2756314621415454 0.1107090398645989 0.5385203193203375 -0.004194348482234042 -0.2628888571787921
4.076 0.1076716659555902 0.2752737505589142 0.1118619003521252 0.538033679793941 -0.004190234396535021 -0.2627599292350268
4.078 0.1088117682794815 0.2749873949449513 0.1129978946398763 0.5376185226017238 -0.004186126360394854 -0.2626311276567725
4.08 0.1099275039130819 0.2747712033186011 0.1141095282750415 0.5372736555769876 -0.004182024361959588 -0.2625024522583865
4.082 0.1110113056389797 0.2746230624968515 0.115189234028384 0.5369969653514407 -0.004177928389404286 -0.2623739028545892
4.084 0.1120556610687159 0.2745398918330221 0.1162294994996489 0.5367853710934858 -0.004173838430932943 -0.2622454792604637
4.086 0.1130532537674145 0.2745176171409472 0.1172230082421929 0.5366347984324018 -0.004169754474778401 -0.2621171812914546
4.088 0.1139971142719342 0.2745511684590066 0.1181627907811365 0.536540177222374 -0.004165676509202271 -0.2619890087633674
4.09 0.114880776356706 0.2746345045811895 0.1190423808792008 0.5364954660735568 -0.004161604522494833 -0.2618609614923673
4.092 0.1156984330421798 0.2747606662519266 0.1198559715451547 0.5364937055469048 -0.004157538502974972 -0.2617330392949782
4.094 0.1164450862394759 0.274921858626426 0.120598564678466 0.5365271006145085 -0.004153478438990074 -0.2616052419880825
4.096 0.1171166836682088 0.2751095621115263 0.1212661079871248 0.5365871315004459 -0.00414942431891596 -0.2614775693889196
4.098 0.1177102368362895 0.2753146691272964 0.1218556129674463 0.5366646904423815 -0.004145376131156793 -0.2613500213150852
4.1 0.1182239144590419 0.2755276427917359 0.1223652483231869 0.5367502403762663 -0.004141333864144994 -0.2612225975845304
4.102 0.1186571067064233 0.2757386921641767 0.1227944042127645 0.5368339901797379 -0.004137297506341169 -0.2610952980155612
4.104 0.1190104570428483 0.2759379576146967 0.1231437240890824 0.5369060800415337 -0.004133267046234016 -0.260968122426837
4.106 0.1192858600635654 0.2761156992210185 0.1234151025359057 0.5369567698583887 -0.004129242472340249 -0.2608410706373702
4.108 0.1194864255037315 0.2762624808974758 0.123611649276936 0.5369766233640011 -0.004125223773204515 -0.2607141424665253
4.11 0.1196164103541236 0.276369343253094 0.1237376212915229 0.5369566809871118 -0.004121210937399307 -0.2605873377340178
4.112 0.1196811226151825 0.2764279589278156 0.1237983265687074 0.5368886151877293 -0.0041172039535249 -0.2604606562599137
4.114 0.119686801532815 0.2764307652927356 0.1238000043430242 0.5367648631573638 -0.004113202810209247 -0.2603340978646282
4.116 0.1196404800920947 0.2763710708123227 0.1237496875882026 0.5365787331812482 -0.00410920749610791 -0.2602076623689255
4.118 0.119549836048463 0.2762431329239253 0.123655054048367 0.5363244825178424 -0.004105217999903984 -0.260081349593917
4.12 0.1194230378450706 0.2760422068589049 0.1235242721553787 0.5359973662199665 -0.004101234310308012 -0.2599551593610616
4.122 0.1192685914354337 0.2757645662887185 0.1233658478514916 0.5355936577808825 -0.0040972564160579 -0.259829091492164
4.124 0.1190951933715409 0.2754074979301422 0.1231884776774598 0.5351106437395164 -0.004093284305918848 -0.2597031458093743
4.126 0.1189115946188785 0.2749692732200772 0.1230009125875618 0.5345465953552637 -0.004089317968683259 -0.2595773221351865
4.128 0.1187264785192869 0.2744491008394935 0.1228118359124576 0.5339007211319324 -0.004085357393170672 -0.259451620292439
4.13 0.1185483552353393 0.2738470642269782 0.122629757803567 0.5331731043312904 -0.004081402568227674 -0.2593260401043122
4.132 0.1183854739585183 0.273164048300687 0.1224629274412461 0.5323646296950159 -0.004077453482727826 -0.2592005813943288
4.134 0.118245753212186 0.272401659447083 0.1223192633377576 0.5314769034334357 -0.004073510125571582 -0.2590752439863527
4.136 0.1181367287729285 0.2715621424904388 0.1222063012586147 0.5305121701950264 -0.004069572485686217 -0.2589500277045876
4.138 0.1180655180940313 0.2706482978866451 0.1221311586460571 0.5294732302602223 -0.004065640552025742 -0.2588249323735772
4.14 0.1180387996474872 0.2696634018432568 0.122100513961058 0.5283633596614602 -0.004061714313570827 -0.2586999578182034
4.142 0.1180628052979613 0.2686111315027441 0.12212059905729 0.5271862353664302 -0.004057793759328729 -0.258575103863686
4.144 0.1181433236646707 0.2674954967764431 0.1221972025430039 0.5259458671120253 -0.004053878878333215 -0.2584503703355822
4.146 0.1182857123906595 0.2663207799100682 0.1223356820503039 0.5246465369698529 -0.004049969659644478 -0.2583257570597847
4.148 0.1184949172968759 0.2650914834164225 0.122540983389225 0.5232927472789446 -0.004046066092349069 -0.2582012638625221
4.15 0.1187754965243007 0.2638122866364859 0.1228176646898606 0.5218891772068431 -0.004042168165559812 -0.2580768905703573
4.152 0.1191316479370592 0.2624880108881454 0.123169923805475 0.5204406478983326 -0.004038275868415743 -0.2579526370101871
4.154 0.1195672382525934 0.2611235929297823 0.1236016274426754 0.5189520959390237 -0.004034389190082015 -0.2578285030092414
4.156 0.1200858325647384 0.2597240662972414 0.1241163406844882 0.5174285546923233 -0.004030508119749838 -0.2577044883950819
4.158 0.1206907231195602 0.2582945499578329 0.1247173557661966 0.5158751429534347 -0.004026632646636392 -0.2575805929956019
4.16 0.121384956383137 0.2568402436548572 0.1254077191431218 0.5142970602938824 -0.00402276275998477 -0.2574568166390253
4.162 0.1221713575992978 0.2553664292807128 0.1261902560483616 0.5126995884346184 -0.004018898449063879 -0.2573331591539055
4.164 0.1230525521708142 0.2538784776060682 0.1270675918739826 0.5110880979751936 -0.004015039703168385 -0.2572096203691254
4.166 0.1240309833088266 0.252381859698814 0.1280421698204452 0.5094680598127095 -0.004011186511618628 -0.2570862001138955
4.168 0.1251089254825122 0.2508821623822143 0.1291162643462727 0.5078450605999686 -0.004007338863760563 -0.2569628982177543
4.17 0.1262884932667422 0.2493851070996624 0.1302919900157078 0.5062248216102286 -0.004003496748965662 -0.2568397145105663
4.172 0.1275716452317655 0.2478965715691451 0.1315713053883963 0.5046132203916674 -0.003999660156630861 -0.2567166488225224
4.174 0.1289601825489265 0.2464226136193177 0.132956011625105 0.5030163146034559 -0.00399582907617848 -0.2565937009841381
4.176 0.1304557420041993 0.2449694965969242 0.1344477455012554 0.5014403674231779 -0.003992003497056151 -0.2564708708262537
4.178 0.1320597831203044 0.2435437157197242 0.1360479665290411 0.4998918738997568 -0.003988183408736745 -0.2563481581800326
4.18 0.1337735690923921 0.2421520247180395 0.1377579378931104 0.4983775875950006 -0.003984368800718296 -0.2562255628769611
4.182 0.1355981412469417 0.2408014620589199 0.1395787009094656 0.4969045468077673 -0.003980559662523931 -0.2561030847488474
4.184 0.13753428674279 0.2394993759797013 0.1415110427264918 0.4954800996075224 -0.003976755983701809 -0.2559807236278211
4.186 0.1395824992523456 0.2382534474712383 0.1435554570061706 0.4941119268175703 -0.003972957753825031 -0.255858479346332
4.188 0.1417429323963342 0.2370717102457961 0.1457120973588258 0.4928080619829456 -0.003969164962491576 -0.2557363517371495
4.19 0.1440153457627144 0.2359625666015181 0.1479807233620386 0.4915769072348803 -0.003965377599324235 -0.2556143406333622
4.192 0.1463990434262162 0.2349347979573391 0.1503606390801868 0.490427243825716 -0.003961595653970539 -0.2554924458683769
4.194 0.1488928050073245 0.233997568682258 0.1528506241234272 0.4893682359581754 -0.003957819116102677 -0.2553706672759174
4.196 0.151494809475536 0.233160421687381 0.1554488574509534 0.4884094263774054 -0.003954047975417442 -0.2552490046900243
4.198 0.154202552118581 0.2324332640956993 0.1581528343402172 0.4875607220407535 -0.003950282221636142 -0.2551274579450542
4.2 0.1570127553751525 0.231826341163778 0.160959277219657 0.486832368039457 -0.003946521844504555 -0.2550060268756789
4.202 0.1599212745689217 0.2313501965152178 0.1638640414027146 0.486234907832102 -0.003942766833792831 -0.2548847113168842
4.204 0.162922999989905 0.2310156166751953 0.1668620171692005 0.4857791277791653 -0.003939017179295446 -0.2547635111039701
4.206 0.1660117572477265 0.2308335578888587 0.1699470301185576 0.4854759839614074 -0.003935272870831114 -0.2546424260725487
4.208 0.1691802083648894 0.2308150532883612 0.1731117422631321 0.4853365093469064 -0.003931533898242737 -0.2545214560585452
4.21 0.1724197566782101 0.2309710986705198 0.1763475569296074 0.4853716995687154 -0.003927800251397319 -0.2544006008981956
4.212 0.1757204592535362 0.2313125154879282 0.1796445311737221 0.4855923759159748 -0.003924071920185904 -0.2542798604280466
4.214 0.179070951167213 0.2318497901692464 0.1829913000617365 0.4860090246542014 -0.00392034889452351 -0.254159234484955
4.216 0.1824583866269272 0.232592889594643 0.1863750177912762 0.4866316125007297 -0.003916631164349059 -0.2540387229060867
4.218 0.1858684024436046 0.2335510534782618 0.1897813211632299 0.487469379007178 -0.003912918719625309 -0.2539183255289162
4.22 0.1892851097634741 0.2347325655590013 0.1931943213138128 0.4885306077502269 -0.003909211550338783 -0.2537980421912256
4.222 0.192691120150596 0.2361445068646406 0.1965966297970957 0.4898223795957447 -0.003905509646499708 -0.2536778727311041
4.224 0.1960676119948177 0.2377924958613403 0.1999694249929597 0.4913503128482875 -0.003901812998141942 -0.2535578169869472
4.226 0.1993944427295248 0.2396804219738436 0.2032925643248477 0.4931182967712994 -0.003898121595322912 -0.2534378747974558
4.228 0.2026503114029181 0.2418101806730223 0.2065447468310417 0.4951282266746582 -0.003894435428123541 -0.2533180460016358
4.23 0.2058129747019309 0.2441814199570825 0.209703729188579 0.4973797503958797 -0.003890754486648182 -0.2531983304387971
4.232 0.2088595175575982 0.2467913094542339 0.2127465963186227 0.4998700374027872 -0.003887078761024565 -0.2530787279485532
4.234 0.2117666769841468 0.249634344378708 0.2156500852255505 0.5025935827495283 -0.003883408241403712 -0.2529592383708202
4.236 0.2145112148970311 0.2527021970025113 0.218390957814991 0.5055420585483273 -0.003879742917959878 -0.2528398615458161
4.238 0.2170703324572796 0.2559836279990604 0.22094641523817 0.5087042253131203 -0.003876082780890489 -0.2527205973140599
4.24 0.219422115199756 0.2594644688403315 0.223294543020172 0.5120659143567035 -0.003872427820416079 -0.2526014455163719
4.242 0.2215459950759761 0.2631276843139556 0.2254147731027563 0.5156100903078272 -0.003868778026780211 -0.2524824059938716
4.244 0.22342321286999 0.266953521182041 0.2272883462602394 0.5193169997700189 -0.003865133390249425 -0.2523634785879779
4.246 0.2250372625244189 0.2709197451342648 0.2288987564255321 0.5231644082746726 -0.003861493901113167 -0.2522446631404078
4.248 0.226374298013694 0.2750019637034203 0.2302321575633778 0.527127923196597 -0.00385785954968373 -0.2521259594931767
4.25 0.2274234837268086 0.2791740280176093 0.2312777140531048 0.5311813955062058 -0.003854230326296182 -0.2520073674885965
4.252 0.2281772709737693 0.2834085015322094 0.2320278771950776 0.5352973885014848 -0.003850606221308303 -0.2518888869692754
4.254 0.2286315861835782 0.2876771796231474 0.2324785734086787 0.5394476974012651 -0.00384698722510053 -0.2517705177781177
4.256 0.2287859204561948 0.2919516405248047 0.2326292937842706 0.5436039002831269 -0.003843373328075879 -0.2516522597583222
4.258 0.2286433150768257 0.2962038058870708 0.2324830795974856 0.547737918640453 -0.003839764520659897 -0.2515341127533822
4.26 0.2282102430107182 0.3004064884255361 0.2320464038040188 0.5518225650326206 -0.003836160793300585 -0.2514160766070845
4.262 0.2274963918281309 0.3045339048299062 0.2313289539645993 0.5558320559934149 -0.00383256213646834 -0.2512981511635087
4.264 0.2265143585182994 0.3085621342072887 0.2303433270589553 0.5597424704743154 -0.003828968540655894 -0.2511803362670266
4.266 0.2252792708458379 0.3124695056611417 0.2291046508422161 0.5635321374234435 -0.003825379996378251 -0.2510626317623018
4.268 0.223808352987277 0.3162369028274967 0.2276301494814496 0.5671819403217851 -0.003821796494172622 -0.2509450374942884
4.27 0.2221204549884004 0.3198479779213364 0.2259386730129987 0.5706755312295672 -0.003818218024598361 -0.2508275533082308
4.272 0.2202355660698518 0.323289272686671 0.2240502106480887 0.5739994517363336 -0.003814644578236907 -0.2507101790496626
4.274 0.218174331068816 0.3265502482251691 0.2219854072145077 0.5771431627895758 -0.003811076145691725 -0.2505929145644067
4.276 0.2159575875299643 0.329623229695281 0.2197651002475526 0.5800989893938546 -0.003807512717588234 -0.2504757596985737
4.278 0.2136059384067162 0.3325032751165878 0.2174098926912899 0.5828619894151494 -0.003803954284573752 -0.2503587142985617
4.28 0.2111393722875762 0.335187979873628 0.2149397731248937 0.5854297580846837 -0.003800400837317434 -0.2502417782110557
4.282 0.2085769397995294 0.3376772299724598 0.2123737921660397 0.5878021812554867 -0.003796852366510217 -0.2501249512830269
4.284 0.2059364916023886 0.3399729177236804 0.2097298004652534 0.5899811510854119 -0.003793308862864741 -0.2500082333617315
4.286 0.2032344803615925 0.3420786334250774 0.2070242506787078 0.5919702577197885 -0.003789770317115311 -0.2498916242947111
4.288 0.2004858264005488 0.343999345939871 0.2042720631205666 0.5937744698696618 -0.003786236720017818 -0.2497751239297908
4.29 0.1977038444568857 0.3457410839646959 0.2014865525192353 0.5953998160797755 -0.003782708062349691 -0.2496587321150796
4.292 0.1949002271189552 0.3473106283965631 0.198679411453865 0.5968530770955321 -0.00377918433490983 -0.249542448698969
4.294 0.1920850790854732 0.3487152246555545 0.1958607446139917 0.5981414981856874 -0.003775665528518546 -0.2494262735301329
4.296 0.1892669953360667 0.3499623221880746 0.1930391469700842 0.5992725286456009 -0.003772151634017507 -0.2493102064575263
4.298 0.1864531755786708 0.3510593467249111 0.1902218182209405 0.6002535940552965 -0.003768642642269673 -0.2491942473303854
4.3 0.1836495669117421 0.3520135092349919 0.1874147054559013 0.6010919052332183 -0.003765138544159238 -0.2490783959982265
4.302 0.1808610264742483 0.3528316539218639 0.1846226658048398 0.601794306232709 -0.003761639330591571 -0.2489626523108451
4.304 0.1780914959340418 0.353520146072105 0.181849640926535 0.602367162190421 -0.003758144992493155 -0.248847016118316
4.306 0.1753441799781476 0.3540847991000493 0.1790988354989591 0.6028162863710412 -0.003754655520811537 -0.248731487270992
4.308 0.1726217215112067 0.3545308387673884 0.176372892417722 0.6031469043868919 -0.003751170906515256 -0.2486160656195034
4.31 0.1699263670358457 0.3548629013241982 0.1736740581764394 0.6033636523389558 -0.003747691140593794 -0.2485007510147577
4.312 0.167260116664621 0.3550850612634393 0.1710043328786785 0.6034706045713777 -0.003744216214057513 -0.2483855433079384
4.314 0.1646248543688275 0.3552008835507001 0.168365600486765 0.603471325901205 -0.003740746117937603 -0.2482704423505049
4.316 0.1620224553580482 0.3552134946283158 0.1657597362013342 0.6033689426225073 -0.003737280843286017 -0.2481554479941915
4.318 0.1594548688415192 0.3551256662301757 0.1631886892226946 0.6031662263211827 -0.003733820381175417 -0.2480405600910069
4.32 0.1569241757747909 0.3549399060934578 0.16065454049749 0.6028656845866913 -0.003730364722699115 -0.2479257784932335
4.322 0.1544326224628532 0.3546585500068351 0.1581595363218243 0.602469653060262 -0.00372691385897102 -0.2478111030534269
4.324 0.1519826319982766 0.354283850257349 0.1557060997794022 0.6019803838817641 -0.003723467781125575 -0.2476965336244151
4.326 0.1495767963991283 0.3538180563743747 0.153296822879446 0.6014001264336728 -0.003720026480317702 -0.2475820700592981
4.328 0.1472178529346079 0.353263485047531 0.1509344428823307 0.6007311972589779 -0.003716589947722747 -0.2474677122114469
4.33 0.1449086484678846 0.3526225771369019 0.148621806642421 0.5999760370714052 -0.003713158174536424 -0.2473534599345033
4.332 0.1426520957138829 0.3518979407201068 0.1463618268658576 0.5991372538024858 -0.003709731151974754 -0.247239313082379
4.334 0.1404511251338973 0.351092380062981 0.1441574340051713 0.5982176515722361 -0.003706308871274015 -0.247125271509255
4.336 0.1383086358138726 0.3502089112049089 0.1420115271375633 0.5972202462744901 -0.003702891323690677 -0.2470113350695812
4.338 0.136227448156211 0.3492507654813808 0.1399269266567124 0.5961482690994563 -0.003699478500501362 -0.2468975036180755
4.34 0.1342102606151205 0.3482213827501263 0.1379063310081233 0.5950051597598496 -0.003696070393002768 -0.2467837770097233
4.342 0.1322596120773236 0.3471243963454188 0.1359522790698352 0.5937945514451957 -0.00369266699251163 -0.2466701550997768
4.344 0.1303778508823136 0.345963611874941 0.1340671191726782 0.5925202496186956 -0.003689268290364653 -0.2465566377437547
4.346 0.1285671109258196 0.3447429819223246 0.1322529852037381 0.5911862067197657 -0.003685874277918471 -0.2464432247974412
4.348 0.1268292948201439 0.3434665785577214 0.1305117797666935 0.589796494674607 -0.003682484946549578 -0.2463299161168856
4.35 0.1251660637096506 0.3421385653225296 0.1288451639973049 0.5883552768809311 -0.003679100287654276 -0.2462167115584015
4.352 0.1235788330614401 0.3407631700743045 0.1272545533540887 0.5868667810528712 -0.003675720292648628 -0.2461036109785666
4.354 0.122068773564274 0.3393446597803415 0.1257411185172424 0.5853352740145631 -0.003672344952968399 -0.2459906142342217
4.356 0.1206368161636602 0.3378873180555566 0.1243057904237292 0.5837650392380267 -0.003668974260068999 -0.2458777211824701
4.358 0.119283660223857 0.3363954259677072 0.1229492684292824 0.5821603576483845 -0.00366560820542543 -0.2457649316806773
4.36 0.1180097838230848 0.3348732463901244 0.121672030603617 0.5805254919765945 -0.003662246780532237 -0.2456522455864701
4.362 0.1168154552429571 0.333325011974465 0.1204743452198605 0.5788646747322013 -0.003658889976903452 -0.2455396627577363
4.364 0.1157007447940182 0.3317549166449303 0.1193562825800908 0.577182099697554 -0.003655537786072533 -0.2454271830526236
4.366 0.1146655362149582 0.3301671103784188 0.1183177264145505 0.5754819167079586 -0.003652190199592324 -0.2453148063295398
4.368 0.1137095369858005 0.3285656969290754 0.1173583841948355 0.5737682293762267 -0.003648847209034989 -0.2452025324471513
4.37 0.1128322869987567 0.3269547340761131 0.1164777958047486 0.5720450953404963 -0.00364550880599197 -0.2450903612643832
4.372 0.1120331651302563 0.3253382359145361 0.1156753401123302 0.5703165285549545 -0.003642174982073924 -0.2449782926404184
4.374 0.1113113933521967 0.3237201766651406 0.1149502390811074 0.5685865030998377 -0.00363884572891068 -0.2448663264346971
4.376 0.1106660381092945 0.3221044954483933 0.1143015591474457 0.5668589579553092 -0.003635521038151173 -0.2447544625069159
4.378 0.1100960087729695 0.3204951014417402 0.1137282096744329 0.5651378021587683 -0.003632200901463414 -0.2446427007170281
4.38 0.1096000530625982 0.3188958788194406 0.1132289383731327 0.5634269197446825 -0.003628885310534411 -0.2445310409252419
4.382 0.1091767494048162 0.3173106908562938 0.1128023236618864 0.5617301738483145 -0.003625574257070138 -0.2444194829920207
4.384 0.1088244962833173 0.3157433825598285 0.1124467640161128 0.5600514093379106 -0.00362226773279547 -0.2443080267780822
4.386 0.1085414987188691 0.3141977811810457 0.1121604644483232 0.5583944533254437 -0.003618965729454143 -0.244196672144398
4.388 0.1083257521150136 0.3126776939429141 0.1119414203538223 0.5567631128951068 -0.003615668238808689 -0.2440854189521927
4.39 0.1081750238116651 0.3111869023207218 0.1117873990643055 0.5551611693836654 -0.003612375252640395 -0.2439742670629436
4.392 0.1080868328091157 0.3097291522137596 0.111695919571865 0.5535923685521397 -0.003609086762749251 -0.2438632163383801
4.394 0.1080584282596011 0.3083081393689162 0.111664231020555 0.5520604060093991 -0.00360580276095389 -0.2437522666404829
4.396 0.108086767472693 0.3069274894590684 0.1116892907117846 0.5505689072905523 -0.003602523239091551 -0.2436414178314839
4.398 0.1081684943420785 0.305590732290773 0.1117677425310965 0.549121402064638 -0.003599248189018014 -0.2435306697738649
4.4 0.1082999192707352 0.3043012697241676 0.1118958968733428 0.5477212920545255 -0.00359597760260756 -0.2434200223303579
4.402 0.1084770018419282 0.3030623370402729 0.1120697133136811 0.5463718124042166 -0.003592711471752917 -0.2433094753639437
4.404 0.1086953376447167 0.3018769576946259 0.112284787433082 0.5450759864324779 -0.003589449788365211 -0.2431990287378521
4.406 0.1089501508013345 0.3007478916562812 0.1125363433457085 0.5438365739718418 -0.003586192544373908 -0.2430886823155606
4.408 0.1092362938432033 0.2996775778491364 0.11281923357493 0.5426560138099308 -0.003582939731726778 -0.2429784359607944
4.41 0.1095482566228153 0.2986680715864018 0.1131279479652051 0.5415363611239276 -0.003579691342389836 -0.2428682895375258
4.412 0.1098801859091305 0.2977209783104259 0.1134566332774778 0.540479221220399 -0.003576447368347293 -0.2427582429099732
4.414 0.1102259171730974 0.2968373854027755 0.1137991249746989 0.5394856813453763 -0.003573207801601508 -0.2426482959426008
4.416 0.1105790198080998 0.2960177942904196 0.1141489924422728 0.538556242790538 -0.003569972634172938 -0.2425384485001184
4.418 0.1109328566335897 0.295262055510696 0.1144995984916898 0.5376907559581762 -0.003566741858100094 -0.2424287004474802
4.42 0.1112806579933674 0.294569309770481 0.1148441734588069 0.5368883614203658 -0.003563515465439482 -0.2423190516498848
4.422 0.1116156100891245 0.2939379382991711 0.1151759035373901 0.5361474402719452 -0.003560293448265563 -0.2422095019727741
4.424 0.1119309564060334 0.2933655259036363 0.1154880322047041 0.5354655771854696 -0.003557075798670697 -0.2421000512818333
4.426 0.1122201102284271 0.2928488400427651 0.1157739727371922 0.5348395394857552 -0.003553862508765106 -0.2419906994429901
4.428 0.1124767753639048 0.2923838289157472 0.1160274289345816 0.5342652752381614 -0.003550653570676812 -0.2418814463224142
4.43 0.1126950713622708 0.2919656409839611 0.1162425203388224 0.5337379327704777 -0.003547448976551597 -0.2417722917865165
4.432 0.1128696588094162 0.2915886675248661 0.1164139075279691 0.5332519032268151 -0.003544248718552953 -0.241663235701949
4.434 0.1129958597743053 0.2912466087782404 0.1165369125631673 0.5328008867138444 -0.003541052788862035 -0.241554277935604
4.436 0.1130697682610216 0.290932563047644 0.1166076294406992 0.5323779814022574 -0.003537861179677609 -0.2414454183546134
4.438 0.113088345619832 0.290639136845642 0.116623019503048 0.5319757936719907 -0.003534673883216013 -0.2413366568263486
4.44 0.1130494963265599 0.290358572920712 0.116580987218271 0.5315865661391316 -0.003531490891711097 -0.2412279932184196
4.442 0.1129521203390848 0.2900828918853825 0.116480432536499 0.531202319284057 -0.003528312197414192 -0.2411194273986745
4.444 0.1127961393379275 0.2898040422827445 0.1163212771305215 0.5308150015179438 -0.003525137792594049 -0.2410109592351993
4.446 0.112582495475232 0.2895140533677261 0.1161044631447688 0.5304166419640428 -0.003521967669536794 -0.2409025885963167
4.448 0.1123131226880636 0.2892051846964084 0.1158319245086095 0.5299995000469949 -0.00351880182054589 -0.2407943153505865
4.45 0.1119908920589344 0.2888700668297319 0.1155065322968764 0.529556206196536 -0.003515640237942081 -0.240686139366804
4.452 0.1116195340105446 0.2885018280456842 0.115132016924608 0.5290798885596847 -0.00351248291406335 -0.2405780605140005
4.454 0.1112035411995858 0.2880942028577827 0.1147128710408506 0.5285642815192245 -0.003509329841264868 -0.2404700786614418
4.456 0.110748056748949 0.2876416192699607 0.114254237760868 0.5280038129485893 -0.003506181011918954 -0.2403621936786287
4.458 0.1102587528860284 0.2871392629542497 0.1137617893044434 0.5273936683895452 -0.00350303641841503 -0.2402544054352954
4.46 0.1097417051305916 0.2865831178095263 0.1132416011837511 0.5267298316109363 -0.003499896053159563 -0.24014671380141
4.462 0.1092032669265718 0.2859699835476632 0.1127000268351478 0.5260091021948364 -0.003496759908576032 -0.2400391186471732
4.464 0.1086499490921026 0.2852974719768472 0.1121435770692075 0.5252290918198651 -0.003493627977104875 -0.2399316198430179
4.466 0.1080883077435572 0.2845639844552241 0.1115788079947606 0.5243882017148336 -0.003490500251203452 -0.2398242172596095
4.468 0.1075248435115458 0.2837686735435462 0.1110122202348918 0.5234855843113901 -0.003487376723345984 -0.2397169107678439
4.47 0.1069659139866551 0.2829113921906253 0.1104501713726786 0.5225210924294738 -0.003484257386023524 -0.2396097002388485
4.472 0.1064176604781708 0.2819926338598951 0.1098988027099147 0.5214952194038756 -0.003481142231743902 -0.2395025855439805
4.474 0.1058859493931091 0.2810134668841984 0.1093639806461408 0.5204090334390256 -0.003478031253031687 -0.2393955665548272
4.476 0.105376327881866 0.279975466062641 0.1088512523242941 0.5192641092058461 -0.003474924442428135 -0.2392886431432051
4.478 0.1048939928706966 0.2788806441351033 0.1083658146631877 0.5180624593162628 -0.003471821792491149 -0.2391818151811595
4.48 0.1044437722154688 0.2777313853315579 0.107912495511264 0.5168064678725216 -0.003468723295795232 -0.2390750825409637
4.482 0.1040301164588841 0.2765303827335285 0.1074957454038156 0.5154988278286475 -0.003465628944931445 -0.2389684450951191
4.484 0.1036570995403543 0.2752805807355649 0.1071196382728616 0.5141424834519188 -0.003462538732507361 -0.2388619027163539
4.486 0.1033284267744069 0.2739851234789423 0.1067878794255539 0.512740578756566 -0.003459452651147022 -0.2387554552776237
4.488 0.1030474484579953 0.27264730976226 0.1065038191514862 0.5112964124143694 -0.003456370693490889 -0.2386491026521094
4.49 0.1028171775684494 0.2712705546226923 0.1062704704206452 0.5098133993359109 -0.003453292852195815 -0.2385428447132186
4.492 0.1026403101524497 0.2698583575293989 0.1060905292723847 0.5082950388639822 -0.003450219119934977 -0.2384366813345833
4.494 0.102519247165481 0.2684142769342284 0.1059663966548789 0.5067448893242892 -0.003447149489397854 -0.2383306123900608
4.496 0.1024561166875618 0.2669419107794625 0.105900200640852 0.5051665485331948 -0.003444083953290168 -0.2382246377537323
4.498 0.102452795604403 0.2654448824610965 0.1058938181087369 0.5035636397609993 -0.003441022504333854 -0.2381187572999027
4.5 0.102510929996332 0.2639268316803357 0.105948895131599 0.5019398025834361 -0.003437965135267006 -0.2380129709031004
4.502 0.1026319536161523 0.2623914095784304 0.1060668654549962 0.5002986880165067 -0.003434911838843838 -0.2379072784380762
4.504 0.1028171039592495 0.260842277533053 0.1062489665670841 0.4986439573128565 -0.003431862607834643 -0.2378016797798035
4.506 0.1030674355343823 0.2592831089908019 0.1064962529694081 0.4969792837942789 -0.003428817435025744 -0.237696174803477
4.508 0.1033838300327104 0.2577175937149462 0.1068096063459299 0.4953083570994593 -0.003425776313219465 -0.2375907633845131
4.51 0.1037670031676746 0.2561494438353101 0.1071897424029087 0.4936348892338587 -0.00342273923523407 -0.2374854453985486
4.512 0.1042175080220482 0.2545824010939426 0.107637214215952 0.4919626218153833 -0.003419706193903734 -0.2373802207214407
4.514 0.1047357347941121 0.2530202446835855 0.1081524119761906 0.4902953339128521 -0.003416677182078495 -0.2372750892292665
4.516 0.1053219068858861 0.2514667990743052 0.1087355590785103 0.4886368498726275 -0.003413652192624214 -0.2371700507983223
4.518 0.1059760733265678 0.2499259412151731 0.1093867045449903 0.4869910465202963 -0.003410631218422535 -0.2370651053051233
4.52 0.1066980975775796 0.2484016064833869 0.1101057118299504 0.4853618591097896 -0.003407614252370835 -0.2369602526264027
4.522 0.1074876428256676 0.2468977927334843 0.1108922441130498 0.4837532853725962 -0.003404601287382193 -0.2368554926391119
4.524 0.1083441539413964 0.2454185617755838 0.1117457462577817 0.4821693869960036 -0.003401592316385342 -0.2367508252204198
4.526 0.1092668363654653 0.2439680375874823 0.1126654236977899 0.480614287835194 -0.003398587332324627 -0.2366462502477117
4.528 0.1102546322876806 0.24255040054488 0.1136502186158406 0.4790921681434696 -0.003395586328159966 -0.2365417675985896
4.53 0.1113061946058998 0.2411698769417583 0.1146987839027666 0.4776072540926297 -0.003392589296866809 -0.2364373771508715
4.532 0.1124198592961632 0.2398307230758835 0.1158094555275993 0.4761638018584741 -0.003389596231436097 -0.2363330787825906
4.534 0.1135936169905112 0.2385372032004486 0.1169802241153854 0.474766075572444 -0.003386607124874218 -0.2362288723719954
4.536 0.1148250847443214 0.2372935606999521 0.1182087067145244 0.4734183184975008 -0.003383621970202969 -0.2361247577975487
4.538 0.1161114791758623 0.23610398194689 0.1194921199363218 0.4721247168848173 -0.003380640760459514 -0.2360207349379273
4.54 0.1174495923697476 0.2349725524452436 0.120827255858444 0.4708893561172655 -0.003377663488696347 -0.2359168036720218
4.542 0.1188357721428656 0.2339032050761406 0.1222104622908469 0.4697161689550762 -0.003374690147981245 -0.2358129638789356
4.544 0.1202659084608604 0.2328996605384912 0.1236376291922576 0.4686088759764761 -0.003371720731397231 -0.2357092154379849
4.546 0.1217354279464091 0.2319653604278523 0.1251041831784516 0.4675709186565503 -0.003368755232042537 -0.2356055582286981
4.548 0.1232392985152918 0.2311033938198888 0.1266050921583224 0.4666053859507039 -0.003365793643030559 -0.2355019921308151
4.55 0.1247720461861772 0.2303164187151369 0.128134882143667 0.4657149357394243 -0.003362835957489819 -0.2353985170242874
4.552 0.1263277860081861 0.2296065802449173 0.12968766817675 0.464901713034194 -0.003359882168563925 -0.2352951327892767
4.554 0.1279002688109455 0.2289754281101162 0.131257201080357 0.4641672674162717 -0.00335693226941153 -0.2351918393061555
4.556 0.1294829450824568 0.2284238362913452 0.1328369313356631 0.4635124727468513 -0.003353986253206298 -0.2350886364555061
4.558 0.1310690467072913 0.2279519285859868 0.1344200908204282 0.4629374527041067 -0.003351044113136856 -0.2349855241181198
4.56 0.1326516865497943 0.2275590139420353 0.1359997923922011 0.4624415161170326 -0.00334810584240676 -0.2348825021749973
4.562 0.1342239749594659 0.2272435358123548 0.1375691463937004 0.4620231063197022 -0.003345171434234454 -0.2347795705073474
4.564 0.1357791512431089 0.2270030397883289 0.1391213921249621 0.4616797687849161 -0.003342240881853235 -0.2346767289965871
4.566 0.1373107270464458 0.2268341635382675 0.1406500412249571 0.4614081410626085 -0.003339314178511206 -0.234573977524341
4.568 0.1388126374929692 0.2267326525380258 0.1421490288104404 0.4612039685104664 -0.003336391317471243 -0.2344713159724406
4.57 0.1402793949305943 0.2266934042268646 0.1436128672226052 0.4610621484497888 -0.003333472292010956 -0.2343687442229241
4.572 0.14170623933648 0.2267105420685088 0.1450367964319027 0.460976804226545 -0.003330557095422649 -0.2342662621580362
4.574 0.1430892789236022 0.2267775195971139 0.1464169246446155 0.4609413892573409 -0.003327645721013283 -0.234163869660227
4.576 0.1444256143597492 0.2268872529653402 0.1477503525218537 0.4609488195774922 -0.003324738162104432 -0.234061566612152
4.578 0.1457134403034375 0.2270322789002198 0.1490352747154697 0.4609916317968913 -0.003321834412032251 -0.2339593528966715
4.58 0.146952118696514 0.2272049334428359 0.1502710531606614 0.4610621618396862 -0.003318934464147439 -0.2338572283968503
4.582 0.1481422193999035 0.22739754553445 0.1514582577117187 0.4611527385304073 -0.003316038311815195 -0.2337551929959573
4.584 0.1492855252417387 0.22760263853588 0.1525986711901539 0.4612558851133445 -0.003313145948415182 -0.2336532465774645
4.586 0.1503850002536505 0.2278131322211303 0.153695257620992 0.4613645212461776 -0.00331025736734149 -0.2335513890250473
4.588 0.1514447216611221 0.2280225377208048 0.1547520942231247 0.4614721579433885 -0.003307372562002602 -0.2334496202225837
4.59 0.1524697779184392 0.2282251383071733 0.1557742694442606 0.4615730783613271 -0.00330449152582135 -0.2333479400541538
4.592 0.1534661365981387 0.2284161497632616 0.1567677508503736 0.461662498167301 -0.003301614252234878 -0.2332463484040394
4.594 0.1544404871432144 0.2285918552723888 0.157739227877909 0.4617367004291126 -0.003298740734694611 -0.2331448451567238
4.596 0.1554000642911869 0.2287497111817308 0.1586959352578531 0.4617931413786218 -0.003295870966666212 -0.2330434301968909
4.598 0.1563524583510817 0.2288884214991676 0.1596454632927113 0.4618305249085931 -0.003293004941629546 -0.2329421034094255
4.6 0.1573054184707601 0.229007980444687 0.1605955611238387 0.4618488451240987 -0.003290142653078645 -0.2328408646794118
4.602 0.158266654626446 0.2291096836812352 0.1615539387209676 0.4618493975733691 -0.003287284094521665 -0.2327397138921339
4.604 0.1592436433817593 0.2291961099088779 0.1625280726412401 0.4618347608419531 -0.003284429259480861 -0.2326386509330751
4.606 0.160243441600068 0.2292710752684939 0.1635250197415605 0.4618087509564112 -0.003281578141492538 -0.2325376756879173
4.608 0.1612725113550499 0.2293395634502054 0.1645512420891569 0.461776351492746 -0.003278730734107019 -0.2324367880425406
4.61 0.1623365583680889 0.2294076345532889 0.1656124453989775 0.461743622436312 -0.003275887030888611 -0.2323359878830231
4.612 0.1634403854883886 0.2294823156395292 0.1667134325138041 0.4617175907351693 -0.003273047025415569 -0.2322352750956401
4.614 0.1645877620836481 0.2295714756208688 0.1678579727949282 0.4617061251877329 -0.003270210711280054 -0.2321346495668641
4.616 0.1657813097642943 0.2296836866945733 0.1690486878463824 0.4617177978779374 -0.003267378082088099 -0.2320341111833641
4.618 0.1670224046378852 0.2298280740583472 0.1702869537693447 0.4617617338903522 -0.003264549131459577 -0.231933659832005
4.62 0.1683110962772181 0.2300141551742802 0.1715728201302463 0.4618474505741281 -0.003261723853028164 -0.2318332953998479
4.622 0.1696460437640241 0.2302516694682351 0.1729049460044653 0.4619846872423839 -0.003258902240441296 -0.2317330177741488
4.624 0.1710244695020779 0.2305503991043012 0.174280553789438 0.4621832259466597 -0.003256084287360144 -0.2316328268423585
4.626 0.1724421319302805 0.2309199814046597 0.1756954019177401 0.4624527038967823 -0.003253269987459569 -0.2315327224921226
4.628 0.1738933187503046 0.2313697136230967 0.1771437780847327 0.4628024182343773 -0.003250459334428097 -0.2314327046112805
4.63 0.1753708627494285 0.2319083511402434 0.1786185150713964 0.4632411242281086 -0.003247652321967871 -0.2313327730878653
4.632 0.1768661826776216 0.2325439007290736 0.1801110316214162 0.4637768285391767 -0.003244848943794625 -0.2312329278101031
4.634 0.1783693518584887 0.2332834113213504 0.1816114010521263 0.4644165799877633 -0.003242049193637644 -0.231133168666413
4.636 0.1798691972063986 0.2341327656507351 0.1831084502716384 0.4651662611961414 -0.003239253065239735 -0.2310334955454063
4.638 0.1813534310248438 0.2350964771961535 0.184589891577201 0.4660303855320398 -0.003236460552357183 -0.2309339083358864
4.64 0.1828088173252375 0.2361774979189159 0.1860424889739972 0.4670119048457639 -0.003233671648759725 -0.230834406926848
4.642 0.1842213734018832 0.2373770432780258 0.1874522597501137 0.468112034485503 -0.003230886348230507 -0.2307349912074772
4.644 0.1855766060276581 0.2386944418037875 0.1888047106722241 0.4693301028709381 -0.003228104644566061 -0.2306356610671506
4.646 0.1868597799326015 0.2401270169873598 0.1900851064641777 0.4706634333827949 -0.003225326531576256 -0.2305364163954351
4.648 0.1880562142705536 0.2416700092830873 0.1912787662736379 0.472107266365175 -0.003222552003084273 -0.2304372570820877
4.65 0.1891516006870272 0.243316545519604 0.1923713817399538 0.4736547285366586 -0.003219781052926569 -0.2303381830170546
4.652 0.1901323345345124 0.2450576619083087 0.1933493482094652 0.47529685599878 -0.003217013674952844 -0.2302391940904712
4.654 0.190985848926483 0.2468823851052639 0.194200098789509 0.4770226752979256 -0.003214249863026002 -0.2301402901926617
4.656 0.1917009398790959 0.2487778734697973 0.194912429490118 0.4788193446839356 -0.003211489611022119 -0.2300414712141383
4.658 0.1922680699509088 0.2507296178837216 0.1954768028637392 0.4806723549293228 -0.003208732912830415 -0.2299427370456011
4.66 0.1926796377101722 0.2527216984280127 0.1958856174725254 0.4825657860059507 -0.003205979762353213 -0.229844087577938
4.662 0.1929302011324147 0.2547370900920147 0.1961334312859206 0.4844826127942383 -0.003203230153505906 -0.2297455227022236
4.664 0.1930166446737943 0.2567580077798085 0.1962171287540112 0.4864050500895277 -0.003200484080216926 -0.2296470423097191
4.666 0.1929382822037892 0.2587662784452056 0.1961360237402169 0.4883149247370779 -0.003197741536427711 -0.2295486462918723
4.668 0.1926968910516264 0.2607437264665434 0.1958918935677191 0.4901940610068601 -0.00319500251609267 -0.2294503345403166
4.67 0.192296675887645 0.2626725575394919 0.1954889429008241 0.492024664486363 -0.003192267013179147 -0.229352106946871
4.672 0.1917441647392123 0.2645357265061726 0.1949336997608797 0.4937896899097119 -0.003189535021667393 -0.2292539634035393
4.674 0.191048042832398 0.2663172756402623 0.1942348493679486 0.4954731794427726 -0.003186806535550529 -0.2291559038025103
4.676 0.1902189328791962 0.2680026318627793 0.1934030144280307 0.4970605598989363 -0.003184081548834517 -0.229057928036157
4.678 0.1892691326740627 0.2695788539801912 0.1924504927296008 0.4985388899772272 -0.003181360055538123 -0.228960035997036
4.68 0.1882123222801743 0.2710348240696239 0.1913909643298672 0.4998970516475115 -0.003178642049692884 -0.2288622275778876
4.682 0.1870632536209808 0.2723613803168467 0.1902391811463238 0.501125882988482 -0.003175927525343079 -0.2287645026716353
4.684 0.1858374349817567 0.2735513916800237 0.1890106514583024 0.502218252851409 -0.003173216476545697 -0.2286668611713853
4.686 0.1845508218789844 0.2745997774839684 0.1877213307763548 0.5031690804543941 -0.003170508897370396 -0.2285693029704258
4.688 0.183219524136067 0.2755034772803592 0.1863873289179665 0.5039753052425863 -0.003167804781899481 -0.2284718279622271
4.69 0.1818595370053934 0.2762613779406329 0.1850246411296212 0.5046358139810742 -0.003165104124227863 -0.2283744360404412
4.692 0.1804865019962452 0.2768742059482613 0.1836489089147082 0.5051513330471624 -0.003162406918463037 -0.2282771270989011
4.694 0.1791155008853812 0.2773443932537236 0.1822752140441062 0.5055242942853442 -0.00315971315872504 -0.2281799010316206
4.696 0.1777608843512766 0.2776759249206188 0.180917907190423 0.5057586826534126 -0.003157022839146423 -0.2280827577327938
4.698 0.1764361348929928 0.2778741762264075 0.179590470846865 0.5058598733232024 -0.003154335953872215 -0.2279856970967949
4.7 0.1751537622371145 0.2779457460012801 0.1783054147341744 0.5058344650194578 -0.003151652497059904 -0.2278887190181777
4.702 0.1739252283299633 0.2778982919074594 0.1770742007928427 0.5056901152991347 -0.00314897246287939 -0.2277918233916753
4.704 0.1727608982541422 0.2777403721828041 0.1759071940996552 0.5054353822950035 -0.003146295845512959 -0.2276950101121994
4.706 0.1716700129706756 0.2774812971832537 0.1748136356098308 0.5050795762580941 -0.003143622639155254 -0.2275982790748404
4.708 0.1706606796285651 0.2771309929249716 0.1738016324665784 0.5046326230998385 -0.003140952838013243 -0.2275016301748669
4.71 0.1697398752522936 0.2766998777946201 0.1728781616885997 0.504104941102345 -0.003138286436306183 -0.2274050633077249
4.712 0.16891345986404 0.276198752693063 0.1720490832923056 0.503507331062101 -0.003135623428265592 -0.227308578369038
4.714 0.1681861954727059 0.275638704115734 0.1713191592808411 0.5028508793703406 -0.003132963808135219 -0.2272121752546065
4.716 0.1675617678259315 0.2750310190526252 0.1706920753961025 0.5021468729130329 -0.003130307570171015 -0.2271158538604078
4.718 0.1670428083405518 0.2743871101056237 0.1701704630491929 0.5014067241882185 -0.003127654708641091 -0.2270196140825949
4.72 0.1666309141760859 0.2737184488585016 0.1697559193939115 0.5006419046759986 -0.003125005217825699 -0.2269234558174969
4.722 0.1663266649780007 0.273036505282842 0.1694490240700179 0.4998638842444606 -0.003122359092017197 -0.2268273789616186
4.724 0.1661296353815849 0.2723526908094043 0.1692493517071049 0.4990840742210438 -0.00311971632552002 -0.2267313834116396
4.726 0.1660384029268569 0.2716783026289524 0.1691554798395075 0.4983137716933667 -0.003117076912650641 -0.2266354690644143
4.728 0.1660505515877381 0.2710244668037169 0.1691649924354756 0.4975641026206884 -0.003114440847737552 -0.2265396358169715
4.73 0.1661626716623929 0.2704020778686394 0.1692744797875141 0.4968459614351534 -0.003111808125121228 -0.226443883566514
4.732 0.1663703573038403 0.2698217327819872 0.1694795360429944 0.4961699449924054 -0.003109178739154096 -0.2263482122104182
4.734 0.1666682034858782 0.2692936573539234 0.1697747561700787 0.4955462790001572 -0.003106552684200508 -0.2262526216462339
4.736 0.1670498046894845 0.2688276236471618 0.1701537346441213 0.4949847354188452 -0.003103929954636703 -0.2261571117716834
4.738 0.1675077580447096 0.2684328573143129 0.1706090685895604 0.494494539798975 -0.003101310544850787 -0.226061682484662
4.74 0.1680336740512178 0.2681179344198916 0.1711323685004605 0.4940842681031286 -0.003098694449242701 -0.225966333683237
4.742 0.168618198298926 0.2678906679943748 0.1717142799611502 0.493761733260022 -0.003096081662224183 -0.2258710652656473
4.744 0.1692510477839825 0.2677579853793785 0.1723445199622012 0.4935338625096821 -0.003093472178218746 -0.2257758771303036
4.746 0.169921065425318 0.2677257983332141 0.1730119314169796 0.4934065675090013 -0.003090865991661645 -0.2256807691757872
4.748 0.1706162961913477 0.2677988688474371 0.1737045592883475 0.4933846101482878 -0.003088263096999851 -0.2255857413008507
4.75 0.1713240878065131 0.2679806746341643 0.1744097512952051 0.4934714680385809 -0.003085663488692017 -0.2254907934044166
4.752 0.1720312182914647 0.2682732792212034 0.1751142854526731 0.4936692046067812 -0.003083067161208451 -0.2253959253855778
4.754 0.1727240515824331 0.2686772124610641 0.1758045256914642 0.4939783496046605 -0.003080474109031082 -0.2253011371435964
4.756 0.1733887211799285 0.2691913679316554 0.1764666055065819 0.4943977965095595 -0.00307788432665344 -0.225206428577904
4.758 0.1740113402276579 0.2698129240857231 0.1770866380362385 0.4949247236738245 -0.00307529780858062 -0.2251117995881014
4.76 0.1745782346858173 0.270537295999934 0.1776509492351466 0.4955545460738915 -0.003072714549329252 -0.2250172500739575
4.762 0.1750761944399116 0.2713581241057054 0.1781463289833391 0.4962809040411151 -0.003070134543427476 -0.2249227799354098
4.764 0.175492735409188 0.2722673053028966 0.1785602931946029 0.49709569437546 -0.003067557785414908 -0.2248283890725634
4.766 0.1758163641426757 0.2732550703557437 0.1788813484125183 0.4979891477414349 -0.003064984269842621 -0.2247340773856912
4.768 0.1760368351804348 0.2743101094917361 0.1790992491717079 0.4989499542669692 -0.003062413991273103 -0.2246398447752331
4.77 0.1761453907669572 0.275419745767142 0.1792052377112375 0.4999654369089377 -0.003059846944280236 -0.2245456911417958
4.772 0.1761349724571143 0.276570153181142 0.1791922555805636 0.5010217695672945 -0.00305728312344927 -0.2244516163861525
4.774 0.1760003948259243 0.2777466139104903 0.179055117349301 0.5021042343197331 -0.003054722523376786 -0.2243576204092427
4.776 0.1757384728884862 0.2789338066191318 0.1787906380271569 0.5031975097313032 -0.003052165138670675 -0.2242637031121714
4.778 0.1753480968880364 0.2801161157921339 0.1783977078519865 0.504285980188343 -0.003049610963950105 -0.2241698643962092
4.78 0.1748302506775625 0.2812779506440219 0.177877310671408 0.5053540548068136 -0.003047059993845493 -0.2240761041627916
4.782 0.1741879728037776 0.2824040614964206 0.1772324850267761 0.5063864838099399 -0.003044512222998485 -0.2239824223135193
4.784 0.1734262623632443 0.2834798416754539 0.1764682300093062 0.5073686604256107 -0.003041967646061913 -0.2238888187501568
4.786 0.1725519344919516 0.2844916039303688 0.1755913607496514 0.5082868973050018 -0.00303942625769978 -0.223795293374633
4.788 0.1715734327447229 0.2854268220255205 0.1746103207973102 0.509128668114561 -0.003036888052587225 -0.2237018460890405
4.79 0.1705006074398691 0.2862743303464169 0.1735349604652796 0.509882807142052 -0.003034353025410498 -0.2236084767956352
4.792 0.1693444701732206 0.2870244768813692 0.1723762913440875 0.5105396622782051 -0.003031821170866932 -0.2235151853968359
4.794 0.1681169351050999 0.2876692275695887 0.1711462275887648 0.5110911993648132 -0.003029292483664913 -0.2234219717952244
4.796 0.1668305573272881 0.2882022225302573 0.169857324285812 0.511531058423802 -0.003026766958523854 -0.2233288358935447
4.798 0.1654982777189743 0.2886187869240945 0.1685225223091484 0.5118545645187971 -0.003024244590174169 -0.2232357775947025
4.8 0.1641331823390861 0.2889159010153699 0.1671549077124433 0.5120586978171358 -0.003021725373357246 -0.2231427968017658
4.802 0.1627482827380924 0.2890921353208012 0.1657674920409178 0.5121420287387647 -0.003019209302825412 -0.2230498934179635
4.804 0.1613563217669179 0.2891475575301246 0.1643730181402598 0.51210462487681 -0.003016696373341914 -0.2229570673466854
4.806 0.1599696076626166 0.2890836181866742 0.1629837942422975 0.5119479366781567 -0.003014186579680892 -0.2228643184914825
4.808 0.1585998775196817 0.2889030219872037 0.1616115574363091 0.5116746687432693 -0.003011679916627343 -0.2227716467560656
4.81 0.1572581898005158 0.2886095910837101 0.1602673661794929 0.5112886431280159 -0.003009176378977105 -0.2226790520443058
4.812 0.155954844350541 0.2882081260414384 0.1589615203120778 0.510794660301672 -0.003006675961536821 -0.2225865342602336
4.814 0.154699327484389 0.2877042692206351 0.1577035061435129 0.5101983625286743 -0.003004178659123921 -0.2224940933080393
4.816 0.1535002790943521 0.287104374390319 0.1565019635609187 0.5095061034823907 -0.003001684466566583 -0.2224017290920717
4.818 0.1523654783759376 0.2864153854202542 0.1553646717546413 0.5087248269370929 -0.002999193378703718 -0.2223094415168386
4.82 0.1513018446316347 0.2856447259860706 0.1542985500220197 0.5078619564730766 -0.002996705390384936 -0.222217230487006
4.822 0.1503154496603735 0.2848002013986156 0.153309670156844 0.5069252973060137 -0.002994220496470525 -0.222125095907398
4.824 0.1494115384225661 0.2838899129527482 0.1524032771143976 0.5059229506357447 -0.002991738691831421 -0.2220330376829965
4.826 0.1485945549493906 0.2829221845912395 0.1515838149207398 0.5048632403101799 -0.002989259971349177 -0.2219410557189404
4.828 0.1478681708049978 0.2819055011946373 0.1508549551349137 0.5037546511151633 -0.002986784329915946 -0.221849149920526
4.83 0.1472353137829913 0.2808484574290492 0.1502196255454257 0.5026057776222553 -0.002984311762434452 -0.2217573201932062
4.832 0.1466981949032563 0.2797597157982668 0.1496800371670743 0.501425282240857 -0.002981842263817957 -0.2216655664425903
4.834 0.1462583321573225 0.2786479723405967 0.1492377079863128 0.5002218609150402 -0.002979375828990242 -0.2215738885744435
4.836 0.1459165698213099 0.277521928269058 0.1488934822741955 0.4990042147637451 -0.002976912452885578 -0.221482286494687
4.838 0.1456730925118412 0.2763902657639634 0.1486475446422899 0.4977810258733608 -0.002974452130448705 -0.2213907601093975
4.84 0.1455274335025069 0.2752616260790383 0.1484994283591417 0.4965609354038446 -0.002971994856634796 -0.2212993093248064
4.842 0.1454784771491913 0.274144588107905 0.1484480177756008 0.4953525221552052 -0.002969540626409441 -0.2212079340473002
4.844 0.1455244555969102 0.2730476455736636 0.1484915450316588 0.4941642797570834 -0.002967089434748614 -0.2211166341834198
4.846 0.1456629402635175 0.2719791810498738 0.1486275815401561 0.4930045906897341 -0.002964641276638653 -0.2210254096398602
4.848 0.1458908289214514 0.2709474350987253 0.1488530250685277 0.4918816954221957 -0.002962196147076232 -0.2209342603234704
4.85 0.1462043295304731 0.2699604689285585 0.1491640835715415 0.490803655069811 -0.002959754041068333 -0.2208431861412525
4.852 0.1465989423121946 0.2690261191368033 0.1495562572658268 0.4897783061371656 -0.002957314953632224 -0.2207521870003623
4.854 0.147069441897886 0.2681519433266458 0.1500243207776814 0.488813206134754 -0.002954878879795434 -0.2206612628081082
4.856 0.1476098617162153 0.2673451556786489 0.150562307530811 0.4879155691506001 -0.002952445814595723 -0.2205704134719513
4.858 0.1482134831035297 0.2666125519342135 0.1511634988566108 0.4870921908337182 -0.002950015753081064 -0.2204796388995047
4.86 0.1488728318966011 0.265960423715195 0.1518204205869107 0.4863493627137287 -0.002947588690309608 -0.2203889389985337
4.862 0.1495796854804293 0.265394462669375 0.152524850101779 0.4856927763463302 -0.002945164621349669 -0.2202983136769552
4.864 0.1503250933801702 0.2649196555934372 0.1532678369214499 0.4851274184362745 -0.002942743541279694 -0.2202077628428374
4.866 0.1510994144714221 0.264540172432698 0.1540397399166104 0.4846574588370973 -0.002940325445188236 -0.2201172864043993
4.868 0.1518923736995687 0.2642592498681134 0.1548302840277426 0.4842861341381243 -0.002937910328173932 -0.2200268842700109
4.87 0.152693140811292 0.2640790740394111 0.1556286389966375 0.4840156303876034 -0.002935498185345483 -0.2199365563481923
4.872 0.1534904329823004 0.2640006667674571 0.156423521994122 0.4838469693150712 -0.002933089011821616 -0.2198463025476141
4.874 0.1542726423586194 0.2640237803640846 0.1572033251613504 0.4837799031411807 -0.002930682802731073 -0.2197561227770962
4.876 0.1550279884179615 0.2641468066771361 0.1579562679711741 0.4838128236227442 -0.002928279553212578 -0.2196660169456081
4.878 0.1557446937306585 0.2643667063302642 0.1586705729890733 0.4839426912925329 -0.002925879258414816 -0.2195759849622688
4.88 0.1564111802122599 0.2646789641014706 0.1593346621257563 0.4841649908378163 -0.002923481913496408 -0.2194860267363457
4.882 0.1570162813979703 0.2650775759741749 0.1599373689115962 0.4844737181514299 -0.002921087513625885 -0.2193961421772549
4.884 0.1575494647460966 0.2655550725468648 0.1604681608000783 0.4848614037414257 -0.002918696053981666 -0.2193063311945609
4.886 0.1580010566260651 0.2661025821943229 0.1609173641558171 0.4853191758922988 -0.002916307529752033 -0.2192165936979759
4.888 0.1583624616071629 0.2667099356711303 0.161276383543298 0.4858368652684902 -0.002913921936135106 -0.2191269295973599
4.89 0.1586263670701501 0.2673658118213175 0.1615379063384889 0.4864031506240378 -0.002911539268338818 -0.2190373388027203
4.892 0.1587869241217583 0.2680579218374824 0.1616960836433392 0.4870057430616936 -0.002909159521580893 -0.2189478212242112
4.894 0.1588398963654007 0.2687732272664946 0.1617466790564895 0.4876316040386284 -0.002906782691088824 -0.2188583767721339
4.896 0.1587827692771956 0.2694981848766285 0.1616871780492954 0.4882671902335643 -0.002904408772099842 -0.2187690053569358
4.898 0.1586148146965461 0.2702190097717927 0.161516852456407 0.4888987166610032 -0.0029020377598609 -0.2186797068892105
4.9 0.1583371071456561 0.2709219469278348 0.1612367767952848 0.4895124282075324 -0.002899669649628641 -0.2185904812796976
4.902 0.1579524911707173 0.2715935407542714 0.1608497956073867 0.4900948691935534 -0.002897304436669387 -0.218501328439282
4.904 0.1574655014450733 0.2722208924095924 0.1603604435613324 0.4906331406885865 -0.002894942116259098 -0.2184122482789941
4.906 0.1568822397790548 0.2727918954068791 0.1597748224627382 0.4911151361168882 -0.002892582683683366 -0.2183232407100091
4.908 0.156210215247277 0.2732954414582166 0.1591004413815143 0.4915297471018634 -0.002890226134237377 -0.2182343056436468
4.91 0.1554581552168583 0.2737215903823729 0.1583460276800842 0.4918670333737444 -0.002887872463225897 -0.2181454429913716
4.912 0.1546357960409796 0.2740617000640168 0.1575213177069429 0.4921183527288084 -0.002885521665963245 -0.2180566526647917
4.914 0.1537536625366813 0.2743085147128709 0.1566368362744545 0.49227644928853 -0.002883173737773269 -0.2179679345756591
4.916 0.1528228451218232 0.2744562118432167 0.1557036737958126 0.4923355004790863 -0.002880828673989325 -0.2178792886358696
4.918 0.1518547827247178 0.2745004103220551 0.154733269194672 0.4922911250795169 -0.002878486469954253 -0.2177907147574618
4.92 0.1508610584186544 0.2744381434030502 0.1537372055396748 0.4921403562556676 -0.002876147121020352 -0.2177022128526175
4.922 0.1498532133103643 0.2742678018059207 0.1527270239329137 0.4918815846395815 -0.002873810622549361 -0.2176137828336608
4.924 0.1488425826660016 0.2739890525976038 0.1517140596359141 0.4915144772106622 -0.002871476969912429 -0.2175254246130584
4.926 0.1478401567169532 0.2736027399041544 0.1507093028754433 0.4910398780075735 -0.002869146158490102 -0.2174371381034191
4.928 0.1468564671548302 0.2731107733838062 0.1497232853385025 0.4904596966012992 -0.00286681818367229 -0.217348923217493
4.93 0.1459014990757515 0.2725160099955523 0.1487659921166097 0.4897767898637244 -0.002864493040858253 -0.2172607798681721
4.932 0.1449846271133231 0.2718221339855452 0.1478467978387797 0.4889948419540345 -0.00286217072545657 -0.2171727079684893
4.934 0.1441145737261508 0.2710335392671181 0.1469744249590359 0.4881182466987368 -0.002859851232885127 -0.2170847074316187
4.936 0.1432993870747283 0.2701552175625656 0.1461569216332994 0.4871519957334402 -0.00285753455857108 -0.2169967781708746
4.938 0.1425464356123305 0.2691926548665582 0.1454016563102814 0.4861015749662702 -0.002855220697950845 -0.2169089200997119
4.94 0.1418624163935739 0.2681517380286292 0.144715326040044 0.4849728711603546 -0.002852909646470071 -0.2168211331317254
4.942 0.1412533741350328 0.2670386725672002 0.1441039755346165 0.48377208974785 -0.002850601399583617 -0.2167334171806498
4.944 0.1407247282064907 0.2658599122379094 0.1435730241592463 0.4825056843982685 -0.00284829595275553 -0.216645772160359
4.946 0.1402813049532095 0.2646221003919257 0.1431272982546686 0.4811802983767921 -0.002845993301459022 -0.2165581979848664
4.948 0.1399273730179447 0.2633320227736934 0.1427710664591212 0.4798027173420175 -0.002843693441176448 -0.2164706945683241
4.95 0.1396666796202111 0.2619965711141589 0.1425080759876104 0.4783798329391817 -0.00284139636739929 -0.2163832618250228
4.952 0.1395024860397706 0.2606227166633385 0.1423415881153987 0.4769186163327302 -0.002839102075628124 -0.2162958996693918
4.954 0.139437600827345 0.2592174926616426 0.1422744113887176 0.4754261006776408 -0.002836810561372605 -0.2162086080159982
4.956 0.1394744095186989 0.2577879846577789 0.1423089313388503 0.4739093714373258 -0.002834521820151442 -0.2161213867795468
4.958 0.1396148998537416 0.2563413275292453 0.142447135701234 0.4723755634041257 -0.002832235847492381 -0.2160342358748804
4.96 0.1398606816987218 0.254884708036083 0.142690634337654 0.4708318632530615 -0.002829952638932179 -0.2159471552169785
4.962 0.1402130010382271 0.2534253717296077 0.1430406732282437 0.4692855164505655 -0.002827672190016579 -0.2158601447209579
4.964 0.1406727475479153 0.2519706330349648 0.1434981420442155 0.4677438373370366 -0.002825394496300296 -0.2157732043020718
4.966 0.1412404553837534 0.2505278873231432 0.1440635749371004 0.4662142211988534 -0.002823119553346991 -0.2156863338757101
4.968 0.1419162969348666 0.2491046237789443 0.1447371442915959 0.464704157136343 -0.002820847356729251 -0.2155995333573987
4.97 0.1427000693918568 0.2477084378521082 0.1455186472938853 0.4632212405149074 -0.002818577902028562 -0.2155128026627992
4.972 0.1435911740879525 0.2463470420482109 0.1464074852727879 0.46177318375592 -0.002816311184835296 -0.2154261417077091
4.974 0.1445885886839789 0.2450282737741385 0.1474026358847275 0.4603678241821995 -0.002814047200748686 -0.215339550408061
4.976 0.1456908323979521 0.2437600989010026 0.1485026183433289 0.4590131275809252 -0.002811785945376802 -0.2152530286799226
4.978 0.146895924633543 0.2425506096501919 0.1497054520478796 0.4577171860896881 -0.002809527414336533 -0.2151665764394963
4.98 0.1482013375455295 0.2414080153517018 0.1510086091487831 0.4564882089548208 -0.002807271603253561 -0.215080193603119
4.982 0.1496039433016746 0.2403406245758903 0.1524089618094369 0.4553345046631524 -0.002805018507762351 -0.2149938800872621
4.984 0.1510999570635746 0.2393568171120711 0.1539027251870807 0.4542644529206016 -0.002802768123506117 -0.2149076358085306
4.986 0.1526848770167967 0.2384650042732351 0.1554853974629335 0.4532864649568984 -0.002800520446136807 -0.2148214606836633
4.988 0.1543534231333989 0.2376735760613106 0.157151698604714 0.4524089306908431 -0.00279827547131508 -0.2147353546295326
4.99 0.1560994767431682 0.2369908338505523 0.1588955099378785 0.4516401514136962 -0.00279603319471029 -0.2146493175631438
4.992 0.1579160234141032 0.2364249074576097 0.1607098170261037 0.4509882568592451 -0.002793793612000462 -0.2145633494016354
4.994 0.1597951020829351 0.2359836557853041 0.1625866588018073 0.4504611058475823 -0.002791556718872264 -0.2144774500622782
4.996 0.1617277638088095 0.2356745506728267 0.1645170863198305 0.4500661701353022 -0.002789322511020998 -0.2143916194624755
4.998 0.1637040439163459 0.2355045441731419 0.1664911349004965 0.4498104016929046 -0.002787090984150576 -0.2143058575197628
5 0.1657129516088018 0.2354799202178244 0.1684978137427753 0.4497000843696316 -0.002784862133973494 -0.2142201641518072
5.002 0.167742481319643 0.2356061325200534 0.1705251172758538 0.4497406717964609 -0.002782635956210814 -0.2141345392764075
5.004 0.1697796500776779 0.2358876315936174 0.1725600625242701 0.4499366144051113 -0.002780412446592148 -0.214048982811494
5.006 0.1718105649319003 0.2363276848979033 0.1745887565327559 0.4502911795730308 -0.002778191600855631 -0.2139634946751275
5.008 0.1738205239630262 0.2369281953049489 0.1765964973777741 0.4508062700904492 -0.002775973414747908 -0.2138780747855003
5.01 0.1757941535556712 0.2376895242510877 0.1785679114396953 0.4514822473120224 -0.002773757884024103 -0.2137927230609347
5.012 0.1777155833929259 0.2386103269887352 0.1804871283973737 0.4523177664086185 -0.002771545004447808 -0.2137074394198833
5.014 0.1795686590638274 0.2396874081826919 0.1823379938356185 0.4533096319636208 -0.002769334771791061 -0.2136222237809289
5.016 0.1813371902793671 0.2409156065791131 0.1841043174612015 0.4544526826418971 -0.002767127181834323 -0.2135370760627841
5.018 0.1830052305521666 0.2422877174963255 0.185770152782533 0.4557397136806162 -0.002764922230366459 -0.2134519961842906
5.02 0.1845573819286846 0.2437944613430002 0.1873201018418694 0.4571614454074199 -0.002762719913184718 -0.2133669840644198
5.022 0.1859791161316501 0.2454245051925242 0.1887396363577448 0.4587065448147958 -0.002760520226094714 -0.2132820396222716
5.024 0.1872571014674337 0.2471645426151224 0.1900154246323441 0.4603617053921974 -0.002758323164910406 -0.213197162777075
5.026 0.1883795232825674 0.2489994345358664 0.1911356520080215 0.4621117879840537 -0.002756128725454075 -0.2131123534481874
5.028 0.189336384812972 0.2509124109625745 0.1920903217165283 0.4639400225176686 -0.002753936903556308 -0.2130276115550941
5.03 0.1901197751208158 0.2528853301974635 0.1928715228158718 0.4658282672148721 -0.002751747695055976 -0.2129429370174086
5.032 0.190724091557722 0.2548989888504912 0.1934736526535222 0.4677573186053635 -0.002749561095800218 -0.2128583297548722
5.034 0.1911462058492105 0.2569334728851409 0.1938935829508549 0.4697072625724943 -0.002747377101644413 -0.2127737896873534
5.036 0.1913855653904782 0.2589685373280857 0.1941307610989303 0.4716578540629338 -0.002745195708452169 -0.212689316734848
5.038 0.1914442245116437 0.2609840004097685 0.194187241423739 0.4735889112272472 -0.002743016912095299 -0.2126049108174787
5.04 0.1913268040680947 0.2629601369572113 0.1940676447765485 0.4754807088127063 -0.002740840708453805 -0.212520571855495
5.042 0.1910403814437555 0.2648780559299336 0.1937790485371714 0.4773143556992062 -0.00273866709341585 -0.2124362997692725
5.044 0.1905943166105387 0.2667200480663542 0.1933308126734165 0.4790721425456677 -0.002736496062877751 -0.2123520944793135
5.046 0.1900000229763264 0.2684698915837447 0.1927343505890703 0.4807378474899904 -0.00273432761274395 -0.2122679559062457
5.048 0.1892706941417175 0.2701131065554652 0.1920028558806445 0.482296990526288 -0.002732161738926998 -0.2121838839708229
5.05 0.1884209992186088 0.2716371517207061 0.1911509976559563 0.4837370303146302 -0.002729998437347537 -0.212099878593924
5.052 0.1874667599805614 0.2730315607841259 0.1901945976844957 0.4850475004806795 -0.00272783770393428 -0.2120159396965535
5.054 0.1864246228469863 0.2742880184643723 0.1891503023816103 0.4862200856642128 -0.002725679534623987 -0.2119320671998405
5.056 0.185311737661184 0.2754003794162639 0.1880352615865455 0.4872486404413026 -0.002723523925361455 -0.2118482610250387
5.058 0.1841454535741254 0.2763646355062099 0.1868668244462249 0.4881291565997365 -0.002721370872099492 -0.2117645210935266
5.06 0.1829430402911027 0.2771788386577292 0.1856622606619016 0.488859685984536 -0.002719220370798902 -0.2116808473268068
5.062 0.1817214406817479 0.2778429875677184 0.1844385130991764 0.489440227214224 -0.002717072417428459 -0.2115972396465056
5.064 0.1804970584844317 0.2783588870495391 0.1832119854923966 0.4898725850239124 -0.002714927007964902 -0.2115136979743733
5.066 0.1792855827097901 0.2787299886591785 0.181998366848183 0.4901602108914621 -0.002712784138392901 -0.2114302222322836
5.068 0.1781018484799291 0.2789612207103057 0.1808124922846341 0.4903080330525391 -0.002710643804705045 -0.2113468123422333
5.07 0.1769597325016055 0.2790588149015559 0.1796682385045073 0.4903222831278982 -0.002708506002901824 -0.2112634682263423
5.072 0.1758720801940976 0.2790301356839808 0.1785784509230892 0.490210325490834 -0.002706370728991613 -0.2111801898068532
5.074 0.1748506606725871 0.2788835172968279 0.1775548986515777 0.4899804943029591 -0.002704237978990644 -0.2110969770061312
5.076 0.1739061452977069 0.278628112186309 0.1766082530466299 0.4896419419329725 -0.002702107748922997 -0.2110138297466636
5.078 0.1730481052967086 0.2782737533641927 0.1757480853315292 0.4892045013152523 -0.002699980034820574 -0.2109307479510596
5.08 0.1722850239882145 0.2778308322091886 0.1749828788209376 0.4886785637512392 -0.002697854832723088 -0.2108477315420506
5.082 0.1716243193463357 0.2773101922921997 0.1743200514850137 0.4880749727346889 -0.00269573213867804 -0.2107647804424892
5.084 0.1710723729699786 0.2767230390285654 0.1737659849187193 0.4874049336039147 -0.002693611948740698 -0.2106818945753493
5.086 0.1706345619340207 0.2760808643247938 0.1733260561929948 0.4866799381885199 -0.002691494258974085 -0.2105990738637261
5.088 0.1703152904552283 0.2753953848840817 0.1730046695206772 0.4859117031149169 -0.002689379065448957 -0.2105163182308353
5.09 0.1701180187795478 0.2746784924481603 0.1728052851437916 0.4851121200481737 -0.002687266364243786 -0.2104336276000134
5.092 0.1700452871700388 0.2739422139641094 0.1727304433214835 0.4842932158588267 -0.002685156151444741 -0.2103510018947173
5.094 0.1700987333355994 0.273198679455279 0.1727817817587451 0.4834671204938026 -0.002683048423145669 -0.2102684410385237
5.096 0.1702791020853011 0.2724600952284983 0.1729600452607492 0.4826460401836278 -0.00268094317544808 -0.2101859449551295
5.098 0.1705862464227252 0.2717387199508057 0.1732650868271863 0.4818422335191569 -0.002678840404461127 -0.2101035135683512
5.1 0.1710191197140353 0.2710468410681132 0.1736958598203369 0.4810679878702376 -0.002676740106301586 -0.2100211468021244
5.102 0.1715757589799763 0.2703967490098043 0.1742504012570702 0.4803355935903085 -0.002674642277093841 -0.2099388445805043
5.104 0.1722532597843206 0.2698007066255677 0.1749258066972904 0.4796573134532325 -0.002672546912969869 -0.2098566068276648
5.106 0.1730477436278184 0.2692709113381229 0.1757181976378877 0.4790453448060214 -0.002670454010069213 -0.2097744334678985
5.108 0.1739543192142107 0.2688194475762813 0.1766226827787497 0.4785117720018979 -0.002668363564538973 -0.2096923244256165
5.11 0.1749670394376986 0.2684582271895958 0.1776333150102324 0.478068506814944 -0.002666275572533783 -0.2096102796253482
5.112 0.1760788564488362 0.2681989157562095 0.178743046479052 0.4777272147479505 -0.002664190030215799 -0.209528298991741
5.114 0.1772815776814735 0.2680528429988974 0.1799436846152282 0.4774992254484575 -0.002662106933754675 -0.2094463824495601
5.116 0.1785658262541472 0.2680308959420897 0.1812258525334747 0.4773954258657777 -0.002660026279327546 -0.209364529923688
5.118 0.1799210096722182 0.2681433939959207 0.1825789577353372 0.4774261353350456 -0.002657948063119015 -0.2092827413391249
5.12 0.1813353012196824 0.2683999458597013 0.1839911735010035 0.4776009624806892 -0.002655872281321136 -0.2092010166209879
5.122 0.1827956388007268 0.2688092890076753 0.1854494377308602 0.4779286447021864 -0.002653798930133389 -0.209119355694511
5.124 0.1842877462184657 0.2693791135555084 0.1869394742242284 0.4784168720405532 -0.002651728005762669 -0.2090377584850448
5.126 0.1857961819030721 0.2701158734921136 0.1884458414074953 0.47907209841017 -0.002649659504423266 -0.2089562249180563
5.128 0.1873044198624454 0.2710245895655112 0.1899520132847823 0.4798993444846399 -0.00264759342233685 -0.2088747549191287
5.13 0.1887949670645865 0.2721086494776124 0.1914404968203189 0.4809019978915737 -0.002645529755732453 -0.2087933484139613
5.132 0.1902495205218733 0.2733696123910676 0.1928929890227197 0.4820816177194365 -0.00264346850084645 -0.2087120053283689
5.134 0.1916491660032108 0.2748070259782578 0.1942905756571333 0.4834377515665397 -0.00264140965392254 -0.2086307255882819
5.136 0.192974618547604 0.2764182652242192 0.1956139717588157 0.4849677743439652 -0.002639353211211738 -0.208549509119746
5.138 0.1942065028288842 0.2781984027964039 0.1968438019978566 0.4866667586453258 -0.002637299168972349 -0.2084683558489219
5.14 0.1953256690098471 0.2801401208809186 0.197960916533317 0.4885273865830039 -0.002635247523469951 -0.2083872657020853
5.142 0.1963135371561006 0.2822336738396828 0.198946735427078 0.4905399124453091 -0.002633198270977384 -0.2083062386056263
5.144 0.1971524607342746 0.2844669097844322 0.1997836121420493 0.4926921842704818 -0.002631151407774731 -0.2082252744860495
5.146 0.1978260974112784 0.2868253571663528 0.2004552043414277 0.4949697304363264 -0.002629106930149298 -0.2081443732699736
5.148 0.1983197735324913 0.2892923797876612 0.2009468383668869 0.4973559146717926 -0.002627064834395599 -0.2080635348841314
5.15 0.1986208275122655 0.2918494003768897 0.2012458526290809 0.4998321596322588 -0.002625025116815339 -0.2079827592553692
5.152 0.198718917108433 0.2944761892359918 0.2013419048821504 0.5023782355466386 -0.0026229877737174 -0.2079020463106468
5.154 0.1986062762950218 0.2971512107311381 0.2012272290964396 0.5049726067081758 -0.002620952801417821 -0.2078213959770377
5.156 0.198277909225607 0.2998520168689521 0.2008968294218468 0.5075928250506799 -0.002618920196239781 -0.2077408081817278
5.158 0.1977317115207656 0.3025556741937293 0.2003486014752792 0.5102159570457457 -0.002616889954513584 -0.2076602828520164
5.16 0.1969685126380471 0.3052392080427395 0.1995833747106237 0.5128190279580548 -0.002614862072576646 -0.2075798199153153
5.162 0.1959920371233268 0.3078800470226448 0.1986048736701002 0.5153794663217932 -0.002612836546773468 -0.2074994192991484
5.164 0.1948087867684254 0.3104564505398608 0.197419600141881 0.517875531471013 -0.002610813373455633 -0.2074190809311521
5.166 0.1934278497591124 0.3129479033331218 0.1960366423080941 0.5202867080721966 -0.002608792548981777 -0.2073388047390748
5.168 0.1918606464582097 0.3153354631050192 0.1944674205279272 0.5225940537557956 -0.002606774069717582 -0.2072585906507764
5.17 0.190120624257524 0.3176020503206572 0.1927253821895598 0.5247804889148858 -0.002604757932035757 -0.2071784385942286
5.172 0.1882229157663329 0.3197326727512527 0.1908256598986489 0.5268310212487669 -0.002602744132316015 -0.2070983484975142
5.174 0.1861839754046582 0.3217145810737219 0.1887847080716033 0.5287329013625492 -0.002600732666945067 -0.2070183202888273
5.176 0.1840212092620348 0.3235373554847216 0.1866199327943514 0.5304757093811945 -0.002598723532316603 -0.2069383538964729
5.178 0.1817526119853697 0.3251929265778642 0.1843493287102009 0.5320513758267306 -0.00259671672483127 -0.2068584492488664
5.18 0.1793964226583968 0.3266755364606657 0.1819911348992935 0.5334541427351996 -0.002594712240896662 -0.206778606274534
5.182 0.1769708093526639 0.3279816481268001 0.1795635194295912 0.534680473028912 -0.002592710076927301 -0.2066988249021119
5.184 0.1744935894999384 0.3291098124002825 0.1770842997292831 0.5357289174606291 -0.002590710229344624 -0.2066191050603466
5.186 0.1719819906738294 0.3300605023552113 0.1745707033684064 0.5365999490333055 -0.002588712694576962 -0.2065394466780942
5.188 0.1694524539547033 0.3308359250667786 0.1720391714237628 0.5372957747510992 -0.00258671746905953 -0.2064598496843206
5.19 0.1669204799216158 0.3314398199822505 0.1695052044708502 0.5378201339903514 -0.002584724549234405 -0.2063803140081009
5.192 0.164400515553395 0.3318772522487411 0.1669832494849455 0.5381780918273608 -0.002582733931550516 -0.2063008395786197
5.194 0.1619058789660693 0.3321544081342328 0.164486624578533 0.538375834459403 -0.002580745612463624 -0.2062214263251702
5.196 0.159448717965481 0.3322783983540433 0.1620274775539173 0.538420472531198 -0.002578759588436308 -0.2061420741771547
5.198 0.1570399978222012 0.3322570737722464 0.1596167736781391 0.5383198568363303 -0.002576775855937948 -0.2060627830640839
5.2 0.1546895134294404 0.3320988566684835 0.1572643078408851 0.5380824095840605 -0.002574794411444712 -0.205983552915577
5.202 0.152405921023926 0.3318125896021659 0.1549787362753656 0.537716973263527 -0.002572815251439538 -0.2059043836613611
5.204 0.1501967848713163 0.3314074029031837 0.1527676232437284 0.5372326781344553 -0.002570838372412117 -0.2058252752312716
5.206 0.1480686346802378 0.3308926009862393 0.1506374984510967 0.5366388285414906 -0.002568863770858881 -0.2057462275552513
5.208 0.1460270299601752 0.3302775670250788 0.1485939214034581 0.5359448075884296 -0.002566891443282988 -0.2056672405633508
5.21 0.1440766280323844 0.3295716850225726 0.1466415494185787 0.5351599992083004 -0.0025649213861943 -0.2055883141857278
5.212 0.1422212529057614 0.3287842779550937 0.1447842065018708 0.5342937263077409 -0.002562953596109376 -0.2055094483526472
5.214 0.1404639627143088 0.3279245604333924 0.1430249507838603 0.5333552034278732 -0.002560988069551449 -0.2054306429944809
5.216 0.1388071138631282 0.3270016041843794 0.1413661386661786 0.5323535022260868 -0.002559024803050418 -0.2053518980417074
5.218 0.1372524204355576 0.3260243145969384 0.1398094842287005 0.5312975280218502 -0.002557063793142827 -0.2052732134249118
5.22 0.1358010077702331 0.3250014165694848 0.138356112806605 0.5301960056442703 -0.002555105036371849 -0.2051945890747854
5.222 0.1344534594244588 0.3239414479299699 0.1370066079537461 0.5290574728520956 -0.002553148529287279 -0.2051160249221257
5.224 0.1332098570027093 0.3228527587557871 0.1357610512711548 0.527890279653623 -0.002551194268445509 -0.2050375208978359
5.226 0.1320698125515381 0.3217435149894343 0.1346190548019476 0.5267025919223596 -0.002549242250409518 -0.2049590769329253
5.228 0.1310324934127285 0.3206217048175111 0.1335797858844773 0.5255023977760193 -0.002547292471748858 -0.2048806929585081
5.23 0.1300966395927493 0.3194951463497351 0.1326419845217889 0.5242975152555394 -0.002545344929039632 -0.2048023689058043
5.232 0.1292605738567034 0.3183714951975282 0.1318039734755679 0.5230955999036669 -0.002543399618864491 -0.2047241047061388
5.234 0.1285222048975587 0.3172582506079037 0.1310636614353713 0.5219041508988449 -0.002541456537812606 -0.2046459002909412
5.236 0.1278790240739504 0.3161627588593013 0.1304185397564301 0.5207305144510475 -0.002539515682479661 -0.2045677555917462
5.238 0.1273280963591464 0.3150922126749094 0.1298656734086142 0.5195818832151019 -0.002537577049467834 -0.2044896705401925
5.24 0.1268660463056099 0.3140536454620091 0.1294016869409956 0.5184652905300328 -0.00253564063538579 -0.2044116450680237
5.242 0.1264890400080764 0.3130539192504065 0.1290227464449251 0.5173875983574933 -0.002533706436848653 -0.2043336791070868
5.244 0.1261927642449779 0.3120997052881636 0.1287245386954559 0.5163554778774967 -0.002531774450478005 -0.2042557725893332
5.246 0.1259724041928628 0.3111974563696538 0.1285022488657646 0.5153753818164715 -0.002529844672901858 -0.2041779254468176
5.248 0.1258226213371567 0.3103533701311502 0.1283505384379113 0.5144535077428489 -0.002527917100754653 -0.2041001376116987
5.25 0.1257375334371058 0.309573342764375 0.1282635251677831 0.5135957517806131 -0.002525991730677234 -0.2040224090162381
5.252 0.1257106986309991 0.3088629128803115 0.1282347671903159 0.5128076524731121 -0.002524068559316838 -0.2039447395928005
5.254 0.125735105972035 0.308227195613192 0.1282572535553621 0.5120943248870458 -0.002522147583327084 -0.2038671292738538
5.256 0.1258031748437827 0.3076708074931905 0.1283234036431506 0.5114603854851588 -0.002520228799367948 -0.2037895779919683
5.258 0.1259067657900295 0.3071977831360475 0.1284250779941352 0.5109098688158644 -0.002518312204105762 -0.2037120856798169
5.26 0.1260372052770687 0.3068114853903715 0.1285536030712819 0.5104461376605465 -0.002516397794213189 -0.203634652270175
5.262 0.1261853267558445 0.3065145112310109 0.1286998123222137 0.5100717889269307 -0.002514485566369212 -0.2035572776959199
5.264 0.1263415300771974 0.306308596360321 0.1288541055944565 0.5097885582503519 -0.002512575517259119 -0.2034799618900308
5.266 0.1264958608114919 0.3061945221369243 0.1290065284550664 0.5095972269225133 -0.002510667643574495 -0.203402704785589
5.268 0.1266381103207337 0.3061720290405532 0.1291468722627469 0.5094975353563302 -0.002508761942013194 -0.203325506315777
5.27 0.1267579365280209 0.3062397413392569 0.1292647949373002 0.5094881077531357 -0.00250685840927934 -0.2032483664138788
5.272 0.1268450042473665 0.3063951078840492 0.1293499612894498 0.5095663928973285 -0.0025049570420833 -0.2031712850132793
5.274 0.1268891427212983 0.3066343639502717 0.12939220055844 0.5097286259977366 -0.00250305783714168 -0.2030942620474649
5.276 0.1268805167333663 0.3069525187183532 0.1293816775245435 0.5099698161683754 -0.002501160791177303 -0.2030172974500223
5.278 0.1268098064093249 0.3073433723025862 0.1293090723102441 0.5102837634572251 -0.002499265900919199 -0.202940391154639
5.28 0.1266683897031431 0.3077995651871554 0.1291657628662457 0.5106631082822581 -0.00249737316310259 -0.2028635430951027
5.282 0.1264485206971903 0.3083126615414628 0.1289440032716592 0.5110994147467645 -0.002495482574468878 -0.2027867532053017
5.284 0.1261434963400563 0.3088732662291108 0.1286370904718219 0.5115832876483347 -0.002493594131765624 -0.202710021419224
5.286 0.1257478041893286 0.3094711735028325 0.1282395120210751 0.5121045211737899 -0.002491707831746544 -0.2026333476709574
5.288 0.1252572441746182 0.3100955435276136 0.1277470678457897 0.5126522754223031 -0.002489823671171486 -0.2025567318946895
5.29 0.1246690183559982 0.3107351011512557 0.1271569600028046 0.513215275175963 -0.002487941646806423 -0.2024801740247073
5.292 0.1239817840802343 0.3113783499018785 0.1264678458356577 0.5137820238972757 -0.002486061755423434 -0.2024036739953971
5.294 0.123195667735489 0.3120137931723838 0.1256798517292897 0.5143410249136281 -0.002484183993800695 -0.2023272317412443
5.296 0.1223122383357299 0.3126301540533569 0.1247945466944523 0.5148810012501899 -0.002482308358722458 -0.2022508471968329
5.298 0.1213344422618343 0.313216585348854 0.1238148771088133 0.5153911056457001 -0.002480434846979048 -0.2021745202968461
5.3 0.1202665024729059 0.3137628619461235 0.1227450659282727 0.5158611129221886 -0.002478563455366837 -0.2020982509760652
5.302 0.1191137872174328 0.3142595488462773 0.1215904813981211 0.5162815880156473 -0.00247669418068824 -0.2020220391693699
5.304 0.1178826545898397 0.3146981396872131 0.1203574816095914 0.5166440244989514 -0.002474827019751696 -0.2019458848117383
5.306 0.1165802801110186 0.3150711623580537 0.1190532420803903 0.5169409501962999 -0.002472961969371656 -0.2018697878382463
5.308 0.1152144748301141 0.3153722501590599 0.1176855738564827 0.5171659983431274 -0.002471099026368574 -0.2017937481840675
5.31 0.1137935012703973 0.3155961787504146 0.1162627394579662 0.5173139445348877 -0.00246923818756888 -0.2017177657844731
5.312 0.1123258939384202 0.3157388707278184 0.1147932733882252 0.5173807113026503 -0.002467379449804983 -0.2016418405748319
5.314 0.110820290179137 0.3157973709661639 0.1132858129890522 0.5173633434567736 -0.002465522809915248 -0.2015659724906096
5.316 0.1092852760029108 0.3157697968276598 0.1117489442676547 0.5172599582950292 -0.002463668264743983 -0.2014901614673694
5.318 0.1077292502478015 0.315655267919979 0.1101910660589429 0.51706967536075 -0.002461815811141428 -0.201414407440771
5.32 0.106160309177708 0.3154538203293947 0.1086202746236717 0.5167925306759654 -0.00245996544596374 -0.2013387103465707
5.322 0.1045861524401761 0.3151663101864363 0.1070442696062491 0.5164293803070581 -0.002458117166072984 -0.2012630701206219
5.324 0.1030140102795307 0.3147943111068677 0.1054702812478678 0.5159817978057412 -0.002456270968337111 -0.2011874866988735
5.326 0.1014505910605701 0.3143400095560311 0.1039050179102 0.5154519695734022 -0.002454426849629951 -0.2011119600173711
5.328 0.09990204752111539 0.3138061015770142 0.1023546323279466 0.5148425915892701 -0.002452584806831202 -0.201036490012256
5.33 0.09837395973504504 0.3131956936633221 0.1008247045718714 0.5141567702830877 -0.002450744836826409 -0.2009610766197656
5.332 0.09687133251443256 0.3125122098955511 0.09932023945093951 0.5133979296717834 -0.002448906936506959 -0.2008857197762324
5.334 0.09539860488438454 0.3117593068378023 0.0978456759871546 0.512569726255887 -0.002447071102770062 -0.2008104194180848
5.336 0.09395966929567323 0.310940797129925 0.09640490662819197 0.511675972611771 -0.002445237332518739 -0.200735175481846
5.338 0.09255789836773919 0.3100605822319238 0.09500130399040099 0.5107205701360585 -0.002443405622661813 -0.2006599879041347
5.34 0.0911961771482727 0.3091225943836842 0.0936377531183866 0.5097074510053484 -0.00244157597011389 -0.2005848566216642
5.342 0.08987693910879349 0.3081307475356903 0.09231668748058884 0.5086405291069328 -0.002439748371795351 -0.2005097815712425
5.344 0.08860220434733505 0.3070888967789579 0.09104012717196738 0.5075236594687301 -0.002437922824632335 -0.2004347626897723
5.346 0.087373618722782 0.3060008056463291 0.08980971804833873 0.5063606055605796 -0.002436099325556731 -0.2003597999142505
5.348 0.08619249288742765 0.3048701205614199 0.08862677075893381 0.5051550137431882 -0.002434277871506158 -0.2002848931817682
5.35 0.08505984040735522 0.3037003516651781 0.08749229886677917 0.5039103940946886 -0.002432458459423961 -0.2002100424295106
5.352 0.08397641435919795 0.302494859242639 0.08640705544545714 0.5026301068373956 -0.002430641086259189 -0.2001352475947566
5.354 0.0829427419638548 0.3012568449938556 0.08537156771282139 0.5013173536087344 -0.00242882574896659 -0.2000605086148788
5.356 0.08195915696305223 0.2999893474350132 0.08438616940755882 0.4999751728623565 -0.002427012444506595 -0.1999858254273434
5.358 0.08102582956438099 0.298695240771555 0.0834510307342263 0.4986064387412646 -0.002425201169845302 -0.1999111979697096
5.36 0.08014279387602108 0.2973772366483735 0.08256618579797555 0.4972138628280036 -0.002423391921954469 -0.1998366261796301
5.362 0.0793099728269188 0.2960378882488326 0.0817315575247303 0.4957999982436827 -0.002421584697811499 -0.1997621099948501
5.364 0.0785272006243658 0.2946795962813419 0.08094698011876522 0.49436724563455 -0.002419779494399427 -0.1996876493532081
5.366 0.07779424284110635 0.2933046164564418 0.08021221914981326 0.4929178606490766 -0.002417976308706906 -0.1996132441926348
5.368 0.07711081425133576 0.2919150681177263 0.07952698938906395 0.4914539625688797 -0.0024161751377282 -0.1995388944511534
5.37 0.07647659455156781 0.2905129437456193 0.07889097053003098 0.489977543812499 -0.002414375978463162 -0.1994646000668797
5.372 0.07589124211017681 0.2891001191027857 0.07830382093809404 0.4884904800808069 -0.002412578827917233 -0.1993903609780212
5.374 0.07535440589060242 0.2876783638342632 0.07776518957370385 0.4869945409571405 -0.002410783683101419 -0.1993161771228773
5.376 0.07486573568925402 0.2862493523743332 0.07727472623028631 0.4854914008141727 -0.002408990541032285 -0.1992420484398395
5.378 0.07442489082108641 0.2848146750453142 0.07683209021981836 0.4839826499127048 -0.002407199398731943 -0.1991679748673906
5.38 0.0740315473749564 0.283375849261809 0.07643695762818443 0.482469805605914 -0.002405410253228033 -0.1990939563441049
5.382 0.07368540414793742 0.2819343307778419 0.07608902724949114 0.4809543235864898 -0.00240362310155372 -0.199019992808648
5.384 0.07338618735328407 0.2804915249335408 0.07578802529403174 0.4794376091333171 -0.00240183794074767 -0.1989460841997762
5.386 0.07313365418131078 0.2790487978735817 0.07553370894916484 0.4779210283299192 -0.002400054767854054 -0.1988722304563375
5.388 0.07292759527647157 0.2776074877217881 0.07532586885639408 0.4764059192390578 -0.002398273579922519 -0.1987984315172697
5.39 0.07276783617745022 0.2761689157047669 0.07516433055145841 0.4748936030263687 -0.002396494374008185 -0.1987246873216018
5.392 0.07265423775053108 0.2747343972231091 0.0750489548977027 0.4733853950315619 -0.002394717147171631 -0.1986509978084529
5.394 0.07258669562990148 0.2733052528715942 0.07497963752638037 0.4718826157886266 -0.002392941896478885 -0.1985773629170324
5.396 0.07256513866197077 0.2718828194095388 0.07495630728097218 0.4703866019961788 -0.002391168619001408 -0.1985037825866399
5.398 0.07258952633444329 0.2704684606795099 0.07497892364625938 0.4688987174361747 -0.002389397311816082 -0.1984302567566647
5.4 0.07265984515476515 0.2690635784670571 0.07504747312677035 0.467420363833643 -0.002387627972005201 -0.1983567853665859
5.402 0.07277610392692195 0.2676696232851555 0.07516196452357841 0.4659529916411277 -0.002385860596656458 -0.1982833683559721
5.404 0.07293832786051735 0.2662881050551115 0.07532242304338028 0.464498110719593 -0.002384095182862935 -0.1982100056644815
5.406 0.07314655143188731 0.2649206036406158 0.07552888315961039 0.4630573008724771 -0.002382331727723083 -0.1981366972318613
5.408 0.07340080990412053 0.2635687791723893 0.07578138013246125 0.4616322221703371 -0.002380570228340719 -0.1980634429979478
5.41 0.07370112940170044 0.2622343820779461 0.07607994008352545 0.4602246249806126 -0.002378810681825013 -0.1979902429026665
5.412 0.07404751542664367 0.260919262703942 0.07642456851193415 0.4588363595899731 -0.00237705308529047 -0.1979170968860311
5.414 0.07443993969743075 0.2596253803865674 0.07681523713328767 0.4574693852747118 -0.002375297435856924 -0.1978440048881444
5.416 0.0748783251906246 0.2583548117888493 0.07725186892127411 0.4561257786380465 -0.002373543730649523 -0.1977709668491972
5.418 0.0753625292689744 0.2571097582824432 0.07773432123577312 0.454807740991912 -0.002371791966798722 -0.1976979827094688
5.42 0.075892324790796 0.2558925521049827 0.07826236693223626 0.4535176045143094 -0.002370042141440265 -0.1976250524093267
5.422 0.07646737911494116 0.2547056609733143 0.07883567336665633 0.4522578368625402 -0.002368294251715176 -0.1975521758892259
5.424 0.07708723094571543 0.2535516907785734 0.07945377924048518 0.4510310438682828 -0.002366548294769748 -0.1974793530897094
5.426 0.0777512650051335 0.2524333859317925 0.08011606927288904 0.4498399698832005 -0.002364804267755533 -0.197406583951408
5.428 0.07845868457796855 0.2513536268708593 0.08082174674579787 0.448687495285899 -0.002363062167829325 -0.1973338684150396
5.43 0.07920848205050143 0.2503154241838036 0.08156980404265458 0.4475766306052132 -0.002361321992153154 -0.1972612064214096
5.432 0.07999940765935978 0.2493219087524034 0.08235899139725406 0.4465105066638138 -0.002359583737894269 -0.1971885979114103
5.434 0.08082993678383685 0.2483763172792939 0.08318778418606199 0.4454923601053152 -0.002357847402225135 -0.1971160428260213
5.436 0.08169823625494907 0.2474819725363955 0.08405434923727248 0.444525513642704 -0.00235611298232341 -0.1970435411063085
5.438 0.08260213031763891 0.2466422576693956 0.08495651079301085 0.4436133503628206 -0.002354380475371943 -0.196971092693425
5.44 0.0835390670673852 0.2458605839203932 0.08589171694594396 0.4427592814490031 -0.002352649878558757 -0.1968986975286099
5.442 0.08450608638550215 0.2451403511976257 0.0868570075745792 0.4419667067508146 -0.002350921189077045 -0.1968263555531889
5.444 0.08549979061283441 0.2444849010366481 0.08784898501695956 0.4412389677452219 -0.002349194404125147 -0.1967540667085738
5.446 0.08651631941965734 0.2438974616710426 0.08886378894056389 0.4405792926073051 -0.002347469520906548 -0.1966818309362625
5.448 0.08755133053717554 0.2433810851709746 0.0898970770738054 0.4399907333488129 -0.002345746536629862 -0.1966096481778383
5.45 0.08859998819620811 0.2429385769205607 0.09094401364471694 0.4394760952955315 -0.002344025448508826 -0.1965375183749708
5.452 0.08965696124997315 0.2425724180924454 0.09199926750373542 0.4390378595618602 -0.002342306253762282 -0.1964654414694148
5.454 0.09071643301574094 0.2422846822369044 0.09305702196535511 0.4386780996399149 -0.00234058894961417 -0.1963934174030105
5.456 0.0917721248281257 0.2420769476223097 0.09411099836141922 0.438398393739993 -0.002338873533293514 -0.1963214461176833
5.458 0.09281733512769595 0.2419502075244788 0.09515449512973037 0.4381997350799225 -0.002337160002034416 -0.1962495275554437
5.46 0.09384499558871325 0.2419047812343353 0.09618044394178929 0.4380824428927225 -0.002335448353076038 -0.1961776616583872
5.462 0.09484774530103023 0.241940229096181 0.09718148388469282 0.438046077464875 -0.002333738583662597 -0.1961058483686939
5.464 0.09581802335707436 0.2420552753532348 0.0981500540481177 0.4380893629818633 -0.002332030691043348 -0.1960340876286285
5.466 0.096748179362714 0.2422477429065269 0.09907850403518659 0.4382101222870672 -0.00233032467247258 -0.1959623793805403
5.468 0.09763060041687593 0.2425145042292484 0.09995922094208554 0.4384052277961112 -0.002328620525209598 -0.1958907235668628
5.47 0.09845785203662574 0.2428514525669787 0.1007847702831445 0.4386705726970921 -0.002326918246518715 -0.1958191201301134
5.472 0.09922282940922426 0.2432534971522381 0.1015480472428935 0.439001066165132 -0.002325217833669244 -0.1957475690128939
5.474 0.09991891431604413 0.2437145854467681 0.1022424335999796 0.4393906556046578 -0.002323519283935482 -0.1956760701578897
5.476 0.1005401321925221 0.2442277544018919 0.1028619547871188 0.4398323779097617 -0.002321822594596702 -0.1956046235078698
5.478 0.1010813031618919 0.2447852114334004 0.103401430924829 0.4403184404390874 -0.002320127762937141 -0.195533229005687
5.48 0.101538180597034 0.2453784443141504 0.1038566153832799 0.4408403309084274 -0.002318434786245986 -0.195461886594277
5.482 0.1019075708907893 0.2459983575979307 0.1042243145526067 0.4413889538145899 -0.002316743661817375 -0.1953905962166592
5.484 0.102187428681439 0.246635431627373 0.1045024830683894 0.4419547894433089 -0.002315054386950371 -0.1953193578159359
5.486 0.1023769227758676 0.2472798987820402 0.1046902897348166 0.4425280701173324 -0.002313366958948959 -0.1952481713352921
5.488 0.1024764693815972 0.2479219305202832 0.1047881507567192 0.4430989672382791 -0.002311681375122035 -0.1951770367179958
5.49 0.1024877309013803 0.2485518280667025 0.1047977285341637 0.4436577819741002 -0.002309997632783397 -0.1951059539073977
5.492 0.1024135803294361 0.2491602093660747 0.1047218960586878 0.4441951322130053 -0.002308315729251728 -0.1950349228469306
5.494 0.1022580330685302 0.2497381851882751 0.1045646687303807 0.444702128668385 -0.002306635661850591 -0.1949639434801099
5.496 0.1020261496141475 0.2502775179998455 0.1043311070420559 0.4451705337503786 -0.002304957427908416 -0.1948930157505331
5.498 0.1017239138967733 0.2507707583434546 0.1040271949215318 0.4455928979453344 -0.002303281024758491 -0.1948221396018797
5.5 0.1013580930394739 0.2512113548778017 0.1036596994892129 0.4459626698557128 -0.002301606449738949 -0.1947513149779111
5.502 0.1009360848217911 0.2515937357967257 0.1032360185219839 0.446274277619196 -0.002299933700192761 -0.1946805418224703
5.504 0.1004657592343628 0.2519133609317718 0.1027640220078305 0.4465231810112538 -0.00229826277346772 -0.194609820079482
5.506 0.09995530019560152 0.2521667453234969 0.102251893862518 0.446705895016449 -0.002296593666916435 -0.1945391496929522
5.508 0.09941305285006562 0.2523514563216698 0.1017079792279619 0.446819986928638 -0.002294926377896321 -0.1944685306069682
5.51 0.09884738096782485 0.252466087273977 0.1011406418715944 0.4468640500396756 -0.002293260903769584 -0.1943979627656986
5.512 0.09826653791398203 0.2525102115516589 0.1005581351558852 0.4468376576650516 -0.002291597241903216 -0.1943274461133927
5.514 0.09767855355424356 0.2524843210354644 0.09996848894391254 0.4467413016298452 -0.002289935389668979 -0.1942569805943808
5.516 0.09709113839079334 0.2523897532702787 0.09937941373523673 0.4465763194233525 -0.002288275344443401 -0.1941865661530738
5.518 0.09651160524902686 0.2522286113353411 0.09879822235263462 0.4463448140693045 -0.00228661710360776 -0.1941162027339633
5.52 0.09594680800604495 0.2520036801233014 0.09823176867059302 0.4460495704049226 -0.002284960664548075 -0.1940458902816211
5.522 0.09540309619155368 0.2517183422338007 0.09768640221620878 0.4456939709745 -0.002283306024655098 -0.1939756287406993
5.524 0.09488628380777253 0.2513764961214153 0.09716793698909684 0.4452819141773454 -0.002281653181324304 -0.1939054180559301
5.526 0.0944016304000723 0.2509824785422594 0.09668163253202817 0.4448177367143851 -0.002280002131955877 -0.1938352581721258
5.528 0.09395383224689798 0.2505409927575482 0.09623218512085267 0.4443061417917264 -0.002278352873954701 -0.1937651490341782
5.53 0.09354702150231289 0.2500570434048224 0.09582372690704324 0.4437521339918815 -0.002276705404730351 -0.1936950905870591
5.532 0.09318477119171296 0.2495358784570406 0.09545983091341005 0.4431609612328601 -0.002275059721697084 -0.1936250827758196
5.534 0.09287010410556587 0.2489829382666062 0.0951435199278397 0.4425380638121964 -0.002273415822273828 -0.1935551255455902
5.536 0.09260550383428873 0.2484038113384449 0.09487727753817289 0.4418890301800258 -0.002271773703884169 -0.1934852188415809
5.538 0.09239292642086937 0.2478041961915228 0.09466305978482571 0.4412195588006032 -0.002270133363956342 -0.1934153626090803
5.54 0.09223381136127397 0.2471898684463001 0.09450230616119719 0.4405354252397566 -0.002268494799923226 -0.1933455567934565
5.542 0.09212909094552649 0.2465666521093627 0.09439594895474882 0.4398424534495187 -0.002266858009222329 -0.193275801340156
5.544 0.09207919719760141 0.2459403939085222 0.09434442018689719 0.4391464901032264 -0.002265222989295775 -0.1932060961947042
5.546 0.0920840659363478 0.24531693945542 0.0943476556739381 0.4384533807581248 -0.002263589737590302 -0.1931364413027048
5.548 0.09214313774123879 0.2447021099727319 0.09440509599279603 0.437768946582572 -0.002261958251557247 -0.1930668366098401
5.55 0.09225535586626935 0.2441016783163346 0.09451568439492189 0.4370989603782052 -0.002260328528652538 -0.1929972820618706
5.552 0.09241916140391018 0.243521343048428 0.09467786197024687 0.4364491206530628 -0.002258700566336683 -0.1929277776046348
5.554 0.09263248625959952 0.242966699376674 0.09488956062167428 0.4358250225607231 -0.002257074362074756 -0.1928583231840492
5.556 0.09289274475578668 0.2424432058707279 0.09514819466912308 0.4352321246168361 -0.0022554499133364 -0.1927889187461082
5.558 0.09319682494114465 0.2419561460062199 0.09545065215874045 0.4346757102431038 -0.002253827217595799 -0.1927195642368839
5.56 0.09354108093045596 0.2415105837739268 0.09579328720278765 0.4341608433764525 -0.002252206272331686 -0.1926502596025257
5.562 0.09392132783613895 0.2411113128352117 0.09617191491116626 0.4336923176244723 -0.002250587075027317 -0.1925810047892606
5.564 0.09433284106146463 0.2407627990099364 0.0965818106846351 0.4332745987533293 -0.002248969623170477 -0.1925117997433929
5.566 0.09477036189225872 0.2404691162536836 0.09701771580651218 0.4329117606649876 -0.00224735391425346 -0.192442644411304
5.568 0.09522811142886627 0.2402338767169913 0.09747385137463932 0.4326074154564433 -0.002245739945773058 -0.192373538739452
5.57 0.09569981492036823 0.2400601559747245 0.09794394263559879 0.4323646386490969 -0.002244127715230557 -0.1923044826743723
5.572 0.09617873847416737 0.2399504150552247 0.0984212556942991 0.4321858912179015 -0.00224251722013173 -0.1922354761626769
5.574 0.09665773989268686 0.2399064214643591 0.09889864835067368 0.4320729406154132 -0.002240908457986816 -0.192166519151054
5.576 0.09712933501498427 0.2399291719570581 0.0993686364412948 0.4320267835433267 -0.002239301426310521 -0.1920976115862687
5.578 0.09758578040225582 0.2400188203168141 0.09982347652487783 0.4320475737319761 -0.002237696122622002 -0.192028753415162
5.58 0.09801917250184468 0.2401746138123757 0.1002552650462895 0.4321345583970272 -0.002236092544444865 -0.1919599445846515
5.582 0.09842156256904584 0.2403948422562459 0.100656053258353 0.4322860272979763 -0.002234490689307144 -0.1918911850417304
5.584 0.09878508565270797 0.2406768036372333 0.1010179762074493 0.4324992783707014 -0.002232890554741301 -0.1918224747334681
5.586 0.09910210091272446 0.2410167900920893 0.1013333930510087 0.4327706036990989 -0.002231292138284215 -0.1917538136070096
5.588 0.09936533950640375 0.2414100974860342 0.1015950349438809 0.4330952990956098 -0.002229695437477167 -0.1916852016095756
5.59 0.09956805534287468 0.2418510610774474 0.1017961557927405 0.4334676997659094 -0.002228100449865838 -0.1916166386884621
5.592 0.09970417325404267 0.2423331186656124 0.101930680427043 0.433881243456653 -0.002226507173000294 -0.1915481247910406
5.594 0.09976842865797546 0.242848901311034 0.1019933442624104 0.4343285611757919 -0.002224915604434977 -0.1914796598647579
5.596 0.0997564926724384 0.24339035025606 0.1019798184141671 0.4348015941131958 -0.002223325741728704 -0.1914112438571358
5.598 0.09966507692281884 0.2439488571672023 0.1018868145052635 0.4352917338829732 -0.002221737582444642 -0.1913428767157709
5.6 0.09949201299342446 0.2445154233938076 0.1017121641175748 0.4357899817821423 -0.002220151124150314 -0.1912745583883347
5.602 0.09923630256578637 0.245080832718212 0.101454868930204 0.4362871215407855 -0.002218566364417579 -0.1912062888225735
5.604 0.09889813570122188 0.2456358311764488 0.1011151190020445 0.4367738991427569 -0.002216983300822631 -0.1911380679663081
5.606 0.09847887634986689 0.2461713070437707 0.1006942782808129 0.4372412028112043 -0.002215401930945984 -0.1910698957674336
5.608 0.09798101587215956 0.2466784640546391 0.100194838124532 0.4376802362285585 -0.002213822252372461 -0.1910017721739194
5.61 0.09740809699908452 0.2471489813652351 0.09962034126177571 0.4380826784990443 -0.002212244262691193 -0.1909336971338091
5.612 0.09676461210009349 0.2475751546236078 0.0989752800595891 0.4384408252188282 -0.002210667959495604 -0.1908656705952204
5.614 0.09605588076171613 0.2479500137034351 0.09826497410209953 0.4387477062097799 -0.0022090933403834 -0.1907976925063447
5.616 0.09528791243022851 0.2482674140693334 0.09749543283318507 0.4389971768847807 -0.002207520402956566 -0.1907297628154473
5.618 0.09446726020546908 0.2485221002469617 0.09667320935029043 0.4391839817178287 -0.002205949144821352 -0.190661881470867
5.62 0.09360087179976327 0.2487097413445918 0.09580525136335154 0.439303789765608 -0.002204379563588266 -0.1905940484210162
5.622 0.09269594324211548 0.2488269399052238 0.09489875489898755 0.4393532035196044 -0.002202811656872063 -0.1905262636143806
5.624 0.09175978018798013 0.2488712164755466 0.09396102561027186 0.4393297434750656 -0.002201245422291739 -0.1904585269995191
5.626 0.09079967077905229 0.2488409731080906 0.09299935163652281 0.4392318116331543 -0.002199680857470519 -0.1903908385250637
5.628 0.08982277297912047 0.2487354395458453 0.09202089093915633 0.4390586376855649 -0.002198117960035852 -0.1903231981397196
5.63 0.08883601827892089 0.2485546060828982 0.09103257500654029 0.4388102118751627 -0.002196556727619394 -0.1902556057922644
5.632 0.08784603268856782 0.248299147081858 0.09004102984642483 0.4384872085134069 -0.00219499715785701 -0.1901880614315489
5.634 0.08685907507478068 0.2479703389055832 0.08905251432316943 0.4380909039120793 -0.002193439248388755 -0.1901205650064961
5.636 0.08588099218717353 0.247569975641065 0.0880728751840324 0.4376230921071665 -0.002191882996858872 -0.1900531164661015
5.638 0.08491718916939973 0.247100285512293 0.08710751757031551 0.4370860012717262 -0.002190328400915779 -0.1899857157594332
5.64 0.08397261396652611 0.2465638503471503 0.08616138942473818 0.4364822131827816 -0.002188775458212063 -0.1899183628356313
5.642 0.08305175380820647 0.2459635299237001 0.08523897797461093 0.4358145875676079 -0.002187224166404468 -0.1898510576439078
5.644 0.08215864184791064 0.2453023925070524 0.08434431637106453 0.4350861926405994 -0.00218567452315389 -0.189783800133547
5.646 0.08129687204666709 0.244583652422725 0.08348099857279245 0.4343002426766298 -0.002184126526125364 -0.1897165902539047
5.648 0.08046962048052235 0.2438106151104735 0.08265220065351041 0.4334600430648821 -0.00218258017298806 -0.1896494279544086
5.65 0.07967967139949376 0.2429866297704955 0.08186070686090903 0.4325689429550534 -0.002181035461415268 -0.1895823131845579
5.652 0.07892944655004955 0.2421150494520757 0.08110893893913394 0.4316302953459988 -0.002179492389084396 -0.1895152458939231
5.654 0.07822103647528168 0.2411991982390112 0.08039898742895864 0.4306474242711575 -0.002177950953676956 -0.1894482260321463
5.656 0.07755623271238105 0.2402423450499941 0.07973264386525961 0.4296235985989345 -0.002176411152878559 -0.1893812535489404
5.658 0.07693656000476408 0.2392476834864656 0.07911143298914299 0.4285620118805553 -0.002174872984378903 -0.1893143283940897
5.66 0.07636330782926701 0.2382183171167505 0.07853664427513878 0.4274657676341997 -0.002173336445871766 -0.1892474505174492
5.662 0.07583756070257597 0.2371572495747259 0.07800936223763097 0.4263378694436707 -0.002171801535055001 -0.1891806198689448
5.664 0.07536022687300634 0.2360673788653759 0.07753049512263685 0.4251812152639491 -0.002170268249630518 -0.1891138363985732
5.666 0.07493206512364221 0.2349514953016613 0.07710080171094649 0.4239985953580626 -0.002168736587304285 -0.1890471000564012
5.668 0.07455370951130189 0.2338122825411849 0.0767209160570882 0.4227926933337516 -0.002167206545786316 -0.1889804107925667
5.67 0.07422569194410866 0.23265232124186 0.07639137006689932 0.4215660897991373 -0.002165678122790658 -0.1889137685572774
5.672 0.07394846256083215 0.2314740949097747 0.07611261387686755 0.420321268210586 -0.002164151316035391 -0.1888471733008113
5.674 0.0737224079197526 0.2302799975667977 0.07588503404299521 0.4190606225403143 -0.002162626123242612 -0.1887806249735166
5.676 0.07354786703562496 0.2290723429175675 0.07570896957776339 0.4177864664433789 -0.002161102542138431 -0.1887141235258113
5.678 0.07342514532275769 0.2278533747443084 0.07558472589321065 0.4165010436524917 -0.002159580570452961 -0.1886476689081833
5.68 0.07335452651210281 0.2266252783025149 0.07551258671802312 0.415206539373705 -0.002158060205920309 -0.1885812610711901
5.682 0.07333628261226816 0.2253901925297203 0.07549282405854672 0.4139050924951789 -0.002156541446278566 -0.1885148999654586
5.684 0.07337068198015065 0.2241502229136233 0.07552570626942046 0.412598808455309 -0.002155024289269805 -0.1884485855416857
5.686 0.07345799555764811 0.2229074548944753 0.07561150429028818 0.4112897726451125 -0.002153508732640066 -0.1883823177506371
5.688 0.07359850131774349 0.2216639676995381 0.07575049609188285 0.409980064242686 -0.002151994774139349 -0.1883160965431479
5.69 0.07379248694712208 0.220421848524871 0.07594296935864368 0.4086717703949931 -0.002150482411521606 -0.1882499218701222
5.692 0.074040250774053 0.2191832069919331 0.07618922241659774 0.4073670006744662 -0.002148971642544739 -0.1881837936825331
5.694 0.0743421009303165 0.2179501898129703 0.07648956339528708 0.4060679017443931 -0.00214746246497058 -0.1881177119314227
5.696 0.07469835271497458 0.2167249956002934 0.07684430759153947 0.404776672168195 -0.002145954876564889 -0.1880516765679016
5.698 0.07510932410635716 0.2155098897503119 0.07725377298145451 0.4034955772934609 -0.002144448875097346 -0.1879856875431489
5.7 0.07557532934732983 0.2143072193229869 0.07771827380567138 0.4022269641313995 -0.002142944458341547 -0.1879197448084126
5.702 0.07609667050839228 0.2131194278212884 0.07823811213246726 0.400973276136297 -0.002141441624074984 -0.1878538483150086
5.704 0.0766736269139532 0.2119490697532042 0.07881356728403224 0.3997370677675256 -0.002139940370079048 -0.1877879980143214
5.706 0.07730644230035459 0.2107988248298623 0.07944488299449361 0.3985210186876655 -0.002138440694139013 -0.1877221938578032
5.708 0.07799530956062052 0.2096715116178462 0.08013225215466456 0.3973279474148208 -0.002136942594044035 -0.1876564357969746
5.71 0.0787403529220228 0.208570100420804 0.08087579898960995 0.396160824204228 -0.002135446067587138 -0.187590723783424
5.712 0.07954160739952927 0.2074977251154339 0.08167555851209449 0.3950227828842412 -0.00213395111256521 -0.1875250577688073
5.714 0.08039899537333503 0.2064576936090707 0.08253145310011402 0.393917131313919 -0.002132457726778989 -0.1874594377048484
5.716 0.08131230015378425 0.2054534965212299 0.08344326606181732 0.3928473600645682 -0.002130965908033064 -0.1873938635433383
5.718 0.08228113642457781 0.2044888136199544 0.08441061207871367 0.3918171488560903 -0.002129475654135858 -0.187328335236136
5.72 0.08330491749844959 0.2035675174665531 0.08543290446134921 0.3908303702017202 -0.002127986962899626 -0.1872628527351671
5.722 0.08438281938128271 0.2026936736413948 0.08650931921342316 0.3898910896338196 -0.002126499832140443 -0.1871974159924248
5.724 0.08551374172423964 0.2018715368415842 0.08763875598391785 0.3890035618015537 -0.002125014259678199 -0.1871320249599694
5.726 0.08669626585275376 0.2011055420619566 0.08881979609609035 0.3881722216518845 -0.00212353024333659 -0.1870666795899279
5.728 0.08792861019892194 0.2004002899994758 0.09005065797986504 0.38740166983397 -0.002122047780943109 -0.1870013798344942
5.73 0.08920858363263276 0.1997605257642778 0.0913291505029618 0.3866966514102067 -0.002120566870329037 -0.1869361256459289
5.732 0.09053353738879898 0.1991911099462599 0.09265262489812842 0.3860620269228192 -0.002119087509329441 -0.1868709169765593
5.734 0.0919003165230526 0.1986969810846888 0.09401792621883576 0.3855027348634676 -0.002117609695783158 -0.1868057537787789
5.736 0.09330521209394571 0.1982831086310626 0.0954213455214785 0.3850237446361105 -0.002116133427532795 -0.1867406360050479
5.738 0.09474391556158318 0.1979544355953156 0.09685857426400789 0.384629999203208 -0.002114658702424713 -0.1866755636078924
5.74 0.09621147720096307 0.1977158102360763 0.09832466271927209 0.3843263467759812 -0.002113185518309027 -0.1866105365399049
5.742 0.09770227063930229 0.1975719064103593 0.09981398451234189 0.3841174611641031 -0.002111713873039593 -0.1865455547537438
5.744 0.09920996592169649 0.1975271325484527 0.1013202096861705 0.3840077507505859 -0.002110243764474001 -0.1864806182021332
5.746 0.1007275137629186 0.1975855296742829 0.1028362889533922 0.3840012565121463 -0.002108775190473568 -0.1864157268378634
5.748 0.1022471438243545 0.1977506594528138 0.1043544519732578 0.3841015400666039 -0.002107308148903332 -0.1863508806137901
5.75 0.1037603799291933 0.1980254839086637 0.1058662225668254 0.3843115633914981 -0.002105842637632041 -0.1862860794828344
5.752 0.1052580750571544 0.198412239208082 0.1073624537116865 0.3846335626060653 -0.002104378654532147 -0.1862213233979833
5.754 0.1067304687038225 0.19891230670035 0.1088333849013023 0.3850689190126385 -0.002102916197479798 -0.1861566123122885
5.756 0.1081672687160547 0.199526085231147 0.1102687239804095 0.3856180314100145 -0.002101455264354827 -0.1860919461788675
5.758 0.1095577589986656 0.2002528695107434 0.1116577548517064 0.3862801944616459 -0.002099995853040754 -0.1860273249509025
5.76 0.1108909335201055 0.2010907399721662 0.1129894714815303 0.3870534885538071 -0.002098537961424768 -0.1859627485816409
5.762 0.1121556558396032 0.202036470008027 0.1142527374270009 0.3879346870324219 -0.002097081587397721 -0.1858982170243949
5.764 0.1133408419741955 0.2030854566458537 0.1154364687030496 0.3889191868783951 -0.002095626728854127 -0.1858337302325414
5.766 0.1144356628906052 0.204231680533284 0.1165298362742973 0.390000968692806 -0.00209417338369215 -0.1857692881595221
5.768 0.1154297613437606 0.2054677004978651 0.1175224828935742 0.3911725912567081 -0.002092721549813591 -0.185704890758843
5.77 0.1163134763137865 0.206784686891022 0.1184047475389104 0.3924252248750967 -0.002091271225123892 -0.1856405379840747
5.772 0.117078067056228 0.2081724964318985 0.1191678894637601 0.3937487262207506 -0.002089822407532118 -0.1855762297888521
5.774 0.1177159279172131 0.2096197893918183 0.119804303012164 0.3951317555186926 -0.002088375094950958 -0.1855119661268743
5.776 0.1182207847010113 0.211114187809298 0.120307713986308 0.3965619347612024 -0.002086929285296708 -0.1854477469519044
5.778 0.1185878636033326 0.21264247114832 0.1206733485798219 0.3980260433660895 -0.002085484976489273 -0.1853835722177695
5.78 0.1188140245810365 0.2141908035908856 0.1208980667474887 0.3995102454692462 -0.002084042166452153 -0.1853194418783607
5.782 0.1188978524968053 0.215744985181782 0.1209804533499177 0.4010003410694146 -0.002082600853112439 -0.1852553558876326
5.784 0.118839701370273 0.2172907175027673 0.1209208624046738 0.402482031702371 -0.002081161034400803 -0.1851913141996037
5.786 0.118641689440085 0.2188138735955877 0.1207214121483365 0.4039411903639437 -0.002079722708251493 -0.185127316768356
5.788 0.1183076453043355 0.2203007615736696 0.1203859311769379 0.4053641251217043 -0.002078285872602325 -0.1850633635480347
5.79 0.1178430079471591 0.2217383717891341 0.1199198584725537 0.4067378262819827 -0.002076850525394674 -0.1849994544928486
5.792 0.1172546857669591 0.2231145985127689 0.1193301024315326 0.4080501880698384 -0.002075416664573467 -0.1849355895570695
5.794 0.1165508816144979 0.2244184287302782 0.1186248659025851 0.4092901974253108 -0.002073984288087179 -0.1848717686950326
5.796 0.1157408921936252 0.2256400926996763 0.117813445587513 0.4104480845608118 -0.00207255339388782 -0.1848079918611355
5.798 0.1148348909011986 0.2267711731651533 0.1169060148811295 0.4115154321749927 -0.002071123979930935 -0.1847442590098394
5.8 0.1138437032788604 0.2278046723881277 0.115913399323036 0.4124852424837954 -0.002069696044175587 -0.1846805700956677
5.802 0.1127785837706368 0.228735038260932 0.1148468533552211 0.4133519633341389 -0.002068269584584359 -0.1846169250732069
5.804 0.1116510015261325 0.2295581525718619 0.1137178461252559 0.4141114764689675 -0.00206684459912334 -0.1845533238971056
5.806 0.1104724416898347 0.2302712858956818 0.1125378627755968 0.4147610524177572 -0.002065421085762125 -0.1844897665220754
5.808 0.1092542271143102 0.2308730245448642 0.111318226156784 0.415299277447754 -0.0020639990424738 -0.1844262529028897
5.81 0.1080073638661624 0.2313631755325658 0.1100699423333974 0.4157259585269503 -0.002062578467234939 -0.1843627829943845
5.812 0.106742412377384 0.2317426556059206 0.1088035717354095 0.4160420123573784 -0.002061159358025594 -0.1842993567514578
5.814 0.1054693847244445 0.2320133701710308 0.1075291264372738 0.4162493443001004 -0.002059741712829295 -0.1842359741290695
5.816 0.1041976673561963 0.2321780874284171 0.1062559928858293 0.4163507225106589 -0.002058325529633032 -0.1841726350822418
5.818 0.1029359676726243 0.2322403123533075 0.1049928784790516 0.4163496519193657 -0.002056910806427257 -0.1841093395660582
5.82 0.1016922821880492 0.2322041643681916 0.103747779729255 0.4162502519038558 -0.002055497541205872 -0.1840460875356642
5.822 0.1004738835818938 0.2320742617348867 0.1025279693138601 0.4160571406811537 -0.002054085731966224 -0.183982878946267
5.824 0.09928732372033912 0.2318556148952687 0.1013399990970482 0.4157753286484037 -0.002052675376709096 -0.183919713753135
5.826 0.09813844968845586 0.2315535302542076 0.1001897161618946 0.4154101221658058 -0.002051266473438702 -0.1838565919115981
5.828 0.09703242996591757 0.2311735252512443 0.09908228898608025 0.4149670386282919 -0.002049859020162679 -0.1837935133770476
5.83 0.09597378807208765 0.2307212550226057 0.09802224108697973 0.4144517331275416 -0.002048453014892081 -0.1837304781049359
5.832 0.09496644126394588 0.2302024505154957 0.09701348971958725 0.413869936566272 -0.002047048455641368 -0.1836674860507763
5.834 0.09401374216371654 0.2296228675780509 0.09605938750414494 0.4132274047481943 -0.002045645340428406 -0.1836045371701434
5.836 0.09311852149792602 0.2289882463012259 0.09516276516520046 0.4125298777198982 -0.002044243667274451 -0.1835416314186722
5.838 0.09228313042874381 0.2283042797207676 0.09432597386294796 0.4117830484728267 -0.002042843434204152 -0.1834787687520591
5.84 0.09150948123934537 0.2275765908846716 0.0935509258785909 0.410992540010732 -0.002041444639245536 -0.1834159491260605
5.842 0.09079908538942442 0.2268107172399824 0.09283913266985443 0.4101638897364761 -0.002040047280430005 -0.1833531724964937
5.844 0.09015308818147422 0.2260121012797038 0.09219173953726655 0.4093025400989402 -0.002038651355792329 -0.1832904388192364
5.846 0.08957229947206925 0.2251860864045165 0.09160955633543989 0.4084138344547432 -0.002037256863370635 -0.1832277480502267
5.848 0.08905722002610582 0.2243379169846936 0.09109308382731222 0.4075030171301562 -0.002035863801206408 -0.1831651001454627
5.85 0.08860806324917912 0.2234727416472981 0.0906425354165236 0.4065752367083009 -0.002034472167344476 -0.1831024950610029
5.852 0.0882247721480192 0.2225956188562139 0.09025785410785221 0.4056355516091795 -0.002033081959833009 -0.1830399327529657
5.854 0.08790703146553712 0.221711523892757 0.08993872464226063 0.4046889370702864 -0.002031693176723507 -0.1829774131775294
5.856 0.08765427502109106 0.2208253563798658 0.08968458083716187 0.4037402926707981 -0.002030305816070799 -0.1829149362909323
5.858 0.08746568836299622 0.2199419475215074 0.08949460823892924 0.4027944495709797 -0.002028919875933031 -0.1828525020494723
5.86 0.0873402069142277 0.2190660662504094 0.08936774226859936 0.4018561766599162 -0.002027535354371663 -0.1827901104095068
5.862 0.08727650986864238 0.218202423492706 0.08930266211809385 0.4009301848201591 -0.002026152249451458 -0.1827277613274531
5.864 0.08727301017842395 0.2173556737700392 0.08929778073766444 0.4000211285298266 -0.002024770559240482 -0.1826654547597874
5.866 0.08732784106765744 0.2165304133709459 0.08935123134946753 0.3991336040339917 -0.002023390281810088 -0.1826031906630458
5.868 0.08743883961528214 0.2157311743392121 0.08946085103051706 0.3982721433330352 -0.002022011415234918 -0.1825409689938231
5.87 0.08760352807518579 0.2149624135529943 0.08962416203277868 0.3974412032617679 -0.002020633957592892 -0.1824787897087735
5.872 0.08781909374256751 0.2142284962116381 0.08983835164953272 0.3966451489762484 -0.002019257906965202 -0.1824166527646102
5.874 0.08808236833290527 0.2135336731155066 0.09010025159434157 0.3958882312336119 -0.002017883261436304 -0.1823545581181053
5.876 0.08838980800930769 0.2128820512263007 0.0904063180284016 0.3951745569523903 -0.002016510019093912 -0.1822925057260897
5.878 0.0887374753697219 0.2122775571398382 0.0907526135477509 0.3945080526852912 -0.002015138178028997 -0.182230495545453
5.88 0.08912102487794203 0.2117238932985453 0.0911347926142778 0.3938924208316886 -0.002013767736335767 -0.1821685275331433
5.882 0.08953569337857209 0.2112244870237815 0.09154809207068376 0.3933310886699489 -0.002012398692111677 -0.1821066016461675
5.884 0.08997629745981242 0.2107824327622852 0.09198732850326984 0.3928271506038759 -0.002011031043457409 -0.1820447178415906
5.886 0.09043723949916843 0.2104004283168713 0.09244690428764531 0.3923833043934077 -0.002009664788476871 -0.1819828760765364
5.888 0.09091252422358372 0.210080706263009 0.09292082414886091 0.3920017825711953 -0.002008299925277193 -0.1819210763081864
5.89 0.09139578751400076 0.2098249622271862 0.09340272396596948 0.3916842807209665 -0.002006936451968714 -0.1818593184937803
5.892 0.09188033896259702 0.2096342821987769 0.09388591332926199 0.3914318847893931 -0.002005574366664979 -0.1817976025906162
5.894 0.09235921933050305 0.2095090715340588 0.09436343299798579 0.3912450000901086 -0.002004213667482735 -0.1817359285560498
5.896 0.09282527354440591 0.2094489887499926 0.09482812789694783 0.3911232850974873 -0.002002854352541919 -0.1816742963474947
5.898 0.09327123921188997 0.2094528875503983 0.09527273563185562 0.3910655934728205 -0.002001496419965657 -0.1816127059224222
5.9 0.09368984984273791 0.2095187707279764 0.09568998971061816 0.3910699279663378 -0.002000139867880252 -0.1815511572383613
5.902 0.09407395106901105 0.2096437595933003 0.09607273576342623 0.3911334098461988 -0.001998784694415182 -0.1814896502528985
5.904 0.0944166272105441 0.2098240823540686 0.09641405810824719 0.3912522672777464 -0.001997430897703092 -0.1814281849236777
5.906 0.09471133460172236 0.2100550843763047 0.09670741307760215 0.391421845584705 -0.001996078475879786 -0.1813667612084003
5.908 0.09495203726015569 0.2103312624964726 0.09694676468723992 0.3916366415612972 -0.001994727427084224 -0.1813053790648246
5.91 0.09513333982350274 0.2106463245384793 0.09712671757296125 0.3918903629892457 -0.001993377749458514 -0.1812440384507664
5.912 0.09525061228915913 0.2109932739703381 0.09724264173030703 0.3921760132944365 -0.001992029441147901 -0.1811827393240984
5.914 0.09530010103032351 0.2113645182889086 0.09729078353062427 0.3924859999316588 -0.001990682500300772 -0.1811214816427502
5.916 0.09527902087277321 0.2117519983478557 0.09726835779784185 0.3928122637125641 -0.001989336925068635 -0.1810602653647084
5.918 0.09518562370769096 0.212147334557966 0.09717361642129708 0.3931464250059821 -0.001987992713606125 -0.1809990904480162
5.92 0.09501924015639196 0.2125419848066525 0.09700589002046295 0.3934799416574261 -0.001986649864070994 -0.1809379568507735
5.922 0.09478029212338641 0.2129274081674744 0.09676560049801051 0.3938042726986115 -0.001985308374624099 -0.1808768645311371
5.924 0.09447027557365312 0.2132952280774726 0.09645424381708252 0.3941110415247922 -0.001983968243429401 -0.1808158134473196
5.926 0.09409171442520393 0.2136373886898753 0.0960743438938579 0.3943921922474658 -0.001982629468653963 -0.1807548035575905
5.928 0.09364808792953618 0.213946298558968 0.09562937997800411 0.3946401333792436 -0.001981292048467934 -0.1806938348202756
5.93 0.09314373519987494 0.2142149566373629 0.09512369118091948 0.3948478638311195 -0.001979955981044549 -0.1806329071937565
5.932 0.09258374154237335 0.2144370566828638 0.09456236280693348 0.395009077319335 -0.001978621264560121 -0.1805720206364713
5.934 0.09197381188491993 0.2146070674765228 0.09395109978211397 0.3951182425834366 -0.001977287897194034 -0.1805111751069138
5.936 0.09132013685665047 0.2147202876289186 0.09329609273377922 0.3951706581925525 -0.00197595587712874 -0.1804503705636339
5.938 0.09062925696182134 0.2147728750851244 0.09260388216437108 0.3951624820503616 -0.001974625202549751 -0.1803896069652372
5.94 0.08990792986049134 0.2147618526326305 0.09188122573213697 0.3950907369030155 -0.001973295871645628 -0.180328884270385
5.942 0.08916300508577524 0.2146850916977775 0.09113497296838322 0.3949532941355719 -0.001971967882607983 -0.1802682024377944
5.944 0.08840130967602639 0.2145412774410521 0.09037195090965786 0.39474883886729 -0.001970641233631471 -0.1802075614262379
5.946 0.08762954726569769 0.2143298586149824 0.08959886318861146 0.3944768198095257 -0.001969315922913777 -0.1801469611945433
5.948 0.08685421223945733 0.2140509858411977 0.08882220418811294 0.3941373875427918 -0.001967991948655618 -0.1800864017015941
5.95 0.08608151967507983 0.2137054419261668 0.08804818898414056 0.3937313248324953 -0.001966669309060732 -0.1800258829063286
5.952 0.08531735102961263 0.2132945676119238 0.0872826990319485 0.3932599723796645 -0.001965348002335877 -0.1799654047677406
5.954 0.08456721489006015 0.2128201857984968 0.08653124291675098 0.3927251530433758 -0.001964028026690819 -0.1799049672448789
5.956 0.08383622162674413 0.2122845268285151 0.08579893100708245 0.3921290971253624 -0.001962709380338326 -0.1798445702968472
5.958 0.08312907045337264 0.2116901569371917 0.08509046251486681 0.3914743708199958 -0.00196139206149417 -0.1797842138828041
5.96 0.08245004720040945 0.2110399114804311 0.08441012326878657 0.3907638094423941 -0.001960076068377114 -0.179723897961963
5.962 0.08180303102892607 0.2103368340896399 0.08376179242813497 0.3900004565832319 -0.001958761399208904 -0.1796636224935921
5.964 0.08119150832762953 0.2095841224841077 0.08314895637984379 0.3891875099211214 -0.001957448052214268 -0.1796033874370138
5.966 0.08061859212329189 0.2087850813126922 0.08257472814891281 0.3883282740642978 -0.001956136025620912 -0.1795431927516056
5.968 0.08008704547214447 0.2079430821012766 0.08204187078980398 0.3874261204980756 -0.001954825317659506 -0.179483038396799
5.97 0.07959930746705074 0.2070615301505268 0.08155282339361443 0.3864844544826068 -0.001953515926563685 -0.17942292433208
5.972 0.07915752067659372 0.2061438380558725 0.08110972852716376 0.3855066885728613 -0.001952207850570039 -0.1793628505169888
5.974 0.07876355901466209 0.2051934054018254 0.0807144601025802 0.3844962223129452 -0.001950901087918109 -0.1793028169111198
5.976 0.07841905521319985 0.2042136041074755 0.08036865085005022 0.3834564275815968 -0.001949595636850382 -0.1792428234741213
5.978 0.07812542723025782 0.2032077688611506 0.0800737187258701 0.3823906390268464 -0.001948291495612283 -0.1791828701656958
5.98 0.07788390306658186 0.2021791920717187 0.07983089172903403 0.3813021490173182 -0.001946988662452168 -0.1791229569455994
5.982 0.07769554358454434 0.2011311227740934 0.07964123072016566 0.3801942065477358 -0.001945687135621323 -0.1790630837736424
5.984 0.07756126302336266 0.200066768950822 0.07950564993673662 0.3790700195605103 -0.001944386913373954 -0.1790032506096883
5.986 0.07748184698487839 0.1989893027647601 0.07942493497884558 0.3779327601784147 -0.001943087993967181 -0.1789434574136546
5.988 0.07745796772617777 0.1979018682346459 0.0793997581018388 0.3767855723801579 -0.001941790375661036 -0.178883704145512
5.99 0.07749019664123731 0.1968075909226653 0.07943069069795576 0.3756315816879504 -0.001940494056718452 -0.178823990765285
5.992 0.07757901384568179 0.1957095892378288 0.07951821288108706 0.37447390647088 -0.001939199035405262 -0.1787643172330512
5.994 0.07772481479903108 0.1946109869886393 0.07966272010902127 0.3733156704975807 -0.001937905309990189 -0.1787046835089414
5.996 0.07792791390995323 0.1935149268417175 0.07986452678869807 0.3721600163948572 -0.001936612878744843 -0.1786450895531397
5.998 0.07818854507425797 0.192424584358604 0.08012386681420169 0.3710101196844873 -0.001935321739943716 -0.1785855353258833
6 0.07850685909509944 0.191343182289563 0.08044089098696361 0.3698692030770251 -0.001934031891864173 -0.1785260207874622
6.002 0.07888291793230527 0.1902740048006226 0.08081566126509172 0.3687405506988421 -0.001932743332786449 -0.1784665458982195
6.004 0.07931668572525916 0.1892204112980693 0.08124814178625279 0.3676275219166202 -0.001931456060993639 -0.1784071106185509
6.006 0.07980801653374725 0.1881858494924939 0.08173818660851895 0.366533564401399 -0.0019301700747717 -0.1783477149089051
6.008 0.08035663874604924 0.1871738673129912 0.08228552411845869 0.3654622260427744 -0.001928885372409439 -0.1782883587297832
6.01 0.08096213611591395 0.1861881232415512 0.08288973806811245 0.3644171652832902 -0.001927601952198508 -0.178229042041739
6.012 0.08162392541281117 0.1852323945885932 0.08355024522524458 0.3634021593939717 -0.001926319812433401 -0.1781697648053785
6.014 0.08234123070592315 0.1843105831747061 0.08426626965733459 0.3624211101560667 -0.001925038951411446 -0.1781105269813606
6.016 0.08311305435467564 0.1834267178229128 0.08503681372210845 0.3614780463533085 -0.0019237593674328 -0.1780513285303958
6.018 0.08393814485079683 0.1825849530026429 0.08586062590959727 0.3605771224158901 -0.001922481058800444 -0.1779921694132473
6.02 0.08481496175174125 0.1817895629052234 0.08673616577556142 0.3597226124959536 -0.001921204023820177 -0.1779330495907302
6.022 0.08574163806573068 0.1810449301759098 0.08766156632653128 0.3589188991996215 -0.001919928260800608 -0.1778739690237117
6.024 0.08671594059718514 0.1803555284853633 0.0886345943652383 0.3581704561584743 -0.001918653768053157 -0.177814927673111
6.026 0.08773522893906675 0.1797258981019263 0.08965260948295879 0.3574818236018252 -0.00191738054389204 -0.177755925499899
6.028 0.08879641400528926 0.1791606136342569 0.09071252259192353 0.3568575760993553 -0.001916108586634273 -0.1776969624650983
6.03 0.08989591723005594 0.1786642431620824 0.0918107551246556 0.356302281691866 -0.001914837894599657 -0.1776380385297836
6.032 0.09102963181620644 0.178241298072861 0.09294320028231721 0.3558204517279417 -0.001913568466110784 -0.1775791536550807
6.034 0.09219288768268208 0.1778961730859118 0.0941051879821751 0.355416480888079 -0.001912300299493018 -0.1775203078021673
6.036 0.09338042202950829 0.1776330761845672 0.09529145542258279 0.3550945771168393 -0.001911033393074501 -0.1774615009322721
6.038 0.09458635768901026 0.1774559485011529 0.0964961254341964 0.3548586815078285 -0.00190976774518614 -0.1774027330066756
6.04 0.09580419164141567 0.1773683746156157 0.09771269499557728 0.3547123786023249 -0.001908503354161606 -0.1773440039867092
6.042 0.09702679621425593 0.1773734842375604 0.09893403643259326 0.3546587980713161 -0.001907240218337326 -0.1772853138337558
6.044 0.0982464355259914 0.1774738468370863 0.1001524138620439 0.3547005093463353 -0.001905978336052479 -0.177226662509249
6.046 0.09945479964114384 0.177671361455938 0.1013595173467928 0.3548394114306117 -0.001904717705648989 -0.1771680499746737
6.048 0.1006430586445097 0.1779671446392827 0.1025465169699812 0.3550766208308483 -0.001903458325471522 -0.1771094761915656
6.05 0.1018019383865717 0.178361420139256 0.1037041385804392 0.3554123612607672 -0.001902200193867476 -0.1770509411215112
6.052 0.1029218189821086 0.1788534147003656 0.1048227622912955 0.3558458594265135 -0.001900943309186982 -0.1769924447261479
6.054 0.1039928562551591 0.1794412647796783 0.1058925439249419 0.3563752517468418 -0.001899687669782893 -0.1769339869671636
6.056 0.1050051252307629 0.1801219394091257 0.1069035585047737 0.3569975072154225 -0.001898433274010781 -0.1768755678062968
6.058 0.1059487835173777 0.1808911845010617 0.1078459636376066 0.3577083717063983 -0.001897180120228934 -0.1768171872053366
6.06 0.1068142510688642 0.1817434936657829 0.1087101792756625 0.3585023387919054 -0.001895928206798344 -0.1767588451261225
6.062 0.1075924014531911 0.1826721100039505 0.1094870789852738 0.3593726515344947 -0.001894677532082707 -0.1767005415305442
6.064 0.108274758497806 0.1836690623373191 0.1101681865922544 0.3603113387178608 -0.001893428094448419 -0.1766422763805417
6.066 0.1088536911522928 0.1847252379639997 0.1107458710445574 0.3613092876021051 -0.001892179892264565 -0.1765840496381053
6.068 0.1093225987296222 0.1858304923283417 0.1112135316535251 0.362356353593617 -0.001890932923902916 -0.1765258612652753
6.07 0.10967607846272 0.1869737940802988 0.1115657656504579 0.3634415053044406 -0.001889687187737928 -0.1764677112241419
6.072 0.1099100676157358 0.1881434020022585 0.1117985102978826 0.3645530014791039 -0.00188844268214673 -0.1764095994768453
6.074 0.11002195324564 0.1893270683652021 0.1119091526511491 0.3656785943507777 -0.001887199405509123 -0.1763515259855756
6.076 0.1100106440903791 0.190512261609817 0.1118966014465866 0.3668057523223895 -0.001885957356207573 -0.1762934907125725
6.078 0.1098766008793321 0.1916863999884871 0.1117613174119593 0.3679218936086127 -0.001884716532627207 -0.1762354936201256
6.08 0.109621823484576 0.1928370870747149 0.1115053004177318 0.3690146217452888 -0.001883476933155806 -0.1761775346705738
6.082 0.1092497955856369 0.1939523399203437 0.1111320341418207 0.3700719537466496 -0.001882238556183802 -0.1761196138263058
6.084 0.1087653897186979 0.1950208011304827 0.1106463911188022 0.3710825321802423 -0.001881001400104269 -0.1760617310497596
6.086 0.1081747375427866 0.1960319271826436 0.1100545030060996 0.372035813486066 -0.001879765463312924 -0.1760038863034224
6.088 0.1074850717278318 0.1969761468348794 0.1093636024720399 0.3729222263847103 -0.001878530744208116 -0.1759460795498309
6.09 0.1067045469456559 0.1978449853021325 0.1085818441868467 0.3737332960537034 -0.001877297241190823 -0.1758883107515709
6.092 0.1058420479725 0.1986311518644865 0.1077181129251646 0.3744617317357637 -0.001876064952664646 -0.1758305798712773
6.094 0.1049069928950584 0.1993285905373725 0.1067818267720942 0.3751014774090064 -0.001874833877035806 -0.1757728868716339
6.096 0.1039091389066399 0.1999324952330271 0.105782742919353 0.3756477269484007 -0.001873604012713138 -0.1757152317153736
6.098 0.1028583972790454 0.2004392923585962 0.1047307726371535 0.3760969067238745 -0.001872375358108083 -0.1756576143652783
6.1 0.101764662916373 0.2008465949532272 0.1036358108280077 0.3764466297374056 -0.001871147911634688 -0.1756000347841784
6.102 0.100637662563933 0.2011531332313693 0.1025075842356426 0.3766956261663222 -0.001869921671709594 -0.175542492934953
6.104 0.09948682437577928 0.2013586667791214 0.1013555210125313 0.3768436555596514 -0.00186869663675204 -0.17548498878053
6.106 0.09832117023898608 0.2014638836818569 0.1001886430441699 0.3768914059657428 -0.001867472805183849 -0.1754275222838859
6.108 0.09714923108827367 0.2014702916040348 0.0990154812637031 0.3768403850120802 -0.001866250175429428 -0.1753700934080454
6.11 0.09597898447031199 0.2013801053669469 0.09784401321622775 0.3766928074830286 -0.001865028745915763 -0.1753127021160817
6.112 0.09481781285853567 0.2011961349498987 0.09668162137360808 0.3764514833210152 -0.001863808515072411 -0.1752553483711165
6.114 0.0936724806795922 0.2009216771433898 0.0955350701609237 0.3761197092797093 -0.001862589481331496 -0.1751980321363195
6.116 0.09254912767724539 0.200560413367672 0.0944104993203731 0.3757011667425806 -0.001861371643127707 -0.1751407533749086
6.118 0.09145327608395978 0.2001163154826541 0.09331343108285807 0.3751998275328037 -0.001860154998898288 -0.1750835120501497
6.12 0.09038984906286739 0.1995935607885757 0.09224878860995042 0.3746198689139326 -0.001858939547083038 -0.1750263081253568
6.122 0.08936319798873532 0.1989964568718793 0.09122092327485962 0.3739655984357712 -0.001857725286124302 -0.1749691415638919
6.124 0.08837713632389693 0.1983293764972806 0.09023364853836389 0.3732413888264452 -0.001856512214466966 -0.1749120123291646
6.126 0.08743497808428115 0.1975967023870026 0.08929027841483961 0.372451622771635 -0.001855300330558456 -0.1748549203846324
6.128 0.08653957915619571 0.1968027814566023 0.08839366878904445 0.3716006471504027 -0.001854089632848731 -0.1747978656938004
6.13 0.08569337999718175 0.1959518878853048 0.08754626011697203 0.3706927361055263 -0.001852880119790277 -0.1747408482202215
6.132 0.08489844851908794 0.1950481942763502 0.08675012030892604 0.3697320622038461 -0.001851671789838101 -0.1746838679274959
6.134 0.08415652219761832 0.1940957500973413 0.08600698683906804 0.3687226748766125 -0.001850464641449728 -0.1746269247792712
6.136 0.08346904867414021 0.1930984665705353 0.08531830734722541 0.3676684853097781 -0.001849258673085198 -0.1745700187392427
6.138 0.08283722430889921 0.1920601071976566 0.08468527819210628 0.3665732569688094 -0.001848053883207059 -0.1745131497711528
6.14 0.08226203030868436 0.1909842831431182 0.08410888057896472 0.3654406009819091 -0.00184685027028036 -0.1744563178387909
6.142 0.08174426618749399 0.1898744527557724 0.08358991402026664 0.3642739756617662 -0.001845647832772647 -0.1743995229059938
6.144 0.08128458042774754 0.1887339245758702 0.0831290269969015 0.3630766895125156 -0.001844446569153963 -0.1743427649366454
6.146 0.08088349829418569 0.187565863245029 0.08272674477208253 0.3618519071397053 -0.001843246477896838 -0.1742860438946764
6.148 0.08054144681615538 0.186373297809206 0.08238349437363167 0.3606026575532704 -0.001842047557476283 -0.1742293597440644
6.15 0.08025877699931024 0.1851591319749679 0.08209962680568003 0.3593318444238021 -0.001840849806369792 -0.1741727124488341
6.152 0.08003578335747022 0.1839261559452098 0.08187543658052755 0.3580422579182665 -0.00183965322305733 -0.1741161019730568
6.154 0.07987272087247471 0.1826770595210734 0.08171117867849605 0.3567365878019237 -0.001838457806021331 -0.1740595282808503
6.156 0.07976981949650308 0.18141444621133 0.08160708305024977 0.3554174375477093 -0.001837263553746695 -0.1740029913363793
6.158 0.07972729630950093 0.1801408481379571 0.08156336677422171 0.3540873392418118 -0.001836070464720779 -0.1739464911038547
6.16 0.07974536543599167 0.1788587415675077 0.08158024397342507 0.352748769115042 -0.001834878537433397 -0.1738900275475343
6.162 0.07982424581195412 0.1775705629321456 0.08165793358233094 0.3514041635638674 -0.001833687770376812 -0.1738336006317218
6.164 0.07996416687489614 0.1762787252314632 0.08179666503694187 0.3500559355522307 -0.001832498162045732 -0.1737772103207675
6.166 0.08016537222973742 0.174985634727231 0.08199668194067472 0.348706491306299 -0.001831309710937305 -0.173720856579068
6.168 0.08042812132042253 0.1736937078581056 0.08225824373597364 0.3473582472291712 -0.001830122415551114 -0.1736645393710657
6.17 0.08075268911303141 0.1724053883096784 0.08258162538742059 0.3460136469709278 -0.001828936274389175 -0.1736082586612494
6.172 0.08113936377115011 0.1711231641776884 0.08296711505710604 0.3446751785918422 -0.001827751285955929 -0.1735520144141538
6.174 0.08158844227886616 0.1698495851586949 0.0834150097276244 0.3433453917530543 -0.001826567448758238 -0.1734958065943594
6.176 0.08210022394169195 0.1685872796923424 0.08392560870299733 0.3420269148588351 -0.00182538476130538 -0.1734396351664928
6.178 0.08267500167149087 0.1673389719629146 0.08449920489359992 0.3407224720581408 -0.001824203222109048 -0.1733835000952262
6.18 0.08331305093869722 0.1661074986449371 0.08513607376838056 0.3394348999902145 -0.001823022829683339 -0.1733274013452775
6.182 0.08401461625490619 0.1648958252470651 0.08583645983745095 0.3381671641284754 -0.001821843582544755 -0.1732713388814104
6.184 0.08477989503205192 0.1637070618709061 0.08660056051126412 0.33692237453934 -0.001820665479212193 -0.1732153126684339
6.186 0.08560901865218816 0.1625444781559978 0.0874285071703951 0.3357038008272006 -0.001819488518206949 -0.1731593226712028
6.188 0.08650203057608194 0.1614115171285 0.08832034327413464 0.3345148859831171 -0.001818312698052701 -0.1731033688546171
6.19 0.08745886132123411 0.1603118076093404 0.08927599933850962 0.3333592587929626 -0.001817138017275515 -0.1730474511836222
6.192 0.08847930015258473 0.1592491747678294 0.09029526462698857 0.332240744391038 -0.001815964474403837 -0.1729915696232086
6.194 0.08956296335522894 0.1582276483291817 0.09137775542319743 0.3311633724675941 -0.001814792067968486 -0.1729357241384124
6.196 0.09070925900050954 0.1572514678603699 0.09252287979701219 0.3301313825546842 -0.001813620796502652 -0.1728799146943143
6.198 0.09191734817842337 0.1563250844699911 0.09372979883696526 0.3291492257260316 -0.001812450658541889 -0.1728241412560405
6.2 0.09318610275416297 0.1554531581667765 0.09499738440678709 0.3282215619555384 -0.001811281652624117 -0.1727684037887619
6.202 0.09451405981852197 0.1546405500319697 0.09632417359581158 0.3273532522896641 -0.001810113777289606 -0.1727127022576943
6.204 0.09589937314411801 0.1538923082784193 0.09770832017519898 0.3265493449065179 -0.001808947031080982 -0.1726570366280986
6.206 0.0973397621358144 0.1532136472002402 0.09914754354835761 0.3258150540655204 -0.001807781412543218 -0.1726014068652802
6.208 0.09883245897585216 0.1526099179702864 0.1006390758960758 0.3251557309048756 -0.00180661692022363 -0.1725458129345892
6.21 0.1003741549134679 0.1520865702286459 0.1021796084661398 0.3245768250300663 -0.001805453552671872 -0.1724902548014204
6.212 0.1019609469328305 0.1516491034364346 0.1037652382412704 0.3240838358676477 -0.001804291308439931 -0.1724347324312131
6.214 0.103588286348395 0.151303007058895 0.1053914165344771 0.323682252848346 -0.001803130186082124 -0.172379245789451
6.216 0.1052509312137751 0.1510536888053737 0.1070529013979302 0.3233774836470362 -0.001801970184155094 -0.1723237948416625
6.218 0.1069429047754344 0.1509063904059615 0.1087437160766522 0.3231747699593814 -0.001800811301217802 -0.1722683795534199
6.22 0.1086574625371067 0.1508660907591455 0.1104571160729382 0.3230790906494855 -0.001799653535831528 -0.17221299989034
6.222 0.1103870707984903 0.1509373967523588 0.1121855676850502 0.3230950525704426 -0.00179849688655986 -0.1721576558180838
6.224 0.1121233997602365 0.1511244226429566 0.1139207411122052 0.323226769945313 -0.001797341351968697 -0.1721023473023564
6.226 0.1138573344095735 0.1514306595878918 0.1156535213401998 0.3234777338967985 -0.001796186930626235 -0.1720470743089068
6.228 0.1155790063745996 0.1518588377122777 0.1173740399957026 0.3238506745158057 -0.001795033621102974 -0.171991836803528
6.23 0.117277849717487 0.1524107839823562 0.1190717311394587 0.3243474187344134 -0.001793881421971704 -0.1719366347520571
6.232 0.1189426831888969 0.1530872800538555 0.1207354135207044 0.3249687481742304 -0.001792730331807505 -0.1718814681203749
6.234 0.1205618207561384 0.1538879251424116 0.1223534011053262 0.3257142620168176 -0.001791580349187743 -0.171826336874406
6.236 0.1221232112303842 0.1548110097330245 0.1239136427030762 0.3265822507131431 -0.001790431472692064 -0.1717712409801186
6.238 0.1236146065608618 0.1558534065236853 0.1254038902617642 0.3275695869272097 -0.001789283700902386 -0.1717161804035244
6.24 0.1250237568697799 0.1570104852914859 0.1268118939021828 0.3286716404021651 -0.001788137032402907 -0.1716611551106791
6.242 0.126338628637853 0.1582760582890352 0.1281256201036331 0.3298822233567167 -0.001786991465780087 -0.1716061650676816
6.244 0.1275476407170189 0.1596423622525998 0.1293334877166416 0.3311935724932739 -0.001785846999622648 -0.171551210240674
6.246 0.1286399111733545 0.1611000820864596 0.130424614805876 0.3325963726823017 -0.001784703632521572 -0.1714962905958422
6.248 0.129605506499614 0.1626384197769825 0.1313890678626841 0.3340798258763975 -0.001783561363070098 -0.1714414060994149
6.25 0.1304356836412578 0.1642452101325452 0.1322181038311215 0.3356317668502096 -0.00178242018986371 -0.1713865567176645
6.252 0.1311231146973636 0.165907082641794 0.1329043948088637 0.3372388250587 -0.001781280111500143 -0.171331742416906
6.254 0.1316620842031523 0.1676096662449969 0.1334422253297317 0.338886629408495 -0.001780141126579369 -0.171276963163498
6.256 0.1320486496380808 0.1693378313137905 0.1338276528717844 0.3405600502376321 -0.001779003233703597 -0.1712222189238416
6.258 0.1322807572307133 0.1710759608457659 0.1340586236621906 0.3422434705101471 -0.001777866431477274 -0.1711675096643813
6.26 0.1323583071760131 0.1728082410111796 0.1341350378945201 0.3439210763627836 -0.001776730718507071 -0.171112835351604
6.262 0.1322831649002026 0.1745189599206683 0.1340587609936045 0.345577155872708 -0.001775596093401882 -0.1710581959520398
6.264 0.1320591178054366 0.1761928029401322 0.1338335803602095 0.3471963943723934 -0.001774462554772825 -0.1710035914322612
6.266 0.1316917797705597 0.1778151331170874 0.1334651098717929 0.3487641548759708 -0.001773330101233231 -0.1709490217588835
6.268 0.1311884483388333 0.1793722462783749 0.1329606470702319 0.3502667331769395 -0.001772198731398644 -0.1708944868985647
6.27 0.1305579217750228 0.1808515920117275 0.1323289902189096 0.3516915788297325 -0.001771068443886815 -0.170839986818005
6.272 0.1298102848568479 0.1822419538919799 0.1315802240941656 0.3530274753759274 -0.001769939237317695 -0.1707855214839475
6.274 0.1289566732779469 0.1835335847566653 0.1307254843882603 0.3542646756198425 -0.001768811110313439 -0.1707310908631772
6.276 0.1280090268519626 0.1847182953598703 0.1297767109134609 0.3553949902823921 -0.001767684061498393 -0.1706766949225218
6.278 0.1269798413597924 0.1857894971348479 0.1287463994492915 0.3564118307636989 -0.001766558089499095 -0.170622333628851
6.28 0.1258819279704891 0.1867422019063412 0.1276473611634333 0.357310208855418 -0.001765433192944267 -0.1705680069490769
6.282 0.124728187827076 0.187572983089954 0.1264924971975408 0.3580866979401074 -0.001764309370464816 -0.1705137148501534
6.284 0.1235314077767954 0.1882799041304845 0.1252945943974892 0.3587393614295613 -0.001763186620693825 -0.1704594572990769
6.286 0.1223040814955083 0.1888624206487522 0.1240661464377749 0.3592676549116375 -0.001762064942266552 -0.1704052342628853
6.288 0.1210582585477597 0.1893212630158374 0.1228192028815801 0.3596723087244961 -0.001760944333820422 -0.1703510457086587
6.29 0.1198054223496845 0.1896583059180369 0.1215652471436795 0.3599551975215559 -0.00175982479399503 -0.170296891603519
6.292 0.118556396640788 0.1898764309993607 0.1203151029622201 0.3601192029139906 -0.001758706321432127 -0.1702427719146299
6.294 0.1173212789699024 0.189979387962631 0.119078867884678 0.3601680745718276 -0.001757588914775625 -0.1701886866091967
6.296 0.116109398877229 0.1899716586656488 0.1178658714499006 0.3601062943201152 -0.001756472572671588 -0.1701346356544664
6.298 0.1149292978997032 0.1898583278460692 0.1166846551934714 0.3599389468637969 -0.001755357293768228 -0.1700806190177277
6.3 0.1137887282160976 0.1896449632133224 0.1155429712928135 0.3596715998796331 -0.001754243076715905 -0.1700266366663107
6.302 0.1126946666442615 0.189337506808232 0.1144477965644286 0.359310195375819 -0.001753129920167115 -0.169972688567587
6.304 0.1116533407630887 0.1889421787842116 0.1134053585858652 0.358860953473181 -0.001752017822776493 -0.1699187746889695
6.306 0.1106702641143563 0.1884653941268862 0.1124211708975571 0.3583302891247987 -0.001750906783200811 -0.1698648949979125
6.308 0.1097502777042988 0.1879136923085175 0.1115000745043978 0.357724741770429 -0.001749796800098961 -0.1698110494619115
6.31 0.1088975953377703 0.1872936794670578 0.1106462832099023 0.3570509175155611 -0.001748687872131967 -0.1697572380485033
6.312 0.1081158506503044 0.1866119823978588 0.1098634306482674 0.3563154431231244 -0.00174757999796297 -0.1697034607252656
6.314 0.1074081440341973 0.1858752134360158 0.1091546172104545 0.3555249308958332 -0.001746473176257227 -0.1696497174598174
6.316 0.1067770879680515 0.1850899451739573 0.1085224553737336 0.354685953393776 -0.001745367405682111 -0.1695960082198187
6.318 0.1062248495447048 0.1842626938864287 0.1079691122296119 0.3538050268593988 -0.0017442626849071 -0.1695423329729701
6.32 0.1057531892448299 0.1833999105088719 0.1074963482574337 0.3528886021958853 -0.001743159012603777 -0.1694886916870134
6.322 0.1053634952205535 0.1825079780217912 0.1071055516079994 0.3519430623515223 -0.001742056387445828 -0.1694350843297311
6.324 0.1050568125357748 0.1815932141210382 0.1067977673438839 0.3509747249899846 -0.001740954808109031 -0.1693815108689464
6.326 0.1048338669605134 0.1806618780925092 0.1065737212337847 0.3499898493650324 -0.001739854273271262 -0.1693279712725232
6.328 0.1046950830395272 0.1797201808514493 0.1064338378211397 0.3489946463598151 -0.001738754781612481 -0.1692744655083659
6.33 0.1046405962556647 0.178774297145077 0.1063782525874794 0.3479952906894966 -0.001737656331814735 -0.1692209935444196
6.332 0.1046702591916359 0.1778303789482824 0.106406818114198 0.3469979342969522 -0.001736558922562151 -0.1691675553486699
6.334 0.104783641666082 0.1768945691028268 0.1065191042186229 0.3460087199919694 -0.001735462552540933 -0.1691141508891426
6.336 0.1049800248869029 0.1759730142588729 0.1067143921073423 0.3450337943927768 -0.001734367220439356 -0.169060780133904
6.338 0.1052583897331138 0.1750718761738019 0.1069916626580615 0.3440793192248626 -0.001733272924947766 -0.1690074430510607
6.34 0.1056173993518599 0.1741973404084713 0.1073495790166184 0.3431514800172308 -0.001732179664758575 -0.1689541396087594
6.342 0.1060553763456763 0.1733556214371076 0.1077864637842426 0.3422564912122948 -0.001731087438566252 -0.1689008697751872
6.344 0.1065702749320402 0.1725529631583616 0.1083002711771075 0.3414005966769326 -0.001729996245067326 -0.168847633518571
6.346 0.1071596485877492 0.1717956337669265 0.1088885546707096 0.3405900645741045 -0.00172890608296038 -0.168794430807178
6.348 0.1078206138489289 0.1710899139242391 0.1095484307998749 0.3398311755335543 -0.001727816950946044 -0.1687412616093152
6.35 0.1085498111264561 0.1704420771622069 0.1102765399741831 0.3391302030555363 -0.001726728847726995 -0.1686881258933294
6.352 0.1093433636173093 0.1698583614761513 0.1110690053893172 0.3384933851037589 -0.001725641772007949 -0.1686350236276076
6.354 0.1101968356439307 0.169344931123928 0.1119213913664263 0.3379268859045043 -0.001724555722495666 -0.1685819547805763
6.356 0.1111051920315744 0.1689078277613049 0.1128286627294733 0.3374367470820067 -0.001723470697898933 -0.1685289193207018
6.358 0.1120627604292541 0.1685529102232212 0.1137851471261826 0.3370288274397113 -0.001722386696928571 -0.1684759172164901
6.36 0.1130631987806133 0.1682857825202325 0.1147845024989107 0.3367087309567192 -0.001721303718297426 -0.1684229484364866
6.362 0.1140994704379568 0.1681117099719804 0.1158196921986772 0.3364817229212569 -0.001720221760720367 -0.1683700129492765
6.364 0.1151638296609407 0.1680355238540549 0.116882970483855 0.3363526345775393 -0.001719140822914281 -0.1683171107234844
6.366 0.1162478204216123 0.1680615154945379 0.1179658813252103 0.3363257572223121 -0.001718060903598071 -0.1682642417277742
6.368 0.1173422915137092 0.1681933214179056 0.1190592735152019 0.3364047273487547 -0.001716982001492649 -0.1682114059308491
6.37 0.1184374308980863 0.1684338018816777 0.1201533350134072 0.3365924051831296 -0.001715904115320938 -0.1681586033014519
6.372 0.1195228219697599 0.1687849159575766 0.1212376492135678 0.3368907497659409 -0.001714827243807859 -0.1681058338083642
6.374 0.1205875239701036 0.1692475971317211 0.1223012753557839 0.3373006945521282 -0.001713751385680336 -0.1680530974204071
6.376 0.1216201780645269 0.1698216341799066 0.1233328546041942 0.3378220282863472 -0.00171267653966729 -0.1680003941064407
6.378 0.1226091396516043 0.1705055627437546 0.1243207423561039 0.3384532865791186 -0.001711602704499633 -0.167947723835364
6.38 0.1235426362741792 0.1712965735106474 0.1252531661530895 0.3391916600867626 -0.001710529878910265 -0.1678950865761152
6.382 0.1244089491035955 0.1721904431007588 0.1261184071652296 0.3400329253984301 -0.00170945806163407 -0.1678424822976713
6.384 0.12519661443244 0.1731814936103127 0.1269050016838479 0.3409714045793607 -0.001708387251407914 -0.167789910969048
6.386 0.1258946400351151 0.1742625861897764 0.1276019574820857 0.3419999587490766 -0.001707317446970641 -0.1677373725593002
6.388 0.1264927297617319 0.175425153015465 0.1281989784087949 0.3431100200529862 -0.001706248647063067 -0.1676848670375211
6.39 0.1269815084587137 0.1766592705500047 0.1286866893091417 0.3442916649228476 -0.00170518085042798 -0.1676323943728429
6.392 0.1273527384005422 0.1779537751332239 0.1290568524563523 0.3455337296676601 -0.00170411405581013 -0.1675799545344362
6.394 0.1275995179994658 0.1792964198023784 0.1293025662614221 0.3468239672938887 -0.001703048261956236 -0.1675275474915103
6.396 0.1277164537293472 0.1806740689565213 0.1294184371969622 0.3481492421698342 -0.001701983467614968 -0.1674751732133128
6.398 0.1276997970021478 0.1820729252334112 0.1294007166736847 0.3494957569025413 -0.001700919671536958 -0.1674228316691301
6.4 0.1275475391562594 0.1834787809531298 0.1292473960287342 0.3508493037814163 -0.001699856872474784 -0.1673705228282864
6.402 0.1272594596748582 0.1848772848877954 0.1289582547440412 0.3521955315479403 -0.001698795069182976 -0.1673182466601448
6.404 0.1268371251085394 0.1862542140952221 0.1285348593689574 0.3535202172293285 -0.001697734260418006 -0.1672660031341063
6.406 0.1262838387425261 0.1875957402080844 0.1279805131874644 0.3548095324276947 -0.001696674444938287 -0.1672137922196102
6.408 0.1256045436117641 0.1888886799348579 0.1273001592332683 0.3560502938209918 -0.001695615621504168 -0.167161613886134
6.41 0.1248056838149686 0.1901207205667229 0.1265002416038465 0.3572301886699159 -0.001694557788877932 -0.167109468103193
6.412 0.1238950310249444 0.1912806128921272 0.1255885319707682 0.3583379677324681 -0.001693500945823793 -0.1670573548403409
6.414 0.1228814844974943 0.1923583259429323 0.1245739295886022 0.3593636000101014 -0.001692445091107887 -0.167005274067169
6.416 0.1217748536669017 0.1933451602448647 0.1234662438904 0.3602983859981715 -0.001691390223498277 -0.1669532257533068
6.418 0.1205856325695173 0.1942338185263505 0.1222759689112822 0.3611350283947721 -0.001690336341764942 -0.1669012098684215
6.42 0.1193247749056893 0.1950184349752192 0.1210140583503691 0.3618676613574373 -0.001689283444679778 -0.1668492263822181
6.422 0.1180034776313743 0.1956945659757793 0.1196917091623909 0.3624918412402184 -0.00168823153101659 -0.1667972752644391
6.424 0.1166329796928546 0.1962591467090911 0.1183201602924057 0.3630045031939562 -0.001687180599551094 -0.1667453564848651
6.426 0.1152243810226505 0.1967104190060063 0.1169105116717114 0.3634038890193202 -0.001686130649060909 -0.1666934700133139
6.428 0.1137884853412978 0.1970478364001033 0.1154735670196234 0.3636894522197444 -0.001685081678325555 -0.1666416158196411
6.43 0.1123356687801081 0.1972719524705825 0.1140197024662346 0.3638617463443222 -0.001684033686126451 -0.1665897938737396
6.432 0.1108757749495475 0.1973842983557727 0.1125587616207944 0.3639223025013127 -0.001682986671246905 -0.16653800414554
6.434 0.1094180358933674 0.1973872548343903 0.1110999765258395 0.3638735014394002 -0.001681940632472123 -0.1664862466050099
6.436 0.1079710174263718 0.1972839236984262 0.109651912994961 0.3637184449205806 -0.001680895568589192 -0.1664345212221544
6.438 0.1065425866633071 0.1970780023589707 0.1082224381416942 0.3634608303259868 -0.001679851478387083 -0.166382827967016
6.44 0.1051398990972024 0.1967736648051095 0.1068187074578591 0.3631048316147836 -0.001678808360656649 -0.1663311668096741
6.442 0.1037694023518779 0.1963754512333315 0.1054471685660685 0.3626549889535771 -0.001677766214190618 -0.1662795377202455
6.444 0.1024368536797182 0.1958881679228461 0.1041135787175017 0.3621161085917301 -0.00167672503778359 -0.166227940668884
6.446 0.1011473483641173 0.195316798278331 0.1028230331943493 0.3614931739041112 -0.001675684830232037 -0.1661763756257802
6.448 0.0999053563779034 0.1946664254108366 0.1015800019682377 0.3607912679719986 -0.001674645590334294 -0.166124842561162
6.45 0.09871476490903008 0.1939421661840865 0.1003883722259206 0.3600155076293805 -0.001673607316890559 -0.166073341445294
6.452 0.09757892466302671 0.1931491163136981 0.09925149467172961 0.3591709885621758 -0.001672570008702891 -0.1660218722484777
6.454 0.09650069816377221 0.1922923058622221 0.09817223182834742 0.3582627408032736 -0.001671533664575202 -0.1659704349410516
6.456 0.09548250858096387 0.1913766643109705 0.09715300686427712 0.3572956938043609 -0.001670498283313256 -0.1659190294933905
6.458 0.09452638790137914 0.1904069942972042 0.09619585176510381 0.3562746501731103 -0.001669463863724667 -0.1658676558759062
6.46 0.09363402352265303 0.1893879530684006 0.09530245392727192 0.3552042671274476 -0.001668430404618894 -0.165816314059047
6.462 0.09280680257842758 0.1883240407117076 0.09447420048323482 0.3540890447250056 -0.001667397904807238 -0.165765004013298
6.464 0.09204585349995156 0.1872195942541641 0.09371221986305441 0.3529333199633445 -0.001666366363102836 -0.1657137257091805
6.466 0.091352084482291 0.1860787867884989 0.09301742026061166 0.3517412659057512 -0.001665335778320661 -0.1656624791172523
6.468 0.09072621865504789 0.1849056308520911 0.09239052480432541 0.3505168950601989 -0.001664306149277521 -0.1656112642081078
6.47 0.09016882586023775 0.1837039853660999 0.09183210333502979 0.3492640663184775 -0.001663277474792047 -0.1655600809523775
6.472 0.08968035101736488 0.1824775655231311 0.09134260077104957 0.3479864948438595 -0.001662249753684696 -0.1655089293207284
6.474 0.08926113911112167 0.1812299550915099 0.09092236209589942 0.3466877643753736 -0.001661222984777748 -0.1654578092838637
6.476 0.08891145687355689 0.1799646206789128 0.0905716540404522 0.3453713414914353 -0.0016601971668953 -0.1654067208125225
6.478 0.08863151125345393 0.178684927566551 0.0902906835523172 0.3440405914440314 -0.001659172298863265 -0.1653556638774804
6.48 0.08842146477383851 0.1773941567860597 0.09007961315334788 0.3426987952356085 -0.001658148379509362 -0.1653046384495488
6.482 0.08828144787625557 0.1760955231634432 0.08993857328391869 0.3413491676630184 -0.001657125407663126 -0.1652536444995751
6.484 0.08821156834022102 0.1747921940981489 0.08986767172237692 0.3399948760965918 -0.00165610338215589 -0.1652026819984429
6.486 0.0882119178497765 0.1734873088802896 0.08986700015159729 0.3386390597973611 -0.001655082301820791 -0.1651517509170715
6.488 0.08828257575796478 0.1721839983747585 0.08993663792345753 0.3372848496011744 -0.001654062165492762 -0.165100851226416
6.49 0.08842361007582224 0.1708854049180131 0.09007665304783077 0.3359353878154805 -0.001653042972008534 -0.1650499828974674
6.492 0.08863507568628247 0.1695947022816367 0.09028710040648909 0.3345938481828891 -0.001652024720206625 -0.1649991459012524
6.494 0.08891700975646918 0.168315115555962 0.09056801716539653 0.3332634557647953 -0.001651007408927344 -0.1649483402088334
6.496 0.08926942429530564 0.1670499407974312 0.09091941533231843 0.3319475065887394 -0.001649991037012783 -0.1648975657913082
6.498 0.08969229577834681 0.1658025642650009 0.09134127138165363 0.3306493868848115 -0.001648975603306815 -0.1648468226198106
6.5 0.09018555173957697 0.1645764810429608 0.09183351284623206 0.3293725917084702 -0.001647961106655094 -0.1647961106655094
6.502 0.09074905421203169 0.163375312810499 0.09239600175793675 0.3281207427101084 -0.001646947545905046 -0.1647454298996094
6.504 0.09138257988707105 0.1622028244720837 0.09302851480697692 0.326897604765434 -0.001645934919905869 -0.1646947802933503
6.506 0.09208579685806104 0.161062939306678 0.09373072008556957 0.3257071011246854 -0.001644923227508528 -0.1646441618180074
6.508 0.09285823782034629 0.1599597522287748 0.09450215028791205 0.324553326673666 -0.001643912467565755 -0.1645935744448913
6.51 0.09369926961814505 0.1588975406806807 0.0953421722570771 0.3234405588260284 -0.001642902638932044 -0.1645430181453477
6.512 0.09460805906381546 0.1578807725939877 0.0962499528042791 0.3223732654847454 -0.001641893740463644 -0.1644924928907577
6.514 0.09558353500883682 0.1569141107708643 0.09722442077985538 0.3213561094234015 -0.001640885771018563 -0.1644419986525373
6.516 0.09662434672251191 0.1560024129452122 0.09826422545196847 0.32039394834735 -0.001639878729456561 -0.1643915354021377
6.518 0.09772881873790104 0.155150726693037 0.09936769135254019 0.3194918298040823 -0.001638872614639144 -0.1643411031110452
6.52 0.09889490245834909 0.1543642782759971 0.1005327698837787 0.3186549800267779 -0.001637867425429564 -0.1642907017507809
6.522 0.100120124985404 0.153648454428477 0.1017569881460968 0.3178887857213779 -0.001636863160692817 -0.1642403312929008
6.524 0.1014015358329882 0.1530087760445876 0.1030373956522838 0.3171987677535836 -0.001635859819295638 -0.164189991708996
6.526 0.1027356524341689 0.1524508626978106 0.1043705098342754 0.3165905456685028 -0.001634857400106496 -0.1641396829706922
6.528 0.1041184056247819 0.1519803869445633 0.1057522615267775 0.3160697919942132 -0.001633855901995595 -0.1640894050496499
6.53 0.1055450865992421 0.1516030174371336 0.1071779419230769 0.3156421753546979 -0.001632855323834867 -0.1640391579175643
6.532 0.1070102971699921 0.1513243500165734 0.1086421528344901 0.3153132915627387 -0.001631855664497971 -0.1639889415461653
6.534 0.1085079055106691 0.1511498261873803 0.1101387624335294 0.3150885820945976 -0.001630856922860289 -0.1639387559072173
6.536 0.1100310099065882 0.1510846387073674 0.1116608690043871 0.3149732396798868 -0.001629859097798924 -0.1638886009725194
6.538 0.1115719133497109 0.1511336244700498 0.1132007755379036 0.3149721011839549 -0.001628862188192694 -0.1638384767139051
6.54 0.1131221120676468 0.1513011454198904 0.114749978260569 0.3150895285231326 -0.001627866192922132 -0.1637883831032422
6.542 0.1146723012312298 0.1515909589221963 0.1162991723420992 0.3153292790346294 -0.001626871110869483 -0.1637383201124331
6.544 0.1162124011006572 0.1520060797984016 0.1178382780415759 0.3156943675118161 -0.001625876940918695 -0.1636882877134145
6.546 0.1177316067024044 0.1525486371094864 0.1193564903843598 0.3161869229876436 -0.001624883681955426 -0.1636382858781572
6.548 0.1192184637375788 0.1532197296856883 0.1208423550704458 0.3168080442643548 -0.001623891332867031 -0.1635883145786664
6.55 0.1206609727720747 0.1540192853029602 0.1222838726646173 0.3175576590899418 -0.001622899892542565 -0.1635383737869815
6.552 0.1220467228295165 0.1549459292228918 0.1236686321893893 0.3184343926980677 -0.001621909359872777 -0.1634884634751759
6.554 0.1233630543002861 0.155996868457602 0.1249839740340362 0.3194354520729591 -0.001620919733750108 -0.1634385836153571
6.556 0.1245972496201781 0.1571677985006638 0.1262171806332468 0.3205565326803304 -0.00161993101306869 -0.1633887341796667
6.558 0.1257367485202494 0.1584528392879881 0.1273556917169738 0.3217917544282682 -0.001618943196724338 -0.1633389151402801
6.56 0.1267693828973968 0.1598445067391234 0.1283873391810114 0.3231336332085303 -0.00161795628361455 -0.1632891264694069
6.562 0.127683624628291 0.1613337253267115 0.1293005949009295 0.3245730934660018 -0.001616970272638504 -0.1632393681392902
6.564 0.1284688380951805 0.1629098857145342 0.1300848232578776 0.3260995258367415 -0.001615985162697056 -0.1631896401222073
6.566 0.1291155279703537 0.1645609496262629 0.1307305289230465 0.3277008920167318 -0.001615000952692733 -0.1631399423904689
6.568 0.1296155720698076 0.1662736018469237 0.1312295897113374 0.3293638767633434 -0.001614017641529732 -0.1630902749164197
6.57 0.1299624289617567 0.1680334467580825 0.1315754641898706 0.3310740844305204 -0.001613035228113921 -0.1630406376724378
6.572 0.1301513105815068 0.1698252442518588 0.1317633642928597 0.332816274882794 -0.001612053711352828 -0.1629910306309352
6.574 0.1301793113778215 0.17163317747119 0.1317903844679772 0.3345746312355472 -0.001611073090155646 -0.1629414537643572
6.576 0.1300454874412779 0.1734411427995742 0.1316555808047112 0.3363330498447568 -0.001610093363433223 -0.1628919070451826
6.578 0.129750881515351 0.1752330510654714 0.131359996045449 0.3380754415113954 -0.001609114530098063 -0.162842390445924
6.58 0.129298492578397 0.1769931281789922 0.1309066291674614 0.339786032118119 -0.001608136589064323 -0.1627929039391269
6.582 0.1286931915812202 0.1787062034565224 0.130300351120468 0.3414496509538929 -0.00160715953924781 -0.1627434474973705
6.584 0.1279415876896697 0.180357974708051 0.1295477710692357 0.3430519958013184 -0.001606183379565975 -0.1626940210932674
6.586 0.127051851789331 0.1819352406810681 0.1286570598982689 0.3445798653805311 -0.001605208108937913 -0.162644624699463
6.588 0.1260335058771732 0.1834260935234286 0.1276377396034575 0.3460213518120648 -0.001604233726284359 -0.1625952582886362
6.59 0.1248971881726312 0.1848200663494672 0.1265004484031589 0.3473659881829664 -0.001603260230527686 -0.1625459218334992
6.592 0.1236544042790845 0.1861082335533575 0.1252566918996764 0.3486048488601544 -0.0016022876205919 -0.162496615306797
6.594 0.1223172745392611 0.1872832639991205 0.1239185904346638 0.3497306026804282 -0.001601315895402639 -0.1624473386813077
6.596 0.1208982869399153 0.1883394294457198 0.1224986319938025 0.3507375213755624 -0.001600345053887169 -0.1623980919298426
6.598 0.1194100636608714 0.1892725724021225 0.1210094387558458 0.3516214474273681 -0.001599375094974381 -0.1623488750252456
6.6 0.1178651477861374 0.1900800389672592 0.1194635538037322 0.3523797269076532 -0.00159840601759479 -0.162299687940394
6.602 0.1162758149595476 0.1907605830644318 0.1178732527802281 0.3530111137126293 -0.001597437820680527 -0.1622505306481975
6.604 0.1146539130199202 0.1913142488490242 0.1162503835230855 0.353515651970623 -0.001596470503165343 -0.1622014031215988
6.606 0.1130107310132783 0.1917422380078393 0.1146062350772629 0.3538945433414126 -0.001595504063984599 -0.1621523053335733
6.608 0.1113568975423622 0.1920467682593076 0.1129514360444375 0.3541500055164367 -0.001594538502075271 -0.1621032372571291
6.61 0.1097023072312042 0.1922309286989389 0.1112958810475801 0.354285127564246 -0.001593573816375939 -0.1620541988653071
6.612 0.1080560731801301 0.1922985368061543 0.1096486831859569 0.3543037269373348 -0.001592610005826789 -0.1620051901311804
6.614 0.1064265026623623 0.192254001022117 0.1080181497317319 0.3542102120499723 -0.00159164706936961 -0.1619562110278553
6.616 0.1048210929441403 0.1921021918946513 0.1064117779500881 0.3540094534231213 -0.001590685005947786 -0.16190726152847
6.618 0.1032465439620155 0.1918483239205741 0.1048362677765218 0.3537066655267695 -0.001589723814506301 -0.1618583416061954
6.62 0.101708784621767 0.1914978494360649 0.1032975481157587 0.3533073006702997 -0.001588763493991732 -0.1618094512342348
6.622 0.1002130096488831 0.191056365235022 0.1018008136922354 0.3528169556208459 -0.001587804043352244 -0.161760590385824
6.624 0.09876372418047222 0.1905295320435444 0.1003505696420098 0.3522412910777751 -0.00158684546153759 -0.1617117590342307
6.626 0.09736479360632184 0.1899230065456539 0.09895068135382096 0.3515859636984092 -0.001585887747499109 -0.1616629571527553
6.628 0.09601949651137624 0.1892423853335207 0.09760442741156597 0.3508565700482509 -0.00158493090018972 -0.1616141847147302
6.63 0.09473057892023133 0.1884931599327891 0.09631455383879525 0.3500586016263091 -0.001583974918563921 -0.16156544169352
6.632 0.09350030837867158 0.1876806819156131 0.09508332818024937 0.3491974099781345 -0.001583019801577788 -0.1615167280625213
6.634 0.09233052671515221 0.1868101370452066 0.09391259226334117 0.3482781808403697 -0.001582065548188966 -0.1614680437951631
6.636 0.09122270059989998 0.1858865273813611 0.09280381275725666 0.3473059162462671 -0.001581112157356674 -0.1614193888649059
6.638 0.09017796925755536 0.1849146603030663 0.09175812888559706 0.346285423548309 -0.001580159628041696 -0.1613707632452428
6.64 0.08919718888958404 0.1838991434598256 0.09077639684879042 0.3452213103695238 -0.001579207959206383 -0.1613221669096982
6.642 0.08828097352712914 0.1828443847377545 0.08985923067694379 0.3441179845695831 -0.001578257149814644 -0.1612735998318287
6.644 0.0874297321662499 0.1817545964121529 0.08900703936508185 0.3429796583973757 -0.00157730719883195 -0.1612250619852228
6.646 0.08664370213828841 0.1806338027480331 0.08822006024351374 0.3418103560915336 -0.001576358105225329 -0.1611765533435005
6.648 0.08592297874304437 0.1794858503997083 0.08749838861100773 0.3406139242800221 -0.001575409867963358 -0.1611280738803139
6.65 0.08526754122507219 0.1783144210465328 0.08684200371108836 0.3393940446158791 -0.001574462486016167 -0.1610796235693463
6.652 0.08467727520702535 0.1771230457812521 0.08625079116538079 0.3381542481655652 -0.001573515958355435 -0.1610312023843131
6.654 0.08415199171248683 0.1759151208390509 0.08572456199644121 0.336897931138012 -0.001572570283954384 -0.1609828102989611
6.656 0.08369144291700931 0.1746939243183749 0.08526306837879709 0.3356283716054435 -0.001571625461787778 -0.1609344472870685
6.658 0.0832953347624871 0.173462633597867 0.08486601625331902 0.3343487469203122 -0.001570681490831922 -0.1608861133224452
6.66 0.08296333655926656 0.1722243431976113 0.08453307492933122 0.3330621515765437 -0.001569738370064656 -0.1608378083789324
6.662 0.08269508768439771 0.1709820828675069 0.08426388378286306 0.3317716152979098 -0.001568796098465354 -0.1607895324304029
6.664 0.08249020146469234 0.1697388357103661 0.08405805613970727 0.3304801211611267 -0.001567854675014921 -0.1607412854507606
6.666 0.0823482663116003 0.1684975561631982 0.08391518041029609 0.3291906235771389 -0.001566914098695792 -0.1606930674139407
6.668 0.08226884415264832 0.1672611876672212 0.08383481852114025 0.3279060659611313 -0.001565974368491925 -0.1606448782939101
6.67 0.08225146618243744 0.1660326798550832 0.08381650166582624 0.3266293979197495 -0.001565035483388801 -0.1605967180646662
6.672 0.0822956259365176 0.1648150050733785 0.08385972337889103 0.3253635917736167 -0.001564097442373425 -0.1605485867002383
6.674 0.08240076967504775 0.1636111740399789 0.08396392991948207 0.3241116582146651 -0.001563160244434313 -0.1605004841746862
6.676 0.08256628405140558 0.1624242504086568 0.08412850793996708 0.3228766608707579 -0.0015622238885615 -0.1604524104621012
6.678 0.08279148103555155 0.161257363978813 0.08435276940929808 0.3216617295154183 -0.001561288373746533 -0.1604043655366054
6.68 0.08307558006460831 0.1601137222464037 0.08463593376359078 0.3204700716187556 -0.001560353698982466 -0.1603563493723519
6.682 0.08341768740587967 0.1589966199434233 0.08497710726914352 0.319304981886948 -0.001559419863263859 -0.1603083619435247
6.684 0.08381677274256649 0.1579094461593855 0.08537525960815327 0.3181698493837244 -0.001558486865586778 -0.1602604032243388
6.686 0.08427164303208766 0.1568556885804527 0.08582919773703646 0.3170681617694929 -0.00155755470494879 -0.1602124731890401
6.688 0.08478091374382818 0.1558389343222539 0.08633753712417713 0.316003506134159 -0.001556623380348958 -0.1601645718119051
6.69 0.08534297765978072 0.1548628667742157 0.08689867055056856 0.3149795658414568 -0.001555692890787843 -0.1601166990672411
6.692 0.08595597152022535 0.1539312578205178 0.08751073475549286 0.3140001127499039 -0.001554763235267498 -0.1600688549293861
6.694 0.08661774091953643 0.1530479547603576 0.0881715753323279 0.3130689941330664 -0.001553834412791466 -0.1600210393727088
6.696 0.08732580400540363 0.1522168612245762 0.0888787104277684 0.3121901135961846 -0.001552906422364778 -0.1599732523716085
6.698 0.08807731470831751 0.1514419113846426 0.08962929397131146 0.3113674052851576 -0.00155197926299395 -0.159925493900515
6.7 0.08886902642558415 0.1507270367818981 0.09042007935927114 0.3106048007157868 -0.00155105293368698 -0.1598777639338887
6.702 0.08969725730135296 0.1500761251798922 0.0912473847348063 0.3099061876261127 -0.001550127433453347 -0.1598300624462205
6.704 0.09055785847414163 0.1494929709708834 0.09210706123544564 0.309275360382915 -0.001549202761304005 -0.1597823894120315
6.706 0.0914461868959985 0.1489812168589865 0.09299446581224988 0.30871596166486 -0.001548278916251383 -0.1597347448058735
6.708 0.09235708454784738 0.1485442868061383 0.09390444044515676 0.3082314154084667 -0.001547355897309384 -0.1596871286023284
6.71 0.09328486606514458 0.1481853105691441 0.09483129976863795 0.3078248513451526 -0.001546433703493376 -0.1596395407760085
6.712 0.09422331692315715 0.1479070405788009 0.09576882925697734 0.3074990218803572 -0.001545512333820197 -0.1595919813015563
6.714 0.09516570438574974 0.1477117624110977 0.09671029617305789 0.3072562125647422 -0.001544591787308146 -0.1595444501536445
6.716 0.0961048033661744 0.1476012006639155 0.09764847542915138 0.3070981479708915 -0.001543672062976986 -0.159496947306976
6.718 0.09703293915418165 0.1475764226583611 0.09857569231402959 0.3070258953946448 -0.001542753159847937 -0.1594494727362837
6.72 0.09794204860553256 0.1476377429988597 0.09948388368247624 0.3070397694151905 -0.001541835076943676 -0.1594020264163308
6.722 0.09882376084903288 0.1477846326063962 0.1003646786623212 0.3071392409283064 -0.001540917813288331 -0.1593546083219102
6.724 0.09966949783578791 0.1480156363305367 0.1012094992036954 0.3073228547583817 -0.001540001367907485 -0.1593072184278451
6.726 0.1004705941457662 0.148328303587077 0.1020096798855944 0.3075881602960653 -0.001539085739828165 -0.1592598567089883
6.728 0.1012184344073033 0.1487191365963956 0.1027566053353821 0.3079316597366184 -0.001538170928078847 -0.1592125231402228
6.73 0.1019046055283447 0.1491835606546775 0.1034418624600342 0.3083487783511387 -0.001537256931689448 -0.1591652176964612
6.732 0.1025210597589923 0.1497159204116858 0.1040574035086836 0.308833860764332 -0.001536343749691325 -0.1591179403526462
6.734 0.1030602834962704 0.1503095053320989 0.1045957148773877 0.3093801964158487 -0.001535431381117276 -0.1590706910837499
6.736 0.1035154658090935 0.1509566063899954 0.105049985634095 0.3099800762547696 -0.001534519825001533 -0.1590234698647742
6.738 0.1038806600107865 0.1516486046311443 0.1054142690911663 0.3106248813018952 -0.001533609080379758 -0.1589762766707509
6.74 0.1041509313321641 0.1523760906149406 0.1056836304784531 0.3113052020916817 -0.001532699146289047 -0.1589291114767411
6.742 0.1043224839190484 0.1531290120298895 0.1058542739408163 0.3120109862877254 -0.001531790021767922 -0.1588819742578358
6.744 0.1043927610252826 0.1538968451004725 0.1059236427311389 0.3127317100896279 -0.001530881705856331 -0.1588348649891553
6.746 0.1043605133799708 0.1546687839148716 0.1058904875775665 0.313456567560721 -0.001529974197595644 -0.1587877836458494
6.748 0.1042258322113496 0.1554339406409857 0.1057548997073783 0.3141746708440833 -0.001529067496028652 -0.1587407302030976
6.75 0.1039901451999381 0.1561815488756792 0.1055183068001377 0.3148752535117875 -0.001528161600199562 -0.1586937046361083
6.752 0.103656175567088 0.1569011621614458 0.105183432076242 0.3155478690815656 -0.001527256509153997 -0.1586467069201198
6.754 0.1032278664213847 0.1575828400266576 0.1047542186433237 0.316182577057057 -0.001526352221938994 -0.1585997370303995
6.756 0.1027102742261587 0.1582173147283925 0.1042357229637617 0.3167701096706364 -0.001525448737602998 -0.1585527949422439
6.758 0.1021094366792166 0.1587961331179318 0.1036339827344125 0.3173020137489108 -0.001524546055195863 -0.158505880630979
6.76 0.1014322213102888 0.1593117695887411 0.1029558654840577 0.317770763660701 -0.001523644173768845 -0.1584589940719599
6.762 0.1006861616480176 0.1597577077636987 0.1022089047403922 0.3181698430042695 -0.001522743092374609 -0.1584121352405708
6.764 0.09987928788132326 0.1601284902866247 0.1014011306913905 0.3184937943988497 -0.001521842810067212 -0.158365304112225
6.766 0.0990199585797196 0.1604197376701819 0.1005409019056217 0.3187382383325467 -0.001520943325902116 -0.1583185006623649
6.768 0.09811669931846785 0.1606281385118148 0.09963674395740402 0.3188998633782766 -0.001520044638936173 -0.1582717248664618
6.77 0.09717805307571926 0.1607514144489906 0.0986971998239469 0.3189763911490068 -0.001519146748227629 -0.1582249767000162
6.772 0.09621244613710851 0.1607882639495306 0.09773069578994463 0.3189665200880879 -0.001518249652836123 -0.1581782561385573
6.774 0.09522807206160896 0.160738289421785 0.09674542541343165 0.3188698525794283 -0.001517353351822677 -0.1581315631576433
6.776 0.09423279512106737 0.1606019122104111 0.09574925296531707 0.3186868099432724 -0.001516457844249702 -0.1580848977328613
6.778 0.09323407359494609 0.1603802798649823 0.09474963672412709 0.3184185397048093 -0.001515563129180991 -0.158038259839827
6.78 0.09223890242839859 0.1600751696901838 0.09375357163408031 0.3180668191443689 -0.001514669205681715 -0.1579916494541851
6.782 0.09125377407182408 0.1596888920710817 0.09276755014464251 0.3176339586226905 -0.001513776072818427 -0.1579450665516088
6.784 0.09028465581930888 0.1592241964748799 0.09179753954896792 0.3171227075826801 -0.001512883729659053 -0.1578985111078002
6.786 0.08933698164205374 0.1586841824138826 0.09084897381732664 0.3165361655123724 -0.001511992175272891 -0.1578519830984898
6.788 0.0884156563511375 0.158072217054913 0.08992675775986811 0.3158776995543497 -0.001511101408730611 -0.1578054824994367
6.79 0.08752506989523547 0.1573918606089132 0.08903528132433972 0.3151508698953421 -0.001510211429104253 -0.1577590092864289
6.792 0.08666911967361567 0.1566468001504661 0.08817844190908289 0.3143593635857486 -0.001509322235467221 -0.1577125634352825
6.794 0.08585123889479897 0.1558407921109273 0.08735967272169325 0.3135069370327695 -0.001508433826894281 -0.1576661449218422
6.796 0.08507442921048666 0.1549776133635574 0.08658197541294822 0.3125973670855386 -0.001507546202461562 -0.1576197537219812
6.798 0.08434129608017707 0.1540610205710205 0.08584795544142362 0.3116344103826214 -0.001506659361246552 -0.1575733898116009
6.8 0.08365408555666189 0.1530947172882602 0.08515985885898998 0.3106217704548915 -0.001505773302328093 -0.1575270531666313
6.802 0.08301472141276822 0.152082328197891 0.0845196094375546 0.3095630719609215 -0.001504888024786383 -0.1574807437630305
6.804 0.0824248417451128 0.1510273797903173 0.08392884527281577 0.3084618413671021 -0.00150400352770297 -0.1574344615767848
6.806 0.08188583438580181 0.1499332867770912 0.08338895419596257 0.3073214933610001 -0.001503119810160752 -0.1573882065839088
6.808 0.08139887062390971 0.1488033435336743 0.08290110749515368 0.3061453222941198 -0.001502236871243972 -0.1573419787604456
6.81 0.08096493688450028 0.1476407198985645 0.0824662915945385 0.3049364979810302 -0.00150135471003822 -0.1572957780824657
6.812 0.08058486413382358 0.1464484607020492 0.08208533745945401 0.3036980652281177 -0.001500473325630424 -0.1572496045260684
6.814 0.08025935487693579 0.1452294884540739 0.08175894759404465 0.3024329465214545 -0.001499592717108856 -0.1572034580673807
6.816 0.07998900769029389 0.1439866086819826 0.08148772057385702 0.3011439473645402 -0.001498712883563123 -0.1571573386825576
6.818 0.07977433928922455 0.1427225174712501 0.08127217311330871 0.2998337638190323 -0.001497833824084166 -0.1571112463477822
6.82 0.07961580417127892 0.1414398108235697 0.08111275970904318 0.298504991862835 -0.001496955537764259 -0.1570651810392653
6.822 0.07951381190373329 0.1401409955046196 0.08100988992743029 0.2971601382378655 -0.001496078023697007 -0.1570191427332459
6.824 0.0794687421391249 0.1388285011070484 0.08096394342010224 0.2958016325130391 -0.001495201280977344 -0.1569731314059907
6.826 0.07948095744893288 0.1375046931022861 0.08097528275763441 0.2944318401360802 -0.001494325308701526 -0.1569271470337941
6.828 0.07955081406399642 0.1361718866970939 0.08104426416996355 0.2930530762900723 -0.001493450105967134 -0.1568811895929784
6.83 0.07967867060262931 0.1348323613469906 0.08117124627450238 0.291667620406884 -0.001492575671873071 -0.1568352590598935
6.832 0.07986489485486022 0.1334883758089405 0.08135659686037977 0.2902777312198576 -0.001491702005519556 -0.1567893554109171
6.834 0.0801098686749596 0.1321421836403691 0.08160069778096773 0.2888856622628235 -0.001490829106008127 -0.1567434786224544
6.836 0.08041399101516833 0.1307960490700264 0.08190394798760996 0.2874936777409649 -0.001489956972441633 -0.1566976286709385
6.838 0.08077767911217075 0.1294522631792019 0.08226676471609498 0.2861040687120315 -0.001489085603924236 -0.1566518055328296
6.84 0.08120136781478901 0.1281131603393603 0.08268958281435042 0.2847191695239762 -0.001488214999561409 -0.1566060091846159
6.842 0.08168550701732609 0.1267811348538255 0.08317285217578602 0.2833413744566382 -0.001487345158459928 -0.1565602396028127
6.844 0.0822305571383222 0.1254586577471407 0.08371703321805007 0.2819731545111036 -0.001486476079727876 -0.1565144967639629
6.846 0.08283698255966201 0.1241482936361191 0.08432259032213665 0.2806170742807559 -0.001485607762474641 -0.1564687806446368
6.848 0.08350524291668526 0.1228527176003542 0.08498998312249617 0.2792758088217862 -0.001484740205810906 -0.156423091221432
6.85 0.08423578210673864 0.1215747319475051 0.0857196555155873 0.2779521604184787 -0.001483873408848655 -0.1563774284709736
6.852 0.08502901486207459 0.1203172827394398 0.08651202223277576 0.2766490751093534 -0.001483007370701166 -0.1563317923699137
6.854 0.08588531071447432 0.1190834759083687 0.08736745280495734 0.2753696588033005 -0.001482142090483013 -0.1562861828949318
6.856 0.08680497516436268 0.1178765927474979 0.08828625273167275 0.2741171927702326 -0.001481277567310058 -0.1562406000227347
6.858 0.08778822785784698 0.1167001045080969 0.08926864165814644 0.272895148238153 -0.001480413800299453 -0.1561950437300561
6.86 0.08883517757333766 0.115557685773236 0.09031472836190729 0.271707199766893 -0.001479550788569637 -0.156149513993657
6.862 0.08994579382693062 0.1144532262084488 0.09142448235817095 0.2705572369987743 -0.001478688531240332 -0.1561040107903255
6.864 0.09111987492519588 0.113390840211157 0.09259770195262843 0.2694493743080336 -0.001477827027432544 -0.1560585340968766
6.866 0.09235701232873857 0.1123748738943041 0.09383397860500713 0.2683879577844566 -0.001476966276268557 -0.1560130838901524
6.868 0.0936565512431583 0.111409908746853 0.09513265752003024 0.267377568893875 -0.001476106276871933 -0.155967660147022
6.87 0.09501754742915014 0.1105007612169651 0.09649279445751766 0.2664230240613464 -0.00147524702836751 -0.1559222628443814
6.872 0.09643872032544293 0.1096524773654037 0.09791310885532432 0.2655293693245571 -0.001474388529881398 -0.1558768919591534
6.874 0.09791840271031972 0.108870321642184 0.0993919334908607 0.2647018691104716 -0.00147353078054098 -0.1558315474682876
6.876 0.09945448729346042 0.10815975875466 0.1009271610729353 0.2639459881034206 -0.001472673779474904 -0.1557862293487607
6.878 0.1010443708336395 0.1075264275278236 0.1025161883594526 0.2632673651053994 -0.001471817525813089 -0.1557409375775758
6.88 0.1026848966207191 0.1069761056178321 0.1041558586394059 0.262671777749595 -0.001470962018686715 -0.155695672131763
6.882 0.1043722964423856 0.1065146639396072 0.1058424036996138 0.2621650969279862 -0.001470107257228224 -0.155650432988379
6.884 0.1061021334753721 0.1061480097223245 0.1075713867159435 0.2617532298468316 -0.001469253240571319 -0.1556052201245071
6.886 0.1078692478904444 0.1058820172285372 0.1093376478582953 0.2614420507457945 -0.001468399967850962 -0.1555600335172573
6.888 0.1096677073290053 0.1057224453795842 0.1111352547672087 0.2612373185233503 -0.001467547438203368 -0.1555148731437661
6.89 0.1114907647811245 0.1056748418375779 0.1129574604318905 0.2611445808187745 -0.001466695650766005 -0.1554697389811966
6.892 0.1133308267459588 0.1057444335168558 0.1147966713506364 0.2611690645235941 -0.001465844604677596 -0.1554246310067383
6.894 0.1151794348558169 0.1059360040447437 0.116644429154895 0.261315553242351 -0.001464994299078107 -0.1553795491976072
6.896 0.1170272643586153 0.1062537593659653 0.118491409091724 0.2615882528970112 -0.001464144733108756 -0.1553344935310458
6.898 0.1188641429367693 0.1067011834801884 0.1203274388426813 0.2619906474645113 -0.001463295905912003 -0.155289463984323
6.9 0.120679093247899 0.1072808871980422 0.1221415410645306 0.262525347732776 -0.00146244781663155 -0.1552444605347338
6.902 0.122460402259377 0.1079944537625326 0.1239220027237894 0.2631939369221323 -0.001461600464412342 -0.1551994831595997
6.904 0.124195719873626 0.1088422861570056 0.1256564737220266 0.2639968179932741 -0.001460753848400559 -0.1551545318362686
6.906 0.1258721884755434 0.1098234618371599 0.127332096443287 0.2649330683792741 -0.001459907967743618 -0.1551096065421142
6.908 0.1274766038688215 0.1109356013972214 0.1289356666904117 0.2660003086517583 -0.00145906282159017 -0.1550647072545369
6.91 0.1289956066195596 0.1121747582120994 0.1304538250286497 0.2671945921630622 -0.001458218409090099 -0.1550198339509628
6.912 0.1304159011420523 0.1135353362881222 0.1318732758714468 0.2685103228969667 -0.001457374729394516 -0.1549749866088445
6.914 0.1317244980278872 0.115010043314361 0.133181029809543 0.2699402085200215 -0.001456531781655761 -0.1549301652056605
6.916 0.1329089732538899 0.1165898851639749 0.1343646628189173 0.2714752548828901 -0.001455689565027398 -0.1548853697189151
6.918 0.1339577361557648 0.1182642068163582 0.135412584234429 0.2731048069424974 -0.001454848078664216 -0.1548406001261392
6.92 0.1348602965900561 0.1200207828703916 0.1363143039117783 0.2748166392752806 -0.001454007321722224 -0.154795856404889
6.922 0.1356075206943098 0.1218459585662229 0.1370606879876685 0.27659709709897 -0.001453167293358649 -0.1547511385327472
6.924 0.1361918642427893 0.123724839655635 0.1376441922355213 0.2784312861429568 -0.001452327992731935 -0.1547064464873218
6.926 0.1366075728905304 0.1256415267406218 0.1380590623095321 0.2803033069868691 -0.001451489419001744 -0.1546617802462474
6.928 0.136850839647901 0.1275793870523493 0.13830149121923 0.2821965268395329 -0.001450651571328945 -0.1546171397871836
6.93 0.1369199117043782 0.1295213542998169 0.1383697261532538 0.2840938793876333 -0.001449814448875622 -0.1545725250878164
6.932 0.1368151411192574 0.1314502453987642 0.1382641191700625 0.2859781815246213 -0.001448978050805066 -0.1545279361258571
6.934 0.1365389767427314 0.1333490817727599 0.1379871191190131 0.2878324546518032 -0.001448142376281773 -0.1544833728790433
6.936 0.136095897795348 0.1352014026121929 0.1375432052198194 0.2896402379373303 -0.001447307424471444 -0.1544388353251375
6.938 0.1354922925628273 0.1369915580147008 0.1369387657573682 0.2913858814566291 -0.001446473194540983 -0.1543943234419284
6.94 0.1347362884062476 0.1387049712574191 0.1361819280919061 0.2930548084646491 -0.001445639685658494 -0.15434983720723
6.942 0.1338375415292389 0.1403283614351244 0.1352823484262322 0.2946337380340065 -0.001444806896993278 -0.1543053765988821
6.944 0.1328069965263487 0.1418499201484652 0.1342509713540645 0.296110861743215 -0.001443974827715832 -0.1542609415947498
6.946 0.1316566265768991 0.1432594386172666 0.1330997700538969 0.2974759707899903 -0.001443143476997847 -0.1542165321727238
6.948 0.1303991652406359 0.1445483842952183 0.1318414780846481 0.2987205326059384 -0.001442312844012206 -0.1541721483107201
6.95 0.1290478402200725 0.1457099285658502 0.1304893231480055 0.2998377185525306 -0.001441482927932982 -0.1541277899866804
6.952 0.127616118300552 0.1467389292379216 0.1290567720284874 0.3008223864164929 -0.001440653727935434 -0.1540834571785714
6.954 0.1261174691191186 0.14763187321886 0.1275572943623146 0.3016710230832454 -0.00143982524319601 -0.1540391498643854
6.956 0.1245651536160867 0.1483867858744229 0.1260041510889791 0.3023816538965629 -0.001438997472892338 -0.15399486802214
6.958 0.1229720411527564 0.1490031141811551 0.1244102115689596 0.302953725811033 -0.001438170416203229 -0.153950611629878
6.96 0.1213504574757181 0.1494815908915925 0.1227878015480268 0.3033879715572597 -0.001437344072308674 -0.1539063806656673
6.962 0.1197120640835109 0.149824086636984 0.1211485825239008 0.3036862617445851 -0.001436518440389841 -0.1538621751076011
6.964 0.11806776817784 0.1500334562842146 0.1195034616974691 0.3038514512180124 -0.001435693519629072 -0.1538179949337978
6.966 0.1164276612992053 0.1501133850419005 0.1178625306084152 0.3038872251643015 -0.001434869309209886 -0.153773840122401
6.968 0.1148009839641665 0.1500682388701489 0.1162350297724835 0.303797949521728 -0.00143404580831697 -0.1537297106515791
6.97 0.1131961131219351 0.1499029227716423 0.1146293361380713 0.3035885292711681 -0.001433223016136181 -0.1536856064995259
6.972 0.1116205690000331 0.1496227495938574 0.1130529699318877 0.3032642772383171 -0.001432400931854545 -0.1536415276444598
6.974 0.1100810378700462 0.1492333211014391 0.1115126174247065 0.3028307951660635 -0.001431579554660251 -0.1535974740646245
6.976 0.1085834073880629 0.1487404223148118 0.1100141662718055 0.3022938680531003 -0.001430758883742654 -0.1535534457382885
6.978 0.107132811405928 0.1481499294717404 0.1085627503242203 0.3016593721154858 -0.001429938918292268 -0.1535094426437454
6.98 0.1057336814678569 0.1474677314568704 0.1071628011253577 0.3009331962161836 -0.001429119657500768 -0.1534654647593132
6.982 0.1043898025663771 0.1466996641548074 0.105818103666938 0.3001211762181428 -0.001428301100560985 -0.1534215120633354
6.984 0.1031043711046425 0.1458514569041977 0.1045318543513094 0.2992290414383773 -0.001427483246666907 -0.1533775845341797
6.986 0.1018800533775842 0.1449286900488286 0.1033067194725979 0.2982623721990674 -0.001426666095013673 -0.1533336821502388
6.988 0.1007190432262217 0.1439367624807311 0.1021448928710193 0.2972265673706613 -0.001425849644797576 -0.1532898048899302
6.99 0.09962311782905581 0.1428808680337054 0.1010481517242719 0.2961268207654014 -0.001425033895216057 -0.153245952731696
6.992 0.09859369086643772 0.14176597959865 0.1000179097119054 0.294968105252653 -0.001424218845467705 -0.153202125654003
6.994 0.09763186252573719 0.1405968398809218 0.09905526702048945 0.2937551635162643 -0.001423404494752254 -0.1531583236353425
6.996 0.09673846600843226 0.139377957793455 0.09816105685070284 0.2924925044476855 -0.00142259084227058 -0.1531145466542305
6.998 0.09591411035715769 0.1381136095684243 0.0973358882443824 0.2911844042576318 -0.001421777887224706 -0.1530707946892076
7 0.09515921954413226 0.1368078437668306 0.09658018517295004 0.2898349114856693 -0.001420965628817788 -0.1530270677188387
7.002 0.09447406785677075 0.135464489464326 0.09589422192302487 0.2884478551860395 -0.001420154066254124 -0.1529833657217134
7.004 0.09385881168567138 0.134087166988832 0.09527815488441052 0.2870268556652778 -0.001419343198739146 -0.1529396886764458
7.006 0.09331351786800646 0.1326793006775064 0.09473205089348588 0.2855753372391804 -0.001418533025479419 -0.152896036561674
7.008 0.09283818876988467 0.1312441332061154 0.09425591231556732 0.2840965425621763 -0.001417723545682642 -0.1528524093560609
7.01 0.09243278430767196 0.1297847411217561 0.0938496990662296 0.2825935481600496 -0.001416914758557644 -0.1528088070382936
7.012 0.09209724111309531 0.1283040512790868 0.09351334777640968 0.2810692808661702 -0.001416106663314378 -0.1527652295870834
7.014 0.09183148904306992 0.1268048579412438 0.09324678830223385 0.2795265349224098 -0.001415299259163928 -0.152721676981166
7.016 0.0916354652245388 0.1252898403596988 0.09304995776985731 0.2779679895590002 -0.001414492545318499 -0.1526781491993014
7.018 0.09150912580858994 0.1237615806922556 0.09292281232958136 0.2763962269125292 -0.00141368652099142 -0.1526346462202736
7.02 0.09145245558840397 0.1222225821561858 0.0928653367738011 0.2748137501790766 -0.001412881185397137 -0.1525911680228908
7.022 0.09146547561305453 0.1206752873448798 0.09287755215080575 0.2732230019308653 -0.001412076537751219 -0.1525477145859855
7.024 0.09154824890455529 0.1191220966610249 0.09295952148182564 0.2716263825494392 -0.001411272577270348 -0.1525042858884142
7.026 0.09170088435959191 0.1175653868384146 0.09311135366276423 0.270026268747472 -0.001410469303172322 -0.1524608819090575
7.028 0.091923538890426 0.1160075295384312 0.09333320560510205 0.2684250321652512 -0.001409666714676052 -0.1524175026268199
7.03 0.0922164178318263 0.1144509100155681 0.09362528264282785 0.2668250580361981 -0.001408864811001558 -0.15237414802063
7.032 0.09257977361289417 0.1128979458500017 0.09398783720426414 0.2652287639194421 -0.00140806359136997 -0.1523308180694404
7.034 0.09301390266442257 0.1113511057441796 0.09442116571942609 0.2636386184964072 -0.001407263055003525 -0.1522875127522276
7.036 0.09351914050419002 0.1098129283739861 0.09492560370531559 0.262057160421978 -0.001406463201125565 -0.1522442320479919
7.038 0.09409585491462394 0.1082860412737212 0.09550151894358447 0.2604870172094788 -0.001405664028960535 -0.1522009759357576
7.04 0.09474443709965391 0.1067731797176805 0.0961493026373879 0.2589309241122531 -0.001404865537733981 -0.1521577443945726
7.042 0.09546529068095964 0.1052772055383711 0.09686935840763219 0.2573917429418801 -0.001404067726672548 -0.152114537403509
7.044 0.09625881836853328 0.1038011257926931 0.09766208896353726 0.2558724807343554 -0.001403270595003981 -0.1520713549416622
7.046 0.09712540611718599 0.1023481111519577 0.09852788025914311 0.2543763081401094 -0.001402474141957119 -0.1520281969881517
7.048 0.09806540456043973 0.1009215138483912 0.09946708292720162 0.2529065773705116 -0.001401678366761894 -0.1519850635221204
7.05 0.09907910749726424 0.09952488495960601 0.1004799907659136 0.2514668394823411 -0.001400883268649331 -0.151941954522735
7.052 0.1001667271966749 0.09816199075295837 0.1015668160435264 0.2500608607221442 -0.001400088846851543 -0.1518988699691859
7.054 0.1013283662826774 0.09683682774253222 0.1027276613832791 0.2486926375832191 -0.001399295100601736 -0.1518558098406869
7.056 0.1025639859692203 0.09555363603339545 0.1039624879983545 0.2473664101498708 -0.001398502029134198 -0.1518127741164754
7.058 0.1038733704350224 0.09431691044011833 0.1052710800667067 0.2460866732159308 -0.001397709631684304 -0.1517697627758125
7.06 0.1052560871640429 0.09313140877044537 0.1066530050715314 0.244858184568428 -0.001396917907488509 -0.1517267757979826
7.062 0.1067114431334401 0.09200215656119526 0.1081075699892244 0.243685969723489 -0.001396126855784351 -0.1516838131622937
7.064 0.1082384368107126 0.09093444744458604 0.1096337732865231 0.2425753222926631 -0.001395336475810449 -0.1516408748480771
7.066 0.1098357060298597 0.08993383821234194 0.1112302527966662 0.2415317990470294 -0.001394546766806494 -0.1515979608346875
7.068 0.1115014719579049 0.08900613753672768 0.1128952296859181 0.2405612086382307 -0.001393757728013256 -0.151555071101503
7.07 0.1132334795418348 0.08815738720884553 0.1146264489005074 0.2396695928367706 -0.001392969358672579 -0.1515122056279251
7.072 0.1150289350457572 0.08739383467346115 0.1164211167037845 0.2388631990668396 -0.001392181658027376 -0.1514693643933784
7.074 0.1168844415519864 0.08672189558671026 0.118275836177308 0.2381484429640213 -0.001391394625321631 -0.151426547377311
7.076 0.1187959336078496 0.08614810511159149 0.12018654186765 0.2375318596707856 -0.001390608259800398 -0.1513837545591941
7.078 0.1207586125501774 0.08567905671105799 0.1221484351108872 0.2370200426295799 -0.001389822560709794 -0.1513409859185219
7.08 0.1227668844260897 0.08532132731672457 0.1241559219533867 0.2366195687515367 -0.001389037527297004 -0.1512982414348121
7.082 0.1248143028403189 0.08508138796100195 0.1262025559991292 0.2363369090486074 -0.001388253158810273 -0.1512555210876054
7.084 0.1268935194782375 0.08496549927979605 0.1282809889327364 0.2361783241362616 -0.001387469454498908 -0.1512128248564655
7.086 0.1289962454567637 0.08497959173802236 0.1303829318703769 0.2361497444590017 -0.001386686413613273 -0.1511701527209793
7.088 0.1311132270093278 0.0851291310134733 0.1324991310447326 0.2362566356742299 -0.001385904035404794 -0.1511275046607566
7.09 0.1332342392761897 0.08541896970109961 0.1346193615953156 0.2365038503565299 -0.001385122319125948 -0.1510848806554303
7.092 0.1353481021022283 0.08585318736478553 0.1367324433662585 0.2368954680494418 -0.001384341264030268 -0.1510422806846562
7.094 0.1374427216889354 0.08643492194836333 0.1388262825583078 0.2374346266764765 -0.001383560869372337 -0.1509997047281132
7.096 0.1395051616538907 0.08716619662632721 0.1408879427882985 0.23812334939183 -0.00138278113440779 -0.1509571527655028
7.098 0.1415217464735201 0.08804774727262796 0.1429037485319134 0.2389623720491775 -0.001382002058393311 -0.1509146247765495
7.1 0.1434781993867006 0.08907885677827385 0.1448594230272873 0.2399509775192747 -0.001381223640586627 -0.1508721207410008
7.102 0.1453598156014444 0.0902572033613902 0.1467402614816909 0.2410868440000171 -0.001380445880246514 -0.1508296406386269
7.104 0.1471516700867934 0.09157873068078223 0.1485313388634262 0.2423659151300028 -0.001379668776632789 -0.1507871844492206
7.106 0.1488388573921735 0.09303754787300264 0.1502177497211798 0.2437823000256003 -0.001378892329006311 -0.1507447521525976
7.108 0.1504067589023276 0.09462586747744212 0.1517848754389566 0.2453282112060385 -0.001378116536628977 -0.1507023437285964
7.11 0.1518413308342038 0.09633398850947758 0.1532186722329675 0.2469939476665556 -0.001377341398763723 -0.150659959157078
7.112 0.1531294042723908 0.09815033063931178 0.1545059711870653 0.2487679290572379 -0.001376566914674521 -0.1506175984179261
7.114 0.1542589868064701 0.100061523535618 0.1556347798900964 0.250636785026665 -0.001375793083626379 -0.150575261491047
7.116 0.1552195540679201 0.1020525530040059 0.1565945739728054 0.2525855013603756 -0.001375019904885333 -0.1505329483563697
7.118 0.1560023188390606 0.1041069627194091 0.1573765662167791 0.2545976217132546 -0.001374247377718454 -0.1504906589938455
7.12 0.1566004655549426 0.1062071073093723 0.1579739410563364 0.2566555006928208 -0.001373475501393842 -0.1504483933834485
7.122 0.1570093390106742 0.1083344495299981 0.1583820432858548 0.2587406010351733 -0.001372704275180621 -0.1504061515051751
7.124 0.1572265779094208 0.1104698915458532 0.1585985116077697 0.2608338248848975 -0.001371933698348945 -0.1503639333390443
7.126 0.1572521864418886 0.1125941281311365 0.1586233502120586 0.2629158669962338 -0.001371163770169986 -0.1503217388650973
7.128 0.1570885401955792 0.1146880081649126 0.1584589346854952 0.2649675762283104 -0.001370394489915945 -0.1502795680633978
7.13 0.1567403261057547 0.1167328902411356 0.1581099519626147 0.2669703111551676 -0.001369625856860039 -0.150237420914032
7.132 0.1562144195978299 0.1187109786103352 0.1575832774681065 0.2689062760074434 -0.001368857870276506 -0.1501952973971083
7.134 0.155519705247454 0.1206056269752551 0.1568877957768946 0.2707588244680124 -0.001368090529440598 -0.1501531974927573
7.136 0.1546668499460815 0.1224015997459158 0.1560341737797101 0.2725127209270478 -0.001367323833628585 -0.150111121181132
7.138 0.1536680395134757 0.1240852830177385 0.1550345972955935 0.2741543514601462 -0.001366557782117751 -0.1500690684424077
7.14 0.1525366908307734 0.1256448405238938 0.1539024832049598 0.2756718797806756 -0.001365792374186389 -0.1500270392567818
7.142 0.151287151853092 0.127070312868212 0.1526521794622058 0.2770553464726858 -0.001365027609113805 -0.1499850336044738
7.144 0.1499344013562404 0.1283536612259495 0.1512986648424207 0.2782967126916749 -0.001364263486180313 -0.1499430514657254
7.146 0.1484937591006346 0.1294887592075155 0.1498572591053018 0.2793898520283161 -0.001363500004667231 -0.1499010928208006
7.148 0.1469806154266258 0.1304713385733062 0.1483433525904827 0.2803304962232913 -0.001362737163856888 -0.1498591576499851
7.15 0.145410187318298 0.1312988958914392 0.1467721622813306 0.2811161418250262 -0.001361974963032609 -0.149817245933587
7.152 0.1437973058732853 0.1319705680328265 0.145158519274764 0.2817459256847628 -0.001361213401478727 -0.1497753576519363
7.154 0.1421562380606772 0.1324869846400787 0.1435166905391578 0.2822204774254635 -0.001360452478480572 -0.1497334927853848
7.156 0.1405005437695848 0.1328501054685474 0.1418602359629093 0.282541756782854 -0.001359692193324473 -0.1496916513143066
7.158 0.1388429675387547 0.1330630498833092 0.1402019000840525 0.2827128831024067 -0.001358932545297756 -0.1496498332190975
7.16 0.1371953630660205 0.1331299249166787 0.1385535365997092 0.2827379633968539 -0.001358173533688741 -0.1496080384801752
7.162 0.1355686476419138 0.1330556572556678 0.1369260627997005 0.2826219243336471 -0.001357415157786744 -0.1495662670779793
7.164 0.1339727830211688 0.1328458334337864 0.1353294404380509 0.2823703524267577 -0.001356657416882069 -0.1495245189929714
7.166 0.1324167789070442 0.1325065514245101 0.1337726792173102 0.2819893456301446 -0.001355900310266012 -0.1494827942056345
7.168 0.130908715130644 0.1320442858332062 0.1322638589678749 0.28148537852968 -0.001355143837230859 -0.1494410926964738
7.17 0.1294557787082451 0.1314657679986785 0.130810166705315 0.2808651824446945 -0.00135438799706988 -0.149399414446016
7.172 0.1280643122038956 0.1307778815662242 0.1294179449929729 0.2801356410010337 -0.001353632789077332 -0.1493577594348096
7.174 0.1267398701643226 0.1299875734881523 0.1280927483768711 0.279303701131577 -0.001352878212548453 -0.1493161276434246
7.176 0.1254872807869319 0.1291017799411548 0.1268394050537114 0.2783762989936079 -0.001352124266779466 -0.1492745190524531
7.178 0.1243107103966543 0.128127366311423 0.1256620813477219 0.2773602999539314 -0.001351370951067573 -0.1492329336425083
7.18 0.1232137287179128 0.1270710801724357 0.1245643469826237 0.276262451566661 -0.001350618264710954 -0.1491913713942254
7.182 0.1221993733147481 0.1259395160483475 0.1235492395217569 0.2750893483366083 -0.001349866207008765 -0.1491498322882607
7.184 0.1212702119240723 0.1247390907001716 0.1226193267013335 0.2738474070054642 -0.001349114777261139 -0.1491083163052926
7.186 0.1204284017167766 0.1234760276749565 0.1217767656915457 0.2725428511009771 -0.001348363974769182 -0.1490668234260206
7.188 0.1196757447859327 0.1221563499042191 0.1210233585847677 0.271181703535385 -0.001347613798834972 -0.1490253536311658
7.19 0.1190137393811813 0.1207858792136333 0.1203606036299429 0.269769786115104 -0.001346864248761557 -0.1489839069014707
7.192 0.1184436265858316 0.119370241700486 0.1197897419096846 0.2683127249181854 -0.001346115323852956 -0.1489424832176993
7.194 0.1179664322714199 0.1179148780392346 0.119311799294834 0.2668159605998715 -0.001345367023414151 -0.1489010825606369
7.196 0.1175830042680759 0.1164250578818689 0.118927623614827 0.2652847627929592 -0.001344619346751093 -0.1488597049110902
7.198 0.1172940447627264 0.1149058976236879 0.118637917055897 0.2637242478735751 -0.001343872293170695 -0.1488183502498872
7.2 0.117100137984895 0.1133623809021084 0.1184432638468759 0.2621393994599855 -0.001343125861980835 -0.1487770185578771
7.202 0.1170017732664686 0.1117993812839382 0.118344153318959 0.2605350910998688 -0.001342380052490348 -0.1487357098159306
7.204 0.1169993635709688 0.1102216866734716 0.1183409984349778 0.258916110678411 -0.001341634864009032 -0.1486944240049394
7.206 0.1170932595830074 0.1086340250381312 0.118434149878855 0.2572871861439477 -0.001340890295847637 -0.1486531611058166
7.208 0.1172837594330864 0.1070410911000986 0.1186239057804043 0.2556530121995947 -0.001340146347317876 -0.1486119210994962
7.21 0.1175711141092896 0.1054475736803604 0.118910517127022 0.2540182776472941 -0.001339403017732412 -0.1485707039669336
7.212 0.1179555285782858 0.1038581834066525 0.1192941888846907 0.2523876930957579 -0.00133866030640486 -0.1485295096891054
7.214 0.1184371586055978 0.1022776805074314 0.1197750768182475 0.2507660187544402 -0.001337918212649789 -0.1484883382470088
7.216 0.119016103231557 0.1007109024112111 0.1203532799673397 0.2491580920328739 -0.001337176735782716 -0.1484471896216627
7.218 0.1196923928266202 0.09916279085410187 0.1210288287017403 0.2475688546482085 -0.001336435875120107 -0.1484060637941066
7.22 0.1204659726202549 0.09763841816737603 0.1218016682502343 0.2460033789127771 -0.001335695629979372 -0.148364960745401
7.222 0.1213366815735174 0.0961430123720379 0.1226716375731963 0.2444668928286655 -0.00133495599967887 -0.1483238804566276
7.224 0.1223042264493244 0.09468198064869573 0.1236384434328623 0.2429648035575847 -0.001334216983537899 -0.148282822908889
7.226 0.1233681509294656 0.09326093067792135 0.1247016295103423 0.2415027187612299 -0.001333478580876703 -0.1482417880833085
7.228 0.1245277996367277 0.09188568926012478 0.1258605404277441 0.2400864652211552 -0.001332740791016461 -0.1482007759610305
7.23 0.1257822769478773 0.09056231752553265 0.1271142805611566 0.2387221040487527 -0.001332003613279295 -0.14815978652322
7.232 0.127130400533335 0.08929712193529965 0.1284616675803233 0.237415941686363 -0.001331267046988263 -0.1481188197510633
7.234 0.1285706496366147 0.08809666015727685 0.1299011807280821 0.2361745357830439 -0.001330531091467357 -0.148077875625767
7.236 0.1301011082158989 0.08696774077839423 0.1314309039619404 0.235004694906953 -0.001329795746041504 -0.1480369541285588
7.238 0.1317194032173366 0.08591741569463088 0.1330484642273731 0.2339134709353178 -0.001329061010036564 -0.1479960552406869
7.24 0.133422638439282 0.08495296390718474 0.1347509653220613 0.2329081428506051 -0.001328326882779326 -0.1479551789434203
7.242 0.135207324683037 0.08408186535884457 0.1365349180466345 0.2319961905768935 -0.001327593363597512 -0.1479143252180489
7.244 0.1370693071726677 0.08331176337932281 0.1383961676244874 0.2311852574252057 -0.001326860451819767 -0.1478734940458829
7.246 0.1390036915645213 0.08265041428713041 0.140329819711297 0.2304830996953837 -0.001326128146775665 -0.1478326854082533
7.248 0.1410047702541892 0.08210562273561292 0.1423301667019849 0.2298975220221247 -0.001325396447795704 -0.1477918992865118
7.25 0.1430659511194588 0.08168516151050659 0.1443906164736701 0.229436297172537 -0.001324665354211307 -0.1477511356620304
7.252 0.1451796912997625 0.08139667470701809 0.1465036261651173 0.22910706922322 -0.001323934865354816 -0.1477103945162019
7.254 0.1473374390873431 0.08124756355655305 0.1486606440679026 0.2289172393869925 -0.001323204980559494 -0.1476696758304394
7.256 0.1495295874669969 0.08124485465561662 0.1508520631661565 0.2288738342417934 -0.001322475699159522 -0.1476289795861768
7.258 0.1517454432540655 0.08139505098746022 0.1530671902745555 0.2289833567523283 -0.00132174702049 -0.147588305764868
7.26 0.1539732161000527 0.08170396692804521 0.1552942350439397 0.229251621276033 -0.001321018943886943 -0.1475476543479878
7.262 0.1562000318110069 0.08217654938827051 0.1575203232796941 0.2296835747053016 -0.001320291468687279 -0.1475070253170311
7.264 0.1584119743972188 0.08281668834602351 0.1597315389914477 0.2302831069995366 -0.001319564594228848 -0.1474664186535131
7.266 0.1605941609845025 0.08362702122669649 0.1619129993043529 0.2310528555656662 -0.001318838319850403 -0.1474258343389697
7.268 0.1627308531135284 0.08460873684099768 0.16404896575842 0.2319940091959545 -0.001318112644891606 -0.1473852723549568
7.27 0.164805606989788 0.08576138580212014 0.1661229945584811 0.2331061184851709 -0.001317387568693026 -0.1473447326830508
7.272 0.1668014639002265 0.08708270541735913 0.1681181269908227 0.2343869207222072 -0.001316663090596139 -0.1473042153048481
7.274 0.1687011802913715 0.08856846786259404 0.1700171195013148 0.2358321880645596 -0.001315939209943328 -0.1472637202019656
7.276 0.1704874949526393 0.09021236087363951 0.1718027108787172 0.2374356082296798 -0.001315215926077875 -0.1472232473560403
7.278 0.1721434284573424 0.09200591010307985 0.1734579216956863 0.2391887068518092 -0.001314493238343969 -0.1471827967487293
7.28 0.1736526076197626 0.09393845159368547 0.1749663787658493 0.2410808199553954 -0.001313771146086696 -0.14714236836171
7.282 0.1749996054057613 0.09599716144585752 0.1763126550544134 0.2430991236225372 -0.001313049648652043 -0.1471019621766797
7.284 0.1761702846938221 0.09816714769918247 0.177482613439209 0.2452287258745386 -0.001312328745386896 -0.1470615781753561
7.286 0.1771521327411929 0.1004316067690635 0.1784637411768319 0.2474528231085403 -0.001311608435639032 -0.1470212163394767
7.288 0.17793457236817 0.1027720436139862 0.1792454610869271 0.2497529202647855 -0.001310888718757128 -0.1469808766507993
7.29 0.1785092358932241 0.1051685513638532 0.1798194054873148 0.2521091104549544 -0.001310169594090752 -0.1469405590911013
7.292 0.1788701888253033 0.1076001426793283 0.1801796398862937 0.2545004063215087 -0.001309451060990363 -0.1469002636421805
7.294 0.1790140922490024 0.1100451219283747 0.1803228253678097 0.2569051122142291 -0.001308733118807312 -0.1468599902858544
7.296 0.1789402956274706 0.1124814846496796 0.1802483113943644 0.2593012236536401 -0.001308015766893837 -0.1468197390039605
7.298 0.178650855204698 0.1148873289757139 0.1799581542093011 0.2616668387540703 -0.001307299004603065 -0.1467795097783564
7.3 0.1781504770432794 0.1172412628880341 0.1794570598745684 0.2639805654789533 -0.001306582831289007 -0.1467393025909192
7.302 0.1774463876686776 0.119522791454798 0.1787522549149841 0.2662219088783442 -0.00130586724630656 -0.1466991174235462
7.304 0.1765481389791416 0.1217126695285992 0.1778532912281531 0.2683716237867534 -0.001305152249011504 -0.1466589542581542
7.306 0.175467357224514 0.1237932076266134 0.1767717950632745 0.2704120207032935 -0.001304437838760499 -0.1466188130766801
7.308 0.1742174482239924 0.1257485216567214 0.1755211722389035 0.2723272155178018 -0.001303724014911087 -0.1465786938610803
7.31 0.1728132724383859 0.1275647205157856 0.1741162832152076 0.2741033171091168 -0.001303010776821686 -0.1465385965933312
7.312 0.1712708039908484 0.1292300290742501 0.1725731021147 0.2757285503296787 -0.001302298123851594 -0.1464985212554286
7.314 0.1696067872921863 0.1307348473922913 0.1709083733475473 0.2771933152216796 -0.001301586055360984 -0.1464584678293883
7.316 0.1678384037030891 0.1320717499501698 0.1691392782738 0.2784901862474153 -0.001300874570710902 -0.1464184362972455
7.318 0.1659829588412388 0.1332354310480518 0.1672831225105021 0.279613857689107 -0.001300163669263267 -0.1463784266410552
7.32 0.1640575989304213 0.1342226042400393 0.1653570522808022 0.2805610430829313 -0.001299453350380872 -0.146338438842892
7.322 0.1620790622065319 0.1350318646891375 0.1633778058199593 0.2813303375739875 -0.001298743613427376 -0.14629847288485
7.324 0.1600634690344553 0.13566352370267 0.1613615034922226 0.2819220524517128 -0.00129803445776731 -0.1462585287490428
7.326 0.1580261522082869 0.1361194245161985 0.1593234780910529 0.2823380309338022 -0.001297325882766072 -0.1462186064176037
7.328 0.1559815270176643 0.1364027477533345 0.1572781449054542 0.2825814536260198 -0.001296617887789921 -0.1461787058726852
7.33 0.1539429991312378 0.136517814026365 0.1552389096034437 0.2826566411228248 -0.001295910472205988 -0.1461388270964598
7.332 0.1519229072000023 0.1364698899831986 0.1532181108353845 0.2825688600543176 -0.00129520363538226 -0.146098970071119
7.334 0.1499324963094454 0.1362650028619745 0.151226993686133 0.2823241376408481 -0.001294497376687591 -0.1460591347788737
7.336 0.1479819179745531 0.1359097673785336 0.1492757096700448 0.2819290885804879 -0.001293791695491689 -0.1460193212019543
7.338 0.1460802522261893 0.1354112276135349 0.1473733388173544 0.2813907569361457 -0.001293086591165128 -0.1459795293226109
7.34 0.1442355474236786 0.1347767155331444 0.1455279294867579 0.2807164746562567 -0.001292382063079332 -0.1459397591231122
7.342 0.1424548736861373 0.1340137268969849 0.1437465517967439 0.279913737482732 -0.001291678110606587 -0.1459000105857471
7.344 0.1407443862106579 0.1331298145896874 0.1420353609437779 0.2789900982825103 -0.001290974733120029 -0.1458602836928229
7.346 0.1391093951905983 0.1321324988556644 0.140399667120592 0.2779530772823313 -0.001290271929993648 -0.1458205784266668
7.348 0.1375544395215887 0.1310291935083451 0.138844009222191 0.2768100882779702 -0.001289569700602291 -0.1457808947696251
7.35 0.1360833619567662 0.1298271469081011 0.1373722300010879 0.2755683796121641 -0.001288868044321646 -0.145741232704063
7.352 0.134699383823933 0.1285333963373608 0.1359875507844613 0.2742349885497261 -0.001288166960528257 -0.1457015922123653
7.354 0.1334051778301367 0.1271547343256751 0.1346926442787362 0.2728167076026108 -0.001287466448599513 -0.1456619732769357
7.356 0.1322029378457126 0.1256976854722779 0.1334897043536262 0.271320061352475 -0.00128676650791365 -0.1456223758801971
7.358 0.1310944448763689 0.12416849236118 0.1323805120142187 0.2697512923657715 -0.001286067137849748 -0.1455828000045915
7.36 0.1300811286973566 0.1225731092477752 0.1313664970351443 0.2681163548803551 -0.00128536833778773 -0.1455432456325799
7.362 0.1291641248412455 0.1209172023038752 0.1304487949483539 0.2664209150505177 -0.001284670107108362 -0.1455037127466425
7.364 0.1283443268042804 0.1192061553298912 0.1296282992494736 0.2646703566591697 -0.001283972445193251 -0.1454642013292785
7.366 0.1276224334697227 0.1174450799694154 0.1289057088211475 0.2628697913324213 -0.001283275351424842 -0.1454247113630059
7.368 0.1269989918459614 0.1156388295876509 0.1282815706711478 0.2610240724180128 -0.001282578825186418 -0.145385242830362
7.37 0.1264744352875926 0.1137920160967314 0.1277563181534546 0.2591378118106341 -0.0012818828658621 -0.1453457957139027
7.372 0.1260491174132478 0.1119090291240429 0.1273303048860846 0.257215399120246 -0.001281187472836843 -0.1453063699962032
7.374 0.1257233419599498 0.1099940570235902 0.1270038346054462 0.2552610226834474 -0.001280492645496436 -0.1452669656598572
7.376 0.125497388823724 0.1080511093240498 0.1267771872069515 0.2532786920115273 -0.0012797983832275 -0.1452275826874775
7.378 0.1253715365331667 0.10608404028944 0.1266506412185842 0.2512722613511359 -0.001279104685417488 -0.1451882210616958
7.38 0.125346081389911 0.1040965733401774 0.1266244929413657 0.2492454541053399 -0.001278411551454684 -0.1451488807651626
7.382 0.1254213534894653 0.1020923261441994 0.1266990724701935 0.2472018879247462 -0.001277718980728197 -0.1451095617805468
7.384 0.1255977298095143 0.1000748362394012 0.1268747567821422 0.245145100329938 -0.001277026972627964 -0.1450702640905367
7.386 0.1258756445220738 0.09804758709131595 0.1271519800486186 0.2430785747691549 -0.001276335526544752 -0.145030987677839
7.388 0.1262555966518878 0.09601403452456908 0.1275312412937579 0.2410057670497481 -0.001275644641870145 -0.144991732525179
7.39 0.1267381551669342 0.09397763349253896 0.1280131094849307 0.23893013210784 -0.001274954317996558 -0.144952498615301
7.392 0.1273239615486244 0.09194186516829397 0.1285982261029416 0.2368551510992617 -0.001274264554317222 -0.1449132859309677
7.394 0.1280137298495139 0.0899102643517265 0.12928730519974 0.2347843588066872 -0.001273575350226189 -0.1448740944549607
7.396 0.1288082442055717 0.08788644719176117 0.13008113091069 0.2327213713618412 -0.001272886705118334 -0.14483492417008
7.398 0.1297083537285759 0.08587413921977483 0.1309805523469653 0.230669914278919 -0.001272198618389345 -0.1447957750591442
7.4 0.1307149646620543 0.08387720368068774 0.1319864757514901 0.2286338507856784 -0.001271511089435728 -0.1447566471049906
7.402 0.1318290296420682 0.08189967013013016 0.1330998537597231 0.2266172104206052 -0.001270824117654807 -0.1447175402904751
7.404 0.1330515338622113 0.07994576324027017 0.134321671564656 0.224624217838742 -0.001270137702444715 -0.1446784545984718
7.406 0.1343834779008622 0.07801993172254773 0.1356529297440666 0.2226593217344213 -0.0012694518432044 -0.1446393900118736
7.408 0.1358258569292896 0.07612687723077097 0.1370946234686233 0.2207272237443627 -0.001268766539333621 -0.1446003465135917
7.41 0.1373796359822363 0.07427158305301806 0.1386477177724693 0.2188329071395739 -0.001268081790232946 -0.1445613240865559
7.412 0.1390457209395093 0.07245934233430507 0.140313118534813 0.2169816650480192 -0.001267397595303754 -0.1445223227137142
7.414 0.1408249248401029 0.07069578549207567 0.1420916387940512 0.2151791278701088 -0.001266713953948227 -0.1444833423780331
7.416 0.1427179291316348 0.06898690639308225 0.1439839599972042 0.2134312894555798 -0.001266030865569356 -0.1444443830624976
7.418 0.1447252394497572 0.06733908675242445 0.1459905877793282 0.2117445315025352 -0.001265348329570936 -0.1444054447501108
7.42 0.1468471355294863 0.06575911809161838 0.1481118018748438 0.2101256455155127 -0.001264666345357565 -0.1443665274238943
7.422 0.1490836148765713 0.06425422045366305 0.1503475997889059 0.208581851520551 -0.001263984912334643 -0.144327631066888
7.424 0.1514343298770459 0.0628320569195524 0.1526976339069542 0.2071208125817022 -0.00126330402990837 -0.1442887556621498
7.426 0.1538985181040532 0.06150074280335807 0.155161141801539 0.2057506439961143 -0.001262623697485747 -0.1442499011927562
7.428 0.1564749256985823 0.06026884822575748 0.1577368696130569 0.2044799158675592 -0.001261943914474571 -0.1442110676418017
7.43 0.1591617238620124 0.05914539258328205 0.1604229885422958 0.2033176475756812 -0.001261264680283438 -0.1441722549923992
7.432 0.1619564187122164 0.05813982924878472 0.1632170047065382 0.2022732924764641 -0.001260585994321738 -0.1441334632276794
7.434 0.1648557550275188 0.05726201866821104 0.1661156628835185 0.2013567109990026 -0.001259907855999657 -0.1440946923307915
7.436 0.1678556147412489 0.05652218787194915 0.1691148450059771 0.2005781301568519 -0.001259230264728171 -0.1440559422849027
7.438 0.1709509114595461 0.05593087431195096 0.1722094646794652 0.1999480873851493 -0.00125855321991905 -0.1440172130731983
7.44 0.1741354827585924 0.05549885188873388 0.1753933594795773 0.1994773565676156 -0.001257876720984854 -0.1439785046788817
7.442 0.1774019825723392 0.05523703706895375 0.1786591833396781 0.1991768541541281 -0.001257200767338932 -0.1439398170851743
7.444 0.1807417766017912 0.05515637314141844 0.1819983019601867 0.1990575234167339 -0.00125652535839542 -0.1439011502753155
7.446 0.1841448443462345 0.05526769094678091 0.1854006948398037 0.1991301951793436 -0.001255850493569242 -0.1438625042325627
7.448 0.1875996920504254 0.05558154487405909 0.1888548682227015 0.1994054238142506 -0.001255176172276107 -0.1438238789401915
7.45 0.1910932815451625 0.05610802357371908 0.192347783939095 0.1998932979552142 -0.001254502393932508 -0.1437852743814951
7.452 0.1946109805826123 0.05685653571608809 0.1958648097405681 0.200603226255873 -0.001253829157955719 -0.1437466905397849
7.454 0.1981365407707212 0.05783557223854258 0.199389697234485 0.2015436996369326 -0.001253156463763798 -0.1437081273983901
7.456 0.2016521095211528 0.05905244787441655 0.2029045938319284 0.2027220328150742 -0.001252484310775583 -0.1436695849406577
7.458 0.2051382824587831 0.06051302631886851 0.2063900951571938 0.2041440894688212 -0.00125181269841069 -0.1436310631499527
7.46 0.2085742024131809 0.06222143511441541 0.2098253440392704 0.2058139971240734 -0.001251141626089513 -0.143592562009658
7.462 0.2119377103397281 0.06417977815228132 0.2131881814329613 0.2077338596554553 -0.001250471093233223 -0.143554081503174
7.464 0.2152055522348376 0.06638785547406983 0.2164553533341014 0.2099034770879889 -0.001249801099263764 -0.1435156216139191
7.466 0.2183536442735938 0.06884290167747698 0.2196027759171977 0.2123200840028065 -0.00124913164360386 -0.1434771823253295
7.468 0.2213573960091361 0.07153935550928384 0.2226058587348131 0.2149781191301428 -0.001248462725677 -0.143438763620859
7.47 0.2241920885863179 0.07446867398527571 0.2254398829312254 0.217869039469255 -0.00124779434490745 -0.1434003654839793
7.472 0.2268333016525004 0.0776192044269772 0.2280804281532206 0.2209811923251567 -0.001247126500720244 -0.1433619878981795
7.474 0.2292573791795583 0.08097612699198667 0.2305038383720995 0.2242997578389533 -0.001246459192541187 -0.1433236308469667
7.476 0.2314419209907648 0.08452147849331612 0.2326877134105616 0.2278067728071815 -0.00124579241979685 -0.1432852943138653
7.478 0.2333662837062039 0.08823426552227306 0.2346114098881185 0.2314812438046908 -0.00124512618191457 -0.1432469782824177
7.48 0.2350120723964316 0.0920906711748801 0.236256532874754 0.2352993539110637 -0.001244460478322451 -0.1432086827361836
7.482 0.2363636027706306 0.09606435521019135 0.23760739807908 0.2392347628689317 -0.001243795308449361 -0.1431704076587403
7.484 0.2374083134709746 0.1001268425184063 0.2386514441426996 0.2432589955520891 -0.001243130671724931 -0.1431321530336828
7.486 0.2381371091580365 0.1042479897148542 0.239379575725616 0.2473419085594777 -0.001242466567579552 -0.1430939188446235
7.488 0.23854461758693 0.1083965149255336 0.2397864205823744 0.2514522200007259 -0.001241802995444378 -0.1430557050751923
7.49 0.2386293476803072 0.1125405718167375 0.2398704876350585 0.2555580835257742 -0.00124113995475132 -0.1430175117090367
7.492 0.2383937404519439 0.1166483460270949 0.239634217896877 0.2596276847569166 -0.001240477444933049 -0.1429793387298216
7.494 0.23784411015229 0.1206886506725884 0.239083925617713 0.2636298367938176 -0.001239815465422991 -0.1429411861212292
7.496 0.2369904787435539 0.1246314976621106 0.2382296327592092 0.2675345515290699 -0.001239154015655329 -0.1429030538669592
7.498 0.2358463122896601 0.1284486231757429 0.2370848053847251 0.2713135651264718 -0.001238493095065001 -0.1428649419507288
7.5 0.2344281726192282 0.1321139486600363 0.2356660053223159 0.2749407990163088 -0.001237832703087695 -0.1428268503562725
7.502 0.2327553013250103 0.1356039627865197 0.2339924741641702 0.2783927418538616 -0.001237172839159854 -0.1427887790673419
7.504 0.2308491555620746 0.1388980146138148 0.2320856690647933 0.281648742681521 -0.001236513502718671 -0.1427507280677062
7.506 0.2287329161014891 0.1419785132632128 0.2299687707946912 0.2846912106043646 -0.001235854693202088 -0.1427126973411519
7.508 0.2264309877319578 0.1448310343418898 0.2276661841420066 0.2875057212133724 -0.001235196410048797 -0.1426746868714825
7.51 0.2239685105462514 0.1474443377664924 0.2252030491989497 0.2900810344090115 -0.001234538652698235 -0.1426366966425191
7.512 0.2213708981573871 0.1498103052821581 0.2226047795779777 0.2924090319202579 -0.001233881420590587 -0.1425987266380998
7.514 0.2186634157678145 0.1519238086712761 0.2198966404809813 0.2944845855133559 -0.001233224713166781 -0.1425607768420799
7.516 0.2158708075785465 0.1537825213450443 0.217103376108415 0.2963053685833762 -0.001232568529868491 -0.1425228472383319
7.518 0.2130169795631624 0.1553866867477749 0.2142488924333006 0.2978716245585205 -0.00123191287013813 -0.1424849378107456
7.52 0.2101247403865483 0.1567388568890429 0.2113559981199671 0.2991859054322705 -0.001231257733418856 -0.1424470485432277
7.522 0.2072156003979333 0.1578436135126007 0.2084462035170878 0.3002527929323028 -0.001230603119154565 -0.1424091794197021
7.524 0.2043096262821253 0.1587072830972421 0.2055395753089152 0.301078613521352 -0.001229949026789891 -0.1423713304241099
7.526 0.2014253471614763 0.1593376552466584 0.2026546426172465 0.3016711567870676 -0.001229295455770209 -0.1423335015404091
7.528 0.1985797067002097 0.1597437122311118 0.1998083491057513 0.3020394049836867 -0.001228642405541627 -0.1422956927525749
7.53 0.1957880550273512 0.1599353756351491 0.1970160449029022 0.3021932796797485 -0.001227989875550991 -0.1422579040445994
7.532 0.1930641739966235 0.1599232743508289 0.1942915118618694 0.3021434097513206 -0.001227337865245879 -0.1422201354004917
7.534 0.1904203293585341 0.1597185366113453 0.1916470157326088 0.3019009234156232 -0.001226686374074603 -0.1421823868042779
7.536 0.1878673437438376 0.1593326074308938 0.1890933791453238 0.3014772656708948 -0.001226035401486209 -0.142144658240001
7.538 0.1854146848685031 0.1587770917228761 0.1866400698154336 0.3008840414145972 -0.001225384946930468 -0.1421069496917211
7.54 0.1830705639958161 0.1580636225097319 0.184295299005674 0.3001328836532469 -0.001224735009857888 -0.142069261143515
7.542 0.1808420403696702 0.1572037529990973 0.18206612595939 0.2992353455785738 -0.0012240855897197 -0.1420315925794766
7.544 0.1787351280187697 0.156208870858468 0.1799585647047376 0.2982028148421844 -0.001223436685967864 -0.1419939439837164
7.546 0.176754901988956 0.1550901327455559 0.177977690287011 0.2970464480859178 -0.001222788298055065 -0.1419563153403618
7.548 0.1749056016656843 0.1538584170131577 0.176127742091119 0.2957771236467151 -0.001222140425434715 -0.1419187066335574
7.55 0.1731907293872665 0.1525242924763444 0.1744122224548275 0.2944054103238083 -0.001221493067560948 -0.141881117847464
7.552 0.1716131430150787 0.1510980011793723 0.1728339892389673 0.2929415501456317 -0.001220846223888621 -0.1418435489662594
7.554 0.1701751415167746 0.1495894532052778 0.1713953414106479 0.2913954531794163 -0.001220199893873312 -0.1418059999741385
7.556 0.168878542937201 0.1480082317137834 0.1700980970141723 0.2897767025690958 -0.001219554076971322 -0.1417684708553125
7.558 0.1677247543829265 0.1463636065554855 0.1689436631555661 0.2880945681494948 -0.001218908772639668 -0.1417309615940093
7.56 0.1667148338381092 0.1446645549804758 0.1679330978184453 0.2863580271549497 -0.001218263980336085 -0.1416934721744739
7.562 0.1658495437684946 0.1429197881266032 0.1670671634680136 0.2845757907075706 -0.001217619699519027 -0.1416560025809674
7.564 0.1651293965650752 0.1411377821299021 0.1663463724947229 0.28275633492767 -0.001216975929647663 -0.141618552797768
7.566 0.1645546919367259 0.1393268128421338 0.1657710246069078 0.2809079356513041 -0.001216332670181875 -0.1415811228091703
7.568 0.1641255463885808 0.1374949932633754 0.165341236309163 0.2790387058628609 -0.001215689920582262 -0.1415437125994855
7.57 0.1638419149271037 0.1356503128997746 0.1650569626074138 0.2771566350528161 -0.001215047680310131 -0.1415063221530415
7.572 0.1637036051192743 0.1338006783361589 0.1649180110681019 0.2752696297903415 -0.001214405948827505 -0.1414689514541826
7.574 0.1637102836074182 0.1319539543688224 0.1649240483330153 0.2733855548560921 -0.001213764725597112 -0.1414316004872696
7.576 0.1638614751480877 0.1301180050757946 0.1650745991581701 0.2715122743124748 -0.001213124010082393 -0.1413942692366802
7.578 0.1641565542076789 0.1283007342100543 0.1653690380094264 0.2696576918968622 -0.001212483801747495 -0.1413569576868079
7.58 0.1645947291135523 0.1265101242851149 0.1658065732136096 0.2678297901071783 -0.001211844100057272 -0.1413196658220634
7.582 0.1651750187321201 0.1247542736830497 0.1663862236365974 0.266036667309923 -0.001211204904477283 -0.1412823936268733
7.584 0.1658962216291784 0.1230414310534438 0.1671067878436522 0.2642865721391247 -0.001210566214473794 -0.1412451410856808
7.586 0.1667568776678495 0.1213800261878459 0.1679668056973633 0.2625879343707915 -0.001209928029513771 -0.1412079081829457
7.588 0.1677552220213563 0.1197786964508721 0.1689645123704211 0.2609493913540158 -0.001209290349064885 -0.1411706949031438
7.59 0.1688891316270231 0.1182463077285241 0.1700977847996186 0.2593798089592916 -0.001208653172595506 -0.1411335012307675
7.592 0.1701560641911501 0.1167919687194006 0.1713640806907248 0.2578882958697262 -0.001208016499574706 -0.1410963271503256
7.594 0.171552989978185 0.1154250372511031 0.1727603703076572 0.2564842098974461 -0.001207380329472253 -0.141059172646343
7.596 0.1730763167884408 0.114155117159482 0.1742830614501995 0.255177154862843 -0.001206744661758618 -0.1410220377033609
7.598 0.174721808753636 0.1129920441304732 0.175927918249541 0.2539769664364103 -0.001206109495904964 -0.1409849223059371
7.6 0.176484499864259 0.1119458587862835 0.1776899746956422 0.2528936852249288 -0.001205474831383151 -0.1409478264386453
7.602 0.1783586034910443 0.1110267652141604 0.1795634441587101 0.2519375153002358 -0.001204840667665733 -0.1409107500860755
7.604 0.1803374195774295 0.1102450731045869 0.1815416265816555 0.2511187663374209 -0.001204207004225961 -0.140873693232834
7.606 0.1824132416580164 0.1096111217084814 0.1836168154985541 0.2504477775720246 -0.001203573840537773 -0.1408366558635431
7.608 0.1845772663924891 0.1091351839638947 0.1857802075685649 0.2499348219267363 -0.001202941176075803 -0.1407996379628416
7.61 0.1868195088820196 0.108827349407399 0.1880218178923349 0.2495899889227832 -0.001202309010315371 -0.1407626395153842
7.612 0.1891287276327446 0.108697384900981 0.1903304049754771 0.2494230454068226 -0.001201677342732489 -0.1407256605058416
7.614 0.1914923636157681 0.1087545727961862 0.192693409788572 0.2494432737150872 -0.001201046172803856 -0.140688700918901
7.616 0.1938964984030528 0.1090075269432934 0.1950969139030597 0.2496592876825586 -0.001200415500006859 -0.1406517607392652
7.618 0.1963258367779788 0.1094639879454637 0.1975256221017984 0.2500788278971171 -0.001199785323819568 -0.1406148399516534
7.62 0.1987637194631398 0.1101306002536068 0.1999628751068606 0.2507085387944076 -0.001199155643720742 -0.1405779385408008
7.622 0.2011921716050999 0.1110126750759654 0.2023906980642898 0.2515537315674239 -0.00119852645918982 -0.1405410564914585
7.624 0.2035919923298401 0.1121139445930848 0.204789890099547 0.2526181383814784 -0.001197897769706924 -0.1405041937883936
7.626 0.2059428899627354 0.1134363145521783 0.2071401595374883 0.2539036649685676 -0.00119726957475286 -0.1404673504163893
7.628 0.208223666336845 0.1149796238647978 0.2094203082106541 0.2554101502250425 -0.001196641873809112 -0.1404305263602447
7.63 0.2104124519596654 0.1167414212202215 0.2116084666260233 0.2571351428249962 -0.001196014666357845 -0.1403937216047747
7.632 0.2124869916750692 0.1187167698033201 0.2136823796269511 0.2590737059381304 -0.001195387951881901 -0.1403569361348103
7.634 0.2144249778973688 0.1208980918092349 0.2156197396272336 0.2612182617444331 -0.0011947617298648 -0.1403201699351982
7.636 0.216204425614136 0.1232750644196403 0.2173985616139267 0.2635584874104415 -0.001194135999790738 -0.1402834229908012
7.638 0.2178040803200883 0.1258345781128665 0.2189975910812329 0.2660812733993642 -0.001193510761144587 -0.1402466952864977
7.64 0.2192038470762346 0.1285607665368968 0.2203967330896465 0.268770753344079 -0.001192886013411891 -0.1402099868071822
7.642 0.2203852262448684 0.1314351146605896 0.2215774880009472 0.2716084121983544 -0.001192261756078868 -0.1401732975377648
7.644 0.2213317394077652 0.1344366486013475 0.2225233773963976 0.274573276064519 -0.001191637988632411 -0.1401366274631715
7.646 0.2220293277940732 0.137542206570061 0.2232203425046333 0.2776421831384049 -0.001191014710560078 -0.1400999765683439
7.648 0.2224667054368414 0.1407267860281635 0.2236570973581914 0.2807901308664031 -0.001190391921350101 -0.1400633448382396
7.65 0.2226356503711485 0.1439639577439641 0.2238254199916399 0.2839906900017958 -0.00118976962049138 -0.1400267322578316
7.652 0.2225312195001417 0.1472263333372176 0.2237203673076151 0.2872164721493267 -0.001189147807473482 -0.139990138812109
7.654 0.2221518761792726 0.1504860694821046 0.2233404026610592 0.2904396339681809 -0.001188526481786642 -0.1399535644860763
7.656 0.2214995238733742 0.1537153895258074 0.222687429516296 0.2936323987905611 -0.001187905642921759 -0.1399170092647537
7.658 0.2205794440931892 0.1568871021129869 0.2217667293835596 0.296767575246164 -0.001187285290370398 -0.1398804731331771
7.66 0.2194001418192333 0.1599750966019322 0.2205868072428581 0.2998190526783301 -0.001186665423624787 -0.139843956076398
7.662 0.2179731063557255 0.1629547965958333 0.2191591523979033 0.3027622546753168 -0.001186046042177816 -0.1398074580794835
7.664 0.2163124996412372 0.165803555639839 0.2174979267867602 0.3055745347673554 -0.001185427145523038 -0.1397709791275163
7.666 0.2144347871692525 0.1685009827816959 0.2156195959024071 0.3082355019872906 -0.001184808733154664 -0.1397345192055947
7.668 0.2123583286441437 0.1710291899171498 0.2135425194487113 0.3107272682159822 -0.001184190804567568 -0.1396980782988324
7.67 0.2101029462436278 0.1733729572669419 0.2112865196028851 0.3130346136593007 -0.001183573359257278 -0.1396616563923588
7.672 0.2076894879289629 0.1755198175969629 0.2088724443256829 0.3151450710682817 -0.001182956396719984 -0.1396252534713187
7.674 0.2051394017945612 0.1774600635889036 0.2063217417110138 0.317048933109776 -0.001182339916452529 -0.1395888695208724
7.676 0.2024743352074593 0.1791866858682744 0.2036560591254117 0.31873919039447 -0.001181723917952412 -0.1395525045261956
7.678 0.1997157697242022 0.1806952514643072 0.20089687812492 0.3202114099367867 -0.001181108400717787 -0.1395161584724795
7.68 0.1968846997623829 0.1819837338705194 0.1980651931266304 0.3214635652154502 -0.001180493364247461 -0.1394798313449307
7.682 0.1940013599945155 0.1830523064369798 0.1951812388025564 0.3224958295657511 -0.001179878808040893 -0.1394435231287713
7.684 0.1910850036302801 0.1839031106567144 0.1922642683618783 0.3233103444659531 -0.001179264731598193 -0.1394072338092387
7.686 0.18815373130835 0.1845400101525054 0.1893323824427701 0.323910973524091 -0.001178651134420123 -0.1393709633715856
7.688 0.1852243683214887 0.1849683399873825 0.1864024063374968 0.3243030517884626 -0.001178038016008091 -0.1393347118010801
7.69 0.1823123863863564 0.1851946594717581 0.1834898117622206 0.3244931385547637 -0.001177425375864157 -0.1392984790830056
7.692 0.1794318651355105 0.1852265150672026 0.1806086783490015 0.3244887802698634 -0.001176813213491024 -0.1392622652026608
7.694 0.1765954879113441 0.1850722184121219 0.1777716894397362 0.3242982885574818 -0.001176201528392045 -0.1392260701453598
7.696 0.173814566219065 0.1847406430097602 0.1749901565391362 0.3239305369061921 -0.001175590320071215 -0.1391898938964319
7.698 0.1710990872757098 0.18424104178793 0.1722740668637429 0.3233947782291514 -0.001174979588033176 -0.1391537364412214
7.7 0.168457779398284 0.1835828865995791 0.1696321487300672 0.3227004843646671 -0.001174369331783211 -0.1391175977650881
7.702 0.1658981904369439 0.1827757297992631 0.1670719499877711 0.32185720765267 -0.001173759550827246 -0.1390814778534069
7.704 0.1634267750169089 0.1818290873010762 0.1645999252615808 0.3208744639926443 -0.001173150244671849 -0.1390453766915681
7.706 0.1610489869527418 0.1807523419846042 0.162221528365566 0.3197616362495809 -0.001172541412824226 -0.1390092942649767
7.708 0.1587693738022034 0.179554665945915 0.1599413068569956 0.3185278965049683 -0.001171933054792224 -0.1389732305590533
7.71 0.1565916711035389 0.1782449598646832 0.1577629962736233 0.3171821454239165 -0.001171325170084327 -0.1389371855592333
7.712 0.1545188943711781 0.1768318076505296 0.1556896121293877 0.315732966901497 -0.001170717758209658 -0.1389011592509674
7.714 0.152553427397188 0.1753234445153413 0.1537235382158659 0.3141885961350626 -0.001170110818677973 -0.1388651516197213
7.716 0.150697105815115 0.1737277366710558 0.1518666101661147 0.3125568993220316 -0.001169504350999666 -0.1388291626509758
7.718 0.1489512952283394 0.1720521709542736 0.1501201935830251 0.3108453632845002 -0.001168898354685765 -0.1387931923302267
7.72 0.1473169634883108 0.1703038528124136 0.1484852563175587 0.3090610934553985 -0.001168292829247929 -0.1387572406429849
7.722 0.1457947469350176 0.1684895112381123 0.146962434709216 0.3072108188128885 -0.001167687774198452 -0.1387213075747761
7.724 0.1443850105885704 0.1666155093986512 0.1455520937776207 0.3053009025097925 -0.001167083189050257 -0.1386853931111413
7.726 0.1430879024126318 0.1646878598667555 0.1442543814859487 0.3033373571043918 -0.001166479073316899 -0.1386494972376363
7.728 0.1419034018650802 0.1627122435130372 0.1430692772915928 0.301325863452869 -0.001165875426512561 -0.1386136199398319
7.73 0.1408313630148258 0.1606940312651953 0.1419966352629779 0.2992717924685089 -0.001165272248152055 -0.1385777612033136
7.732 0.1398715525411345 0.1586383080713203 0.1410362220788853 0.2971802290850024 -0.00116466953775082 -0.1385419210136821
7.734 0.1390236829489688 0.1565498985240591 0.1401877502437938 0.295055997880612 -0.001164067294824921 -0.1385060993565529
7.736 0.1382874413348721 0.1544333937085314 0.1394509068537631 0.2929036899260878 -0.00116346551889105 -0.1384702962175564
7.738 0.1376625140259487 0.1522931789289751 0.1388253782354152 0.2907276905113127 -0.001162864209466522 -0.1384345115823376
7.74 0.137148607393213 0.1501334620485653 0.1383108707592823 0.288532207485122 -0.001162263366069276 -0.1383987454365568
7.742 0.1367454651121239 0.1479583022445418 0.1379071281003418 0.2863213000104304 -0.001161662988217872 -0.1383629977658887
7.744 0.1364528821091985 0.1457716390364651 0.13761394518463 0.284098907592488 -0.001161063075431493 -0.1383272685560229
7.746 0.1362707153960513 0.143577321491021 0.1374311790232812 0.2818688792836848 -0.001160463627229945 -0.1382915577926639
7.748 0.1361988919520478 0.1413791375431104 0.1373587565951815 0.2796350030046411 -0.001159864643133648 -0.1382558654615308
7.75 0.1362374137746178 0.13918084339965 0.1373966798972814 0.2774010349480076 -0.001159266122663644 -0.1382201915483575
7.752 0.1363863601730222 0.1369861930111757 0.1375450282383638 0.2751707290500685 -0.001158668065341593 -0.1381845360388928
7.754 0.1366458873374083 0.1347989676074424 0.1378039578080981 0.2729478665263423 -0.001158070470689772 -0.1381488989188998
7.756 0.1370162251704513 0.1326230052958492 0.1381736985086824 0.2707362854700058 -0.001157473338231071 -0.1381132801741567
7.758 0.137497671324414 0.1304622307168545 0.138654547991903 0.2685399105073105 -0.001156876667488997 -0.138077679790456
7.76 0.1380905823419864 0.1283206847384336 0.139246862799974 0.2663627824920386 -0.001156280457987671 -0.138042097753605
7.762 0.1387953617554924 0.1262025541506645 0.1399510464647442 0.2642090882000903 -0.001155684709251826 -0.1380065340494258
7.764 0.1396124449562346 0.1241122012923264 0.1407675343770414 0.2620831899560811 -0.001155089420806808 -0.1379709886637547
7.766 0.1405422806045264 0.1220541935032134 0.141696775196705 0.2599896550856564 -0.001154494592178573 -0.137935461582443
7.768 0.1415853083124172 0.120033332246967 0.1427392085353109 0.2579332850383233 -0.001153900222893687 -0.1378999527913563
7.77 0.1427419322963452 0.1180546816896376 0.1438952386088245 0.2559191439660126 -0.001153306312479327 -0.1378644622763749
7.772 0.144012490667268 0.1161235964480362 0.1451652035277313 0.2539525864714297 -0.001152712860463275 -0.1378289900233935
7.774 0.1453972200038704 0.1142457481371884 0.1465493398702443 0.2520392841555097 -0.001152119866373924 -0.1377935360183213
7.776 0.1468962148422433 0.1124271502481 0.1480477421719836 0.2501852504951821 -0.00115152732974027 -0.1377581002470822
7.778 0.1485093817163224 0.110674180774868 0.1496603169664143 0.2483968634704823 -0.001150935250091917 -0.1377226826956143
7.78 0.1502363874014531 0.1089936018828712 0.1513867310284122 0.2466808852327416 -0.001150343626959072 -0.1376872833498704
7.782 0.1520766010532602 0.1073925757686015 0.1532263535131327 0.2450444779644191 -0.001149752459872545 -0.1376519021958176
7.784 0.1540290300003993 0.1058786757079526 0.1551781917487631 0.24349521492739 -0.00114916174836375 -0.1376165392194374
7.786 0.1560922490497765 0.1044598911249498 0.1572408205417412 0.2420410855316755 -0.001148571491964702 -0.1375811944067257
7.788 0.1582643233024308 0.1031446253419766 0.1594123049926389 0.2406904930856696 -0.001147981690208017 -0.1375458677436929
7.79 0.1605427246643039 0.1019416845012493 0.1616901170069308 0.239452243717613 -0.001147392342626912 -0.1375105592163637
7.792 0.1629242424766268 0.1008602559832456 0.164071045925382 0.2383355247940227 -0.001146803448755199 -0.1374752688107771
7.794 0.1654048889913008 0.09990987450302455 0.1665511039994281 0.2373498710160109 -0.001146215008127292 -0.1374399965129864
7.796 0.1679798007826599 0.09910037395393262 0.1691254278029381 0.2365051162629919 -0.0011456270202782 -0.1374047423090592
7.798 0.1706431376223247 0.09844182300750906 0.1717881771070683 0.2358113291925868 -0.001145039484743531 -0.1373695061850777
7.8 0.1733879808471984 0.09794444249047293 0.1745324332482579 0.2352787306176108 -0.001144452401059482 -0.1373342881271379
7.802 0.1762062338162903 0.09761850266889965 0.1773500995850531 0.2349175907902499 -0.001143865768762851 -0.1372990881213502
7.804 0.1790885276691917 0.09747419880291056 0.1802318072565827 0.2347381049567501 -0.001143279587391026 -0.1372639061538395
7.806 0.1820241362453584 0.09752150372136426 0.1831668301018404 0.2347502459321089 -0.001142693856481988 -0.1372287422107447
7.808 0.1850009046694547 0.09776999673191483 0.186143013245029 0.2349635930101336 -0.001142108575574311 -0.1371935962782187
7.81 0.188005196710453 0.0982286689511627 0.1891467204546601 0.2353871372935917 -0.001141523744207156 -0.137158468342429
7.812 0.1910218665278821 0.09890570612772126 0.1921628058898024 0.2360290645172782 -0.001140939361920277 -0.137123358389557
7.814 0.1940342607605899 0.09980825124081763 0.1951746161888439 0.2368965176466159 -0.001140355428254017 -0.1370882664057982
7.816 0.197024257016595 0.1009421505733843 0.1981640289593443 0.2379953429507468 -0.001139771942749305 -0.1370531923773625
7.818 0.1999723446075045 0.1023116885432202 0.2011115335124522 0.2393298248336938 -0.001139188904947657 -0.1370181362904736
7.82 0.2028577527580372 0.1039193182625003 0.2039963590724284 0.2409024163938697 -0.001138606314391178 -0.1369830981313694
7.822 0.2056586304425982 0.1057653964876061 0.2067966546132207 0.2427134743739079 -0.001138024170622555 -0.1369480778863019
7.824 0.2083522804122012 0.1078479331909415 0.2094897228853863 0.2447610087324787 -0.001137442473185061 -0.1369130755415372
7.826 0.2109154478643274 0.1101623672797259 0.2120523090859499 0.2470404583630812 -0.001136861221622553 -0.1368780910833553
7.828 0.213324661612507 0.1127013808329871 0.2144609420279864 0.2495445053310374 -0.001136280415479467 -0.1368431244980503
7.83 0.2155566226261645 0.1154547644544749 0.2166923226804653 0.2522629402264052 -0.001135700054300827 -0.1368081757719304
7.832 0.2175886315900321 0.1184093457908885 0.2187237517276643 0.2551825906822059 -0.001135120137632231 -0.1367732448913174
7.834 0.2193990438929152 0.1215489918272274 0.2205335845579351 0.258287323669775 -0.001134540665019862 -0.1367383318425476
7.836 0.2209677374646497 0.1248546931976897 0.2221016991006602 0.2615581298096605 -0.001133961636010478 -0.1367034366119708
7.838 0.2222765764296486 0.1283047354784842 0.2234099594798 0.2649732946644352 -0.001133383050151418 -0.136668559185951
7.84 0.2233098519258408 0.1318749583958209 0.2244426568328314 0.2685086579466869 -0.001132804906990598 -0.136633699550866
7.842 0.2240546808998983 0.1355390993281118 0.2251869081059748 0.2721379570212193 -0.00113222720607651 -0.1365988576931075
7.844 0.224501344405475 0.1392692127316577 0.2256329943524332 0.2758332463307388 -0.001131649946958219 -0.1365640335990811
7.846 0.2246435489632516 0.1430361525580122 0.225774622092437 0.2795653798132183 -0.001131073129185368 -0.1365292272552061
7.848 0.224478597822583 0.146810100764949 0.2256090945748911 0.2833045394128649 -0.001130496752308172 -0.1364944386479159
7.85 0.224007463290185 0.1505611220221267 0.2251373841060624 0.2870207897857843 -0.00112992081587742 -0.1364596677636576
7.852 0.2232347563399543 0.1542597229711657 0.2243641016593988 0.2906846375600577 -0.00112934531944447 -0.136424914588892
7.854 0.2221685950811373 0.1578773940944156 0.2232973653436986 0.2942675732045095 -0.001128770262561256 -0.1363901791100939
7.856 0.2208203788936537 0.1613871134065639 0.221948574538434 0.2977425747203157 -0.001128195644780278 -0.1363554613137517
7.858 0.2192044797096042 0.164763793690993 0.2203321011752588 0.3010845548773606 -0.001127621465654606 -0.1363207611863676
7.86 0.2173378656654679 0.1679846586119132 0.2184649133902058 0.3042707373263707 -0.00112704772473788 -0.1362860787144575
7.862 0.215239674914681 0.1710295373959699 0.2163661493362654 0.3072809512805211 -0.001126474421584307 -0.1362514138845511
7.864 0.2129307586512331 0.1738810724965189 0.2140566602069818 0.3100978391797107 -0.001125901555748661 -0.1362167666831918
7.866 0.2104332123604523 0.176524839333397 0.2115585414872386 0.3127069764303336 -0.00112532912678628 -0.1361821370969366
7.868 0.2077699131147015 0.1789493814838654 0.2088946702489546 0.3150969065962215 -0.001124757134253069 -0.1361475251123561
7.87 0.2049640785921614 0.1811461683093746 0.2060882641698669 0.3172590990254093 -0.001124185577705496 -0.1361129307160347
7.872 0.2020388606930535 0.1831094847588909 0.2031624751497541 0.3191878386534614 -0.001123614456700594 -0.1360783538945705
7.874 0.1990169834567026 0.1848362649128573 0.2001400272274985 0.3208800595474322 -0.001123043770795957 -0.1360437946345749
7.876 0.1959204317253846 0.1863258817370442 0.1970429052449344 0.3223351346597173 -0.00112247351954974 -0.1360092529226731
7.878 0.1927701938941621 0.1875799055931656 0.1938920975966827 0.3235546343386696 -0.00112190370252066 -0.135974728745504
7.88 0.1895860593136746 0.1886018434425218 0.1907073936329426 0.3245420655322416 -0.001121334319267993 -0.1359402220897198
7.882 0.1863864685946101 0.1893968695488459 0.1875072339639616 0.3253026024908323 -0.001120765369351575 -0.1359057329419864
7.884 0.1831884132561298 0.189971557011316 0.1843086101084616 0.3258428183002991 -0.001120196852331798 -0.1358712612889831
7.886 0.1800073798746626 0.1903336177998363 0.1811270086424322 0.3261704249172392 -0.001119628767769616 -0.1358368071174029
7.888 0.1768573330920939 0.19049165726178 0.1779763942073205 0.3262940276757321 -0.001119061115226533 -0.1358023704139521
7.89 0.1737507314711239 0.1904549474324097 0.1748692253653885 0.3262228985977604 -0.001118493894264613 -0.1357679511653507
7.892 0.1706985701672747 0.1902332219884125 0.1718164972717212 0.3259667713467443 -0.001117927104446474 -0.1357335493583318
7.894 0.1677104446407711 0.1898364943849957 0.1688278053861064 0.3255356593646381 -0.001117360745335287 -0.1356991649796424
7.896 0.1647946300777806 0.1892748996359993 0.1659114248942754 0.3249396976520419 -0.001116794816494778 -0.1356647980160426
7.898 0.1619581717608308 0.1885585593370251 0.16307440107832 0.3241890077913309 -0.001116229317489222 -0.1356304484543058
7.9 0.1592069822632774 0.1876974688833362 0.1603226465111608 0.3232935851645554 -0.001115664247883449 -0.1355961162812192
7.902 0.1565459419935623 0.1867014053760883 0.1576610416008051 0.3222632068596714 -0.001115099607242837 -0.1355618014835831
7.904 0.1539790002481522 0.1855798544164106 0.1550935356432855 0.3211073584646217 -0.001114535395133315 -0.1355275040482111
7.906 0.151509274522476 0.1843419538290533 0.1526232461335974 0.3198351777909836 -0.00111397161112136 -0.1354932239619303
7.908 0.1491391463601471 0.1829964523071803 0.1502525546149211 0.3184554135187614 -0.001113408254773998 -0.1354589612115812
7.91 0.1468703524858967 0.1815516810022291 0.1479831978115556 0.3169763967862463 -0.001112845325658801 -0.1354247157840172
7.912 0.1447040703642257 0.1800155361748146 0.1458163531875696 0.3154060238409201 -0.00111228282334389 -0.1353904876661055
7.914 0.1426409976545227 0.1783954711545168 0.1437527184019207 0.313751747999243 -0.001111720747397928 -0.1353562768447262
7.916 0.1406814253000988 0.1766984960128403 0.1417925843974889 0.3120205793196131 -0.001111159097390125 -0.1353220833067728
7.918 0.1388253041993008 0.1749311835224894 0.1399359020721911 0.3102190905616415 -0.001110597872890236 -0.1352879070391521
7.92 0.1370723055673303 0.1730996801469691 0.1381823426407988 0.3083534281757531 -0.001110037073468555 -0.1352537480287839
7.922 0.1354218752161337 0.1712097209714567 0.1365313519148297 0.3064293272340581 -0.001109476698695922 -0.1352196062626015
7.924 0.1338732820634321 0.169266647644266 0.1349821988115758 0.3044521293718171 -0.001108916748143718 -0.1351854817275511
7.926 0.1324256612359721 0.1672754285440895 0.133534018457356 0.3024268029546817 -0.001108357221383863 -0.1351513744105922
7.928 0.1310780521633779 0.1652406805208251 0.1321858502813667 0.3003579648195228 -0.001107798117988818 -0.1351172842986977
7.93 0.1298294320722171 0.163166691676641 0.1309366715097487 0.298249903055494 -0.001107239437531582 -0.135083211378853
7.932 0.128678745288604 0.1610574447579751 0.1297854264681897 0.2961066003960324 -0.001106681179585694 -0.1350491556380574
7.934 0.1276249287463794 0.1589166408201257 0.1287310520901047 0.2939317578834484 -0.00110612334372523 -0.1350151170633226
7.936 0.1266669340790644 0.1567477229046366 0.1277725000085892 0.2917288185463106 -0.0011055659295248 -0.134981095641674
7.938 0.125803746649488 0.1545538995362693 0.1269087555860476 0.2895009908964189 -0.001105008936559552 -0.1349470913601496
7.94 0.1250344018434813 0.1523381679027467 0.1261388542078865 0.2872512721085474 -0.00110445236440517 -0.1349131042058007
7.942 0.1243579989245808 0.1501033366280445 0.1254618951372187 0.2849824707937361 -0.001103896212637869 -0.1348791341656916
7.944 0.1237737127160725 0.147852048089058 0.1248770531969069 0.2826972293159575 -0.0011033404808344 -0.1348451812268995
7.946 0.1232808033460122 0.1455868002577047 0.1243835885145842 0.2803980456342195 -0.001102785168572045 -0.1348112453765148
7.948 0.1228786242604732 0.1433099680770943 0.1239808545359018 0.2780872946787351 -0.001102230275428618 -0.1347773266016408
7.95 0.1225666286804306 0.1410238244013751 0.123668304481413 0.2757672492907689 -0.001101675800982465 -0.1347434248893938
7.952 0.1223443746485692 0.1387305605454341 0.1234454963933816 0.273440100772337 -0.00110112174481246 -0.1347095402269028
7.954 0.1222115287842091 0.1364323065039583 0.1233120968907071 0.2711079791052686 -0.001100568106498009 -0.1346756726013102
7.956 0.1221678688369721 0.1341311509086514 0.1232678837225912 0.2687729729084224 -0.001100014885619045 -0.1346418219997711
7.958 0.1222132851030934 0.1318291607994252 0.1233127471848495 0.2664371492088786 -0.001099462081756028 -0.1346079884094534
7.96 0.1223477807420144 0.1295284012892496 0.1234466904365044 0.2641025731067875 -0.001098909694489946 -0.134574171817538
7.962 0.1225714710049908 0.1272309552046253 0.1236698287283931 0.261771327415844 -0.001098357723402313 -0.1345403722112187
7.964 0.122884581361625 0.1249389427826897 0.1239823875297002 0.2594455323603918 -0.001097806168075167 -0.1345065895777021
7.966 0.1232874444844423 0.1226545415031496 0.1243846995125333 0.2571273654073573 -0.001097255028091074 -0.1344728239042076
7.968 0.1237804960254522 0.1203800061283596 0.1248772003284853 0.2548190813063273 -0.001096704303033121 -0.1344390751779677
7.97 0.1243642690921123 0.1181176890165491 0.1254604230845973 0.2525230324027766 -0.001096153992484916 -0.1344053433862274
7.972 0.1250393873030392 0.1158700607623475 0.1261349913990698 0.2502416892785921 -0.001095604096030594 -0.1343716285162446
7.974 0.1258065562759322 0.1136397312049252 0.126901610889187 0.2479776617602153 -0.00109505461325481 -0.13433793055529
7.976 0.1266665533718322 0.1114294708255414 0.1277610589155749 0.2457337203161885 -0.001094505543742735 -0.1343042494906471
7.978 0.1276202154908531 0.1092422325336251 0.1287141723779331 0.243512817843237 -0.001093956887080067 -0.1342705853096119
7.98 0.1286684246850681 0.1070811738129878 0.1297618333279211 0.2413181118124813 -0.001093408642853018 -0.1342369379994936
7.982 0.1298120913250357 0.1049496791652741 0.130904952135684 0.2391529867128877 -0.001092860810648319 -0.1342033075476136
7.984 0.1310521345277506 0.1028513827466248 0.1321444479178038 0.2370210766879313 -0.001092313390053221 -0.1341696939413065
7.986 0.1323894595264566 0.1007901910446395 0.1334812259071121 0.2349262882125585 -0.001091766380655489 -0.134136097167919
7.988 0.1338249316382166 0.09877030538384046 0.13491615142026 0.2328728225986516 -0.001091219782043406 -0.1341025172148111
7.99 0.1353593464646654 0.09679624397906139 0.1364500200584711 0.2308651980484164 -0.001090673593805767 -0.134068954069355
7.992 0.1369933959467116 0.09487286317636234 0.1380835237622435 0.2289082708952981 -0.001090127815531885 -0.1340354077189357
7.994 0.1387276298881851 0.09300537742818019 0.1398172123349967 0.2270072555791311 -0.001089582446811585 -0.1340018781509509
7.996 0.1405624125691438 0.09119937744390924 0.141651450056379 0.2251677427967199 -0.001089037487235204 -0.1339683653528106
7.998 0.1424978740901806 0.08946084583858013 0.1435863670265742 0.2233957151505179 -0.001088492936393593 -0.1339348693119378
8 0.1445338561298178 0.08779616946997279 0.1456218049236959 0.2216975594857405 -0.001087948793878113 -0.1339013900157677
8.002 0.1466698518623893 0.08621214751062101 0.14775725692167 0.2200800749623694 -0.001087405059280636 -0.1338679274517484
8.004 0.1489049398791136 0.08471599414767864 0.1499918016113071 0.2185504757550189 -0.001086861732193543 -0.1338344816073403
8.006 0.1512377120877889 0.08331533464340496 0.1523240308999986 0.2171163871134213 -0.001086318812209725 -0.1338010524700163
8.008 0.1536661957423233 0.08201819332841628 0.1547519720412459 0.2157858333556783 -0.001085776298922581 -0.133767640027262
8.01 0.1561877699788774 0.08083297194647743 0.1572730041708034 0.2145672162130528 -0.001085234191926018 -0.1337342442665754
8.012 0.158799077517858 0.07976841663298123 0.1598837700086725 0.2134692818084482 -0.001084692490814447 -0.1337008651754669
8.014 0.1614959325346088 0.07883357170373198 0.1625800837297916 0.2125010744451916 -0.00108415119518279 -0.1336675027414596
8.016 0.1642732261090737 0.07803771837249501 0.1653568364137002 0.2116718753245838 -0.001083610304626468 -0.1336341569520888
8.018 0.1671248311370444 0.07739029652454374 0.1682079009557858 0.2109911243194459 -0.001083069818741412 -0.1336008277949022
8.02 0.170043509116755 0.07690080777275951 0.171126038853879 0.2104683230302198 -0.001082529737124055 -0.1335675152574602
8.022 0.1730208218032281 0.07657869823807045 0.1741028118625994 0.2101129175654059 -0.00108199005937133 -0.1335342193273355
8.024 0.1760470513313618 0.07643321985330181 0.1771285021164425 0.2099341598454147 -0.001081450785080676 -0.1335009399921129
8.026 0.1791111330173666 0.07647326951527922 0.1801920449312167 0.2099409467546692 -0.001080911913850031 -0.13346767723939
8.028 0.1822006056174418 0.0767072061261434 0.1832809790627196 0.2101416371829198 -0.001080373445277836 -0.1334344310567764
8.03 0.1853015843033863 0.0771426464861 0.1863814196823494 0.2105438479179944 -0.00107983537896303 -0.1334012014318944
8.032 0.1883987619441538 0.07778624212986945 0.1894780596586589 0.2111542304822476 -0.001079297714505052 -0.1333679883523782
8.034 0.1914754443896919 0.07864344052405578 0.1925542048411957 0.2119782323299303 -0.00107876045150384 -0.1333347918058746
8.036 0.194513625264877 0.07971823552774704 0.1955918488544368 0.2130198473077897 -0.001078223589559828 -0.1333016117800427
8.038 0.1974941052212736 0.08101291360267995 0.1985717923495475 0.2142813618652336 -0.001077687128273947 -0.1332684482625537
8.04 0.2003966595985788 0.08252780385205519 0.2014738106658264 0.2157631050931464 -0.001077151067247628 -0.1332353012410912
8.042 0.2032002569736134 0.08426104145034632 0.2042768723796961 0.2174632121536973 -0.001076615406082792 -0.133202170703351
8.044 0.2058833291091079 0.08620835525576437 0.2069594092534898 0.2193774118928055 -0.001076080144381859 -0.1331690566370412
8.046 0.2084240903911878 0.08836289121280219 0.2094996356729355 0.2214988502426842 -0.001075545281747742 -0.133135959029882
8.048 0.2108009020484268 0.09071508339094292 0.2118759128662107 0.2238179612605488 -0.001075010817783845 -0.1331028778696059
8.05 0.2129926734224163 0.09325258402129022 0.2140671501745104 0.2263223971652477 -0.001074476752094067 -0.1330698131439575
8.052 0.2149792895106206 0.09596026257598927 0.2160532325949034 0.228997027416683 -0.001073943084282799 -0.1330367648406937
8.054 0.21674205117561 0.09882028173798116 0.217815460989565 0.2318240146855646 -0.00107340981395492 -0.1330037329475834
8.056 0.2182641120862403 0.1018122550640554 0.2193369890269561 0.2347829725164632 -0.001072876940715803 -0.1329707174524079
8.058 0.2195308948984249 0.1049134873773271 0.2206032393625962 0.2378512057202872 -0.00107234446417131 -0.1329377183429602
8.06 0.2205304686337508 0.1080992946570816 0.2216022810176786 0.2410040302641274 -0.001071812383927789 -0.1329047356070458
8.062 0.2212538698394396 0.1113433957292974 0.2223251505390317 0.2442151649617795 -0.001071280699592078 -0.1328717692324821
8.064 0.2216953519758049 0.1146183637597065 0.2227661013865765 0.2474571829668053 -0.001070749410771505 -0.1328388192070987
8.066 0.2218525505185671 0.1178961217928379 0.2229227690356409 0.2507020073115751 -0.00107021851707388 -0.1328058855187372
8.068 0.2217265552972915 0.1211484637184386 0.222796243315399 0.2539214318736899 -0.001069688018107503 -0.1327729681552512
8.07 0.2213218863178083 0.1243475803599447 0.2223910442312895 0.2570876474644512 -0.001069157913481156 -0.1327400671045066
8.072 0.2206463743551015 0.1274665700376215 0.2217150025579056 0.2601737523920023 -0.001068628202804107 -0.1327071823543808
8.074 0.2197109525345696 0.130479913997373 0.2207790514202557 0.2631542278901367 -0.001068098885686109 -0.1326743138927637
8.076 0.2185293695377938 0.1333638994087295 0.2195969394995312 0.2660053611162866 -0.001067569961737396 -0.1326414617075571
8.078 0.2171178386298206 0.1360969759932836 0.2181848800603893 0.2687056017799582 -0.001067041430568686 -0.1326086257866746
8.08 0.2154946391632798 0.1386600364263146 0.216561152455071 0.2712358425443564 -0.001066513291791178 -0.1325758061180418
8.082 0.2136796884483011 0.1410366150861935 0.2147456739933176 0.2735796177757899 -0.001065985545016551 -0.1325430026895964
8.084 0.2116941018913528 0.1432130041334798 0.2127595600812097 0.2757232196227677 -0.001065458189856966 -0.1325102154892879
8.086 0.2095597582185598 0.1451782899490697 0.2106246894444848 0.2776557344541475 -0.001064931225925062 -0.1324774445050778
8.088 0.2072988846170477 0.1469243163829033 0.2083632892698817 0.2793690061078428 -0.001064404652833959 -0.1324446897249394
8.09 0.2049336740115124 0.148445583889292 0.2059975524817096 0.28085753502615 -0.001063878470197252 -0.132411951136858
8.092 0.2024859437202506 0.1497390953741529 0.2035492963978797 0.2821183241029836 -0.001063352677629016 -0.1323792287288307
8.094 0.199976841670218 0.15080416046409 0.2010396689449618 0.2831506829529565 -0.001062827274743801 -0.1323465224888666
8.096 0.1974266034215491 0.1516421700080166 0.1984889056827057 0.2839560024130028 -0.001062302261156634 -0.1323138324049863
8.098 0.1948543606303732 0.1522563520714298 0.1959161382668562 0.2845375105366524 -0.001061777636483017 -0.1322811584652226
8.1 0.192277999380358 0.1526515196375005 0.1933392527806969 0.2849000202951206 -0.001061253400338926 -0.13224850065762
8.102 0.1897140650966678 0.152833818852195 0.1907747946490086 0.2850496778224298 -0.001060729552340812 -0.1322158589702347
8.104 0.1871777095277459 0.1528104850959912 0.1882379156198515 0.2849937184871261 -0.001060206092105599 -0.1321832333911349
8.106 0.1846826745127242 0.1525896125639065 0.1857423575319749 0.2847402364723068 -0.001059683019250681 -0.1321506239084003
8.108 0.1822413068896623 0.1521799414931047 0.1833004672230562 0.2842979720032273 -0.001059160333393927 -0.1321180305101225
8.11 0.1798645988701925 0.1515906657684403 0.1809232369043461 0.2836761189528453 -0.001058638034153677 -0.132085453184405
8.112 0.1775622484352288 0.1508312624081165 0.1786203645563775 0.2828841543274791 -0.001058116121148739 -0.1320528919193626
8.114 0.1753427347206759 0.1499113434080754 0.1764003293146743 0.2819316901111976 -0.001057594593998391 -0.1320203467031223
8.116 0.173213403893811 0.1488405296087345 0.1742704773461334 0.280828347132557 -0.001057073452322383 -0.1319878175238225
8.118 0.1711805616154455 0.1476283456316227 0.1722371143111864 0.279583650001236 -0.001056552695740929 -0.1319553043696133
8.12 0.1692495687951972 0.1462841344975806 0.1703056011190719 0.2782069417262373 -0.001056032323874715 -0.1319228072286567
8.122 0.167424937942149 0.1448169902573321 0.1684804502784938 0.2767073163464582 -0.00105551233634489 -0.131890326089126
8.124 0.1657104279687565 0.143235706813449 0.1667654207015296 0.2750935677526555 -0.00105499273277307 -0.1318578609392065
8.126 0.1641091358069367 0.1415487410639669 0.165163609319718 0.2733741528310618 -0.00105447351278134 -0.1318254117670949
8.128 0.1626235836331724 0.1397641885269686 0.1636775383091647 0.2715571670879682 -0.001053954675992246 -0.1317929785609996
8.13 0.1612558008727319 0.1378897696915408 0.1623092370947607 0.2696503310006813 -0.001053436222028798 -0.1317605613091405
8.132 0.1600074004633294 0.1359328254654898 0.1610603186138439 0.2676609854652391 -0.001052918150514474 -0.1317281599997492
8.134 0.1588796491087494 0.1339003202381488 0.1599320495698226 0.2655960948592176 -0.001052400461073208 -0.1316957746210689
8.136 0.1578735314499488 0.1317988512365717 0.1589254146032782 0.2634622563979259 -0.001051883153329403 -0.1316634051613542
8.138 0.1569898082312627 0.1296346630166262 0.1580411744581706 0.2612657146254976 -0.001051366226907918 -0.1316310516088713
8.14 0.1562290686484128 0.1274136660892669 0.1572799183298468 0.2590123800411651 -0.001050849681434076 -0.1315987139518981
8.142 0.1555917771404684 0.1251414588331033 0.156642110657002 0.2567078510118271 -0.001050333516533659 -0.1315663921787238
8.144 0.1550783149353773 0.1228233519845812 0.1561281326672102 0.2543574382622305 -0.001049817731832907 -0.1315340862776492
8.146 0.1546890166831184 0.1204643951236513 0.1557383190100769 0.2519661913606377 -0.001049302326958522 -0.1315017962369865
8.148 0.1544242025170593 0.1180694046863544 0.1554729898185969 0.2495389267314139 -0.001048787301537661 -0.1314695220450594
8.15 0.1542842058766054 0.1156429931362191 0.1553324785318033 0.2470802568264223 -0.00104827265519794 -0.1314372636902032
8.152 0.1542693974054873 0.1131895990129305 0.1553171557930547 0.2445946201736951 -0.001047758387567431 -0.1314050211607645
8.154 0.154380205213315 0.1107135176513518 0.1554274497115896 0.2420863120964532 -0.001047244498274661 -0.1313727944451013
8.156 0.1546171317549917 0.108218932427643 0.1556638627419403 0.2395595159592261 -0.001046730986948615 -0.1313405835315832
8.158 0.1549807675449413 0.105709946441291 0.15602698539816 0.237018334849882 -0.001046217853218732 -0.131308388408591
8.16 0.1554718018821752 0.1031906145847947 0.1565175069788901 0.2344668236493116 -0.001045705096714902 -0.1312762090645169
8.162 0.1560910307187159 0.1006649759871989 0.1571362234357834 0.2319090214749635 -0.001045192717067471 -0.1312440454877646
8.164 0.1568393617584888 0.09813708684287653 0.157884042472396 0.2293489845096257 -0.001044680713907238 -0.1312118976667491
8.166 0.1577178168270231 0.09561105365502007 0.1587619859138885 0.2267908192449169 -0.001044169086865454 -0.1311797655898969
8.168 0.1587275315040161 0.09309106693432476 0.1597711893395899 0.2242387161799702 -0.001043657835573819 -0.1311476492456455
8.17 0.1598697519616794 0.09058143539612376 0.1609128989213439 0.2216969840185676 -0.001043146959664486 -0.1311155486224438
8.172 0.161145828901522 0.08808662069539566 0.1621884653602921 0.219170084404148 -0.001042636458770056 -0.1310834637087523
8.174 0.1625572084309893 0.08561127272765562 0.1635993347635128 0.2166626672206982 -0.001042126332523583 -0.1310513944930426
8.176 0.1641054196694068 0.08316026550378039 0.1651470362499653 0.2141796064675778 -0.001041616580558566 -0.1310193409637974
8.178 0.1657920588203132 0.08073873357828532 0.1668331660228222 0.2117260366877963 -0.001041107202508952 -0.130987303109511
8.18 0.1676187693944554 0.07835210897270381 0.1686593675924646 0.2093073898913925 -0.00104059819800914 -0.1309552809186887
8.182 0.1695872182156662 0.07600615848643733 0.1706273077823602 0.2069294328662844 -0.00104008956669397 -0.1309232743798471
8.184 0.1716990667912273 0.07370702122628256 0.1727386480994261 0.2045983047077967 -0.001039581308198731 -0.1308912834815141
8.186 0.1739559375801918 0.07146124611141502 0.174995011002351 0.2023205543236437 -0.001039073422159157 -0.1308593082122287
8.188 0.1763593746497206 0.06927582902050536 0.177397940557932 0.2001031775810464 -0.001038565908211428 -0.1308273485605411
8.19 0.1789107981730817 0.06715824914081633 0.1799488569390739 0.1979536536558291 -0.001038058765992165 -0.1307954045150128
8.192 0.1816114521960209 0.06511650395441801 0.1826490041911593 0.1958799800186343 -0.001037551995138435 -0.1307634760642163
8.194 0.1844623450854406 0.06315914215141638 0.1854993906807283 0.1938907053481519 -0.001037045595287748 -0.1307315631967355
8.196 0.1874641820801091 0.06129529359431177 0.1885007216461872 0.1919949594954769 -0.001036539566078054 -0.1306996659011651
8.198 0.1906172893927256 0.05953469527075286 0.1916533232998733 0.1902024794368641 -0.001036033907147747 -0.1306677841661112
8.2 0.1939215293738748 0.05788771196376483 0.1949570579920105 0.1885236299439557 -0.001035528618135659 -0.1306359179801909
8.202 0.1973762063488473 0.05636535014129218 0.1984112300475283 0.1869694174733246 -0.001035023698681066 -0.1306040673320324
8.204 0.2009799628861205 0.0549792633243309 0.2020144820345442 0.185551495534606 -0.001034519148423681 -0.1305722322102751
8.206 0.2047306664630762 0.05374174693971298 0.2057646814300799 0.1842821595432822 -0.001034014967003656 -0.1305404126035692
8.208 0.2086252867695526 0.05266572040938655 0.2096587979236142 0.1831743289099628 -0.001033511154061581 -0.1305086085005763
8.21 0.2126597642435559 0.05176469398445191 0.2136927719527944 0.1822415138744207 -0.001033007709238486 -0.1304768198899688
8.212 0.2168288708768186 0.05105271761536961 0.2178613755089944 0.1814977643757998 -0.001032504632175836 -0.1304450467604302
8.214 0.221126064868201 0.05054430898097981 0.2221580667907165 0.1809575980816349 -0.001032001922515532 -0.1304132891006551
8.216 0.2255433413443671 0.05025435770442321 0.2265748409242671 0.1806359046037722 -0.001031499579899913 -0.1303815468993489
8.218 0.2300710821111603 0.05019800279494274 0.231102079715132 0.180547822940171 -0.00103099760397175 -0.1303498201452283
8.22 0.2346979082362133 0.05039048050740683 0.2357284042305876 0.1807085893344275 -0.001030495994374251 -0.1303181088270206
8.222 0.2394105401779987 0.05084694014657332 0.2404405349287498 0.1811333530800379 -0.001029994750751057 -0.1302864129334645
8.224 0.244193671136578 0.0515822259023361 0.2452231650093243 0.1818369583556454 -0.001029493872746243 -0.1302547324533093
8.226 0.2490298602651107 0.05261062362671995 0.250058853625115 0.1828336910020353 -0.001028993360004315 -0.1302230673753153
8.228 0.2538994532846253 0.05394557258837487 0.2549279464967955 0.1841369902766288 -0.001028493212170212 -0.1301914176882539
8.23 0.2587805388078938 0.05559934368957203 0.2598085322367831 0.1857591270704793 -0.001027993428889304 -0.1301597833809072
8.232 0.2636489492068505 0.05758268741024389 0.2646764432166579 0.1877108518523122 -0.001027494009807391 -0.1301281644420683
8.234 0.2684783150382786 0.05990445683273732 0.2695053099928493 0.1900010176932786 -0.001026994954570705 -0.1300965608605413
8.236 0.2732401817553696 0.06257121344471347 0.2742666780181955 0.1926361860698544 -0.001026496262825906 -0.1300649726251409
8.238 0.2779041965630417 0.06558682592122803 0.2789301944972618 0.1956202256459209 -0.001025997934220082 -0.1300333997246929
8.24 0.2824383717177232 0.06895207460873562 0.283463871686124 0.1989539167567694 -0.001025499968400752 -0.1300018421480337
8.242 0.2868094282576644 0.07266427678625892 0.2878344306226802 0.2026345766702699 -0.001025002365015859 -0.1299702998840109
8.244 0.2909832210601567 0.07671694973707369 0.2920077261838705 0.2066557226585563 -0.001024505123713776 -0.1299387729214826
8.246 0.2949252423040719 0.08109952997360501 0.2959492505482152 0.2110067912229228 -0.001024008244143301 -0.1299072612493178
8.248 0.2986011960046718 0.08579716736080356 0.2996247077306254 0.2156729322171999 -0.001023511725953657 -0.1298757648563963
8.25 0.3019776315106668 0.0907906121474204 0.3030006470794612 0.2206348958790292 -0.001023015568794493 -0.1298442837316088
8.252 0.3050226190263052 0.09605621086498173 0.3060451387986211 0.2258690287288382 -0.001022519772315884 -0.1298128178638565
8.254 0.3077064457353829 0.1015660236115642 0.3087284700715512 0.2313473908536157 -0.001022024336168324 -0.1297813672420515
8.256 0.310002307395842 0.1072880704521525 0.3110238366558448 0.2370380023072693 -0.001021529260002736 -0.1297499318551168
8.258 0.3118869677743888 0.1131867087326146 0.3129080023178593 0.2429052204246004 -0.001021034543470463 -0.1297185116919858
8.26 0.3133413573784615 0.1192231363657874 0.3143618975646848 0.2489102431073902 -0.001020540186223267 -0.1296871067416029
8.262 0.3143510838847304 0.1253560090861828 0.3153711300726437 0.2550117260791058 -0.001020046187913338 -0.129655716992923
8.264 0.3149068295624123 0.1315421528517632 0.3159263821106056 0.2611664952866751 -0.001019552548193281 -0.1296243424349119
8.266 0.3150046157579732 0.1377373465968216 0.3160236750246893 0.2673303296533674 -0.001019059266716124 -0.1295929830565458
8.268 0.3146459208559574 0.143897145971962 0.3156644871990927 0.2734587848187739 -0.001018566343135313 -0.1295616388468118
8.27 0.313837645588233 0.1499777159896203 0.3148557193653377 0.279508025784328 -0.001018073777104716 -0.1295303097947077
8.272 0.312591927530698 0.1559366398983298 0.3136095090989767 0.2854356357875714 -0.001017581568278615 -0.1294989958892415
8.274 0.3109258144399936 0.16173367319971 0.3119429041563053 0.2912013703191425 -0.001017089716311713 -0.1294676971194325
8.276 0.3088608130992294 0.1673314153352549 0.3098774113200886 0.2967678288095648 -0.001016598220859128 -0.1294364134743098
8.278 0.3064223360134776 0.1726958768466192 0.307438443095054 0.3021010217895331 -0.001016107081576396 -0.1294051449429139
8.28 0.3036390722304388 0.1777969262493429 0.3046546885285583 0.3071708177636384 -0.001015616298119469 -0.1293738915142955
8.282 0.3005423105612348 0.1826086078650139 0.3015574364313796 0.3119512610425296 -0.001015125870144714 -0.1293426531775157
8.284 0.2971652435441345 0.1871093288365746 0.2981798793414434 0.316420758758221 -0.001014635797308911 -0.1293114299216464
8.286 0.2935422788124525 0.1912819199743333 0.2945564248917218 0.3205621417101035 -0.001014146079269257 -0.1292802217357702
8.288 0.2897083814218438 0.1951135805225348 0.2907220381375272 0.3243626091315146 -0.00101365671568336 -0.1292490286089798
8.29 0.2856984665725239 0.1985957211206218 0.2867116342787331 0.3278135716510007 -0.001013167706209243 -0.1292178505303788
8.292 0.28154685746654 0.2017237220357807 0.2825595365170454 0.3309104095248618 -0.00101267905050534 -0.1291866874890812
8.294 0.2772868181913011 0.2044966251743703 0.2782990089395316 0.3336521646485816 -0.001012190748230496 -0.1291555394742114
8.296 0.2729501668764289 0.2069167785682949 0.2739618696754729 0.3360411850431992 -0.001011702799043971 -0.1291244064749043
8.298 0.268566970209713 0.2089894511829009 0.2695781854123184 0.3380827396632063 -0.00101121520260543 -0.1290932884803055
8.3 0.2641653169016747 0.210722434255009 0.2651760448602496 0.3397846197345797 -0.001010727958574951 -0.1290621854795707
8.302 0.259771164951912 0.2121256432011178 0.260781406018525 0.3411567406629841 -0.001010241066613023 -0.1290310974618663
8.304 0.255408255609463 0.2132107316804304 0.2564180101358435 0.3422107560967995 -0.001009754526380539 -0.1290000244163692
8.306 0.2510980856868918 0.2139907268648171 0.2521073540244306 0.3429596931970834 -0.001009268337538805 -0.1289689663322663
8.308 0.2468599292985955 0.2144796925237323 0.247868711798345 0.3434176157224878 -0.001008782499749531 -0.1289379231987555
8.31 0.2427109000357521 0.21469242429698 0.2437191970484269 0.3435993193020245 -0.001008297012674837 -0.1289068950050446
8.312 0.2386660449427188 0.2146441795778876 0.239673856818696 0.3435200613182395 -0.001007811875977247 -0.128875881740352
8.314 0.2347384623076968 0.2143504428018485 0.2357457893970165 0.3431953261957549 -0.001007327089319692 -0.1288448833939065
8.316 0.2309394361180823 0.213826725637958 0.2319462787704478 0.3426406255929051 -0.001006842652365508 -0.1288138999549471
8.318 0.2272785809680834 0.2130884005995941 0.2282849395328618 0.3418713320123176 -0.001006358564778435 -0.1287829314127234
8.32 0.2237639921726063 0.2121505658929621 0.2247698669988289 0.3409025436494572 -0.001005874826222618 -0.1287519777564951
8.322 0.2204023967832336 0.2110279388730897 0.2214077882195963 0.3397489778486221 -0.001005391436362606 -0.1287210389755324
8.324 0.2171993020803231 0.2097347752316154 0.2182042104751864 0.338424890290731 -0.001004908394863349 -0.1286901150591156
8.326 0.2141591389077993 0.2082848109590738 0.2151635646091895 0.3369440169556092 -0.001004425701390199 -0.1286592059965354
8.328 0.2112853979108159 0.2066912241675544 0.2122893412664248 0.3353195359446473 -0.001003943355608914 -0.1286283117770929
8.33 0.2085807573263338 0.2049666139928819 0.2095842186835195 0.3335640463829812 -0.001003461357185649 -0.1285974323900993
8.332 0.2060472014663494 0.2031229939900994 0.2070501811721364 0.3316895618149756 -0.001002979705786959 -0.1285665678248761
8.334 0.2036861294288767 0.2011717976684395 0.2046886278299565 0.3297075157391947 -0.001002498401079804 -0.1285357180707552
8.336 0.2014984538811384 0.1991238940624311 0.2025004713238699 0.3276287771795096 -0.001002017442731538 -0.1285048831170785
8.338 0.1994846899940937 0.196989611490694 0.2004862268245036 0.3254636744438923 -0.001001536830409917 -0.1284740629531983
8.34 0.1976450347773833 0.1947787679027522 0.1986460913411665 0.3232220254712292 -0.001001056563783094 -0.128443257568477
8.342 0.1959794371789034 0.1925007064488019 0.1969800138214231 0.3209131734010891 -0.00100057664251962 -0.1284124669522873
8.344 0.194487659383485 0.1901643351235349 0.1954877564497735 0.3185460262175468 -0.001000097066288444 -0.1283816910940119
8.346 0.1931693297791767 0.1877781695305174 0.1941689476139356 0.3161290995135613 -0.0009996178347589093 -0.128350929983044
8.348 0.1920239880639043 0.185350377985482 0.193023127011505 0.3136705615942685 -0.0009991389476007577 -0.1283201836087866
8.35 0.1910511229469753 0.1828888283259314 0.1920497833514594 0.3111782802865844 -0.0009986604044841252 -0.128289451960653
8.352 0.1902502028642528 0.1804011359214332 0.1912483850693324 0.3086598709495 -0.0009981822050795428 -0.1282587350280668
8.354 0.189620700076405 0.1778947124830419 0.1906184044254629 0.3061227452835034 -0.0009977043490579363 -0.1282280328004615
8.356 0.1891621084608484 0.1753768153537498 0.190159335296939 0.3035741606210306 -0.0009972268360906235 -0.1281973452672808
8.358 0.1888739552425392 0.1728545970259019 0.1898707049083885 0.3010212694438804 -0.0009967496658493179 -0.1281666724179784
8.36 0.1887558068383889 0.1703351546754089 0.189752079676395 0.2984711689174273 -0.0009962728380061238 -0.1281360142420184
8.362 0.1888072689176081 0.1678255795286056 0.1898030652698417 0.2959309502574802 -0.0009957963522335381 -0.1281053707288746
8.364 0.1890279807068301 0.1653330058862204 0.1900233009150345 0.2934077477542513 -0.000995320208204449 -0.1280747418680309
8.366 0.1894176034961632 0.1628646596187943 0.1904124479017553 0.290908787267776 -0.0009948444055921358 -0.1280441276489817
8.368 0.1899758032320683 0.1604279059207987 0.1909701721761386 0.2884414339820295 -0.0009943689440702682 -0.1280135280612308
8.37 0.1907022270167535 0.1580302960658041 0.1916961208400664 0.2860132391600967 -0.0009938938233129053 -0.1279829430942926
8.372 0.1915964732736476 0.1556796128411567 0.1925898923166421 0.2836319855788477 -0.0009934190429944959 -0.1279523727376911
8.374 0.1926580552869956 0.1533839142579109 0.1936509998897855 0.2813057312388714 -0.0009929446027898768 -0.1279218169809604
8.376 0.1938863577832692 0.1511515750301211 0.1948788282856435 0.279042850843766 -0.0009924705023742744 -0.1278912758136449
8.378 0.1952805861969658 0.1489913251947015 0.1962725829383891 0.27685207442 -0.0009919967414233001 -0.1278607492252986
8.38 0.1968397082575462 0.1469122851004904 0.1978312315771591 0.274742522305976 -0.000991523319612955 -0.1278302372054856
8.382 0.1985623875526182 0.144923995832711 0.1995534377892378 0.272723735576491 -0.0009910502366196254 -0.12779973974378
8.384 0.2004469087718975 0.1430364439569029 0.2014374862640176 0.2708057007866687 -0.000990577492120083 -0.1277692568297658
8.386 0.2024910944234204 0.1412600792678437 0.2034811995092118 0.2689988677208807 -0.0009901050857914861 -0.1277387884530369
8.388 0.2046922129456262 0.1396058240180405 0.2056818459629375 0.2673141586212378 -0.0009896330173113763 -0.1277083346031973
8.39 0.2070468783257925 0.1380850718814803 0.2080360396121502 0.2657629671513409 -0.0009891612863576807 -0.1276778952698606
8.392 0.209550941585101 0.1367096746915825 0.2105396314777097 0.2643571451342332 -0.0009886898926087101 -0.1276474704426507
8.394 0.2121993748118787 0.1354919147889219 0.2131875936476219 0.2631089749001229 -0.0009882188357431571 -0.1276170601112009
8.396 0.2149861488263343 0.134444460638998 0.2159738969417744 0.2620311249041529 -0.0009877481154400986 -0.1275866642651549
8.398 0.2179041060475396 0.1335803032536965 0.2188913837789186 0.2611365861478623 -0.0009872777313789925 -0.1275562828941658
8.4 0.2209448307085474 0.1329126708961077 0.2219316383917871 0.2604385868840046 -0.0009868076832396779 -0.1275259159878968
8.402 0.2240985192280074 0.1324549195946526 0.2250848571987097 0.2599504831306736 -0.0009863379707023764 -0.127495563536021
8.404 0.2273538542853506 0.1322203971727866 0.2283397228787983 0.2596856227010077 -0.0009858685934476881 -0.1274652255282211
8.406 0.2306978869434702 0.13222227884941 0.2316832864946268 0.2596571808035998 -0.0009853995511565944 -0.1274349019541897
8.408 0.2341159319890392 0.1324733730186068 0.2351008628325496 0.2598779658222362 -0.0009849308435104559 -0.1274045928036294
8.41 0.237591482471841 0.1329858966096734 0.238575944942032 0.2603601946759256 -0.0009844624701910104 -0.1273742980662523
8.412 0.2411061501617828 0.1337712204867388 0.2420901445926632 0.2611152382185192 -0.0009839944308803763 -0.1273440177317804
8.414 0.2446396392340733 0.1348395866873459 0.2456231659593343 0.2621533384772916 -0.0009835267252610489 -0.1273137517899456
8.416 0.2481697608496136 0.1361998009190905 0.2491528202026295 0.2634833011495798 -0.0009830593530158987 -0.1272835002304893
8.418 0.2516724963204933 0.1378589056053511 0.2526550886343215 0.2651121686485139 -0.0009825923138281766 -0.1272532630431629
8.42 0.2551221161388337 0.1398218408369518 0.2561042417462152 0.2670448810546792 -0.0009821256073815059 -0.1272230402177274
8.422 0.2584913612013887 0.1420911027509168 0.2594730204347486 0.2692839344948702 -0.0009816592333598874 -0.1271928317439534
8.424 0.2617516910032245 0.1446664109849197 0.2627328841946722 0.2718290485965413 -0.0009811931914476971 -0.1271626376116216
8.426 0.2648736013554153 0.1475443987740849 0.2658543288367449 0.2746768565846068 -0.0009807274813296849 -0.1271324578105219
8.428 0.267827011305539 0.1507183407616643 0.26880727340823 0.2778206330921186 -0.0009802621026909742 -0.1271022923304543
8.43 0.2705817154720375 0.1541779344654678 0.2715615125272546 0.2812500756266961 -0.0009797970552170633 -0.1270721411612284
8.432 0.2731078940881043 0.1579091513620049 0.2740872264266981 0.2849511556546681 -0.0009793323385938215 -0.1270420042926631
8.434 0.275376668908622 0.1618941725344744 0.2763555368611295 0.288906054249062 -0.0009788679525074924 -0.1270118817145875
8.436 0.2773606890612998 0.1661114216549207 0.2783390929579445 0.2930931950717607 -0.0009784038966446894 -0.12698177341684
8.438 0.279034727273229 0.1705357047038913 0.2800126674439214 0.2974873840931599 -0.0009779401706923993 -0.1269516793892687
8.44 0.2803762640529252 0.1751384613575752 0.2813537408272631 0.3020600609793065 -0.0009774767743379782 -0.1269215996217313
8.442 0.2813660357146376 0.1798881276043995 0.2823430494219068 0.3067796617084947 -0.0009770137072691528 -0.1268915341040952
8.444 0.2819885218928286 0.1847506032317151 0.2829650728620027 0.3116120860579524 -0.00097655096917402 -0.1268614828262373
8.446 0.2822323495917008 0.1896898117892798 0.2832084381514419 0.316521257567324 -0.0009760885597410457 -0.1268314457780442
8.448 0.2820905938816359 0.194668334992942 0.2830662203602949 0.3214697579423538 -0.0009756264786590636 -0.1268014229494119
8.45 0.2815609599540914 0.1996480987897351 0.2825361246797086 0.3264195131199812 -0.0009751647256172774 -0.1267714143302461
8.452 0.2806458370723736 0.2045910849159345 0.2816205403726788 0.3313325048263964 -0.0009747033003052564 -0.1267414199104619
8.454 0.2793522215603842 0.2094600400762346 0.2803264637627971 0.3361714797562189 -0.0009742422024129381 -0.1267114396799843
8.456 0.2776915128139986 0.2142191550286601 0.2786652942456292 0.3409006286574076 -0.0009737814316306274 -0.1266814736287474
8.458 0.2756791928305836 0.2188346878592239 0.2766525138182326 0.3454862096059189 -0.0009733209876489925 -0.1266515217466951
8.46 0.2733344054022401 0.2232755093708419 0.2743072662723992 0.3498970933946224 -0.0009728608701590706 -0.1266215840237806
8.462 0.2706794554801811 0.2275135534362134 0.2716518565590333 0.3541052138861802 -0.000972401078852262 -0.1265916604499668
8.464 0.267739252011937 0.2315241609076466 0.2687111936253573 0.3580859119228725 -0.0009719416134203311 -0.1265617510152259
8.466 0.2645407186720262 0.2352863117247518 0.2655122011455816 0.3618181674342915 -0.0009714824735554077 -0.1265318557095397
8.468 0.2611121964096553 0.2387827457184566 0.2620832200686053 0.365284720241356 -0.000971023658949984 -0.1265019745228994
8.47 0.2574828598292003 0.2419999778478288 0.2584534249984972 0.3684720852931345 -0.0009705651692969154 -0.1264721074453058
8.472 0.2536821664091681 0.2449282179068955 0.2546522734134575 0.3713704723736643 -0.0009701070042894208 -0.1264422544667688
8.474 0.249739353820141 0.2475612079084758 0.250709002983762 0.3739736234857839 -0.0009696491636210792 -0.1264124155773081
8.476 0.2456829964950271 0.2498959923296178 0.246652188142013 0.3762785830965704 -0.0009691916469858324 -0.1263825907669526
8.478 0.2415406284822299 0.2519326372352593 0.2425093629363079 0.378285417261 -0.0009687344540779832 -0.1263527800257406
8.48 0.2373384357588953 0.2536739141198748 0.2383067133434875 0.3799968974635948 -0.0009682775845921934 -0.12632298334372
8.482 0.2331010178046408 0.2551249633147676 0.2340688388428643 0.3814181640257154 -0.0009678210382234863 -0.1262932007109479
8.484 0.2288512154671547 0.2562929502188548 0.229818580281822 0.3825563823363455 -0.0009673648146672435 -0.1262634321174907
8.486 0.224610000044903 0.2571867256429459 0.2255769089585222 0.3834204031963702 -0.0009669089136192057 -0.1262336775534243
8.488 0.2203964170599192 0.2578164994117005 0.2213628703946947 0.3840204364205346 -0.0009664533347754732 -0.1262039370088341
8.49 0.2162275773440272 0.2581935342096632 0.2171935754218597 0.3843677446834777 -0.000965998077832502 -0.1261742104738145
8.492 0.2121186877309021 0.2583298646169487 0.2130842308733893 0.3844743625554181 -0.0009655431424871069 -0.1261444979384694
8.494 0.2080831137333056 0.2582380444453234 0.209048202261742 0.3843528438382355 -0.0009650885284364599 -0.1261147993929121
8.496 0.2041324669887846 0.2579309239092172 0.2050971012241627 0.3840160387364824 -0.0009646342353780876 -0.1260851148272651
8.498 0.2002767108812571 0.2574214568714346 0.2012408911442669 0.3834769011030948 -0.0009641802630098749 -0.1260554442316602
8.5 0.1965242785025237 0.2567225373887336 0.1974880051135537 0.3827483249849721 -0.0009637266110300591 -0.1260257875962385
8.502 0.192882197937836 0.2558468640297541 0.1938454712169732 0.3818430089409044 -0.0009632732791372349 -0.1259961449111503
8.504 0.189356220687285 0.2548068299186936 0.1903190409543154 0.380773346085249 -0.0009628202670303508 -0.1259665161665554
8.506 0.1859509498272451 0.2536144361375114 0.1869133174016538 0.379551337490134 -0.0009623675744087077 -0.1259369013526226
8.508 0.1826699652476063 0.2522812259616434 0.1836318804485783 0.3781885264211734 -0.0009619152009719618 -0.12590730045953
8.51 0.1795159439541709 0.2508182373744865 0.180477407100591 0.3766959508519515 -0.0009614631464201201 -0.125877713477465
8.512 0.1764907739918362 0.2492359713717643 0.1774517854022898 0.3750841117683884 -0.0009610114104535441 -0.1258481403966241
8.514 0.1735956610236894 0.2475443737010914 0.1745562210164623 0.3733629549083047 -0.0009605599927729464 -0.1258185812072133
8.516 0.1708312269968963 0.2457528278615165 0.1717913358899757 0.3715418637609639 -0.0009601088930793894 -0.1257890358994474
8.518 0.168197600643602 0.2438701573928925 0.1691572587546763 0.3696296618564431 -0.0009596581110742885 -0.1257595044635506
8.52 0.1656944998134963 0.2419046357016882 0.1666537074599557 0.3676346225914445 -0.0009592076464594091 -0.1257299868897564
8.522 0.1633213058233718 0.2398640018874851 0.1642800633223087 0.3655644850557922 -0.000958757498936865 -0.1257004831683071
8.524 0.1610771301453792 0.2377554812440249 0.1620354378135883 0.3634264745334795 -0.000958307668209121 -0.1256709932894546
8.526 0.1589608738500552 0.2355858093059498 0.1599187320040342 0.3612273265494093 -0.0009578581539789896 -0.1256415172434595
8.528 0.1569712802801841 0.2333612584940882 0.1579286892361338 0.35897331351468 -0.0009574089559496331 -0.1256120550205919
8.53 0.1551069814630174 0.2310876665755983 0.156063941536842 0.3566702731867291 -0.0009569600738245606 -0.1255826066111308
8.532 0.1533665387787581 0.2287704663008793 0.1543230502860657 0.3543236383062437 -0.0009565115073076286 -0.1255531720053644
8.534 0.1517484783973276 0.2264147157074123 0.1527045416534306 0.3519384669010023 -0.000956063256103041 -0.12552375119359
8.536 0.1502513219767201 0.2240251286911856 0.1512069372966355 0.3495194728572997 -0.0009556153199153486 -0.1254943441661141
8.538 0.1488736130891091 0.2216061055415302 0.1498287807875585 0.3470710564547821 -0.0009551676984494464 -0.1254649509132519
8.54 0.1476139398079959 0.219161763216439 0.1485686601994065 0.3445973346417672 -0.0009547203914105776 -0.1254355714253282
8.542 0.1464709538522961 0.2166959652029653 0.1474252272508004 0.3421021708956417 -0.0009542733985043273 -0.1254062056926764
8.544 0.1454433866441782 0.2142123508642972 0.1463972133636149 0.3395892045699364 -0.0009538267194366271 -0.1253768537056391
8.546 0.1445300625970638 0.2117143642214649 0.1454834429509776 0.3370618796760331 -0.0009533803539137531 -0.1253475154545682
8.548 0.1437299099097276 0.2092052821560286 0.14468284421137 0.3345234730858528 -0.0009529343016423227 -0.1253181909298242
8.55 0.143041969102151 0.206688242050098 0.1439944576644803 0.3319771221718749 -0.0009524885623292981 -0.1252888801217769
8.552 0.1424653994893847 0.2041662689040346 0.1434174426250667 0.3294258519248396 -0.0009520431356819842 -0.1252595830208051
8.554 0.1419994837510624 0.2016423019905606 0.1429510817724704 0.3268726016078569 -0.0009515980214080266 -0.1252302996172963
8.556 0.1416436307164004 0.1991192211167848 0.1425947839356158 0.3243202510184322 -0.0009511532192154141 -0.1252010299016474
8.558 0.1413973764477152 0.1965998725743383 0.1423480851765277 0.3217716464386022 -0.0009507087288124749 -0.125171773864264
8.56 0.141260383669251 0.1940870948625643 0.1422106482191589 0.3192296263581251 -0.0009502645499078795 -0.1251425314955608
8.562 0.1412324395524103 0.1915837442699323 0.142182260234621 0.3166970470558936 -0.0009498206822106381 -0.1251133027859613
8.564 0.1413134518332359 0.1890927203957245 0.142262828958666 0.3141768081216226 -0.0009493771254300998 -0.1250840877258981
8.566 0.1415034432027621 0.1866169916871958 0.142452377082038 0.3116718779930084 -0.0009489338792759538 -0.1250548863058126
8.568 0.1418025438757473 0.184159621055879 0.1427510348192056 0.3091853195720344 -0.0009484909434582286 -0.1250256985161554
8.57 0.1422109822081667 0.1817237916212498 0.143159030525854 0.3067203159686354 -0.0009480483176872886 -0.1249965243473856
8.572 0.1427290731984939 0.179312832609723 0.1436766792001677 0.3042801963996944 -0.0009476060016738387 -0.1249673637899715
8.574 0.1433572046726132 0.1769302454106525 0.1443043686677421 0.3018684622450426 -0.0009471639951289196 -0.1249382168343901
8.576 0.1440958209173713 0.1745797297588491 0.1450425432151352 0.2994888132299766 -0.0009467222977639093 -0.1249090834711275
8.578 0.1449454034934351 0.1722652099740117 0.1458916844027257 0.2971451736646902 -0.0009462809092905228 -0.1248799636906785
8.58 0.1459064489254774 0.1699908611396616 0.1468522887548982 0.2948417186232084 -0.0009458398294208093 -0.1248508574835468
8.582 0.1469794429374254 0.1677611350475329 0.1479248419952925 0.2925828998877779 -0.0009453990578671552 -0.124821764840245
8.584 0.1481648308737001 0.165580785666649 0.1491097894680424 0.2903734714179435 -0.0009449585943422814 -0.1247926857512945
8.586 0.1494629839264598 0.163454893817514 0.150407502365019 0.2882185140247394 -0.0009445184385592423 -0.1247636202072254
8.588 0.1508741607755023 0.161388890640966 0.1518182393657337 0.286123458839543 -0.0009440785902314283 -0.124734568198577
8.59 0.1523984642445503 0.1593885793471371 0.1533421032936228 0.284094109063034 -0.000943639049072561 -0.1247055297158969
8.592 0.1540357925891181 0.1574601546114509 0.1549789924039148 0.2821366593611928 -0.0009431998147966974 -0.1246765047497419
8.594 0.1557857850607807 0.1556102188522166 0.1567285459478989 0.280257712142894 -0.0009427608871182257 -0.1246474932906774
8.596 0.1576477614450889 0.1538457944791335 0.1585900837108408 0.2784642898084111 -0.0009423222657518665 -0.1246184953292776
8.598 0.1596206553521696 0.1521743310442336 0.1605625393025823 0.2767638419003591 -0.0009418839504126726 -0.1245895108561255
8.6 0.1617029411557609 0.1506037060606275 0.1626443870965769 0.2751642459224404 -0.000941445940816028 -0.1245605398618129
8.602 0.1638925546347183 0.149142218084411 0.1648335628713959 0.2736738004213512 -0.0009410082366776465 -0.1245315823369402
8.604 0.1661868075789585 0.1477985704870524 0.1671273784166721 0.2723012087591692 -0.0009405708377135743 -0.1245026382721168
8.606 0.1685822968854691 0.1465818441898405 0.1695224306291092 0.2710555518478009 -0.0009401337436401846 -0.1244737076579604
8.608 0.1710748089951319 0.1455014575007073 0.1720145059493061 0.2699462479858052 -0.0009396969541741825 -0.1244447904850979
8.61 0.1736592209136087 0.144567111101782 0.1745984813826413 0.2689829978459465 -0.0009392604690326014 -0.1244158867441646
8.612 0.1763293995198409 0.1437887162032906 0.1772682238077737 0.2681757126290951 -0.0009388242879328024 -0.1243869964258045
8.614 0.1790781013915201 0.1431763039284569 0.1800164898021126 0.2675344234491274 -0.0009383884105924751 -0.1243581195206705
8.616 0.1818968759616043 0.1427399141496053 0.1828348287983339 0.2670691701690293 -0.0009379528367296374 -0.1243292560194239
8.618 0.1847759754469744 0.1424894622863116 0.1857134930130371 0.2667898681990466 -0.0009375175660626332 -0.124300405912735
8.62 0.187704275635239 0.1424345830296244 0.1886413582335491 0.2667061522209068 -0.0009370825983101342 -0.1242715691912824
8.622 0.1906692122448633 0.1425844505979511 0.1916058601780544 0.2668271964437046 -0.0009366479331911364 -0.1242427458457535
8.624 0.1936567381390712 0.1429475759808827 0.1945929517094962 0.2671615118477271 -0.000936213570424964 -0.1242139358668444
8.626 0.1966513071165015 0.1435315826976785 0.1975870866262327 0.2677167219429383 -0.0009357795097312652 -0.1241851392452599
8.628 0.1996358902535195 0.1443429638834329 0.2005712360043495 0.268499319855146 -0.0009353457508300127 -0.1241563559717131
8.63 0.2025920307556117 0.1453868249944745 0.2035269430490532 0.2695144110314004 -0.0009349122934415043 -0.1241275860369259
8.632 0.2054999429084785 0.1466666180462227 0.2064344220457648 0.2707654474778516 -0.0009344791372863623 -0.1240988294316289
8.634 0.208338659930195 0.1481838749837919 0.2092727062122806 0.272253961130353 -0.0009340462820855305 -0.1240700861465611
8.636 0.2110862342530483 0.1499379494295209 0.2120198479806086 0.2739793056019911 -0.0009336137275602785 -0.1240413561724702
8.638 0.2137199919748092 0.1519257775138751 0.2146531734482414 0.2759384170139875 -0.0009331814734321956 -0.1240126395001124
8.64 0.2162168409232774 0.1541416696168176 0.2171495904427006 0.2781256057370701 -0.0009327495194231957 -0.1239839361202525
8.642 0.2185536290318625 0.1565771454531451 0.219485946897118 0.2805323914768089 -0.0009323178652555134 -0.1239552460236638
8.644 0.2207075466461644 0.1592208248601109 0.2216394331568161 0.283147394061239 -0.0009318865106517039 -0.1239265692011281
8.646 0.2226565631537698 0.1620583857506888 0.2235880186091045 0.2859562913941248 -0.0009314554553346446 -0.123897905643436
8.648 0.2243798851868392 0.1650725988912752 0.2253109098858668 0.2889418542326613 -0.0009310246990275324 -0.1238692553413861
8.65 0.2258584208675251 0.1682434464337256 0.226789015108979 0.2920840647195116 -0.0009305942414538837 -0.1238406182857861
8.652 0.227075232444244 0.1715483275572314 0.2280053965265815 0.2953603220246832 -0.000930164082337536 -0.1238119944674517
8.654 0.2280159584766552 0.1749623503329385 0.2289456926980578 0.2987457342101459 -0.0009297342214026441 -0.1237833838772074
8.656 0.228669186690088 0.1784587042876241 0.2295984913484617 0.3022134907935101 -0.0009293046583736823 -0.1237547865058861
8.658 0.2290267598664287 0.18200910346567 0.2299556352594042 0.305735305809999 -0.0009288753929754434 -0.123726202344329
8.66 0.2290839996772493 0.1855842854642102 0.2300124461021823 0.3092819168475963 -0.0009284464249330364 -0.1236976313833861
8.662 0.2288398370738066 0.1891545483376928 0.2297678548277785 0.3128236219516083 -0.0009280177539718894 -0.1236690736139155
8.664 0.2282968424744591 0.1926903047799582 0.2292244318542769 0.3163308338067422 -0.0009275893798177465 -0.1236405290267839
8.666 0.2274611541731565 0.1961626318392385 0.2283883154753532 0.3197746294521051 -0.0009271613021966679 -0.1236119976128665
8.668 0.2263423087073614 0.1995437947203129 0.2272690422281964 0.3231272740833598 -0.0009267335208350306 -0.1235834793630468
8.67 0.2249529819276267 0.2028077249503649 0.2258792879630863 0.3263626992185816 -0.0009263060354595259 -0.1235549742682168
8.672 0.2233086537997984 0.2059304361555872 0.2242345326455956 0.3294569184748639 -0.0009258788457971614 -0.1235264823192767
8.674 0.22142721322453 0.2088903646241731 0.2223526651761053 0.3323883681313084 -0.0009254519515752591 -0.1234980035071353
8.676 0.2193285211759182 0.2116686263493938 0.2202535465284396 0.3351381641721036 -0.0009250253525214543 -0.1234695378227098
8.678 0.217033951173369 0.2142491869534227 0.2179585502217327 0.3376902722103483 -0.000924599048363697 -0.1234410852569256
8.68 0.2145659255707187 0.2166189454059999 0.215490098609549 0.3400315912067164 -0.0009241730388302511 -0.1234126458007166
8.682 0.2119474645442885 0.2187677364499935 0.2128712118679382 0.3421519558950185 -0.0009237473236496916 -0.123384219445025
8.684 0.2092017622350562 0.2206882598902192 0.2101250841376071 0.3440440660710204 -0.000923321902550908 -0.1233558061808013
8.686 0.2063518015372744 0.2223759472559662 0.2072746983125375 0.3457033532549705 -0.0009228967752630998 -0.1233274059990044
8.688 0.2034200158163645 0.2238287777741886 0.2043424877578803 0.3471277966647901 -0.0009224719415157798 -0.1232990188906015
8.69 0.2004280026465309 0.2250470561358512 0.2013500500475696 0.3483177009824193 -0.0009220474010387717 -0.1232706448465681
8.692 0.1973962916987935 0.2260331643149238 0.1983179148523557 0.3492754481728119 -0.000921623153562209 -0.123242283857888
8.694 0.1943441663369646 0.2267912988623843 0.1952653655357811 0.3500052347779377 -0.0009211991988165365 -0.1232139359155534
8.696 0.1912895363863918 0.2273272038167172 0.1922103119229243 0.3505128048272818 -0.0009207755365325088 -0.1231856010105646
8.698 0.1882488579649009 0.2276479078174172 0.1891692101313421 0.3508051869513475 -0.0009203521664411895 -0.1231572791339303
8.7 0.1852370951955715 0.2277614723317687 0.1861570242838455 0.3508904426084361 -0.0009199290882739518 -0.1231289702766674
8.702 0.1822677180125696 0.2276767562336025 0.1831872243143321 0.3507774306634036 -0.0009195063017624769 -0.1231006744298011
8.704 0.179352730057483 0.2274032004020116 0.1802718138641218 0.3504755919863766 -0.0009190838066387546 -0.1230723915843649
8.706 0.1765027207653082 0.2269506346041279 0.1774213823679432 0.3499947563355285 -0.0009186616026350832 -0.1230441217314005
8.708 0.1737269360777846 0.2263291077265655 0.1746451757672687 0.3493449725885232 -0.0009182396894840665 -0.1230158648619577
8.71 0.171033362722767 0.2255487414403902 0.1719511807896856 0.3485363624074849 -0.0009178180669186166 -0.1229876209670946
8.712 0.1684288215954343 0.2246196066215843 0.1693462183301062 0.347578996659462 -0.0009173967346719526 -0.1229593900378777
8.714 0.1659190664172417 0.2235516212875429 0.1668360421097193 0.3464827933529243 -0.0009169756924775979 -0.1229311720653814
8.716 0.1635088844899639 0.2223544684271969 0.1644254394300332 0.3452574354678852 -0.0009165549400693832 -0.1229029670406884
8.718 0.1612021969733379 0.221037531870605 0.1621183314505193 0.3439123068254946 -0.0009161344771814434 -0.1228747749548896
8.72 0.1590021566764843 0.2196098482354824 0.1599178709800325 0.3424564440345665 -0.0009157143035482187 -0.1228465957990841
8.722 0.1569112418522893 0.2180800729757681 0.1578265362711938 0.3408985025401473 -0.000915294418904454 -0.1228184295643792
8.724 0.1549313449161389 0.2164564586173557 0.1558462197391241 0.3392467348592459 -0.0009148748229851976 -0.1227902762418902
8.726 0.153063855373716 0.2147468433763675 0.1539783108892418 0.3375089791991082 -0.0009144555155258014 -0.1227621358227406
8.728 0.1513097365413276 0.212958648498751 0.1522237730375896 0.3356926567968132 -0.0009140364962619209 -0.1227340082980622
8.73 0.1496695958814436 0.211098882822598 0.1505832136463731 0.3338047764815927 -0.0009136177649295136 -0.1227058936589947
8.732 0.1481437489613787 0.2091741532343647 0.1490569482826436 0.3318519451310507 -0.0009131993212648406 -0.122677791896686
8.734 0.1467322771824591 0.2071906798597731 0.1476450583474636 0.3298403828620651 -0.0009127811650044634 -0.1226497030022921
8.736 0.1454350795272393 0.2051543149937847 0.1463474428231245 0.3277759419607617 -0.0009123632958852458 -0.122621626966977
8.738 0.1442519186394566 0.2030705649267819 0.145163864353101 0.325664128708695 -0.0009119457136443532 -0.1225935637819132
8.74 0.1431824615921055 0.2009446139645086 0.1440939900101248 0.3235101274027893 -0.0009115284180192495 -0.1225655134382806
8.742 0.1422263157186347 0.1987813500662203 0.1431374271273824 0.3213188259934882 -0.0009111114087477017 -0.1225374759272678
8.744 0.1413830598846754 0.1965853916375368 0.1422937545702432 0.3190948428776079 -0.0009106946855677749 -0.1225094512400711
8.746 0.1406522715675194 0.1943611151128861 0.1415625498157372 0.3168425544807811 -0.000910278248217834 -0.122481439367895
8.748 0.1400335500908262 0.1921126830479135 0.1409434121872628 0.3145661233498654 -0.0009098620964365432 -0.122453440301952
8.75 0.1395265363347178 0.1898440725145871 0.1404359825646807 0.3122695265480496 -0.0009094462299628639 -0.1224254540334625
8.752 0.13913092920936 0.1875591036530476 0.1400399598578961 0.3099565842067027 -0.0009090306485360579 -0.1223974805536551
8.754 0.1388464991443374 0.1852614682856282 0.1397551144962331 0.3076309881393946 -0.0009086153518956838 -0.1223695198537664
8.756 0.1386730988078856 0.1829547585397226 0.1395812991476672 0.3052963304647635 -0.0009082003397815967 -0.1223415719250409
8.758 0.1386106712302629 0.1806424954593804 0.1395184568421968 0.3029561322181117 -0.0009077856119339501 -0.1223136367587313
8.76 0.1386592554647868 0.1783281576114347 0.13956662663288 0.3006138719575326 -0.0009073711680931926 -0.122285714346098
8.762 0.1388189898785707 0.1760152097101054 0.1397259468865708 0.2982730143885149 -0.0009069570080000706 -0.1222578046784095
8.764 0.1390901131232153 0.173707131296037 0.1399966562546109 0.2959370390429795 -0.0009065431313956251 -0.1222299077469424
8.766 0.1394729627935598 0.1714074455118501 0.140379092331581 0.2936094690548313 -0.0009061295380211928 -0.1222020235429812
8.768 0.139967971740261 0.1691197480156369 0.1408736879678794 0.291293900073455 -0.000905716227618405 -0.1221741520578181
8.77 0.1405756619595155 0.166847736067348 0.1414809651594447 0.2889940293501015 -0.0009053031999291883 -0.1221462932827536
8.772 0.1412966359405157 0.1645952378106494 0.1422015263952115 0.2867136850197453 -0.0009048904546957629 -0.1221184472090959
8.774 0.1421315653087101 0.1623662417529456 0.1430360433003708 0.2844568555811068 -0.0009044779916606428 -0.1220906138281612
8.776 0.1430811765606197 0.1601649264193823 0.1439852423711863 0.282227719550656 -0.0009040658105666347 -0.1220627931312736
8.778 0.1441462336441612 0.1579956901222481 0.145049887555318 0.2800306752320132 -0.0009036539111568397 -0.1220349851097652
8.78 0.1453275170980659 0.1558631807429229 0.1462307593912406 0.2778703704978987 -0.0009032422931746502 -0.1220071897549758
8.782 0.1466257994257608 0.1537723253698384 0.1475286303821245 0.2757517324280917 -0.0009028309563637515 -0.1219794070582533
8.784 0.1480418163438974 0.1517283595714073 0.1489442362443656 0.2736799965823606 -0.0009024199004681198 -0.1219516370109533
8.786 0.1495762335159277 0.1497368560054044 0.1504782426411597 0.2716607356098437 -0.0009020091252320234 -0.1219238796044393
8.788 0.1512296083582301 0.1478037519757669 0.1521312069886301 0.2696998868058498 -0.0009015986304000211 -0.1218961348300829
8.79 0.1530023464929921 0.1459353754430725 0.153903534908709 0.2678037781223356 -0.0009011884157169628 -0.1218684026792631
8.792 0.1548946524223694 0.1441384688741879 0.1557954309032974 0.2659791520175551 -0.0009007784809279873 -0.1218406831433671
8.794 0.1569064740155925 0.1424202101807143 0.1578068428413711 0.2642331863945042 -0.0009003688257785244 -0.1218129762137899
8.796 0.1590374404403762 0.1407882298439865 0.1599373998903905 0.2625735117259207 -0.0008999594500142933 -0.1217852818819342
8.798 0.1612867932370726 0.1392506231584512 0.1621863435904539 0.2610082232976617 -0.0008995503533813009 -0.1217576001392105
8.8 0.1636533103361082 0.1378159563465428 0.164552451871734 0.2595458873235801 -0.0008991415356258438 -0.1217299309770373
8.802 0.1661352229626203 0.1364932651115822 0.1670339559591148 0.2581955394984229 -0.0008987329964945067 -0.1217022743868407
8.804 0.1687301255647334 0.1352920440060957 0.1696284503004675 0.2569666743661503 -0.0008983247357341611 -0.1216746303600547
8.806 0.1714348791521543 0.1342222248096009 0.1723327959052463 0.2558692236977219 -0.0008979167530919675 -0.121646998888121
8.808 0.1742455087463432 0.1332941419441944 0.1751430177946586 0.2549135219066835 -0.0008975090483153712 -0.1216193799624891
8.81 0.177157096028592 0.1325184828228596 0.1780541976497441 0.2541102563974758 -0.0008971016211521063 -0.1215917735746163
8.812 0.1801636687332623 0.1319062209426187 0.1810603632046125 0.2534704006585863 -0.0008966944713501923 -0.1215641797159676
8.814 0.183258088869352 0.131468529525618 0.18415437646801 0.2530051279036338 -0.0008962875986579337 -0.1215365983780158
8.816 0.1864319424605555 0.1312166736018272 0.1873278234633795 0.2527257031540687 -0.0008958810028239215 -0.1215090295522414
8.818 0.1896754341613786 0.1311618786465049 0.1905709088449756 0.2526433518766376 -0.0008954746835970321 -0.1214814732301327
8.82 0.1929772908137152 0.1313151742653567 0.1938723594544416 0.2527691036685423 -0.0008950686407264244 -0.1214539294031856
8.822 0.196324678723461 0.1316872119906705 0.1972193415974226 0.2531136100535742 -0.0008946628739615444 -0.1214263980629037
8.824 0.1997031401185131 0.132288057040045 0.2005973975015652 0.2536869362408435 -0.0008942573830521196 -0.1213988792007985
8.826 0.2030965548397699 0.1331269549154062 0.2039904070075181 0.254498327723795 -0.0008938521677481621 -0.1213713728083889
8.828 0.2064871337465475 0.1342120749908419 0.2073805809743475 0.2555559538680437 -0.0008934472277999678 -0.1213438788772018
8.83 0.209855450507484 0.1355502347425875 0.2107484930704421 0.256866632141359 -0.0008930425629581136 -0.1213163973987714
8.832 0.2131805183087207 0.1371466099779733 0.2140731564816942 0.2584355383426134 -0.0008926381729734604 -0.12128892836464
8.834 0.2164399174551284 0.139004438257507 0.2173321515127255 0.2602659100238643 -0.0008922340575971502 -0.1212614717663573
8.836 0.219609978790111 0.1411247245779154 0.2205018090066916 0.262358752173396 -0.0008918302165806061 -0.1212340275954806
8.838 0.2226660262558144 0.1435059601616414 0.2235574529054899 0.2647125560052163 -0.0008914266496755341 -0.1212065958435749
8.84 0.225582679736062 0.1461438667169968 0.2264737030926959 0.2673230432192098 -0.0008910233566339193 -0.121179176502213
8.842 0.2283342165956118 0.1490311796088384 0.2292248369328198 0.2701829491718135 -0.0008906203372080274 -0.1211517695629751
8.844 0.2308949871371928 0.1521574838203784 0.2317852047283432 0.2732818588378275 -0.0008902175911504058 -0.121124375017449
8.846 0.2332398756960509 0.1555091162135193 0.2341296908142647 0.2766061090707497 -0.0008898151182138794 -0.1210969928572304
8.848 0.2353447955050812 0.159069146270649 0.2362342084232328 0.2801387693445713 -0.0008894129181515537 -0.1210696230739223
8.85 0.2371872020705868 0.1628174451498004 0.2380762130613036 0.2838597108089357 -0.0008890109907168131 -0.1210422656591353
8.852 0.238746606917838 0.1667308495236816 0.2396352162535013 0.2877457701281694 -0.0008886093356633198 -0.1210149206044878
8.854 0.2400050715216609 0.1707834224258637 0.2408932794744059 0.2917710103274693 -0.0008882079527450151 -0.1209875879016056
8.856 0.2409476603198202 0.1749468084284818 0.2418354671615363 0.2959070759706038 -0.0008878068417161169 -0.120960267542122
8.858 0.2415628321316705 0.1791906752615307 0.2424502381340016 0.3001236347792088 -0.0008874060023311216 -0.1209329595176781
8.86 0.2418427511750725 0.1834832288681628 0.2427297566094173 0.3043888926880851 -0.0008870054343448027 -0.1209056638199223
8.862 0.2417835021523728 0.1877917843153322 0.242670107289885 0.3086701647558429 -0.0008866051375122089 -0.1208783804405107
8.864 0.2413851983753172 0.1920833713688067 0.2422714034869059 0.3129344807399135 -0.0008862051115886667 -0.1208511093711068
8.866 0.2406519772949511 0.1963253512486656 0.2415377826512809 0.3171492018520474 -0.0008858053563297785 -0.1208238506033818
8.868 0.2395918836651533 0.200486020332967 0.2404772895366447 0.3212826244619811 -0.0008854058714914206 -0.1207966041290141
8.87 0.2382166464124095 0.2045351774488087 0.2391016530692393 0.3253045473884987 -0.0008850066568297464 -0.12076936993969
8.872 0.2365413606253437 0.2084446337958169 0.2374259683374449 0.3291867818229199 -0.0008846077121011829 -0.120742148027103
8.874 0.234584090492331 0.2121886482446604 0.2354682995293935 0.3329035866276145 -0.0008842090370624316 -0.1207149383829541
8.876 0.2323654121898967 0.2157442753850167 0.2332492228213672 0.3364320163839687 -0.0008838106314704694 -0.1206877409989521
8.878 0.2299079174825407 0.2190916188375346 0.2307913299776233 0.3397521747043474 -0.0008834124950825445 -0.1206605558668128
8.88 0.227235699110679 0.2222139875473406 0.2281187137383351 0.3428473705256003 -0.0008830146276561805 -0.1206333829782597
8.882 0.2243738380306087 0.2250979576356144 0.2252564550595579 0.3457041799606383 -0.000882617028949173 -0.1206062223250239
8.884 0.2213479104501898 0.2277333465724784 0.2222301301489094 0.3483124204713221 -0.0008822196987195901 -0.1205790738988437
8.886 0.2181835296721987 0.2301131097201689 0.2190653523089244 0.3506650474116337 -0.000881822636725773 -0.1205519376914649
8.888 0.2149059343388931 0.2322331715660283 0.2157873601816195 0.352757985260669 -0.0008814258427263331 -0.1205248136946407
8.89 0.2115396310809986 0.234092205213129 0.2124206603974788 0.3545899071132609 -0.0008810293164801547 -0.1204977019001319
8.892 0.2081080960898963 0.235691374000348 0.2089887291476427 0.3561619763000545 -0.0008806330577463929 -0.1204706022997065
8.894 0.2046335369713213 0.2370340486270661 0.2055137740376057 0.3574775635122062 -0.0008802370662844732 -0.1204435148851401
8.896 0.2011367135495119 0.2381255120413007 0.202016554891366 0.358541951689516 -0.0008798413418540913 -0.1204164396482153
8.898 0.1976368141557773 0.2389726628044901 0.1985162600399925 0.3593620393852128 -0.000879445884215214 -0.1203893765807227
8.9 0.1941513823766189 0.239583725855334 0.1950304330697469 0.3599460515297936 -0.000879050693128076 -0.1203623256744596
8.902 0.1906962882259141 0.2399679777200355 0.1915749439942673 0.3603032646412668 -0.0008786557683531833 -0.1203352869212313
8.904 0.1872857371852721 0.2401354913857687 0.1881639982949234 0.3604437516986188 -0.0008782611096513087 -0.12030826031285
8.906 0.1839323104468142 0.2400969043638593 0.1848101771635977 0.3603781502049949 -0.0008778667167834954 -0.1202812458411355
8.908 0.1806470299030396 0.2398632119813218 0.1815245024925507 0.3601174554792367 -0.0008774725895110542 -0.1202542434979149
8.91 0.1774394418739341 0.2394455866869186 0.1783165206015296 0.359672839961941 -0.0008770787275955625 -0.1202272532750225
8.912 0.1743177141621156 0.2388552231503346 0.1751943992929144 0.3590554983146346 -0.0008766851307988669 -0.1202002751643001
8.914 0.1712887417122027 0.2381032081620171 0.1721650335110858 0.3582765173196138 -0.000876291798883081 -0.1201733091575967
8.916 0.1683582568673794 0.2372004137860898 0.16923415559899 0.3573467690328584 -0.0008758987316105834 -0.1201463552467686
8.918 0.1655309409218237 0.2361574118523326 0.1664064468505677 0.3562768252760123 -0.0008755059287440214 -0.1201194134236797
8.92 0.1628105343305278 0.234984407664074 0.1636856477205741 0.3550768913442748 -0.0008751133900463063 -0.1200924836802008
8.922 0.1601999435410162 0.2336911907165518 0.1610746646562968 0.3537567567247619 -0.0008747211152806163 -0.1200655660082101
8.924 0.1577013429425468 0.2322871002356328 0.1585756720467572 0.3523257606352261 -0.0008743291042103948 -0.1200386603995933
8.926 0.1553162708836449 0.2307810034335059 0.1561902082402443 0.3507927702797489 -0.0008739373565993497 -0.120011766846243
8.928 0.1530457190893925 0.2291812845139916 0.1539192649616039 0.349166169854051 -0.0008735458722114539 -0.1199848853400594
8.93 0.1508902151206364 0.2274958426273804 0.1517633697714474 0.3474538585003301 -0.0008731546508109445 -0.1199580158729498
8.932 0.1488498977634984 0.2257320971581055 0.1497226614556607 0.3456632555949342 -0.0008727636921623223 -0.1199311584368287
8.934 0.1469245854275594 0.2238969989172118 0.1477969584235897 0.3438013119408296 -0.0008723729960303519 -0.1199043130236179
8.936 0.1451138377729471 0.2219970459975942 0.1459858203351272 0.3418745256228407 -0.0008719825621800604 -0.1198774796252465
8.938 0.1434170108870154 0.2200383032269848 0.1442886032773922 0.3398889614606355 -0.000871592390376739 -0.1198506582336507
8.94 0.1418333063983503 0.2180264243182789 0.1427045088787363 0.3378502731590529 -0.0008712024803859404 -0.119823848840774
8.942 0.1403618149560641 0.2159666759672638 0.1412326277880376 0.3357637274058308 -0.0008708128319734796 -0.119797051438567
8.944 0.139001554520627 0.2138639632823581 0.1398719779655325 0.3336342293013457 -0.0008704234449054332 -0.1197702660189876
8.946 0.1377515039144685 0.2117228560499823 0.1386215382334167 0.3314663486239833 -0.0008700343189481402 -0.119743492574001
8.948 0.1366106320702384 0.2095476154435377 0.1374802775241066 0.3292643465391169 -0.0008696454538681994 -0.1197167310955792
8.95 0.1355779233948466 0.2073422208736861 0.1364471802442791 0.3270322024493879 -0.0008692568494324713 -0.1196899815757018
8.952 0.1346523996413417 0.2051103967544666 0.1355212681467498 0.3247736407608219 -0.0008688685054080758 -0.1196632440063553
8.954 0.1338331386504504 0.202855639025241 0.1347016190720128 0.3224921574047744 -0.0008684804215623938 -0.1196365183795334
8.956 0.1331192902905141 0.2005812413230304 0.1339873828881772 0.3201910460102675 -0.0008680925976630656 -0.1196098046872372
8.958 0.1325100898900196 0.1982903207452501 0.1333777949234976 0.3178734236667246 -0.0008677050334779906 -0.1195831029214744
8.96 0.1320048694220466 0.1959858431807319 0.1328721871508219 0.3155422562549924 -0.0008673177287753268 -0.1195564130742604
8.962 0.1316030666648512 0.1936706482172915 0.1324699973481747 0.313200383354909 -0.0008669306833234924 -0.1195297351376175
8.964 0.1313042325282265 0.1913474736586347 0.1321707764251176 0.3108505427622096 -0.0008665438968911616 -0.119503069103575
8.966 0.1311080367014075 0.1890189797031579 0.1319741940706548 0.3084953946673273 -0.000866157369247269 -0.1194764149641694
8.968 0.1310142717449461 0.1866877728517923 0.1318800428451071 0.3061375455632367 -0.0008657711001610045 -0.1194497727114444
8.97 0.131022855716405 0.1843564296233109 0.1318882408058068 0.3037795719607617 -0.0008653850894018169 -0.1194231423374507
8.972 0.1311338333876147 0.1820275201626279 0.1319988327243541 0.301424043996874 -0.0008649993367394113 -0.1193965238342461
8.974 0.1313473760795437 0.1797036318323687 0.1322119899214874 0.2990735490262642 -0.0008646138419437492 -0.1193699171938955
8.976 0.1316637801092398 0.1773873928787578 0.1325280087140249 0.2967307152872285 -0.0008642286047850485 -0.1193433224084707
8.978 0.1320834638117049 0.1750814962609973 0.1329473074367386 0.2943982357310482 -0.0008638436250337835 -0.1193167394700509
8.98 0.1326069630676571 0.1727887237288216 0.1334704219701178 0.2920788920995437 -0.0008634589024606831 -0.1192901683707221
8.982 0.1332349252357537 0.1705119702241737 0.1340979996725904 0.2897755793267511 -0.0008630744368367321 -0.1192636091025773
8.984 0.1339681013548893 0.1682542686711584 0.1348307915828225 0.2874913303288752 -0.0008626902279331698 -0.1192370616577169
8.986 0.1348073364483721 0.1660188152027247 0.1356696427238936 0.2852293412309726 -0.0008623062755214901 -0.1192105260282479
8.988 0.1357535577273298 0.1638089948515276 0.1366154803067033 0.2829929970578121 -0.0008619225793734415 -0.1191840022062845
8.99 0.1368077604556114 0.161628407706241 0.1376692995948724 0.2807858978901889 -0.0008615391392610255 -0.119157490183948
8.992 0.137970991202738 0.1594808955026052 0.1388321471576945 0.2786118854559717 -0.0008611559549564973 -0.1191309899533665
8.994 0.1392443281760215 0.157370568578386 0.1401051012022539 0.2764750700850614 -0.0008607730262323665 -0.1191045015066755
8.996 0.1406288582881737 0.1553018330733588 0.1414892486410351 0.2743798579093756 -0.0008603903528613937 -0.1190780248360169
8.998 0.1421256505832714 0.1532794181980439 0.142985658517888 0.2723309781315841 -0.0008600079346165938 -0.1190515599335401
9 0.1437357256139146 0.1513084033259437 0.1445953513851858 0.270333510117345 -0.0008596257712712315 -0.1190251067914013
9.002 0.1454600203368968 0.1493942445831433 0.1463192641994957 0.2683929099849068 -0.0008592438625988257 -0.1189986654017635
9.004 0.1472993480759532 0.14754280051507 0.1481582102843263 0.266515036271867 -0.0008588622083731457 -0.118972235756797
9.006 0.1492543530917178 0.1457603563008155 0.150112833900086 0.2647061741494942 -0.0008584808083682117 -0.1189458178486787
9.008 0.1513254593038566 0.1440536458607777 0.1521835589662149 0.2629730575303704 -0.0008580996623582956 -0.1189194116695927
9.01 0.1535128127325744 0.1424298710631255 0.1543705315026923 0.2613228882748554 -0.0008577187701179183 -0.1188930172117299
9.012 0.1558162172723976 0.1408967170778725 0.1566735554038195 0.2597633515451607 -0.0008573381314218527 -0.1188666344672883
9.014 0.1582350634855176 0.1394623627564462 0.1590920212315627 0.2583026261849187 -0.0008569577460451203 -0.1188402634284725
9.016 0.160768250211532 0.1381354847318067 0.1616248278252949 0.2569493888193011 -0.0008565776137629921 -0.1188139040874944
9.018 0.1634140989439202 0.1369252537427942 0.1642702966782712 0.2557128101793667 -0.0008561977343509885 -0.1187875564365725
9.02 0.1661702611277957 0.1358413214936058 0.1670260792353806 0.2546025419615384 -0.0008558181075848795 -0.1187612204679325
9.022 0.1690336187963415 0.1348937961738679 0.1698890575295822 0.2536286923476745 -0.0008554387332406817 -0.1187348961738066
9.024 0.1720001792937885 0.1340932045980048 0.1728552389048831 0.2528017881444391 -0.000855059611094662 -0.1187085835464343
9.026 0.1750649652356759 0.1334504387909551 0.1759196459765993 0.2521327213690167 -0.0008546807409233331 -0.1186822825780616
9.028 0.1782219013365277 0.1329766847698567 0.1790762034590312 0.2516326780307984 -0.000854302122503457 -0.1186559932609417
9.03 0.1814637002923173 0.1326833312712957 0.1823176240479293 0.2513130468586301 -0.0008539237556120416 -0.1186297155873344
9.032 0.1847817505339911 0.1325818562788357 0.1856352961740175 0.2511853058283421 -0.000853545640026342 -0.1186034495495065
9.034 0.1881660093559883 0.1326836894457741 0.1890191771315122 0.2512608845855057 -0.00085316777552386 -0.1185771951397316
9.036 0.1916049056505431 0.1330000489151633 0.1924576958124254 0.2515510012654534 -0.000852790161882344 -0.1185509523502901
9.038 0.1950852572097996 0.1335417516445297 0.1959376700086794 0.2520664728179992 -0.000852412798879787 -0.1185247211734695
9.04 0.1985922082481776 0.1343189971735047 0.199444243934472 0.2528174987750683 -0.0008520356862944286 -0.1184985016015636
9.042 0.2021091933894253 0.1353411258479474 0.20296085221333 0.2538134194748209 -0.0008516588239047533 -0.1184722936268735
9.044 0.2056179347817561 0.1366163538398652 0.2064692169932456 0.2550624510815721 -0.0008512822114894902 -0.1184460972417069
9.046 0.209098479169037 0.1381514888651082 0.2099493850178646 0.2565714013034865 -0.0008509058488276134 -0.1184199124383783
9.048 0.2125292815642709 0.1399516322613754 0.2133798112999692 0.2583453714705845 -0.000850529735698341 -0.1183937392092091
9.05 0.2158873415561901 0.1420198749784333 0.2167374954280712 0.2603874525249606 -0.000850153871881135 -0.1183675775465273
9.052 0.2191483971498339 0.1443569969467459 0.2199981754069897 0.2626984243894137 -0.0008497782571557014 -0.1183414274426678
9.054 0.2222871793419852 0.1469611810909386 0.2231365822332871 0.2652764699809109 -0.0008494028913019881 -0.1183152888899723
9.056 0.2252777283442306 0.1498277547724208 0.2261267561183308 0.2681169166532101 -0.0008490277741001882 -0.1182891618807893
9.058 0.2280937695210328 0.1529489724896769 0.2289424224263635 0.2712120188971507 -0.0008486529053307349 -0.1182630464074738
9.06 0.2307091438032647 0.1563138540394401 0.2315574220880389 0.2745507965018279 -0.0008482782847743056 -0.1182369424623878
9.062 0.2330982837353598 0.1599080918686646 0.2339461876475717 0.2781189419065647 -0.0008479039122118192 -0.1182108500379001
9.064 0.2352367226495505 0.1637140398879903 0.2360842524369749 0.2818988090143762 -0.0008475297874244353 -0.1181847691263859
9.066 0.2371016210262992 0.167710793505009 0.2379487769364928 0.2858694932252364 -0.0008471559101935561 -0.1181586997202274
9.068 0.2386722912242122 0.1718743670982397 0.239519073504513 0.2900070089100532 -0.0008467822803008246 -0.1181326418118135
9.07 0.2399306997741675 0.1761779707264861 0.2407771086716956 0.2942845661200258 -0.0008464088975281233 -0.1181065953935397
9.072 0.2408619256233722 0.1805923828053626 0.2417079613850298 0.2986729432631708 -0.0008460357616575768 -0.1180805604578083
9.074 0.2414545532964341 0.1850864101386237 0.2423002161689056 0.3031409471356519 -0.0008456628724715484 -0.1180545369970282
9.076 0.2417009820032303 0.1896274214916216 0.242546272232983 0.3076559464952366 -0.0008452902297526419 -0.118028525003615
9.078 0.2415976352143661 0.1941819362928902 0.2424425530476498 0.3121844607628815 -0.0008449178332837007 -0.1180025244699913
9.08 0.2411450599383799 0.1987162464779267 0.2419896056212277 0.3166927818665125 -0.0008445456828478058 -0.1179765353885858
9.082 0.2403479105256149 0.2031970472930691 0.2411920843038432 0.3211476050449035 -0.0008441737782282791 -0.1179505577518343
9.084 0.239214817843807 0.2075920522772185 0.2400586199630157 0.3255166438293977 -0.0008438021192086798 -0.1179245915521792
9.086 0.2377581506202317 0.2118705686970535 0.2386015813258045 0.3297692054791229 -0.0008434307055728051 -0.1178986367820693
9.088 0.2359936811331242 0.2160040123186191 0.2368367406702289 0.3338767057525796 -0.0008430595371046908 -0.1178726934339604
9.09 0.2339401718374378 0.2199663442960591 0.2347828604510264 0.3378131057963738 -0.0008426886135886092 -0.1178467615003147
9.092 0.2316189026176952 0.2237344177714665 0.2324612205525042 0.3415552587450676 -0.0008423179348090708 -0.1178208409736011
9.094 0.2290531600097713 0.2272882270659287 0.2298951075103221 0.3450831589122239 -0.0008419475005508233 -0.1177949318462952
9.096 0.2262677099131453 0.230611057647603 0.2271092872237442 0.348380091758482 -0.0008415773105988494 -0.117769034110879
9.098 0.2232882741522688 0.2336895399803792 0.2241294815170072 0.3514326877402205 -0.0008412073647383692 -0.1177431477598413
9.1 0.2201410289783533 0.2365136145559597 0.2209818666411081 0.3542308873416372 -0.0008408376627548393 -0.1177172727856775
9.102 0.2168521405381781 0.2390764186728884 0.217692608742612 0.3567678278537779 -0.0008404682044339503 -0.1176914091808895
9.104 0.2134473488058582 0.2413741077438459 0.2142874477954198 0.3590396646818317 -0.0008400989895616297 -0.1176655569379858
9.106 0.2099516077989315 0.2434056250871627 0.2107913378168555 0.3610453411366443 -0.0008397300179240394 -0.1176397160494816
9.108 0.206388786359697 0.2451724343793177 0.2072281476490046 0.3627863208872162 -0.0008393612893075757 -0.1176138865078984
9.11 0.2027814305904187 0.2466782283653349 0.2036204233939176 0.3642662966710996 -0.0008389928034988703 -0.1175880683057647
9.112 0.1991505863339117 0.2479286262280309 0.1999892108941966 0.3654908876636461 -0.000838624560284788 -0.1175622614356152
9.114 0.1955156779662964 0.2489308704020014 0.1963539345257488 0.3664673362919926 -0.0008382565594524277 -0.1175364658899912
9.116 0.1918944382306748 0.2496935317705975 0.1927323270314639 0.3672042134320381 -0.0008378888007891227 -0.1175106816614407
9.118 0.1883028828606206 0.2502262302642873 0.189140404144703 0.3677111390068052 -0.0008375212840824377 -0.1174849087425179
9.12 0.1847553232565875 0.2505393760163065 0.1855924772657077 0.3679985231420906 -0.0008371540091201722 -0.1174591471257842
9.122 0.1812644104018256 0.2506439345205057 0.182101197377516 0.3680773313243124 -0.0008367869756903566 -0.1174333968038067
9.124 0.1778412034484469 0.2505512177368532 0.1786776236320281 0.3679588755060127 -0.0008364201835812546 -0.1174076577691595
9.126 0.1744952568801127 0.2502727018335782 0.175331310512694 0.3676546318480014 -0.0008360536325813621 -0.1173819300144232
9.128 0.171234720782891 0.2498198712489021 0.1720704081053704 0.3671760847810869 -0.0008356873224794055 -0.1173562135321848
9.13 0.1680664494634058 0.2492040879896016 0.1689017707164701 0.3665345963046394 -0.0008353212530643433 -0.1173305083150378
9.132 0.1649961143877693 0.2484364845364455 0.1658310698118947 0.3657412988920276 -0.0008349554241253657 -0.1173048143555821
9.134 0.162028318132582 0.2475278783690684 0.1628629079680339 0.3648070100154927 -0.000834589835451892 -0.1172791316464243
9.136 0.1591667067128154 0.2464887059232996 0.1600009311996489 0.363742166103477 -0.0008342244868335734 -0.1172534601801773
9.138 0.1564140782613778 0.2453289737212275 0.1572479376394381 0.3625567736706881 -0.0008338593780602904 -0.1172277999494605
9.14 0.1537724865703045 0.2440582244381587 0.1546059810792267 0.3612603753850585 -0.000833494508922154 -0.1172021509468998
9.142 0.1512433384616016 0.2426855157653911 0.1520764683408111 0.3598620289305186 -0.0008331298792095043 -0.1171765131651275
9.144 0.1488274843382612 0.241219410071085 0.1496602498269741 0.3583702966678673 -0.0008327654887129104 -0.1171508865967823
9.146 0.1465253015760809 0.2396679730345154 0.1473577029133041 0.3567932442690249 -0.0008324013372231709 -0.1171252712345096
9.148 0.1443367706629153 0.2380387796176298 0.1451688080874466 0.3551384466885906 -0.0008320374245313133 -0.1170996670709608
9.15 0.1422615441813911 0.2363389259311117 0.1430932179318197 0.3534130000299058 -0.0008316737504285921 -0.1170740740987941
9.152 0.140299008870861 0.2345750457412618 0.1411303191855675 0.3516235380519357 -0.0008313103147064914 -0.117048492310674
9.154 0.1384483411035418 0.232753330543886 0.1392792882206985 0.3497762522431572 -0.0008309471171567218 -0.1170229216992712
9.156 0.1367085561755685 0.230879552298682 0.1375391403331397 0.3478769145559452 -0.000830584157571222 -0.1169973622572632
9.158 0.1350785518515682 0.2289590880692187 0.1359087732873103 0.3459309020465522 -0.000830221435742158 -0.1169718139773336
9.16 0.1335571466183211 0.2269969459495446 0.134387005569783 0.343943222801717 -0.000829858951461922 -0.1169462768521724
9.162 0.1321431131036782 0.2249977917788895 0.1329726098082013 0.3419185426533656 -0.0008294967045231333 -0.1169207508744761
9.164 0.1308352071045946 0.2229659762501388 0.1316643417993132 0.3398612122870864 -0.0008291346947186373 -0.1168952360369476
9.166 0.1296321926471113 0.2209055621080863 0.1304609655689528 0.3377752944403822 -0.000828772921841505 -0.1168697323322959
9.168 0.12853286347389 0.2188203512107251 0.129361274859575 0.3356645909639618 -0.000828411385685034 -0.1168442397532368
9.17 0.1275360613230634 0.2167139112915743 0.1283641114091062 0.3335326695840662 -0.0008280500860427457 -0.116818758292492
9.172 0.1266406913279246 0.2145896023154787 0.127468380350633 0.3313828902582685 -0.0008276890227083882 -0.1167932879427898
9.174 0.1258457348315253 0.2124506023655755 0.1266730630270012 0.3292184310624404 -0.0008273281954759337 -0.1167678286968649
9.176 0.1251502598739457 0.2102999330357567 0.1259772274780853 0.3270423135832147 -0.0008269676041395786 -0.116742380547458
9.178 0.1245534295740111 0.208140484332574 0.1253800368225049 0.3248574278198906 -0.0008266072484937436 -0.1167169434873166
9.18 0.1240545085917024 0.2059750391142845 0.1248807557200355 0.3226665566234787 -0.0008262471283330743 -0.1166915175091942
9.182 0.1236528678225676 0.2038062971126052 0.12447875506602 0.3204723997184558 -0.0008258872434524379 -0.1166661026058505
9.184 0.1233479874412925 0.2016368985959796 0.1241735150349394 0.3182775973660316 -0.0008255275936469271 -0.116640698770052
9.186 0.123139458378207 0.1994694477424996 0.1239646265569189 0.3160847537370704 -0.0008251681787118556 -0.1166153059945708
9.188 0.1230269822797052 0.1973065357956529 0.1238517912781479 0.3138964600678389 -0.0008248089984427614 -0.116589924272186
9.19 0.1230103699712622 0.1951507640775646 0.1238348200238976 0.3117153176732472 -0.0008244500526354046 -0.1165645535956826
9.192 0.1230895384098201 0.1930047669327752 0.1239136297509059 0.309543960890627 -0.0008240913410857664 -0.1165391939578518
9.194 0.1232645060805474 0.1908712346699855 0.1240882389441375 0.3073850800214768 -0.0008237328635900513 -0.1165138453514913
9.196 0.1235353867613291 0.1887529365599911 0.1243587613812738 0.305241444329396 -0.0008233746199446847 -0.1164885077694049
9.198 0.1239023815465809 0.1866527439353177 0.1247253981565272 0.3031159251397206 -0.0008230166099463127 -0.1164631812044029
9.2 0.1243657689902667 0.1845736534194666 0.1251884278236585 0.3010115190687681 -0.000822658833391804 -0.1164378656493015
9.202 0.1249258931962979 0.1825188102913813 0.1257481944863761 0.2989313713883047 -0.0008223012900782461 -0.1164125610969234
9.204 0.1255831496529335 0.1804915319633016 0.1264050936327364 0.296878799503399 -0.0008219439798029481 -0.1163872675400974
9.206 0.1263379685770012 0.1784953315159648 0.1271595554793647 0.2948573164876235 -0.000821586902363439 -0.1163619849716588
9.208 0.1271907955040678 0.176533941193888 0.1280120255616252 0.2928706545783367 -0.0008212300575574675 -0.1163367133844486
9.21 0.1281420688329077 0.1746113357146008 0.1289629422780907 0.2909227884859154 -0.0008208734451830016 -0.1163114527713145
9.212 0.1291921940081406 0.1727317551871749 0.1300127110731789 0.2890179583122852 -0.0008205170650382299 -0.1162862031251104
9.214 0.1303415140050499 0.1708997273670132 0.1311616749219714 0.2871606918057091 -0.000820160916921558 -0.1162609644386959
9.216 0.1315902757671041 0.169120088894766 0.1324100807677357 0.2853558255997034 -0.0008198050006316116 -0.1162357367049374
9.218 0.1329385922425771 0.1673980050757382 0.1337580415585444 0.2836085249924453 -0.000819449315967234 -0.1162105199167071
9.22 0.1343863996742345 0.1657389876527177 0.135205493536962 0.2819243017196013 -0.0008190938627274874 -0.1161853140668836
9.222 0.1359334098196552 0.1641489099087745 0.1367521484603668 0.280309029057126 -0.0008187386407116515 -0.1161601191483515
9.224 0.1375790568227597 0.162634018308641 0.1383974404724789 0.2787689534626428 -0.0008183836497192233 -0.1161349351540018
9.226 0.1393224385255903 0.161200939747919 0.1401404674151402 0.2773107018246504 -0.0008180288895499173 -0.1161097620767313
9.228 0.1411622521080355 0.1598566833319623 0.1419799264680391 0.2759412832414058 -0.0008176743600036653 -0.1160845999094434
9.23 0.1430967240780187 0.158608635454547 0.1439140441388994 0.2746680840995944 -0.0008173200608806151 -0.1160594486450473
9.232 0.1451235348128402 0.15746454679549 0.1459405008048213 0.2734988550719486 -0.0008169659919811316 -0.1160343082764586
9.234 0.1472397380792613 0.1564325097147649 0.1480563502323671 0.2724416885113635 -0.0008166121531057954 -0.1160091787965987
9.236 0.14944167624104 0.1555209243989796 0.1502579347850954 0.271504984597375 -0.0008162585440554033 -0.1159840601983955
9.238 0.1517248922033327 0.1547384520269758 0.1525407973679637 0.2706974045017586 -0.0008159051646309678 -0.1159589524747828
9.24 0.1540840395446677 0.1540939531822364 0.1548995915593014 0.2700278088009369 -0.000815552014633716 -0.1159338556187005
9.242 0.1565127927476427 0.1535964097700597 0.1573279918415078 0.2695051793931546 -0.0008151990938650905 -0.1159087696230949
9.244 0.1590037599541285 0.1532548288192627 0.1598186063562553 0.2691385233001807 -0.0008148464021267494 -0.115883694480918
9.246 0.1615484012259374 0.1530781267863698 0.1623628951651579 0.2689367569714979 -0.0008144939392205634 -0.1158586301851281
9.248 0.1641369558672506 0.1530749933597643 0.1649510975721992 0.268908570088454 -0.0008141417049486195 -0.1158335767286897
9.25 0.1667583829321864 0.1532537343054556 0.1675721726312996 0.2690622684100287 -0.0008137896991132168 -0.1158085341045732
9.252 0.1694003195584323 0.1536220936247589 0.1702137574799492 0.2694055959305139 -0.0008134379215168695 -0.115783502305755
9.254 0.1720490621850567 0.1541870562181866 0.172862148557019 0.2699455375434045 -0.0008130863719623044 -0.1157584813252179
9.256 0.1746895759701916 0.1549546333684675 0.175502311020444 0.270688104524418 -0.0008127350502524611 -0.1157334711559505
9.258 0.177305537752727 0.1559296346508635 0.1781179217089175 0.271638106441811 -0.0008123839561904933 -0.1157084717909475
9.26 0.1798794176301278 0.1571154313107543 0.1806914507197076 0.272798914533964 -0.0008120330895797655 -0.1156834832232097
9.262 0.1823926035852553 0.1585137176521742 0.1832042860354792 0.2741722230979181 -0.0008116824502238556 -0.1156585054457439
9.264 0.1848255725311249 0.160124278463583 0.1856369045690514 0.2757578169151459 -0.0008113320379265534 -0.1156335384515629
9.266 0.1871581096202727 0.1619447718493559 0.1879690914727646 0.2775533540830416 -0.0008109818524918599 -0.1156085822336857
9.268 0.1893695756860576 0.1639705378969677 0.1901802075797816 0.279554174682105 -0.000810631893723988 -0.1155836367851372
9.27 0.191439220289662 0.1661944442370247 0.1922495024510894 0.281753146335973 -0.0008102821614273619 -0.1155587020989484
9.272 0.1933465351357095 0.1686067795949404 0.1941564677911161 0.2841405577630964 -0.0008099326554066159 -0.115533778168156
9.274 0.1950716397444235 0.1711952057599842 0.1958812231198901 0.2867040707457874 -0.0008095833754665958 -0.1155088649858032
9.276 0.1965956884319583 0.1739447769207298 0.1974049227533707 0.2894287394656686 -0.0008092343214123569 -0.1154839625449388
9.278 0.1979012850964298 0.1768380330102631 0.1987101705894789 0.2922971038488809 -0.0008088854930491653 -0.1154590708386178
9.28 0.198972890297889 0.1798551706260875 0.1997814271880715 0.2952893604859886 -0.0008085368901824972 -0.1154341898599011
9.282 0.1997972039059751 0.1829742913820927 0.2006053924185931 0.2983836109839483 -0.0008081885126180366 -0.1154093196018556
9.284 0.2003635063772605 0.1861717234450183 0.2011713467374222 0.3015561835025726 -0.0008078403601616788 -0.1153844600575542
9.286 0.2006639426467689 0.1894224078118747 0.2014714350793884 0.3047820190319505 -0.0008074924326195269 -0.1153596112200758
9.288 0.2006937347020759 0.1927003369452378 0.2015008794318738 0.3080351100277429 -0.0008071447297978931 -0.1153347730825051
9.29 0.2004513120636887 0.1959790300546457 0.201258109315192 0.3112889756925786 -0.0008067972515032981 -0.1153099456379329
9.292 0.1999383534141952 0.1992320269128028 0.2007448034117377 0.3145171557922586 -0.0008064499975424702 -0.1152851288794559
9.294 0.1991597371929215 0.2024333808595885 0.1999658401606439 0.3176937036597652 -0.000806102967722346 -0.1152603228001767
9.296 0.1981234037288897 0.2055581317012815 0.1989291598907398 0.3207936590944854 -0.0008057561618500707 -0.115235527393204
9.298 0.1968401360268622 0.2085827405497428 0.1976455456065952 0.3237934832013949 -0.000805409579732995 -0.1152107426516521
9.3 0.1953232702790332 0.2114854711338944 0.1961283335002119 0.3266714397025361 -0.0008050632211786782 -0.1151859685686417
9.302 0.1935883502480673 0.2142467055070825 0.1943930673340622 0.3294079106443814 -0.0008047170859948861 -0.1151612051372989
9.304 0.191652741657109 0.2168491860479549 0.1924571128310986 0.331985638398711 -0.0008043711739895903 -0.1151364523507561
9.306 0.189535223548187 0.2192781798545174 0.190339249033158 0.3343898900566689 -0.0008040254849709697 -0.1151117102021514
9.308 0.1872555732698131 0.2215215657131621 0.1880592532885605 0.336608544397791 -0.0008036800187474084 -0.1150869786846289
9.31 0.1848341604659508 0.2235698474874451 0.1856374952410783 0.3386321052787836 -0.0008033347751274971 -0.1150622577913384
9.312 0.1822915633738517 0.2254161007907826 0.1830945531277717 0.3404536483062185 -0.0008029897539200317 -0.1150375475154359
9.314 0.1796482181512743 0.2270558620446587 0.1804508631062083 0.3420687098947418 -0.000802644954934013 -0.115012847850083
9.316 0.1769241091056208 0.2284869704321426 0.1777264094835994 0.3434751292205899 -0.0008023003779786472 -0.1149881587884473
9.318 0.1741385048283456 0.2297093738667774 0.1749404608512089 0.3446728541904797 -0.0008019560228633453 -0.1149634803237023
9.32 0.171309742548767 0.2307249100010849 0.1721113544381648 0.345663722450112 -0.0008016118893977216 -0.1149388124490272
9.322 0.1684550606594789 0.2315370726297349 0.1692563286368705 0.3464512277873421 -0.0008012679773915967 -0.1149141551576071
9.324 0.1655904774222375 0.2321507727522704 0.1663914017088925 0.3470402811949036 -0.0008009242866549931 -0.1148895084426332
9.326 0.1627307123798325 0.2325721022009489 0.1635312931968306 0.347436974498251 -0.000800580816998138 -0.1148648722973021
9.328 0.1598891459725898 0.2328081062504951 0.1606893835408213 0.3476483529653117 -0.0008002375682314622 -0.1148402467148166
9.33 0.1570778122508389 0.2328665701257603 0.1578777067910045 0.3476822018141454 -0.0007998945401655986 -0.1148156316883851
9.332 0.1543074193307703 0.2327558229001827 0.1551069710633817 0.3475468501114048 -0.0007995517326113839 -0.1147910272112221
9.334 0.1515873922914262 0.2324845609960063 0.1523866014368061 0.3472509942725538 -0.0007992091453798574 -0.1147664332765475
9.336 0.148925933483208 0.2320616923939934 0.1497248002614902 0.3468035422715808 -0.00079886677828226 -0.1147418498775874
9.338 0.1463300956465206 0.2314962017523791 0.1471286202776506 0.3462134787599525 -0.0007985246311300358 -0.1147172770075734
9.34 0.1438058637628737 0.2307970359217584 0.1446040464666085 0.3454897505815016 -0.0007981827037348295 -0.1146927146597432
9.342 0.1413582421294452 0.2299730088124453 0.1421560831253537 0.3446411716397853 -0.0007978409959084882 -0.11466816282734
9.344 0.1389913437231887 0.2290327242035882 0.1397888432306518 0.3436763457072011 -0.0007974995074630607 -0.1146436215036129
9.346 0.136708479473672 0.227984514855508 0.1375056377118828 0.3426036055373249 -0.0007971582382107957 -0.1146190906818169
9.348 0.1345122455737972 0.2268363961727607 0.1353090627617614 0.3414309665279732 -0.0007968171879641433 -0.1145945703552125
9.35 0.1324046074139082 0.2255960326413388 0.133201083770444 0.3401660931584051 -0.0007964763565357547 -0.1145700605170662
9.352 0.1303869791217455 0.2242707153071166 0.131183114865484 0.3388162764677668 -0.0007961357437384801 -0.1145455611606502
9.354 0.1284602980260043 0.2228673486541652 0.1292560933753896 0.3373884209334077 -0.0007957953493853712 -0.1145210722792425
9.356 0.1266250936385205 0.2213924453649835 0.1274205488118102 0.3358890392311101 -0.0007954551732896781 -0.1144965938661266
9.358 0.1248815509735227 0.2198521275871278 0.1256766661887876 0.3343242535017198 -0.0007951152152648513 -0.114472125914592
9.36 0.1232295681967179 0.2182521334809657 0.1240243436718424 0.3326998018988995 -0.0007947754751245408 -0.1144476684179339
9.362 0.1216688087295637 0.2165978279744002 0.1224632446822463 0.3310210493438533 -0.0007944359526825946 -0.1144232213694531
9.364 0.1201987480310621 0.2148942167968913 0.1209928446788152 0.3292930015593475 -0.00079409664775306 -0.1143987847624562
9.366 0.1188187153459316 0.2131459630023784 0.1196124729060818 0.3275203215926341 -0.0007937575601501834 -0.1143743585902556
9.368 0.1175279307506436 0.2113574053172739 0.118321349440332 0.3257073481634432 -0.000793418689688408 -0.1143499428461693
9.37 0.1163255378521876 0.2095325777643867 0.11711861788837 0.3238581152879078 -0.0007930800361823768 -0.1143255375235211
9.372 0.1152106325021808 0.2076752301151554 0.1160033741016277 0.3219763727307956 -0.0007927415994469286 -0.1143011426156402
9.374 0.114182287885461 0.2057888488120284 0.1149746912647581 0.3200656069278903 -0.0007924033792971011 -0.114276758115862
9.376 0.1132395763303964 0.2038766780807968 0.1140316417059445 0.3181290620983239 -0.0007920653755481292 -0.114252384017527
9.378 0.1123815881697157 0.2019417410191555 0.1131733157577312 0.3161697613331375 -0.0007917275880154436 -0.114228020313982
9.38 0.1116074479582929 0.1999868605045551 0.1123988379748076 0.3141905275031341 -0.0007913900165146729 -0.114203666998579
9.382 0.1109163283293663 0.1980146798126557 0.111707380990228 0.3121940038773315 -0.000791052660861642 -0.1141793240646758
9.384 0.1103074617438678 0.1960276828774343 0.1110981772647401 0.3101826743830702 -0.0007907155208723714 -0.1141549915056359
9.386 0.1097801503602451 0.1940282141571558 0.1105705289566081 0.3081588834719843 -0.0007903785963630786 -0.1141306693148285
9.388 0.1093337742248481 0.1920184980979793 0.1101238161119983 0.3061248555836077 -0.0007900418871501754 -0.1141063574856284
9.39 0.1089677979557023 0.1900006582087244 0.1097575033487526 0.3040827142201403 -0.0007897053930502702 -0.114082056011416
9.392 0.1086817760659683 0.1879767357779788 0.1094711451798485 0.3020345006635561 -0.0007893691138801668 -0.1140577648855773
9.394 0.1084753570475549 0.1859487082789386 0.1092643900970118 0.2999821923804427 -0.0007890330494568625 -0.1140334841015041
9.396 0.1083482863100275 0.1839185075176743 0.109136983509625 0.2979277211702679 -0.0007886971995975509 -0.1140092136525937
9.398 0.1083004080454012 0.1818880375882192 0.1090887696095208 0.2958729911204682 -0.0007883615641196197 -0.113984953532249
9.4 0.1083316660653694 0.1798591927034793 0.1091196922082101 0.293819896437358 -0.0007880261428406504 -0.1139607037338787
9.402 0.1084421036337238 0.1778338749735165 0.1092297945693022 0.2917703392244133 -0.0007876909355784186 -0.1139364642508968
9.404 0.1086318622932978 0.1758140122034805 0.1094192182354487 0.2897262472802036 -0.0007873559421508937 -0.1139122350767231
9.406 0.108901179663225 0.1738015757824234 0.1096882008256012 0.2876895919872064 -0.0007870211623762386 -0.1138880162047831
9.408 0.1092503861586837 0.1717985987302678 0.1100370727547565 0.2856624063587754 -0.0007866865960728098 -0.1138638076285076
9.41 0.1096799005613817 0.1698071939642781 0.1104662528044408 0.2836468033056113 -0.000786352243059156 -0.1138396093413332
9.412 0.1101902243445512 0.1678295728382195 0.1109762424477052 0.2816449941749214 -0.0007860181031540192 -0.113815421336702
9.414 0.1107819346313367 0.1658680639956449 0.1115676188075131 0.2796593076037066 -0.0007856841761763342 -0.1137912436080617
9.416 0.1114556756399206 0.1639251325640131 0.1122410261018658 0.2776922087128786 -0.000785350461945227 -0.1137670761488655
9.418 0.1122121484425932 0.162003399698084 0.1129971654028732 0.2757463186506563 -0.0007850169602800171 -0.1137429189525723
9.42 0.1130520988395479 0.1601056624576045 0.1138367825105481 0.273824434470251 -0.0007846836710002142 -0.1137187720126464
9.422 0.1139763031216365 0.1582349139760853 0.114760653715562 0.271929549298643 -0.0007843505939255203 -0.1136946353225577
9.424 0.1149855514699418 0.1563943638433221 0.1157695691988176 0.2700648727191039 -0.0007840177288758292 -0.1136705088757818
9.426 0.1160806287148337 0.154587458582901 0.1168643137905049 0.2682338512487005 -0.0007836850756712246 -0.1136463926657994
9.428 0.1172622921538242 0.152817902056725 0.1180456447879561 0.2664401887428224 -0.000783352634131982 -0.1136222866860973
9.43 0.1185312461071426 0.1510896755707647 0.1193142665112212 0.2646878665009322 -0.0007830204040785668 -0.1135981909301675
9.432 0.1198881128744568 0.1494070573881799 0.1206708012597884 0.2629811627796872 -0.0007826883853316348 -0.1135741053915074
9.434 0.1213333997473927 0.1477746412771944 0.1221157563251047 0.2613246713408146 -0.0007823565777120324 -0.1135500300636202
9.436 0.1228674617327168 0.1461973536311131 0.1236494867137576 0.2597233185711276 -0.0007820249810407949 -0.1135259649400145
9.438 0.1244904596538736 0.1446804685955749 0.1252721532490128 0.2581823786097792 -0.000781693595139148 -0.1135019100142043
9.44 0.1262023133273536 0.1432296205239643 0.1269836757471821 0.2567074858036736 -0.0007813624198285067 -0.1134778652797093
9.442 0.1280026495591582 0.1418508129566831 0.1287836810140886 0.2553046436867376 -0.0007810314549304741 -0.1134538307300544
9.444 0.1298907447810184 0.140550423184661 0.1306714454812852 0.2539802295434314 -0.0007807007002668433 -0.1134298063587703
9.446 0.1318654622510679 0.139335201315167 0.1326458324067275 0.25274099347456 -0.0007803701556595963 -0.113405792159393
9.448 0.1339251838849795 0.1382122626130108 0.1347052237059104 0.2515940507384747 -0.0007800398209309015 -0.113381788125464
9.45 0.1360677369679874 0.1371890717481384 0.1368474466638906 0.2505468659986687 -0.0007797096959031181 -0.1133577942505302
9.452 0.1382903162310334 0.1362734174501334 0.1390696960114322 0.2496072279782775 -0.0007793797803987906 -0.1133338105281441
9.454 0.1405894020603034 0.1354733759621562 0.141368452134544 0.2487832129140198 -0.000779050074240653 -0.1133098369518636
9.456 0.1429606759530772 0.1347972616148045 0.1437393965303288 0.2480831351300565 -0.0007787205772516265 -0.113285873515252
9.458 0.1453989347345758 0.1342535628212126 0.1461773260238306 0.2475154830330906 -0.0007783912892548185 -0.113261920211878
9.46 0.1478980055075609 0.1338508618483013 0.1486760677176344 0.2470888388836172 -0.0007780622100735242 -0.113237977035316
9.462 0.1504506638121542 0.1335977368671285 0.1512283971516854 0.246811780846274 -0.0007777333395312258 -0.1132140439791455
9.464 0.1530485580130645 0.1335026450518479 0.1538259626905161 0.2466927660887994 -0.0007774046774515905 -0.1131901210369516
9.466 0.1556821434826577 0.1335737859056404 0.1564592197063162 0.2467399941079652 -0.0007770762236584738 -0.1131662082023248
9.468 0.1583406306810986 0.1338189445645482 0.1591173786590745 0.2469612500334092 -0.000776747977975915 -0.113142305468861
9.47 0.1610119517062009 0.1342453155832917 0.1617883716464291 0.2473637284134532 -0.0007764199402281411 -0.1131184128301615
9.472 0.1636827502455144 0.1348593086484542 0.164458842355754 0.2479538389282872 -0.0007760921102395637 -0.113094530279833
9.474 0.1663384000494078 0.1356663387884383 0.1671141645372426 0.248736996599926 -0.0007757644878347797 -0.1130706578114877
9.476 0.168963056991785 0.1366706049334058 0.1697384940646235 0.2497174003521489 -0.000775437072838571 -0.1130467954187431
9.478 0.171539749425091 0.1378748620768648 0.1723148592901668 0.2508978051720869 -0.0007751098650759055 -0.113022943095222
9.48 0.1740505108057551 0.1392801937332582 0.1748252936701271 0.252279294567811 -0.0007747828643719333 -0.1129991008345527
9.482 0.1764765574184152 0.1408857927766675 0.1772510134889672 0.2538610614070365 -0.0007744560705519914 -0.112975268630369
9.484 0.1787985124368663 0.1426887599634824 0.1795726419203079 0.255640206439792 -0.000774129483441599 -0.1129514464763096
9.486 0.1809966755390027 0.1446839303465408 0.1817704786418692 0.25761156471256 -0.0007738031028664605 -0.1129276343660191
9.488 0.1830513348998126 0.1468637382334251 0.1838248118284651 0.2597675705265725 -0.0007734769286524638 -0.1129038322931473
9.49 0.1849431157282475 0.1492181311860741 0.1857162666888732 0.2620981714374233 -0.0007731509606256792 -0.1128800402513492
9.492 0.1866533567517262 0.1517345426879555 0.1874261819503386 0.2645908009222406 -0.000772825198612361 -0.1128562582342851
9.494 0.1881645033956896 0.1543979314518388 0.1889370030381286 0.2672304176874598 -0.0007724996424389473 -0.112832486235621
9.496 0.1894605040939902 0.1571908929025143 0.1902326783859222 0.2699996171515422 -0.0007721742919320567 -0.1128087242490279
9.498 0.1905271944500743 0.1600938452224921 0.1912990435969928 0.2728788174906743 -0.0007718491469184927 -0.1127849722681822
9.5 0.1913526530803123 0.1630852886605896 0.1921241772875375 0.2758465189473553 -0.0007715242072252392 -0.1127612302867657
9.502 0.1919275130881765 0.1661421328174542 0.192698712560856 0.2788796311159198 -0.0007711994726794636 -0.1127374982984656
9.504 0.1922452143391837 0.1692400826458309 0.1930160892822922 0.281953858942805 -0.0007708749431085143 -0.1127137762969741
9.506 0.192302184025407 0.1723540702781067 0.1930727346437469 0.2850441345540958 -0.0007705506183399209 -0.112690064275989
9.508 0.1920979363026513 0.1754587168501887 0.1928681628008527 0.288125079079402 -0.0007702264982013959 -0.1126663622292134
9.51 0.191635085823253 0.178528806513067 0.1924049884057738 0.2911714766634224 -0.0007699025825208311 -0.1126426701503554
9.512 0.1909192744552791 0.1815397540092673 0.1916888533264054 0.2941587420423961 -0.0007695788711263004 -0.1126189880331288
9.514 0.1899590150056422 0.1844680476220106 0.1907282703694883 0.2970633634932629 -0.0007692553638460583 -0.1125953158712523
9.516 0.1887654599747829 0.1872916509363996 0.1895343920352915 0.2998633045948497 -0.0007689320605085389 -0.1125716536584501
9.518 0.1873521069260063 0.1899903495225601 0.1881207158869487 0.3025383509110117 -0.0007686089609423572 -0.1125480013884516
9.52 0.1857344546926773 0.1925460320985146 0.1865027407576536 0.3050703911535063 -0.0007682860649763088 -0.1125243590549917
9.522 0.1839296262151578 0.1949428996338358 0.1846975895875972 0.3074436262856459 -0.0007679633724393672 -0.1125007266518101
9.524 0.1819559742537738 0.1971675998735203 0.1827236151369345 0.3096447040461724 -0.0007676408831606876 -0.1124771041726521
9.526 0.1798326856319366 0.199209288571999 0.1806000042289062 0.3116627801832673 -0.0007673185969696027 -0.1124534916112682
9.528 0.1775793981821882 0.2010596220629259 0.1783463946958839 0.31348951102434 -0.0007669965136956252 -0.1124298889614141
9.53 0.1752158424148955 0.2027126884616461 0.1759825170480639 0.3151189846784969 -0.0007666746331684473 -0.1124062962168508
9.532 0.1727615173529446 0.2041648866979683 0.1735278703081625 0.3165476000693127 -0.0007663529552179382 -0.1123827133713444
9.534 0.1702354072230498 0.2054147636858581 0.171001438702724 0.3177739041045244 -0.0007660314796741466 -0.1123591404186664
9.536 0.1676557429838084 0.206462820304215 0.1684214531901757 0.3187983976568084 -0.0007657102063672995 -0.1123355773525934
9.538 0.1650398101807152 0.2073112965902341 0.165805199315843 0.3196233207571412 -0.0007653891351278012 -0.1123120241669072
9.54 0.1624038024740247 0.2079639457687825 0.163168870739811 0.3202524266241775 -0.0007650682657862343 -0.112288480855395
9.542 0.1597627184577079 0.208425805605409 0.1605274660558813 0.320690753017258 -0.0007647475981733582 -0.112264947411849
9.544 0.1571302981035443 0.2087029742194353 0.1578947252356644 0.320944398049502 -0.0007644271321201102 -0.1122414238300667
9.546 0.1545189943083238 0.2088023960554412 0.1552831011757814 0.321020306159292 -0.0007641068674576054 -0.1122179101038508
9.548 0.1519399745538233 0.2087316622902957 0.1527037613578405 0.3209260685173048 -0.0007637868040171337 -0.1121944062270091
9.55 0.1494031475479125 0.2084988286274867 0.1501666144895426 0.3206697408208414 -0.0007634669416301634 -0.1121709121933548
9.552 0.146917209835057 0.208112252253249 0.1476803571151853 0.320259680249955 -0.0007631472801283386 -0.112147427996706
9.554 0.1444897076774533 0.2075804487293995 0.1452525354967968 0.3197044023602857 -0.0007628278193434794 -0.1121239536308862
9.556 0.1421271099505775 0.2069119687864308 0.1428896185096851 0.3190124578761547 -0.0007625085591075826 -0.112100489089724
9.558 0.1398348883155537 0.2061152943528752 0.1405970778148065 0.3181923287199282 -0.0007621894992528192 -0.112077034367053
9.56 0.1376176014806149 0.205198752699332 0.1383794721202264 0.3172523421560443 -0.0007618706396115374 -0.1120535894567123
9.562 0.1354789809097733 0.2041704472670111 0.1362405328897895 0.3162006016195569 -0.0007615519800162602 -0.1120301543525458
9.564 0.1334220158550488 0.203038203568112 0.1341832493753485 0.3150449326165148 -0.0007612335202996847 -0.1120067290484028
9.566 0.1314490360623878 0.2018095284648121 0.1322099513226825 0.3137928420029498 -0.0007609152602946841 -0.1119833135381377
9.568 0.1295617909207392 0.2004915811320695 0.1303223881205735 0.3124514889476793 -0.0007605971998343061 -0.1119599078156098
9.57 0.1277615241856905 0.1990911540667292 0.1285218035244423 0.3110276659414132 -0.0007602793387517718 -0.1119365118746839
9.572 0.1260490437132585 0.1976146626037328 0.1268090053901389 0.3095277883129626 -0.0007599616768804779 -0.1119131257092297
9.574 0.1244247858884001 0.1960681415246102 0.1251844301024541 0.3079578908377323 -0.0007596442140539935 -0.1118897493131221
9.576 0.1228888746319 0.1944572474825702 0.123648201582006 0.3063236301628111 -0.000759326950106063 -0.1118663826802409
9.578 0.1214411750241034 0.1927872661131887 0.122200184908974 0.3046302919176602 -0.0007590098848706041 -0.1118430258044715
9.58 0.1200813416998398 0.1910631228429 0.1208400347180215 0.3028828015226038 -0.0007586930181817064 -0.1118196786797038
9.582 0.1188088622527054 0.1892893965448848 0.1195672386025791 0.3010857378447181 -0.000758376349873634 -0.1117963412998333
9.584 0.1176230959439599 0.1874703353204341 0.1183811558237407 0.2992433489791944 -0.000758059879780824 -0.1117730136587603
9.586 0.1165233080462823 0.185609873800955 0.1172810516540202 0.2973595695513453 -0.0007577436077378851 -0.1117496957503903
9.588 0.1155087001708732 0.183711651471394 0.1162661277044528 0.2954380390400279 -0.0007574275335795997 -0.1117263875686339
9.59 0.114578436931252 0.1817790316094409 0.1153355485883929 0.2934821207168476 -0.0007571116571409212 -0.1117030891074067
9.592 0.1137316692918353 0.1798151205165525 0.1144884652700923 0.2914949208771819 -0.000756795978256976 -0.1116798003606294
9.594 0.1129675549369105 0.1778227867875578 0.1137240354336736 0.2894793081097857 -0.0007564804967630618 -0.1116565213222279
9.596 0.1122852759782301 0.1758046804265591 0.1130414411907247 0.2874379324126921 -0.000756165212494648 -0.111633251986133
9.598 0.1116840542983588 0.1737632516680714 0.1124399044236462 0.2853732440143519 -0.0007558501252873757 -0.1116099923462805
9.6 0.1111631648040503 0.1717007694056287 0.1119187000390274 0.2832875118022403 -0.0007555352349770571 -0.1115867423966115
9.602 0.1107219468401313 0.169619339166676 0.111477167381531 0.281182841297748 -0.0007552205413996749 -0.111563502131072
9.604 0.1103598139901474 0.1675209206022424 0.1111147200345388 0.2790611921458553 -0.0007549060443913831 -0.111540271543613
9.606 0.1100762624662797 0.1654073444846033 0.1108308542100682 0.2769243951127938 -0.0007545917437885055 -0.1115170506281905
9.608 0.1098708782680339 0.1632803292267204 0.1106251559074615 0.2747741686054862 -0.0007542776394275367 -0.1114938393787658
9.61 0.1097433432668968 0.1611414969533854 0.1104973069980419 0.2726121347426903 -0.0007539637311451423 -0.1114706377893049
9.612 0.1096934403530566 0.1589923891672063 0.1104470903718347 0.2704398350209852 -0.0007536500187781559 -0.111447445853779
9.614 0.1097210577601663 0.1568344820637332 0.1104743942623299 0.2682587456298975 -0.0007533365021635822 -0.1114242635661643
9.616 0.1098261926649596 0.1546692015581157 0.1105792158460982 0.2660702924785577 -0.000753023181138595 -0.111401090920442
9.618 0.1100089541403437 0.1524979380925382 0.1107616641958842 0.2638758660031365 -0.0007527100555405371 -0.1113779279105983
9.62 0.1102695655231378 0.1503220612993902 0.1110219626483447 0.2616768358300146 -0.0007523971252069211 -0.1113547745306243
9.622 0.1106083662407987 0.1481429345989455 0.1113604506307742 0.2594745653734618 -0.0007520843899754271 -0.1113316307745163
9.624 0.1110258131251133 0.1459619298135099 0.1117775849747972 0.2572704264497853 -0.000751771849683905 -0.1113084966362754
9.626 0.1115224812246632 0.1437804418827656 0.1122739407288336 0.2550658139926735 -0.0007514595041703731 -0.1112853721099079
9.628 0.1120990641117793 0.1415999037661854 0.1128502114650523 0.2528621609556101 -0.000751147353273017 -0.1112622571894247
9.63 0.1127563736634727 0.1394218016193264 0.1135072090603029 0.2506609534881685 -0.0007508353968301911 -0.1112391518688422
9.632 0.113495339279077 0.1372476903312272 0.1142458629137574 0.2484637464734084 -0.0007505236346804177 -0.1112160561421813
9.634 0.1143170064800959 0.1350792095090855 0.1150672185467583 0.2462721795125535 -0.0007502120666623856 -0.111192970003468
9.636 0.1152225348197062 0.1329180999946877 0.1159724355123212 0.2440879934414212 -0.0007499006926149523 -0.1111698934467335
9.638 0.1162131950100442 0.1307662209946183 0.1169627845224214 0.2419130474606319 -0.0007495895123771413 -0.1111468264660136
9.64 0.1172903651551061 0.128625567901708 0.1180396436808943 0.2397493369570574 -0.0007492785257881441 -0.1111237690553494
9.642 0.1184555259552776 0.1264982908791784 0.1192044936879649 0.2375990120879649 -0.0007489677326873184 -0.1111007212087865
9.644 0.1197102547258519 0.1243867142712949 0.1204589118587661 0.2354643971916708 -0.0007486571329141881 -0.1110776829203758
9.646 0.1210562180468363 0.1222933568932311 0.1218045647731448 0.2333480110774042 -0.0007483467263084443 -0.1110546541841731
9.648 0.1224951628343898 0.1202209532389676 0.1232431993470997 0.2312525882332066 -0.0007480365127099437 -0.111031634994239
9.65 0.1240289055951066 0.1181724756286295 0.1247766320870653 0.2291811009732686 -0.0007477264919587087 -0.1110086253446391
9.652 0.1256593195939744 0.1161511572937817 0.1264067362578693 0.2271367825232254 -0.0007474166638949278 -0.1109856252294437
9.654 0.127388319634725 0.1141605163711288 0.1281354266630839 0.2251231510138573 -0.0007471070283589549 -0.1109626346427285
9.656 0.1292178441176167 0.1122043807406154 0.129964641702808 0.223144034319189 -0.0007467975851913094 -0.1109396535785736
9.658 0.1311498340060132 0.1102869136009545 0.1318963223402458 0.2212035956320188 -0.0007464883342326756 -0.1109166820310643
9.66 0.1331862082993181 0.1084126396238645 0.133932387574642 0.2193063596181552 -0.0007461792753239023 -0.1108937199942907
9.662 0.1353288355770684 0.1065864714663694 0.1360747059853744 0.2174572389287172 -0.0007458704083060034 -0.1108707674623478
9.664 0.1375795011496629 0.1048137363459218 0.1383250628826831 0.2156615607752572 -0.0007455617330201578 -0.1108478244293355
9.666 0.1399398693265124 0.1031002022954319 0.1406851225758201 0.2139250931847904 -0.0007452532493077075 -0.1108248908893585
9.668 0.1424114402947005 0.101452103613053 0.1431563852517106 0.2122540704495795 -0.0007449449570101599 -0.1108019668365265
9.67 0.1449955010949719 0.09987616490251573 0.1457401379509411 0.2106552171674698 -0.0007446368559691849 -0.1107790522649541
9.672 0.1476930701897799 0.09837962296420642 0.1484373991358065 0.209135770132967 -0.0007443289460266169 -0.1107561471687606
9.674 0.1505048351452929 0.0969702456439562 0.1512488563723174 0.2077034971860265 -0.0007440212270244539 -0.1107332515420703
9.676 0.1534310830019685 0.09565634657593133 0.1541747967007733 0.2063667119549435 -0.0007437136988048563 -0.1107103653790122
9.678 0.1564716229927305 0.09444679456955386 0.1572150293539406 0.2051342832432742 -0.0007434063612101489 -0.1106874886737203
9.68 0.1596257013908581 0.09335101619097533 0.160368800604941 0.2040156376113089 -0.0007430992140828182 -0.1106646214203335
9.682 0.1628919084409198 0.09237898988155524 0.1636347006981853 0.2030207534945507 -0.0007427922572655136 -0.1106417636129954
9.684 0.1662680775532686 0.09154122974617437 0.1670105630438696 0.2021601449920289 -0.0007424854906010475 -0.1106189152458545
9.686 0.1697511772342935 0.09084875694326217 0.1704933561482259 0.2014448332563262 -0.0007421789139323935 -0.1105960763130641
9.688 0.173337196590038 0.09031305642887674 0.1740790691171407 0.200886303237659 -0.0007418725271026885 -0.1105732468087822
9.69 0.1770210256860787 0.08994601666669996 0.177762592016034 0.200496443393872 -0.0007415663299552305 -0.1105504267271721
9.692 0.1807963325752263 0.08975984983591948 0.1815375928975598 0.2002874658983207 -0.0007412603223334789 -0.1105276160624012
9.694 0.1846554394179681 0.08976699007520772 0.1853963939220491 0.20027180488385 -0.0007409545040810554 -0.1105048148086423
9.696 0.1885892008118507 0.08997996742367044 0.1893298496868925 0.2004619903837433 -0.0007406488750417425 -0.1104820229600729
9.698 0.1925868882004953 0.09041125539174479 0.1933272316355548 0.2008704959026197 -0.0007403434350594836 -0.110459240510875
9.7 0.1966360850279691 0.09107309055136802 0.1973761232119475 0.2015095580066037 -0.0007400381839783832 -0.1104364674552357
9.702 0.2007225981024095 0.09197726320937516 0.2014623312240522 0.2023909669967218 -0.000739733121642706 -0.1104137037873467
9.704 0.2048303913826616 0.0931348791502405 0.2055698196305585 0.2035258286516451 -0.0007394282478968778 -0.1103909495014046
9.706 0.2089415490399296 0.09455609362443522 0.2096806726025151 0.2049242982160462 -0.0007391235625854846 -0.110368204591611
9.708 0.2130362750916601 0.09624982022207705 0.2137750941572133 0.2065952892742488 -0.0007388190655532717 -0.1103454690521717
9.71 0.2170929370654641 0.09822341899188622 0.2178314518221093 0.2085461618691841 -0.0007385147566451452 -0.1103227428772978
9.712 0.2210881609294267 0.100482370098957 0.2218263715651329 0.2107823961601621 -0.0007382106357061704 -0.110300026061205
9.714 0.2249969838236025 0.1030299413837057 0.2257348905261841 0.2133072599818194 -0.0007379067025815719 -0.1102773185981137
9.716 0.2287930698595856 0.1058668602723641 0.2295306728167023 0.2161214807546131 -0.000737602957116734 -0.110254620482249
9.718 0.2324489923636077 0.1089910024445112 0.233186291762765 0.2192229341523522 -0.0007372993991571996 -0.110231931707841
9.72 0.2359365834032561 0.1123971112974902 0.2366735794318048 0.2226063635666145 -0.000736996028548671 -0.1102092522691243
9.722 0.2392273482993568 0.1160765633536454 0.2399640411444938 0.2262631455139838 -0.0007366928451370086 -0.1101865821603384
9.724 0.2422929391888021 0.1200171951187762 0.2430293290375704 0.2301811164945037 -0.000736389848768232 -0.1101639213757275
9.726 0.2451056777586129 0.124203206327127 0.2458417647979015 0.2343444762366674 -0.0007360870392885183 -0.1101412699095404
9.728 0.2476391132740419 0.1286151528518423 0.2483748976905861 0.2387337806078732 -0.0007357844165442034 -0.1101186277560309
9.73 0.2498685982964655 0.1332300397516015 0.2506040802768473 0.2433260346610587 -0.0007354819803817803 -0.1100959949094573
9.732 0.2517718613904662 0.1380215210016663 0.2525070411211141 0.248094892365749 -0.0007351797306479009 -0.1100733713640826
9.734 0.2533295540114318 0.1429602075765262 0.2540644316786212 0.2530109646907009 -0.0007348776671893732 -0.1100507571141747
9.736 0.2545257479604839 0.1480140799930311 0.255260323750337 0.2580422321470372 -0.0007345757898531632 -0.1100281521540061
9.738 0.2553483605173311 0.1531489955822282 0.2560826346158175 0.2631545520600822 -0.0007342740984863949 -0.110005556477854
9.74 0.2557894867042627 0.1583292751017195 0.256523459297199 0.2683122451817198 -0.0007339725929363472 -0.1099829700800003
9.742 0.2558456220289178 0.1635183483250619 0.2565792933019683 0.2734787412797935 -0.0007336712730504575 -0.1099603929547317
9.744 0.2555177642660762 0.1686794344183372 0.2562511344047525 0.2786172595146765 -0.0007333701386763193 -0.1099378250963393
9.746 0.2548113889845285 0.1737762306075255 0.2555444581741902 0.2836914971066447 -0.0007330691896616818 -0.1099152664991192
9.748 0.2537363001109098 0.1787735820850189 0.2544690685367642 0.2886662992423911 -0.0007327684258544512 -0.1098927171573722
9.75 0.252306363300317 0.183638107358147 0.2530388311474197 0.2935082844235503 -0.0007324678471026889 -0.1098701770654033
9.752 0.2505391357196741 0.1883387561776705 0.2512713031729287 0.2981864023951933 -0.0007321674532546126 -0.1098476462175228
9.754 0.2484554105871687 0.1928472815083064 0.2491872778313273 0.3026724061163517 -0.0007318672441585959 -0.1098251246080453
9.756 0.2460786981199973 0.1971386123027407 0.2468102653396604 0.3069412245340308 -0.0007315672196631668 -0.1098026122312901
9.758 0.2434346662533875 0.2011911196279808 0.2441659336330045 0.310971228709562 -0.0007312673796170093 -0.1097801090815812
9.76 0.2405505646038217 0.2049867744756323 0.2412815323276906 0.3147443896288796 -0.000730967723868962 -0.1097576151532472
9.762 0.2374546538044785 0.2085112009237454 0.2381853220567465 0.3182463313643669 -0.0007306682522680183 -0.1097351304406214
9.764 0.2341756598067596 0.2117536328528147 0.2349060287714229 0.3214662877908566 -0.000730368964663327 -0.1097126549380419
9.766 0.2307422693566182 0.2147067859183641 0.2314723392175224 0.3243969745582151 -0.0007300698609041899 -0.1096901886398511
9.768 0.2271826789804656 0.2173666588408119 0.2279124499213057 0.327034390381208 -0.0007297709408400643 -0.1096677315403961
9.77 0.2235242058026765 0.2197322792948973 0.2242536780069971 0.3293775629289263 -0.0007294722043205614 -0.109645283634029
9.772 0.2197929646654277 0.2218054098689331 0.2205221383166232 0.3314282547840391 -0.0007291736511954454 -0.109622844915106
9.774 0.2160136125614373 0.2235902288877433 0.2167424878427519 0.3331906442657318 -0.0007288752813146355 -0.1096004153779884
9.776 0.2122091584775816 0.2250929995560234 0.2129377355721098 0.3346709945730652 -0.0007285770945282029 -0.1095779950170417
9.778 0.208400834462231 0.2263217390955207 0.2091291135529173 0.335877322922157 -0.0007282790906863732 -0.1095555838266363
9.78 0.2046080220846025 0.2272858975227877 0.205336003354242 0.3368190793239347 -0.0007279812696395251 -0.109533181801147
9.782 0.2008482274160747 0.2279960536174669 0.2015759110473129 0.3375068425524203 -0.0007276836312381895 -0.1095107889349534
9.784 0.197137097160357 0.228463633603694 0.19786448333569 0.3379520388261334 -0.0007273861753330503 -0.1094884052224394
9.786 0.1934884684977645 0.2287006562099169 0.1942155573995394 0.3381666868679109 -0.0007270889017749445 -0.109466030657994
9.788 0.1899144454920779 0.2287195061487685 0.1906412373024928 0.3381631713847787 -0.0007267918104148609 -0.1094436652360102
9.79 0.1864254954393594 0.2285327367015471 0.1871519903404633 0.3379540456524329 -0.0007264949011039408 -0.1094213089508858
9.792 0.1830305592277413 0.2281529010081046 0.1837567574014348 0.3375518628051281 -0.0007261981736934771 -0.1093989617970235
9.794 0.1797371705533497 0.227592410840614 0.1804630721813846 0.3369690346094441 -0.0007259016280349148 -0.1093766237688301
9.796 0.1765515796389816 0.2268634210544481 0.1772771849029615 0.3362177159151652 -0.0007256052639798507 -0.1093542948607172
9.798 0.1734788778852069 0.2259777375294949 0.174204186966587 0.3353097125965958 -0.0007253090813800323 -0.1093319750671009
9.8 0.1705231206152579 0.224946746206039 0.1712481336953453 0.3342564105884409 -0.0007250130800873594 -0.1093096643824019
9.802 0.1676874457367536 0.2237813607463711 0.1684121629967075 0.3330687235474165 -0.0007247172599538821 -0.1092873628010454
9.804 0.1649741867239333 0.2224919863847396 0.1656986083447651 0.3317570567022008 -0.0007244216208318014 -0.1092650703174612
9.806 0.1623849788194095 0.221088497635275 0.163109104981983 0.3303312845613587 -0.0007241261625734696 -0.1092427869260837
9.808 0.1599208577673155 0.2195802276862683 0.1606446886523469 0.32880074030762 -0.0007238308850313885 -0.1092205126213517
9.81 0.1575823507251703 0.2179759674999058 0.1583058865132285 0.3271742148976143 -0.0007235357880582112 -0.1091982473977085
9.812 0.1553695592664467 0.2162839728430861 0.1560928001379534 0.3254599640926883 -0.0007232408715067408 -0.1091759912496021
9.814 0.1532822345892103 0.2145119776859419 0.1540051807244402 0.323665721857427 -0.0007229461352299294 -0.109153744171485
9.816 0.1513198451969043 0.2126672126112977 0.1520424967759851 0.3217987187691119 -0.0007226515790808803 -0.1091315061578142
9.818 0.1494816374231183 0.2107564270740785 0.1502039946260311 0.3198657042771296 -0.0007223572029128455 -0.109109277203051
9.82 0.1477666892420044 0.2087859145313899 0.1484887522485836 0.3178729718330515 -0.0007220630065792262 -0.1090870573016616
9.822 0.1461739578466382 0.2067615396293322 0.1468957268365718 0.3158263860774486 -0.0007217689899335739 -0.1090648464481163
9.824 0.144702321494729 0.2046887667801043 0.1454237966475586 0.3137314114169946 -0.0007214751528295876 -0.1090426446368903
9.826 0.1433506161208185 0.2025726895934212 0.1440717976159396 0.3115931414558842 -0.0007211814951211167 -0.109020451862463
9.828 0.1421176672005956 0.2004180607401246 0.1428385552172577 0.309416328859443 -0.0007208880166621587 -0.1089982681193184
9.83 0.1410023173293818 0.1982293219236352 0.1417229120466887 0.3072054153255802 -0.0007205947173068592 -0.108976093401945
9.832 0.1400034499467536 0.1960106337186314 0.1407237515436631 0.3049645614234672 -0.000720301596909512 -0.1089539277048357
9.834 0.1391200096047986 0.1937659051073899 0.1398400182601232 0.3026976761298781 -0.0007200086553245606 -0.1089317710224881
9.836 0.1383510191398707 0.1914988226031796 0.1390707350322773 0.3004084459525836 -0.000719715892406594 -0.108909623349404
9.838 0.1376955940689984 0.1892128788994553 0.1384150173770088 0.2981003635795451 -0.0007194233080103516 -0.1088874846800898
9.84 0.1371529544927722 0.1869114010241696 0.1378720853947629 0.295776756033226 -0.000719130901990718 -0.1088653550090564
9.842 0.1367224347471899 0.1845975780111278 0.1374412734213926 0.2934408123419469 -0.0007188386742027267 -0.108843234330819
9.844 0.1364034910082419 0.1822744881263418 0.1371220376327434 0.2910956107662394 -0.0007185466245015585 -0.1088211226398976
9.846 0.1361957070150192 0.1799451257082669 0.1369139617677617 0.2887441456390831 -0.0007182547527425401 -0.1087990199308161
9.848 0.1360987980398198 0.177612427695791 0.1368167610986009 0.2863893538938945 -0.0007179630587811461 -0.1087769261981035
9.85 0.1361126131971643 0.1752792999288986 0.1368302847396373 0.2840341413651913 -0.0007176715424729977 -0.1087548414362927
9.852 0.1362371361477276 0.1729486433143535 0.1369545163514014 0.2816814089542748 -0.0007173802036738622 -0.1087327656399214
9.854 0.1364724842175649 0.1706233799516721 0.1371895732598045 0.2793340787552035 -0.0007170890422396533 -0.1087106988035314
9.856 0.1368189059176609 0.1683064793143955 0.1375357039756873 0.2769951202360648 -0.000716798058026431 -0.1086886409216693
9.858 0.137276776813391 0.1660009845783549 0.1379932840642814 0.2746675765672407 -0.0007165072508904014 -0.1086665919888858
9.86 0.1378465936577963 0.1637100391806509 0.1385628102784842 0.2723545911803872 -0.0007162166206879165 -0.1086445519997362
9.862 0.1385289666665387 0.1614369136816974 0.1392448928338142 0.2700594346304777 -0.0007159261672754734 -0.1086225209487803
9.864 0.1393246097756164 0.1591850329872008 0.1400402456661261 0.2677855318177828 -0.0007156358905097151 -0.108600498830582
9.866 0.1402343286857741 0.1569580039657809 0.1409496744760216 0.2655364896054909 -0.0007153457902474301 -0.1085784856397099
9.868 0.141259006459758 0.154759643471442 0.1419740623261035 0.2633161248421789 -0.0007150558663455511 -0.1085564813707369
9.87 0.1423995864003839 0.1525940067475942 0.1431143525190451 0.2611284927658344 -0.0007147661186611567 -0.1085344860182402
9.872 0.1436570518995039 0.1504654161483518 0.1443715284465554 0.2589779157251535 -0.0007144765470514695 -0.1085124995768016
9.874 0.1450324029108035 0.1483784900637681 0.1457465900621774 0.2568690121047753 -0.0007141871513738573 -0.1084905220410072
9.876 0.1465266286636426 0.146338171876959 0.1472405265951284 0.2548067252824063 -0.0007138979314858319 -0.1084685534054473
9.878 0.1481406762028811 0.1443497587104887 0.1488542850901261 0.2527963523752055 -0.0007136088872450493 -0.1084465936647169
9.88 0.1498754143119869 0.1424189296365239 0.1505887343304962 0.2508435724499389 -0.0007133200185093097 -0.1084246428134151
9.882 0.1517315923559009 0.1405517729289217 0.1524446236810375 0.2489544737750673 -0.0007130313251365575 -0.1084027008461455
9.884 0.1537097935697585 0.1387548118231856 0.1544225363767434 0.2471355795807018 -0.00071274280698488 -0.1083807677575162
9.886 0.1558103823226748 0.1370350281223476 0.1565228367865873 0.245393871664487 -0.0007124544639125086 -0.1083588435421394
9.888 0.158033444906486 0.1353998828427131 0.1587456112022638 0.2437368110373449 -0.0007121662957778179 -0.1083369281946317
9.89 0.1603787234439029 0.1338573329322257 0.1610906017463422 0.24217235464184 -0.0007118783024393255 -0.1083150217096143
9.892 0.1628455425842448 0.1324158429180809 0.1635571330680005 0.2407089669997934 -0.0007115904837556928 -0.1082931240817125
9.894 0.1654327287644269 0.1310843901515298 0.1661440316040127 0.2393556254570858 -0.0007113028395857226 -0.108271235305556
9.896 0.16813852196722 0.129872462119665 0.1688495373370083 0.2381218174954439 -0.0007110153697883617 -0.1082493553757789
9.898 0.1709604801149498 0.1287900440937219 0.1716712081891725 0.2370175283807415 -0.0007107280742226988 -0.1082274842870196
9.9 0.1738953765030943 0.1278475951897719 0.1746058174558423 0.2360532172236926 -0.0007104409527479645 -0.1082056220339208
9.902 0.1769390910137344 0.127056010742058 0.1776492450189579 0.2352397793531876 -0.0007101540052235327 -0.1081837686111295
9.904 0.1800864962592219 0.1264265687482585 0.1807963634907308 0.2345884927615557 -0.0007098672315089177 -0.1081619240132972
9.906 0.1833313402955681 0.1259708580592324 0.1840409209270318 0.2341109462943121 -0.0007095806314637772 -0.1081400882350796
9.908 0.1866661281154848 0.1257006859767251 0.1873754223204327 0.2338189472478618 -0.0007092942049479094 -0.1081182612711367
9.91 0.1900820047762868 0.1256279630197017 0.190791012728108 0.2337244061358345 -0.0007090079518212542 -0.1080964431161328
9.912 0.1935686437259002 0.1257645628541731 0.1942773655978441 0.2338391966189095 -0.0007087218719438931 -0.1080746337647364
9.914 0.1971141446413429 0.1261221557854423 0.197822580606519 0.234174988997063 -0.0007084359651760486 -0.1080528332116207
9.916 0.2007049458537176 0.1267120148184208 0.2014130960850957 0.2347430562698835 -0.0007081502313780836 -0.1080310414514627
9.918 0.2043257571560301 0.1275447941297049 0.2050336218264406 0.235554052608649 -0.0007078646704105028 -0.1080092584789441
9.92 0.2079595194168794 0.128630280885404 0.2086670986990134 0.2366177651741546 -0.0007075792821339503 -0.1079874842887506
9.922 0.211587397878487 0.1299771226888966 0.2122946919448963 0.2379428415644688 -0.0007072940664092113 -0.1079657188755722
9.924 0.2151888162167158 0.1315925345407054 0.215895825239813 0.2395364967748089 -0.0007070090230972114 -0.1079439622341035
9.926 0.2187415382914281 0.1334819910014711 0.2194482624434871 0.241404205360514 -0.0007067241520590158 -0.1079222143590429
9.928 0.2222218039238507 0.1356489111994824 0.2229282433770065 0.243549386444576 -0.0007064394531558301 -0.1079004752450936
9.93 0.2256045239194668 0.1380943463122209 0.2263106788457158 0.2459730911991834 -0.0007061549262489994 -0.1078787448869625
9.932 0.2288635378508113 0.1408166810369258 0.2295694084220113 0.248673704316287 -0.0007058705712000082 -0.1078570232793613
9.934 0.2319719357992859 0.1438113621754032 0.2326775221871564 0.2516466725924087 -0.000705586387870481 -0.1078353104170055
9.936 0.2349024423562206 0.1470706685965537 0.2356077447323427 0.2548842748911688 -0.0007053023761221805 -0.1078136062946152
9.938 0.2376278577942471 0.150583537303962 0.2383328763300641 0.2583754482108764 -0.0007050185358170096 -0.1077919109069145
9.94 0.2401215476040087 0.1543354599360089 0.2408262824708257 0.2621056841846408 -0.0007047348668170094 -0.1077702242486319
9.942 0.2423579677846809 0.1583084626144554 0.2430624191536653 0.2660570089289555 -0.0007044513689843601 -0.1077485463145001
9.944 0.2443132096786105 0.1624811795575419 0.2450173777207919 0.2702080566567979 -0.00070416804218138 -0.1077268770992561
9.946 0.2459655450875185 0.1668290273025387 0.246669429973789 0.2745342439001796 -0.0007038848862705268 -0.1077052165976409
9.948 0.2472959502434347 0.1713244818707935 0.2479995521445491 0.2790080466751935 -0.0007036019011143951 -0.1076835648044
9.95 0.2482885862408583 0.1759374560075575 0.248991905327434 0.2835993777218406 -0.0007033190865757188 -0.1076619217142831
9.952 0.248931213995209 0.1806357680964329 0.2496342504377264 0.2882760554184768 -0.0007030364425173685 -0.1076402873220439
9.954 0.2492155237845735 0.1853856889202998 0.2499182777533758 0.2930043505427402 -0.0007027539688023534 -0.1076186616224404
9.956 0.2491373629172709 0.1901525475904383 0.2498398345825647 0.2977495922006734 -0.0007024716652938207 -0.107597044610235
9.958 0.2486968498476264 0.194901374141689 0.2493990393794814 0.3024768104218831 -0.0007021895318550535 -0.1075754362801942
9.96 0.2478983687916403 0.1995975538648403 0.2486002763599898 0.3071513904919288 -0.0007019075683494729 -0.1075538366270885
9.962 0.2467504451166851 0.2042074676622172 0.2474520708913258 0.3117397133079101 -0.0007016257746406383 -0.1075322456456929
9.964 0.2452655079787268 0.2086990936467406 0.2459668521293191 0.316209756977527 -0.0007013441505922437 -0.1075106633307864
9.966 0.2434595523442156 0.2130425477637172 0.2441606150402837 0.3205316374408695 -0.0007010626960681216 -0.1074890896771523
9.968 0.2413517172125036 0.2172105451448114 0.2420524986234359 0.3246780698243894 -0.0007007814109322401 -0.107467524679578
9.97 0.2389638002157523 0.2211787688226861 0.239664300510801 0.3286247371555412 -0.0007005002950487046 -0.1074459683328551
9.972 0.2363197306308065 0.2249261378902762 0.2370199499790882 0.3323505585220558 -0.0007002193482817562 -0.1074244206317796
9.974 0.2334450231660067 0.2284349727081002 0.2341449617365025 0.3358378542792514 -0.0006999385704957717 -0.1074028815711512
9.976 0.2303662338038809 0.2316910599174326 0.2310658917654362 0.3390724110632067 -0.0006996579615552647 -0.1073813511457742
9.978 0.2271104367260619 0.2346836244546868 0.2278098142473868 0.3420434538051436 -0.0006993775213248839 -0.1073598293504568
9.98 0.2237047382329027 0.2374052192431768 0.2244038354825721 0.3447435354231884 -0.000699097249669414 -0.1073383161800116
9.982 0.2201758399403365 0.2398515456433491 0.2208746570867903 0.3471683572726043 -0.0006988171464537752 -0.1073168116292551
9.984 0.2165496597269339 0.242021219061041 0.2172481969384769 0.3493165347540492 -0.0006985372115430222 -0.1072953156930082
9.986 0.2128510152087028 0.2439154944309292 0.2135492726535051 0.351189322797025 -0.0006982574448023454 -0.1072738283660957
9.988 0.2091033711664518 0.2455379657622226 0.2098013490125488 0.3527903154055694 -0.0006979778460970708 -0.1072523496433468
9.99 0.2053286495002131 0.2468942527456418 0.2060263479155057 0.3541251322652364 -0.0006976984152926576 -0.1072308795195946
9.992 0.2015470980234514 0.2479916857786937 0.2022445171757061 0.3552011037683702 -0.0006974191522547009 -0.1072094179896765
9.994 0.1977772127574516 0.2488389988654332 0.1984743528143005 0.3560269639138671 -0.00069714005684893 -0.1071879650484339
9.996 0.1940357073173204 0.249446037856758 0.1947325684462616 0.3566125585474706 -0.0006968611289412082 -0.1071665206907126
9.998 0.190337522431948 0.24982348955512 0.1910341048003456 0.3569685744664821 -0.0006965823683975334 -0.1071450849113621
10 0.1866958685242882 0.2499826354149612 0.1873921722993723 0.3571062931201975 -0.0006963037750840363 -0.1071236577052364
